2.604049983950549e-17, -0.15761892434230437, 0.987500012500848
2.604049983950549e-17, -0.15761892434230437, 0.987500012500848
2.604049983950549e-17, -0.15761892434230437, 0.987500012500848
2.604049983950549e-17, -0.15761892434230437, 0.987500012500848
2.604049983950549e-17, -0.15761892434230437, 0.987500012500848
-1.0528320873957161e-06, -0.15761892434221922, 0.9875000125003003
0.043300348368893835, -0.151553251314736, 0.9875002237200076
0.11145341023251251, -0.11145341023019532, 0.9875000125041027
0.15155325132106415, -0.04330034837304089, 0.9875002237188546
0.15761892434221797, 1.052840522726069e-06, 0.9875000125003006
0.15761892434230446, 0.0, 0.987500012500848
0.15761892434230446, 0.0, 0.987500012500848
0.15761892434230446, 0.0, 0.987500012500848
0.15761892434230446, 0.0, 0.987500012500848
0.15761892434230446, 0.0, 0.987500012500848
0.15761892434223, -1.0528392434413375e-06, 0.9875000125002986
0.15155325131350725, 0.043300348371168675, 0.9875002237200964
0.11145341023021707, 0.11145341023249446, 0.9875000125041022
0.04330034837237341, 0.1515532513208193, 0.9875002237189213
-1.0528368871251218e-06, 0.15761892434221694, 0.9875000125003007
-2.6040499839505496e-17, 0.15761892434230437, 0.987500012500848
-2.6040499839505496e-17, 0.15761892434230437, 0.987500012500848
-2.6040499839505496e-17, 0.15761892434230437, 0.987500012500848
-2.6040499839505496e-17, 0.15761892434230437, 0.987500012500848
-2.6040499839505496e-17, 0.15761892434230437, 0.987500012500848
1.052836619887918e-06, 0.15761892434221755, 0.9875000125003006
-0.04330034837023222, 0.15155325131380432, 0.9875002237200918
-0.11145341023158747, 0.11145341023112047, 0.9875000125041028
-0.1515532513211695, 0.043300348372190496, 0.9875002237188756
-0.15761892434221822, -1.0528357188307308e-06, 0.9875000125003006
-0.15761892434230457, 0.0, 0.987500012500848
-0.15761892434230457, 0.0, 0.987500012500848
-0.15761892434230457, 0.0, 0.987500012500848
-0.15761892434230457, 0.0, 0.987500012500848
-0.15761892434230457, 0.0, 0.987500012500848
-0.15761892434221603, 1.0528391133525931e-06, 0.9875000125003008
-0.1515532513142618, -0.04330034837001246, 0.9875002237200312
-0.11145341023172745, -0.1114534102309802, 0.9875000125041027
-0.04330034837281712, -0.15155325132102118, 0.9875002237188708
1.0528398581330897e-06, -0.15761892434221078, 0.9875000125003016
3.6710846925375534e-17, -0.22220480558112687, 0.975000012500848
3.6710846925375534e-17, -0.22220480558112687, 0.975000012500848
3.6710846925375534e-17, -0.22220480558112687, 0.975000012500848
3.6710846925375534e-17, -0.22220480558112687, 0.975000012500848
3.6710846925375534e-17, -0.22220480558112687, 0.975000012500848
-1.645612852594243e-06, -0.22220480558083663, 0.9750000124995254
0.05872333093056578, -0.2143061573281949, 0.9749997135054155
0.15712252484350597, -0.15712252481560393, 0.9750000125037803
0.21430615734025868, -0.05872333093662694, 0.9749997135023987
0.22220480558082661, 1.645621985213651e-06, 0.9750000124995276
0.22220480558112668, 0.0, 0.975000012500848
0.22220480558112668, 0.0, 0.975000012500848
0.22220480558112668, 0.0, 0.975000012500848
0.22220480558112668, 0.0, 0.975000012500848
0.22220480558112668, 0.0, 0.975000012500848
0.22220480558083655, -1.6456195246447565e-06, 0.9750000124995253
0.21430615732674224, 0.058723330932504814, 0.974999713505618
0.1571225248158783, 0.15712252484323522, 0.9750000125037798
0.058723330935228885, 0.21430615734014427, 0.974999713502508
-1.645617206528096e-06, 0.22220480558082575, 0.975000012499528
-3.671084692537554e-17, 0.22220480558112687, 0.975000012500848
-3.671084692537554e-17, 0.22220480558112687, 0.975000012500848
-3.671084692537554e-17, 0.22220480558112687, 0.975000012500848
-3.671084692537554e-17, 0.22220480558112687, 0.975000012500848
-3.671084692537554e-17, 0.22220480558112687, 0.975000012500848
1.6456171087867523e-06, 0.22220480558082395, 0.9750000124995282
-0.05872333093157695, 0.2143061573272029, 0.9749997135055726
-0.15712252484236267, 0.157122524816743, 0.975000012503781
-0.2143061573406311, 0.058723330935350794, 0.9749997135023937
-0.22220480558082648, -1.6456154727495039e-06, 0.9750000124995276
-0.22220480558112682, 0.0, 0.975000012500848
-0.22220480558112682, 0.0, 0.975000012500848
-0.22220480558112682, 0.0, 0.975000012500848
-0.22220480558112682, 0.0, 0.975000012500848
-0.22220480558112682, 0.0, 0.975000012500848
-0.22220480558083225, 1.6456193631978567e-06, 0.9750000124995263
-0.21430615732780633, -0.05872333093138714, 0.9749997135054514
-0.15712252481712485, -0.15712252484198508, 0.9750000125037803
-0.05872333093615586, -0.21430615734039596, 0.9749997135023969
1.6456205328588632e-06, -0.22220480558082192, 0.9750000124995286
4.48189164063765e-17, -0.27128163582496245, 0.9625000125008479
4.48189164063765e-17, -0.27128163582496245, 0.9625000125008479
4.48189164063765e-17, -0.27128163582496245, 0.9625000125008479
4.48189164063765e-17, -0.27128163582496245, 0.9625000125008479
4.48189164063765e-17, -0.27128163582496245, 0.9625000125008479
-1.9130148982606377e-06, -0.27128163582446657, 0.9625000124990865
0.06920630097082271, -0.2623113112825786, 0.9624984487671397
0.19182508426148173, -0.1918250842819894, 0.9625000125133937
0.26231131130849145, -0.06920630099437516, 0.962498448758384
0.27128163582446724, 1.9130234088076594e-06, 0.9625000124990866
0.2712816358249625, 0.0, 0.9625000125008479
0.2712816358249625, 0.0, 0.9625000125008479
0.2712816358249625, 0.0, 0.9625000125008479
0.2712816358249625, 0.0, 0.9625000125008479
0.2712816358249625, 0.0, 0.9625000125008479
0.27128163582446446, -1.9130202767211702e-06, 0.9625000124990871
0.2623113112811066, 0.06920630097196592, 0.9624984487674587
0.1918250842823104, 0.1918250842611671, 0.9625000125133925
0.06920630099265171, 0.26231131130851953, 0.9624984487585003
-1.913018299652724e-06, 0.27128163582446346, 0.9625000124990875
-4.4818916406376506e-17, 0.27128163582496245, 0.9625000125008479
-4.4818916406376506e-17, 0.27128163582496245, 0.9625000125008479
-4.4818916406376506e-17, 0.27128163582496245, 0.9625000125008479
-4.4818916406376506e-17, 0.27128163582496245, 0.9625000125008479
-4.4818916406376506e-17, 0.27128163582496245, 0.9625000125008479
1.913018357875841e-06, 0.27128163582447146, 0.9625000124990852
-0.06920630097130039, 0.2623113112816823, 0.9624984487673496
-0.19182508426061326, 0.19182508428285402, 0.9625000125133946
-0.2623113113091143, 0.06920630099318371, 0.9624984487582999
-0.27128163582446524, -1.9130163131124965e-06, 0.9625000124990869
-0.27128163582496306, 0.0, 0.9625000125008478
-0.27128163582496306, 0.0, 0.9625000125008478
-0.27128163582496306, 0.0, 0.9625000125008478
-0.27128163582496306, 0.0, 0.9625000125008478
-0.27128163582496306, 0.0, 0.9625000125008478
-0.2712816358244652, 1.913020102235472e-06, 0.962500012499087
-0.26231131128241253, -0.06920630097104892, 0.9624984487671686
-0.19182508428299344, -0.1918250842604781, 0.9625000125133937
-0.06920630099384145, -0.2623113113088435, 0.9624984487583265
1.913021481548151e-06, -0.27128163582446885, 0.962500012499086
5.158734912244982e-17, -0.31224986188690107, 0.950000012500848
5.158734912244982e-17, -0.31224986188690107, 0.950000012500848
5.158734912244982e-17, -0.31224986188690107, 0.950000012500848
5.158734912244982e-17, -0.31224986188690107, 0.950000012500848
5.158734912244982e-17, -0.31224986188690107, 0.950000012500848
-1.9023275352513666e-06, -0.31224986188633425, 0.9500000124991297
0.07696663931511014, -0.3026267797944777, 0.9499964045109657
0.2207939946178561, -0.22079399467911215, 0.9500000125549107
0.30262678135676724, -0.07696663974533417, 0.9499964039784337
0.31224986188633685, 1.9023347322770789e-06, 0.9500000124991287
0.3122498618869012, 0.0, 0.950000012500848
0.3122498618869012, 0.0, 0.950000012500848
0.3122498618869012, 0.0, 0.950000012500848
0.3122498618869012, 0.0, 0.950000012500848
0.3122498618869012, 0.0, 0.950000012500848
0.31224986188633386, -1.9023314347909876e-06, 0.9500000124991297
0.30262677979309566, 0.07696663931534431, 0.9499964045113869
0.2207939946791888, 0.22079399461778723, 0.9500000125549088
0.07696663974374729, 0.3026267813569159, 0.9499964039785149
-1.9023299094421802e-06, 0.3122498618863387, 0.9500000124991281
-5.1587349122449824e-17, 0.31224986188690107, 0.950000012500848
-5.1587349122449824e-17, 0.31224986188690107, 0.950000012500848
-5.1587349122449824e-17, 0.31224986188690107, 0.950000012500848
-5.1587349122449824e-17, 0.31224986188690107, 0.950000012500848
-5.1587349122449824e-17, 0.31224986188690107, 0.950000012500848
1.9023300719733864e-06, 0.31224986188633125, 0.9500000124991305
-0.07696663931502996, 0.3026267797937581, 0.9499964045112015
-0.22079399461778834, 0.22079399467917413, 0.950000012554912
-0.3026267813576248, 0.07696663974475289, 0.9499964039782076
-0.3122498618863326, -1.9023279420421781e-06, 0.9500000124991301
-0.31224986188690124, 0.0, 0.9500000125008479
-0.31224986188690124, 0.0, 0.9500000125008479
-0.31224986188690124, 0.0, 0.9500000125008479
-0.31224986188690124, 0.0, 0.9500000125008479
-0.31224986188690124, 0.0, 0.9500000125008479
-0.31224986188634035, 1.9023312760728306e-06, 0.9500000124991276
-0.3026267797946258, -0.07696663931463463, 0.9499964045109571
-0.22079399467915448, -0.22079399461780985, 0.9500000125549116
-0.07696663974494018, -0.3026267813573429, 0.9499964039782821
1.9023326566944972e-06, -0.312249861886337, 0.9500000124991287
-0.10558217794650403, -0.331581257403043, 0.9375000125008479
-0.15080804064296116, -0.2898996087410094, 0.9451006040254344
-0.19778930026262304, -0.24482051341856256, 0.9491798085247565
-0.2448205134185592, -0.19778930026262728, 0.9491798085247565
-0.28989960874100623, -0.15080804064296688, 0.9451006040254344
-0.3315812574030408, -0.10558217794651051, 0.9375000125008479
-0.10559406159368409, -0.33158250024447494, 0.9374982344984827
-0.07689627623822377, -0.3394027486475068, 0.9374927929916114
-0.05289507715780914, -0.3439610103567313, 0.9374928981954188
-0.03257573649526618, -0.3464675703651242, 0.9374961568332314
-0.015142263664268088, -0.34765809188205193, 0.9374991002662629
1.6406023797798885e-06, -0.3479852389981296, 0.9375000124995855
5.749125365564429e-17, -0.34798523899859635, 0.9375000125008478
5.749125365564429e-17, -0.34798523899859635, 0.9375000125008478
5.749125365564429e-17, -0.34798523899859635, 0.9375000125008478
5.749125365564429e-17, -0.34798523899859635, 0.9375000125008478
5.749125365564429e-17, -0.34798523899859635, 0.9375000125008478
-1.640598819260389e-06, -0.3479852389981268, 0.9375000124995866
0.015142263664997806, -0.34765809188397173, 0.9374991002655392
0.03257573649450238, -0.3464675703677827, 0.9374961568322754
0.05289507715702782, -0.3439610103590528, 0.9374928981946112
0.0768962762385886, -0.3394027486482715, 0.9374927929913045
0.10559406159490493, -0.3315825002438858, 0.9374982344985536
0.10558217794650147, -0.33158125740304384, 0.9375000125008479
0.15080804064296022, -0.28989960874100795, 0.9451006040254349
0.19778930026262295, -0.24482051341855957, 0.9491798085247574
0.24482051341855932, -0.1977893002626232, 0.9491798085247574
0.2898996087410083, -0.15080804064295977, 0.9451006040254348
0.33158125740304245, -0.10558217794650299, 0.9375000125008481
0.33158250024415037, -0.10559406159387373, 0.9374982344985762
0.3394027486464736, -0.07689627623867124, 0.9374927929919485
0.34396101035537135, -0.052895077158485904, 0.9374928981958796
0.3464675703639513, -0.03257573649562796, 0.9374961568336523
0.34765809188140046, -0.015142263663733673, 0.9374991002665132
0.3479852389981279, 1.6406042723435981e-06, 0.9375000124995863
0.3479852389985956, 0.0, 0.9375000125008481
0.3479852389985956, 0.0, 0.9375000125008481
0.3479852389985956, 0.0, 0.9375000125008481
0.3479852389985956, 0.0, 0.9375000125008481
0.3479852389985956, 0.0, 0.9375000125008481
0.3479852389981251, -1.6406013063431717e-06, 0.9375000124995873
0.3476580918823511, 0.015142263664588098, 0.9374991002661468
0.3464675703652982, 0.032575736495164744, 0.9374961568331706
0.3439610103565789, 0.052895077157620804, 0.9374928981954854
0.3394027486467584, 0.07689627623811085, 0.9374927929918915
0.3315825002438425, 0.10559406159366835, 0.9374982344987083
0.33158125740304, 0.10558217794650741, 0.9375000125008486
0.2898996087410068, 0.15080804064296385, 0.9451006040254346
0.24482051341856123, 0.19778930026262442, 0.9491798085247565
0.19778930026262712, 0.24482051341855934, 0.9491798085247564
0.1508080406429668, 0.2898996087410064, 0.9451006040254343
0.10558217794651172, 0.33158125740303973, 0.9375000125008481
0.10559406159315596, 0.3315825002437958, 0.9374982344987823
0.07689627623752002, 0.3394027486470605, 0.9374927929918306
0.05289507715740839, 0.3439610103571707, 0.9374928981952803
0.03257573649546199, 0.34646757036608344, 0.93749615683287
0.015142263665316314, 0.34765809188287056, 0.9374991002659425
-1.6406002620916497e-06, 0.3479852389981269, 0.9375000124995865
-5.74912536556443e-17, 0.34798523899859635, 0.9375000125008478
-5.74912536556443e-17, 0.34798523899859635, 0.9375000125008478
-5.74912536556443e-17, 0.34798523899859635, 0.9375000125008478
-5.74912536556443e-17, 0.34798523899859635, 0.9375000125008478
-5.74912536556443e-17, 0.34798523899859635, 0.9375000125008478
1.6406004596171222e-06, 0.3479852389981241, 0.9375000124995875
-0.01514226366490569, 0.34765809188294927, 0.9374991002659199
-0.03257573649512229, 0.34646757036626885, 0.9374961568328133
-0.05289507715745837, 0.3439610103576513, 0.937492898195101
-0.0768962762381316, 0.3394027486475881, 0.9374927929915894
-0.10559406159398543, 0.3315825002440442, 0.9374982344986011
-0.10558217794651423, 0.3315812574030393, 0.937500012500848
-0.15080804064296968, 0.2898996087410062, 0.9451006040254338
-0.1977893002626292, 0.24482051341856076, 0.9491798085247558
-0.24482051341856237, 0.1977893002626275, 0.9491798085247556
-0.2898996087410084, 0.1508080406429673, 0.9451006040254337
-0.3315812574030395, 0.10558217794651381, 0.9375000125008478
-0.3315825002436172, 0.10559406159543508, 0.9374982344985889
-0.3394027486480638, 0.0768962762389432, 0.9374927929913507
-0.3439610103587711, 0.05289507715690694, 0.9374928981947214
-0.34646757036747367, 0.03257573649419861, 0.9374961568324002
-0.3476580918836095, 0.01514226366485273, 0.9374991002656758
-0.3479852389981282, -1.6405985545006978e-06, 0.9375000124995861
-0.34798523899859696, 0.0, 0.9375000125008476
-0.34798523899859696, 0.0, 0.9375000125008476
-0.34798523899859696, 0.0, 0.9375000125008476
-0.34798523899859696, 0.0, 0.9375000125008476
-0.34798523899859696, 0.0, 0.9375000125008476
-0.34798523899812683, 1.6406011786561639e-06, 0.9375000124995866
-0.3476580918825312, -0.015142263665293814, 0.9374991002660686
-0.3464675703659098, -0.03257573649589227, 0.9374961568329193
-0.34396101035780374, -0.05289507715788317, 0.9374928981950211
-0.33940274864846326, -0.07689627623776682, 0.9374927929913025
-0.3315825002448771, -0.10559406159352111, 0.9374982344983588
-0.37590183036930797, -0.05543275925330693, 0.9250000125008481
-0.31994823512531423, -0.11838543220393831, 0.9400095830799191
-0.2557552772579171, -0.1865692238522918, 0.9485679537417862
-0.18656922385168104, -0.2557552772585082, 0.9485679537417468
-0.11838543220335838, -0.31994823512584086, 0.940009583079813
-0.055432759253299574, -0.37590183036930924, 0.9250000125008481
-0.05542248385412046, -0.37592857122122186, 0.9249897608206322
-0.04224062061021085, -0.37763032108373945, 0.9249924705470073
-0.030261137280410896, -0.3787711686989819, 0.924995494763571
-0.019316028096367174, -0.3794805884558432, 0.9249980400215924
-0.00926679818219053, -0.37985500992238114, 0.9249996204800942
1.1459848530981488e-06, -0.3799670734066811, 0.9250000125002422
6.277502879402036e-17, -0.3799670734069354, 0.9250000125008477
6.277502879402036e-17, -0.3799670734069354, 0.9250000125008477
6.277502879402036e-17, -0.3799670734069354, 0.9250000125008477
6.277502879402036e-17, -0.3799670734069354, 0.9250000125008477
6.277502879402036e-17, -0.3799670734069354, 0.9250000125008477
-1.1459828150822892e-06, -0.37996707340668306, 0.9250000125002417
0.009266798183118366, -0.3798550099236991, 0.9249996204795436
0.01931602809668517, -0.3794805884575517, 0.9249980400208848
0.03026113728069092, -0.3787711687010164, 0.9249954947627288
0.04224062061110048, -0.3776303210860695, 0.9249924705460154
0.05542248385615886, -0.37592857122273493, 0.9249897608198951
0.05543275925329874, -0.37590183036930924, 0.925000012500848
0.11838543220393068, -0.3199482351253162, 0.9400095830799196
0.18656922385228672, -0.2557552772579179, 0.9485679537417869
0.25575527725850444, -0.1865692238516819, 0.9485679537417477
0.3199482351258395, -0.11838543220335787, 0.9400095830798134
0.375901830369309, -0.055432759253298935, 0.9250000125008482
0.3759285712193315, -0.05542248385505766, 0.9249897608213443
0.37763032108192474, -0.04224062061115179, 0.9249924705477052
0.37877116869744276, -0.030261137281107107, 0.9249954947641784
0.37948058845473315, -0.01931602809657397, 0.9249980400220434
0.3798550099217995, -0.009266798181693766, 0.9249996204803379
0.3799670734066867, 1.145986228267215e-06, 0.9250000125002401
0.3799670734069355, 0.0, 0.9250000125008477
0.3799670734069355, 0.0, 0.9250000125008477
0.3799670734069355, 0.0, 0.9250000125008477
0.3799670734069355, 0.0, 0.9250000125008477
0.3799670734069355, 0.0, 0.9250000125008477
0.37996707340668695, -1.1459840900996496e-06, 0.92500001250024
0.3798550099228928, 0.009266798182683963, 0.924999620479879
0.37948058845613886, 0.01931602809672638, 0.9249980400214635
0.37877116869921934, 0.0302611372807834, 0.9249954947634615
0.3776303210841413, 0.04224062061076629, 0.9249924705468178
0.37592857122098106, 0.055422483854867796, 0.9249897608206854
0.3759018303693091, 0.05543275925329973, 0.925000012500848
0.3199482351253154, 0.11838543220393345, 0.9400095830799193
0.2557552772579189, 0.18656922385228883, 0.9485679537417864
0.18656922385168603, 0.2557552772585046, 0.9485679537417468
0.11838543220336455, 0.3199482351258385, 0.940009583079813
0.05543275925330547, 0.37590183036930913, 0.9250000125008475
0.05542248385332909, 0.3759285712217689, 0.9249897608204574
0.04224062060980998, 0.3776303210846483, 0.9249924705466545
0.03026113728038152, 0.37877116870003563, 0.9249954947631405
0.019316028096739976, 0.37948058845679344, 0.9249980400211947
0.009266798183019032, 0.3798550099229762, 0.9249996204798414
-1.1459834963057293e-06, 0.37996707340668545, 0.9250000125002407
-6.277502879402036e-17, 0.3799670734069354, 0.9250000125008477
-6.277502879402036e-17, 0.3799670734069354, 0.9250000125008477
-6.277502879402036e-17, 0.3799670734069354, 0.9250000125008477
-6.277502879402036e-17, 0.3799670734069354, 0.9250000125008477
-6.277502879402036e-17, 0.3799670734069354, 0.9250000125008477
1.1459836749847857e-06, 0.37996707340668573, 0.9250000125002406
-0.009266798182909316, 0.37985500992318344, 0.9249996204797576
-0.019316028096819912, 0.3794805884566742, 0.924998040021242
-0.030261137280817797, 0.37877116869995126, 0.9249954947631609
-0.04224062061084855, 0.3776303210850129, 0.9249924705464583
-0.05542248385514794, 0.3759285712219064, 0.9249897608202925
-0.05543275925330694, 0.3759018303693089, 0.9250000125008477
-0.11838543220393825, 0.31994823512531634, 0.9400095830799186
-0.18656922385229238, 0.2557552772579198, 0.9485679537417855
-0.2557552772585082, 0.18656922385168562, 0.9485679537417462
-0.31994823512583964, 0.11838543220336546, 0.9400095830798125
-0.3759018303693081, 0.0554327592533078, 0.925000012500848
-0.3759285712232034, 0.055422483856050454, 0.9249897608197114
-0.377630321086259, 0.042240620610741034, 0.9249924705459543
-0.3787711687014787, 0.03026113728032785, 0.9249954947625514
-0.37948058845784993, 0.01931602809645922, 0.9249980400207671
-0.37985500992352544, 0.009266798183189883, 0.9249996204796143
-0.37996707340668606, -1.1459823020525936e-06, 0.9250000125002404
-0.37996707340693525, 0.0, 0.925000012500848
-0.37996707340693525, 0.0, 0.925000012500848
-0.37996707340693525, 0.0, 0.925000012500848
-0.37996707340693525, 0.0, 0.925000012500848
-0.37996707340693525, 0.0, 0.925000012500848
-0.37996707340668456, 1.145984004909862e-06, 0.9250000125002409
-0.3798550099229877, -0.009266798182943379, 0.9249996204798375
-0.379480588456438, -0.019316028096943928, 0.9249980400213361
-0.3787711686998377, -0.030261137280741774, 0.9249954947632097
-0.37763032108518324, -0.042240620610279285, 0.9249924705464146
-0.37592857122251894, -0.05542248385380898, 0.9249897608201239
-0.4087326644544197, -0.016773079441258415, 0.9125000125008482
-0.343461506589074, -0.09235644624720946, 0.9346146159397197
-0.2647545868284153, -0.1772516648733489, 0.947885465682928
-0.17725166485296265, -0.26475458684802367, 0.9478854656812633
-0.09235644622854519, -0.34346150660573804, 0.9346146159354404
-0.016773079441249117, -0.40873266445442136, 0.9125000125008476
-0.016757058362932054, -0.40873735873549544, 0.9124982041456039
-0.013220466083044979, -0.4088654242458102, 0.9124989228118797
-0.009780693929399084, -0.40896094725994936, 0.9124994693929988
-0.006433332254798198, -0.40902648066248987, 0.9124998358098247
-0.003174248931302757, -0.40906434910859274, 0.9125000177710056
4.31814990005096e-07, -0.40907667641399803, 0.9125000125007618
6.758427752857072e-17, -0.4090766764140339, 0.912500012500848
6.758427752857072e-17, -0.4090766764140339, 0.912500012500848
6.758427752857072e-17, -0.4090766764140339, 0.912500012500848
6.758427752857072e-17, -0.4090766764140339, 0.912500012500848
6.758427752857072e-17, -0.4090766764140339, 0.912500012500848
-4.318143525990073e-07, -0.40907667641399714, 0.9125000125007623
0.003174248931766604, -0.40906434910919715, 0.912500017770733
0.006433332255142519, -0.40902648066333164, 0.9124998358094449
0.009780693929684555, -0.4089609472606439, 0.9124994693926844
0.013220466083336985, -0.40886542424665323, 0.9124989228114977
0.016757058363316358, -0.40873735873680017, 0.9124982041450124
0.016773079441249367, -0.40873266445442114, 0.9125000125008478
0.09235644624720225, -0.34346150658907515, 0.9346146159397202
0.1772516648733437, -0.264754586828416, 0.9478854656829286
0.2647545868480193, -0.17725166485296426, 0.9478854656812643
0.34346150660573566, -0.09235644622854623, 0.9346146159354409
0.4087326644544198, -0.016773079441250782, 0.9125000125008482
0.40873735873425004, -0.016757058363642902, 0.9124982041461488
0.4088654242447923, -0.013220466083560393, 0.9124989228123283
0.40896094725917237, -0.009780693929689596, 0.9124994693933439
0.40902648066196273, -0.006433332254838155, 0.9124998358100607
0.409064349108327, -0.0031742489310722204, 0.9125000177711257
0.4090766764140003, 4.318155253536665e-07, 0.9125000125007607
0.40907667641403395, 0.0, 0.912500012500848
0.40907667641403395, 0.0, 0.912500012500848
0.40907667641403395, 0.0, 0.912500012500848
0.40907667641403395, 0.0, 0.912500012500848
0.40907667641403395, 0.0, 0.912500012500848
0.4090766764139975, -4.318146979573283e-07, 0.9125000125007622
0.40906434910900014, 0.0031742489315652184, 0.9125000177708221
0.4090264806629551, 0.006433332255048846, 0.9124998358096145
0.4089609472601013, 0.009780693929652763, 0.9124994693929279
0.40886542424596123, 0.013220466083323544, 0.9124989228118079
0.40873735873597694, 0.01675705836327243, 0.912498204145382
0.40873266445442014, 0.01677307944125064, 0.912500012500848
0.3434615065890759, 0.0923564462472029, 0.9346146159397197
0.26475458682841874, 0.17725166487334376, 0.9478854656829279
0.17725166485296778, 0.2647545868480202, 0.9478854656812634
0.09235644622855115, 0.3434615066057367, 0.9346146159354402
0.01677307944125769, 0.4087326644544203, 0.9125000125008478
0.016757058362628762, 0.40873735873640277, 0.912498204145203
0.013220466082884118, 0.4088654242465899, 0.9124989228115327
0.009780693929389104, 0.40896094726057275, 0.9124994693927195
0.00643333225494471, 0.40902648066293057, 0.9124998358096262
0.0031742489316149585, 0.40906434910882555, 0.9125000177709001
-4.318145158122427e-07, 0.4090766764139925, 0.9125000125007645
-6.758427752857073e-17, 0.4090766764140339, 0.912500012500848
-6.758427752857073e-17, 0.4090766764140339, 0.912500012500848
-6.758427752857073e-17, 0.4090766764140339, 0.912500012500848
-6.758427752857073e-17, 0.4090766764140339, 0.912500012500848
-6.758427752857073e-17, 0.4090766764140339, 0.912500012500848
4.3181459651723924e-07, 0.40907667641399675, 0.9125000125007626
-0.003174248931646277, 0.40906434910906625, 0.912500017770792
-0.006433332255102826, 0.409026480663083, 0.9124998358095567
-0.009780693929691454, 0.4089609472602913, 0.9124994693928424
-0.013220466083352434, 0.4088654242462111, 0.9124989228116955
-0.0167570583632953, 0.40873735873628747, 0.9124982041452425
-0.016773079441257548, 0.40873266445442086, 0.9125000125008476
-0.09235644624720916, 0.34346150658907587, 0.9346146159397191
-0.17725166487334806, 0.2647545868284191, 0.947885465682927
-0.26475458684802305, 0.17725166485296792, 0.9478854656812625
-0.34346150660573765, 0.09235644622855184, 0.9346146159354398
-0.40873266445442064, 0.016773079441257718, 0.9125000125008478
-0.408737358737459, 0.016757058362833005, 0.9124982041447262
-0.4088654242474584, 0.013220466082971465, 0.9124989228111422
-0.40896094726123944, 0.009780693929448903, 0.9124994693924201
-0.4090264806633822, 0.0064333322550568246, 0.912499835809423
-0.4090643491090555, 0.0031742489318577418, 0.912500017770796
-0.40907667641399625, -4.3181406244796414e-07, 0.9125000125007628
-0.40907667641403406, 0.0, 0.912500012500848
-0.40907667641403406, 0.0, 0.912500012500848
-0.40907667641403406, 0.0, 0.912500012500848
-0.40907667641403406, 0.0, 0.912500012500848
-0.40907667641403406, 0.0, 0.912500012500848
-0.4090766764139947, 4.318146639652478e-07, 0.9125000125007635
-0.4090643491090223, -0.0031742489315722535, 0.9125000177708121
-0.40902648066301506, -0.006433332255000621, 0.9124998358095879
-0.4089609472602144, -0.009780693929511967, 0.9124994693928787
-0.4088654242461438, -0.013220466083068474, 0.9124989228117298
-0.40873735873624334, -0.016757058362871113, 0.91249820414527
6.982150666838977e-17, -0.42261826174069383, 0.9063077870366526
6.982150666838977e-17, -0.42261826174069383, 0.9063077870366526
6.982150666838977e-17, -0.42261826174069383, 0.9063077870366526
6.982150666838977e-17, -0.42261826174069383, 0.9063077870366526
6.982150666838977e-17, -0.42261826174069383, 0.9063077870366526
-1.0824674490095274e-15, -0.4226182617406948, 0.906307787036652
0.10286476764415087, -0.33403351917694424, 0.9369313996466234
0.22142738646170262, -0.22142738646170282, 0.9497051253149473
0.3340335191769446, -0.10286476764415042, 0.9369313996466235
0.42261826174069406, 2.775557561562891e-16, 0.9063077870366525
0.4226182617406938, 0.0, 0.9063077870366526
0.4226182617406938, 0.0, 0.9063077870366526
0.4226182617406938, 0.0, 0.9063077870366526
0.4226182617406938, 0.0, 0.9063077870366526
0.4226182617406938, 0.0, 0.9063077870366526
0.42261826174069483, -1.27675647831893e-15, 0.9063077870366523
0.3340335191769445, 0.10286476764415223, 0.9369313996466233
0.22142738646170285, 0.22142738646170623, 0.9497051253149464
0.10286476764415005, 0.3340335191769503, 0.9369313996466215
1.1102230246251563e-16, 0.42261826174070016, 0.9063077870366496
-6.982150666839085e-17, 0.4226182617407003, 0.9063077870366496
-6.982150666839085e-17, 0.4226182617407003, 0.9063077870366496
-6.982150666839085e-17, 0.4226182617407003, 0.9063077870366496
-6.982150666839085e-17, 0.4226182617407003, 0.9063077870366496
-6.982150666839085e-17, 0.4226182617407003, 0.9063077870366496
8.88178419700125e-16, 0.4226182617407011, 0.9063077870366493
-0.10286476764415127, 0.33403351917695084, 0.9369313996466211
-0.22142738646170504, 0.2214273864617078, 0.9497051253149454
-0.3340335191769488, 0.10286476764415345, 0.9369313996466215
-0.4226182617406998, 6.383782391594647e-16, 0.9063077870366497
-0.4226182617407003, 0.0, 0.9063077870366496
-0.4226182617407003, 0.0, 0.9063077870366496
-0.4226182617407003, 0.0, 0.9063077870366496
-0.4226182617407003, 0.0, 0.9063077870366496
-0.4226182617407003, 0.0, 0.9063077870366496
-0.42261826174070116, 1.1102230246251565e-15, 0.9063077870366492
-0.33403351917695123, -0.10286476764414891, 0.9369313996466213
-0.22142738646170732, -0.22142738646170168, 0.9497051253149464
-0.10286476764415209, -0.3340335191769447, 0.9369313996466233
1.4432899320127037e-15, -0.42261826174069494, 0.9063077870366522
6.982150666838977e-17, -0.42261826174069383, 0.9063077870366526
6.982150666838977e-17, -0.42261826174069383, 0.9063077870366526
6.982150666838977e-17, -0.42261826174069383, 0.9063077870366526
6.982150666838977e-17, -0.42261826174069383, 0.9063077870366526
6.982150666838977e-17, -0.42261826174069383, 0.9063077870366526
-1.0824674490095274e-15, -0.4226182617406948, 0.906307787036652
0.10286476764415087, -0.33403351917694424, 0.9369313996466234
0.22142738646170199, -0.22142738646170346, 0.9497051253149473
0.3340335191769446, -0.10286476764415042, 0.9369313996466235
0.42261826174069406, 2.775557561562891e-16, 0.9063077870366525
0.4226182617406938, 0.0, 0.9063077870366526
0.4226182617406938, 0.0, 0.9063077870366526
0.4226182617406938, 0.0, 0.9063077870366526
0.4226182617406938, 0.0, 0.9063077870366526
0.4226182617406938, 0.0, 0.9063077870366526
0.42261826174069483, -1.27675647831893e-15, 0.9063077870366523
0.3340335191769445, 0.10286476764415223, 0.9369313996466233
0.22142738646170285, 0.22142738646170623, 0.9497051253149464
0.10286476764415005, 0.3340335191769503, 0.9369313996466215
1.1102230246251563e-16, 0.42261826174070016, 0.9063077870366496
-6.982150666839085e-17, 0.4226182617407003, 0.9063077870366496
-6.982150666839085e-17, 0.4226182617407003, 0.9063077870366496
-6.982150666839085e-17, 0.4226182617407003, 0.9063077870366496
-6.982150666839085e-17, 0.4226182617407003, 0.9063077870366496
-6.982150666839085e-17, 0.4226182617407003, 0.9063077870366496
1.5265566588595898e-15, 0.42261826174070166, 0.906307787036649
-0.10286476764415066, 0.3340335191769515, 0.9369313996466211
-0.22142738646170568, 0.22142738646170715, 0.9497051253149456
-0.3340335191769488, 0.10286476764415345, 0.9369313996466215
-0.4226182617406998, 6.383782391594647e-16, 0.9063077870366497
-0.4226182617407003, 0.0, 0.9063077870366496
-0.4226182617407003, 0.0, 0.9063077870366496
-0.4226182617407003, 0.0, 0.9063077870366496
-0.4226182617407003, 0.0, 0.9063077870366496
-0.4226182617407003, 0.0, 0.9063077870366496
-0.42261826174070116, 1.1102230246251565e-15, 0.9063077870366492
-0.33403351917695073, -0.10286476764414954, 0.9369313996466214
-0.22142738646170732, -0.22142738646170168, 0.9497051253149464
-0.10286476764415271, -0.33403351917694407, 0.9369313996466234
7.494005416219805e-16, -0.4226182617406943, 0.9063077870366523
6.982150666838977e-17, -0.42261826174069383, 0.9063077870366526
6.982150666838977e-17, -0.42261826174069383, 0.9063077870366526
6.982150666838977e-17, -0.42261826174069383, 0.9063077870366526
6.982150666838977e-17, -0.42261826174069383, 0.9063077870366526
6.982150666838977e-17, -0.42261826174069383, 0.9063077870366526
-4.163336342344337e-16, -0.42261826174069433, 0.9063077870366525
0.10286476764415022, -0.33403351917694485, 0.9369313996466233
0.22142738646170199, -0.22142738646170346, 0.9497051253149473
0.334033519176944, -0.1028647676441511, 0.9369313996466236
0.42261826174069406, 2.775557561562891e-16, 0.9063077870366525
0.4226182617406938, 0.0, 0.9063077870366526
0.4226182617406938, 0.0, 0.9063077870366526
0.4226182617406938, 0.0, 0.9063077870366526
0.4226182617406938, 0.0, 0.9063077870366526
0.4226182617406938, 0.0, 0.9063077870366526
0.42261826174069533, -1.9428902930940236e-15, 0.9063077870366518
0.3340335191769445, 0.10286476764415223, 0.9369313996466233
0.2214273864617016, 0.22142738646170748, 0.9497051253149464
0.10286476764415005, 0.3340335191769503, 0.9369313996466215
1.1102230246251563e-16, 0.42261826174070016, 0.9063077870366496
-6.982150666839085e-17, 0.4226182617407003, 0.9063077870366496
-6.982150666839085e-17, 0.4226182617407003, 0.9063077870366496
-6.982150666839085e-17, 0.4226182617407003, 0.9063077870366496
-6.982150666839085e-17, 0.4226182617407003, 0.9063077870366496
-6.982150666839085e-17, 0.4226182617407003, 0.9063077870366496
8.88178419700125e-16, 0.4226182617407011, 0.9063077870366493
-0.10286476764415066, 0.3340335191769515, 0.9369313996466211
-0.22142738646170504, 0.2214273864617078, 0.9497051253149454
-0.3340335191769488, 0.10286476764415345, 0.9369313996466215
-0.4226182617406998, 6.383782391594647e-16, 0.9063077870366497
-0.4226182617407003, 0.0, 0.9063077870366496
-0.4226182617407003, 0.0, 0.9063077870366496
-0.4226182617407003, 0.0, 0.9063077870366496
-0.4226182617407003, 0.0, 0.9063077870366496
-0.4226182617407003, 0.0, 0.9063077870366496
-0.42261826174070116, 1.1102230246251565e-15, 0.9063077870366492
-0.33403351917695184, -0.10286476764414822, 0.9369313996466211
-0.22142738646170856, -0.22142738646170043, 0.9497051253149464
-0.10286476764415338, -0.33403351917694346, 0.9369313996466235
1.1102230246251565e-16, -0.42261826174069383, 0.9063077870366526
6.982150666838977e-17, -0.42261826174069383, 0.9063077870366526
6.982150666838977e-17, -0.42261826174069383, 0.9063077870366526
6.982150666838977e-17, -0.42261826174069383, 0.9063077870366526
6.982150666838977e-17, -0.42261826174069383, 0.9063077870366526
6.982150666838977e-17, -0.42261826174069383, 0.9063077870366526
-1.0824674490095274e-15, -0.4226182617406948, 0.906307787036652
0.10286476764415087, -0.33403351917694424, 0.9369313996466234
0.22142738646170199, -0.22142738646170346, 0.9497051253149473
0.3340335191769446, -0.10286476764415042, 0.9369313996466235
0.42261826174069406, 2.775557561562891e-16, 0.9063077870366525
0.4226182617406938, 0.0, 0.9063077870366526
0.4226182617406938, 0.0, 0.9063077870366526
0.4226182617406938, 0.0, 0.9063077870366526
0.4226182617406938, 0.0, 0.9063077870366526
0.4226182617406938, 0.0, 0.9063077870366526
0.42261826174069533, -1.9428902930940236e-15, 0.9063077870366518
0.33403351917694507, 0.10286476764415159, 0.9369313996466231
0.22142738646170285, 0.22142738646170623, 0.9497051253149464
0.10286476764415005, 0.3340335191769503, 0.9369313996466215
1.1102230246251563e-16, 0.42261826174070016, 0.9063077870366496
-6.982150666839085e-17, 0.4226182617407003, 0.9063077870366496
-6.982150666839085e-17, 0.4226182617407003, 0.9063077870366496
-6.982150666839085e-17, 0.4226182617407003, 0.9063077870366496
-6.982150666839085e-17, 0.4226182617407003, 0.9063077870366496
-6.982150666839085e-17, 0.4226182617407003, 0.9063077870366496
8.88178419700125e-16, 0.4226182617407011, 0.9063077870366493
-0.10286476764415066, 0.3340335191769515, 0.9369313996466211
-0.22142738646170504, 0.2214273864617078, 0.9497051253149454
-0.3340335191769495, 0.10286476764415282, 0.9369313996466215
-0.4226182617406998, 6.383782391594647e-16, 0.9063077870366497
-0.4226182617407003, 0.0, 0.9063077870366496
-0.4226182617407003, 0.0, 0.9063077870366496
-0.4226182617407003, 0.0, 0.9063077870366496
-0.4226182617407003, 0.0, 0.9063077870366496
-0.4226182617407003, 0.0, 0.9063077870366496
-0.42261826174070116, 1.1102230246251565e-15, 0.9063077870366492
-0.33403351917695073, -0.10286476764414954, 0.9369313996466214
-0.22142738646170732, -0.22142738646170168, 0.9497051253149464
-0.10286476764415209, -0.3340335191769447, 0.9369313996466233
7.494005416219805e-16, -0.4226182617406943, 0.9063077870366523
6.982150666838977e-17, -0.42261826174069383, 0.9063077870366526
6.982150666838977e-17, -0.42261826174069383, 0.9063077870366526
6.982150666838977e-17, -0.42261826174069383, 0.9063077870366526
6.982150666838977e-17, -0.42261826174069383, 0.9063077870366526
6.982150666838977e-17, -0.42261826174069383, 0.9063077870366526
-1.0824674490095274e-15, -0.4226182617406948, 0.906307787036652
0.10286476764415087, -0.33403351917694424, 0.9369313996466234
0.22142738646170262, -0.22142738646170282, 0.9497051253149473
0.334033519176944, -0.1028647676441511, 0.9369313996466236
0.42261826174069406, 2.775557561562891e-16, 0.9063077870366525
0.4226182617406938, 0.0, 0.9063077870366526
0.4226182617406938, 0.0, 0.9063077870366526
0.4226182617406938, 0.0, 0.9063077870366526
0.4226182617406938, 0.0, 0.9063077870366526
0.4226182617406938, 0.0, 0.9063077870366526
0.42261826174069483, -1.27675647831893e-15, 0.9063077870366523
0.3340335191769445, 0.10286476764415223, 0.9369313996466233
0.22142738646170224, 0.22142738646170687, 0.9497051253149464
0.10286476764415005, 0.3340335191769503, 0.9369313996466215
1.1102230246251563e-16, 0.42261826174070016, 0.9063077870366496
-6.982150666839085e-17, 0.4226182617407003, 0.9063077870366496
-6.982150666839085e-17, 0.4226182617407003, 0.9063077870366496
-6.982150666839085e-17, 0.4226182617407003, 0.9063077870366496
-6.982150666839085e-17, 0.4226182617407003, 0.9063077870366496
-6.982150666839085e-17, 0.4226182617407003, 0.9063077870366496
8.88178419700125e-16, 0.4226182617407011, 0.9063077870366493
-0.10286476764415066, 0.3340335191769515, 0.9369313996466211
-0.22142738646170504, 0.2214273864617078, 0.9497051253149454
-0.3340335191769488, 0.10286476764415345, 0.9369313996466215
-0.4226182617406998, 6.383782391594647e-16, 0.9063077870366497
-0.4226182617407003, 0.0, 0.9063077870366496
-0.4226182617407003, 0.0, 0.9063077870366496
-0.4226182617407003, 0.0, 0.9063077870366496
-0.4226182617407003, 0.0, 0.9063077870366496
-0.4226182617407003, 0.0, 0.9063077870366496
-0.4226182617407006, 3.885780586188048e-16, 0.9063077870366495
-0.33403351917695073, -0.10286476764414954, 0.9369313996466214
-0.22142738646170732, -0.22142738646170168, 0.9497051253149464
-0.10286476764415209, -0.3340335191769447, 0.9369313996466233
1.4432899320127037e-15, -0.42261826174069494, 0.9063077870366522
6.982150666838977e-17, -0.42261826174069383, 0.9063077870366526
6.982150666838977e-17, -0.42261826174069383, 0.9063077870366526
6.982150666838977e-17, -0.42261826174069383, 0.9063077870366526
6.982150666838977e-17, -0.42261826174069383, 0.9063077870366526
6.982150666838977e-17, -0.42261826174069383, 0.9063077870366526
-1.0824674490095274e-15, -0.4226182617406948, 0.906307787036652
0.10286476764415087, -0.33403351917694424, 0.9369313996466234
0.22142738646170199, -0.22142738646170346, 0.9497051253149473
0.3340335191769446, -0.10286476764415042, 0.9369313996466235
0.42261826174069406, 2.775557561562891e-16, 0.9063077870366525
0.4226182617406938, 0.0, 0.9063077870366526
0.4226182617406938, 0.0, 0.9063077870366526
0.4226182617406938, 0.0, 0.9063077870366526
0.4226182617406938, 0.0, 0.9063077870366526
0.4226182617406938, 0.0, 0.9063077870366526
0.4226182617406943, -6.10622663543836e-16, 0.9063077870366524
0.3340335191769445, 0.10286476764415223, 0.9369313996466233
0.22142738646170285, 0.22142738646170623, 0.9497051253149464
0.10286476764414937, 0.33403351917695084, 0.9369313996466213
1.1102230246251563e-16, 0.42261826174070016, 0.9063077870366496
-6.982150666839085e-17, 0.4226182617407003, 0.9063077870366496
-6.982150666839085e-17, 0.4226182617407003, 0.9063077870366496
-6.982150666839085e-17, 0.4226182617407003, 0.9063077870366496
-6.982150666839085e-17, 0.4226182617407003, 0.9063077870366496
-6.982150666839085e-17, 0.4226182617407003, 0.9063077870366496
8.88178419700125e-16, 0.4226182617407011, 0.9063077870366493
-0.10286476764415127, 0.33403351917695084, 0.9369313996466211
-0.22142738646170504, 0.2214273864617078, 0.9497051253149454
-0.3340335191769488, 0.10286476764415345, 0.9369313996466215
-0.4226182617406998, 6.383782391594647e-16, 0.9063077870366497
-0.4226182617407003, 0.0, 0.9063077870366496
-0.4226182617407003, 0.0, 0.9063077870366496
-0.4226182617407003, 0.0, 0.9063077870366496
-0.4226182617407003, 0.0, 0.9063077870366496
-0.4226182617407003, 0.0, 0.9063077870366496
-0.42261826174070116, 1.1102230246251565e-15, 0.9063077870366492
-0.33403351917695073, -0.10286476764414954, 0.9369313996466214
-0.22142738646170793, -0.22142738646170107, 0.9497051253149463
-0.10286476764415338, -0.33403351917694346, 0.9369313996466235
7.494005416219805e-16, -0.4226182617406943, 0.9063077870366523
6.982150666838977e-17, -0.42261826174069383, 0.9063077870366526
6.982150666838977e-17, -0.42261826174069383, 0.9063077870366526
6.982150666838977e-17, -0.42261826174069383, 0.9063077870366526
6.982150666838977e-17, -0.42261826174069383, 0.9063077870366526
6.982150666838977e-17, -0.42261826174069383, 0.9063077870366526
-1.0824674490095274e-15, -0.4226182617406948, 0.906307787036652
0.10286476764415087, -0.33403351917694424, 0.9369313996466234
0.22142738646170262, -0.22142738646170282, 0.9497051253149473
0.334033519176944, -0.1028647676441511, 0.9369313996466236
0.422618261740693, -1.0547118733938987e-15, 0.906307787036653
0.4226182617406938, 0.0, 0.9063077870366526
0.4226182617406938, 0.0, 0.9063077870366526
0.4226182617406938, 0.0, 0.9063077870366526
0.4226182617406938, 0.0, 0.9063077870366526
0.4226182617406938, 0.0, 0.9063077870366526
0.42261826174069483, -1.27675647831893e-15, 0.9063077870366523
0.33403351917694574, 0.10286476764415094, 0.936931399646623
0.22142738646170285, 0.22142738646170623, 0.9497051253149464
0.10286476764415071, 0.3340335191769496, 0.9369313996466215
7.494005416219805e-16, 0.42261826174069966, 0.9063077870366498
-6.982150666839085e-17, 0.4226182617407003, 0.9063077870366496
-6.982150666839085e-17, 0.4226182617407003, 0.9063077870366496
-6.982150666839085e-17, 0.4226182617407003, 0.9063077870366496
-6.982150666839085e-17, 0.4226182617407003, 0.9063077870366496
-6.982150666839085e-17, 0.4226182617407003, 0.9063077870366496
8.88178419700125e-16, 0.4226182617407011, 0.9063077870366493
-0.10286476764415066, 0.3340335191769515, 0.9369313996466211
-0.22142738646170504, 0.2214273864617078, 0.9497051253149454
-0.3340335191769488, 0.10286476764415345, 0.9369313996466215
-0.4226182617406998, 6.383782391594647e-16, 0.9063077870366497
-0.4226182617407003, 0.0, 0.9063077870366496
-0.4226182617407003, 0.0, 0.9063077870366496
-0.4226182617407003, 0.0, 0.9063077870366496
-0.4226182617407003, 0.0, 0.9063077870366496
-0.4226182617407003, 0.0, 0.9063077870366496
-0.42261826174070116, 1.1102230246251565e-15, 0.9063077870366492
-0.33403351917695123, -0.10286476764414891, 0.9369313996466213
-0.22142738646170793, -0.22142738646170107, 0.9497051253149463
-0.10286476764415209, -0.3340335191769447, 0.9369313996466233
1.1102230246251565e-16, -0.42261826174069383, 0.9063077870366526
6.982150666838977e-17, -0.42261826174069383, 0.9063077870366526
6.982150666838977e-17, -0.42261826174069383, 0.9063077870366526
6.982150666838977e-17, -0.42261826174069383, 0.9063077870366526
6.982150666838977e-17, -0.42261826174069383, 0.9063077870366526
6.982150666838977e-17, -0.42261826174069383, 0.9063077870366526
-1.0824674490095274e-15, -0.4226182617406948, 0.906307787036652
0.10286476764415087, -0.33403351917694424, 0.9369313996466234
0.22142738646170199, -0.22142738646170346, 0.9497051253149473
0.3340335191769446, -0.10286476764415042, 0.9369313996466235
0.42261826174069406, 2.775557561562891e-16, 0.9063077870366525
0.4226182617406938, 0.0, 0.9063077870366526
0.4226182617406938, 0.0, 0.9063077870366526
0.4226182617406938, 0.0, 0.9063077870366526
0.4226182617406938, 0.0, 0.9063077870366526
0.4226182617406938, 0.0, 0.9063077870366526
0.4226182617406943, -6.10622663543836e-16, 0.9063077870366524
0.3340335191769445, 0.10286476764415223, 0.9369313996466233
0.2214273864617016, 0.22142738646170748, 0.9497051253149464
0.10286476764415005, 0.3340335191769503, 0.9369313996466215
1.1102230246251563e-16, 0.42261826174070016, 0.9063077870366496
-6.982150666839085e-17, 0.4226182617407003, 0.9063077870366496
-6.982150666839085e-17, 0.4226182617407003, 0.9063077870366496
-6.982150666839085e-17, 0.4226182617407003, 0.9063077870366496
-6.982150666839085e-17, 0.4226182617407003, 0.9063077870366496
-6.982150666839085e-17, 0.4226182617407003, 0.9063077870366496
8.88178419700125e-16, 0.4226182617407011, 0.9063077870366493
-0.10286476764415066, 0.3340335191769515, 0.9369313996466211
-0.22142738646170504, 0.2214273864617078, 0.9497051253149454
-0.3340335191769483, 0.1028647676441541, 0.9369313996466218
-0.4226182617406992, 1.3045120539345583e-15, 0.90630778703665
-0.4226182617407003, 0.0, 0.9063077870366496
-0.4226182617407003, 0.0, 0.9063077870366496
-0.4226182617407003, 0.0, 0.9063077870366496
-0.4226182617407003, 0.0, 0.9063077870366496
-0.4226182617407003, 0.0, 0.9063077870366496
-0.42261826174070116, 1.1102230246251565e-15, 0.9063077870366492
-0.33403351917695073, -0.10286476764414954, 0.9369313996466214
-0.22142738646170732, -0.22142738646170168, 0.9497051253149464
-0.10286476764415209, -0.3340335191769447, 0.9369313996466233
1.4432899320127037e-15, -0.42261826174069494, 0.9063077870366522
6.982150666838977e-17, -0.42261826174069383, 0.9063077870366526
6.982150666838977e-17, -0.42261826174069383, 0.9063077870366526
6.982150666838977e-17, -0.42261826174069383, 0.9063077870366526
6.982150666838977e-17, -0.42261826174069383, 0.9063077870366526
6.982150666838977e-17, -0.42261826174069383, 0.9063077870366526
-4.163336342344337e-16, -0.42261826174069433, 0.9063077870366525
0.10286476764415022, -0.33403351917694485, 0.9369313996466233
0.22142738646170262, -0.22142738646170282, 0.9497051253149473
0.3340335191769446, -0.10286476764415042, 0.9369313996466235
0.42261826174069406, 2.775557561562891e-16, 0.9063077870366525
0.4226182617406938, 0.0, 0.9063077870366526
0.4226182617406938, 0.0, 0.9063077870366526
0.4226182617406938, 0.0, 0.9063077870366526
0.4226182617406938, 0.0, 0.9063077870366526
0.4226182617406938, 0.0, 0.9063077870366526
0.4226182617406943, -6.10622663543836e-16, 0.9063077870366524
0.3340335191769445, 0.10286476764415223, 0.9369313996466233
0.22142738646170285, 0.22142738646170623, 0.9497051253149464
0.10286476764415005, 0.3340335191769503, 0.9369313996466215
1.1102230246251563e-16, 0.42261826174070016, 0.9063077870366496
-6.982150666839085e-17, 0.4226182617407003, 0.9063077870366496
-6.982150666839085e-17, 0.4226182617407003, 0.9063077870366496
-6.982150666839085e-17, 0.4226182617407003, 0.9063077870366496
-6.982150666839085e-17, 0.4226182617407003, 0.9063077870366496
-6.982150666839085e-17, 0.4226182617407003, 0.9063077870366496
1.5265566588595898e-15, 0.42261826174070166, 0.906307787036649
-0.10286476764415066, 0.3340335191769515, 0.9369313996466211
-0.22142738646170568, 0.22142738646170715, 0.9497051253149456
-0.3340335191769488, 0.10286476764415345, 0.9369313996466215
-0.4226182617406998, 6.383782391594647e-16, 0.9063077870366497
-0.4226182617407003, 0.0, 0.9063077870366496
-0.4226182617407003, 0.0, 0.9063077870366496
-0.4226182617407003, 0.0, 0.9063077870366496
-0.4226182617407003, 0.0, 0.9063077870366496
-0.4226182617407003, 0.0, 0.9063077870366496
-0.42261826174070116, 1.1102230246251565e-15, 0.9063077870366492
-0.33403351917695073, -0.10286476764414954, 0.9369313996466214
-0.22142738646170793, -0.22142738646170107, 0.9497051253149463
-0.10286476764415338, -0.33403351917694346, 0.9369313996466235
7.494005416219805e-16, -0.4226182617406943, 0.9063077870366523
6.982150666838977e-17, -0.42261826174069383, 0.9063077870366526
6.982150666838977e-17, -0.42261826174069383, 0.9063077870366526
6.982150666838977e-17, -0.42261826174069383, 0.9063077870366526
6.982150666838977e-17, -0.42261826174069383, 0.9063077870366526
6.982150666838977e-17, -0.42261826174069383, 0.9063077870366526
-1.0824674490095274e-15, -0.4226182617406948, 0.906307787036652
0.10286476764415022, -0.33403351917694485, 0.9369313996466233
0.22142738646170262, -0.22142738646170282, 0.9497051253149473
0.3340335191769446, -0.10286476764415042, 0.9369313996466235
0.42261826174069456, 9.436895709313829e-16, 0.9063077870366522
0.4226182617406938, 0.0, 0.9063077870366526
0.4226182617406938, 0.0, 0.9063077870366526
0.4226182617406938, 0.0, 0.9063077870366526
0.4226182617406938, 0.0, 0.9063077870366526
0.4226182617406938, 0.0, 0.9063077870366526
0.42261826174069483, -1.27675647831893e-15, 0.9063077870366523
0.33403351917694574, 0.10286476764415094, 0.936931399646623
0.22142738646170285, 0.22142738646170623, 0.9497051253149464
0.10286476764415071, 0.3340335191769496, 0.9369313996466215
1.1102230246251563e-16, 0.42261826174070016, 0.9063077870366496
-6.982150666839085e-17, 0.4226182617407003, 0.9063077870366496
-6.982150666839085e-17, 0.4226182617407003, 0.9063077870366496
-6.982150666839085e-17, 0.4226182617407003, 0.9063077870366496
-6.982150666839085e-17, 0.4226182617407003, 0.9063077870366496
-6.982150666839085e-17, 0.4226182617407003, 0.9063077870366496
8.88178419700125e-16, 0.4226182617407011, 0.9063077870366493
-0.10286476764415066, 0.3340335191769515, 0.9369313996466211
-0.22142738646170504, 0.2214273864617078, 0.9497051253149454
-0.3340335191769488, 0.10286476764415345, 0.9369313996466215
-0.4226182617406998, 6.383782391594647e-16, 0.9063077870366497
-0.4226182617407003, 0.0, 0.9063077870366496
-0.4226182617407003, 0.0, 0.9063077870366496
-0.4226182617407003, 0.0, 0.9063077870366496
-0.4226182617407003, 0.0, 0.9063077870366496
-0.4226182617407003, 0.0, 0.9063077870366496
-0.42261826174070116, 1.1102230246251565e-15, 0.9063077870366492
-0.33403351917695184, -0.10286476764414822, 0.9369313996466211
-0.22142738646170856, -0.22142738646170043, 0.9497051253149464
-0.10286476764415338, -0.33403351917694346, 0.9369313996466235
1.1102230246251565e-16, -0.42261826174069383, 0.9063077870366526
6.982150666838977e-17, -0.42261826174069383, 0.9063077870366526
6.982150666838977e-17, -0.42261826174069383, 0.9063077870366526
6.982150666838977e-17, -0.42261826174069383, 0.9063077870366526
6.982150666838977e-17, -0.42261826174069383, 0.9063077870366526
6.982150666838977e-17, -0.42261826174069383, 0.9063077870366526
-1.0824674490095274e-15, -0.4226182617406948, 0.906307787036652
0.10286476764415022, -0.33403351917694485, 0.9369313996466233
0.22142738646170262, -0.22142738646170282, 0.9497051253149473
0.3340335191769446, -0.10286476764415042, 0.9369313996466235
0.42261826174069406, 2.775557561562891e-16, 0.9063077870366525
0.4226182617406938, 0.0, 0.9063077870366526
0.4226182617406938, 0.0, 0.9063077870366526
0.4226182617406938, 0.0, 0.9063077870366526
0.4226182617406938, 0.0, 0.9063077870366526
0.4226182617406938, 0.0, 0.9063077870366526
0.42261826174069483, -1.27675647831893e-15, 0.9063077870366523
0.3340335191769445, 0.10286476764415223, 0.9369313996466233
0.22142738646170285, 0.22142738646170623, 0.9497051253149464
0.10286476764415005, 0.3340335191769503, 0.9369313996466215
1.1102230246251563e-16, 0.42261826174070016, 0.9063077870366496
-6.982150666839085e-17, 0.4226182617407003, 0.9063077870366496
-6.982150666839085e-17, 0.4226182617407003, 0.9063077870366496
-6.982150666839085e-17, 0.4226182617407003, 0.9063077870366496
-6.982150666839085e-17, 0.4226182617407003, 0.9063077870366496
-6.982150666839085e-17, 0.4226182617407003, 0.9063077870366496
8.88178419700125e-16, 0.4226182617407011, 0.9063077870366493
-0.10286476764415127, 0.33403351917695084, 0.9369313996466211
-0.22142738646170504, 0.2214273864617078, 0.9497051253149454
-0.3340335191769495, 0.10286476764415282, 0.9369313996466215
-0.4226182617406998, 6.383782391594647e-16, 0.9063077870366497
-0.4226182617407003, 0.0, 0.9063077870366496
-0.4226182617407003, 0.0, 0.9063077870366496
-0.4226182617407003, 0.0, 0.9063077870366496
-0.4226182617407003, 0.0, 0.9063077870366496
-0.4226182617407003, 0.0, 0.9063077870366496
-0.42261826174070116, 1.1102230246251565e-15, 0.9063077870366492
-0.33403351917695073, -0.10286476764414954, 0.9369313996466214
-0.22142738646170732, -0.22142738646170168, 0.9497051253149464
-0.10286476764415271, -0.33403351917694407, 0.9369313996466234
7.494005416219805e-16, -0.4226182617406943, 0.9063077870366523
6.982150666838977e-17, -0.42261826174069383, 0.9063077870366526
6.982150666838977e-17, -0.42261826174069383, 0.9063077870366526
6.982150666838977e-17, -0.42261826174069383, 0.9063077870366526
6.982150666838977e-17, -0.42261826174069383, 0.9063077870366526
6.982150666838977e-17, -0.42261826174069383, 0.9063077870366526
-1.0824674490095274e-15, -0.4226182617406948, 0.906307787036652
0.10286476764415022, -0.33403351917694485, 0.9369313996466233
0.22142738646170262, -0.22142738646170282, 0.9497051253149473
0.3340335191769446, -0.10286476764415042, 0.9369313996466235
0.42261826174069456, 9.436895709313829e-16, 0.9063077870366522
0.4226182617406938, 0.0, 0.9063077870366526
0.4226182617406938, 0.0, 0.9063077870366526
0.4226182617406938, 0.0, 0.9063077870366526
0.4226182617406938, 0.0, 0.9063077870366526
0.4226182617406938, 0.0, 0.9063077870366526
0.42261826174069483, -1.27675647831893e-15, 0.9063077870366523
0.33403351917694574, 0.10286476764415094, 0.936931399646623
0.22142738646170285, 0.22142738646170623, 0.9497051253149464
0.10286476764415005, 0.3340335191769503, 0.9369313996466215
1.1102230246251563e-16, 0.42261826174070016, 0.9063077870366496
-6.982150666839085e-17, 0.4226182617407003, 0.9063077870366496
-6.982150666839085e-17, 0.4226182617407003, 0.9063077870366496
-6.982150666839085e-17, 0.4226182617407003, 0.9063077870366496
-6.982150666839085e-17, 0.4226182617407003, 0.9063077870366496
-6.982150666839085e-17, 0.4226182617407003, 0.9063077870366496
1.5265566588595898e-15, 0.42261826174070166, 0.906307787036649
-0.10286476764414994, 0.33403351917695207, 0.9369313996466209
-0.22142738646170504, 0.2214273864617078, 0.9497051253149454
-0.3340335191769488, 0.10286476764415345, 0.9369313996466215
-0.4226182617406998, 6.383782391594647e-16, 0.9063077870366497
-0.4226182617407003, 0.0, 0.9063077870366496
-0.4226182617407003, 0.0, 0.9063077870366496
-0.4226182617407003, 0.0, 0.9063077870366496
-0.4226182617407003, 0.0, 0.9063077870366496
-0.4226182617407003, 0.0, 0.9063077870366496
-0.42261826174070116, 1.1102230246251565e-15, 0.9063077870366492
-0.33403351917695073, -0.10286476764414954, 0.9369313996466214
-0.22142738646170732, -0.22142738646170168, 0.9497051253149464
-0.10286476764415271, -0.33403351917694407, 0.9369313996466234
7.494005416219805e-16, -0.4226182617406943, 0.9063077870366523
6.982150666838977e-17, -0.42261826174069383, 0.9063077870366526
6.982150666838977e-17, -0.42261826174069383, 0.9063077870366526
6.982150666838977e-17, -0.42261826174069383, 0.9063077870366526
6.982150666838977e-17, -0.42261826174069383, 0.9063077870366526
6.982150666838977e-17, -0.42261826174069383, 0.9063077870366526
-1.0824674490095274e-15, -0.4226182617406948, 0.906307787036652
0.10286476764415022, -0.33403351917694485, 0.9369313996466233
0.22142738646170262, -0.22142738646170282, 0.9497051253149473
0.3340335191769446, -0.10286476764415042, 0.9369313996466235
0.42261826174069406, 2.775557561562891e-16, 0.9063077870366525
0.4226182617406938, 0.0, 0.9063077870366526
0.4226182617406938, 0.0, 0.9063077870366526
0.4226182617406938, 0.0, 0.9063077870366526
0.4226182617406938, 0.0, 0.9063077870366526
0.4226182617406938, 0.0, 0.9063077870366526
0.4226182617406943, -6.10622663543836e-16, 0.9063077870366524
0.3340335191769445, 0.10286476764415223, 0.9369313996466233
0.22142738646170224, 0.22142738646170687, 0.9497051253149464
0.10286476764415005, 0.3340335191769503, 0.9369313996466215
-5.828670879282071e-16, 0.4226182617407007, 0.9063077870366494
-6.982150666839085e-17, 0.4226182617407003, 0.9063077870366496
-6.982150666839085e-17, 0.4226182617407003, 0.9063077870366496
-6.982150666839085e-17, 0.4226182617407003, 0.9063077870366496
-6.982150666839085e-17, 0.4226182617407003, 0.9063077870366496
-6.982150666839085e-17, 0.4226182617407003, 0.9063077870366496
2.1926904736346838e-15, 0.42261826174070216, 0.9063077870366487
-0.10286476764415066, 0.3340335191769515, 0.9369313996466211
-0.22142738646170504, 0.2214273864617078, 0.9497051253149454
-0.3340335191769488, 0.10286476764415345, 0.9369313996466215
-0.4226182617406998, 6.383782391594647e-16, 0.9063077870366497
-0.4226182617407003, 0.0, 0.9063077870366496
-0.4226182617407003, 0.0, 0.9063077870366496
-0.4226182617407003, 0.0, 0.9063077870366496
-0.4226182617407003, 0.0, 0.9063077870366496
-0.4226182617407003, 0.0, 0.9063077870366496
-0.42261826174070116, 1.1102230246251565e-15, 0.9063077870366492
-0.33403351917695073, -0.10286476764414954, 0.9369313996466214
-0.22142738646170793, -0.22142738646170107, 0.9497051253149463
-0.10286476764415209, -0.3340335191769447, 0.9369313996466233
7.494005416219805e-16, -0.4226182617406943, 0.9063077870366523
6.982150666838977e-17, -0.42261826174069383, 0.9063077870366526
6.982150666838977e-17, -0.42261826174069383, 0.9063077870366526
6.982150666838977e-17, -0.42261826174069383, 0.9063077870366526
6.982150666838977e-17, -0.42261826174069383, 0.9063077870366526
6.982150666838977e-17, -0.42261826174069383, 0.9063077870366526
-1.0824674490095274e-15, -0.4226182617406948, 0.906307787036652
0.10286476764415022, -0.33403351917694485, 0.9369313996466233
0.22142738646170262, -0.22142738646170282, 0.9497051253149473
0.3340335191769446, -0.10286476764415042, 0.9369313996466235
0.42261826174069456, 9.436895709313829e-16, 0.9063077870366522
0.4226182617406938, 0.0, 0.9063077870366526
0.4226182617406938, 0.0, 0.9063077870366526
0.4226182617406938, 0.0, 0.9063077870366526
0.4226182617406938, 0.0, 0.9063077870366526
0.4226182617406938, 0.0, 0.9063077870366526
0.42261826174069483, -1.27675647831893e-15, 0.9063077870366523
0.3340335191769445, 0.10286476764415223, 0.9369313996466233
0.22142738646170285, 0.22142738646170623, 0.9497051253149464
0.10286476764415005, 0.3340335191769503, 0.9369313996466215
1.1102230246251563e-16, 0.42261826174070016, 0.9063077870366496
-6.982150666839085e-17, 0.4226182617407003, 0.9063077870366496
-6.982150666839085e-17, 0.4226182617407003, 0.9063077870366496
-6.982150666839085e-17, 0.4226182617407003, 0.9063077870366496
-6.982150666839085e-17, 0.4226182617407003, 0.9063077870366496
-6.982150666839085e-17, 0.4226182617407003, 0.9063077870366496
8.88178419700125e-16, 0.4226182617407011, 0.9063077870366493
-0.10286476764415066, 0.3340335191769515, 0.9369313996466211
-0.22142738646170504, 0.2214273864617078, 0.9497051253149454
-0.3340335191769488, 0.10286476764415345, 0.9369313996466215
-0.4226182617406998, 6.383782391594647e-16, 0.9063077870366497
-0.4226182617407003, 0.0, 0.9063077870366496
-0.4226182617407003, 0.0, 0.9063077870366496
-0.4226182617407003, 0.0, 0.9063077870366496
-0.4226182617407003, 0.0, 0.9063077870366496
-0.4226182617407003, 0.0, 0.9063077870366496
-0.42261826174070116, 1.1102230246251565e-15, 0.9063077870366492
-0.33403351917695123, -0.10286476764414891, 0.9369313996466213
-0.22142738646170793, -0.22142738646170107, 0.9497051253149463
-0.10286476764415271, -0.33403351917694407, 0.9369313996466234
1.1102230246251565e-16, -0.42261826174069383, 0.9063077870366526
6.982150666838977e-17, -0.42261826174069383, 0.9063077870366526
6.982150666838977e-17, -0.42261826174069383, 0.9063077870366526
6.982150666838977e-17, -0.42261826174069383, 0.9063077870366526
6.982150666838977e-17, -0.42261826174069383, 0.9063077870366526
6.982150666838977e-17, -0.42261826174069383, 0.9063077870366526
-1.0824674490095274e-15, -0.4226182617406948, 0.906307787036652
0.10286476764415022, -0.33403351917694485, 0.9369313996466233
0.22142738646170262, -0.22142738646170282, 0.9497051253149473
0.334033519176944, -0.1028647676441511, 0.9369313996466236
0.42261826174069406, 2.775557561562891e-16, 0.9063077870366525
0.4226182617406938, 0.0, 0.9063077870366526
0.4226182617406938, 0.0, 0.9063077870366526
0.4226182617406938, 0.0, 0.9063077870366526
0.4226182617406938, 0.0, 0.9063077870366526
0.4226182617406938, 0.0, 0.9063077870366526
0.42261826174069483, -1.27675647831893e-15, 0.9063077870366523
0.33403351917694507, 0.10286476764415159, 0.9369313996466231
0.22142738646170285, 0.22142738646170623, 0.9497051253149464
0.10286476764415005, 0.3340335191769503, 0.9369313996466215
1.1102230246251563e-16, 0.42261826174070016, 0.9063077870366496
-6.982150666839085e-17, 0.4226182617407003, 0.9063077870366496
-6.982150666839085e-17, 0.4226182617407003, 0.9063077870366496
-6.982150666839085e-17, 0.4226182617407003, 0.9063077870366496
-6.982150666839085e-17, 0.4226182617407003, 0.9063077870366496
-6.982150666839085e-17, 0.4226182617407003, 0.9063077870366496
8.88178419700125e-16, 0.4226182617407011, 0.9063077870366493
-0.10286476764415066, 0.3340335191769515, 0.9369313996466211
-0.22142738646170504, 0.2214273864617078, 0.9497051253149454
-0.3340335191769488, 0.10286476764415345, 0.9369313996466215
-0.4226182617406992, 1.3045120539345583e-15, 0.90630778703665
-0.4226182617407003, 0.0, 0.9063077870366496
-0.4226182617407003, 0.0, 0.9063077870366496
-0.4226182617407003, 0.0, 0.9063077870366496
-0.4226182617407003, 0.0, 0.9063077870366496
-0.4226182617407003, 0.0, 0.9063077870366496
-0.42261826174070116, 1.1102230246251565e-15, 0.9063077870366492
-0.33403351917695073, -0.10286476764414954, 0.9369313996466214
-0.22142738646170793, -0.22142738646170107, 0.9497051253149463
-0.10286476764415209, -0.3340335191769447, 0.9369313996466233
7.494005416219805e-16, -0.4226182617406943, 0.9063077870366523
6.982150666838977e-17, -0.42261826174069383, 0.9063077870366526
6.982150666838977e-17, -0.42261826174069383, 0.9063077870366526
6.982150666838977e-17, -0.42261826174069383, 0.9063077870366526
6.982150666838977e-17, -0.42261826174069383, 0.9063077870366526
6.982150666838977e-17, -0.42261826174069383, 0.9063077870366526
-1.0824674490095274e-15, -0.4226182617406948, 0.906307787036652
0.1028647676441496, -0.33403351917694546, 0.9369313996466233
0.22142738646170135, -0.2214273864617041, 0.9497051253149473
0.334033519176944, -0.1028647676441511, 0.9369313996466236
0.42261826174069406, 2.775557561562891e-16, 0.9063077870366525
0.4226182617406938, 0.0, 0.9063077870366526
0.4226182617406938, 0.0, 0.9063077870366526
0.4226182617406938, 0.0, 0.9063077870366526
0.4226182617406938, 0.0, 0.9063077870366526
0.4226182617406938, 0.0, 0.9063077870366526
0.42261826174069483, -1.27675647831893e-15, 0.9063077870366523
0.33403351917694574, 0.10286476764415094, 0.936931399646623
0.2214273864617035, 0.2214273864617056, 0.9497051253149464
0.10286476764415005, 0.3340335191769503, 0.9369313996466215
1.1102230246251563e-16, 0.42261826174070016, 0.9063077870366496
-6.982150666839085e-17, 0.4226182617407003, 0.9063077870366496
-6.982150666839085e-17, 0.4226182617407003, 0.9063077870366496
-6.982150666839085e-17, 0.4226182617407003, 0.9063077870366496
-6.982150666839085e-17, 0.4226182617407003, 0.9063077870366496
-6.982150666839085e-17, 0.4226182617407003, 0.9063077870366496
8.88178419700125e-16, 0.4226182617407011, 0.9063077870366493
-0.10286476764415127, 0.33403351917695084, 0.9369313996466211
-0.22142738646170504, 0.2214273864617078, 0.9497051253149454
-0.3340335191769488, 0.10286476764415345, 0.9369313996466215
-0.4226182617406998, 6.383782391594647e-16, 0.9063077870366497
-0.4226182617407003, 0.0, 0.9063077870366496
-0.4226182617407003, 0.0, 0.9063077870366496
-0.4226182617407003, 0.0, 0.9063077870366496
-0.4226182617407003, 0.0, 0.9063077870366496
-0.4226182617407003, 0.0, 0.9063077870366496
-0.42261826174070116, 1.1102230246251565e-15, 0.9063077870366492
-0.33403351917695073, -0.10286476764414954, 0.9369313996466214
-0.22142738646170732, -0.22142738646170168, 0.9497051253149464
-0.10286476764415271, -0.33403351917694407, 0.9369313996466234
7.494005416219805e-16, -0.4226182617406943, 0.9063077870366523
6.982150666838977e-17, -0.42261826174069383, 0.9063077870366526
6.982150666838977e-17, -0.42261826174069383, 0.9063077870366526
6.982150666838977e-17, -0.42261826174069383, 0.9063077870366526
6.982150666838977e-17, -0.42261826174069383, 0.9063077870366526
6.982150666838977e-17, -0.42261826174069383, 0.9063077870366526
-1.0824674490095274e-15, -0.4226182617406948, 0.906307787036652
0.1028647676441496, -0.33403351917694546, 0.9369313996466233
0.22142738646170135, -0.2214273864617041, 0.9497051253149473
0.334033519176944, -0.1028647676441511, 0.9369313996466236
0.42261826174069406, 2.775557561562891e-16, 0.9063077870366525
0.4226182617406938, 0.0, 0.9063077870366526
0.4226182617406938, 0.0, 0.9063077870366526
0.4226182617406938, 0.0, 0.9063077870366526
0.4226182617406938, 0.0, 0.9063077870366526
0.4226182617406938, 0.0, 0.9063077870366526
0.42261826174069483, -1.27675647831893e-15, 0.9063077870366523
0.3340335191769445, 0.10286476764415223, 0.9369313996466233
0.22142738646170285, 0.22142738646170623, 0.9497051253149464
0.10286476764415005, 0.3340335191769503, 0.9369313996466215
1.1102230246251563e-16, 0.42261826174070016, 0.9063077870366496
-6.982150666839085e-17, 0.4226182617407003, 0.9063077870366496
-6.982150666839085e-17, 0.4226182617407003, 0.9063077870366496
-6.982150666839085e-17, 0.4226182617407003, 0.9063077870366496
-6.982150666839085e-17, 0.4226182617407003, 0.9063077870366496
-6.982150666839085e-17, 0.4226182617407003, 0.9063077870366496
8.88178419700125e-16, 0.4226182617407011, 0.9063077870366493
-0.10286476764415066, 0.3340335191769515, 0.9369313996466211
-0.22142738646170504, 0.2214273864617078, 0.9497051253149454
-0.3340335191769483, 0.1028647676441541, 0.9369313996466218
-0.4226182617406988, 1.942890293094023e-15, 0.9063077870366503
-0.4226182617407003, 0.0, 0.9063077870366496
-0.4226182617407003, 0.0, 0.9063077870366496
-0.4226182617407003, 0.0, 0.9063077870366496
-0.4226182617407003, 0.0, 0.9063077870366496
-0.4226182617407003, 0.0, 0.9063077870366496
-0.42261826174070116, 1.1102230246251565e-15, 0.9063077870366492
-0.33403351917695073, -0.10286476764414954, 0.9369313996466214
-0.22142738646170793, -0.22142738646170107, 0.9497051253149463
-0.10286476764415271, -0.33403351917694407, 0.9369313996466234
1.4432899320127037e-15, -0.42261826174069494, 0.9063077870366522
6.982150666838977e-17, -0.42261826174069383, 0.9063077870366526
6.982150666838977e-17, -0.42261826174069383, 0.9063077870366526
6.982150666838977e-17, -0.42261826174069383, 0.9063077870366526
6.982150666838977e-17, -0.42261826174069383, 0.9063077870366526
6.982150666838977e-17, -0.42261826174069383, 0.9063077870366526
-1.0824674490095274e-15, -0.4226182617406948, 0.906307787036652
0.10286476764414894, -0.334033519176946, 0.9369313996466232
0.22142738646170135, -0.2214273864617041, 0.9497051253149473
0.334033519176944, -0.1028647676441511, 0.9369313996466236
0.42261826174069406, 2.775557561562891e-16, 0.9063077870366525
0.4226182617406938, 0.0, 0.9063077870366526
0.4226182617406938, 0.0, 0.9063077870366526
0.4226182617406938, 0.0, 0.9063077870366526
0.4226182617406938, 0.0, 0.9063077870366526
0.4226182617406938, 0.0, 0.9063077870366526
0.42261826174069483, -1.27675647831893e-15, 0.9063077870366523
0.3340335191769445, 0.10286476764415223, 0.9369313996466233
0.2214273864617016, 0.22142738646170748, 0.9497051253149464
0.10286476764415005, 0.3340335191769503, 0.9369313996466215
1.1102230246251563e-16, 0.42261826174070016, 0.9063077870366496
-6.982150666839085e-17, 0.4226182617407003, 0.9063077870366496
-6.982150666839085e-17, 0.4226182617407003, 0.9063077870366496
-6.982150666839085e-17, 0.4226182617407003, 0.9063077870366496
-6.982150666839085e-17, 0.4226182617407003, 0.9063077870366496
-6.982150666839085e-17, 0.4226182617407003, 0.9063077870366496
8.88178419700125e-16, 0.4226182617407011, 0.9063077870366493
-0.10286476764415127, 0.33403351917695084, 0.9369313996466211
-0.22142738646170568, 0.22142738646170715, 0.9497051253149456
-0.3340335191769488, 0.10286476764415345, 0.9369313996466215
-0.4226182617406998, 6.383782391594647e-16, 0.9063077870366497
-0.4226182617407003, 0.0, 0.9063077870366496
-0.4226182617407003, 0.0, 0.9063077870366496
-0.4226182617407003, 0.0, 0.9063077870366496
-0.4226182617407003, 0.0, 0.9063077870366496
-0.4226182617407003, 0.0, 0.9063077870366496
-0.42261826174070116, 1.1102230246251565e-15, 0.9063077870366492
-0.33403351917695073, -0.10286476764414954, 0.9369313996466214
-0.22142738646170856, -0.22142738646170043, 0.9497051253149464
-0.10286476764415338, -0.33403351917694346, 0.9369313996466235
1.1102230246251565e-16, -0.42261826174069383, 0.9063077870366526
6.982150666838977e-17, -0.42261826174069383, 0.9063077870366526
6.982150666838977e-17, -0.42261826174069383, 0.9063077870366526
6.982150666838977e-17, -0.42261826174069383, 0.9063077870366526
6.982150666838977e-17, -0.42261826174069383, 0.9063077870366526
6.982150666838977e-17, -0.42261826174069383, 0.9063077870366526
-1.0824674490095274e-15, -0.4226182617406948, 0.906307787036652
0.10286476764414894, -0.334033519176946, 0.9369313996466232
0.22142738646170135, -0.2214273864617041, 0.9497051253149473
0.334033519176944, -0.1028647676441511, 0.9369313996466236
0.42261826174069406, 2.775557561562891e-16, 0.9063077870366525
0.4226182617406938, 0.0, 0.9063077870366526
0.4226182617406938, 0.0, 0.9063077870366526
0.4226182617406938, 0.0, 0.9063077870366526
0.4226182617406938, 0.0, 0.9063077870366526
0.4226182617406938, 0.0, 0.9063077870366526
0.42261826174069483, -1.27675647831893e-15, 0.9063077870366523
0.3340335191769445, 0.10286476764415223, 0.9369313996466233
0.2214273864617016, 0.22142738646170748, 0.9497051253149464
0.10286476764414937, 0.33403351917695084, 0.9369313996466213
1.1102230246251563e-16, 0.42261826174070016, 0.9063077870366496
-6.982150666839085e-17, 0.4226182617407003, 0.9063077870366496
-6.982150666839085e-17, 0.4226182617407003, 0.9063077870366496
-6.982150666839085e-17, 0.4226182617407003, 0.9063077870366496
-6.982150666839085e-17, 0.4226182617407003, 0.9063077870366496
-6.982150666839085e-17, 0.4226182617407003, 0.9063077870366496
8.88178419700125e-16, 0.4226182617407011, 0.9063077870366493
-0.10286476764415066, 0.3340335191769515, 0.9369313996466211
-0.22142738646170504, 0.2214273864617078, 0.9497051253149454
-0.3340335191769488, 0.10286476764415345, 0.9369313996466215
-0.4226182617406988, 1.942890293094023e-15, 0.9063077870366503
-0.4226182617407003, 0.0, 0.9063077870366496
-0.4226182617407003, 0.0, 0.9063077870366496
-0.4226182617407003, 0.0, 0.9063077870366496
-0.4226182617407003, 0.0, 0.9063077870366496
-0.4226182617407003, 0.0, 0.9063077870366496
-0.4226182617407006, 3.885780586188048e-16, 0.9063077870366495
-0.33403351917695073, -0.10286476764414954, 0.9369313996466214
-0.22142738646170793, -0.22142738646170107, 0.9497051253149463
-0.10286476764415338, -0.33403351917694346, 0.9369313996466235
7.494005416219805e-16, -0.4226182617406943, 0.9063077870366523
6.982150666838977e-17, -0.42261826174069383, 0.9063077870366526
6.982150666838977e-17, -0.42261826174069383, 0.9063077870366526
6.982150666838977e-17, -0.42261826174069383, 0.9063077870366526
6.982150666838977e-17, -0.42261826174069383, 0.9063077870366526
6.982150666838977e-17, -0.42261826174069383, 0.9063077870366526
-1.7486012637846212e-15, -0.42261826174069533, 0.9063077870366518
0.10286476764414829, -0.3340335191769466, 0.9369313996466231
0.22142738646170135, -0.2214273864617041, 0.9497051253149473
0.334033519176944, -0.1028647676441511, 0.9369313996466236
0.42261826174069456, 9.436895709313829e-16, 0.9063077870366522
0.4226182617406938, 0.0, 0.9063077870366526
0.4226182617406938, 0.0, 0.9063077870366526
0.4226182617406938, 0.0, 0.9063077870366526
0.4226182617406938, 0.0, 0.9063077870366526
0.4226182617406938, 0.0, 0.9063077870366526
0.42261826174069483, -1.27675647831893e-15, 0.9063077870366523
0.33403351917694574, 0.10286476764415094, 0.936931399646623
0.22142738646170224, 0.22142738646170687, 0.9497051253149464
0.10286476764415071, 0.3340335191769496, 0.9369313996466215
1.1102230246251563e-16, 0.42261826174070016, 0.9063077870366496
-6.982150666839085e-17, 0.4226182617407003, 0.9063077870366496
-6.982150666839085e-17, 0.4226182617407003, 0.9063077870366496
-6.982150666839085e-17, 0.4226182617407003, 0.9063077870366496
-6.982150666839085e-17, 0.4226182617407003, 0.9063077870366496
-6.982150666839085e-17, 0.4226182617407003, 0.9063077870366496
8.88178419700125e-16, 0.4226182617407011, 0.9063077870366493
-0.10286476764415066, 0.3340335191769515, 0.9369313996466211
-0.22142738646170504, 0.2214273864617078, 0.9497051253149454
-0.3340335191769488, 0.10286476764415345, 0.9369313996466215
-0.4226182617406992, 1.3045120539345583e-15, 0.90630778703665
-0.4226182617407003, 0.0, 0.9063077870366496
-0.4226182617407003, 0.0, 0.9063077870366496
-0.4226182617407003, 0.0, 0.9063077870366496
-0.4226182617407003, 0.0, 0.9063077870366496
-0.4226182617407003, 0.0, 0.9063077870366496
-0.42261826174070116, 1.1102230246251565e-15, 0.9063077870366492
-0.33403351917695073, -0.10286476764414954, 0.9369313996466214
-0.22142738646170793, -0.22142738646170107, 0.9497051253149463
-0.10286476764415271, -0.33403351917694407, 0.9369313996466234
7.494005416219805e-16, -0.4226182617406943, 0.9063077870366523
6.982150666838977e-17, -0.42261826174069383, 0.9063077870366526
6.982150666838977e-17, -0.42261826174069383, 0.9063077870366526
6.982150666838977e-17, -0.42261826174069383, 0.9063077870366526
6.982150666838977e-17, -0.42261826174069383, 0.9063077870366526
6.982150666838977e-17, -0.42261826174069383, 0.9063077870366526
-4.163336342344337e-16, -0.42261826174069433, 0.9063077870366525
0.10286476764415022, -0.33403351917694485, 0.9369313996466233
0.22142738646170262, -0.22142738646170282, 0.9497051253149473
0.3340335191769446, -0.10286476764415042, 0.9369313996466235
0.42261826174069406, 2.775557561562891e-16, 0.9063077870366525
0.4226182617406938, 0.0, 0.9063077870366526
0.4226182617406938, 0.0, 0.9063077870366526
0.4226182617406938, 0.0, 0.9063077870366526
0.4226182617406938, 0.0, 0.9063077870366526
0.4226182617406938, 0.0, 0.9063077870366526
0.42261826174069483, -1.27675647831893e-15, 0.9063077870366523
0.33403351917694574, 0.10286476764415094, 0.936931399646623
0.22142738646170285, 0.22142738646170623, 0.9497051253149464
0.10286476764415005, 0.3340335191769503, 0.9369313996466215
1.1102230246251563e-16, 0.42261826174070016, 0.9063077870366496
-6.982150666839085e-17, 0.4226182617407003, 0.9063077870366496
-6.982150666839085e-17, 0.4226182617407003, 0.9063077870366496
-6.982150666839085e-17, 0.4226182617407003, 0.9063077870366496
-6.982150666839085e-17, 0.4226182617407003, 0.9063077870366496
-6.982150666839085e-17, 0.4226182617407003, 0.9063077870366496
8.88178419700125e-16, 0.4226182617407011, 0.9063077870366493
-0.10286476764415066, 0.3340335191769515, 0.9369313996466211
-0.22142738646170504, 0.2214273864617078, 0.9497051253149454
-0.3340335191769488, 0.10286476764415345, 0.9369313996466215
-0.4226182617406998, 6.383782391594647e-16, 0.9063077870366497
-0.4226182617407003, 0.0, 0.9063077870366496
-0.4226182617407003, 0.0, 0.9063077870366496
-0.4226182617407003, 0.0, 0.9063077870366496
-0.4226182617407003, 0.0, 0.9063077870366496
-0.4226182617407003, 0.0, 0.9063077870366496
-0.42261826174070116, 1.1102230246251565e-15, 0.9063077870366492
-0.33403351917695073, -0.10286476764414954, 0.9369313996466214
-0.22142738646170732, -0.22142738646170168, 0.9497051253149464
-0.10286476764415209, -0.3340335191769447, 0.9369313996466233
1.4432899320127037e-15, -0.42261826174069494, 0.9063077870366522
6.982150666838977e-17, -0.42261826174069383, 0.9063077870366526
6.982150666838977e-17, -0.42261826174069383, 0.9063077870366526
6.982150666838977e-17, -0.42261826174069383, 0.9063077870366526
6.982150666838977e-17, -0.42261826174069383, 0.9063077870366526
6.982150666838977e-17, -0.42261826174069383, 0.9063077870366526
-4.163336342344337e-16, -0.42261826174069433, 0.9063077870366525
0.10286476764415022, -0.33403351917694485, 0.9369313996466233
0.22142738646170262, -0.22142738646170282, 0.9497051253149473
0.334033519176944, -0.1028647676441511, 0.9369313996466236
0.42261826174069406, 2.775557561562891e-16, 0.9063077870366525
0.4226182617406938, 0.0, 0.9063077870366526
0.4226182617406938, 0.0, 0.9063077870366526
0.4226182617406938, 0.0, 0.9063077870366526
0.4226182617406938, 0.0, 0.9063077870366526
0.4226182617406938, 0.0, 0.9063077870366526
0.42261826174069483, -1.27675647831893e-15, 0.9063077870366523
0.33403351917694507, 0.10286476764415159, 0.9369313996466231
0.2214273864617016, 0.22142738646170748, 0.9497051253149464
0.10286476764415005, 0.3340335191769503, 0.9369313996466215
1.1102230246251563e-16, 0.42261826174070016, 0.9063077870366496
-6.982150666839085e-17, 0.4226182617407003, 0.9063077870366496
-6.982150666839085e-17, 0.4226182617407003, 0.9063077870366496
-6.982150666839085e-17, 0.4226182617407003, 0.9063077870366496
-6.982150666839085e-17, 0.4226182617407003, 0.9063077870366496
-6.982150666839085e-17, 0.4226182617407003, 0.9063077870366496
1.5265566588595898e-15, 0.42261826174070166, 0.906307787036649
-0.10286476764415066, 0.3340335191769515, 0.9369313996466211
-0.22142738646170504, 0.2214273864617078, 0.9497051253149454
-0.3340335191769495, 0.10286476764415282, 0.9369313996466215
-0.4226182617406998, 6.383782391594647e-16, 0.9063077870366497
-0.4226182617407003, 0.0, 0.9063077870366496
-0.4226182617407003, 0.0, 0.9063077870366496
-0.4226182617407003, 0.0, 0.9063077870366496
-0.4226182617407003, 0.0, 0.9063077870366496
-0.4226182617407003, 0.0, 0.9063077870366496
-0.42261826174070116, 1.1102230246251565e-15, 0.9063077870366492
-0.33403351917695073, -0.10286476764414954, 0.9369313996466214
-0.22142738646170856, -0.22142738646170043, 0.9497051253149464
-0.10286476764415338, -0.33403351917694346, 0.9369313996466235
1.1102230246251565e-16, -0.42261826174069383, 0.9063077870366526
6.982150666838977e-17, -0.42261826174069383, 0.9063077870366526
6.982150666838977e-17, -0.42261826174069383, 0.9063077870366526
6.982150666838977e-17, -0.42261826174069383, 0.9063077870366526
6.982150666838977e-17, -0.42261826174069383, 0.9063077870366526
6.982150666838977e-17, -0.42261826174069383, 0.9063077870366526
-4.163336342344337e-16, -0.42261826174069433, 0.9063077870366525
0.10286476764415022, -0.33403351917694485, 0.9369313996466233
0.22142738646170262, -0.22142738646170282, 0.9497051253149473
0.3340335191769446, -0.10286476764415042, 0.9369313996466235
0.422618261740693, -1.0547118733938987e-15, 0.906307787036653
0.4226182617406938, 0.0, 0.9063077870366526
0.4226182617406938, 0.0, 0.9063077870366526
0.4226182617406938, 0.0, 0.9063077870366526
0.4226182617406938, 0.0, 0.9063077870366526
0.4226182617406938, 0.0, 0.9063077870366526
0.42261826174069483, -1.27675647831893e-15, 0.9063077870366523
0.3340335191769445, 0.10286476764415223, 0.9369313996466233
0.2214273864617016, 0.22142738646170748, 0.9497051253149464
0.10286476764415005, 0.3340335191769503, 0.9369313996466215
1.1102230246251563e-16, 0.42261826174070016, 0.9063077870366496
-6.982150666839085e-17, 0.4226182617407003, 0.9063077870366496
-6.982150666839085e-17, 0.4226182617407003, 0.9063077870366496
-6.982150666839085e-17, 0.4226182617407003, 0.9063077870366496
-6.982150666839085e-17, 0.4226182617407003, 0.9063077870366496
-6.982150666839085e-17, 0.4226182617407003, 0.9063077870366496
8.88178419700125e-16, 0.4226182617407011, 0.9063077870366493
-0.10286476764415127, 0.33403351917695084, 0.9369313996466211
-0.22142738646170504, 0.2214273864617078, 0.9497051253149454
-0.3340335191769488, 0.10286476764415345, 0.9369313996466215
-0.4226182617406998, 6.383782391594647e-16, 0.9063077870366497
-0.4226182617407003, 0.0, 0.9063077870366496
-0.4226182617407003, 0.0, 0.9063077870366496
-0.4226182617407003, 0.0, 0.9063077870366496
-0.4226182617407003, 0.0, 0.9063077870366496
-0.4226182617407003, 0.0, 0.9063077870366496
-0.4226182617407006, 3.885780586188048e-16, 0.9063077870366495
-0.33403351917695123, -0.10286476764414891, 0.9369313996466213
-0.22142738646170732, -0.22142738646170168, 0.9497051253149464
-0.10286476764415209, -0.3340335191769447, 0.9369313996466233
1.1102230246251565e-16, -0.42261826174069383, 0.9063077870366526
6.982150666838977e-17, -0.42261826174069383, 0.9063077870366526
6.982150666838977e-17, -0.42261826174069383, 0.9063077870366526
6.982150666838977e-17, -0.42261826174069383, 0.9063077870366526
6.982150666838977e-17, -0.42261826174069383, 0.9063077870366526
6.982150666838977e-17, -0.42261826174069383, 0.9063077870366526
-1.0824674490095274e-15, -0.4226182617406948, 0.906307787036652
0.10286476764415022, -0.33403351917694485, 0.9369313996466233
0.22142738646170262, -0.22142738646170282, 0.9497051253149473
0.334033519176944, -0.1028647676441511, 0.9369313996466236
0.42261826174069406, 2.775557561562891e-16, 0.9063077870366525
0.4226182617406938, 0.0, 0.9063077870366526
0.4226182617406938, 0.0, 0.9063077870366526
0.4226182617406938, 0.0, 0.9063077870366526
0.4226182617406938, 0.0, 0.9063077870366526
0.4226182617406938, 0.0, 0.9063077870366526
0.42261826174069483, -1.27675647831893e-15, 0.9063077870366523
0.33403351917694574, 0.10286476764415094, 0.936931399646623
0.22142738646170285, 0.22142738646170623, 0.9497051253149464
0.10286476764415071, 0.3340335191769496, 0.9369313996466215
1.1102230246251563e-16, 0.42261826174070016, 0.9063077870366496
-6.982150666839085e-17, 0.4226182617407003, 0.9063077870366496
-6.982150666839085e-17, 0.4226182617407003, 0.9063077870366496
-6.982150666839085e-17, 0.4226182617407003, 0.9063077870366496
-6.982150666839085e-17, 0.4226182617407003, 0.9063077870366496
-6.982150666839085e-17, 0.4226182617407003, 0.9063077870366496
8.88178419700125e-16, 0.4226182617407011, 0.9063077870366493
-0.10286476764415127, 0.33403351917695084, 0.9369313996466211
-0.22142738646170504, 0.2214273864617078, 0.9497051253149454
-0.3340335191769483, 0.1028647676441541, 0.9369313996466218
-0.4226182617406992, 1.3045120539345583e-15, 0.90630778703665
-0.4226182617407003, 0.0, 0.9063077870366496
-0.4226182617407003, 0.0, 0.9063077870366496
-0.4226182617407003, 0.0, 0.9063077870366496
-0.4226182617407003, 0.0, 0.9063077870366496
-0.4226182617407003, 0.0, 0.9063077870366496
-0.42261826174070116, 1.1102230246251565e-15, 0.9063077870366492
-0.33403351917695073, -0.10286476764414954, 0.9369313996466214
-0.22142738646170732, -0.22142738646170168, 0.9497051253149464
-0.10286476764415209, -0.3340335191769447, 0.9369313996466233
1.1102230246251565e-16, -0.42261826174069383, 0.9063077870366526
6.982150666838977e-17, -0.42261826174069383, 0.9063077870366526
6.982150666838977e-17, -0.42261826174069383, 0.9063077870366526
6.982150666838977e-17, -0.42261826174069383, 0.9063077870366526
6.982150666838977e-17, -0.42261826174069383, 0.9063077870366526
6.982150666838977e-17, -0.42261826174069383, 0.9063077870366526
-4.163336342344337e-16, -0.42261826174069433, 0.9063077870366525
0.10286476764415022, -0.33403351917694485, 0.9369313996466233
0.22142738646170262, -0.22142738646170282, 0.9497051253149473
0.3340335191769446, -0.10286476764415042, 0.9369313996466235
0.422618261740693, -1.0547118733938987e-15, 0.906307787036653
0.4226182617406938, 0.0, 0.9063077870366526
0.4226182617406938, 0.0, 0.9063077870366526
0.4226182617406938, 0.0, 0.9063077870366526
0.4226182617406938, 0.0, 0.9063077870366526
0.4226182617406938, 0.0, 0.9063077870366526
0.42261826174069483, -1.27675647831893e-15, 0.9063077870366523
0.33403351917694574, 0.10286476764415094, 0.936931399646623
0.2214273864617035, 0.2214273864617056, 0.9497051253149464
0.10286476764415071, 0.3340335191769496, 0.9369313996466215
1.1102230246251563e-16, 0.42261826174070016, 0.9063077870366496
-6.982150666839085e-17, 0.4226182617407003, 0.9063077870366496
-6.982150666839085e-17, 0.4226182617407003, 0.9063077870366496
-6.982150666839085e-17, 0.4226182617407003, 0.9063077870366496
-6.982150666839085e-17, 0.4226182617407003, 0.9063077870366496
-6.982150666839085e-17, 0.4226182617407003, 0.9063077870366496
2.1926904736346838e-15, 0.42261826174070216, 0.9063077870366487
-0.10286476764414994, 0.33403351917695207, 0.9369313996466209
-0.2214273864617038, 0.22142738646170904, 0.9497051253149454
-0.3340335191769483, 0.1028647676441541, 0.9369313996466218
-0.4226182617406992, 1.3045120539345583e-15, 0.90630778703665
-0.4226182617407003, 0.0, 0.9063077870366496
-0.4226182617407003, 0.0, 0.9063077870366496
-0.4226182617407003, 0.0, 0.9063077870366496
-0.4226182617407003, 0.0, 0.9063077870366496
-0.4226182617407003, 0.0, 0.9063077870366496
-0.42261826174070116, 1.1102230246251565e-15, 0.9063077870366492
-0.33403351917695073, -0.10286476764414954, 0.9369313996466214
-0.22142738646170793, -0.22142738646170107, 0.9497051253149463
-0.10286476764415209, -0.3340335191769447, 0.9369313996466233
1.1102230246251565e-16, -0.42261826174069383, 0.9063077870366526
6.982150666838977e-17, -0.42261826174069383, 0.9063077870366526
6.982150666838977e-17, -0.42261826174069383, 0.9063077870366526
6.982150666838977e-17, -0.42261826174069383, 0.9063077870366526
6.982150666838977e-17, -0.42261826174069383, 0.9063077870366526
6.982150666838977e-17, -0.42261826174069383, 0.9063077870366526
-1.0824674490095274e-15, -0.4226182617406948, 0.906307787036652
0.10286476764415022, -0.33403351917694485, 0.9369313996466233
0.22142738646170135, -0.2214273864617041, 0.9497051253149473
0.3340335191769446, -0.10286476764415042, 0.9369313996466235
0.42261826174069406, 2.775557561562891e-16, 0.9063077870366525
0.4226182617406938, 0.0, 0.9063077870366526
0.4226182617406938, 0.0, 0.9063077870366526
0.4226182617406938, 0.0, 0.9063077870366526
0.4226182617406938, 0.0, 0.9063077870366526
0.4226182617406938, 0.0, 0.9063077870366526
0.42261826174069483, -1.27675647831893e-15, 0.9063077870366523
0.3340335191769445, 0.10286476764415223, 0.9369313996466233
0.2214273864617016, 0.22142738646170748, 0.9497051253149464
0.10286476764414937, 0.33403351917695084, 0.9369313996466213
1.1102230246251563e-16, 0.42261826174070016, 0.9063077870366496
-6.982150666839085e-17, 0.4226182617407003, 0.9063077870366496
-6.982150666839085e-17, 0.4226182617407003, 0.9063077870366496
-6.982150666839085e-17, 0.4226182617407003, 0.9063077870366496
-6.982150666839085e-17, 0.4226182617407003, 0.9063077870366496
-6.982150666839085e-17, 0.4226182617407003, 0.9063077870366496
8.88178419700125e-16, 0.4226182617407011, 0.9063077870366493
-0.10286476764415066, 0.3340335191769515, 0.9369313996466211
-0.22142738646170504, 0.2214273864617078, 0.9497051253149454
-0.3340335191769488, 0.10286476764415345, 0.9369313996466215
-0.4226182617406998, 6.383782391594647e-16, 0.9063077870366497
-0.4226182617407003, 0.0, 0.9063077870366496
-0.4226182617407003, 0.0, 0.9063077870366496
-0.4226182617407003, 0.0, 0.9063077870366496
-0.4226182617407003, 0.0, 0.9063077870366496
-0.4226182617407003, 0.0, 0.9063077870366496
-0.4226182617407006, 3.885780586188048e-16, 0.9063077870366495
-0.33403351917695123, -0.10286476764414891, 0.9369313996466213
-0.22142738646170732, -0.22142738646170168, 0.9497051253149464
-0.10286476764415271, -0.33403351917694407, 0.9369313996466234
1.1102230246251565e-16, -0.42261826174069383, 0.9063077870366526
6.982150666838977e-17, -0.42261826174069383, 0.9063077870366526
6.982150666838977e-17, -0.42261826174069383, 0.9063077870366526
6.982150666838977e-17, -0.42261826174069383, 0.9063077870366526
6.982150666838977e-17, -0.42261826174069383, 0.9063077870366526
6.982150666838977e-17, -0.42261826174069383, 0.9063077870366526
-4.163336342344337e-16, -0.42261826174069433, 0.9063077870366525
0.10286476764415022, -0.33403351917694485, 0.9369313996466233
0.22142738646170262, -0.22142738646170282, 0.9497051253149473
0.3340335191769446, -0.10286476764415042, 0.9369313996466235
0.4226182617406936, -3.3306690738754696e-16, 0.9063077870366528
0.4226182617406938, 0.0, 0.9063077870366526
0.4226182617406938, 0.0, 0.9063077870366526
0.4226182617406938, 0.0, 0.9063077870366526
0.4226182617406938, 0.0, 0.9063077870366526
0.4226182617406938, 0.0, 0.9063077870366526
0.42261826174069483, -1.27675647831893e-15, 0.9063077870366523
0.33403351917694507, 0.10286476764415159, 0.9369313996466231
0.2214273864617016, 0.22142738646170748, 0.9497051253149464
0.10286476764415005, 0.3340335191769503, 0.9369313996466215
1.1102230246251563e-16, 0.42261826174070016, 0.9063077870366496
-6.982150666839085e-17, 0.4226182617407003, 0.9063077870366496
-6.982150666839085e-17, 0.4226182617407003, 0.9063077870366496
-6.982150666839085e-17, 0.4226182617407003, 0.9063077870366496
-6.982150666839085e-17, 0.4226182617407003, 0.9063077870366496
-6.982150666839085e-17, 0.4226182617407003, 0.9063077870366496
1.5265566588595898e-15, 0.42261826174070166, 0.906307787036649
-0.10286476764415066, 0.3340335191769515, 0.9369313996466211
-0.22142738646170504, 0.2214273864617078, 0.9497051253149454
-0.3340335191769483, 0.1028647676441541, 0.9369313996466218
-0.4226182617406998, 6.383782391594647e-16, 0.9063077870366497
-0.4226182617407003, 0.0, 0.9063077870366496
-0.4226182617407003, 0.0, 0.9063077870366496
-0.4226182617407003, 0.0, 0.9063077870366496
-0.4226182617407003, 0.0, 0.9063077870366496
-0.4226182617407003, 0.0, 0.9063077870366496
-0.42261826174070116, 1.1102230246251565e-15, 0.9063077870366492
-0.33403351917695123, -0.10286476764414891, 0.9369313996466213
-0.22142738646170732, -0.22142738646170168, 0.9497051253149464
-0.10286476764415271, -0.33403351917694407, 0.9369313996466234
1.1102230246251565e-16, -0.42261826174069383, 0.9063077870366526
6.982150666838977e-17, -0.42261826174069383, 0.9063077870366526
6.982150666838977e-17, -0.42261826174069383, 0.9063077870366526
6.982150666838977e-17, -0.42261826174069383, 0.9063077870366526
6.982150666838977e-17, -0.42261826174069383, 0.9063077870366526
6.982150666838977e-17, -0.42261826174069383, 0.9063077870366526
-4.163336342344337e-16, -0.42261826174069433, 0.9063077870366525
0.10286476764415022, -0.33403351917694485, 0.9369313996466233
0.22142738646170262, -0.22142738646170282, 0.9497051253149473
0.3340335191769446, -0.10286476764415042, 0.9369313996466235
0.42261826174069406, 2.775557561562891e-16, 0.9063077870366525
0.4226182617406938, 0.0, 0.9063077870366526
0.4226182617406938, 0.0, 0.9063077870366526
0.4226182617406938, 0.0, 0.9063077870366526
0.4226182617406938, 0.0, 0.9063077870366526
0.4226182617406938, 0.0, 0.9063077870366526
0.42261826174069483, -1.27675647831893e-15, 0.9063077870366523
0.33403351917694574, 0.10286476764415094, 0.936931399646623
0.22142738646170285, 0.22142738646170623, 0.9497051253149464
0.10286476764415071, 0.3340335191769496, 0.9369313996466215
1.1102230246251563e-16, 0.42261826174070016, 0.9063077870366496
-6.982150666839085e-17, 0.4226182617407003, 0.9063077870366496
-6.982150666839085e-17, 0.4226182617407003, 0.9063077870366496
-6.982150666839085e-17, 0.4226182617407003, 0.9063077870366496
-6.982150666839085e-17, 0.4226182617407003, 0.9063077870366496
-6.982150666839085e-17, 0.4226182617407003, 0.9063077870366496
8.88178419700125e-16, 0.4226182617407011, 0.9063077870366493
-0.10286476764415066, 0.3340335191769515, 0.9369313996466211
-0.22142738646170568, 0.22142738646170715, 0.9497051253149456
-0.3340335191769495, 0.10286476764415282, 0.9369313996466215
-0.4226182617406998, 6.383782391594647e-16, 0.9063077870366497
-0.4226182617407003, 0.0, 0.9063077870366496
-0.4226182617407003, 0.0, 0.9063077870366496
-0.4226182617407003, 0.0, 0.9063077870366496
-0.4226182617407003, 0.0, 0.9063077870366496
-0.4226182617407003, 0.0, 0.9063077870366496
-0.4226182617407006, 3.885780586188048e-16, 0.9063077870366495
-0.33403351917695073, -0.10286476764414954, 0.9369313996466214
-0.22142738646170732, -0.22142738646170168, 0.9497051253149464
-0.10286476764415209, -0.3340335191769447, 0.9369313996466233
7.494005416219805e-16, -0.4226182617406943, 0.9063077870366523
6.982150666838977e-17, -0.42261826174069383, 0.9063077870366526
6.982150666838977e-17, -0.42261826174069383, 0.9063077870366526
6.982150666838977e-17, -0.42261826174069383, 0.9063077870366526
6.982150666838977e-17, -0.42261826174069383, 0.9063077870366526
6.982150666838977e-17, -0.42261826174069383, 0.9063077870366526
-4.163336342344337e-16, -0.42261826174069433, 0.9063077870366525
0.10286476764415022, -0.33403351917694485, 0.9369313996466233
0.22142738646170262, -0.22142738646170282, 0.9497051253149473
0.3340335191769446, -0.10286476764415042, 0.9369313996466235
0.42261826174069406, 2.775557561562891e-16, 0.9063077870366525
0.4226182617406938, 0.0, 0.9063077870366526
0.4226182617406938, 0.0, 0.9063077870366526
0.4226182617406938, 0.0, 0.9063077870366526
0.4226182617406938, 0.0, 0.9063077870366526
0.4226182617406938, 0.0, 0.9063077870366526
0.42261826174069483, -1.27675647831893e-15, 0.9063077870366523
0.33403351917694507, 0.10286476764415159, 0.9369313996466231
0.2214273864617016, 0.22142738646170748, 0.9497051253149464
0.10286476764414937, 0.33403351917695084, 0.9369313996466213
-5.828670879282071e-16, 0.4226182617407007, 0.9063077870366494
-6.982150666839085e-17, 0.4226182617407003, 0.9063077870366496
-6.982150666839085e-17, 0.4226182617407003, 0.9063077870366496
-6.982150666839085e-17, 0.4226182617407003, 0.9063077870366496
-6.982150666839085e-17, 0.4226182617407003, 0.9063077870366496
-6.982150666839085e-17, 0.4226182617407003, 0.9063077870366496
8.88178419700125e-16, 0.4226182617407011, 0.9063077870366493
-0.10286476764415066, 0.3340335191769515, 0.9369313996466211
-0.22142738646170504, 0.2214273864617078, 0.9497051253149454
-0.3340335191769488, 0.10286476764415345, 0.9369313996466215
-0.4226182617406998, 6.383782391594647e-16, 0.9063077870366497
-0.4226182617407003, 0.0, 0.9063077870366496
-0.4226182617407003, 0.0, 0.9063077870366496
-0.4226182617407003, 0.0, 0.9063077870366496
-0.4226182617407003, 0.0, 0.9063077870366496
-0.4226182617407003, 0.0, 0.9063077870366496
-0.42261826174070116, 1.1102230246251565e-15, 0.9063077870366492
-0.33403351917695073, -0.10286476764414954, 0.9369313996466214
-0.22142738646170732, -0.22142738646170168, 0.9497051253149464
-0.10286476764415271, -0.33403351917694407, 0.9369313996466234
1.1102230246251565e-16, -0.42261826174069383, 0.9063077870366526
6.982150666838977e-17, -0.42261826174069383, 0.9063077870366526
6.982150666838977e-17, -0.42261826174069383, 0.9063077870366526
6.982150666838977e-17, -0.42261826174069383, 0.9063077870366526
6.982150666838977e-17, -0.42261826174069383, 0.9063077870366526
6.982150666838977e-17, -0.42261826174069383, 0.9063077870366526
-4.163336342344337e-16, -0.42261826174069433, 0.9063077870366525
0.10286476764415087, -0.33403351917694424, 0.9369313996466234
0.22142738646170262, -0.22142738646170282, 0.9497051253149473
0.3340335191769452, -0.10286476764414977, 0.9369313996466233
0.42261826174069406, 2.775557561562891e-16, 0.9063077870366525
0.4226182617406938, 0.0, 0.9063077870366526
0.4226182617406938, 0.0, 0.9063077870366526
0.4226182617406938, 0.0, 0.9063077870366526
0.4226182617406938, 0.0, 0.9063077870366526
0.4226182617406938, 0.0, 0.9063077870366526
0.42261826174069483, -1.27675647831893e-15, 0.9063077870366523
0.3340335191769445, 0.10286476764415223, 0.9369313996466233
0.2214273864617016, 0.22142738646170748, 0.9497051253149464
0.10286476764415005, 0.3340335191769503, 0.9369313996466215
1.1102230246251563e-16, 0.42261826174070016, 0.9063077870366496
-6.982150666839085e-17, 0.4226182617407003, 0.9063077870366496
-6.982150666839085e-17, 0.4226182617407003, 0.9063077870366496
-6.982150666839085e-17, 0.4226182617407003, 0.9063077870366496
-6.982150666839085e-17, 0.4226182617407003, 0.9063077870366496
-6.982150666839085e-17, 0.4226182617407003, 0.9063077870366496
8.88178419700125e-16, 0.4226182617407011, 0.9063077870366493
-0.10286476764415127, 0.33403351917695084, 0.9369313996466211
-0.22142738646170504, 0.2214273864617078, 0.9497051253149454
-0.3340335191769488, 0.10286476764415345, 0.9369313996466215
-0.4226182617406992, 1.3045120539345583e-15, 0.90630778703665
-0.4226182617407003, 0.0, 0.9063077870366496
-0.4226182617407003, 0.0, 0.9063077870366496
-0.4226182617407003, 0.0, 0.9063077870366496
-0.4226182617407003, 0.0, 0.9063077870366496
-0.4226182617407003, 0.0, 0.9063077870366496
-0.42261826174070116, 1.1102230246251565e-15, 0.9063077870366492
-0.33403351917695123, -0.10286476764414891, 0.9369313996466213
-0.22142738646170793, -0.22142738646170107, 0.9497051253149463
-0.10286476764415271, -0.33403351917694407, 0.9369313996466234
1.4432899320127037e-15, -0.42261826174069494, 0.9063077870366522
6.982150666838977e-17, -0.42261826174069383, 0.9063077870366526
6.982150666838977e-17, -0.42261826174069383, 0.9063077870366526
6.982150666838977e-17, -0.42261826174069383, 0.9063077870366526
6.982150666838977e-17, -0.42261826174069383, 0.9063077870366526
6.982150666838977e-17, -0.42261826174069383, 0.9063077870366526
-1.0824674490095274e-15, -0.4226182617406948, 0.906307787036652
0.10286476764415022, -0.33403351917694485, 0.9369313996466233
0.22142738646170262, -0.22142738646170282, 0.9497051253149473
0.334033519176944, -0.1028647676441511, 0.9369313996466236
0.42261826174069406, 2.775557561562891e-16, 0.9063077870366525
0.4226182617406938, 0.0, 0.9063077870366526
0.4226182617406938, 0.0, 0.9063077870366526
0.4226182617406938, 0.0, 0.9063077870366526
0.4226182617406938, 0.0, 0.9063077870366526
0.4226182617406938, 0.0, 0.9063077870366526
0.42261826174069483, -1.27675647831893e-15, 0.9063077870366523
0.33403351917694574, 0.10286476764415094, 0.936931399646623
0.22142738646170285, 0.22142738646170623, 0.9497051253149464
0.10286476764415071, 0.3340335191769496, 0.9369313996466215
1.1102230246251563e-16, 0.42261826174070016, 0.9063077870366496
-6.982150666839085e-17, 0.4226182617407003, 0.9063077870366496
-6.982150666839085e-17, 0.4226182617407003, 0.9063077870366496
-6.982150666839085e-17, 0.4226182617407003, 0.9063077870366496
-6.982150666839085e-17, 0.4226182617407003, 0.9063077870366496
-6.982150666839085e-17, 0.4226182617407003, 0.9063077870366496
8.88178419700125e-16, 0.4226182617407011, 0.9063077870366493
-0.10286476764415127, 0.33403351917695084, 0.9369313996466211
-0.22142738646170568, 0.22142738646170715, 0.9497051253149456
-0.3340335191769488, 0.10286476764415345, 0.9369313996466215
-0.4226182617406998, 6.383782391594647e-16, 0.9063077870366497
-0.4226182617407003, 0.0, 0.9063077870366496
-0.4226182617407003, 0.0, 0.9063077870366496
-0.4226182617407003, 0.0, 0.9063077870366496
-0.4226182617407003, 0.0, 0.9063077870366496
-0.4226182617407003, 0.0, 0.9063077870366496
-0.42261826174070116, 1.1102230246251565e-15, 0.9063077870366492
-0.33403351917695123, -0.10286476764414891, 0.9369313996466213
-0.22142738646170732, -0.22142738646170168, 0.9497051253149464
-0.10286476764415209, -0.3340335191769447, 0.9369313996466233
7.494005416219805e-16, -0.4226182617406943, 0.9063077870366523
6.982150666838977e-17, -0.42261826174069383, 0.9063077870366526
6.982150666838977e-17, -0.42261826174069383, 0.9063077870366526
6.982150666838977e-17, -0.42261826174069383, 0.9063077870366526
6.982150666838977e-17, -0.42261826174069383, 0.9063077870366526
6.982150666838977e-17, -0.42261826174069383, 0.9063077870366526
-1.0824674490095274e-15, -0.4226182617406948, 0.906307787036652
0.1028647676441496, -0.33403351917694546, 0.9369313996466233
0.22142738646170135, -0.2214273864617041, 0.9497051253149473
0.334033519176944, -0.1028647676441511, 0.9369313996466236
0.42261826174069406, 2.775557561562891e-16, 0.9063077870366525
0.4226182617406938, 0.0, 0.9063077870366526
0.4226182617406938, 0.0, 0.9063077870366526
0.4226182617406938, 0.0, 0.9063077870366526
0.4226182617406938, 0.0, 0.9063077870366526
0.4226182617406938, 0.0, 0.9063077870366526
0.42261826174069483, -1.27675647831893e-15, 0.9063077870366523
0.3340335191769445, 0.10286476764415223, 0.9369313996466233
0.2214273864617016, 0.22142738646170748, 0.9497051253149464
0.10286476764415005, 0.3340335191769503, 0.9369313996466215
1.1102230246251563e-16, 0.42261826174070016, 0.9063077870366496
-6.982150666839085e-17, 0.4226182617407003, 0.9063077870366496
-6.982150666839085e-17, 0.4226182617407003, 0.9063077870366496
-6.982150666839085e-17, 0.4226182617407003, 0.9063077870366496
-6.982150666839085e-17, 0.4226182617407003, 0.9063077870366496
-6.982150666839085e-17, 0.4226182617407003, 0.9063077870366496
8.88178419700125e-16, 0.4226182617407011, 0.9063077870366493
-0.10286476764415127, 0.33403351917695084, 0.9369313996466211
-0.22142738646170504, 0.2214273864617078, 0.9497051253149454
-0.3340335191769488, 0.10286476764415345, 0.9369313996466215
-0.4226182617406988, 1.942890293094023e-15, 0.9063077870366503
-0.4226182617407003, 0.0, 0.9063077870366496
-0.4226182617407003, 0.0, 0.9063077870366496
-0.4226182617407003, 0.0, 0.9063077870366496
-0.4226182617407003, 0.0, 0.9063077870366496
-0.4226182617407003, 0.0, 0.9063077870366496
-0.42261826174070116, 1.1102230246251565e-15, 0.9063077870366492
-0.33403351917695123, -0.10286476764414891, 0.9369313996466213
-0.22142738646170732, -0.22142738646170168, 0.9497051253149464
-0.10286476764415271, -0.33403351917694407, 0.9369313996466234
1.4432899320127037e-15, -0.42261826174069494, 0.9063077870366522
6.982150666838977e-17, -0.42261826174069383, 0.9063077870366526
6.982150666838977e-17, -0.42261826174069383, 0.9063077870366526
6.982150666838977e-17, -0.42261826174069383, 0.9063077870366526
6.982150666838977e-17, -0.42261826174069383, 0.9063077870366526
6.982150666838977e-17, -0.42261826174069383, 0.9063077870366526
-4.163336342344337e-16, -0.42261826174069433, 0.9063077870366525
0.10286476764415087, -0.33403351917694424, 0.9369313996466234
0.22142738646170135, -0.2214273864617041, 0.9497051253149473
0.3340335191769446, -0.10286476764415042, 0.9369313996466235
0.42261826174069406, 2.775557561562891e-16, 0.9063077870366525
0.4226182617406938, 0.0, 0.9063077870366526
0.4226182617406938, 0.0, 0.9063077870366526
0.4226182617406938, 0.0, 0.9063077870366526
0.4226182617406938, 0.0, 0.9063077870366526
0.4226182617406938, 0.0, 0.9063077870366526
0.42261826174069483, -1.27675647831893e-15, 0.9063077870366523
0.3340335191769445, 0.10286476764415223, 0.9369313996466233
0.2214273864617016, 0.22142738646170748, 0.9497051253149464
0.10286476764415005, 0.3340335191769503, 0.9369313996466215
1.1102230246251563e-16, 0.42261826174070016, 0.9063077870366496
-6.982150666839085e-17, 0.4226182617407003, 0.9063077870366496
-6.982150666839085e-17, 0.4226182617407003, 0.9063077870366496
-6.982150666839085e-17, 0.4226182617407003, 0.9063077870366496
-6.982150666839085e-17, 0.4226182617407003, 0.9063077870366496
-6.982150666839085e-17, 0.4226182617407003, 0.9063077870366496
8.88178419700125e-16, 0.4226182617407011, 0.9063077870366493
-0.10286476764415127, 0.33403351917695084, 0.9369313996466211
-0.22142738646170504, 0.2214273864617078, 0.9497051253149454
-0.3340335191769488, 0.10286476764415345, 0.9369313996466215
-0.4226182617406998, 6.383782391594647e-16, 0.9063077870366497
-0.4226182617407003, 0.0, 0.9063077870366496
-0.4226182617407003, 0.0, 0.9063077870366496
-0.4226182617407003, 0.0, 0.9063077870366496
-0.4226182617407003, 0.0, 0.9063077870366496
-0.4226182617407003, 0.0, 0.9063077870366496
-0.4226182617407006, 3.885780586188048e-16, 0.9063077870366495
-0.33403351917695123, -0.10286476764414891, 0.9369313996466213
-0.22142738646170668, -0.22142738646170232, 0.9497051253149463
-0.10286476764415209, -0.3340335191769447, 0.9369313996466233
1.1102230246251565e-16, -0.42261826174069383, 0.9063077870366526
6.982150666838977e-17, -0.42261826174069383, 0.9063077870366526
6.982150666838977e-17, -0.42261826174069383, 0.9063077870366526
6.982150666838977e-17, -0.42261826174069383, 0.9063077870366526
6.982150666838977e-17, -0.42261826174069383, 0.9063077870366526
6.982150666838977e-17, -0.42261826174069383, 0.9063077870366526
-4.163336342344337e-16, -0.42261826174069433, 0.9063077870366525
0.10286476764415087, -0.33403351917694424, 0.9369313996466234
0.22142738646170135, -0.2214273864617041, 0.9497051253149473
0.334033519176944, -0.1028647676441511, 0.9369313996466236
0.42261826174069406, 2.775557561562891e-16, 0.9063077870366525
0.4226182617406938, 0.0, 0.9063077870366526
0.4226182617406938, 0.0, 0.9063077870366526
0.4226182617406938, 0.0, 0.9063077870366526
0.4226182617406938, 0.0, 0.9063077870366526
0.4226182617406938, 0.0, 0.9063077870366526
0.4226182617406943, -6.10622663543836e-16, 0.9063077870366524
0.3340335191769445, 0.10286476764415223, 0.9369313996466233
0.2214273864617016, 0.22142738646170748, 0.9497051253149464
0.10286476764415005, 0.3340335191769503, 0.9369313996466215
1.1102230246251563e-16, 0.42261826174070016, 0.9063077870366496
-6.982150666839085e-17, 0.4226182617407003, 0.9063077870366496
-6.982150666839085e-17, 0.4226182617407003, 0.9063077870366496
-6.982150666839085e-17, 0.4226182617407003, 0.9063077870366496
-6.982150666839085e-17, 0.4226182617407003, 0.9063077870366496
-6.982150666839085e-17, 0.4226182617407003, 0.9063077870366496
2.1926904736346838e-15, 0.42261826174070216, 0.9063077870366487
-0.10286476764415066, 0.3340335191769515, 0.9369313996466211
-0.2214273864617038, 0.22142738646170904, 0.9497051253149454
-0.3340335191769483, 0.1028647676441541, 0.9369313996466218
-0.4226182617406992, 1.3045120539345583e-15, 0.90630778703665
-0.4226182617407003, 0.0, 0.9063077870366496
-0.4226182617407003, 0.0, 0.9063077870366496
-0.4226182617407003, 0.0, 0.9063077870366496
-0.4226182617407003, 0.0, 0.9063077870366496
-0.4226182617407003, 0.0, 0.9063077870366496
-0.42261826174070116, 1.1102230246251565e-15, 0.9063077870366492
-0.33403351917695073, -0.10286476764414954, 0.9369313996466214
-0.22142738646170732, -0.22142738646170168, 0.9497051253149464
-0.10286476764415209, -0.3340335191769447, 0.9369313996466233
1.1102230246251565e-16, -0.42261826174069383, 0.9063077870366526
6.982150666838977e-17, -0.42261826174069383, 0.9063077870366526
6.982150666838977e-17, -0.42261826174069383, 0.9063077870366526
6.982150666838977e-17, -0.42261826174069383, 0.9063077870366526
6.982150666838977e-17, -0.42261826174069383, 0.9063077870366526
6.982150666838977e-17, -0.42261826174069383, 0.9063077870366526
-4.163336342344337e-16, -0.42261826174069433, 0.9063077870366525
0.10286476764415022, -0.33403351917694485, 0.9369313996466233
0.22142738646170135, -0.2214273864617041, 0.9497051253149473
0.334033519176944, -0.1028647676441511, 0.9369313996466236
0.42261826174069406, 2.775557561562891e-16, 0.9063077870366525
0.4226182617406938, 0.0, 0.9063077870366526
0.4226182617406938, 0.0, 0.9063077870366526
0.4226182617406938, 0.0, 0.9063077870366526
0.4226182617406938, 0.0, 0.9063077870366526
0.4226182617406938, 0.0, 0.9063077870366526
0.42261826174069483, -1.27675647831893e-15, 0.9063077870366523
0.33403351917694507, 0.10286476764415159, 0.9369313996466231
0.22142738646170285, 0.22142738646170623, 0.9497051253149464
0.10286476764415005, 0.3340335191769503, 0.9369313996466215
1.1102230246251563e-16, 0.42261826174070016, 0.9063077870366496
-6.982150666839085e-17, 0.4226182617407003, 0.9063077870366496
-6.982150666839085e-17, 0.4226182617407003, 0.9063077870366496
-6.982150666839085e-17, 0.4226182617407003, 0.9063077870366496
-6.982150666839085e-17, 0.4226182617407003, 0.9063077870366496
-6.982150666839085e-17, 0.4226182617407003, 0.9063077870366496
8.88178419700125e-16, 0.4226182617407011, 0.9063077870366493
-0.10286476764415066, 0.3340335191769515, 0.9369313996466211
-0.22142738646170504, 0.2214273864617078, 0.9497051253149454
-0.3340335191769488, 0.10286476764415345, 0.9369313996466215
-0.4226182617406992, 1.3045120539345583e-15, 0.90630778703665
-0.4226182617407003, 0.0, 0.9063077870366496
-0.4226182617407003, 0.0, 0.9063077870366496
-0.4226182617407003, 0.0, 0.9063077870366496
-0.4226182617407003, 0.0, 0.9063077870366496
-0.4226182617407003, 0.0, 0.9063077870366496
-0.42261826174070116, 1.1102230246251565e-15, 0.9063077870366492
-0.33403351917695073, -0.10286476764414954, 0.9369313996466214
-0.22142738646170793, -0.22142738646170107, 0.9497051253149463
-0.10286476764415209, -0.3340335191769447, 0.9369313996466233
1.1102230246251565e-16, -0.42261826174069383, 0.9063077870366526
6.982150666838977e-17, -0.42261826174069383, 0.9063077870366526
6.982150666838977e-17, -0.42261826174069383, 0.9063077870366526
6.982150666838977e-17, -0.42261826174069383, 0.9063077870366526
6.982150666838977e-17, -0.42261826174069383, 0.9063077870366526
6.982150666838977e-17, -0.42261826174069383, 0.9063077870366526
-1.0824674490095274e-15, -0.4226182617406948, 0.906307787036652
0.10286476764415087, -0.33403351917694424, 0.9369313996466234
0.22142738646170262, -0.22142738646170282, 0.9497051253149473
0.3340335191769446, -0.10286476764415042, 0.9369313996466235
0.42261826174069456, 9.436895709313829e-16, 0.9063077870366522
0.4226182617406938, 0.0, 0.9063077870366526
0.4226182617406938, 0.0, 0.9063077870366526
0.4226182617406938, 0.0, 0.9063077870366526
0.4226182617406938, 0.0, 0.9063077870366526
0.4226182617406938, 0.0, 0.9063077870366526
0.42261826174069533, -1.9428902930940236e-15, 0.9063077870366518
0.33403351917694574, 0.10286476764415094, 0.936931399646623
0.22142738646170285, 0.22142738646170623, 0.9497051253149464
0.10286476764414937, 0.33403351917695084, 0.9369313996466213
1.1102230246251563e-16, 0.42261826174070016, 0.9063077870366496
-6.982150666839085e-17, 0.4226182617407003, 0.9063077870366496
-6.982150666839085e-17, 0.4226182617407003, 0.9063077870366496
-6.982150666839085e-17, 0.4226182617407003, 0.9063077870366496
-6.982150666839085e-17, 0.4226182617407003, 0.9063077870366496
-6.982150666839085e-17, 0.4226182617407003, 0.9063077870366496
1.5265566588595898e-15, 0.42261826174070166, 0.906307787036649
-0.10286476764415066, 0.3340335191769515, 0.9369313996466211
-0.22142738646170504, 0.2214273864617078, 0.9497051253149454
-0.3340335191769483, 0.1028647676441541, 0.9369313996466218
-0.4226182617406998, 6.383782391594647e-16, 0.9063077870366497
-0.4226182617407003, 0.0, 0.9063077870366496
-0.4226182617407003, 0.0, 0.9063077870366496
-0.4226182617407003, 0.0, 0.9063077870366496
-0.4226182617407003, 0.0, 0.9063077870366496
-0.4226182617407003, 0.0, 0.9063077870366496
-0.42261826174070116, 1.1102230246251565e-15, 0.9063077870366492
-0.33403351917695073, -0.10286476764414954, 0.9369313996466214
-0.22142738646170732, -0.22142738646170168, 0.9497051253149464
-0.10286476764415271, -0.33403351917694407, 0.9369313996466234
1.4432899320127037e-15, -0.42261826174069494, 0.9063077870366522
6.982150666838977e-17, -0.42261826174069383, 0.9063077870366526
6.982150666838977e-17, -0.42261826174069383, 0.9063077870366526
6.982150666838977e-17, -0.42261826174069383, 0.9063077870366526
6.982150666838977e-17, -0.42261826174069383, 0.9063077870366526
6.982150666838977e-17, -0.42261826174069383, 0.9063077870366526
-4.163336342344337e-16, -0.42261826174069433, 0.9063077870366525
0.10286476764415022, -0.33403351917694485, 0.9369313996466233
0.22142738646170262, -0.22142738646170282, 0.9497051253149473
0.334033519176944, -0.1028647676441511, 0.9369313996466236
0.42261826174069406, 2.775557561562891e-16, 0.9063077870366525
0.4226182617406938, 0.0, 0.9063077870366526
0.4226182617406938, 0.0, 0.9063077870366526
0.4226182617406938, 0.0, 0.9063077870366526
0.4226182617406938, 0.0, 0.9063077870366526
0.4226182617406938, 0.0, 0.9063077870366526
0.42261826174069483, -1.27675647831893e-15, 0.9063077870366523
0.3340335191769445, 0.10286476764415223, 0.9369313996466233
0.2214273864617016, 0.22142738646170748, 0.9497051253149464
0.10286476764415005, 0.3340335191769503, 0.9369313996466215
1.1102230246251563e-16, 0.42261826174070016, 0.9063077870366496
-6.982150666839085e-17, 0.4226182617407003, 0.9063077870366496
-6.982150666839085e-17, 0.4226182617407003, 0.9063077870366496
-6.982150666839085e-17, 0.4226182617407003, 0.9063077870366496
-6.982150666839085e-17, 0.4226182617407003, 0.9063077870366496
-6.982150666839085e-17, 0.4226182617407003, 0.9063077870366496
8.88178419700125e-16, 0.4226182617407011, 0.9063077870366493
-0.10286476764415066, 0.3340335191769515, 0.9369313996466211
-0.22142738646170504, 0.2214273864617078, 0.9497051253149454
-0.3340335191769488, 0.10286476764415345, 0.9369313996466215
-0.4226182617406998, 6.383782391594647e-16, 0.9063077870366497
-0.4226182617407003, 0.0, 0.9063077870366496
-0.4226182617407003, 0.0, 0.9063077870366496
-0.4226182617407003, 0.0, 0.9063077870366496
-0.4226182617407003, 0.0, 0.9063077870366496
-0.4226182617407003, 0.0, 0.9063077870366496
-0.42261826174070116, 1.1102230246251565e-15, 0.9063077870366492
-0.33403351917695123, -0.10286476764414891, 0.9369313996466213
-0.22142738646170732, -0.22142738646170168, 0.9497051253149464
-0.10286476764415271, -0.33403351917694407, 0.9369313996466234
1.1102230246251565e-16, -0.42261826174069383, 0.9063077870366526
6.982150666838977e-17, -0.42261826174069383, 0.9063077870366526
6.982150666838977e-17, -0.42261826174069383, 0.9063077870366526
6.982150666838977e-17, -0.42261826174069383, 0.9063077870366526
6.982150666838977e-17, -0.42261826174069383, 0.9063077870366526
6.982150666838977e-17, -0.42261826174069383, 0.9063077870366526
-4.163336342344337e-16, -0.42261826174069433, 0.9063077870366525
0.10286476764415022, -0.33403351917694485, 0.9369313996466233
0.22142738646170262, -0.22142738646170282, 0.9497051253149473
0.3340335191769446, -0.10286476764415042, 0.9369313996466235
0.42261826174069406, 2.775557561562891e-16, 0.9063077870366525
0.4226182617406938, 0.0, 0.9063077870366526
0.4226182617406938, 0.0, 0.9063077870366526
0.4226182617406938, 0.0, 0.9063077870366526
0.4226182617406938, 0.0, 0.9063077870366526
0.4226182617406938, 0.0, 0.9063077870366526
0.4226182617406943, -6.10622663543836e-16, 0.9063077870366524
0.33403351917694507, 0.10286476764415159, 0.9369313996466231
0.2214273864617016, 0.22142738646170748, 0.9497051253149464
0.10286476764415005, 0.3340335191769503, 0.9369313996466215
1.1102230246251563e-16, 0.42261826174070016, 0.9063077870366496
-6.982150666839085e-17, 0.4226182617407003, 0.9063077870366496
-6.982150666839085e-17, 0.4226182617407003, 0.9063077870366496
-6.982150666839085e-17, 0.4226182617407003, 0.9063077870366496
-6.982150666839085e-17, 0.4226182617407003, 0.9063077870366496
-6.982150666839085e-17, 0.4226182617407003, 0.9063077870366496
8.88178419700125e-16, 0.4226182617407011, 0.9063077870366493
-0.10286476764415127, 0.33403351917695084, 0.9369313996466211
-0.22142738646170504, 0.2214273864617078, 0.9497051253149454
-0.3340335191769488, 0.10286476764415345, 0.9369313996466215
-0.4226182617406998, 6.383782391594647e-16, 0.9063077870366497
-0.4226182617407003, 0.0, 0.9063077870366496
-0.4226182617407003, 0.0, 0.9063077870366496
-0.4226182617407003, 0.0, 0.9063077870366496
-0.4226182617407003, 0.0, 0.9063077870366496
-0.4226182617407003, 0.0, 0.9063077870366496
-0.42261826174070116, 1.1102230246251565e-15, 0.9063077870366492
-0.33403351917695184, -0.10286476764414822, 0.9369313996466211
-0.22142738646170732, -0.22142738646170168, 0.9497051253149464
-0.10286476764415271, -0.33403351917694407, 0.9369313996466234
7.494005416219805e-16, -0.4226182617406943, 0.9063077870366523
6.982150666838977e-17, -0.42261826174069383, 0.9063077870366526
6.982150666838977e-17, -0.42261826174069383, 0.9063077870366526
6.982150666838977e-17, -0.42261826174069383, 0.9063077870366526
6.982150666838977e-17, -0.42261826174069383, 0.9063077870366526
6.982150666838977e-17, -0.42261826174069383, 0.9063077870366526
-4.163336342344337e-16, -0.42261826174069433, 0.9063077870366525
0.10286476764415022, -0.33403351917694485, 0.9369313996466233
0.22142738646170262, -0.22142738646170282, 0.9497051253149473
0.3340335191769446, -0.10286476764415042, 0.9369313996466235
0.42261826174069406, 2.775557561562891e-16, 0.9063077870366525
0.4226182617406938, 0.0, 0.9063077870366526
0.4226182617406938, 0.0, 0.9063077870366526
0.4226182617406938, 0.0, 0.9063077870366526
0.4226182617406938, 0.0, 0.9063077870366526
0.4226182617406938, 0.0, 0.9063077870366526
0.42261826174069483, -1.27675647831893e-15, 0.9063077870366523
0.33403351917694507, 0.10286476764415159, 0.9369313996466231
0.22142738646170285, 0.22142738646170623, 0.9497051253149464
0.10286476764415071, 0.3340335191769496, 0.9369313996466215
1.1102230246251563e-16, 0.42261826174070016, 0.9063077870366496
-6.982150666839085e-17, 0.4226182617407003, 0.9063077870366496
-6.982150666839085e-17, 0.4226182617407003, 0.9063077870366496
-6.982150666839085e-17, 0.4226182617407003, 0.9063077870366496
-6.982150666839085e-17, 0.4226182617407003, 0.9063077870366496
-6.982150666839085e-17, 0.4226182617407003, 0.9063077870366496
8.88178419700125e-16, 0.4226182617407011, 0.9063077870366493
-0.10286476764415066, 0.3340335191769515, 0.9369313996466211
-0.22142738646170504, 0.2214273864617078, 0.9497051253149454
-0.3340335191769488, 0.10286476764415345, 0.9369313996466215
-0.4226182617406992, 1.3045120539345583e-15, 0.90630778703665
-0.4226182617407003, 0.0, 0.9063077870366496
-0.4226182617407003, 0.0, 0.9063077870366496
-0.4226182617407003, 0.0, 0.9063077870366496
-0.4226182617407003, 0.0, 0.9063077870366496
-0.4226182617407003, 0.0, 0.9063077870366496
-0.42261826174070116, 1.1102230246251565e-15, 0.9063077870366492
-0.33403351917695073, -0.10286476764414954, 0.9369313996466214
-0.22142738646170732, -0.22142738646170168, 0.9497051253149464
-0.10286476764415209, -0.3340335191769447, 0.9369313996466233
1.1102230246251565e-16, -0.42261826174069383, 0.9063077870366526
6.982150666838977e-17, -0.42261826174069383, 0.9063077870366526
6.982150666838977e-17, -0.42261826174069383, 0.9063077870366526
6.982150666838977e-17, -0.42261826174069383, 0.9063077870366526
6.982150666838977e-17, -0.42261826174069383, 0.9063077870366526
6.982150666838977e-17, -0.42261826174069383, 0.9063077870366526
-4.163336342344337e-16, -0.42261826174069433, 0.9063077870366525
0.10286476764415022, -0.33403351917694485, 0.9369313996466233
0.22142738646170199, -0.22142738646170346, 0.9497051253149473
0.3340335191769446, -0.10286476764415042, 0.9369313996466235
0.422618261740693, -1.0547118733938987e-15, 0.906307787036653
0.4226182617406938, 0.0, 0.9063077870366526
0.4226182617406938, 0.0, 0.9063077870366526
0.4226182617406938, 0.0, 0.9063077870366526
0.4226182617406938, 0.0, 0.9063077870366526
0.4226182617406938, 0.0, 0.9063077870366526
0.42261826174069483, -1.27675647831893e-15, 0.9063077870366523
0.3340335191769445, 0.10286476764415223, 0.9369313996466233
0.22142738646170224, 0.22142738646170687, 0.9497051253149464
0.10286476764415005, 0.3340335191769503, 0.9369313996466215
1.1102230246251563e-16, 0.42261826174070016, 0.9063077870366496
-6.982150666839085e-17, 0.4226182617407003, 0.9063077870366496
-6.982150666839085e-17, 0.4226182617407003, 0.9063077870366496
-6.982150666839085e-17, 0.4226182617407003, 0.9063077870366496
-6.982150666839085e-17, 0.4226182617407003, 0.9063077870366496
-6.982150666839085e-17, 0.4226182617407003, 0.9063077870366496
8.88178419700125e-16, 0.4226182617407011, 0.9063077870366493
-0.10286476764415066, 0.3340335191769515, 0.9369313996466211
-0.22142738646170504, 0.2214273864617078, 0.9497051253149454
-0.3340335191769488, 0.10286476764415345, 0.9369313996466215
-0.4226182617406988, 1.942890293094023e-15, 0.9063077870366503
-0.4226182617407003, 0.0, 0.9063077870366496
-0.4226182617407003, 0.0, 0.9063077870366496
-0.4226182617407003, 0.0, 0.9063077870366496
-0.4226182617407003, 0.0, 0.9063077870366496
-0.4226182617407003, 0.0, 0.9063077870366496
-0.42261826174070116, 1.1102230246251565e-15, 0.9063077870366492
-0.33403351917695123, -0.10286476764414891, 0.9369313996466213
-0.22142738646170732, -0.22142738646170168, 0.9497051253149464
-0.10286476764415271, -0.33403351917694407, 0.9369313996466234
7.494005416219805e-16, -0.4226182617406943, 0.9063077870366523
6.982150666838977e-17, -0.42261826174069383, 0.9063077870366526
6.982150666838977e-17, -0.42261826174069383, 0.9063077870366526
6.982150666838977e-17, -0.42261826174069383, 0.9063077870366526
6.982150666838977e-17, -0.42261826174069383, 0.9063077870366526
6.982150666838977e-17, -0.42261826174069383, 0.9063077870366526
-4.163336342344337e-16, -0.42261826174069433, 0.9063077870366525
0.10286476764415022, -0.33403351917694485, 0.9369313996466233
0.22142738646170262, -0.22142738646170282, 0.9497051253149473
0.3340335191769446, -0.10286476764415042, 0.9369313996466235
0.4226182617406936, -3.3306690738754696e-16, 0.9063077870366528
0.4226182617406938, 0.0, 0.9063077870366526
0.4226182617406938, 0.0, 0.9063077870366526
0.4226182617406938, 0.0, 0.9063077870366526
0.4226182617406938, 0.0, 0.9063077870366526
0.4226182617406938, 0.0, 0.9063077870366526
0.42261826174069483, -1.27675647831893e-15, 0.9063077870366523
0.3340335191769445, 0.10286476764415223, 0.9369313996466233
0.2214273864617016, 0.22142738646170748, 0.9497051253149464
0.10286476764415005, 0.3340335191769503, 0.9369313996466215
1.1102230246251563e-16, 0.42261826174070016, 0.9063077870366496
-6.982150666839085e-17, 0.4226182617407003, 0.9063077870366496
-6.982150666839085e-17, 0.4226182617407003, 0.9063077870366496
-6.982150666839085e-17, 0.4226182617407003, 0.9063077870366496
-6.982150666839085e-17, 0.4226182617407003, 0.9063077870366496
-6.982150666839085e-17, 0.4226182617407003, 0.9063077870366496
8.88178419700125e-16, 0.4226182617407011, 0.9063077870366493
-0.10286476764415066, 0.3340335191769515, 0.9369313996466211
-0.22142738646170568, 0.22142738646170715, 0.9497051253149456
-0.3340335191769488, 0.10286476764415345, 0.9369313996466215
-0.4226182617406998, 6.383782391594647e-16, 0.9063077870366497
-0.4226182617407003, 0.0, 0.9063077870366496
-0.4226182617407003, 0.0, 0.9063077870366496
-0.4226182617407003, 0.0, 0.9063077870366496
-0.4226182617407003, 0.0, 0.9063077870366496
-0.4226182617407003, 0.0, 0.9063077870366496
-0.42261826174070116, 1.1102230246251565e-15, 0.9063077870366492
-0.33403351917695123, -0.10286476764414891, 0.9369313996466213
-0.22142738646170732, -0.22142738646170168, 0.9497051253149464
-0.10286476764415271, -0.33403351917694407, 0.9369313996466234
7.494005416219805e-16, -0.4226182617406943, 0.9063077870366523
6.982150666838977e-17, -0.42261826174069383, 0.9063077870366526
6.982150666838977e-17, -0.42261826174069383, 0.9063077870366526
6.982150666838977e-17, -0.42261826174069383, 0.9063077870366526
6.982150666838977e-17, -0.42261826174069383, 0.9063077870366526
6.982150666838977e-17, -0.42261826174069383, 0.9063077870366526
-4.163336342344337e-16, -0.42261826174069433, 0.9063077870366525
0.10286476764415087, -0.33403351917694424, 0.9369313996466234
0.22142738646170262, -0.22142738646170282, 0.9497051253149473
0.334033519176944, -0.1028647676441511, 0.9369313996466236
0.42261826174069406, 2.775557561562891e-16, 0.9063077870366525
0.4226182617406938, 0.0, 0.9063077870366526
0.4226182617406938, 0.0, 0.9063077870366526
0.4226182617406938, 0.0, 0.9063077870366526
0.4226182617406938, 0.0, 0.9063077870366526
0.4226182617406938, 0.0, 0.9063077870366526
0.42261826174069483, -1.27675647831893e-15, 0.9063077870366523
0.3340335191769445, 0.10286476764415223, 0.9369313996466233
0.2214273864617016, 0.22142738646170748, 0.9497051253149464
0.10286476764415005, 0.3340335191769503, 0.9369313996466215
1.1102230246251563e-16, 0.42261826174070016, 0.9063077870366496
-6.982150666839085e-17, 0.4226182617407003, 0.9063077870366496
-6.982150666839085e-17, 0.4226182617407003, 0.9063077870366496
-6.982150666839085e-17, 0.4226182617407003, 0.9063077870366496
-6.982150666839085e-17, 0.4226182617407003, 0.9063077870366496
-6.982150666839085e-17, 0.4226182617407003, 0.9063077870366496
8.88178419700125e-16, 0.4226182617407011, 0.9063077870366493
-0.10286476764415127, 0.33403351917695084, 0.9369313996466211
-0.22142738646170504, 0.2214273864617078, 0.9497051253149454
-0.3340335191769488, 0.10286476764415345, 0.9369313996466215
-0.4226182617406992, 1.3045120539345583e-15, 0.90630778703665
-0.4226182617407003, 0.0, 0.9063077870366496
-0.4226182617407003, 0.0, 0.9063077870366496
-0.4226182617407003, 0.0, 0.9063077870366496
-0.4226182617407003, 0.0, 0.9063077870366496
-0.4226182617407003, 0.0, 0.9063077870366496
-0.42261826174070116, 1.1102230246251565e-15, 0.9063077870366492
-0.33403351917695073, -0.10286476764414954, 0.9369313996466214
-0.22142738646170732, -0.22142738646170168, 0.9497051253149464
-0.10286476764415209, -0.3340335191769447, 0.9369313996466233
1.4432899320127037e-15, -0.42261826174069494, 0.9063077870366522
6.982150666838977e-17, -0.42261826174069383, 0.9063077870366526
6.982150666838977e-17, -0.42261826174069383, 0.9063077870366526
6.982150666838977e-17, -0.42261826174069383, 0.9063077870366526
6.982150666838977e-17, -0.42261826174069383, 0.9063077870366526
6.982150666838977e-17, -0.42261826174069383, 0.9063077870366526
-4.163336342344337e-16, -0.42261826174069433, 0.9063077870366525
0.10286476764415022, -0.33403351917694485, 0.9369313996466233
0.22142738646170262, -0.22142738646170282, 0.9497051253149473
0.3340335191769446, -0.10286476764415042, 0.9369313996466235
0.42261826174069406, 2.775557561562891e-16, 0.9063077870366525
0.4226182617406938, 0.0, 0.9063077870366526
0.4226182617406938, 0.0, 0.9063077870366526
0.4226182617406938, 0.0, 0.9063077870366526
0.4226182617406938, 0.0, 0.9063077870366526
0.4226182617406938, 0.0, 0.9063077870366526
0.42261826174069483, -1.27675647831893e-15, 0.9063077870366523
0.3340335191769445, 0.10286476764415223, 0.9369313996466233
0.2214273864617016, 0.22142738646170748, 0.9497051253149464
0.10286476764415005, 0.3340335191769503, 0.9369313996466215
1.1102230246251563e-16, 0.42261826174070016, 0.9063077870366496
-6.982150666839085e-17, 0.4226182617407003, 0.9063077870366496
-6.982150666839085e-17, 0.4226182617407003, 0.9063077870366496
-6.982150666839085e-17, 0.4226182617407003, 0.9063077870366496
-6.982150666839085e-17, 0.4226182617407003, 0.9063077870366496
-6.982150666839085e-17, 0.4226182617407003, 0.9063077870366496
1.5265566588595898e-15, 0.42261826174070166, 0.906307787036649
-0.10286476764415066, 0.3340335191769515, 0.9369313996466211
-0.22142738646170504, 0.2214273864617078, 0.9497051253149454
-0.3340335191769488, 0.10286476764415345, 0.9369313996466215
-0.4226182617406998, 6.383782391594647e-16, 0.9063077870366497
-0.4226182617407003, 0.0, 0.9063077870366496
-0.4226182617407003, 0.0, 0.9063077870366496
-0.4226182617407003, 0.0, 0.9063077870366496
-0.4226182617407003, 0.0, 0.9063077870366496
-0.4226182617407003, 0.0, 0.9063077870366496
-0.42261826174070116, 1.1102230246251565e-15, 0.9063077870366492
-0.33403351917695123, -0.10286476764414891, 0.9369313996466213
-0.22142738646170732, -0.22142738646170168, 0.9497051253149464
-0.10286476764415271, -0.33403351917694407, 0.9369313996466234
7.494005416219805e-16, -0.4226182617406943, 0.9063077870366523
6.982150666838977e-17, -0.42261826174069383, 0.9063077870366526
6.982150666838977e-17, -0.42261826174069383, 0.9063077870366526
6.982150666838977e-17, -0.42261826174069383, 0.9063077870366526
6.982150666838977e-17, -0.42261826174069383, 0.9063077870366526
6.982150666838977e-17, -0.42261826174069383, 0.9063077870366526
-1.0824674490095274e-15, -0.4226182617406948, 0.906307787036652
0.10286476764415087, -0.33403351917694424, 0.9369313996466234
0.22142738646170262, -0.22142738646170282, 0.9497051253149473
0.3340335191769446, -0.10286476764415042, 0.9369313996466235
0.42261826174069406, 2.775557561562891e-16, 0.9063077870366525
0.4226182617406938, 0.0, 0.9063077870366526
0.4226182617406938, 0.0, 0.9063077870366526
0.4226182617406938, 0.0, 0.9063077870366526
0.4226182617406938, 0.0, 0.9063077870366526
0.4226182617406938, 0.0, 0.9063077870366526
0.4226182617406943, -6.10622663543836e-16, 0.9063077870366524
0.3340335191769445, 0.10286476764415223, 0.9369313996466233
0.2214273864617016, 0.22142738646170748, 0.9497051253149464
0.10286476764415005, 0.3340335191769503, 0.9369313996466215
1.1102230246251563e-16, 0.42261826174070016, 0.9063077870366496
-6.982150666839085e-17, 0.4226182617407003, 0.9063077870366496
-6.982150666839085e-17, 0.4226182617407003, 0.9063077870366496
-6.982150666839085e-17, 0.4226182617407003, 0.9063077870366496
-6.982150666839085e-17, 0.4226182617407003, 0.9063077870366496
-6.982150666839085e-17, 0.4226182617407003, 0.9063077870366496
8.88178419700125e-16, 0.4226182617407011, 0.9063077870366493
-0.10286476764415127, 0.33403351917695084, 0.9369313996466211
-0.22142738646170504, 0.2214273864617078, 0.9497051253149454
-0.3340335191769495, 0.10286476764415282, 0.9369313996466215
-0.4226182617406998, 6.383782391594647e-16, 0.9063077870366497
-0.4226182617407003, 0.0, 0.9063077870366496
-0.4226182617407003, 0.0, 0.9063077870366496
-0.4226182617407003, 0.0, 0.9063077870366496
-0.4226182617407003, 0.0, 0.9063077870366496
-0.4226182617407003, 0.0, 0.9063077870366496
-0.42261826174070116, 1.1102230246251565e-15, 0.9063077870366492
-0.33403351917695123, -0.10286476764414891, 0.9369313996466213
-0.22142738646170732, -0.22142738646170168, 0.9497051253149464
-0.10286476764415209, -0.3340335191769447, 0.9369313996466233
7.494005416219805e-16, -0.4226182617406943, 0.9063077870366523
6.982150666838977e-17, -0.42261826174069383, 0.9063077870366526
6.982150666838977e-17, -0.42261826174069383, 0.9063077870366526
6.982150666838977e-17, -0.42261826174069383, 0.9063077870366526
6.982150666838977e-17, -0.42261826174069383, 0.9063077870366526
6.982150666838977e-17, -0.42261826174069383, 0.9063077870366526
-4.163336342344337e-16, -0.42261826174069433, 0.9063077870366525
0.1028647676441496, -0.33403351917694546, 0.9369313996466233
0.22142738646170135, -0.2214273864617041, 0.9497051253149473
0.334033519176944, -0.1028647676441511, 0.9369313996466236
0.42261826174069406, 2.775557561562891e-16, 0.9063077870366525
0.4226182617406938, 0.0, 0.9063077870366526
0.4226182617406938, 0.0, 0.9063077870366526
0.4226182617406938, 0.0, 0.9063077870366526
0.4226182617406938, 0.0, 0.9063077870366526
0.4226182617406938, 0.0, 0.9063077870366526
0.42261826174069483, -1.27675647831893e-15, 0.9063077870366523
0.3340335191769445, 0.10286476764415223, 0.9369313996466233
0.2214273864617016, 0.22142738646170748, 0.9497051253149464
0.10286476764415005, 0.3340335191769503, 0.9369313996466215
1.1102230246251563e-16, 0.42261826174070016, 0.9063077870366496
-6.982150666839085e-17, 0.4226182617407003, 0.9063077870366496
-6.982150666839085e-17, 0.4226182617407003, 0.9063077870366496
-6.982150666839085e-17, 0.4226182617407003, 0.9063077870366496
-6.982150666839085e-17, 0.4226182617407003, 0.9063077870366496
-6.982150666839085e-17, 0.4226182617407003, 0.9063077870366496
8.88178419700125e-16, 0.4226182617407011, 0.9063077870366493
-0.10286476764415127, 0.33403351917695084, 0.9369313996466211
-0.22142738646170504, 0.2214273864617078, 0.9497051253149454
-0.3340335191769488, 0.10286476764415345, 0.9369313996466215
-0.4226182617406992, 1.3045120539345583e-15, 0.90630778703665
-0.4226182617407003, 0.0, 0.9063077870366496
-0.4226182617407003, 0.0, 0.9063077870366496
-0.4226182617407003, 0.0, 0.9063077870366496
-0.4226182617407003, 0.0, 0.9063077870366496
-0.4226182617407003, 0.0, 0.9063077870366496
-0.42261826174070116, 1.1102230246251565e-15, 0.9063077870366492
-0.33403351917695073, -0.10286476764414954, 0.9369313996466214
-0.22142738646170793, -0.22142738646170107, 0.9497051253149463
-0.10286476764415209, -0.3340335191769447, 0.9369313996466233
7.494005416219805e-16, -0.4226182617406943, 0.9063077870366523
6.982150666838977e-17, -0.42261826174069383, 0.9063077870366526
6.982150666838977e-17, -0.42261826174069383, 0.9063077870366526
6.982150666838977e-17, -0.42261826174069383, 0.9063077870366526
6.982150666838977e-17, -0.42261826174069383, 0.9063077870366526
6.982150666838977e-17, -0.42261826174069383, 0.9063077870366526
-4.163336342344337e-16, -0.42261826174069433, 0.9063077870366525
0.10286476764415022, -0.33403351917694485, 0.9369313996466233
0.22142738646170262, -0.22142738646170282, 0.9497051253149473
0.3340335191769446, -0.10286476764415042, 0.9369313996466235
0.42261826174069406, 2.775557561562891e-16, 0.9063077870366525
0.4226182617406938, 0.0, 0.9063077870366526
0.4226182617406938, 0.0, 0.9063077870366526
0.4226182617406938, 0.0, 0.9063077870366526
0.4226182617406938, 0.0, 0.9063077870366526
0.4226182617406938, 0.0, 0.9063077870366526
0.42261826174069483, -1.27675647831893e-15, 0.9063077870366523
0.33403351917694507, 0.10286476764415159, 0.9369313996466231
0.22142738646170285, 0.22142738646170623, 0.9497051253149464
0.10286476764415005, 0.3340335191769503, 0.9369313996466215
1.1102230246251563e-16, 0.42261826174070016, 0.9063077870366496
-6.982150666839085e-17, 0.4226182617407003, 0.9063077870366496
-6.982150666839085e-17, 0.4226182617407003, 0.9063077870366496
-6.982150666839085e-17, 0.4226182617407003, 0.9063077870366496
-6.982150666839085e-17, 0.4226182617407003, 0.9063077870366496
-6.982150666839085e-17, 0.4226182617407003, 0.9063077870366496
8.88178419700125e-16, 0.4226182617407011, 0.9063077870366493
-0.10286476764415127, 0.33403351917695084, 0.9369313996466211
-0.22142738646170504, 0.2214273864617078, 0.9497051253149454
-0.3340335191769488, 0.10286476764415345, 0.9369313996466215
-0.4226182617406992, 1.3045120539345583e-15, 0.90630778703665
-0.4226182617407003, 0.0, 0.9063077870366496
-0.4226182617407003, 0.0, 0.9063077870366496
-0.4226182617407003, 0.0, 0.9063077870366496
-0.4226182617407003, 0.0, 0.9063077870366496
-0.4226182617407003, 0.0, 0.9063077870366496
-0.42261826174070116, 1.1102230246251565e-15, 0.9063077870366492
-0.33403351917695073, -0.10286476764414954, 0.9369313996466214
-0.22142738646170793, -0.22142738646170107, 0.9497051253149463
-0.10286476764415209, -0.3340335191769447, 0.9369313996466233
7.494005416219805e-16, -0.4226182617406943, 0.9063077870366523
6.982150666838977e-17, -0.42261826174069383, 0.9063077870366526
6.982150666838977e-17, -0.42261826174069383, 0.9063077870366526
6.982150666838977e-17, -0.42261826174069383, 0.9063077870366526
6.982150666838977e-17, -0.42261826174069383, 0.9063077870366526
6.982150666838977e-17, -0.42261826174069383, 0.9063077870366526
-1.0824674490095274e-15, -0.4226182617406948, 0.906307787036652
0.10286476764415087, -0.33403351917694424, 0.9369313996466234
0.22142738646170199, -0.22142738646170346, 0.9497051253149473
0.3340335191769446, -0.10286476764415042, 0.9369313996466235
0.42261826174069406, 2.775557561562891e-16, 0.9063077870366525
0.4226182617406938, 0.0, 0.9063077870366526
0.4226182617406938, 0.0, 0.9063077870366526
0.4226182617406938, 0.0, 0.9063077870366526
0.4226182617406938, 0.0, 0.9063077870366526
0.4226182617406938, 0.0, 0.9063077870366526
0.42261826174069483, -1.27675647831893e-15, 0.9063077870366523
0.3340335191769445, 0.10286476764415223, 0.9369313996466233
0.22142738646170224, 0.22142738646170687, 0.9497051253149464
0.10286476764415005, 0.3340335191769503, 0.9369313996466215
1.1102230246251563e-16, 0.42261826174070016, 0.9063077870366496
-6.982150666839085e-17, 0.4226182617407003, 0.9063077870366496
-6.982150666839085e-17, 0.4226182617407003, 0.9063077870366496
-6.982150666839085e-17, 0.4226182617407003, 0.9063077870366496
-6.982150666839085e-17, 0.4226182617407003, 0.9063077870366496
-6.982150666839085e-17, 0.4226182617407003, 0.9063077870366496
8.88178419700125e-16, 0.4226182617407011, 0.9063077870366493
-0.10286476764415127, 0.33403351917695084, 0.9369313996466211
-0.22142738646170504, 0.2214273864617078, 0.9497051253149454
-0.3340335191769488, 0.10286476764415345, 0.9369313996466215
-0.4226182617406988, 1.942890293094023e-15, 0.9063077870366503
-0.4226182617407003, 0.0, 0.9063077870366496
-0.4226182617407003, 0.0, 0.9063077870366496
-0.4226182617407003, 0.0, 0.9063077870366496
-0.4226182617407003, 0.0, 0.9063077870366496
-0.4226182617407003, 0.0, 0.9063077870366496
-0.42261826174070116, 1.1102230246251565e-15, 0.9063077870366492
-0.33403351917695073, -0.10286476764414954, 0.9369313996466214
-0.22142738646170732, -0.22142738646170168, 0.9497051253149464
-0.10286476764415209, -0.3340335191769447, 0.9369313996466233
1.4432899320127037e-15, -0.42261826174069494, 0.9063077870366522
6.982150666838977e-17, -0.42261826174069383, 0.9063077870366526
6.982150666838977e-17, -0.42261826174069383, 0.9063077870366526
6.982150666838977e-17, -0.42261826174069383, 0.9063077870366526
6.982150666838977e-17, -0.42261826174069383, 0.9063077870366526
6.982150666838977e-17, -0.42261826174069383, 0.9063077870366526
-1.0824674490095274e-15, -0.4226182617406948, 0.906307787036652
0.10286476764415022, -0.33403351917694485, 0.9369313996466233
0.22142738646170262, -0.22142738646170282, 0.9497051253149473
0.3340335191769446, -0.10286476764415042, 0.9369313996466235
0.42261826174069406, 2.775557561562891e-16, 0.9063077870366525
0.4226182617406938, 0.0, 0.9063077870366526
0.4226182617406938, 0.0, 0.9063077870366526
0.4226182617406938, 0.0, 0.9063077870366526
0.4226182617406938, 0.0, 0.9063077870366526
0.4226182617406938, 0.0, 0.9063077870366526
0.42261826174069483, -1.27675647831893e-15, 0.9063077870366523
0.3340335191769445, 0.10286476764415223, 0.9369313996466233
0.2214273864617016, 0.22142738646170748, 0.9497051253149464
0.10286476764415005, 0.3340335191769503, 0.9369313996466215
1.1102230246251563e-16, 0.42261826174070016, 0.9063077870366496
-6.982150666839085e-17, 0.4226182617407003, 0.9063077870366496
-6.982150666839085e-17, 0.4226182617407003, 0.9063077870366496
-6.982150666839085e-17, 0.4226182617407003, 0.9063077870366496
-6.982150666839085e-17, 0.4226182617407003, 0.9063077870366496
-6.982150666839085e-17, 0.4226182617407003, 0.9063077870366496
8.88178419700125e-16, 0.4226182617407011, 0.9063077870366493
-0.10286476764415066, 0.3340335191769515, 0.9369313996466211
-0.22142738646170568, 0.22142738646170715, 0.9497051253149456
-0.3340335191769488, 0.10286476764415345, 0.9369313996466215
-0.4226182617406998, 6.383782391594647e-16, 0.9063077870366497
-0.4226182617407003, 0.0, 0.9063077870366496
-0.4226182617407003, 0.0, 0.9063077870366496
-0.4226182617407003, 0.0, 0.9063077870366496
-0.4226182617407003, 0.0, 0.9063077870366496
-0.4226182617407003, 0.0, 0.9063077870366496
-0.4226182617407006, 3.885780586188048e-16, 0.9063077870366495
-0.33403351917695123, -0.10286476764414891, 0.9369313996466213
-0.22142738646170732, -0.22142738646170168, 0.9497051253149464
-0.10286476764415271, -0.33403351917694407, 0.9369313996466234
1.4432899320127037e-15, -0.42261826174069494, 0.9063077870366522
6.982150666838977e-17, -0.42261826174069383, 0.9063077870366526
6.982150666838977e-17, -0.42261826174069383, 0.9063077870366526
6.982150666838977e-17, -0.42261826174069383, 0.9063077870366526
6.982150666838977e-17, -0.42261826174069383, 0.9063077870366526
6.982150666838977e-17, -0.42261826174069383, 0.9063077870366526
-4.163336342344337e-16, -0.42261826174069433, 0.9063077870366525
0.10286476764414894, -0.334033519176946, 0.9369313996466232
0.22142738646170135, -0.2214273864617041, 0.9497051253149473
0.334033519176944, -0.1028647676441511, 0.9369313996466236
0.42261826174069406, 2.775557561562891e-16, 0.9063077870366525
0.4226182617406938, 0.0, 0.9063077870366526
0.4226182617406938, 0.0, 0.9063077870366526
0.4226182617406938, 0.0, 0.9063077870366526
0.4226182617406938, 0.0, 0.9063077870366526
0.4226182617406938, 0.0, 0.9063077870366526
0.42261826174069483, -1.27675647831893e-15, 0.9063077870366523
0.3340335191769445, 0.10286476764415223, 0.9369313996466233
0.2214273864617016, 0.22142738646170748, 0.9497051253149464
0.10286476764415005, 0.3340335191769503, 0.9369313996466215
1.1102230246251563e-16, 0.42261826174070016, 0.9063077870366496
-6.982150666839085e-17, 0.4226182617407003, 0.9063077870366496
-6.982150666839085e-17, 0.4226182617407003, 0.9063077870366496
-6.982150666839085e-17, 0.4226182617407003, 0.9063077870366496
-6.982150666839085e-17, 0.4226182617407003, 0.9063077870366496
-6.982150666839085e-17, 0.4226182617407003, 0.9063077870366496
8.88178419700125e-16, 0.4226182617407011, 0.9063077870366493
-0.10286476764415066, 0.3340335191769515, 0.9369313996466211
-0.22142738646170504, 0.2214273864617078, 0.9497051253149454
-0.3340335191769488, 0.10286476764415345, 0.9369313996466215
-0.4226182617406992, 1.3045120539345583e-15, 0.90630778703665
-0.4226182617407003, 0.0, 0.9063077870366496
-0.4226182617407003, 0.0, 0.9063077870366496
-0.4226182617407003, 0.0, 0.9063077870366496
-0.4226182617407003, 0.0, 0.9063077870366496
-0.4226182617407003, 0.0, 0.9063077870366496
-0.42261826174070116, 1.1102230246251565e-15, 0.9063077870366492
-0.33403351917695073, -0.10286476764414954, 0.9369313996466214
-0.22142738646170732, -0.22142738646170168, 0.9497051253149464
-0.10286476764415209, -0.3340335191769447, 0.9369313996466233
7.494005416219805e-16, -0.4226182617406943, 0.9063077870366523
6.982150666838977e-17, -0.42261826174069383, 0.9063077870366526
6.982150666838977e-17, -0.42261826174069383, 0.9063077870366526
6.982150666838977e-17, -0.42261826174069383, 0.9063077870366526
6.982150666838977e-17, -0.42261826174069383, 0.9063077870366526
6.982150666838977e-17, -0.42261826174069383, 0.9063077870366526
-4.163336342344337e-16, -0.42261826174069433, 0.9063077870366525
0.10286476764415087, -0.33403351917694424, 0.9369313996466234
0.22142738646170262, -0.22142738646170282, 0.9497051253149473
0.3340335191769446, -0.10286476764415042, 0.9369313996466235
0.42261826174069406, 2.775557561562891e-16, 0.9063077870366525
0.4226182617406938, 0.0, 0.9063077870366526
0.4226182617406938, 0.0, 0.9063077870366526
0.4226182617406938, 0.0, 0.9063077870366526
0.4226182617406938, 0.0, 0.9063077870366526
0.4226182617406938, 0.0, 0.9063077870366526
0.42261826174069483, -1.27675647831893e-15, 0.9063077870366523
0.3340335191769445, 0.10286476764415223, 0.9369313996466233
0.2214273864617016, 0.22142738646170748, 0.9497051253149464
0.10286476764415005, 0.3340335191769503, 0.9369313996466215
1.1102230246251563e-16, 0.42261826174070016, 0.9063077870366496
-6.982150666839085e-17, 0.4226182617407003, 0.9063077870366496
-6.982150666839085e-17, 0.4226182617407003, 0.9063077870366496
-6.982150666839085e-17, 0.4226182617407003, 0.9063077870366496
-6.982150666839085e-17, 0.4226182617407003, 0.9063077870366496
-6.982150666839085e-17, 0.4226182617407003, 0.9063077870366496
8.88178419700125e-16, 0.4226182617407011, 0.9063077870366493
-0.10286476764415066, 0.3340335191769515, 0.9369313996466211
-0.22142738646170504, 0.2214273864617078, 0.9497051253149454
-0.3340335191769488, 0.10286476764415345, 0.9369313996466215
-0.4226182617406992, 1.3045120539345583e-15, 0.90630778703665
-0.4226182617407003, 0.0, 0.9063077870366496
-0.4226182617407003, 0.0, 0.9063077870366496
-0.4226182617407003, 0.0, 0.9063077870366496
-0.4226182617407003, 0.0, 0.9063077870366496
-0.4226182617407003, 0.0, 0.9063077870366496
-0.42261826174070116, 1.1102230246251565e-15, 0.9063077870366492
-0.33403351917695123, -0.10286476764414891, 0.9369313996466213
-0.22142738646170732, -0.22142738646170168, 0.9497051253149464
-0.10286476764415271, -0.33403351917694407, 0.9369313996466234
7.494005416219805e-16, -0.4226182617406943, 0.9063077870366523
6.982150666838977e-17, -0.42261826174069383, 0.9063077870366526
6.982150666838977e-17, -0.42261826174069383, 0.9063077870366526
6.982150666838977e-17, -0.42261826174069383, 0.9063077870366526
6.982150666838977e-17, -0.42261826174069383, 0.9063077870366526
6.982150666838977e-17, -0.42261826174069383, 0.9063077870366526
-4.163336342344337e-16, -0.42261826174069433, 0.9063077870366525
0.10286476764415022, -0.33403351917694485, 0.9369313996466233
0.22142738646170262, -0.22142738646170282, 0.9497051253149473
0.334033519176944, -0.1028647676441511, 0.9369313996466236
0.42261826174069406, 2.775557561562891e-16, 0.9063077870366525
0.4226182617406938, 0.0, 0.9063077870366526
0.4226182617406938, 0.0, 0.9063077870366526
0.4226182617406938, 0.0, 0.9063077870366526
0.4226182617406938, 0.0, 0.9063077870366526
0.4226182617406938, 0.0, 0.9063077870366526
0.4226182617406943, -6.10622663543836e-16, 0.9063077870366524
0.3340335191769445, 0.10286476764415223, 0.9369313996466233
0.2214273864617016, 0.22142738646170748, 0.9497051253149464
0.10286476764415005, 0.3340335191769503, 0.9369313996466215
1.1102230246251563e-16, 0.42261826174070016, 0.9063077870366496
-6.982150666839085e-17, 0.4226182617407003, 0.9063077870366496
-6.982150666839085e-17, 0.4226182617407003, 0.9063077870366496
-6.982150666839085e-17, 0.4226182617407003, 0.9063077870366496
-6.982150666839085e-17, 0.4226182617407003, 0.9063077870366496
-6.982150666839085e-17, 0.4226182617407003, 0.9063077870366496
8.88178419700125e-16, 0.4226182617407011, 0.9063077870366493
-0.10286476764415127, 0.33403351917695084, 0.9369313996466211
-0.22142738646170504, 0.2214273864617078, 0.9497051253149454
-0.3340335191769495, 0.10286476764415282, 0.9369313996466215
-0.4226182617406998, 6.383782391594647e-16, 0.9063077870366497
-0.4226182617407003, 0.0, 0.9063077870366496
-0.4226182617407003, 0.0, 0.9063077870366496
-0.4226182617407003, 0.0, 0.9063077870366496
-0.4226182617407003, 0.0, 0.9063077870366496
-0.4226182617407003, 0.0, 0.9063077870366496
-0.42261826174070116, 1.1102230246251565e-15, 0.9063077870366492
-0.33403351917695073, -0.10286476764414954, 0.9369313996466214
-0.22142738646170793, -0.22142738646170107, 0.9497051253149463
-0.10286476764415209, -0.3340335191769447, 0.9369313996466233
7.494005416219805e-16, -0.4226182617406943, 0.9063077870366523
6.982150666838977e-17, -0.42261826174069383, 0.9063077870366526
6.982150666838977e-17, -0.42261826174069383, 0.9063077870366526
6.982150666838977e-17, -0.42261826174069383, 0.9063077870366526
6.982150666838977e-17, -0.42261826174069383, 0.9063077870366526
6.982150666838977e-17, -0.42261826174069383, 0.9063077870366526
-1.0824674490095274e-15, -0.4226182617406948, 0.906307787036652
0.10286476764415087, -0.33403351917694424, 0.9369313996466234
0.22142738646170262, -0.22142738646170282, 0.9497051253149473
0.3340335191769446, -0.10286476764415042, 0.9369313996466235
0.42261826174069406, 2.775557561562891e-16, 0.9063077870366525
0.4226182617406938, 0.0, 0.9063077870366526
0.4226182617406938, 0.0, 0.9063077870366526
0.4226182617406938, 0.0, 0.9063077870366526
0.4226182617406938, 0.0, 0.9063077870366526
0.4226182617406938, 0.0, 0.9063077870366526
0.42261826174069483, -1.27675647831893e-15, 0.9063077870366523
0.3340335191769445, 0.10286476764415223, 0.9369313996466233
0.22142738646170285, 0.22142738646170623, 0.9497051253149464
0.10286476764415071, 0.3340335191769496, 0.9369313996466215
1.1102230246251563e-16, 0.42261826174070016, 0.9063077870366496
-6.982150666839085e-17, 0.4226182617407003, 0.9063077870366496
-6.982150666839085e-17, 0.4226182617407003, 0.9063077870366496
-6.982150666839085e-17, 0.4226182617407003, 0.9063077870366496
-6.982150666839085e-17, 0.4226182617407003, 0.9063077870366496
-6.982150666839085e-17, 0.4226182617407003, 0.9063077870366496
8.88178419700125e-16, 0.4226182617407011, 0.9063077870366493
-0.10286476764415066, 0.3340335191769515, 0.9369313996466211
-0.22142738646170504, 0.2214273864617078, 0.9497051253149454
-0.3340335191769488, 0.10286476764415345, 0.9369313996466215
-0.4226182617406998, 6.383782391594647e-16, 0.9063077870366497
-0.4226182617407003, 0.0, 0.9063077870366496
-0.4226182617407003, 0.0, 0.9063077870366496
-0.4226182617407003, 0.0, 0.9063077870366496
-0.4226182617407003, 0.0, 0.9063077870366496
-0.4226182617407003, 0.0, 0.9063077870366496
-0.42261826174070116, 1.1102230246251565e-15, 0.9063077870366492
-0.33403351917695073, -0.10286476764414954, 0.9369313996466214
-0.22142738646170732, -0.22142738646170168, 0.9497051253149464
-0.10286476764415209, -0.3340335191769447, 0.9369313996466233
1.4432899320127037e-15, -0.42261826174069494, 0.9063077870366522
6.982150666838977e-17, -0.42261826174069383, 0.9063077870366526
6.982150666838977e-17, -0.42261826174069383, 0.9063077870366526
6.982150666838977e-17, -0.42261826174069383, 0.9063077870366526
6.982150666838977e-17, -0.42261826174069383, 0.9063077870366526
6.982150666838977e-17, -0.42261826174069383, 0.9063077870366526
-4.163336342344337e-16, -0.42261826174069433, 0.9063077870366525
0.10286476764415087, -0.33403351917694424, 0.9369313996466234
0.22142738646170262, -0.22142738646170282, 0.9497051253149473
0.3340335191769446, -0.10286476764415042, 0.9369313996466235
0.42261826174069406, 2.775557561562891e-16, 0.9063077870366525
0.4226182617406938, 0.0, 0.9063077870366526
0.4226182617406938, 0.0, 0.9063077870366526
0.4226182617406938, 0.0, 0.9063077870366526
0.4226182617406938, 0.0, 0.9063077870366526
0.4226182617406938, 0.0, 0.9063077870366526
0.42261826174069483, -1.27675647831893e-15, 0.9063077870366523
0.33403351917694507, 0.10286476764415159, 0.9369313996466231
0.22142738646170285, 0.22142738646170623, 0.9497051253149464
0.10286476764415071, 0.3340335191769496, 0.9369313996466215
1.1102230246251563e-16, 0.42261826174070016, 0.9063077870366496
-6.982150666839085e-17, 0.4226182617407003, 0.9063077870366496
-6.982150666839085e-17, 0.4226182617407003, 0.9063077870366496
-6.982150666839085e-17, 0.4226182617407003, 0.9063077870366496
-6.982150666839085e-17, 0.4226182617407003, 0.9063077870366496
-6.982150666839085e-17, 0.4226182617407003, 0.9063077870366496
8.88178419700125e-16, 0.4226182617407011, 0.9063077870366493
-0.10286476764415066, 0.3340335191769515, 0.9369313996466211
-0.22142738646170504, 0.2214273864617078, 0.9497051253149454
-0.3340335191769483, 0.1028647676441541, 0.9369313996466218
-0.4226182617406992, 1.3045120539345583e-15, 0.90630778703665
-0.4226182617407003, 0.0, 0.9063077870366496
-0.4226182617407003, 0.0, 0.9063077870366496
-0.4226182617407003, 0.0, 0.9063077870366496
-0.4226182617407003, 0.0, 0.9063077870366496
-0.4226182617407003, 0.0, 0.9063077870366496
-0.42261826174070116, 1.1102230246251565e-15, 0.9063077870366492
-0.33403351917695073, -0.10286476764414954, 0.9369313996466214
-0.22142738646170732, -0.22142738646170168, 0.9497051253149464
-0.10286476764415209, -0.3340335191769447, 0.9369313996466233
1.4432899320127037e-15, -0.42261826174069494, 0.9063077870366522
6.982150666838977e-17, -0.42261826174069383, 0.9063077870366526
6.982150666838977e-17, -0.42261826174069383, 0.9063077870366526
6.982150666838977e-17, -0.42261826174069383, 0.9063077870366526
6.982150666838977e-17, -0.42261826174069383, 0.9063077870366526
6.982150666838977e-17, -0.42261826174069383, 0.9063077870366526
-4.163336342344337e-16, -0.42261826174069433, 0.9063077870366525
0.10286476764415022, -0.33403351917694485, 0.9369313996466233
0.22142738646170135, -0.2214273864617041, 0.9497051253149473
0.334033519176944, -0.1028647676441511, 0.9369313996466236
0.42261826174069406, 2.775557561562891e-16, 0.9063077870366525
0.4226182617406938, 0.0, 0.9063077870366526
0.4226182617406938, 0.0, 0.9063077870366526
0.4226182617406938, 0.0, 0.9063077870366526
0.4226182617406938, 0.0, 0.9063077870366526
0.4226182617406938, 0.0, 0.9063077870366526
0.42261826174069483, -1.27675647831893e-15, 0.9063077870366523
0.33403351917694507, 0.10286476764415159, 0.9369313996466231
0.2214273864617016, 0.22142738646170748, 0.9497051253149464
0.10286476764415005, 0.3340335191769503, 0.9369313996466215
1.1102230246251563e-16, 0.42261826174070016, 0.9063077870366496
-6.982150666839085e-17, 0.4226182617407003, 0.9063077870366496
-6.982150666839085e-17, 0.4226182617407003, 0.9063077870366496
-6.982150666839085e-17, 0.4226182617407003, 0.9063077870366496
-6.982150666839085e-17, 0.4226182617407003, 0.9063077870366496
-6.982150666839085e-17, 0.4226182617407003, 0.9063077870366496
8.88178419700125e-16, 0.4226182617407011, 0.9063077870366493
-0.10286476764415066, 0.3340335191769515, 0.9369313996466211
-0.22142738646170504, 0.2214273864617078, 0.9497051253149454
-0.3340335191769488, 0.10286476764415345, 0.9369313996466215
-0.4226182617406992, 1.3045120539345583e-15, 0.90630778703665
-0.4226182617407003, 0.0, 0.9063077870366496
-0.4226182617407003, 0.0, 0.9063077870366496
-0.4226182617407003, 0.0, 0.9063077870366496
-0.4226182617407003, 0.0, 0.9063077870366496
-0.4226182617407003, 0.0, 0.9063077870366496
-0.4226182617407006, 3.885780586188048e-16, 0.9063077870366495
-0.33403351917695073, -0.10286476764414954, 0.9369313996466214
-0.22142738646170732, -0.22142738646170168, 0.9497051253149464
-0.10286476764415209, -0.3340335191769447, 0.9369313996466233
7.494005416219805e-16, -0.4226182617406943, 0.9063077870366523
6.982150666838977e-17, -0.42261826174069383, 0.9063077870366526
6.982150666838977e-17, -0.42261826174069383, 0.9063077870366526
6.982150666838977e-17, -0.42261826174069383, 0.9063077870366526
6.982150666838977e-17, -0.42261826174069383, 0.9063077870366526
6.982150666838977e-17, -0.42261826174069383, 0.9063077870366526
-4.163336342344337e-16, -0.42261826174069433, 0.9063077870366525
0.10286476764415087, -0.33403351917694424, 0.9369313996466234
0.22142738646170262, -0.22142738646170282, 0.9497051253149473
0.3340335191769446, -0.10286476764415042, 0.9369313996466235
0.42261826174069406, 2.775557561562891e-16, 0.9063077870366525
0.4226182617406938, 0.0, 0.9063077870366526
0.4226182617406938, 0.0, 0.9063077870366526
0.4226182617406938, 0.0, 0.9063077870366526
0.4226182617406938, 0.0, 0.9063077870366526
0.4226182617406938, 0.0, 0.9063077870366526
0.42261826174069483, -1.27675647831893e-15, 0.9063077870366523
0.33403351917694507, 0.10286476764415159, 0.9369313996466231
0.22142738646170224, 0.22142738646170687, 0.9497051253149464
0.10286476764415071, 0.3340335191769496, 0.9369313996466215
1.1102230246251563e-16, 0.42261826174070016, 0.9063077870366496
-6.982150666839085e-17, 0.4226182617407003, 0.9063077870366496
-6.982150666839085e-17, 0.4226182617407003, 0.9063077870366496
-6.982150666839085e-17, 0.4226182617407003, 0.9063077870366496
-6.982150666839085e-17, 0.4226182617407003, 0.9063077870366496
-6.982150666839085e-17, 0.4226182617407003, 0.9063077870366496
1.5265566588595898e-15, 0.42261826174070166, 0.906307787036649
-0.10286476764415127, 0.33403351917695084, 0.9369313996466211
-0.22142738646170504, 0.2214273864617078, 0.9497051253149454
-0.3340335191769495, 0.10286476764415282, 0.9369313996466215
-0.4226182617406998, 6.383782391594647e-16, 0.9063077870366497
-0.4226182617407003, 0.0, 0.9063077870366496
-0.4226182617407003, 0.0, 0.9063077870366496
-0.4226182617407003, 0.0, 0.9063077870366496
-0.4226182617407003, 0.0, 0.9063077870366496
-0.4226182617407003, 0.0, 0.9063077870366496
-0.42261826174070116, 1.1102230246251565e-15, 0.9063077870366492
-0.33403351917695123, -0.10286476764414891, 0.9369313996466213
-0.22142738646170732, -0.22142738646170168, 0.9497051253149464
-0.10286476764415271, -0.33403351917694407, 0.9369313996466234
1.4432899320127037e-15, -0.42261826174069494, 0.9063077870366522
6.982150666838977e-17, -0.42261826174069383, 0.9063077870366526
6.982150666838977e-17, -0.42261826174069383, 0.9063077870366526
6.982150666838977e-17, -0.42261826174069383, 0.9063077870366526
6.982150666838977e-17, -0.42261826174069383, 0.9063077870366526
6.982150666838977e-17, -0.42261826174069383, 0.9063077870366526
-4.163336342344337e-16, -0.42261826174069433, 0.9063077870366525
0.10286476764415087, -0.33403351917694424, 0.9369313996466234
0.22142738646170262, -0.22142738646170282, 0.9497051253149473
0.3340335191769446, -0.10286476764415042, 0.9369313996466235
0.42261826174069406, 2.775557561562891e-16, 0.9063077870366525
0.4226182617406938, 0.0, 0.9063077870366526
0.4226182617406938, 0.0, 0.9063077870366526
0.4226182617406938, 0.0, 0.9063077870366526
0.4226182617406938, 0.0, 0.9063077870366526
0.4226182617406938, 0.0, 0.9063077870366526
0.42261826174069483, -1.27675647831893e-15, 0.9063077870366523
0.33403351917694507, 0.10286476764415159, 0.9369313996466231
0.22142738646170285, 0.22142738646170623, 0.9497051253149464
0.10286476764415071, 0.3340335191769496, 0.9369313996466215
1.1102230246251563e-16, 0.42261826174070016, 0.9063077870366496
-6.982150666839085e-17, 0.4226182617407003, 0.9063077870366496
-6.982150666839085e-17, 0.4226182617407003, 0.9063077870366496
-6.982150666839085e-17, 0.4226182617407003, 0.9063077870366496
-6.982150666839085e-17, 0.4226182617407003, 0.9063077870366496
-6.982150666839085e-17, 0.4226182617407003, 0.9063077870366496
8.88178419700125e-16, 0.4226182617407011, 0.9063077870366493
-0.10286476764415066, 0.3340335191769515, 0.9369313996466211
-0.22142738646170504, 0.2214273864617078, 0.9497051253149454
-0.3340335191769483, 0.1028647676441541, 0.9369313996466218
-0.4226182617406992, 1.3045120539345583e-15, 0.90630778703665
-0.4226182617407003, 0.0, 0.9063077870366496
-0.4226182617407003, 0.0, 0.9063077870366496
-0.4226182617407003, 0.0, 0.9063077870366496
-0.4226182617407003, 0.0, 0.9063077870366496
-0.4226182617407003, 0.0, 0.9063077870366496
-0.42261826174070116, 1.1102230246251565e-15, 0.9063077870366492
-0.33403351917695073, -0.10286476764414954, 0.9369313996466214
-0.22142738646170732, -0.22142738646170168, 0.9497051253149464
-0.10286476764415271, -0.33403351917694407, 0.9369313996466234
7.494005416219805e-16, -0.4226182617406943, 0.9063077870366523
6.982150666838977e-17, -0.42261826174069383, 0.9063077870366526
6.982150666838977e-17, -0.42261826174069383, 0.9063077870366526
6.982150666838977e-17, -0.42261826174069383, 0.9063077870366526
6.982150666838977e-17, -0.42261826174069383, 0.9063077870366526
6.982150666838977e-17, -0.42261826174069383, 0.9063077870366526
-1.0824674490095274e-15, -0.4226182617406948, 0.906307787036652
0.10286476764415022, -0.33403351917694485, 0.9369313996466233
0.22142738646170199, -0.22142738646170346, 0.9497051253149473
0.334033519176944, -0.1028647676441511, 0.9369313996466236
0.42261826174069406, 2.775557561562891e-16, 0.9063077870366525
0.4226182617406938, 0.0, 0.9063077870366526
0.4226182617406938, 0.0, 0.9063077870366526
0.4226182617406938, 0.0, 0.9063077870366526
0.4226182617406938, 0.0, 0.9063077870366526
0.4226182617406938, 0.0, 0.9063077870366526
0.42261826174069483, -1.27675647831893e-15, 0.9063077870366523
0.33403351917694574, 0.10286476764415094, 0.936931399646623
0.22142738646170224, 0.22142738646170687, 0.9497051253149464
0.10286476764414937, 0.33403351917695084, 0.9369313996466213
1.1102230246251563e-16, 0.42261826174070016, 0.9063077870366496
-6.982150666839085e-17, 0.4226182617407003, 0.9063077870366496
-6.982150666839085e-17, 0.4226182617407003, 0.9063077870366496
-6.982150666839085e-17, 0.4226182617407003, 0.9063077870366496
-6.982150666839085e-17, 0.4226182617407003, 0.9063077870366496
-6.982150666839085e-17, 0.4226182617407003, 0.9063077870366496
8.88178419700125e-16, 0.4226182617407011, 0.9063077870366493
-0.10286476764415066, 0.3340335191769515, 0.9369313996466211
-0.22142738646170504, 0.2214273864617078, 0.9497051253149454
-0.3340335191769488, 0.10286476764415345, 0.9369313996466215
-0.4226182617406992, 1.3045120539345583e-15, 0.90630778703665
-0.4226182617407003, 0.0, 0.9063077870366496
-0.4226182617407003, 0.0, 0.9063077870366496
-0.4226182617407003, 0.0, 0.9063077870366496
-0.4226182617407003, 0.0, 0.9063077870366496
-0.4226182617407003, 0.0, 0.9063077870366496
-0.42261826174070116, 1.1102230246251565e-15, 0.9063077870366492
-0.33403351917695073, -0.10286476764414954, 0.9369313996466214
-0.22142738646170793, -0.22142738646170107, 0.9497051253149463
-0.10286476764415271, -0.33403351917694407, 0.9369313996466234
7.494005416219805e-16, -0.4226182617406943, 0.9063077870366523
6.982150666838977e-17, -0.42261826174069383, 0.9063077870366526
6.982150666838977e-17, -0.42261826174069383, 0.9063077870366526
6.982150666838977e-17, -0.42261826174069383, 0.9063077870366526
6.982150666838977e-17, -0.42261826174069383, 0.9063077870366526
6.982150666838977e-17, -0.42261826174069383, 0.9063077870366526
-4.163336342344337e-16, -0.42261826174069433, 0.9063077870366525
0.10286476764415022, -0.33403351917694485, 0.9369313996466233
0.22142738646170135, -0.2214273864617041, 0.9497051253149473
0.334033519176944, -0.1028647676441511, 0.9369313996466236
0.42261826174069406, 2.775557561562891e-16, 0.9063077870366525
0.4226182617406938, 0.0, 0.9063077870366526
0.4226182617406938, 0.0, 0.9063077870366526
0.4226182617406938, 0.0, 0.9063077870366526
0.4226182617406938, 0.0, 0.9063077870366526
0.4226182617406938, 0.0, 0.9063077870366526
0.42261826174069533, -1.9428902930940236e-15, 0.9063077870366518
0.3340335191769445, 0.10286476764415223, 0.9369313996466233
0.2214273864617016, 0.22142738646170748, 0.9497051253149464
0.10286476764415005, 0.3340335191769503, 0.9369313996466215
1.1102230246251563e-16, 0.42261826174070016, 0.9063077870366496
-6.982150666839085e-17, 0.4226182617407003, 0.9063077870366496
-6.982150666839085e-17, 0.4226182617407003, 0.9063077870366496
-6.982150666839085e-17, 0.4226182617407003, 0.9063077870366496
-6.982150666839085e-17, 0.4226182617407003, 0.9063077870366496
-6.982150666839085e-17, 0.4226182617407003, 0.9063077870366496
8.88178419700125e-16, 0.4226182617407011, 0.9063077870366493
-0.10286476764415066, 0.3340335191769515, 0.9369313996466211
-0.22142738646170568, 0.22142738646170715, 0.9497051253149456
-0.3340335191769488, 0.10286476764415345, 0.9369313996466215
-0.4226182617406998, 6.383782391594647e-16, 0.9063077870366497
-0.4226182617407003, 0.0, 0.9063077870366496
-0.4226182617407003, 0.0, 0.9063077870366496
-0.4226182617407003, 0.0, 0.9063077870366496
-0.4226182617407003, 0.0, 0.9063077870366496
-0.4226182617407003, 0.0, 0.9063077870366496
-0.42261826174070116, 1.1102230246251565e-15, 0.9063077870366492
-0.33403351917695073, -0.10286476764414954, 0.9369313996466214
-0.22142738646170732, -0.22142738646170168, 0.9497051253149464
-0.10286476764415209, -0.3340335191769447, 0.9369313996466233
1.4432899320127037e-15, -0.42261826174069494, 0.9063077870366522
6.982150666838977e-17, -0.42261826174069383, 0.9063077870366526
6.982150666838977e-17, -0.42261826174069383, 0.9063077870366526
6.982150666838977e-17, -0.42261826174069383, 0.9063077870366526
6.982150666838977e-17, -0.42261826174069383, 0.9063077870366526
6.982150666838977e-17, -0.42261826174069383, 0.9063077870366526
-4.163336342344337e-16, -0.42261826174069433, 0.9063077870366525
0.10286476764415022, -0.33403351917694485, 0.9369313996466233
0.22142738646170135, -0.2214273864617041, 0.9497051253149473
0.334033519176944, -0.1028647676441511, 0.9369313996466236
0.42261826174069406, 2.775557561562891e-16, 0.9063077870366525
0.4226182617406938, 0.0, 0.9063077870366526
0.4226182617406938, 0.0, 0.9063077870366526
0.4226182617406938, 0.0, 0.9063077870366526
0.4226182617406938, 0.0, 0.9063077870366526
0.4226182617406938, 0.0, 0.9063077870366526
0.42261826174069483, -1.27675647831893e-15, 0.9063077870366523
0.33403351917694507, 0.10286476764415159, 0.9369313996466231
0.2214273864617016, 0.22142738646170748, 0.9497051253149464
0.10286476764415005, 0.3340335191769503, 0.9369313996466215
1.1102230246251563e-16, 0.42261826174070016, 0.9063077870366496
-6.982150666839085e-17, 0.4226182617407003, 0.9063077870366496
-6.982150666839085e-17, 0.4226182617407003, 0.9063077870366496
-6.982150666839085e-17, 0.4226182617407003, 0.9063077870366496
-6.982150666839085e-17, 0.4226182617407003, 0.9063077870366496
-6.982150666839085e-17, 0.4226182617407003, 0.9063077870366496
8.88178419700125e-16, 0.4226182617407011, 0.9063077870366493
-0.10286476764415127, 0.33403351917695084, 0.9369313996466211
-0.22142738646170504, 0.2214273864617078, 0.9497051253149454
-0.3340335191769488, 0.10286476764415345, 0.9369313996466215
-0.4226182617406992, 1.3045120539345583e-15, 0.90630778703665
-0.4226182617407003, 0.0, 0.9063077870366496
-0.4226182617407003, 0.0, 0.9063077870366496
-0.4226182617407003, 0.0, 0.9063077870366496
-0.4226182617407003, 0.0, 0.9063077870366496
-0.4226182617407003, 0.0, 0.9063077870366496
-0.42261826174070116, 1.1102230246251565e-15, 0.9063077870366492
-0.33403351917695073, -0.10286476764414954, 0.9369313996466214
-0.22142738646170732, -0.22142738646170168, 0.9497051253149464
-0.10286476764415271, -0.33403351917694407, 0.9369313996466234
1.4432899320127037e-15, -0.42261826174069494, 0.9063077870366522
6.982150666838977e-17, -0.42261826174069383, 0.9063077870366526
6.982150666838977e-17, -0.42261826174069383, 0.9063077870366526
6.982150666838977e-17, -0.42261826174069383, 0.9063077870366526
6.982150666838977e-17, -0.42261826174069383, 0.9063077870366526
6.982150666838977e-17, -0.42261826174069383, 0.9063077870366526
-4.163336342344337e-16, -0.42261826174069433, 0.9063077870366525
0.10286476764415022, -0.33403351917694485, 0.9369313996466233
0.22142738646170199, -0.22142738646170346, 0.9497051253149473
0.334033519176944, -0.1028647676441511, 0.9369313996466236
0.4226182617406924, -1.7208456881689922e-15, 0.9063077870366532
0.4226182617406938, 0.0, 0.9063077870366526
0.4226182617406938, 0.0, 0.9063077870366526
0.4226182617406938, 0.0, 0.9063077870366526
0.4226182617406938, 0.0, 0.9063077870366526
0.4226182617406938, 0.0, 0.9063077870366526
0.42261826174069483, -1.27675647831893e-15, 0.9063077870366523
0.33403351917694507, 0.10286476764415159, 0.9369313996466231
0.22142738646170285, 0.22142738646170623, 0.9497051253149464
0.10286476764415071, 0.3340335191769496, 0.9369313996466215
1.1102230246251563e-16, 0.42261826174070016, 0.9063077870366496
-6.982150666839085e-17, 0.4226182617407003, 0.9063077870366496
-6.982150666839085e-17, 0.4226182617407003, 0.9063077870366496
-6.982150666839085e-17, 0.4226182617407003, 0.9063077870366496
-6.982150666839085e-17, 0.4226182617407003, 0.9063077870366496
-6.982150666839085e-17, 0.4226182617407003, 0.9063077870366496
8.88178419700125e-16, 0.4226182617407011, 0.9063077870366493
-0.10286476764415066, 0.3340335191769515, 0.9369313996466211
-0.22142738646170504, 0.2214273864617078, 0.9497051253149454
-0.3340335191769488, 0.10286476764415345, 0.9369313996466215
-0.4226182617406992, 1.3045120539345583e-15, 0.90630778703665
-0.4226182617407003, 0.0, 0.9063077870366496
-0.4226182617407003, 0.0, 0.9063077870366496
-0.4226182617407003, 0.0, 0.9063077870366496
-0.4226182617407003, 0.0, 0.9063077870366496
-0.4226182617407003, 0.0, 0.9063077870366496
-0.42261826174070116, 1.1102230246251565e-15, 0.9063077870366492
-0.33403351917695073, -0.10286476764414954, 0.9369313996466214
-0.22142738646170732, -0.22142738646170168, 0.9497051253149464
-0.10286476764415209, -0.3340335191769447, 0.9369313996466233
7.494005416219805e-16, -0.4226182617406943, 0.9063077870366523
6.982150666838977e-17, -0.42261826174069383, 0.9063077870366526
6.982150666838977e-17, -0.42261826174069383, 0.9063077870366526
6.982150666838977e-17, -0.42261826174069383, 0.9063077870366526
6.982150666838977e-17, -0.42261826174069383, 0.9063077870366526
6.982150666838977e-17, -0.42261826174069383, 0.9063077870366526
-4.163336342344337e-16, -0.42261826174069433, 0.9063077870366525
0.10286476764415022, -0.33403351917694485, 0.9369313996466233
0.22142738646170135, -0.2214273864617041, 0.9497051253149473
0.334033519176944, -0.1028647676441511, 0.9369313996466236
0.42261826174069406, 2.775557561562891e-16, 0.9063077870366525
0.4226182617406938, 0.0, 0.9063077870366526
0.4226182617406938, 0.0, 0.9063077870366526
0.4226182617406938, 0.0, 0.9063077870366526
0.4226182617406938, 0.0, 0.9063077870366526
0.4226182617406938, 0.0, 0.9063077870366526
0.42261826174069533, -1.9428902930940236e-15, 0.9063077870366518
0.33403351917694507, 0.10286476764415159, 0.9369313996466231
0.2214273864617016, 0.22142738646170748, 0.9497051253149464
0.10286476764415005, 0.3340335191769503, 0.9369313996466215
1.1102230246251563e-16, 0.42261826174070016, 0.9063077870366496
-6.982150666839085e-17, 0.4226182617407003, 0.9063077870366496
-6.982150666839085e-17, 0.4226182617407003, 0.9063077870366496
-6.982150666839085e-17, 0.4226182617407003, 0.9063077870366496
-6.982150666839085e-17, 0.4226182617407003, 0.9063077870366496
-6.982150666839085e-17, 0.4226182617407003, 0.9063077870366496
8.88178419700125e-16, 0.4226182617407011, 0.9063077870366493
-0.10286476764415066, 0.3340335191769515, 0.9369313996466211
-0.22142738646170504, 0.2214273864617078, 0.9497051253149454
-0.3340335191769483, 0.1028647676441541, 0.9369313996466218
-0.4226182617406992, 1.3045120539345583e-15, 0.90630778703665
-0.4226182617407003, 0.0, 0.9063077870366496
-0.4226182617407003, 0.0, 0.9063077870366496
-0.4226182617407003, 0.0, 0.9063077870366496
-0.4226182617407003, 0.0, 0.9063077870366496
-0.4226182617407003, 0.0, 0.9063077870366496
-0.42261826174070116, 1.1102230246251565e-15, 0.9063077870366492
-0.33403351917695123, -0.10286476764414891, 0.9369313996466213
-0.22142738646170732, -0.22142738646170168, 0.9497051253149464
-0.10286476764415271, -0.33403351917694407, 0.9369313996466234
7.494005416219805e-16, -0.4226182617406943, 0.9063077870366523
6.982150666838977e-17, -0.42261826174069383, 0.9063077870366526
6.982150666838977e-17, -0.42261826174069383, 0.9063077870366526
6.982150666838977e-17, -0.42261826174069383, 0.9063077870366526
6.982150666838977e-17, -0.42261826174069383, 0.9063077870366526
6.982150666838977e-17, -0.42261826174069383, 0.9063077870366526
-1.0824674490095274e-15, -0.4226182617406948, 0.906307787036652
0.10286476764415087, -0.33403351917694424, 0.9369313996466234
0.22142738646170135, -0.2214273864617041, 0.9497051253149473
0.334033519176944, -0.1028647676441511, 0.9369313996466236
0.42261826174069406, 2.775557561562891e-16, 0.9063077870366525
0.4226182617406938, 0.0, 0.9063077870366526
0.4226182617406938, 0.0, 0.9063077870366526
0.4226182617406938, 0.0, 0.9063077870366526
0.4226182617406938, 0.0, 0.9063077870366526
0.4226182617406938, 0.0, 0.9063077870366526
0.42261826174069483, -1.27675647831893e-15, 0.9063077870366523
0.33403351917694507, 0.10286476764415159, 0.9369313996466231
0.22142738646170285, 0.22142738646170623, 0.9497051253149464
0.10286476764415071, 0.3340335191769496, 0.9369313996466215
1.1102230246251563e-16, 0.42261826174070016, 0.9063077870366496
-6.982150666839085e-17, 0.4226182617407003, 0.9063077870366496
-6.982150666839085e-17, 0.4226182617407003, 0.9063077870366496
-6.982150666839085e-17, 0.4226182617407003, 0.9063077870366496
-6.982150666839085e-17, 0.4226182617407003, 0.9063077870366496
-6.982150666839085e-17, 0.4226182617407003, 0.9063077870366496
1.5265566588595898e-15, 0.42261826174070166, 0.906307787036649
-0.10286476764415127, 0.33403351917695084, 0.9369313996466211
-0.22142738646170504, 0.2214273864617078, 0.9497051253149454
-0.3340335191769488, 0.10286476764415345, 0.9369313996466215
-0.4226182617406992, 1.3045120539345583e-15, 0.90630778703665
-0.4226182617407003, 0.0, 0.9063077870366496
-0.4226182617407003, 0.0, 0.9063077870366496
-0.4226182617407003, 0.0, 0.9063077870366496
-0.4226182617407003, 0.0, 0.9063077870366496
-0.4226182617407003, 0.0, 0.9063077870366496
-0.42261826174070116, 1.1102230246251565e-15, 0.9063077870366492
-0.33403351917695073, -0.10286476764414954, 0.9369313996466214
-0.22142738646170732, -0.22142738646170168, 0.9497051253149464
-0.10286476764415271, -0.33403351917694407, 0.9369313996466234
7.494005416219805e-16, -0.4226182617406943, 0.9063077870366523
6.982150666838977e-17, -0.42261826174069383, 0.9063077870366526
6.982150666838977e-17, -0.42261826174069383, 0.9063077870366526
6.982150666838977e-17, -0.42261826174069383, 0.9063077870366526
6.982150666838977e-17, -0.42261826174069383, 0.9063077870366526
6.982150666838977e-17, -0.42261826174069383, 0.9063077870366526
-4.163336342344337e-16, -0.42261826174069433, 0.9063077870366525
0.1028647676441496, -0.33403351917694546, 0.9369313996466233
0.22142738646170135, -0.2214273864617041, 0.9497051253149473
0.334033519176944, -0.1028647676441511, 0.9369313996466236
0.42261826174069406, 2.775557561562891e-16, 0.9063077870366525
0.4226182617406938, 0.0, 0.9063077870366526
0.4226182617406938, 0.0, 0.9063077870366526
0.4226182617406938, 0.0, 0.9063077870366526
0.4226182617406938, 0.0, 0.9063077870366526
0.4226182617406938, 0.0, 0.9063077870366526
0.4226182617406943, -6.10622663543836e-16, 0.9063077870366524
0.3340335191769445, 0.10286476764415223, 0.9369313996466233
0.2214273864617016, 0.22142738646170748, 0.9497051253149464
0.10286476764415005, 0.3340335191769503, 0.9369313996466215
1.1102230246251563e-16, 0.42261826174070016, 0.9063077870366496
-6.982150666839085e-17, 0.4226182617407003, 0.9063077870366496
-6.982150666839085e-17, 0.4226182617407003, 0.9063077870366496
-6.982150666839085e-17, 0.4226182617407003, 0.9063077870366496
-6.982150666839085e-17, 0.4226182617407003, 0.9063077870366496
-6.982150666839085e-17, 0.4226182617407003, 0.9063077870366496
1.5265566588595898e-15, 0.42261826174070166, 0.906307787036649
-0.10286476764415127, 0.33403351917695084, 0.9369313996466211
-0.22142738646170504, 0.2214273864617078, 0.9497051253149454
-0.3340335191769495, 0.10286476764415282, 0.9369313996466215
-0.4226182617406998, 6.383782391594647e-16, 0.9063077870366497
-0.4226182617407003, 0.0, 0.9063077870366496
-0.4226182617407003, 0.0, 0.9063077870366496
-0.4226182617407003, 0.0, 0.9063077870366496
-0.4226182617407003, 0.0, 0.9063077870366496
-0.4226182617407003, 0.0, 0.9063077870366496
-0.42261826174070116, 1.1102230246251565e-15, 0.9063077870366492
-0.33403351917695073, -0.10286476764414954, 0.9369313996466214
-0.22142738646170793, -0.22142738646170107, 0.9497051253149463
-0.10286476764415209, -0.3340335191769447, 0.9369313996466233
7.494005416219805e-16, -0.4226182617406943, 0.9063077870366523
6.982150666838977e-17, -0.42261826174069383, 0.9063077870366526
6.982150666838977e-17, -0.42261826174069383, 0.9063077870366526
6.982150666838977e-17, -0.42261826174069383, 0.9063077870366526
6.982150666838977e-17, -0.42261826174069383, 0.9063077870366526
6.982150666838977e-17, -0.42261826174069383, 0.9063077870366526
-1.0824674490095274e-15, -0.4226182617406948, 0.906307787036652
0.10286476764415087, -0.33403351917694424, 0.9369313996466234
0.22142738646170199, -0.22142738646170346, 0.9497051253149473
0.334033519176944, -0.1028647676441511, 0.9369313996466236
0.42261826174069406, 2.775557561562891e-16, 0.9063077870366525
0.4226182617406938, 0.0, 0.9063077870366526
0.4226182617406938, 0.0, 0.9063077870366526
0.4226182617406938, 0.0, 0.9063077870366526
0.4226182617406938, 0.0, 0.9063077870366526
0.4226182617406938, 0.0, 0.9063077870366526
0.42261826174069483, -1.27675647831893e-15, 0.9063077870366523
0.33403351917694507, 0.10286476764415159, 0.9369313996466231
0.2214273864617016, 0.22142738646170748, 0.9497051253149464
0.10286476764415005, 0.3340335191769503, 0.9369313996466215
1.1102230246251563e-16, 0.42261826174070016, 0.9063077870366496
-6.982150666839085e-17, 0.4226182617407003, 0.9063077870366496
-6.982150666839085e-17, 0.4226182617407003, 0.9063077870366496
-6.982150666839085e-17, 0.4226182617407003, 0.9063077870366496
-6.982150666839085e-17, 0.4226182617407003, 0.9063077870366496
-6.982150666839085e-17, 0.4226182617407003, 0.9063077870366496
8.88178419700125e-16, 0.4226182617407011, 0.9063077870366493
-0.10286476764415066, 0.3340335191769515, 0.9369313996466211
-0.22142738646170504, 0.2214273864617078, 0.9497051253149454
-0.3340335191769488, 0.10286476764415345, 0.9369313996466215
-0.4226182617406998, 6.383782391594647e-16, 0.9063077870366497
-0.4226182617407003, 0.0, 0.9063077870366496
-0.4226182617407003, 0.0, 0.9063077870366496
-0.4226182617407003, 0.0, 0.9063077870366496
-0.4226182617407003, 0.0, 0.9063077870366496
-0.4226182617407003, 0.0, 0.9063077870366496
-0.42261826174070116, 1.1102230246251565e-15, 0.9063077870366492
-0.33403351917695073, -0.10286476764414954, 0.9369313996466214
-0.22142738646170732, -0.22142738646170168, 0.9497051253149464
-0.10286476764415271, -0.33403351917694407, 0.9369313996466234
7.494005416219805e-16, -0.4226182617406943, 0.9063077870366523
6.982150666838977e-17, -0.42261826174069383, 0.9063077870366526
6.982150666838977e-17, -0.42261826174069383, 0.9063077870366526
6.982150666838977e-17, -0.42261826174069383, 0.9063077870366526
6.982150666838977e-17, -0.42261826174069383, 0.9063077870366526
6.982150666838977e-17, -0.42261826174069383, 0.9063077870366526
-4.163336342344337e-16, -0.42261826174069433, 0.9063077870366525
0.10286476764415087, -0.33403351917694424, 0.9369313996466234
0.22142738646170135, -0.2214273864617041, 0.9497051253149473
0.334033519176944, -0.1028647676441511, 0.9369313996466236
0.42261826174069406, 2.775557561562891e-16, 0.9063077870366525
0.4226182617406938, 0.0, 0.9063077870366526
0.4226182617406938, 0.0, 0.9063077870366526
0.4226182617406938, 0.0, 0.9063077870366526
0.4226182617406938, 0.0, 0.9063077870366526
0.4226182617406938, 0.0, 0.9063077870366526
0.42261826174069483, -1.27675647831893e-15, 0.9063077870366523
0.33403351917694507, 0.10286476764415159, 0.9369313996466231
0.22142738646170285, 0.22142738646170623, 0.9497051253149464
0.10286476764415071, 0.3340335191769496, 0.9369313996466215
1.1102230246251563e-16, 0.42261826174070016, 0.9063077870366496
-6.982150666839085e-17, 0.4226182617407003, 0.9063077870366496
-6.982150666839085e-17, 0.4226182617407003, 0.9063077870366496
-6.982150666839085e-17, 0.4226182617407003, 0.9063077870366496
-6.982150666839085e-17, 0.4226182617407003, 0.9063077870366496
-6.982150666839085e-17, 0.4226182617407003, 0.9063077870366496
8.88178419700125e-16, 0.4226182617407011, 0.9063077870366493
-0.10286476764415066, 0.3340335191769515, 0.9369313996466211
-0.22142738646170504, 0.2214273864617078, 0.9497051253149454
-0.3340335191769488, 0.10286476764415345, 0.9369313996466215
-0.4226182617406992, 1.3045120539345583e-15, 0.90630778703665
-0.4226182617407003, 0.0, 0.9063077870366496
-0.4226182617407003, 0.0, 0.9063077870366496
-0.4226182617407003, 0.0, 0.9063077870366496
-0.4226182617407003, 0.0, 0.9063077870366496
-0.4226182617407003, 0.0, 0.9063077870366496
-0.4226182617407006, 3.885780586188048e-16, 0.9063077870366495
-0.33403351917695123, -0.10286476764414891, 0.9369313996466213
-0.22142738646170732, -0.22142738646170168, 0.9497051253149464
-0.10286476764415209, -0.3340335191769447, 0.9369313996466233
1.4432899320127037e-15, -0.42261826174069494, 0.9063077870366522
6.982150666838977e-17, -0.42261826174069383, 0.9063077870366526
6.982150666838977e-17, -0.42261826174069383, 0.9063077870366526
6.982150666838977e-17, -0.42261826174069383, 0.9063077870366526
6.982150666838977e-17, -0.42261826174069383, 0.9063077870366526
6.982150666838977e-17, -0.42261826174069383, 0.9063077870366526
-1.0824674490095274e-15, -0.4226182617406948, 0.906307787036652
0.10286476764415087, -0.33403351917694424, 0.9369313996466234
0.22142738646170135, -0.2214273864617041, 0.9497051253149473
0.3340335191769446, -0.10286476764415042, 0.9369313996466235
0.422618261740693, -1.0547118733938987e-15, 0.906307787036653
0.4226182617406938, 0.0, 0.9063077870366526
0.4226182617406938, 0.0, 0.9063077870366526
0.4226182617406938, 0.0, 0.9063077870366526
0.4226182617406938, 0.0, 0.9063077870366526
0.4226182617406938, 0.0, 0.9063077870366526
0.42261826174069483, -1.27675647831893e-15, 0.9063077870366523
0.33403351917694507, 0.10286476764415159, 0.9369313996466231
0.2214273864617035, 0.2214273864617056, 0.9497051253149464
0.10286476764415071, 0.3340335191769496, 0.9369313996466215
1.1102230246251563e-16, 0.42261826174070016, 0.9063077870366496
-6.982150666839085e-17, 0.4226182617407003, 0.9063077870366496
-6.982150666839085e-17, 0.4226182617407003, 0.9063077870366496
-6.982150666839085e-17, 0.4226182617407003, 0.9063077870366496
-6.982150666839085e-17, 0.4226182617407003, 0.9063077870366496
-6.982150666839085e-17, 0.4226182617407003, 0.9063077870366496
8.88178419700125e-16, 0.4226182617407011, 0.9063077870366493
-0.10286476764415127, 0.33403351917695084, 0.9369313996466211
-0.22142738646170504, 0.2214273864617078, 0.9497051253149454
-0.3340335191769488, 0.10286476764415345, 0.9369313996466215
-0.4226182617406992, 1.3045120539345583e-15, 0.90630778703665
-0.4226182617407003, 0.0, 0.9063077870366496
-0.4226182617407003, 0.0, 0.9063077870366496
-0.4226182617407003, 0.0, 0.9063077870366496
-0.4226182617407003, 0.0, 0.9063077870366496
-0.4226182617407003, 0.0, 0.9063077870366496
-0.4226182617407006, 3.885780586188048e-16, 0.9063077870366495
-0.33403351917695073, -0.10286476764414954, 0.9369313996466214
-0.22142738646170732, -0.22142738646170168, 0.9497051253149464
-0.10286476764415209, -0.3340335191769447, 0.9369313996466233
7.494005416219805e-16, -0.4226182617406943, 0.9063077870366523
6.982150666838977e-17, -0.42261826174069383, 0.9063077870366526
6.982150666838977e-17, -0.42261826174069383, 0.9063077870366526
6.982150666838977e-17, -0.42261826174069383, 0.9063077870366526
6.982150666838977e-17, -0.42261826174069383, 0.9063077870366526
6.982150666838977e-17, -0.42261826174069383, 0.9063077870366526
-4.163336342344337e-16, -0.42261826174069433, 0.9063077870366525
0.10286476764414829, -0.3340335191769466, 0.9369313996466231
0.22142738646170135, -0.2214273864617041, 0.9497051253149473
0.334033519176944, -0.1028647676441511, 0.9369313996466236
0.42261826174069406, 2.775557561562891e-16, 0.9063077870366525
0.4226182617406938, 0.0, 0.9063077870366526
0.4226182617406938, 0.0, 0.9063077870366526
0.4226182617406938, 0.0, 0.9063077870366526
0.4226182617406938, 0.0, 0.9063077870366526
0.4226182617406938, 0.0, 0.9063077870366526
0.42261826174069483, -1.27675647831893e-15, 0.9063077870366523
0.33403351917694507, 0.10286476764415159, 0.9369313996466231
0.2214273864617016, 0.22142738646170748, 0.9497051253149464
0.10286476764415005, 0.3340335191769503, 0.9369313996466215
1.1102230246251563e-16, 0.42261826174070016, 0.9063077870366496
-6.982150666839085e-17, 0.4226182617407003, 0.9063077870366496
-6.982150666839085e-17, 0.4226182617407003, 0.9063077870366496
-6.982150666839085e-17, 0.4226182617407003, 0.9063077870366496
-6.982150666839085e-17, 0.4226182617407003, 0.9063077870366496
-6.982150666839085e-17, 0.4226182617407003, 0.9063077870366496
8.88178419700125e-16, 0.4226182617407011, 0.9063077870366493
-0.10286476764415127, 0.33403351917695084, 0.9369313996466211
-0.22142738646170504, 0.2214273864617078, 0.9497051253149454
-0.3340335191769488, 0.10286476764415345, 0.9369313996466215
-0.4226182617406992, 1.3045120539345583e-15, 0.90630778703665
-0.4226182617407003, 0.0, 0.9063077870366496
-0.4226182617407003, 0.0, 0.9063077870366496
-0.4226182617407003, 0.0, 0.9063077870366496
-0.4226182617407003, 0.0, 0.9063077870366496
-0.4226182617407003, 0.0, 0.9063077870366496
-0.42261826174070116, 1.1102230246251565e-15, 0.9063077870366492
-0.33403351917695073, -0.10286476764414954, 0.9369313996466214
-0.22142738646170732, -0.22142738646170168, 0.9497051253149464
-0.10286476764415209, -0.3340335191769447, 0.9369313996466233
7.494005416219805e-16, -0.4226182617406943, 0.9063077870366523
6.982150666838977e-17, -0.42261826174069383, 0.9063077870366526
6.982150666838977e-17, -0.42261826174069383, 0.9063077870366526
6.982150666838977e-17, -0.42261826174069383, 0.9063077870366526
6.982150666838977e-17, -0.42261826174069383, 0.9063077870366526
6.982150666838977e-17, -0.42261826174069383, 0.9063077870366526
-4.163336342344337e-16, -0.42261826174069433, 0.9063077870366525
0.10286476764415087, -0.33403351917694424, 0.9369313996466234
0.22142738646170262, -0.22142738646170282, 0.9497051253149473
0.3340335191769452, -0.10286476764414977, 0.9369313996466233
0.42261826174069406, 2.775557561562891e-16, 0.9063077870366525
0.4226182617406938, 0.0, 0.9063077870366526
0.4226182617406938, 0.0, 0.9063077870366526
0.4226182617406938, 0.0, 0.9063077870366526
0.4226182617406938, 0.0, 0.9063077870366526
0.4226182617406938, 0.0, 0.9063077870366526
0.42261826174069483, -1.27675647831893e-15, 0.9063077870366523
0.3340335191769445, 0.10286476764415223, 0.9369313996466233
0.2214273864617016, 0.22142738646170748, 0.9497051253149464
0.10286476764415005, 0.3340335191769503, 0.9369313996466215
1.1102230246251563e-16, 0.42261826174070016, 0.9063077870366496
-6.982150666839085e-17, 0.4226182617407003, 0.9063077870366496
-6.982150666839085e-17, 0.4226182617407003, 0.9063077870366496
-6.982150666839085e-17, 0.4226182617407003, 0.9063077870366496
-6.982150666839085e-17, 0.4226182617407003, 0.9063077870366496
-6.982150666839085e-17, 0.4226182617407003, 0.9063077870366496
8.88178419700125e-16, 0.4226182617407011, 0.9063077870366493
-0.10286476764415066, 0.3340335191769515, 0.9369313996466211
-0.22142738646170504, 0.2214273864617078, 0.9497051253149454
-0.3340335191769483, 0.1028647676441541, 0.9369313996466218
-0.4226182617406992, 1.3045120539345583e-15, 0.90630778703665
-0.4226182617407003, 0.0, 0.9063077870366496
-0.4226182617407003, 0.0, 0.9063077870366496
-0.4226182617407003, 0.0, 0.9063077870366496
-0.4226182617407003, 0.0, 0.9063077870366496
-0.4226182617407003, 0.0, 0.9063077870366496
-0.42261826174070116, 1.1102230246251565e-15, 0.9063077870366492
-0.33403351917695073, -0.10286476764414954, 0.9369313996466214
-0.22142738646170732, -0.22142738646170168, 0.9497051253149464
-0.10286476764415209, -0.3340335191769447, 0.9369313996466233
7.494005416219805e-16, -0.4226182617406943, 0.9063077870366523
6.982150666838977e-17, -0.42261826174069383, 0.9063077870366526
6.982150666838977e-17, -0.42261826174069383, 0.9063077870366526
6.982150666838977e-17, -0.42261826174069383, 0.9063077870366526
6.982150666838977e-17, -0.42261826174069383, 0.9063077870366526
6.982150666838977e-17, -0.42261826174069383, 0.9063077870366526
-4.163336342344337e-16, -0.42261826174069433, 0.9063077870366525
0.10286476764415022, -0.33403351917694485, 0.9369313996466233
0.22142738646170199, -0.22142738646170346, 0.9497051253149473
0.334033519176944, -0.1028647676441511, 0.9369313996466236
0.42261826174069406, 2.775557561562891e-16, 0.9063077870366525
0.4226182617406938, 0.0, 0.9063077870366526
0.4226182617406938, 0.0, 0.9063077870366526
0.4226182617406938, 0.0, 0.9063077870366526
0.4226182617406938, 0.0, 0.9063077870366526
0.4226182617406938, 0.0, 0.9063077870366526
0.42261826174069483, -1.27675647831893e-15, 0.9063077870366523
0.3340335191769445, 0.10286476764415223, 0.9369313996466233
0.2214273864617016, 0.22142738646170748, 0.9497051253149464
0.10286476764415005, 0.3340335191769503, 0.9369313996466215
1.1102230246251563e-16, 0.42261826174070016, 0.9063077870366496
-6.982150666839085e-17, 0.4226182617407003, 0.9063077870366496
-6.982150666839085e-17, 0.4226182617407003, 0.9063077870366496
-6.982150666839085e-17, 0.4226182617407003, 0.9063077870366496
-6.982150666839085e-17, 0.4226182617407003, 0.9063077870366496
-6.982150666839085e-17, 0.4226182617407003, 0.9063077870366496
8.88178419700125e-16, 0.4226182617407011, 0.9063077870366493
-0.10286476764415127, 0.33403351917695084, 0.9369313996466211
-0.22142738646170504, 0.2214273864617078, 0.9497051253149454
-0.3340335191769488, 0.10286476764415345, 0.9369313996466215
-0.4226182617406992, 1.3045120539345583e-15, 0.90630778703665
-0.4226182617407003, 0.0, 0.9063077870366496
-0.4226182617407003, 0.0, 0.9063077870366496
-0.4226182617407003, 0.0, 0.9063077870366496
-0.4226182617407003, 0.0, 0.9063077870366496
-0.4226182617407003, 0.0, 0.9063077870366496
-0.42261826174070116, 1.1102230246251565e-15, 0.9063077870366492
-0.33403351917695123, -0.10286476764414891, 0.9369313996466213
-0.22142738646170732, -0.22142738646170168, 0.9497051253149464
-0.10286476764415271, -0.33403351917694407, 0.9369313996466234
7.494005416219805e-16, -0.4226182617406943, 0.9063077870366523
6.982150666838977e-17, -0.42261826174069383, 0.9063077870366526
6.982150666838977e-17, -0.42261826174069383, 0.9063077870366526
6.982150666838977e-17, -0.42261826174069383, 0.9063077870366526
6.982150666838977e-17, -0.42261826174069383, 0.9063077870366526
6.982150666838977e-17, -0.42261826174069383, 0.9063077870366526
-4.163336342344337e-16, -0.42261826174069433, 0.9063077870366525
0.10286476764415022, -0.33403351917694485, 0.9369313996466233
0.22142738646170135, -0.2214273864617041, 0.9497051253149473
0.334033519176944, -0.1028647676441511, 0.9369313996466236
0.422618261740693, -1.0547118733938987e-15, 0.906307787036653
0.4226182617406938, 0.0, 0.9063077870366526
0.4226182617406938, 0.0, 0.9063077870366526
0.4226182617406938, 0.0, 0.9063077870366526
0.4226182617406938, 0.0, 0.9063077870366526
0.4226182617406938, 0.0, 0.9063077870366526
0.42261826174069483, -1.27675647831893e-15, 0.9063077870366523
0.3340335191769445, 0.10286476764415223, 0.9369313996466233
0.2214273864617016, 0.22142738646170748, 0.9497051253149464
0.10286476764415005, 0.3340335191769503, 0.9369313996466215
1.1102230246251563e-16, 0.42261826174070016, 0.9063077870366496
-6.982150666839085e-17, 0.4226182617407003, 0.9063077870366496
-6.982150666839085e-17, 0.4226182617407003, 0.9063077870366496
-6.982150666839085e-17, 0.4226182617407003, 0.9063077870366496
-6.982150666839085e-17, 0.4226182617407003, 0.9063077870366496
-6.982150666839085e-17, 0.4226182617407003, 0.9063077870366496
8.88178419700125e-16, 0.4226182617407011, 0.9063077870366493
-0.10286476764415066, 0.3340335191769515, 0.9369313996466211
-0.22142738646170504, 0.2214273864617078, 0.9497051253149454
-0.3340335191769488, 0.10286476764415345, 0.9369313996466215
-0.4226182617406998, 6.383782391594647e-16, 0.9063077870366497
-0.4226182617407003, 0.0, 0.9063077870366496
-0.4226182617407003, 0.0, 0.9063077870366496
-0.4226182617407003, 0.0, 0.9063077870366496
-0.4226182617407003, 0.0, 0.9063077870366496
-0.4226182617407003, 0.0, 0.9063077870366496
-0.42261826174070116, 1.1102230246251565e-15, 0.9063077870366492
-0.33403351917695073, -0.10286476764414954, 0.9369313996466214
-0.22142738646170732, -0.22142738646170168, 0.9497051253149464
-0.10286476764415271, -0.33403351917694407, 0.9369313996466234
7.494005416219805e-16, -0.4226182617406943, 0.9063077870366523
6.982150666838977e-17, -0.42261826174069383, 0.9063077870366526
6.982150666838977e-17, -0.42261826174069383, 0.9063077870366526
6.982150666838977e-17, -0.42261826174069383, 0.9063077870366526
6.982150666838977e-17, -0.42261826174069383, 0.9063077870366526
6.982150666838977e-17, -0.42261826174069383, 0.9063077870366526
-4.163336342344337e-16, -0.42261826174069433, 0.9063077870366525
0.10286476764415022, -0.33403351917694485, 0.9369313996466233
0.22142738646170199, -0.22142738646170346, 0.9497051253149473
0.334033519176944, -0.1028647676441511, 0.9369313996466236
0.4226182617406936, -3.3306690738754696e-16, 0.9063077870366528
0.4226182617406938, 0.0, 0.9063077870366526
0.4226182617406938, 0.0, 0.9063077870366526
0.4226182617406938, 0.0, 0.9063077870366526
0.4226182617406938, 0.0, 0.9063077870366526
0.4226182617406938, 0.0, 0.9063077870366526
0.42261826174069483, -1.27675647831893e-15, 0.9063077870366523
0.3340335191769445, 0.10286476764415223, 0.9369313996466233
0.2214273864617016, 0.22142738646170748, 0.9497051253149464
0.10286476764414937, 0.33403351917695084, 0.9369313996466213
1.1102230246251563e-16, 0.42261826174070016, 0.9063077870366496
-6.982150666839085e-17, 0.4226182617407003, 0.9063077870366496
-6.982150666839085e-17, 0.4226182617407003, 0.9063077870366496
-6.982150666839085e-17, 0.4226182617407003, 0.9063077870366496
-6.982150666839085e-17, 0.4226182617407003, 0.9063077870366496
-6.982150666839085e-17, 0.4226182617407003, 0.9063077870366496
8.88178419700125e-16, 0.4226182617407011, 0.9063077870366493
-0.10286476764415127, 0.33403351917695084, 0.9369313996466211
-0.22142738646170504, 0.2214273864617078, 0.9497051253149454
-0.3340335191769488, 0.10286476764415345, 0.9369313996466215
-0.4226182617406992, 1.3045120539345583e-15, 0.90630778703665
-0.4226182617407003, 0.0, 0.9063077870366496
-0.4226182617407003, 0.0, 0.9063077870366496
-0.4226182617407003, 0.0, 0.9063077870366496
-0.4226182617407003, 0.0, 0.9063077870366496
-0.4226182617407003, 0.0, 0.9063077870366496
-0.42261826174070116, 1.1102230246251565e-15, 0.9063077870366492
-0.33403351917695123, -0.10286476764414891, 0.9369313996466213
-0.22142738646170732, -0.22142738646170168, 0.9497051253149464
-0.10286476764415271, -0.33403351917694407, 0.9369313996466234
1.4432899320127037e-15, -0.42261826174069494, 0.9063077870366522
6.982150666838977e-17, -0.42261826174069383, 0.9063077870366526
6.982150666838977e-17, -0.42261826174069383, 0.9063077870366526
6.982150666838977e-17, -0.42261826174069383, 0.9063077870366526
6.982150666838977e-17, -0.42261826174069383, 0.9063077870366526
6.982150666838977e-17, -0.42261826174069383, 0.9063077870366526
-4.163336342344337e-16, -0.42261826174069433, 0.9063077870366525
0.10286476764414894, -0.334033519176946, 0.9369313996466232
0.22142738646170135, -0.2214273864617041, 0.9497051253149473
0.334033519176944, -0.1028647676441511, 0.9369313996466236
0.4226182617406936, -3.3306690738754696e-16, 0.9063077870366528
0.4226182617406938, 0.0, 0.9063077870366526
0.4226182617406938, 0.0, 0.9063077870366526
0.4226182617406938, 0.0, 0.9063077870366526
0.4226182617406938, 0.0, 0.9063077870366526
0.4226182617406938, 0.0, 0.9063077870366526
0.42261826174069483, -1.27675647831893e-15, 0.9063077870366523
0.33403351917694507, 0.10286476764415159, 0.9369313996466231
0.22142738646170285, 0.22142738646170623, 0.9497051253149464
0.10286476764415071, 0.3340335191769496, 0.9369313996466215
1.1102230246251563e-16, 0.42261826174070016, 0.9063077870366496
-6.982150666839085e-17, 0.4226182617407003, 0.9063077870366496
-6.982150666839085e-17, 0.4226182617407003, 0.9063077870366496
-6.982150666839085e-17, 0.4226182617407003, 0.9063077870366496
-6.982150666839085e-17, 0.4226182617407003, 0.9063077870366496
-6.982150666839085e-17, 0.4226182617407003, 0.9063077870366496
8.88178419700125e-16, 0.4226182617407011, 0.9063077870366493
-0.10286476764415066, 0.3340335191769515, 0.9369313996466211
-0.22142738646170504, 0.2214273864617078, 0.9497051253149454
-0.3340335191769488, 0.10286476764415345, 0.9369313996466215
-0.4226182617406998, 6.383782391594647e-16, 0.9063077870366497
-0.4226182617407003, 0.0, 0.9063077870366496
-0.4226182617407003, 0.0, 0.9063077870366496
-0.4226182617407003, 0.0, 0.9063077870366496
-0.4226182617407003, 0.0, 0.9063077870366496
-0.4226182617407003, 0.0, 0.9063077870366496
-0.42261826174070116, 1.1102230246251565e-15, 0.9063077870366492
-0.33403351917695123, -0.10286476764414891, 0.9369313996466213
-0.22142738646170732, -0.22142738646170168, 0.9497051253149464
-0.10286476764415271, -0.33403351917694407, 0.9369313996466234
7.494005416219805e-16, -0.4226182617406943, 0.9063077870366523
6.982150666838977e-17, -0.42261826174069383, 0.9063077870366526
6.982150666838977e-17, -0.42261826174069383, 0.9063077870366526
6.982150666838977e-17, -0.42261826174069383, 0.9063077870366526
6.982150666838977e-17, -0.42261826174069383, 0.9063077870366526
6.982150666838977e-17, -0.42261826174069383, 0.9063077870366526
-1.0824674490095274e-15, -0.4226182617406948, 0.906307787036652
0.1028647676441496, -0.33403351917694546, 0.9369313996466233
0.22142738646170199, -0.22142738646170346, 0.9497051253149473
0.334033519176944, -0.1028647676441511, 0.9369313996466236
0.42261826174069406, 2.775557561562891e-16, 0.9063077870366525
0.4226182617406938, 0.0, 0.9063077870366526
0.4226182617406938, 0.0, 0.9063077870366526
0.4226182617406938, 0.0, 0.9063077870366526
0.4226182617406938, 0.0, 0.9063077870366526
0.4226182617406938, 0.0, 0.9063077870366526
0.42261826174069483, -1.27675647831893e-15, 0.9063077870366523
0.33403351917694507, 0.10286476764415159, 0.9369313996466231
0.22142738646170285, 0.22142738646170623, 0.9497051253149464
0.10286476764415005, 0.3340335191769503, 0.9369313996466215
1.1102230246251563e-16, 0.42261826174070016, 0.9063077870366496
-6.982150666839085e-17, 0.4226182617407003, 0.9063077870366496
-6.982150666839085e-17, 0.4226182617407003, 0.9063077870366496
-6.982150666839085e-17, 0.4226182617407003, 0.9063077870366496
-6.982150666839085e-17, 0.4226182617407003, 0.9063077870366496
-6.982150666839085e-17, 0.4226182617407003, 0.9063077870366496
8.88178419700125e-16, 0.4226182617407011, 0.9063077870366493
-0.10286476764415127, 0.33403351917695084, 0.9369313996466211
-0.22142738646170504, 0.2214273864617078, 0.9497051253149454
-0.3340335191769488, 0.10286476764415345, 0.9369313996466215
-0.4226182617406992, 1.3045120539345583e-15, 0.90630778703665
-0.4226182617407003, 0.0, 0.9063077870366496
-0.4226182617407003, 0.0, 0.9063077870366496
-0.4226182617407003, 0.0, 0.9063077870366496
-0.4226182617407003, 0.0, 0.9063077870366496
-0.4226182617407003, 0.0, 0.9063077870366496
-0.42261826174070116, 1.1102230246251565e-15, 0.9063077870366492
-0.33403351917695073, -0.10286476764414954, 0.9369313996466214
-0.22142738646170793, -0.22142738646170107, 0.9497051253149463
-0.10286476764415209, -0.3340335191769447, 0.9369313996466233
7.494005416219805e-16, -0.4226182617406943, 0.9063077870366523
6.982150666838977e-17, -0.42261826174069383, 0.9063077870366526
6.982150666838977e-17, -0.42261826174069383, 0.9063077870366526
6.982150666838977e-17, -0.42261826174069383, 0.9063077870366526
6.982150666838977e-17, -0.42261826174069383, 0.9063077870366526
6.982150666838977e-17, -0.42261826174069383, 0.9063077870366526
-4.163336342344337e-16, -0.42261826174069433, 0.9063077870366525
0.10286476764415087, -0.33403351917694424, 0.9369313996466234
0.22142738646170199, -0.22142738646170346, 0.9497051253149473
0.334033519176944, -0.1028647676441511, 0.9369313996466236
0.42261826174069406, 2.775557561562891e-16, 0.9063077870366525
0.4226182617406938, 0.0, 0.9063077870366526
0.4226182617406938, 0.0, 0.9063077870366526
0.4226182617406938, 0.0, 0.9063077870366526
0.4226182617406938, 0.0, 0.9063077870366526
0.4226182617406938, 0.0, 0.9063077870366526
0.42261826174069483, -1.27675647831893e-15, 0.9063077870366523
0.3340335191769445, 0.10286476764415223, 0.9369313996466233
0.22142738646170285, 0.22142738646170623, 0.9497051253149464
0.10286476764415071, 0.3340335191769496, 0.9369313996466215
1.1102230246251563e-16, 0.42261826174070016, 0.9063077870366496
-6.982150666839085e-17, 0.4226182617407003, 0.9063077870366496
-6.982150666839085e-17, 0.4226182617407003, 0.9063077870366496
-6.982150666839085e-17, 0.4226182617407003, 0.9063077870366496
-6.982150666839085e-17, 0.4226182617407003, 0.9063077870366496
-6.982150666839085e-17, 0.4226182617407003, 0.9063077870366496
8.88178419700125e-16, 0.4226182617407011, 0.9063077870366493
-0.10286476764415127, 0.33403351917695084, 0.9369313996466211
-0.22142738646170504, 0.2214273864617078, 0.9497051253149454
-0.3340335191769488, 0.10286476764415345, 0.9369313996466215
-0.4226182617406992, 1.3045120539345583e-15, 0.90630778703665
-0.4226182617407003, 0.0, 0.9063077870366496
-0.4226182617407003, 0.0, 0.9063077870366496
-0.4226182617407003, 0.0, 0.9063077870366496
-0.4226182617407003, 0.0, 0.9063077870366496
-0.4226182617407003, 0.0, 0.9063077870366496
-0.42261826174070116, 1.1102230246251565e-15, 0.9063077870366492
-0.33403351917695073, -0.10286476764414954, 0.9369313996466214
-0.22142738646170732, -0.22142738646170168, 0.9497051253149464
-0.10286476764415209, -0.3340335191769447, 0.9369313996466233
1.4432899320127037e-15, -0.42261826174069494, 0.9063077870366522
6.982150666838977e-17, -0.42261826174069383, 0.9063077870366526
6.982150666838977e-17, -0.42261826174069383, 0.9063077870366526
6.982150666838977e-17, -0.42261826174069383, 0.9063077870366526
6.982150666838977e-17, -0.42261826174069383, 0.9063077870366526
6.982150666838977e-17, -0.42261826174069383, 0.9063077870366526
-4.163336342344337e-16, -0.42261826174069433, 0.9063077870366525
0.10286476764415022, -0.33403351917694485, 0.9369313996466233
0.22142738646170199, -0.22142738646170346, 0.9497051253149473
0.334033519176944, -0.1028647676441511, 0.9369313996466236
0.422618261740693, -1.0547118733938987e-15, 0.906307787036653
0.4226182617406938, 0.0, 0.9063077870366526
0.4226182617406938, 0.0, 0.9063077870366526
0.4226182617406938, 0.0, 0.9063077870366526
0.4226182617406938, 0.0, 0.9063077870366526
0.4226182617406938, 0.0, 0.9063077870366526
0.42261826174069483, -1.27675647831893e-15, 0.9063077870366523
0.3340335191769445, 0.10286476764415223, 0.9369313996466233
0.2214273864617016, 0.22142738646170748, 0.9497051253149464
0.10286476764414937, 0.33403351917695084, 0.9369313996466213
1.1102230246251563e-16, 0.42261826174070016, 0.9063077870366496
-6.982150666839085e-17, 0.4226182617407003, 0.9063077870366496
-6.982150666839085e-17, 0.4226182617407003, 0.9063077870366496
-6.982150666839085e-17, 0.4226182617407003, 0.9063077870366496
-6.982150666839085e-17, 0.4226182617407003, 0.9063077870366496
-6.982150666839085e-17, 0.4226182617407003, 0.9063077870366496
8.88178419700125e-16, 0.4226182617407011, 0.9063077870366493
-0.10286476764415127, 0.33403351917695084, 0.9369313996466211
-0.22142738646170504, 0.2214273864617078, 0.9497051253149454
-0.3340335191769488, 0.10286476764415345, 0.9369313996466215
-0.4226182617406992, 1.3045120539345583e-15, 0.90630778703665
-0.4226182617407003, 0.0, 0.9063077870366496
-0.4226182617407003, 0.0, 0.9063077870366496
-0.4226182617407003, 0.0, 0.9063077870366496
-0.4226182617407003, 0.0, 0.9063077870366496
-0.4226182617407003, 0.0, 0.9063077870366496
-0.42261826174070116, 1.1102230246251565e-15, 0.9063077870366492
-0.33403351917695073, -0.10286476764414954, 0.9369313996466214
-0.22142738646170732, -0.22142738646170168, 0.9497051253149464
-0.10286476764415209, -0.3340335191769447, 0.9369313996466233
7.494005416219805e-16, -0.4226182617406943, 0.9063077870366523
6.982150666838977e-17, -0.42261826174069383, 0.9063077870366526
6.982150666838977e-17, -0.42261826174069383, 0.9063077870366526
6.982150666838977e-17, -0.42261826174069383, 0.9063077870366526
6.982150666838977e-17, -0.42261826174069383, 0.9063077870366526
6.982150666838977e-17, -0.42261826174069383, 0.9063077870366526
-4.163336342344337e-16, -0.42261826174069433, 0.9063077870366525
0.10286476764414894, -0.334033519176946, 0.9369313996466232
0.22142738646170135, -0.2214273864617041, 0.9497051253149473
0.334033519176944, -0.1028647676441511, 0.9369313996466236
0.42261826174069406, 2.775557561562891e-16, 0.9063077870366525
0.4226182617406938, 0.0, 0.9063077870366526
0.4226182617406938, 0.0, 0.9063077870366526
0.4226182617406938, 0.0, 0.9063077870366526
0.4226182617406938, 0.0, 0.9063077870366526
0.4226182617406938, 0.0, 0.9063077870366526
0.42261826174069483, -1.27675647831893e-15, 0.9063077870366523
0.33403351917694507, 0.10286476764415159, 0.9369313996466231
0.22142738646170285, 0.22142738646170623, 0.9497051253149464
0.10286476764415071, 0.3340335191769496, 0.9369313996466215
1.1102230246251563e-16, 0.42261826174070016, 0.9063077870366496
-6.982150666839085e-17, 0.4226182617407003, 0.9063077870366496
-6.982150666839085e-17, 0.4226182617407003, 0.9063077870366496
-6.982150666839085e-17, 0.4226182617407003, 0.9063077870366496
-6.982150666839085e-17, 0.4226182617407003, 0.9063077870366496
-6.982150666839085e-17, 0.4226182617407003, 0.9063077870366496
8.88178419700125e-16, 0.4226182617407011, 0.9063077870366493
-0.10286476764415066, 0.3340335191769515, 0.9369313996466211
-0.22142738646170504, 0.2214273864617078, 0.9497051253149454
-0.3340335191769488, 0.10286476764415345, 0.9369313996466215
-0.4226182617406998, 6.383782391594647e-16, 0.9063077870366497
-0.4226182617407003, 0.0, 0.9063077870366496
-0.4226182617407003, 0.0, 0.9063077870366496
-0.4226182617407003, 0.0, 0.9063077870366496
-0.4226182617407003, 0.0, 0.9063077870366496
-0.4226182617407003, 0.0, 0.9063077870366496
-0.4226182617407006, 3.885780586188048e-16, 0.9063077870366495
-0.33403351917695073, -0.10286476764414954, 0.9369313996466214
-0.22142738646170732, -0.22142738646170168, 0.9497051253149464
-0.10286476764415209, -0.3340335191769447, 0.9369313996466233
1.4432899320127037e-15, -0.42261826174069494, 0.9063077870366522
6.982150666838977e-17, -0.42261826174069383, 0.9063077870366526
6.982150666838977e-17, -0.42261826174069383, 0.9063077870366526
6.982150666838977e-17, -0.42261826174069383, 0.9063077870366526
6.982150666838977e-17, -0.42261826174069383, 0.9063077870366526
6.982150666838977e-17, -0.42261826174069383, 0.9063077870366526
-4.163336342344337e-16, -0.42261826174069433, 0.9063077870366525
0.10286476764415022, -0.33403351917694485, 0.9369313996466233
0.22142738646170199, -0.22142738646170346, 0.9497051253149473
0.334033519176944, -0.1028647676441511, 0.9369313996466236
0.42261826174069406, 2.775557561562891e-16, 0.9063077870366525
0.4226182617406938, 0.0, 0.9063077870366526
0.4226182617406938, 0.0, 0.9063077870366526
0.4226182617406938, 0.0, 0.9063077870366526
0.4226182617406938, 0.0, 0.9063077870366526
0.4226182617406938, 0.0, 0.9063077870366526
0.42261826174069483, -1.27675647831893e-15, 0.9063077870366523
0.33403351917694574, 0.10286476764415094, 0.936931399646623
0.22142738646170285, 0.22142738646170623, 0.9497051253149464
0.10286476764415071, 0.3340335191769496, 0.9369313996466215
7.494005416219805e-16, 0.42261826174069966, 0.9063077870366498
-6.982150666839085e-17, 0.4226182617407003, 0.9063077870366496
-6.982150666839085e-17, 0.4226182617407003, 0.9063077870366496
-6.982150666839085e-17, 0.4226182617407003, 0.9063077870366496
-6.982150666839085e-17, 0.4226182617407003, 0.9063077870366496
-6.982150666839085e-17, 0.4226182617407003, 0.9063077870366496
8.88178419700125e-16, 0.4226182617407011, 0.9063077870366493
-0.10286476764415066, 0.3340335191769515, 0.9369313996466211
-0.22142738646170504, 0.2214273864617078, 0.9497051253149454
-0.3340335191769488, 0.10286476764415345, 0.9369313996466215
-0.4226182617406992, 1.3045120539345583e-15, 0.90630778703665
-0.4226182617407003, 0.0, 0.9063077870366496
-0.4226182617407003, 0.0, 0.9063077870366496
-0.4226182617407003, 0.0, 0.9063077870366496
-0.4226182617407003, 0.0, 0.9063077870366496
-0.4226182617407003, 0.0, 0.9063077870366496
-0.42261826174070116, 1.1102230246251565e-15, 0.9063077870366492
-0.33403351917695123, -0.10286476764414891, 0.9369313996466213
-0.22142738646170732, -0.22142738646170168, 0.9497051253149464
-0.10286476764415271, -0.33403351917694407, 0.9369313996466234
7.494005416219805e-16, -0.4226182617406943, 0.9063077870366523
6.982150666838977e-17, -0.42261826174069383, 0.9063077870366526
6.982150666838977e-17, -0.42261826174069383, 0.9063077870366526
6.982150666838977e-17, -0.42261826174069383, 0.9063077870366526
6.982150666838977e-17, -0.42261826174069383, 0.9063077870366526
6.982150666838977e-17, -0.42261826174069383, 0.9063077870366526
-1.0824674490095274e-15, -0.4226182617406948, 0.906307787036652
0.10286476764415087, -0.33403351917694424, 0.9369313996466234
0.22142738646170199, -0.22142738646170346, 0.9497051253149473
0.3340335191769446, -0.10286476764415042, 0.9369313996466235
0.42261826174069406, 2.775557561562891e-16, 0.9063077870366525
0.4226182617406938, 0.0, 0.9063077870366526
0.4226182617406938, 0.0, 0.9063077870366526
0.4226182617406938, 0.0, 0.9063077870366526
0.4226182617406938, 0.0, 0.9063077870366526
0.4226182617406938, 0.0, 0.9063077870366526
0.42261826174069483, -1.27675647831893e-15, 0.9063077870366523
0.33403351917694507, 0.10286476764415159, 0.9369313996466231
0.22142738646170285, 0.22142738646170623, 0.9497051253149464
0.10286476764415071, 0.3340335191769496, 0.9369313996466215
1.1102230246251563e-16, 0.42261826174070016, 0.9063077870366496
-6.982150666839085e-17, 0.4226182617407003, 0.9063077870366496
-6.982150666839085e-17, 0.4226182617407003, 0.9063077870366496
-6.982150666839085e-17, 0.4226182617407003, 0.9063077870366496
-6.982150666839085e-17, 0.4226182617407003, 0.9063077870366496
-6.982150666839085e-17, 0.4226182617407003, 0.9063077870366496
8.88178419700125e-16, 0.4226182617407011, 0.9063077870366493
-0.10286476764415066, 0.3340335191769515, 0.9369313996466211
-0.22142738646170504, 0.2214273864617078, 0.9497051253149454
-0.3340335191769488, 0.10286476764415345, 0.9369313996466215
-0.4226182617406998, 6.383782391594647e-16, 0.9063077870366497
-0.4226182617407003, 0.0, 0.9063077870366496
-0.4226182617407003, 0.0, 0.9063077870366496
-0.4226182617407003, 0.0, 0.9063077870366496
-0.4226182617407003, 0.0, 0.9063077870366496
-0.4226182617407003, 0.0, 0.9063077870366496
-0.42261826174070116, 1.1102230246251565e-15, 0.9063077870366492
-0.33403351917695123, -0.10286476764414891, 0.9369313996466213
-0.22142738646170732, -0.22142738646170168, 0.9497051253149464
-0.10286476764415271, -0.33403351917694407, 0.9369313996466234
7.494005416219805e-16, -0.4226182617406943, 0.9063077870366523
6.982150666838977e-17, -0.42261826174069383, 0.9063077870366526
6.982150666838977e-17, -0.42261826174069383, 0.9063077870366526
6.982150666838977e-17, -0.42261826174069383, 0.9063077870366526
6.982150666838977e-17, -0.42261826174069383, 0.9063077870366526
6.982150666838977e-17, -0.42261826174069383, 0.9063077870366526
-4.163336342344337e-16, -0.42261826174069433, 0.9063077870366525
0.10286476764415022, -0.33403351917694485, 0.9369313996466233
0.22142738646170199, -0.22142738646170346, 0.9497051253149473
0.334033519176944, -0.1028647676441511, 0.9369313996466236
0.42261826174069406, 2.775557561562891e-16, 0.9063077870366525
0.4226182617406938, 0.0, 0.9063077870366526
0.4226182617406938, 0.0, 0.9063077870366526
0.4226182617406938, 0.0, 0.9063077870366526
0.4226182617406938, 0.0, 0.9063077870366526
0.4226182617406938, 0.0, 0.9063077870366526
0.42261826174069533, -1.9428902930940236e-15, 0.9063077870366518
0.3340335191769445, 0.10286476764415223, 0.9369313996466233
0.2214273864617016, 0.22142738646170748, 0.9497051253149464
0.10286476764415005, 0.3340335191769503, 0.9369313996466215
1.1102230246251563e-16, 0.42261826174070016, 0.9063077870366496
-6.982150666839085e-17, 0.4226182617407003, 0.9063077870366496
-6.982150666839085e-17, 0.4226182617407003, 0.9063077870366496
-6.982150666839085e-17, 0.4226182617407003, 0.9063077870366496
-6.982150666839085e-17, 0.4226182617407003, 0.9063077870366496
-6.982150666839085e-17, 0.4226182617407003, 0.9063077870366496
8.88178419700125e-16, 0.4226182617407011, 0.9063077870366493
-0.10286476764415127, 0.33403351917695084, 0.9369313996466211
-0.22142738646170504, 0.2214273864617078, 0.9497051253149454
-0.3340335191769488, 0.10286476764415345, 0.9369313996466215
-0.4226182617406992, 1.3045120539345583e-15, 0.90630778703665
-0.4226182617407003, 0.0, 0.9063077870366496
-0.4226182617407003, 0.0, 0.9063077870366496
-0.4226182617407003, 0.0, 0.9063077870366496
-0.4226182617407003, 0.0, 0.9063077870366496
-0.4226182617407003, 0.0, 0.9063077870366496
-0.42261826174070116, 1.1102230246251565e-15, 0.9063077870366492
-0.33403351917695073, -0.10286476764414954, 0.9369313996466214
-0.22142738646170732, -0.22142738646170168, 0.9497051253149464
-0.10286476764415209, -0.3340335191769447, 0.9369313996466233
7.494005416219805e-16, -0.4226182617406943, 0.9063077870366523
6.982150666838977e-17, -0.42261826174069383, 0.9063077870366526
6.982150666838977e-17, -0.42261826174069383, 0.9063077870366526
6.982150666838977e-17, -0.42261826174069383, 0.9063077870366526
6.982150666838977e-17, -0.42261826174069383, 0.9063077870366526
6.982150666838977e-17, -0.42261826174069383, 0.9063077870366526
-4.163336342344337e-16, -0.42261826174069433, 0.9063077870366525
0.10286476764414894, -0.334033519176946, 0.9369313996466232
0.22142738646170135, -0.2214273864617041, 0.9497051253149473
0.334033519176944, -0.1028647676441511, 0.9369313996466236
0.42261826174069406, 2.775557561562891e-16, 0.9063077870366525
0.4226182617406938, 0.0, 0.9063077870366526
0.4226182617406938, 0.0, 0.9063077870366526
0.4226182617406938, 0.0, 0.9063077870366526
0.4226182617406938, 0.0, 0.9063077870366526
0.4226182617406938, 0.0, 0.9063077870366526
0.42261826174069483, -1.27675647831893e-15, 0.9063077870366523
0.33403351917694507, 0.10286476764415159, 0.9369313996466231
0.2214273864617016, 0.22142738646170748, 0.9497051253149464
0.10286476764415005, 0.3340335191769503, 0.9369313996466215
1.1102230246251563e-16, 0.42261826174070016, 0.9063077870366496
-6.982150666839085e-17, 0.4226182617407003, 0.9063077870366496
-6.982150666839085e-17, 0.4226182617407003, 0.9063077870366496
-6.982150666839085e-17, 0.4226182617407003, 0.9063077870366496
-6.982150666839085e-17, 0.4226182617407003, 0.9063077870366496
-6.982150666839085e-17, 0.4226182617407003, 0.9063077870366496
8.88178419700125e-16, 0.4226182617407011, 0.9063077870366493
-0.10286476764415066, 0.3340335191769515, 0.9369313996466211
-0.22142738646170504, 0.2214273864617078, 0.9497051253149454
-0.3340335191769488, 0.10286476764415345, 0.9369313996466215
-0.4226182617406998, 6.383782391594647e-16, 0.9063077870366497
-0.4226182617407003, 0.0, 0.9063077870366496
-0.4226182617407003, 0.0, 0.9063077870366496
-0.4226182617407003, 0.0, 0.9063077870366496
-0.4226182617407003, 0.0, 0.9063077870366496
-0.4226182617407003, 0.0, 0.9063077870366496
-0.42261826174070116, 1.1102230246251565e-15, 0.9063077870366492
-0.33403351917695123, -0.10286476764414891, 0.9369313996466213
-0.22142738646170732, -0.22142738646170168, 0.9497051253149464
-0.10286476764415209, -0.3340335191769447, 0.9369313996466233
7.494005416219805e-16, -0.4226182617406943, 0.9063077870366523
6.982150666838977e-17, -0.42261826174069383, 0.9063077870366526
6.982150666838977e-17, -0.42261826174069383, 0.9063077870366526
6.982150666838977e-17, -0.42261826174069383, 0.9063077870366526
6.982150666838977e-17, -0.42261826174069383, 0.9063077870366526
6.982150666838977e-17, -0.42261826174069383, 0.9063077870366526
-1.0824674490095274e-15, -0.4226182617406948, 0.906307787036652
0.10286476764415087, -0.33403351917694424, 0.9369313996466234
0.22142738646170199, -0.22142738646170346, 0.9497051253149473
0.3340335191769446, -0.10286476764415042, 0.9369313996466235
0.42261826174069406, 2.775557561562891e-16, 0.9063077870366525
0.4226182617406938, 0.0, 0.9063077870366526
0.4226182617406938, 0.0, 0.9063077870366526
0.4226182617406938, 0.0, 0.9063077870366526
0.4226182617406938, 0.0, 0.9063077870366526
0.4226182617406938, 0.0, 0.9063077870366526
0.42261826174069483, -1.27675647831893e-15, 0.9063077870366523
0.33403351917694507, 0.10286476764415159, 0.9369313996466231
0.22142738646170224, 0.22142738646170687, 0.9497051253149464
0.10286476764415071, 0.3340335191769496, 0.9369313996466215
1.1102230246251563e-16, 0.42261826174070016, 0.9063077870366496
-6.982150666839085e-17, 0.4226182617407003, 0.9063077870366496
-6.982150666839085e-17, 0.4226182617407003, 0.9063077870366496
-6.982150666839085e-17, 0.4226182617407003, 0.9063077870366496
-6.982150666839085e-17, 0.4226182617407003, 0.9063077870366496
-6.982150666839085e-17, 0.4226182617407003, 0.9063077870366496
8.88178419700125e-16, 0.4226182617407011, 0.9063077870366493
-0.10286476764415127, 0.33403351917695084, 0.9369313996466211
-0.22142738646170504, 0.2214273864617078, 0.9497051253149454
-0.3340335191769488, 0.10286476764415345, 0.9369313996466215
-0.4226182617406992, 1.3045120539345583e-15, 0.90630778703665
-0.4226182617407003, 0.0, 0.9063077870366496
-0.4226182617407003, 0.0, 0.9063077870366496
-0.4226182617407003, 0.0, 0.9063077870366496
-0.4226182617407003, 0.0, 0.9063077870366496
-0.4226182617407003, 0.0, 0.9063077870366496
-0.42261826174070116, 1.1102230246251565e-15, 0.9063077870366492
-0.33403351917695073, -0.10286476764414954, 0.9369313996466214
-0.22142738646170793, -0.22142738646170107, 0.9497051253149463
-0.10286476764415271, -0.33403351917694407, 0.9369313996466234
1.1102230246251565e-16, -0.42261826174069383, 0.9063077870366526
6.982150666838977e-17, -0.42261826174069383, 0.9063077870366526
6.982150666838977e-17, -0.42261826174069383, 0.9063077870366526
6.982150666838977e-17, -0.42261826174069383, 0.9063077870366526
6.982150666838977e-17, -0.42261826174069383, 0.9063077870366526
6.982150666838977e-17, -0.42261826174069383, 0.9063077870366526
-4.163336342344337e-16, -0.42261826174069433, 0.9063077870366525
0.10286476764415087, -0.33403351917694424, 0.9369313996466234
0.22142738646170199, -0.22142738646170346, 0.9497051253149473
0.334033519176944, -0.1028647676441511, 0.9369313996466236
0.42261826174069406, 2.775557561562891e-16, 0.9063077870366525
0.4226182617406938, 0.0, 0.9063077870366526
0.4226182617406938, 0.0, 0.9063077870366526
0.4226182617406938, 0.0, 0.9063077870366526
0.4226182617406938, 0.0, 0.9063077870366526
0.4226182617406938, 0.0, 0.9063077870366526
0.4226182617406943, -6.10622663543836e-16, 0.9063077870366524
0.3340335191769445, 0.10286476764415223, 0.9369313996466233
0.22142738646170285, 0.22142738646170623, 0.9497051253149464
0.10286476764415071, 0.3340335191769496, 0.9369313996466215
1.1102230246251563e-16, 0.42261826174070016, 0.9063077870366496
-6.982150666839085e-17, 0.4226182617407003, 0.9063077870366496
-6.982150666839085e-17, 0.4226182617407003, 0.9063077870366496
-6.982150666839085e-17, 0.4226182617407003, 0.9063077870366496
-6.982150666839085e-17, 0.4226182617407003, 0.9063077870366496
-6.982150666839085e-17, 0.4226182617407003, 0.9063077870366496
8.88178419700125e-16, 0.4226182617407011, 0.9063077870366493
-0.10286476764415066, 0.3340335191769515, 0.9369313996466211
-0.22142738646170504, 0.2214273864617078, 0.9497051253149454
-0.3340335191769495, 0.10286476764415282, 0.9369313996466215
-0.4226182617406998, 6.383782391594647e-16, 0.9063077870366497
-0.4226182617407003, 0.0, 0.9063077870366496
-0.4226182617407003, 0.0, 0.9063077870366496
-0.4226182617407003, 0.0, 0.9063077870366496
-0.4226182617407003, 0.0, 0.9063077870366496
-0.4226182617407003, 0.0, 0.9063077870366496
-0.4226182617407006, 3.885780586188048e-16, 0.9063077870366495
-0.33403351917695073, -0.10286476764414954, 0.9369313996466214
-0.22142738646170732, -0.22142738646170168, 0.9497051253149464
-0.10286476764415209, -0.3340335191769447, 0.9369313996466233
7.494005416219805e-16, -0.4226182617406943, 0.9063077870366523
6.982150666838977e-17, -0.42261826174069383, 0.9063077870366526
6.982150666838977e-17, -0.42261826174069383, 0.9063077870366526
6.982150666838977e-17, -0.42261826174069383, 0.9063077870366526
6.982150666838977e-17, -0.42261826174069383, 0.9063077870366526
6.982150666838977e-17, -0.42261826174069383, 0.9063077870366526
-4.163336342344337e-16, -0.42261826174069433, 0.9063077870366525
0.10286476764415022, -0.33403351917694485, 0.9369313996466233
0.22142738646170199, -0.22142738646170346, 0.9497051253149473
0.334033519176944, -0.1028647676441511, 0.9369313996466236
0.422618261740693, -1.0547118733938987e-15, 0.906307787036653
0.4226182617406938, 0.0, 0.9063077870366526
0.4226182617406938, 0.0, 0.9063077870366526
0.4226182617406938, 0.0, 0.9063077870366526
0.4226182617406938, 0.0, 0.9063077870366526
0.4226182617406938, 0.0, 0.9063077870366526
0.42261826174069483, -1.27675647831893e-15, 0.9063077870366523
0.33403351917694507, 0.10286476764415159, 0.9369313996466231
0.22142738646170224, 0.22142738646170687, 0.9497051253149464
0.10286476764415071, 0.3340335191769496, 0.9369313996466215
1.1102230246251563e-16, 0.42261826174070016, 0.9063077870366496
-6.982150666839085e-17, 0.4226182617407003, 0.9063077870366496
-6.982150666839085e-17, 0.4226182617407003, 0.9063077870366496
-6.982150666839085e-17, 0.4226182617407003, 0.9063077870366496
-6.982150666839085e-17, 0.4226182617407003, 0.9063077870366496
-6.982150666839085e-17, 0.4226182617407003, 0.9063077870366496
8.88178419700125e-16, 0.4226182617407011, 0.9063077870366493
-0.10286476764415127, 0.33403351917695084, 0.9369313996466211
-0.22142738646170504, 0.2214273864617078, 0.9497051253149454
-0.3340335191769488, 0.10286476764415345, 0.9369313996466215
-0.4226182617406988, 1.942890293094023e-15, 0.9063077870366503
-0.4226182617407003, 0.0, 0.9063077870366496
-0.4226182617407003, 0.0, 0.9063077870366496
-0.4226182617407003, 0.0, 0.9063077870366496
-0.4226182617407003, 0.0, 0.9063077870366496
-0.4226182617407003, 0.0, 0.9063077870366496
-0.42261826174070116, 1.1102230246251565e-15, 0.9063077870366492
-0.33403351917695123, -0.10286476764414891, 0.9369313996466213
-0.22142738646170732, -0.22142738646170168, 0.9497051253149464
-0.10286476764415209, -0.3340335191769447, 0.9369313996466233
7.494005416219805e-16, -0.4226182617406943, 0.9063077870366523
6.982150666838977e-17, -0.42261826174069383, 0.9063077870366526
6.982150666838977e-17, -0.42261826174069383, 0.9063077870366526
6.982150666838977e-17, -0.42261826174069383, 0.9063077870366526
6.982150666838977e-17, -0.42261826174069383, 0.9063077870366526
6.982150666838977e-17, -0.42261826174069383, 0.9063077870366526
-4.163336342344337e-16, -0.42261826174069433, 0.9063077870366525
0.10286476764415022, -0.33403351917694485, 0.9369313996466233
0.22142738646170199, -0.22142738646170346, 0.9497051253149473
0.334033519176944, -0.1028647676441511, 0.9369313996466236
0.42261826174069406, 2.775557561562891e-16, 0.9063077870366525
0.4226182617406938, 0.0, 0.9063077870366526
0.4226182617406938, 0.0, 0.9063077870366526
0.4226182617406938, 0.0, 0.9063077870366526
0.4226182617406938, 0.0, 0.9063077870366526
0.4226182617406938, 0.0, 0.9063077870366526
0.42261826174069483, -1.27675647831893e-15, 0.9063077870366523
0.33403351917694507, 0.10286476764415159, 0.9369313996466231
0.22142738646170224, 0.22142738646170687, 0.9497051253149464
0.10286476764415071, 0.3340335191769496, 0.9369313996466215
1.1102230246251563e-16, 0.42261826174070016, 0.9063077870366496
-6.982150666839085e-17, 0.4226182617407003, 0.9063077870366496
-6.982150666839085e-17, 0.4226182617407003, 0.9063077870366496
-6.982150666839085e-17, 0.4226182617407003, 0.9063077870366496
-6.982150666839085e-17, 0.4226182617407003, 0.9063077870366496
-6.982150666839085e-17, 0.4226182617407003, 0.9063077870366496
8.88178419700125e-16, 0.4226182617407011, 0.9063077870366493
-0.10286476764415066, 0.3340335191769515, 0.9369313996466211
-0.22142738646170568, 0.22142738646170715, 0.9497051253149456
-0.3340335191769488, 0.10286476764415345, 0.9369313996466215
-0.4226182617406998, 6.383782391594647e-16, 0.9063077870366497
-0.4226182617407003, 0.0, 0.9063077870366496
-0.4226182617407003, 0.0, 0.9063077870366496
-0.4226182617407003, 0.0, 0.9063077870366496
-0.4226182617407003, 0.0, 0.9063077870366496
-0.4226182617407003, 0.0, 0.9063077870366496
-0.42261826174070116, 1.1102230246251565e-15, 0.9063077870366492
-0.33403351917695073, -0.10286476764414954, 0.9369313996466214
-0.22142738646170793, -0.22142738646170107, 0.9497051253149463
-0.10286476764415271, -0.33403351917694407, 0.9369313996466234
7.494005416219805e-16, -0.4226182617406943, 0.9063077870366523
6.982150666838977e-17, -0.42261826174069383, 0.9063077870366526
6.982150666838977e-17, -0.42261826174069383, 0.9063077870366526
6.982150666838977e-17, -0.42261826174069383, 0.9063077870366526
6.982150666838977e-17, -0.42261826174069383, 0.9063077870366526
6.982150666838977e-17, -0.42261826174069383, 0.9063077870366526
-1.0824674490095274e-15, -0.4226182617406948, 0.906307787036652
0.10286476764415087, -0.33403351917694424, 0.9369313996466234
0.22142738646170199, -0.22142738646170346, 0.9497051253149473
0.3340335191769446, -0.10286476764415042, 0.9369313996466235
0.42261826174069406, 2.775557561562891e-16, 0.9063077870366525
0.4226182617406938, 0.0, 0.9063077870366526
0.4226182617406938, 0.0, 0.9063077870366526
0.4226182617406938, 0.0, 0.9063077870366526
0.4226182617406938, 0.0, 0.9063077870366526
0.4226182617406938, 0.0, 0.9063077870366526
0.42261826174069533, -1.9428902930940236e-15, 0.9063077870366518
0.33403351917694507, 0.10286476764415159, 0.9369313996466231
0.22142738646170224, 0.22142738646170687, 0.9497051253149464
0.10286476764415005, 0.3340335191769503, 0.9369313996466215
1.1102230246251563e-16, 0.42261826174070016, 0.9063077870366496
-6.982150666839085e-17, 0.4226182617407003, 0.9063077870366496
-6.982150666839085e-17, 0.4226182617407003, 0.9063077870366496
-6.982150666839085e-17, 0.4226182617407003, 0.9063077870366496
-6.982150666839085e-17, 0.4226182617407003, 0.9063077870366496
-6.982150666839085e-17, 0.4226182617407003, 0.9063077870366496
8.88178419700125e-16, 0.4226182617407011, 0.9063077870366493
-0.10286476764415066, 0.3340335191769515, 0.9369313996466211
-0.22142738646170504, 0.2214273864617078, 0.9497051253149454
-0.3340335191769488, 0.10286476764415345, 0.9369313996466215
-0.4226182617406992, 1.3045120539345583e-15, 0.90630778703665
-0.4226182617407003, 0.0, 0.9063077870366496
-0.4226182617407003, 0.0, 0.9063077870366496
-0.4226182617407003, 0.0, 0.9063077870366496
-0.4226182617407003, 0.0, 0.9063077870366496
-0.4226182617407003, 0.0, 0.9063077870366496
-0.42261826174070116, 1.1102230246251565e-15, 0.9063077870366492
-0.33403351917695073, -0.10286476764414954, 0.9369313996466214
-0.22142738646170732, -0.22142738646170168, 0.9497051253149464
-0.10286476764415209, -0.3340335191769447, 0.9369313996466233
7.494005416219805e-16, -0.4226182617406943, 0.9063077870366523
6.982150666838977e-17, -0.42261826174069383, 0.9063077870366526
6.982150666838977e-17, -0.42261826174069383, 0.9063077870366526
6.982150666838977e-17, -0.42261826174069383, 0.9063077870366526
6.982150666838977e-17, -0.42261826174069383, 0.9063077870366526
6.982150666838977e-17, -0.42261826174069383, 0.9063077870366526
-4.163336342344337e-16, -0.42261826174069433, 0.9063077870366525
0.10286476764415087, -0.33403351917694424, 0.9369313996466234
0.22142738646170199, -0.22142738646170346, 0.9497051253149473
0.334033519176944, -0.1028647676441511, 0.9369313996466236
0.42261826174069406, 2.775557561562891e-16, 0.9063077870366525
0.4226182617406938, 0.0, 0.9063077870366526
0.4226182617406938, 0.0, 0.9063077870366526
0.4226182617406938, 0.0, 0.9063077870366526
0.4226182617406938, 0.0, 0.9063077870366526
0.4226182617406938, 0.0, 0.9063077870366526
0.42261826174069483, -1.27675647831893e-15, 0.9063077870366523
0.33403351917694507, 0.10286476764415159, 0.9369313996466231
0.22142738646170285, 0.22142738646170623, 0.9497051253149464
0.10286476764415071, 0.3340335191769496, 0.9369313996466215
1.1102230246251563e-16, 0.42261826174070016, 0.9063077870366496
-6.982150666839085e-17, 0.4226182617407003, 0.9063077870366496
-6.982150666839085e-17, 0.4226182617407003, 0.9063077870366496
-6.982150666839085e-17, 0.4226182617407003, 0.9063077870366496
-6.982150666839085e-17, 0.4226182617407003, 0.9063077870366496
-6.982150666839085e-17, 0.4226182617407003, 0.9063077870366496
8.88178419700125e-16, 0.4226182617407011, 0.9063077870366493
-0.10286476764415066, 0.3340335191769515, 0.9369313996466211
-0.22142738646170504, 0.2214273864617078, 0.9497051253149454
-0.3340335191769488, 0.10286476764415345, 0.9369313996466215
-0.4226182617406998, 6.383782391594647e-16, 0.9063077870366497
-0.4226182617407003, 0.0, 0.9063077870366496
-0.4226182617407003, 0.0, 0.9063077870366496
-0.4226182617407003, 0.0, 0.9063077870366496
-0.4226182617407003, 0.0, 0.9063077870366496
-0.4226182617407003, 0.0, 0.9063077870366496
-0.42261826174070116, 1.1102230246251565e-15, 0.9063077870366492
-0.33403351917695123, -0.10286476764414891, 0.9369313996466213
-0.22142738646170732, -0.22142738646170168, 0.9497051253149464
-0.10286476764415271, -0.33403351917694407, 0.9369313996466234
7.494005416219805e-16, -0.4226182617406943, 0.9063077870366523
6.982150666838977e-17, -0.42261826174069383, 0.9063077870366526
6.982150666838977e-17, -0.42261826174069383, 0.9063077870366526
6.982150666838977e-17, -0.42261826174069383, 0.9063077870366526
6.982150666838977e-17, -0.42261826174069383, 0.9063077870366526
6.982150666838977e-17, -0.42261826174069383, 0.9063077870366526
-4.163336342344337e-16, -0.42261826174069433, 0.9063077870366525
0.10286476764415087, -0.33403351917694424, 0.9369313996466234
0.22142738646170199, -0.22142738646170346, 0.9497051253149473
0.334033519176944, -0.1028647676441511, 0.9369313996466236
0.422618261740693, -1.0547118733938987e-15, 0.906307787036653
0.4226182617406938, 0.0, 0.9063077870366526
0.4226182617406938, 0.0, 0.9063077870366526
0.4226182617406938, 0.0, 0.9063077870366526
0.4226182617406938, 0.0, 0.9063077870366526
0.4226182617406938, 0.0, 0.9063077870366526
0.42261826174069483, -1.27675647831893e-15, 0.9063077870366523
0.33403351917694507, 0.10286476764415159, 0.9369313996466231
0.22142738646170224, 0.22142738646170687, 0.9497051253149464
0.10286476764415005, 0.3340335191769503, 0.9369313996466215
1.1102230246251563e-16, 0.42261826174070016, 0.9063077870366496
-6.982150666839085e-17, 0.4226182617407003, 0.9063077870366496
-6.982150666839085e-17, 0.4226182617407003, 0.9063077870366496
-6.982150666839085e-17, 0.4226182617407003, 0.9063077870366496
-6.982150666839085e-17, 0.4226182617407003, 0.9063077870366496
-6.982150666839085e-17, 0.4226182617407003, 0.9063077870366496
8.88178419700125e-16, 0.4226182617407011, 0.9063077870366493
-0.10286476764415127, 0.33403351917695084, 0.9369313996466211
-0.22142738646170504, 0.2214273864617078, 0.9497051253149454
-0.3340335191769488, 0.10286476764415345, 0.9369313996466215
-0.4226182617406992, 1.3045120539345583e-15, 0.90630778703665
-0.4226182617407003, 0.0, 0.9063077870366496
-0.4226182617407003, 0.0, 0.9063077870366496
-0.4226182617407003, 0.0, 0.9063077870366496
-0.4226182617407003, 0.0, 0.9063077870366496
-0.4226182617407003, 0.0, 0.9063077870366496
-0.42261826174070116, 1.1102230246251565e-15, 0.9063077870366492
-0.33403351917695073, -0.10286476764414954, 0.9369313996466214
-0.22142738646170793, -0.22142738646170107, 0.9497051253149463
-0.10286476764415271, -0.33403351917694407, 0.9369313996466234
7.494005416219805e-16, -0.4226182617406943, 0.9063077870366523
6.982150666838977e-17, -0.42261826174069383, 0.9063077870366526
6.982150666838977e-17, -0.42261826174069383, 0.9063077870366526
6.982150666838977e-17, -0.42261826174069383, 0.9063077870366526
6.982150666838977e-17, -0.42261826174069383, 0.9063077870366526
6.982150666838977e-17, -0.42261826174069383, 0.9063077870366526
-4.163336342344337e-16, -0.42261826174069433, 0.9063077870366525
0.10286476764415022, -0.33403351917694485, 0.9369313996466233
0.22142738646170199, -0.22142738646170346, 0.9497051253149473
0.334033519176944, -0.1028647676441511, 0.9369313996466236
0.42261826174069406, 2.775557561562891e-16, 0.9063077870366525
0.4226182617406938, 0.0, 0.9063077870366526
0.4226182617406938, 0.0, 0.9063077870366526
0.4226182617406938, 0.0, 0.9063077870366526
0.4226182617406938, 0.0, 0.9063077870366526
0.4226182617406938, 0.0, 0.9063077870366526
0.42261826174069483, -1.27675647831893e-15, 0.9063077870366523
0.33403351917694507, 0.10286476764415159, 0.9369313996466231
0.22142738646170224, 0.22142738646170687, 0.9497051253149464
0.10286476764415005, 0.3340335191769503, 0.9369313996466215
1.1102230246251563e-16, 0.42261826174070016, 0.9063077870366496
-6.982150666839085e-17, 0.4226182617407003, 0.9063077870366496
-6.982150666839085e-17, 0.4226182617407003, 0.9063077870366496
-6.982150666839085e-17, 0.4226182617407003, 0.9063077870366496
-6.982150666839085e-17, 0.4226182617407003, 0.9063077870366496
-6.982150666839085e-17, 0.4226182617407003, 0.9063077870366496
8.88178419700125e-16, 0.4226182617407011, 0.9063077870366493
-0.10286476764415066, 0.3340335191769515, 0.9369313996466211
-0.22142738646170504, 0.2214273864617078, 0.9497051253149454
-0.3340335191769495, 0.10286476764415282, 0.9369313996466215
-0.4226182617406998, 6.383782391594647e-16, 0.9063077870366497
-0.4226182617407003, 0.0, 0.9063077870366496
-0.4226182617407003, 0.0, 0.9063077870366496
-0.4226182617407003, 0.0, 0.9063077870366496
-0.4226182617407003, 0.0, 0.9063077870366496
-0.4226182617407003, 0.0, 0.9063077870366496
-0.42261826174070116, 1.1102230246251565e-15, 0.9063077870366492
-0.33403351917695123, -0.10286476764414891, 0.9369313996466213
-0.22142738646170732, -0.22142738646170168, 0.9497051253149464
-0.10286476764415271, -0.33403351917694407, 0.9369313996466234
7.494005416219805e-16, -0.4226182617406943, 0.9063077870366523
6.982150666838977e-17, -0.42261826174069383, 0.9063077870366526
6.982150666838977e-17, -0.42261826174069383, 0.9063077870366526
6.982150666838977e-17, -0.42261826174069383, 0.9063077870366526
6.982150666838977e-17, -0.42261826174069383, 0.9063077870366526
6.982150666838977e-17, -0.42261826174069383, 0.9063077870366526
-4.163336342344337e-16, -0.42261826174069433, 0.9063077870366525
0.10286476764414894, -0.334033519176946, 0.9369313996466232
0.22142738646170135, -0.2214273864617041, 0.9497051253149473
0.334033519176944, -0.1028647676441511, 0.9369313996466236
0.42261826174069406, 2.775557561562891e-16, 0.9063077870366525
0.4226182617406938, 0.0, 0.9063077870366526
0.4226182617406938, 0.0, 0.9063077870366526
0.4226182617406938, 0.0, 0.9063077870366526
0.4226182617406938, 0.0, 0.9063077870366526
0.4226182617406938, 0.0, 0.9063077870366526
0.42261826174069483, -1.27675647831893e-15, 0.9063077870366523
0.3340335191769445, 0.10286476764415223, 0.9369313996466233
0.2214273864617016, 0.22142738646170748, 0.9497051253149464
0.10286476764414937, 0.33403351917695084, 0.9369313996466213
1.1102230246251563e-16, 0.42261826174070016, 0.9063077870366496
-6.982150666839085e-17, 0.4226182617407003, 0.9063077870366496
-6.982150666839085e-17, 0.4226182617407003, 0.9063077870366496
-6.982150666839085e-17, 0.4226182617407003, 0.9063077870366496
-6.982150666839085e-17, 0.4226182617407003, 0.9063077870366496
-6.982150666839085e-17, 0.4226182617407003, 0.9063077870366496
8.88178419700125e-16, 0.4226182617407011, 0.9063077870366493
-0.10286476764415127, 0.33403351917695084, 0.9369313996466211
-0.22142738646170504, 0.2214273864617078, 0.9497051253149454
-0.3340335191769488, 0.10286476764415345, 0.9369313996466215
-0.4226182617406992, 1.3045120539345583e-15, 0.90630778703665
-0.4226182617407003, 0.0, 0.9063077870366496
-0.4226182617407003, 0.0, 0.9063077870366496
-0.4226182617407003, 0.0, 0.9063077870366496
-0.4226182617407003, 0.0, 0.9063077870366496
-0.4226182617407003, 0.0, 0.9063077870366496
-0.42261826174070116, 1.1102230246251565e-15, 0.9063077870366492
-0.33403351917695123, -0.10286476764414891, 0.9369313996466213
-0.22142738646170732, -0.22142738646170168, 0.9497051253149464
-0.10286476764415271, -0.33403351917694407, 0.9369313996466234
7.494005416219805e-16, -0.4226182617406943, 0.9063077870366523
6.982150666838977e-17, -0.42261826174069383, 0.9063077870366526
6.982150666838977e-17, -0.42261826174069383, 0.9063077870366526
6.982150666838977e-17, -0.42261826174069383, 0.9063077870366526
6.982150666838977e-17, -0.42261826174069383, 0.9063077870366526
6.982150666838977e-17, -0.42261826174069383, 0.9063077870366526
-4.163336342344337e-16, -0.42261826174069433, 0.9063077870366525
0.10286476764415022, -0.33403351917694485, 0.9369313996466233
0.22142738646170262, -0.22142738646170282, 0.9497051253149473
0.334033519176944, -0.1028647676441511, 0.9369313996466236
0.42261826174069406, 2.775557561562891e-16, 0.9063077870366525
0.4226182617406938, 0.0, 0.9063077870366526
0.4226182617406938, 0.0, 0.9063077870366526
0.4226182617406938, 0.0, 0.9063077870366526
0.4226182617406938, 0.0, 0.9063077870366526
0.4226182617406938, 0.0, 0.9063077870366526
0.42261826174069483, -1.27675647831893e-15, 0.9063077870366523
0.3340335191769445, 0.10286476764415223, 0.9369313996466233
0.22142738646170285, 0.22142738646170623, 0.9497051253149464
0.10286476764415071, 0.3340335191769496, 0.9369313996466215
1.1102230246251563e-16, 0.42261826174070016, 0.9063077870366496
-6.982150666839085e-17, 0.4226182617407003, 0.9063077870366496
-6.982150666839085e-17, 0.4226182617407003, 0.9063077870366496
-6.982150666839085e-17, 0.4226182617407003, 0.9063077870366496
-6.982150666839085e-17, 0.4226182617407003, 0.9063077870366496
-6.982150666839085e-17, 0.4226182617407003, 0.9063077870366496
8.88178419700125e-16, 0.4226182617407011, 0.9063077870366493
-0.10286476764415066, 0.3340335191769515, 0.9369313996466211
-0.22142738646170568, 0.22142738646170715, 0.9497051253149456
-0.3340335191769488, 0.10286476764415345, 0.9369313996466215
-0.4226182617406998, 6.383782391594647e-16, 0.9063077870366497
-0.4226182617407003, 0.0, 0.9063077870366496
-0.4226182617407003, 0.0, 0.9063077870366496
-0.4226182617407003, 0.0, 0.9063077870366496
-0.4226182617407003, 0.0, 0.9063077870366496
-0.4226182617407003, 0.0, 0.9063077870366496
-0.42261826174070116, 1.1102230246251565e-15, 0.9063077870366492
-0.33403351917695073, -0.10286476764414954, 0.9369313996466214
-0.22142738646170732, -0.22142738646170168, 0.9497051253149464
-0.10286476764415209, -0.3340335191769447, 0.9369313996466233
1.4432899320127037e-15, -0.42261826174069494, 0.9063077870366522
6.982150666838977e-17, -0.42261826174069383, 0.9063077870366526
6.982150666838977e-17, -0.42261826174069383, 0.9063077870366526
6.982150666838977e-17, -0.42261826174069383, 0.9063077870366526
6.982150666838977e-17, -0.42261826174069383, 0.9063077870366526
6.982150666838977e-17, -0.42261826174069383, 0.9063077870366526
-4.163336342344337e-16, -0.42261826174069433, 0.9063077870366525
0.10286476764415087, -0.33403351917694424, 0.9369313996466234
0.22142738646170199, -0.22142738646170346, 0.9497051253149473
0.334033519176944, -0.1028647676441511, 0.9369313996466236
0.42261826174069406, 2.775557561562891e-16, 0.9063077870366525
0.4226182617406938, 0.0, 0.9063077870366526
0.4226182617406938, 0.0, 0.9063077870366526
0.4226182617406938, 0.0, 0.9063077870366526
0.4226182617406938, 0.0, 0.9063077870366526
0.4226182617406938, 0.0, 0.9063077870366526
0.42261826174069483, -1.27675647831893e-15, 0.9063077870366523
0.33403351917694385, 0.1028647676441529, 0.9369313996466233
0.2214273864617016, 0.22142738646170748, 0.9497051253149464
0.10286476764415005, 0.3340335191769503, 0.9369313996466215
1.1102230246251563e-16, 0.42261826174070016, 0.9063077870366496
-6.982150666839085e-17, 0.4226182617407003, 0.9063077870366496
-6.982150666839085e-17, 0.4226182617407003, 0.9063077870366496
-6.982150666839085e-17, 0.4226182617407003, 0.9063077870366496
-6.982150666839085e-17, 0.4226182617407003, 0.9063077870366496
-6.982150666839085e-17, 0.4226182617407003, 0.9063077870366496
8.88178419700125e-16, 0.4226182617407011, 0.9063077870366493
-0.10286476764415127, 0.33403351917695084, 0.9369313996466211
-0.22142738646170504, 0.2214273864617078, 0.9497051253149454
-0.3340335191769488, 0.10286476764415345, 0.9369313996466215
-0.4226182617406992, 1.3045120539345583e-15, 0.90630778703665
-0.4226182617407003, 0.0, 0.9063077870366496
-0.4226182617407003, 0.0, 0.9063077870366496
-0.4226182617407003, 0.0, 0.9063077870366496
-0.4226182617407003, 0.0, 0.9063077870366496
-0.4226182617407003, 0.0, 0.9063077870366496
-0.4226182617407006, 3.885780586188048e-16, 0.9063077870366495
-0.33403351917695073, -0.10286476764414954, 0.9369313996466214
-0.22142738646170732, -0.22142738646170168, 0.9497051253149464
-0.10286476764415209, -0.3340335191769447, 0.9369313996466233
7.494005416219805e-16, -0.4226182617406943, 0.9063077870366523
6.982150666838977e-17, -0.42261826174069383, 0.9063077870366526
6.982150666838977e-17, -0.42261826174069383, 0.9063077870366526
6.982150666838977e-17, -0.42261826174069383, 0.9063077870366526
6.982150666838977e-17, -0.42261826174069383, 0.9063077870366526
6.982150666838977e-17, -0.42261826174069383, 0.9063077870366526
-4.163336342344337e-16, -0.42261826174069433, 0.9063077870366525
0.10286476764415022, -0.33403351917694485, 0.9369313996466233
0.22142738646170262, -0.22142738646170282, 0.9497051253149473
0.334033519176944, -0.1028647676441511, 0.9369313996466236
0.42261826174069406, 2.775557561562891e-16, 0.9063077870366525
0.4226182617406938, 0.0, 0.9063077870366526
0.4226182617406938, 0.0, 0.9063077870366526
0.4226182617406938, 0.0, 0.9063077870366526
0.4226182617406938, 0.0, 0.9063077870366526
0.4226182617406938, 0.0, 0.9063077870366526
0.42261826174069483, -1.27675647831893e-15, 0.9063077870366523
0.33403351917694507, 0.10286476764415159, 0.9369313996466231
0.22142738646170224, 0.22142738646170687, 0.9497051253149464
0.10286476764415005, 0.3340335191769503, 0.9369313996466215
1.1102230246251563e-16, 0.42261826174070016, 0.9063077870366496
-6.982150666839085e-17, 0.4226182617407003, 0.9063077870366496
-6.982150666839085e-17, 0.4226182617407003, 0.9063077870366496
-6.982150666839085e-17, 0.4226182617407003, 0.9063077870366496
-6.982150666839085e-17, 0.4226182617407003, 0.9063077870366496
-6.982150666839085e-17, 0.4226182617407003, 0.9063077870366496
8.88178419700125e-16, 0.4226182617407011, 0.9063077870366493
-0.10286476764415066, 0.3340335191769515, 0.9369313996466211
-0.22142738646170504, 0.2214273864617078, 0.9497051253149454
-0.3340335191769488, 0.10286476764415345, 0.9369313996466215
-0.4226182617406998, 6.383782391594647e-16, 0.9063077870366497
-0.4226182617407003, 0.0, 0.9063077870366496
-0.4226182617407003, 0.0, 0.9063077870366496
-0.4226182617407003, 0.0, 0.9063077870366496
-0.4226182617407003, 0.0, 0.9063077870366496
-0.4226182617407003, 0.0, 0.9063077870366496
-0.42261826174070116, 1.1102230246251565e-15, 0.9063077870366492
-0.33403351917695073, -0.10286476764414954, 0.9369313996466214
-0.22142738646170732, -0.22142738646170168, 0.9497051253149464
-0.10286476764415271, -0.33403351917694407, 0.9369313996466234
7.494005416219805e-16, -0.4226182617406943, 0.9063077870366523
6.982150666838977e-17, -0.42261826174069383, 0.9063077870366526
6.982150666838977e-17, -0.42261826174069383, 0.9063077870366526
6.982150666838977e-17, -0.42261826174069383, 0.9063077870366526
6.982150666838977e-17, -0.42261826174069383, 0.9063077870366526
6.982150666838977e-17, -0.42261826174069383, 0.9063077870366526
-4.163336342344337e-16, -0.42261826174069433, 0.9063077870366525
0.10286476764415022, -0.33403351917694485, 0.9369313996466233
0.22142738646170262, -0.22142738646170282, 0.9497051253149473
0.334033519176944, -0.1028647676441511, 0.9369313996466236
0.42261826174069406, 2.775557561562891e-16, 0.9063077870366525
0.4226182617406938, 0.0, 0.9063077870366526
0.4226182617406938, 0.0, 0.9063077870366526
0.4226182617406938, 0.0, 0.9063077870366526
0.4226182617406938, 0.0, 0.9063077870366526
0.4226182617406938, 0.0, 0.9063077870366526
0.42261826174069533, -1.9428902930940236e-15, 0.9063077870366518
0.3340335191769445, 0.10286476764415223, 0.9369313996466233
0.2214273864617016, 0.22142738646170748, 0.9497051253149464
0.10286476764415071, 0.3340335191769496, 0.9369313996466215
1.1102230246251563e-16, 0.42261826174070016, 0.9063077870366496
-6.982150666839085e-17, 0.4226182617407003, 0.9063077870366496
-6.982150666839085e-17, 0.4226182617407003, 0.9063077870366496
-6.982150666839085e-17, 0.4226182617407003, 0.9063077870366496
-6.982150666839085e-17, 0.4226182617407003, 0.9063077870366496
-6.982150666839085e-17, 0.4226182617407003, 0.9063077870366496
8.88178419700125e-16, 0.4226182617407011, 0.9063077870366493
-0.10286476764415066, 0.3340335191769515, 0.9369313996466211
-0.22142738646170568, 0.22142738646170715, 0.9497051253149456
-0.3340335191769488, 0.10286476764415345, 0.9369313996466215
-0.4226182617406998, 6.383782391594647e-16, 0.9063077870366497
-0.4226182617407003, 0.0, 0.9063077870366496
-0.4226182617407003, 0.0, 0.9063077870366496
-0.4226182617407003, 0.0, 0.9063077870366496
-0.4226182617407003, 0.0, 0.9063077870366496
-0.4226182617407003, 0.0, 0.9063077870366496
-0.42261826174070116, 1.1102230246251565e-15, 0.9063077870366492
-0.33403351917695073, -0.10286476764414954, 0.9369313996466214
-0.22142738646170732, -0.22142738646170168, 0.9497051253149464
-0.10286476764415209, -0.3340335191769447, 0.9369313996466233
1.4432899320127037e-15, -0.42261826174069494, 0.9063077870366522
6.982150666838977e-17, -0.42261826174069383, 0.9063077870366526
6.982150666838977e-17, -0.42261826174069383, 0.9063077870366526
6.982150666838977e-17, -0.42261826174069383, 0.9063077870366526
6.982150666838977e-17, -0.42261826174069383, 0.9063077870366526
6.982150666838977e-17, -0.42261826174069383, 0.9063077870366526
-4.163336342344337e-16, -0.42261826174069433, 0.9063077870366525
0.10286476764415087, -0.33403351917694424, 0.9369313996466234
0.22142738646170199, -0.22142738646170346, 0.9497051253149473
0.334033519176944, -0.1028647676441511, 0.9369313996466236
0.42261826174069406, 2.775557561562891e-16, 0.9063077870366525
0.4226182617406938, 0.0, 0.9063077870366526
0.4226182617406938, 0.0, 0.9063077870366526
0.4226182617406938, 0.0, 0.9063077870366526
0.4226182617406938, 0.0, 0.9063077870366526
0.4226182617406938, 0.0, 0.9063077870366526
0.42261826174069483, -1.27675647831893e-15, 0.9063077870366523
0.33403351917694507, 0.10286476764415159, 0.9369313996466231
0.22142738646170224, 0.22142738646170687, 0.9497051253149464
0.10286476764415005, 0.3340335191769503, 0.9369313996466215
1.1102230246251563e-16, 0.42261826174070016, 0.9063077870366496
-6.982150666839085e-17, 0.4226182617407003, 0.9063077870366496
-6.982150666839085e-17, 0.4226182617407003, 0.9063077870366496
-6.982150666839085e-17, 0.4226182617407003, 0.9063077870366496
-6.982150666839085e-17, 0.4226182617407003, 0.9063077870366496
-6.982150666839085e-17, 0.4226182617407003, 0.9063077870366496
8.88178419700125e-16, 0.4226182617407011, 0.9063077870366493
-0.10286476764415127, 0.33403351917695084, 0.9369313996466211
-0.22142738646170504, 0.2214273864617078, 0.9497051253149454
-0.3340335191769488, 0.10286476764415345, 0.9369313996466215
-0.4226182617406998, 6.383782391594647e-16, 0.9063077870366497
-0.4226182617407003, 0.0, 0.9063077870366496
-0.4226182617407003, 0.0, 0.9063077870366496
-0.4226182617407003, 0.0, 0.9063077870366496
-0.4226182617407003, 0.0, 0.9063077870366496
-0.4226182617407003, 0.0, 0.9063077870366496
-0.42261826174070116, 1.1102230246251565e-15, 0.9063077870366492
-0.33403351917695123, -0.10286476764414891, 0.9369313996466213
-0.22142738646170732, -0.22142738646170168, 0.9497051253149464
-0.10286476764415271, -0.33403351917694407, 0.9369313996466234
7.494005416219805e-16, -0.4226182617406943, 0.9063077870366523
6.982150666838977e-17, -0.42261826174069383, 0.9063077870366526
6.982150666838977e-17, -0.42261826174069383, 0.9063077870366526
6.982150666838977e-17, -0.42261826174069383, 0.9063077870366526
6.982150666838977e-17, -0.42261826174069383, 0.9063077870366526
6.982150666838977e-17, -0.42261826174069383, 0.9063077870366526
-4.163336342344337e-16, -0.42261826174069433, 0.9063077870366525
0.1028647676441496, -0.33403351917694546, 0.9369313996466233
0.22142738646170135, -0.2214273864617041, 0.9497051253149473
0.334033519176944, -0.1028647676441511, 0.9369313996466236
0.42261826174069406, 2.775557561562891e-16, 0.9063077870366525
0.4226182617406938, 0.0, 0.9063077870366526
0.4226182617406938, 0.0, 0.9063077870366526
0.4226182617406938, 0.0, 0.9063077870366526
0.4226182617406938, 0.0, 0.9063077870366526
0.4226182617406938, 0.0, 0.9063077870366526
0.42261826174069483, -1.27675647831893e-15, 0.9063077870366523
0.33403351917694507, 0.10286476764415159, 0.9369313996466231
0.22142738646170224, 0.22142738646170687, 0.9497051253149464
0.10286476764415071, 0.3340335191769496, 0.9369313996466215
1.1102230246251563e-16, 0.42261826174070016, 0.9063077870366496
-6.982150666839085e-17, 0.4226182617407003, 0.9063077870366496
-6.982150666839085e-17, 0.4226182617407003, 0.9063077870366496
-6.982150666839085e-17, 0.4226182617407003, 0.9063077870366496
-6.982150666839085e-17, 0.4226182617407003, 0.9063077870366496
-6.982150666839085e-17, 0.4226182617407003, 0.9063077870366496
8.88178419700125e-16, 0.4226182617407011, 0.9063077870366493
-0.10286476764415127, 0.33403351917695084, 0.9369313996466211
-0.22142738646170504, 0.2214273864617078, 0.9497051253149454
-0.3340335191769488, 0.10286476764415345, 0.9369313996466215
-0.4226182617406992, 1.3045120539345583e-15, 0.90630778703665
-0.4226182617407003, 0.0, 0.9063077870366496
-0.4226182617407003, 0.0, 0.9063077870366496
-0.4226182617407003, 0.0, 0.9063077870366496
-0.4226182617407003, 0.0, 0.9063077870366496
-0.4226182617407003, 0.0, 0.9063077870366496
-0.4226182617407006, 3.885780586188048e-16, 0.9063077870366495
-0.33403351917695073, -0.10286476764414954, 0.9369313996466214
-0.22142738646170732, -0.22142738646170168, 0.9497051253149464
-0.10286476764415209, -0.3340335191769447, 0.9369313996466233
7.494005416219805e-16, -0.4226182617406943, 0.9063077870366523
6.982150666838977e-17, -0.42261826174069383, 0.9063077870366526
6.982150666838977e-17, -0.42261826174069383, 0.9063077870366526
6.982150666838977e-17, -0.42261826174069383, 0.9063077870366526
6.982150666838977e-17, -0.42261826174069383, 0.9063077870366526
6.982150666838977e-17, -0.42261826174069383, 0.9063077870366526
-4.163336342344337e-16, -0.42261826174069433, 0.9063077870366525
0.10286476764415087, -0.33403351917694424, 0.9369313996466234
0.22142738646170199, -0.22142738646170346, 0.9497051253149473
0.3340335191769446, -0.10286476764415042, 0.9369313996466235
0.4226182617406936, -3.3306690738754696e-16, 0.9063077870366528
0.4226182617406938, 0.0, 0.9063077870366526
0.4226182617406938, 0.0, 0.9063077870366526
0.4226182617406938, 0.0, 0.9063077870366526
0.4226182617406938, 0.0, 0.9063077870366526
0.4226182617406938, 0.0, 0.9063077870366526
0.42261826174069483, -1.27675647831893e-15, 0.9063077870366523
0.33403351917694385, 0.1028647676441529, 0.9369313996466233
0.2214273864617016, 0.22142738646170748, 0.9497051253149464
0.10286476764415005, 0.3340335191769503, 0.9369313996466215
1.1102230246251563e-16, 0.42261826174070016, 0.9063077870366496
-6.982150666839085e-17, 0.4226182617407003, 0.9063077870366496
-6.982150666839085e-17, 0.4226182617407003, 0.9063077870366496
-6.982150666839085e-17, 0.4226182617407003, 0.9063077870366496
-6.982150666839085e-17, 0.4226182617407003, 0.9063077870366496
-6.982150666839085e-17, 0.4226182617407003, 0.9063077870366496
8.88178419700125e-16, 0.4226182617407011, 0.9063077870366493
-0.10286476764415066, 0.3340335191769515, 0.9369313996466211
-0.22142738646170568, 0.22142738646170715, 0.9497051253149456
-0.3340335191769488, 0.10286476764415345, 0.9369313996466215
-0.4226182617406998, 6.383782391594647e-16, 0.9063077870366497
-0.4226182617407003, 0.0, 0.9063077870366496
-0.4226182617407003, 0.0, 0.9063077870366496
-0.4226182617407003, 0.0, 0.9063077870366496
-0.4226182617407003, 0.0, 0.9063077870366496
-0.4226182617407003, 0.0, 0.9063077870366496
-0.42261826174070116, 1.1102230246251565e-15, 0.9063077870366492
-0.33403351917695123, -0.10286476764414891, 0.9369313996466213
-0.22142738646170732, -0.22142738646170168, 0.9497051253149464
-0.10286476764415271, -0.33403351917694407, 0.9369313996466234
7.494005416219805e-16, -0.4226182617406943, 0.9063077870366523
6.982150666838977e-17, -0.42261826174069383, 0.9063077870366526
6.982150666838977e-17, -0.42261826174069383, 0.9063077870366526
6.982150666838977e-17, -0.42261826174069383, 0.9063077870366526
6.982150666838977e-17, -0.42261826174069383, 0.9063077870366526
6.982150666838977e-17, -0.42261826174069383, 0.9063077870366526
-4.163336342344337e-16, -0.42261826174069433, 0.9063077870366525
0.10286476764415087, -0.33403351917694424, 0.9369313996466234
0.22142738646170262, -0.22142738646170282, 0.9497051253149473
0.334033519176944, -0.1028647676441511, 0.9369313996466236
0.422618261740693, -1.0547118733938987e-15, 0.906307787036653
0.4226182617406938, 0.0, 0.9063077870366526
0.4226182617406938, 0.0, 0.9063077870366526
0.4226182617406938, 0.0, 0.9063077870366526
0.4226182617406938, 0.0, 0.9063077870366526
0.4226182617406938, 0.0, 0.9063077870366526
0.42261826174069483, -1.27675647831893e-15, 0.9063077870366523
0.33403351917694507, 0.10286476764415159, 0.9369313996466231
0.22142738646170285, 0.22142738646170623, 0.9497051253149464
0.10286476764415071, 0.3340335191769496, 0.9369313996466215
1.1102230246251563e-16, 0.42261826174070016, 0.9063077870366496
-6.982150666839085e-17, 0.4226182617407003, 0.9063077870366496
-6.982150666839085e-17, 0.4226182617407003, 0.9063077870366496
-6.982150666839085e-17, 0.4226182617407003, 0.9063077870366496
-6.982150666839085e-17, 0.4226182617407003, 0.9063077870366496
-6.982150666839085e-17, 0.4226182617407003, 0.9063077870366496
8.88178419700125e-16, 0.4226182617407011, 0.9063077870366493
-0.10286476764415127, 0.33403351917695084, 0.9369313996466211
-0.22142738646170504, 0.2214273864617078, 0.9497051253149454
-0.3340335191769488, 0.10286476764415345, 0.9369313996466215
-0.4226182617406992, 1.3045120539345583e-15, 0.90630778703665
-0.4226182617407003, 0.0, 0.9063077870366496
-0.4226182617407003, 0.0, 0.9063077870366496
-0.4226182617407003, 0.0, 0.9063077870366496
-0.4226182617407003, 0.0, 0.9063077870366496
-0.4226182617407003, 0.0, 0.9063077870366496
-0.42261826174070116, 1.1102230246251565e-15, 0.9063077870366492
-0.33403351917695073, -0.10286476764414954, 0.9369313996466214
-0.22142738646170793, -0.22142738646170107, 0.9497051253149463
-0.10286476764415209, -0.3340335191769447, 0.9369313996466233
1.4432899320127037e-15, -0.42261826174069494, 0.9063077870366522
6.982150666838977e-17, -0.42261826174069383, 0.9063077870366526
6.982150666838977e-17, -0.42261826174069383, 0.9063077870366526
6.982150666838977e-17, -0.42261826174069383, 0.9063077870366526
6.982150666838977e-17, -0.42261826174069383, 0.9063077870366526
6.982150666838977e-17, -0.42261826174069383, 0.9063077870366526
-1.0824674490095274e-15, -0.4226182617406948, 0.906307787036652
0.10286476764415087, -0.33403351917694424, 0.9369313996466234
0.22142738646170262, -0.22142738646170282, 0.9497051253149473
0.3340335191769446, -0.10286476764415042, 0.9369313996466235
0.42261826174069406, 2.775557561562891e-16, 0.9063077870366525
0.4226182617406938, 0.0, 0.9063077870366526
0.4226182617406938, 0.0, 0.9063077870366526
0.4226182617406938, 0.0, 0.9063077870366526
0.4226182617406938, 0.0, 0.9063077870366526
0.4226182617406938, 0.0, 0.9063077870366526
0.42261826174069483, -1.27675647831893e-15, 0.9063077870366523
0.3340335191769445, 0.10286476764415223, 0.9369313996466233
0.2214273864617016, 0.22142738646170748, 0.9497051253149464
0.10286476764415005, 0.3340335191769503, 0.9369313996466215
1.1102230246251563e-16, 0.42261826174070016, 0.9063077870366496
-6.982150666839085e-17, 0.4226182617407003, 0.9063077870366496
-6.982150666839085e-17, 0.4226182617407003, 0.9063077870366496
-6.982150666839085e-17, 0.4226182617407003, 0.9063077870366496
-6.982150666839085e-17, 0.4226182617407003, 0.9063077870366496
-6.982150666839085e-17, 0.4226182617407003, 0.9063077870366496
8.88178419700125e-16, 0.4226182617407011, 0.9063077870366493
-0.10286476764415066, 0.3340335191769515, 0.9369313996466211
-0.22142738646170504, 0.2214273864617078, 0.9497051253149454
-0.3340335191769488, 0.10286476764415345, 0.9369313996466215
-0.4226182617406998, 6.383782391594647e-16, 0.9063077870366497
-0.4226182617407003, 0.0, 0.9063077870366496
-0.4226182617407003, 0.0, 0.9063077870366496
-0.4226182617407003, 0.0, 0.9063077870366496
-0.4226182617407003, 0.0, 0.9063077870366496
-0.4226182617407003, 0.0, 0.9063077870366496
-0.42261826174070116, 1.1102230246251565e-15, 0.9063077870366492
-0.33403351917695123, -0.10286476764414891, 0.9369313996466213
-0.22142738646170732, -0.22142738646170168, 0.9497051253149464
-0.10286476764415271, -0.33403351917694407, 0.9369313996466234
7.494005416219805e-16, -0.4226182617406943, 0.9063077870366523
6.982150666838977e-17, -0.42261826174069383, 0.9063077870366526
6.982150666838977e-17, -0.42261826174069383, 0.9063077870366526
6.982150666838977e-17, -0.42261826174069383, 0.9063077870366526
6.982150666838977e-17, -0.42261826174069383, 0.9063077870366526
6.982150666838977e-17, -0.42261826174069383, 0.9063077870366526
-4.163336342344337e-16, -0.42261826174069433, 0.9063077870366525
0.1028647676441496, -0.33403351917694546, 0.9369313996466233
0.22142738646170199, -0.22142738646170346, 0.9497051253149473
0.334033519176944, -0.1028647676441511, 0.9369313996466236
0.42261826174069406, 2.775557561562891e-16, 0.9063077870366525
0.4226182617406938, 0.0, 0.9063077870366526
0.4226182617406938, 0.0, 0.9063077870366526
0.4226182617406938, 0.0, 0.9063077870366526
0.4226182617406938, 0.0, 0.9063077870366526
0.4226182617406938, 0.0, 0.9063077870366526
0.42261826174069483, -1.27675647831893e-15, 0.9063077870366523
0.33403351917694507, 0.10286476764415159, 0.9369313996466231
0.22142738646170224, 0.22142738646170687, 0.9497051253149464
0.10286476764414937, 0.33403351917695084, 0.9369313996466213
1.1102230246251563e-16, 0.42261826174070016, 0.9063077870366496
-6.982150666839085e-17, 0.4226182617407003, 0.9063077870366496
-6.982150666839085e-17, 0.4226182617407003, 0.9063077870366496
-6.982150666839085e-17, 0.4226182617407003, 0.9063077870366496
-6.982150666839085e-17, 0.4226182617407003, 0.9063077870366496
-6.982150666839085e-17, 0.4226182617407003, 0.9063077870366496
8.88178419700125e-16, 0.4226182617407011, 0.9063077870366493
-0.10286476764415127, 0.33403351917695084, 0.9369313996466211
-0.22142738646170504, 0.2214273864617078, 0.9497051253149454
-0.3340335191769488, 0.10286476764415345, 0.9369313996466215
-0.4226182617406992, 1.3045120539345583e-15, 0.90630778703665
-0.4226182617407003, 0.0, 0.9063077870366496
-0.4226182617407003, 0.0, 0.9063077870366496
-0.4226182617407003, 0.0, 0.9063077870366496
-0.4226182617407003, 0.0, 0.9063077870366496
-0.4226182617407003, 0.0, 0.9063077870366496
-0.42261826174070116, 1.1102230246251565e-15, 0.9063077870366492
-0.33403351917695073, -0.10286476764414954, 0.9369313996466214
-0.22142738646170793, -0.22142738646170107, 0.9497051253149463
-0.10286476764415209, -0.3340335191769447, 0.9369313996466233
7.494005416219805e-16, -0.4226182617406943, 0.9063077870366523
6.982150666838977e-17, -0.42261826174069383, 0.9063077870366526
6.982150666838977e-17, -0.42261826174069383, 0.9063077870366526
6.982150666838977e-17, -0.42261826174069383, 0.9063077870366526
6.982150666838977e-17, -0.42261826174069383, 0.9063077870366526
6.982150666838977e-17, -0.42261826174069383, 0.9063077870366526
-4.163336342344337e-16, -0.42261826174069433, 0.9063077870366525
0.10286476764415022, -0.33403351917694485, 0.9369313996466233
0.22142738646170199, -0.22142738646170346, 0.9497051253149473
0.334033519176944, -0.1028647676441511, 0.9369313996466236
0.422618261740693, -1.0547118733938987e-15, 0.906307787036653
0.4226182617406938, 0.0, 0.9063077870366526
0.4226182617406938, 0.0, 0.9063077870366526
0.4226182617406938, 0.0, 0.9063077870366526
0.4226182617406938, 0.0, 0.9063077870366526
0.4226182617406938, 0.0, 0.9063077870366526
0.42261826174069483, -1.27675647831893e-15, 0.9063077870366523
0.3340335191769445, 0.10286476764415223, 0.9369313996466233
0.2214273864617016, 0.22142738646170748, 0.9497051253149464
0.10286476764415005, 0.3340335191769503, 0.9369313996466215
1.1102230246251563e-16, 0.42261826174070016, 0.9063077870366496
-6.982150666839085e-17, 0.4226182617407003, 0.9063077870366496
-6.982150666839085e-17, 0.4226182617407003, 0.9063077870366496
-6.982150666839085e-17, 0.4226182617407003, 0.9063077870366496
-6.982150666839085e-17, 0.4226182617407003, 0.9063077870366496
-6.982150666839085e-17, 0.4226182617407003, 0.9063077870366496
8.88178419700125e-16, 0.4226182617407011, 0.9063077870366493
-0.10286476764415066, 0.3340335191769515, 0.9369313996466211
-0.22142738646170504, 0.2214273864617078, 0.9497051253149454
-0.3340335191769488, 0.10286476764415345, 0.9369313996466215
-0.4226182617406998, 6.383782391594647e-16, 0.9063077870366497
-0.4226182617407003, 0.0, 0.9063077870366496
-0.4226182617407003, 0.0, 0.9063077870366496
-0.4226182617407003, 0.0, 0.9063077870366496
-0.4226182617407003, 0.0, 0.9063077870366496
-0.4226182617407003, 0.0, 0.9063077870366496
-0.42261826174070116, 1.1102230246251565e-15, 0.9063077870366492
-0.33403351917695073, -0.10286476764414954, 0.9369313996466214
-0.22142738646170793, -0.22142738646170107, 0.9497051253149463
-0.10286476764415271, -0.33403351917694407, 0.9369313996466234
7.494005416219805e-16, -0.4226182617406943, 0.9063077870366523
6.982150666838977e-17, -0.42261826174069383, 0.9063077870366526
6.982150666838977e-17, -0.42261826174069383, 0.9063077870366526
6.982150666838977e-17, -0.42261826174069383, 0.9063077870366526
6.982150666838977e-17, -0.42261826174069383, 0.9063077870366526
6.982150666838977e-17, -0.42261826174069383, 0.9063077870366526
-4.163336342344337e-16, -0.42261826174069433, 0.9063077870366525
0.10286476764415087, -0.33403351917694424, 0.9369313996466234
0.22142738646170262, -0.22142738646170282, 0.9497051253149473
0.334033519176944, -0.1028647676441511, 0.9369313996466236
0.422618261740693, -1.0547118733938987e-15, 0.906307787036653
0.4226182617406938, 0.0, 0.9063077870366526
0.4226182617406938, 0.0, 0.9063077870366526
0.4226182617406938, 0.0, 0.9063077870366526
0.4226182617406938, 0.0, 0.9063077870366526
0.4226182617406938, 0.0, 0.9063077870366526
0.42261826174069483, -1.27675647831893e-15, 0.9063077870366523
0.33403351917694507, 0.10286476764415159, 0.9369313996466231
0.22142738646170285, 0.22142738646170623, 0.9497051253149464
0.10286476764415071, 0.3340335191769496, 0.9369313996466215
1.1102230246251563e-16, 0.42261826174070016, 0.9063077870366496
-6.982150666839085e-17, 0.4226182617407003, 0.9063077870366496
-6.982150666839085e-17, 0.4226182617407003, 0.9063077870366496
-6.982150666839085e-17, 0.4226182617407003, 0.9063077870366496
-6.982150666839085e-17, 0.4226182617407003, 0.9063077870366496
-6.982150666839085e-17, 0.4226182617407003, 0.9063077870366496
8.88178419700125e-16, 0.4226182617407011, 0.9063077870366493
-0.10286476764415127, 0.33403351917695084, 0.9369313996466211
-0.22142738646170504, 0.2214273864617078, 0.9497051253149454
-0.3340335191769488, 0.10286476764415345, 0.9369313996466215
-0.4226182617406992, 1.3045120539345583e-15, 0.90630778703665
-0.4226182617407003, 0.0, 0.9063077870366496
-0.4226182617407003, 0.0, 0.9063077870366496
-0.4226182617407003, 0.0, 0.9063077870366496
-0.4226182617407003, 0.0, 0.9063077870366496
-0.4226182617407003, 0.0, 0.9063077870366496
-0.42261826174070116, 1.1102230246251565e-15, 0.9063077870366492
-0.33403351917695073, -0.10286476764414954, 0.9369313996466214
-0.22142738646170793, -0.22142738646170107, 0.9497051253149463
-0.10286476764415271, -0.33403351917694407, 0.9369313996466234
7.494005416219805e-16, -0.4226182617406943, 0.9063077870366523
6.982150666838977e-17, -0.42261826174069383, 0.9063077870366526
6.982150666838977e-17, -0.42261826174069383, 0.9063077870366526
6.982150666838977e-17, -0.42261826174069383, 0.9063077870366526
6.982150666838977e-17, -0.42261826174069383, 0.9063077870366526
6.982150666838977e-17, -0.42261826174069383, 0.9063077870366526
-4.163336342344337e-16, -0.42261826174069433, 0.9063077870366525
0.10286476764415087, -0.33403351917694424, 0.9369313996466234
0.22142738646170199, -0.22142738646170346, 0.9497051253149473
0.334033519176944, -0.1028647676441511, 0.9369313996466236
0.4226182617406936, -3.3306690738754696e-16, 0.9063077870366528
0.4226182617406938, 0.0, 0.9063077870366526
0.4226182617406938, 0.0, 0.9063077870366526
0.4226182617406938, 0.0, 0.9063077870366526
0.4226182617406938, 0.0, 0.9063077870366526
0.4226182617406938, 0.0, 0.9063077870366526
0.4226182617406943, -6.10622663543836e-16, 0.9063077870366524
0.33403351917694507, 0.10286476764415159, 0.9369313996466231
0.2214273864617016, 0.22142738646170748, 0.9497051253149464
0.10286476764415005, 0.3340335191769503, 0.9369313996466215
1.1102230246251563e-16, 0.42261826174070016, 0.9063077870366496
-6.982150666839085e-17, 0.4226182617407003, 0.9063077870366496
-6.982150666839085e-17, 0.4226182617407003, 0.9063077870366496
-6.982150666839085e-17, 0.4226182617407003, 0.9063077870366496
-6.982150666839085e-17, 0.4226182617407003, 0.9063077870366496
-6.982150666839085e-17, 0.4226182617407003, 0.9063077870366496
8.88178419700125e-16, 0.4226182617407011, 0.9063077870366493
-0.10286476764415066, 0.3340335191769515, 0.9369313996466211
-0.22142738646170568, 0.22142738646170715, 0.9497051253149456
-0.3340335191769488, 0.10286476764415345, 0.9369313996466215
-0.4226182617406998, 6.383782391594647e-16, 0.9063077870366497
-0.4226182617407003, 0.0, 0.9063077870366496
-0.4226182617407003, 0.0, 0.9063077870366496
-0.4226182617407003, 0.0, 0.9063077870366496
-0.4226182617407003, 0.0, 0.9063077870366496
-0.4226182617407003, 0.0, 0.9063077870366496
-0.42261826174070116, 1.1102230246251565e-15, 0.9063077870366492
-0.33403351917695073, -0.10286476764414954, 0.9369313996466214
-0.22142738646170793, -0.22142738646170107, 0.9497051253149463
-0.10286476764415271, -0.33403351917694407, 0.9369313996466234
1.1102230246251565e-16, -0.42261826174069383, 0.9063077870366526
6.982150666838977e-17, -0.42261826174069383, 0.9063077870366526
6.982150666838977e-17, -0.42261826174069383, 0.9063077870366526
6.982150666838977e-17, -0.42261826174069383, 0.9063077870366526
6.982150666838977e-17, -0.42261826174069383, 0.9063077870366526
6.982150666838977e-17, -0.42261826174069383, 0.9063077870366526
-4.163336342344337e-16, -0.42261826174069433, 0.9063077870366525
0.10286476764415087, -0.33403351917694424, 0.9369313996466234
0.22142738646170262, -0.22142738646170282, 0.9497051253149473
0.334033519176944, -0.1028647676441511, 0.9369313996466236
0.4226182617406936, -3.3306690738754696e-16, 0.9063077870366528
0.4226182617406938, 0.0, 0.9063077870366526
0.4226182617406938, 0.0, 0.9063077870366526
0.4226182617406938, 0.0, 0.9063077870366526
0.4226182617406938, 0.0, 0.9063077870366526
0.4226182617406938, 0.0, 0.9063077870366526
0.42261826174069483, -1.27675647831893e-15, 0.9063077870366523
0.3340335191769445, 0.10286476764415223, 0.9369313996466233
0.2214273864617016, 0.22142738646170748, 0.9497051253149464
0.10286476764415005, 0.3340335191769503, 0.9369313996466215
1.1102230246251563e-16, 0.42261826174070016, 0.9063077870366496
-6.982150666839085e-17, 0.4226182617407003, 0.9063077870366496
-6.982150666839085e-17, 0.4226182617407003, 0.9063077870366496
-6.982150666839085e-17, 0.4226182617407003, 0.9063077870366496
-6.982150666839085e-17, 0.4226182617407003, 0.9063077870366496
-6.982150666839085e-17, 0.4226182617407003, 0.9063077870366496
8.88178419700125e-16, 0.4226182617407011, 0.9063077870366493
-0.10286476764415127, 0.33403351917695084, 0.9369313996466211
-0.22142738646170504, 0.2214273864617078, 0.9497051253149454
-0.3340335191769495, 0.10286476764415282, 0.9369313996466215
-0.4226182617406998, 6.383782391594647e-16, 0.9063077870366497
-0.4226182617407003, 0.0, 0.9063077870366496
-0.4226182617407003, 0.0, 0.9063077870366496
-0.4226182617407003, 0.0, 0.9063077870366496
-0.4226182617407003, 0.0, 0.9063077870366496
-0.4226182617407003, 0.0, 0.9063077870366496
-0.42261826174070116, 1.1102230246251565e-15, 0.9063077870366492
-0.33403351917695073, -0.10286476764414954, 0.9369313996466214
-0.22142738646170732, -0.22142738646170168, 0.9497051253149464
-0.10286476764415271, -0.33403351917694407, 0.9369313996466234
7.494005416219805e-16, -0.4226182617406943, 0.9063077870366523
6.982150666838977e-17, -0.42261826174069383, 0.9063077870366526
6.982150666838977e-17, -0.42261826174069383, 0.9063077870366526
6.982150666838977e-17, -0.42261826174069383, 0.9063077870366526
6.982150666838977e-17, -0.42261826174069383, 0.9063077870366526
6.982150666838977e-17, -0.42261826174069383, 0.9063077870366526
-4.163336342344337e-16, -0.42261826174069433, 0.9063077870366525
0.10286476764415087, -0.33403351917694424, 0.9369313996466234
0.22142738646170199, -0.22142738646170346, 0.9497051253149473
0.334033519176944, -0.1028647676441511, 0.9369313996466236
0.42261826174069406, 2.775557561562891e-16, 0.9063077870366525
0.4226182617406938, 0.0, 0.9063077870366526
0.4226182617406938, 0.0, 0.9063077870366526
0.4226182617406938, 0.0, 0.9063077870366526
0.4226182617406938, 0.0, 0.9063077870366526
0.4226182617406938, 0.0, 0.9063077870366526
0.42261826174069483, -1.27675647831893e-15, 0.9063077870366523
0.33403351917694507, 0.10286476764415159, 0.9369313996466231
0.22142738646170285, 0.22142738646170623, 0.9497051253149464
0.10286476764415071, 0.3340335191769496, 0.9369313996466215
1.1102230246251563e-16, 0.42261826174070016, 0.9063077870366496
-6.982150666839085e-17, 0.4226182617407003, 0.9063077870366496
-6.982150666839085e-17, 0.4226182617407003, 0.9063077870366496
-6.982150666839085e-17, 0.4226182617407003, 0.9063077870366496
-6.982150666839085e-17, 0.4226182617407003, 0.9063077870366496
-6.982150666839085e-17, 0.4226182617407003, 0.9063077870366496
8.88178419700125e-16, 0.4226182617407011, 0.9063077870366493
-0.10286476764415066, 0.3340335191769515, 0.9369313996466211
-0.22142738646170504, 0.2214273864617078, 0.9497051253149454
-0.3340335191769488, 0.10286476764415345, 0.9369313996466215
-0.4226182617406992, 1.3045120539345583e-15, 0.90630778703665
-0.4226182617407003, 0.0, 0.9063077870366496
-0.4226182617407003, 0.0, 0.9063077870366496
-0.4226182617407003, 0.0, 0.9063077870366496
-0.4226182617407003, 0.0, 0.9063077870366496
-0.4226182617407003, 0.0, 0.9063077870366496
-0.42261826174070116, 1.1102230246251565e-15, 0.9063077870366492
-0.33403351917695073, -0.10286476764414954, 0.9369313996466214
-0.22142738646170732, -0.22142738646170168, 0.9497051253149464
-0.10286476764415209, -0.3340335191769447, 0.9369313996466233
1.1102230246251565e-16, -0.42261826174069383, 0.9063077870366526
6.982150666838977e-17, -0.42261826174069383, 0.9063077870366526
6.982150666838977e-17, -0.42261826174069383, 0.9063077870366526
6.982150666838977e-17, -0.42261826174069383, 0.9063077870366526
6.982150666838977e-17, -0.42261826174069383, 0.9063077870366526
6.982150666838977e-17, -0.42261826174069383, 0.9063077870366526
-4.163336342344337e-16, -0.42261826174069433, 0.9063077870366525
0.10286476764415022, -0.33403351917694485, 0.9369313996466233
0.22142738646170199, -0.22142738646170346, 0.9497051253149473
0.3340335191769446, -0.10286476764415042, 0.9369313996466235
0.4226182617406936, -3.3306690738754696e-16, 0.9063077870366528
0.4226182617406938, 0.0, 0.9063077870366526
0.4226182617406938, 0.0, 0.9063077870366526
0.4226182617406938, 0.0, 0.9063077870366526
0.4226182617406938, 0.0, 0.9063077870366526
0.4226182617406938, 0.0, 0.9063077870366526
0.42261826174069483, -1.27675647831893e-15, 0.9063077870366523
0.33403351917694507, 0.10286476764415159, 0.9369313996466231
0.2214273864617016, 0.22142738646170748, 0.9497051253149464
0.10286476764415005, 0.3340335191769503, 0.9369313996466215
1.1102230246251563e-16, 0.42261826174070016, 0.9063077870366496
-6.982150666839085e-17, 0.4226182617407003, 0.9063077870366496
-6.982150666839085e-17, 0.4226182617407003, 0.9063077870366496
-6.982150666839085e-17, 0.4226182617407003, 0.9063077870366496
-6.982150666839085e-17, 0.4226182617407003, 0.9063077870366496
-6.982150666839085e-17, 0.4226182617407003, 0.9063077870366496
8.88178419700125e-16, 0.4226182617407011, 0.9063077870366493
-0.10286476764415066, 0.3340335191769515, 0.9369313996466211
-0.22142738646170504, 0.2214273864617078, 0.9497051253149454
-0.3340335191769488, 0.10286476764415345, 0.9369313996466215
-0.4226182617406992, 1.3045120539345583e-15, 0.90630778703665
-0.4226182617407003, 0.0, 0.9063077870366496
-0.4226182617407003, 0.0, 0.9063077870366496
-0.4226182617407003, 0.0, 0.9063077870366496
-0.4226182617407003, 0.0, 0.9063077870366496
-0.4226182617407003, 0.0, 0.9063077870366496
-0.42261826174070116, 1.1102230246251565e-15, 0.9063077870366492
-0.33403351917695073, -0.10286476764414954, 0.9369313996466214
-0.22142738646170732, -0.22142738646170168, 0.9497051253149464
-0.10286476764415271, -0.33403351917694407, 0.9369313996466234
1.1102230246251565e-16, -0.42261826174069383, 0.9063077870366526
6.982150666838977e-17, -0.42261826174069383, 0.9063077870366526
6.982150666838977e-17, -0.42261826174069383, 0.9063077870366526
6.982150666838977e-17, -0.42261826174069383, 0.9063077870366526
6.982150666838977e-17, -0.42261826174069383, 0.9063077870366526
6.982150666838977e-17, -0.42261826174069383, 0.9063077870366526
-4.163336342344337e-16, -0.42261826174069433, 0.9063077870366525
0.1028647676441496, -0.33403351917694546, 0.9369313996466233
0.22142738646170199, -0.22142738646170346, 0.9497051253149473
0.3340335191769446, -0.10286476764415042, 0.9369313996466235
0.4226182617406936, -3.3306690738754696e-16, 0.9063077870366528
0.4226182617406938, 0.0, 0.9063077870366526
0.4226182617406938, 0.0, 0.9063077870366526
0.4226182617406938, 0.0, 0.9063077870366526
0.4226182617406938, 0.0, 0.9063077870366526
0.4226182617406938, 0.0, 0.9063077870366526
0.42261826174069483, -1.27675647831893e-15, 0.9063077870366523
0.33403351917694507, 0.10286476764415159, 0.9369313996466231
0.22142738646170224, 0.22142738646170687, 0.9497051253149464
0.10286476764414937, 0.33403351917695084, 0.9369313996466213
1.1102230246251563e-16, 0.42261826174070016, 0.9063077870366496
-6.982150666839085e-17, 0.4226182617407003, 0.9063077870366496
-6.982150666839085e-17, 0.4226182617407003, 0.9063077870366496
-6.982150666839085e-17, 0.4226182617407003, 0.9063077870366496
-6.982150666839085e-17, 0.4226182617407003, 0.9063077870366496
-6.982150666839085e-17, 0.4226182617407003, 0.9063077870366496
8.88178419700125e-16, 0.4226182617407011, 0.9063077870366493
-0.10286476764415066, 0.3340335191769515, 0.9369313996466211
-0.22142738646170504, 0.2214273864617078, 0.9497051253149454
-0.3340335191769488, 0.10286476764415345, 0.9369313996466215
-0.4226182617406998, 6.383782391594647e-16, 0.9063077870366497
-0.4226182617407003, 0.0, 0.9063077870366496
-0.4226182617407003, 0.0, 0.9063077870366496
-0.4226182617407003, 0.0, 0.9063077870366496
-0.4226182617407003, 0.0, 0.9063077870366496
-0.4226182617407003, 0.0, 0.9063077870366496
-0.42261826174070116, 1.1102230246251565e-15, 0.9063077870366492
-0.33403351917695073, -0.10286476764414954, 0.9369313996466214
-0.22142738646170793, -0.22142738646170107, 0.9497051253149463
-0.10286476764415271, -0.33403351917694407, 0.9369313996466234
7.494005416219805e-16, -0.4226182617406943, 0.9063077870366523
6.982150666838977e-17, -0.42261826174069383, 0.9063077870366526
6.982150666838977e-17, -0.42261826174069383, 0.9063077870366526
6.982150666838977e-17, -0.42261826174069383, 0.9063077870366526
6.982150666838977e-17, -0.42261826174069383, 0.9063077870366526
6.982150666838977e-17, -0.42261826174069383, 0.9063077870366526
-4.163336342344337e-16, -0.42261826174069433, 0.9063077870366525
0.10286476764415022, -0.33403351917694485, 0.9369313996466233
0.22142738646170262, -0.22142738646170282, 0.9497051253149473
0.3340335191769446, -0.10286476764415042, 0.9369313996466235
0.42261826174069406, 2.775557561562891e-16, 0.9063077870366525
0.4226182617406938, 0.0, 0.9063077870366526
0.4226182617406938, 0.0, 0.9063077870366526
0.4226182617406938, 0.0, 0.9063077870366526
0.4226182617406938, 0.0, 0.9063077870366526
0.4226182617406938, 0.0, 0.9063077870366526
0.42261826174069483, -1.27675647831893e-15, 0.9063077870366523
0.33403351917694385, 0.1028647676441529, 0.9369313996466233
0.22142738646170224, 0.22142738646170687, 0.9497051253149464
0.10286476764414937, 0.33403351917695084, 0.9369313996466213
1.1102230246251563e-16, 0.42261826174070016, 0.9063077870366496
-6.982150666839085e-17, 0.4226182617407003, 0.9063077870366496
-6.982150666839085e-17, 0.4226182617407003, 0.9063077870366496
-6.982150666839085e-17, 0.4226182617407003, 0.9063077870366496
-6.982150666839085e-17, 0.4226182617407003, 0.9063077870366496
-6.982150666839085e-17, 0.4226182617407003, 0.9063077870366496
8.88178419700125e-16, 0.4226182617407011, 0.9063077870366493
-0.10286476764415066, 0.3340335191769515, 0.9369313996466211
-0.22142738646170504, 0.2214273864617078, 0.9497051253149454
-0.3340335191769488, 0.10286476764415345, 0.9369313996466215
-0.4226182617406992, 1.3045120539345583e-15, 0.90630778703665
-0.4226182617407003, 0.0, 0.9063077870366496
-0.4226182617407003, 0.0, 0.9063077870366496
-0.4226182617407003, 0.0, 0.9063077870366496
-0.4226182617407003, 0.0, 0.9063077870366496
-0.4226182617407003, 0.0, 0.9063077870366496
-0.42261826174070116, 1.1102230246251565e-15, 0.9063077870366492
-0.33403351917695073, -0.10286476764414954, 0.9369313996466214
-0.22142738646170732, -0.22142738646170168, 0.9497051253149464
-0.10286476764415271, -0.33403351917694407, 0.9369313996466234
7.494005416219805e-16, -0.4226182617406943, 0.9063077870366523
6.982150666838977e-17, -0.42261826174069383, 0.9063077870366526
6.982150666838977e-17, -0.42261826174069383, 0.9063077870366526
6.982150666838977e-17, -0.42261826174069383, 0.9063077870366526
6.982150666838977e-17, -0.42261826174069383, 0.9063077870366526
6.982150666838977e-17, -0.42261826174069383, 0.9063077870366526
-4.163336342344337e-16, -0.42261826174069433, 0.9063077870366525
0.10286476764415022, -0.33403351917694485, 0.9369313996466233
0.22142738646170199, -0.22142738646170346, 0.9497051253149473
0.3340335191769446, -0.10286476764415042, 0.9369313996466235
0.42261826174069406, 2.775557561562891e-16, 0.9063077870366525
0.4226182617406938, 0.0, 0.9063077870366526
0.4226182617406938, 0.0, 0.9063077870366526
0.4226182617406938, 0.0, 0.9063077870366526
0.4226182617406938, 0.0, 0.9063077870366526
0.4226182617406938, 0.0, 0.9063077870366526
0.42261826174069483, -1.27675647831893e-15, 0.9063077870366523
0.33403351917694507, 0.10286476764415159, 0.9369313996466231
0.22142738646170224, 0.22142738646170687, 0.9497051253149464
0.10286476764415005, 0.3340335191769503, 0.9369313996466215
1.1102230246251563e-16, 0.42261826174070016, 0.9063077870366496
-6.982150666839085e-17, 0.4226182617407003, 0.9063077870366496
-6.982150666839085e-17, 0.4226182617407003, 0.9063077870366496
-6.982150666839085e-17, 0.4226182617407003, 0.9063077870366496
-6.982150666839085e-17, 0.4226182617407003, 0.9063077870366496
-6.982150666839085e-17, 0.4226182617407003, 0.9063077870366496
8.88178419700125e-16, 0.4226182617407011, 0.9063077870366493
-0.10286476764415127, 0.33403351917695084, 0.9369313996466211
-0.22142738646170504, 0.2214273864617078, 0.9497051253149454
-0.3340335191769488, 0.10286476764415345, 0.9369313996466215
-0.4226182617406998, 6.383782391594647e-16, 0.9063077870366497
-0.4226182617407003, 0.0, 0.9063077870366496
-0.4226182617407003, 0.0, 0.9063077870366496
-0.4226182617407003, 0.0, 0.9063077870366496
-0.4226182617407003, 0.0, 0.9063077870366496
-0.4226182617407003, 0.0, 0.9063077870366496
-0.42261826174070116, 1.1102230246251565e-15, 0.9063077870366492
-0.33403351917695073, -0.10286476764414954, 0.9369313996466214
-0.22142738646170793, -0.22142738646170107, 0.9497051253149463
-0.10286476764415271, -0.33403351917694407, 0.9369313996466234
7.494005416219805e-16, -0.4226182617406943, 0.9063077870366523
6.982150666838977e-17, -0.42261826174069383, 0.9063077870366526
6.982150666838977e-17, -0.42261826174069383, 0.9063077870366526
6.982150666838977e-17, -0.42261826174069383, 0.9063077870366526
6.982150666838977e-17, -0.42261826174069383, 0.9063077870366526
6.982150666838977e-17, -0.42261826174069383, 0.9063077870366526
-4.163336342344337e-16, -0.42261826174069433, 0.9063077870366525
0.10286476764415022, -0.33403351917694485, 0.9369313996466233
0.22142738646170262, -0.22142738646170282, 0.9497051253149473
0.334033519176944, -0.1028647676441511, 0.9369313996466236
0.42261826174069406, 2.775557561562891e-16, 0.9063077870366525
0.4226182617406938, 0.0, 0.9063077870366526
0.4226182617406938, 0.0, 0.9063077870366526
0.4226182617406938, 0.0, 0.9063077870366526
0.4226182617406938, 0.0, 0.9063077870366526
0.4226182617406938, 0.0, 0.9063077870366526
0.42261826174069483, -1.27675647831893e-15, 0.9063077870366523
0.33403351917694507, 0.10286476764415159, 0.9369313996466231
0.2214273864617016, 0.22142738646170748, 0.9497051253149464
0.10286476764415005, 0.3340335191769503, 0.9369313996466215
1.1102230246251563e-16, 0.42261826174070016, 0.9063077870366496
-6.982150666839085e-17, 0.4226182617407003, 0.9063077870366496
-6.982150666839085e-17, 0.4226182617407003, 0.9063077870366496
-6.982150666839085e-17, 0.4226182617407003, 0.9063077870366496
-6.982150666839085e-17, 0.4226182617407003, 0.9063077870366496
-6.982150666839085e-17, 0.4226182617407003, 0.9063077870366496
8.88178419700125e-16, 0.4226182617407011, 0.9063077870366493
-0.10286476764415066, 0.3340335191769515, 0.9369313996466211
-0.22142738646170504, 0.2214273864617078, 0.9497051253149454
-0.3340335191769488, 0.10286476764415345, 0.9369313996466215
-0.4226182617406992, 1.3045120539345583e-15, 0.90630778703665
-0.4226182617407003, 0.0, 0.9063077870366496
-0.4226182617407003, 0.0, 0.9063077870366496
-0.4226182617407003, 0.0, 0.9063077870366496
-0.4226182617407003, 0.0, 0.9063077870366496
-0.4226182617407003, 0.0, 0.9063077870366496
-0.42261826174070116, 1.1102230246251565e-15, 0.9063077870366492
-0.33403351917695073, -0.10286476764414954, 0.9369313996466214
-0.22142738646170732, -0.22142738646170168, 0.9497051253149464
-0.10286476764415209, -0.3340335191769447, 0.9369313996466233
7.494005416219805e-16, -0.4226182617406943, 0.9063077870366523
6.982150666838977e-17, -0.42261826174069383, 0.9063077870366526
6.982150666838977e-17, -0.42261826174069383, 0.9063077870366526
6.982150666838977e-17, -0.42261826174069383, 0.9063077870366526
6.982150666838977e-17, -0.42261826174069383, 0.9063077870366526
6.982150666838977e-17, -0.42261826174069383, 0.9063077870366526
-4.163336342344337e-16, -0.42261826174069433, 0.9063077870366525
0.10286476764415087, -0.33403351917694424, 0.9369313996466234
0.22142738646170199, -0.22142738646170346, 0.9497051253149473
0.334033519176944, -0.1028647676441511, 0.9369313996466236
0.42261826174069406, 2.775557561562891e-16, 0.9063077870366525
0.4226182617406938, 0.0, 0.9063077870366526
0.4226182617406938, 0.0, 0.9063077870366526
0.4226182617406938, 0.0, 0.9063077870366526
0.4226182617406938, 0.0, 0.9063077870366526
0.4226182617406938, 0.0, 0.9063077870366526
0.42261826174069483, -1.27675647831893e-15, 0.9063077870366523
0.33403351917694507, 0.10286476764415159, 0.9369313996466231
0.22142738646170285, 0.22142738646170623, 0.9497051253149464
0.10286476764415071, 0.3340335191769496, 0.9369313996466215
1.1102230246251563e-16, 0.42261826174070016, 0.9063077870366496
-6.982150666839085e-17, 0.4226182617407003, 0.9063077870366496
-6.982150666839085e-17, 0.4226182617407003, 0.9063077870366496
-6.982150666839085e-17, 0.4226182617407003, 0.9063077870366496
-6.982150666839085e-17, 0.4226182617407003, 0.9063077870366496
-6.982150666839085e-17, 0.4226182617407003, 0.9063077870366496
8.88178419700125e-16, 0.4226182617407011, 0.9063077870366493
-0.10286476764415066, 0.3340335191769515, 0.9369313996466211
-0.22142738646170504, 0.2214273864617078, 0.9497051253149454
-0.3340335191769488, 0.10286476764415345, 0.9369313996466215
-0.4226182617406992, 1.3045120539345583e-15, 0.90630778703665
-0.4226182617407003, 0.0, 0.9063077870366496
-0.4226182617407003, 0.0, 0.9063077870366496
-0.4226182617407003, 0.0, 0.9063077870366496
-0.4226182617407003, 0.0, 0.9063077870366496
-0.4226182617407003, 0.0, 0.9063077870366496
-0.42261826174070116, 1.1102230246251565e-15, 0.9063077870366492
-0.33403351917695073, -0.10286476764414954, 0.9369313996466214
-0.22142738646170732, -0.22142738646170168, 0.9497051253149464
-0.10286476764415271, -0.33403351917694407, 0.9369313996466234
7.494005416219805e-16, -0.4226182617406943, 0.9063077870366523
6.982150666838977e-17, -0.42261826174069383, 0.9063077870366526
6.982150666838977e-17, -0.42261826174069383, 0.9063077870366526
6.982150666838977e-17, -0.42261826174069383, 0.9063077870366526
6.982150666838977e-17, -0.42261826174069383, 0.9063077870366526
6.982150666838977e-17, -0.42261826174069383, 0.9063077870366526
-4.163336342344337e-16, -0.42261826174069433, 0.9063077870366525
0.10286476764415087, -0.33403351917694424, 0.9369313996466234
0.22142738646170262, -0.22142738646170282, 0.9497051253149473
0.3340335191769446, -0.10286476764415042, 0.9369313996466235
0.4226182617406936, -3.3306690738754696e-16, 0.9063077870366528
0.4226182617406938, 0.0, 0.9063077870366526
0.4226182617406938, 0.0, 0.9063077870366526
0.4226182617406938, 0.0, 0.9063077870366526
0.4226182617406938, 0.0, 0.9063077870366526
0.4226182617406938, 0.0, 0.9063077870366526
0.42261826174069483, -1.27675647831893e-15, 0.9063077870366523
0.33403351917694507, 0.10286476764415159, 0.9369313996466231
0.22142738646170285, 0.22142738646170623, 0.9497051253149464
0.10286476764415071, 0.3340335191769496, 0.9369313996466215
1.1102230246251563e-16, 0.42261826174070016, 0.9063077870366496
-6.982150666839085e-17, 0.4226182617407003, 0.9063077870366496
-6.982150666839085e-17, 0.4226182617407003, 0.9063077870366496
-6.982150666839085e-17, 0.4226182617407003, 0.9063077870366496
-6.982150666839085e-17, 0.4226182617407003, 0.9063077870366496
-6.982150666839085e-17, 0.4226182617407003, 0.9063077870366496
8.88178419700125e-16, 0.4226182617407011, 0.9063077870366493
-0.10286476764415127, 0.33403351917695084, 0.9369313996466211
-0.22142738646170504, 0.2214273864617078, 0.9497051253149454
-0.3340335191769488, 0.10286476764415345, 0.9369313996466215
-0.4226182617406992, 1.3045120539345583e-15, 0.90630778703665
-0.4226182617407003, 0.0, 0.9063077870366496
-0.4226182617407003, 0.0, 0.9063077870366496
-0.4226182617407003, 0.0, 0.9063077870366496
-0.4226182617407003, 0.0, 0.9063077870366496
-0.4226182617407003, 0.0, 0.9063077870366496
-0.42261826174070116, 1.1102230246251565e-15, 0.9063077870366492
-0.33403351917695073, -0.10286476764414954, 0.9369313996466214
-0.22142738646170732, -0.22142738646170168, 0.9497051253149464
-0.10286476764415271, -0.33403351917694407, 0.9369313996466234
7.494005416219805e-16, -0.4226182617406943, 0.9063077870366523
6.982150666838977e-17, -0.42261826174069383, 0.9063077870366526
6.982150666838977e-17, -0.42261826174069383, 0.9063077870366526
6.982150666838977e-17, -0.42261826174069383, 0.9063077870366526
6.982150666838977e-17, -0.42261826174069383, 0.9063077870366526
6.982150666838977e-17, -0.42261826174069383, 0.9063077870366526
-4.163336342344337e-16, -0.42261826174069433, 0.9063077870366525
0.10286476764415022, -0.33403351917694485, 0.9369313996466233
0.22142738646170199, -0.22142738646170346, 0.9497051253149473
0.334033519176944, -0.1028647676441511, 0.9369313996466236
0.42261826174069406, 2.775557561562891e-16, 0.9063077870366525
0.4226182617406938, 0.0, 0.9063077870366526
0.4226182617406938, 0.0, 0.9063077870366526
0.4226182617406938, 0.0, 0.9063077870366526
0.4226182617406938, 0.0, 0.9063077870366526
0.4226182617406938, 0.0, 0.9063077870366526
0.4226182617406943, -6.10622663543836e-16, 0.9063077870366524
0.33403351917694385, 0.1028647676441529, 0.9369313996466233
0.2214273864617016, 0.22142738646170748, 0.9497051253149464
0.10286476764415005, 0.3340335191769503, 0.9369313996466215
1.1102230246251563e-16, 0.42261826174070016, 0.9063077870366496
-6.982150666839085e-17, 0.4226182617407003, 0.9063077870366496
-6.982150666839085e-17, 0.4226182617407003, 0.9063077870366496
-6.982150666839085e-17, 0.4226182617407003, 0.9063077870366496
-6.982150666839085e-17, 0.4226182617407003, 0.9063077870366496
-6.982150666839085e-17, 0.4226182617407003, 0.9063077870366496
8.88178419700125e-16, 0.4226182617407011, 0.9063077870366493
-0.10286476764415066, 0.3340335191769515, 0.9369313996466211
-0.22142738646170504, 0.2214273864617078, 0.9497051253149454
-0.3340335191769488, 0.10286476764415345, 0.9369313996466215
-0.4226182617406998, 6.383782391594647e-16, 0.9063077870366497
-0.4226182617407003, 0.0, 0.9063077870366496
-0.4226182617407003, 0.0, 0.9063077870366496
-0.4226182617407003, 0.0, 0.9063077870366496
-0.4226182617407003, 0.0, 0.9063077870366496
-0.4226182617407003, 0.0, 0.9063077870366496
-0.42261826174070116, 1.1102230246251565e-15, 0.9063077870366492
-0.33403351917695073, -0.10286476764414954, 0.9369313996466214
-0.22142738646170793, -0.22142738646170107, 0.9497051253149463
-0.10286476764415271, -0.33403351917694407, 0.9369313996466234
7.494005416219805e-16, -0.4226182617406943, 0.9063077870366523
6.982150666838977e-17, -0.42261826174069383, 0.9063077870366526
6.982150666838977e-17, -0.42261826174069383, 0.9063077870366526
6.982150666838977e-17, -0.42261826174069383, 0.9063077870366526
6.982150666838977e-17, -0.42261826174069383, 0.9063077870366526
6.982150666838977e-17, -0.42261826174069383, 0.9063077870366526
-4.163336342344337e-16, -0.42261826174069433, 0.9063077870366525
0.10286476764415022, -0.33403351917694485, 0.9369313996466233
0.22142738646170199, -0.22142738646170346, 0.9497051253149473
0.3340335191769446, -0.10286476764415042, 0.9369313996466235
0.42261826174069406, 2.775557561562891e-16, 0.9063077870366525
0.4226182617406938, 0.0, 0.9063077870366526
0.4226182617406938, 0.0, 0.9063077870366526
0.4226182617406938, 0.0, 0.9063077870366526
0.4226182617406938, 0.0, 0.9063077870366526
0.4226182617406938, 0.0, 0.9063077870366526
0.42261826174069483, -1.27675647831893e-15, 0.9063077870366523
0.33403351917694507, 0.10286476764415159, 0.9369313996466231
0.22142738646170224, 0.22142738646170687, 0.9497051253149464
0.10286476764415071, 0.3340335191769496, 0.9369313996466215
1.1102230246251563e-16, 0.42261826174070016, 0.9063077870366496
-6.982150666839085e-17, 0.4226182617407003, 0.9063077870366496
-6.982150666839085e-17, 0.4226182617407003, 0.9063077870366496
-6.982150666839085e-17, 0.4226182617407003, 0.9063077870366496
-6.982150666839085e-17, 0.4226182617407003, 0.9063077870366496
-6.982150666839085e-17, 0.4226182617407003, 0.9063077870366496
8.88178419700125e-16, 0.4226182617407011, 0.9063077870366493
-0.10286476764415066, 0.3340335191769515, 0.9369313996466211
-0.22142738646170504, 0.2214273864617078, 0.9497051253149454
-0.3340335191769488, 0.10286476764415345, 0.9369313996466215
-0.4226182617406992, 1.3045120539345583e-15, 0.90630778703665
-0.4226182617407003, 0.0, 0.9063077870366496
-0.4226182617407003, 0.0, 0.9063077870366496
-0.4226182617407003, 0.0, 0.9063077870366496
-0.4226182617407003, 0.0, 0.9063077870366496
-0.4226182617407003, 0.0, 0.9063077870366496
-0.42261826174070116, 1.1102230246251565e-15, 0.9063077870366492
-0.33403351917695073, -0.10286476764414954, 0.9369313996466214
-0.22142738646170732, -0.22142738646170168, 0.9497051253149464
-0.10286476764415209, -0.3340335191769447, 0.9369313996466233
1.4432899320127037e-15, -0.42261826174069494, 0.9063077870366522
6.982150666838977e-17, -0.42261826174069383, 0.9063077870366526
6.982150666838977e-17, -0.42261826174069383, 0.9063077870366526
6.982150666838977e-17, -0.42261826174069383, 0.9063077870366526
6.982150666838977e-17, -0.42261826174069383, 0.9063077870366526
6.982150666838977e-17, -0.42261826174069383, 0.9063077870366526
-4.163336342344337e-16, -0.42261826174069433, 0.9063077870366525
0.10286476764415087, -0.33403351917694424, 0.9369313996466234
0.22142738646170262, -0.22142738646170282, 0.9497051253149473
0.334033519176944, -0.1028647676441511, 0.9369313996466236
0.42261826174069406, 2.775557561562891e-16, 0.9063077870366525
0.4226182617406938, 0.0, 0.9063077870366526
0.4226182617406938, 0.0, 0.9063077870366526
0.4226182617406938, 0.0, 0.9063077870366526
0.4226182617406938, 0.0, 0.9063077870366526
0.4226182617406938, 0.0, 0.9063077870366526
0.42261826174069483, -1.27675647831893e-15, 0.9063077870366523
0.3340335191769445, 0.10286476764415223, 0.9369313996466233
0.2214273864617016, 0.22142738646170748, 0.9497051253149464
0.10286476764415005, 0.3340335191769503, 0.9369313996466215
1.1102230246251563e-16, 0.42261826174070016, 0.9063077870366496
-6.982150666839085e-17, 0.4226182617407003, 0.9063077870366496
-6.982150666839085e-17, 0.4226182617407003, 0.9063077870366496
-6.982150666839085e-17, 0.4226182617407003, 0.9063077870366496
-6.982150666839085e-17, 0.4226182617407003, 0.9063077870366496
-6.982150666839085e-17, 0.4226182617407003, 0.9063077870366496
8.88178419700125e-16, 0.4226182617407011, 0.9063077870366493
-0.10286476764415127, 0.33403351917695084, 0.9369313996466211
-0.22142738646170504, 0.2214273864617078, 0.9497051253149454
-0.3340335191769488, 0.10286476764415345, 0.9369313996466215
-0.4226182617406992, 1.3045120539345583e-15, 0.90630778703665
-0.4226182617407003, 0.0, 0.9063077870366496
-0.4226182617407003, 0.0, 0.9063077870366496
-0.4226182617407003, 0.0, 0.9063077870366496
-0.4226182617407003, 0.0, 0.9063077870366496
-0.4226182617407003, 0.0, 0.9063077870366496
-0.42261826174070116, 1.1102230246251565e-15, 0.9063077870366492
-0.33403351917695073, -0.10286476764414954, 0.9369313996466214
-0.22142738646170793, -0.22142738646170107, 0.9497051253149463
-0.10286476764415271, -0.33403351917694407, 0.9369313996466234
7.494005416219805e-16, -0.4226182617406943, 0.9063077870366523
6.982150666838977e-17, -0.42261826174069383, 0.9063077870366526
6.982150666838977e-17, -0.42261826174069383, 0.9063077870366526
6.982150666838977e-17, -0.42261826174069383, 0.9063077870366526
6.982150666838977e-17, -0.42261826174069383, 0.9063077870366526
6.982150666838977e-17, -0.42261826174069383, 0.9063077870366526
-4.163336342344337e-16, -0.42261826174069433, 0.9063077870366525
0.10286476764415022, -0.33403351917694485, 0.9369313996466233
0.22142738646170262, -0.22142738646170282, 0.9497051253149473
0.334033519176944, -0.1028647676441511, 0.9369313996466236
0.422618261740693, -1.0547118733938987e-15, 0.906307787036653
0.4226182617406938, 0.0, 0.9063077870366526
0.4226182617406938, 0.0, 0.9063077870366526
0.4226182617406938, 0.0, 0.9063077870366526
0.4226182617406938, 0.0, 0.9063077870366526
0.4226182617406938, 0.0, 0.9063077870366526
0.42261826174069483, -1.27675647831893e-15, 0.9063077870366523
0.33403351917694574, 0.10286476764415094, 0.936931399646623
0.22142738646170285, 0.22142738646170623, 0.9497051253149464
0.10286476764415071, 0.3340335191769496, 0.9369313996466215
1.1102230246251563e-16, 0.42261826174070016, 0.9063077870366496
-6.982150666839085e-17, 0.4226182617407003, 0.9063077870366496
-6.982150666839085e-17, 0.4226182617407003, 0.9063077870366496
-6.982150666839085e-17, 0.4226182617407003, 0.9063077870366496
-6.982150666839085e-17, 0.4226182617407003, 0.9063077870366496
-6.982150666839085e-17, 0.4226182617407003, 0.9063077870366496
8.88178419700125e-16, 0.4226182617407011, 0.9063077870366493
-0.10286476764415127, 0.33403351917695084, 0.9369313996466211
-0.22142738646170568, 0.22142738646170715, 0.9497051253149456
-0.3340335191769488, 0.10286476764415345, 0.9369313996466215
-0.4226182617406998, 6.383782391594647e-16, 0.9063077870366497
-0.4226182617407003, 0.0, 0.9063077870366496
-0.4226182617407003, 0.0, 0.9063077870366496
-0.4226182617407003, 0.0, 0.9063077870366496
-0.4226182617407003, 0.0, 0.9063077870366496
-0.4226182617407003, 0.0, 0.9063077870366496
-0.42261826174070116, 1.1102230246251565e-15, 0.9063077870366492
-0.33403351917695073, -0.10286476764414954, 0.9369313996466214
-0.22142738646170732, -0.22142738646170168, 0.9497051253149464
-0.10286476764415271, -0.33403351917694407, 0.9369313996466234
1.1102230246251565e-16, -0.42261826174069383, 0.9063077870366526
6.982150666838977e-17, -0.42261826174069383, 0.9063077870366526
6.982150666838977e-17, -0.42261826174069383, 0.9063077870366526
6.982150666838977e-17, -0.42261826174069383, 0.9063077870366526
6.982150666838977e-17, -0.42261826174069383, 0.9063077870366526
6.982150666838977e-17, -0.42261826174069383, 0.9063077870366526
-4.163336342344337e-16, -0.42261826174069433, 0.9063077870366525
0.10286476764415087, -0.33403351917694424, 0.9369313996466234
0.22142738646170262, -0.22142738646170282, 0.9497051253149473
0.334033519176944, -0.1028647676441511, 0.9369313996466236
0.42261826174069406, 2.775557561562891e-16, 0.9063077870366525
0.4226182617406938, 0.0, 0.9063077870366526
0.4226182617406938, 0.0, 0.9063077870366526
0.4226182617406938, 0.0, 0.9063077870366526
0.4226182617406938, 0.0, 0.9063077870366526
0.4226182617406938, 0.0, 0.9063077870366526
0.42261826174069483, -1.27675647831893e-15, 0.9063077870366523
0.33403351917694507, 0.10286476764415159, 0.9369313996466231
0.22142738646170224, 0.22142738646170687, 0.9497051253149464
0.10286476764415071, 0.3340335191769496, 0.9369313996466215
1.1102230246251563e-16, 0.42261826174070016, 0.9063077870366496
-6.982150666839085e-17, 0.4226182617407003, 0.9063077870366496
-6.982150666839085e-17, 0.4226182617407003, 0.9063077870366496
-6.982150666839085e-17, 0.4226182617407003, 0.9063077870366496
-6.982150666839085e-17, 0.4226182617407003, 0.9063077870366496
-6.982150666839085e-17, 0.4226182617407003, 0.9063077870366496
8.88178419700125e-16, 0.4226182617407011, 0.9063077870366493
-0.10286476764415066, 0.3340335191769515, 0.9369313996466211
-0.22142738646170504, 0.2214273864617078, 0.9497051253149454
-0.3340335191769488, 0.10286476764415345, 0.9369313996466215
-0.4226182617406998, 6.383782391594647e-16, 0.9063077870366497
-0.4226182617407003, 0.0, 0.9063077870366496
-0.4226182617407003, 0.0, 0.9063077870366496
-0.4226182617407003, 0.0, 0.9063077870366496
-0.4226182617407003, 0.0, 0.9063077870366496
-0.4226182617407003, 0.0, 0.9063077870366496
-0.42261826174070116, 1.1102230246251565e-15, 0.9063077870366492
-0.33403351917695073, -0.10286476764414954, 0.9369313996466214
-0.22142738646170732, -0.22142738646170168, 0.9497051253149464
-0.10286476764415271, -0.33403351917694407, 0.9369313996466234
7.494005416219805e-16, -0.4226182617406943, 0.9063077870366523
6.982150666838977e-17, -0.42261826174069383, 0.9063077870366526
6.982150666838977e-17, -0.42261826174069383, 0.9063077870366526
6.982150666838977e-17, -0.42261826174069383, 0.9063077870366526
6.982150666838977e-17, -0.42261826174069383, 0.9063077870366526
6.982150666838977e-17, -0.42261826174069383, 0.9063077870366526
-4.163336342344337e-16, -0.42261826174069433, 0.9063077870366525
0.10286476764415087, -0.33403351917694424, 0.9369313996466234
0.22142738646170199, -0.22142738646170346, 0.9497051253149473
0.334033519176944, -0.1028647676441511, 0.9369313996466236
0.42261826174069406, 2.775557561562891e-16, 0.9063077870366525
0.4226182617406938, 0.0, 0.9063077870366526
0.4226182617406938, 0.0, 0.9063077870366526
0.4226182617406938, 0.0, 0.9063077870366526
0.4226182617406938, 0.0, 0.9063077870366526
0.4226182617406938, 0.0, 0.9063077870366526
0.42261826174069483, -1.27675647831893e-15, 0.9063077870366523
0.33403351917694507, 0.10286476764415159, 0.9369313996466231
0.22142738646170224, 0.22142738646170687, 0.9497051253149464
0.10286476764414937, 0.33403351917695084, 0.9369313996466213
1.1102230246251563e-16, 0.42261826174070016, 0.9063077870366496
-6.982150666839085e-17, 0.4226182617407003, 0.9063077870366496
-6.982150666839085e-17, 0.4226182617407003, 0.9063077870366496
-6.982150666839085e-17, 0.4226182617407003, 0.9063077870366496
-6.982150666839085e-17, 0.4226182617407003, 0.9063077870366496
-6.982150666839085e-17, 0.4226182617407003, 0.9063077870366496
8.88178419700125e-16, 0.4226182617407011, 0.9063077870366493
-0.10286476764415066, 0.3340335191769515, 0.9369313996466211
-0.22142738646170504, 0.2214273864617078, 0.9497051253149454
-0.3340335191769488, 0.10286476764415345, 0.9369313996466215
-0.4226182617406998, 6.383782391594647e-16, 0.9063077870366497
-0.4226182617407003, 0.0, 0.9063077870366496
-0.4226182617407003, 0.0, 0.9063077870366496
-0.4226182617407003, 0.0, 0.9063077870366496
-0.4226182617407003, 0.0, 0.9063077870366496
-0.4226182617407003, 0.0, 0.9063077870366496
-0.42261826174070116, 1.1102230246251565e-15, 0.9063077870366492
-0.33403351917695073, -0.10286476764414954, 0.9369313996466214
-0.22142738646170732, -0.22142738646170168, 0.9497051253149464
-0.10286476764415271, -0.33403351917694407, 0.9369313996466234
1.4432899320127037e-15, -0.42261826174069494, 0.9063077870366522
6.982150666838977e-17, -0.42261826174069383, 0.9063077870366526
6.982150666838977e-17, -0.42261826174069383, 0.9063077870366526
6.982150666838977e-17, -0.42261826174069383, 0.9063077870366526
6.982150666838977e-17, -0.42261826174069383, 0.9063077870366526
6.982150666838977e-17, -0.42261826174069383, 0.9063077870366526
-4.163336342344337e-16, -0.42261826174069433, 0.9063077870366525
0.10286476764415022, -0.33403351917694485, 0.9369313996466233
0.22142738646170262, -0.22142738646170282, 0.9497051253149473
0.3340335191769446, -0.10286476764415042, 0.9369313996466235
0.4226182617406936, -3.3306690738754696e-16, 0.9063077870366528
0.4226182617406938, 0.0, 0.9063077870366526
0.4226182617406938, 0.0, 0.9063077870366526
0.4226182617406938, 0.0, 0.9063077870366526
0.4226182617406938, 0.0, 0.9063077870366526
0.4226182617406938, 0.0, 0.9063077870366526
0.42261826174069483, -1.27675647831893e-15, 0.9063077870366523
0.3340335191769445, 0.10286476764415223, 0.9369313996466233
0.22142738646170285, 0.22142738646170623, 0.9497051253149464
0.10286476764415005, 0.3340335191769503, 0.9369313996466215
1.1102230246251563e-16, 0.42261826174070016, 0.9063077870366496
-6.982150666839085e-17, 0.4226182617407003, 0.9063077870366496
-6.982150666839085e-17, 0.4226182617407003, 0.9063077870366496
-6.982150666839085e-17, 0.4226182617407003, 0.9063077870366496
-6.982150666839085e-17, 0.4226182617407003, 0.9063077870366496
-6.982150666839085e-17, 0.4226182617407003, 0.9063077870366496
8.88178419700125e-16, 0.4226182617407011, 0.9063077870366493
-0.10286476764415066, 0.3340335191769515, 0.9369313996466211
-0.22142738646170504, 0.2214273864617078, 0.9497051253149454
-0.3340335191769488, 0.10286476764415345, 0.9369313996466215
-0.4226182617406998, 6.383782391594647e-16, 0.9063077870366497
-0.4226182617407003, 0.0, 0.9063077870366496
-0.4226182617407003, 0.0, 0.9063077870366496
-0.4226182617407003, 0.0, 0.9063077870366496
-0.4226182617407003, 0.0, 0.9063077870366496
-0.4226182617407003, 0.0, 0.9063077870366496
-0.42261826174070116, 1.1102230246251565e-15, 0.9063077870366492
-0.33403351917695073, -0.10286476764414954, 0.9369313996466214
-0.22142738646170793, -0.22142738646170107, 0.9497051253149463
-0.10286476764415271, -0.33403351917694407, 0.9369313996466234
1.1102230246251565e-16, -0.42261826174069383, 0.9063077870366526
6.982150666838977e-17, -0.42261826174069383, 0.9063077870366526
6.982150666838977e-17, -0.42261826174069383, 0.9063077870366526
6.982150666838977e-17, -0.42261826174069383, 0.9063077870366526
6.982150666838977e-17, -0.42261826174069383, 0.9063077870366526
6.982150666838977e-17, -0.42261826174069383, 0.9063077870366526
-4.163336342344337e-16, -0.42261826174069433, 0.9063077870366525
0.10286476764415087, -0.33403351917694424, 0.9369313996466234
0.22142738646170262, -0.22142738646170282, 0.9497051253149473
0.334033519176944, -0.1028647676441511, 0.9369313996466236
0.42261826174069406, 2.775557561562891e-16, 0.9063077870366525
0.4226182617406938, 0.0, 0.9063077870366526
0.4226182617406938, 0.0, 0.9063077870366526
0.4226182617406938, 0.0, 0.9063077870366526
0.4226182617406938, 0.0, 0.9063077870366526
0.4226182617406938, 0.0, 0.9063077870366526
0.42261826174069483, -1.27675647831893e-15, 0.9063077870366523
0.33403351917694507, 0.10286476764415159, 0.9369313996466231
0.22142738646170224, 0.22142738646170687, 0.9497051253149464
0.10286476764414937, 0.33403351917695084, 0.9369313996466213
1.1102230246251563e-16, 0.42261826174070016, 0.9063077870366496
-6.982150666839085e-17, 0.4226182617407003, 0.9063077870366496
-6.982150666839085e-17, 0.4226182617407003, 0.9063077870366496
-6.982150666839085e-17, 0.4226182617407003, 0.9063077870366496
-6.982150666839085e-17, 0.4226182617407003, 0.9063077870366496
-6.982150666839085e-17, 0.4226182617407003, 0.9063077870366496
8.88178419700125e-16, 0.4226182617407011, 0.9063077870366493
-0.10286476764415066, 0.3340335191769515, 0.9369313996466211
-0.22142738646170568, 0.22142738646170715, 0.9497051253149456
-0.3340335191769488, 0.10286476764415345, 0.9369313996466215
-0.4226182617406998, 6.383782391594647e-16, 0.9063077870366497
-0.4226182617407003, 0.0, 0.9063077870366496
-0.4226182617407003, 0.0, 0.9063077870366496
-0.4226182617407003, 0.0, 0.9063077870366496
-0.4226182617407003, 0.0, 0.9063077870366496
-0.4226182617407003, 0.0, 0.9063077870366496
-0.42261826174070116, 1.1102230246251565e-15, 0.9063077870366492
-0.33403351917695073, -0.10286476764414954, 0.9369313996466214
-0.22142738646170732, -0.22142738646170168, 0.9497051253149464
-0.10286476764415209, -0.3340335191769447, 0.9369313996466233
1.1102230246251565e-16, -0.42261826174069383, 0.9063077870366526
6.982150666838977e-17, -0.42261826174069383, 0.9063077870366526
6.982150666838977e-17, -0.42261826174069383, 0.9063077870366526
6.982150666838977e-17, -0.42261826174069383, 0.9063077870366526
6.982150666838977e-17, -0.42261826174069383, 0.9063077870366526
6.982150666838977e-17, -0.42261826174069383, 0.9063077870366526
-4.163336342344337e-16, -0.42261826174069433, 0.9063077870366525
0.10286476764415022, -0.33403351917694485, 0.9369313996466233
0.22142738646170262, -0.22142738646170282, 0.9497051253149473
0.334033519176944, -0.1028647676441511, 0.9369313996466236
0.4226182617406936, -3.3306690738754696e-16, 0.9063077870366528
0.4226182617406938, 0.0, 0.9063077870366526
0.4226182617406938, 0.0, 0.9063077870366526
0.4226182617406938, 0.0, 0.9063077870366526
0.4226182617406938, 0.0, 0.9063077870366526
0.4226182617406938, 0.0, 0.9063077870366526
0.42261826174069483, -1.27675647831893e-15, 0.9063077870366523
0.33403351917694507, 0.10286476764415159, 0.9369313996466231
0.22142738646170285, 0.22142738646170623, 0.9497051253149464
0.10286476764415071, 0.3340335191769496, 0.9369313996466215
1.1102230246251563e-16, 0.42261826174070016, 0.9063077870366496
-6.982150666839085e-17, 0.4226182617407003, 0.9063077870366496
-6.982150666839085e-17, 0.4226182617407003, 0.9063077870366496
-6.982150666839085e-17, 0.4226182617407003, 0.9063077870366496
-6.982150666839085e-17, 0.4226182617407003, 0.9063077870366496
-6.982150666839085e-17, 0.4226182617407003, 0.9063077870366496
8.88178419700125e-16, 0.4226182617407011, 0.9063077870366493
-0.10286476764415127, 0.33403351917695084, 0.9369313996466211
-0.22142738646170568, 0.22142738646170715, 0.9497051253149456
-0.3340335191769488, 0.10286476764415345, 0.9369313996466215
-0.4226182617406998, 6.383782391594647e-16, 0.9063077870366497
-0.4226182617407003, 0.0, 0.9063077870366496
-0.4226182617407003, 0.0, 0.9063077870366496
-0.4226182617407003, 0.0, 0.9063077870366496
-0.4226182617407003, 0.0, 0.9063077870366496
-0.4226182617407003, 0.0, 0.9063077870366496
-0.42261826174070116, 1.1102230246251565e-15, 0.9063077870366492
-0.33403351917695073, -0.10286476764414954, 0.9369313996466214
-0.22142738646170793, -0.22142738646170107, 0.9497051253149463
-0.10286476764415271, -0.33403351917694407, 0.9369313996466234
1.1102230246251565e-16, -0.42261826174069383, 0.9063077870366526
6.982150666838977e-17, -0.42261826174069383, 0.9063077870366526
6.982150666838977e-17, -0.42261826174069383, 0.9063077870366526
6.982150666838977e-17, -0.42261826174069383, 0.9063077870366526
6.982150666838977e-17, -0.42261826174069383, 0.9063077870366526
6.982150666838977e-17, -0.42261826174069383, 0.9063077870366526
-4.163336342344337e-16, -0.42261826174069433, 0.9063077870366525
0.10286476764415087, -0.33403351917694424, 0.9369313996466234
0.22142738646170262, -0.22142738646170282, 0.9497051253149473
0.3340335191769446, -0.10286476764415042, 0.9369313996466235
0.4226182617406936, -3.3306690738754696e-16, 0.9063077870366528
0.4226182617406938, 0.0, 0.9063077870366526
0.4226182617406938, 0.0, 0.9063077870366526
0.4226182617406938, 0.0, 0.9063077870366526
0.4226182617406938, 0.0, 0.9063077870366526
0.4226182617406938, 0.0, 0.9063077870366526
0.42261826174069483, -1.27675647831893e-15, 0.9063077870366523
0.33403351917694507, 0.10286476764415159, 0.9369313996466231
0.22142738646170285, 0.22142738646170623, 0.9497051253149464
0.10286476764415071, 0.3340335191769496, 0.9369313996466215
7.494005416219805e-16, 0.42261826174069966, 0.9063077870366498
-6.982150666839085e-17, 0.4226182617407003, 0.9063077870366496
-6.982150666839085e-17, 0.4226182617407003, 0.9063077870366496
-6.982150666839085e-17, 0.4226182617407003, 0.9063077870366496
-6.982150666839085e-17, 0.4226182617407003, 0.9063077870366496
-6.982150666839085e-17, 0.4226182617407003, 0.9063077870366496
8.88178419700125e-16, 0.4226182617407011, 0.9063077870366493
-0.10286476764415127, 0.33403351917695084, 0.9369313996466211
-0.22142738646170568, 0.22142738646170715, 0.9497051253149456
-0.3340335191769488, 0.10286476764415345, 0.9369313996466215
-0.4226182617406998, 6.383782391594647e-16, 0.9063077870366497
-0.4226182617407003, 0.0, 0.9063077870366496
-0.4226182617407003, 0.0, 0.9063077870366496
-0.4226182617407003, 0.0, 0.9063077870366496
-0.4226182617407003, 0.0, 0.9063077870366496
-0.4226182617407003, 0.0, 0.9063077870366496
-0.42261826174070116, 1.1102230246251565e-15, 0.9063077870366492
-0.33403351917695073, -0.10286476764414954, 0.9369313996466214
-0.22142738646170732, -0.22142738646170168, 0.9497051253149464
-0.10286476764415271, -0.33403351917694407, 0.9369313996466234
7.494005416219805e-16, -0.4226182617406943, 0.9063077870366523
6.982150666838977e-17, -0.42261826174069383, 0.9063077870366526
6.982150666838977e-17, -0.42261826174069383, 0.9063077870366526
6.982150666838977e-17, -0.42261826174069383, 0.9063077870366526
6.982150666838977e-17, -0.42261826174069383, 0.9063077870366526
6.982150666838977e-17, -0.42261826174069383, 0.9063077870366526
-4.163336342344337e-16, -0.42261826174069433, 0.9063077870366525
0.10286476764415087, -0.33403351917694424, 0.9369313996466234
0.22142738646170262, -0.22142738646170282, 0.9497051253149473
0.334033519176944, -0.1028647676441511, 0.9369313996466236
0.422618261740693, -1.0547118733938987e-15, 0.906307787036653
0.4226182617406938, 0.0, 0.9063077870366526
0.4226182617406938, 0.0, 0.9063077870366526
0.4226182617406938, 0.0, 0.9063077870366526
0.4226182617406938, 0.0, 0.9063077870366526
0.4226182617406938, 0.0, 0.9063077870366526
0.42261826174069483, -1.27675647831893e-15, 0.9063077870366523
0.33403351917694507, 0.10286476764415159, 0.9369313996466231
0.22142738646170224, 0.22142738646170687, 0.9497051253149464
0.10286476764415005, 0.3340335191769503, 0.9369313996466215
1.1102230246251563e-16, 0.42261826174070016, 0.9063077870366496
-6.982150666839085e-17, 0.4226182617407003, 0.9063077870366496
-6.982150666839085e-17, 0.4226182617407003, 0.9063077870366496
-6.982150666839085e-17, 0.4226182617407003, 0.9063077870366496
-6.982150666839085e-17, 0.4226182617407003, 0.9063077870366496
-6.982150666839085e-17, 0.4226182617407003, 0.9063077870366496
8.88178419700125e-16, 0.4226182617407011, 0.9063077870366493
-0.10286476764415066, 0.3340335191769515, 0.9369313996466211
-0.22142738646170504, 0.2214273864617078, 0.9497051253149454
-0.3340335191769488, 0.10286476764415345, 0.9369313996466215
-0.4226182617406998, 6.383782391594647e-16, 0.9063077870366497
-0.4226182617407003, 0.0, 0.9063077870366496
-0.4226182617407003, 0.0, 0.9063077870366496
-0.4226182617407003, 0.0, 0.9063077870366496
-0.4226182617407003, 0.0, 0.9063077870366496
-0.4226182617407003, 0.0, 0.9063077870366496
-0.42261826174070116, 1.1102230246251565e-15, 0.9063077870366492
-0.33403351917695073, -0.10286476764414954, 0.9369313996466214
-0.22142738646170793, -0.22142738646170107, 0.9497051253149463
-0.10286476764415271, -0.33403351917694407, 0.9369313996466234
1.1102230246251565e-16, -0.42261826174069383, 0.9063077870366526
6.982150666838977e-17, -0.42261826174069383, 0.9063077870366526
6.982150666838977e-17, -0.42261826174069383, 0.9063077870366526
6.982150666838977e-17, -0.42261826174069383, 0.9063077870366526
6.982150666838977e-17, -0.42261826174069383, 0.9063077870366526
6.982150666838977e-17, -0.42261826174069383, 0.9063077870366526
-4.163336342344337e-16, -0.42261826174069433, 0.9063077870366525
0.10286476764415022, -0.33403351917694485, 0.9369313996466233
0.22142738646170262, -0.22142738646170282, 0.9497051253149473
0.3340335191769446, -0.10286476764415042, 0.9369313996466235
0.4226182617406936, -3.3306690738754696e-16, 0.9063077870366528
0.4226182617406938, 0.0, 0.9063077870366526
0.4226182617406938, 0.0, 0.9063077870366526
0.4226182617406938, 0.0, 0.9063077870366526
0.4226182617406938, 0.0, 0.9063077870366526
0.4226182617406938, 0.0, 0.9063077870366526
0.42261826174069483, -1.27675647831893e-15, 0.9063077870366523
0.33403351917694385, 0.1028647676441529, 0.9369313996466233
0.22142738646170224, 0.22142738646170687, 0.9497051253149464
0.10286476764415005, 0.3340335191769503, 0.9369313996466215
1.1102230246251563e-16, 0.42261826174070016, 0.9063077870366496
-6.982150666839085e-17, 0.4226182617407003, 0.9063077870366496
-6.982150666839085e-17, 0.4226182617407003, 0.9063077870366496
-6.982150666839085e-17, 0.4226182617407003, 0.9063077870366496
-6.982150666839085e-17, 0.4226182617407003, 0.9063077870366496
-6.982150666839085e-17, 0.4226182617407003, 0.9063077870366496
8.88178419700125e-16, 0.4226182617407011, 0.9063077870366493
-0.10286476764415127, 0.33403351917695084, 0.9369313996466211
-0.22142738646170504, 0.2214273864617078, 0.9497051253149454
-0.3340335191769488, 0.10286476764415345, 0.9369313996466215
-0.4226182617406998, 6.383782391594647e-16, 0.9063077870366497
-0.4226182617407003, 0.0, 0.9063077870366496
-0.4226182617407003, 0.0, 0.9063077870366496
-0.4226182617407003, 0.0, 0.9063077870366496
-0.4226182617407003, 0.0, 0.9063077870366496
-0.4226182617407003, 0.0, 0.9063077870366496
-0.42261826174070116, 1.1102230246251565e-15, 0.9063077870366492
-0.33403351917695073, -0.10286476764414954, 0.9369313996466214
-0.22142738646170732, -0.22142738646170168, 0.9497051253149464
-0.10286476764415271, -0.33403351917694407, 0.9369313996466234
1.1102230246251565e-16, -0.42261826174069383, 0.9063077870366526
6.982150666838977e-17, -0.42261826174069383, 0.9063077870366526
6.982150666838977e-17, -0.42261826174069383, 0.9063077870366526
6.982150666838977e-17, -0.42261826174069383, 0.9063077870366526
6.982150666838977e-17, -0.42261826174069383, 0.9063077870366526
6.982150666838977e-17, -0.42261826174069383, 0.9063077870366526
-4.163336342344337e-16, -0.42261826174069433, 0.9063077870366525
0.10286476764415022, -0.33403351917694485, 0.9369313996466233
0.22142738646170262, -0.22142738646170282, 0.9497051253149473
0.334033519176944, -0.1028647676441511, 0.9369313996466236
0.42261826174069406, 2.775557561562891e-16, 0.9063077870366525
0.4226182617406938, 0.0, 0.9063077870366526
0.4226182617406938, 0.0, 0.9063077870366526
0.4226182617406938, 0.0, 0.9063077870366526
0.4226182617406938, 0.0, 0.9063077870366526
0.4226182617406938, 0.0, 0.9063077870366526
0.42261826174069483, -1.27675647831893e-15, 0.9063077870366523
0.33403351917694507, 0.10286476764415159, 0.9369313996466231
0.22142738646170224, 0.22142738646170687, 0.9497051253149464
0.10286476764415005, 0.3340335191769503, 0.9369313996466215
1.1102230246251563e-16, 0.42261826174070016, 0.9063077870366496
-6.982150666839085e-17, 0.4226182617407003, 0.9063077870366496
-6.982150666839085e-17, 0.4226182617407003, 0.9063077870366496
-6.982150666839085e-17, 0.4226182617407003, 0.9063077870366496
-6.982150666839085e-17, 0.4226182617407003, 0.9063077870366496
-6.982150666839085e-17, 0.4226182617407003, 0.9063077870366496
8.88178419700125e-16, 0.4226182617407011, 0.9063077870366493
-0.10286476764415127, 0.33403351917695084, 0.9369313996466211
-0.22142738646170504, 0.2214273864617078, 0.9497051253149454
-0.3340335191769488, 0.10286476764415345, 0.9369313996466215
-0.4226182617406998, 6.383782391594647e-16, 0.9063077870366497
-0.4226182617407003, 0.0, 0.9063077870366496
-0.4226182617407003, 0.0, 0.9063077870366496
-0.4226182617407003, 0.0, 0.9063077870366496
-0.4226182617407003, 0.0, 0.9063077870366496
-0.4226182617407003, 0.0, 0.9063077870366496
-0.42261826174070116, 1.1102230246251565e-15, 0.9063077870366492
-0.33403351917695073, -0.10286476764414954, 0.9369313996466214
-0.22142738646170793, -0.22142738646170107, 0.9497051253149463
-0.10286476764415271, -0.33403351917694407, 0.9369313996466234
7.494005416219805e-16, -0.4226182617406943, 0.9063077870366523
6.982150666838977e-17, -0.42261826174069383, 0.9063077870366526
6.982150666838977e-17, -0.42261826174069383, 0.9063077870366526
6.982150666838977e-17, -0.42261826174069383, 0.9063077870366526
6.982150666838977e-17, -0.42261826174069383, 0.9063077870366526
6.982150666838977e-17, -0.42261826174069383, 0.9063077870366526
-1.0824674490095274e-15, -0.4226182617406948, 0.906307787036652
0.10286476764415087, -0.33403351917694424, 0.9369313996466234
0.22142738646170262, -0.22142738646170282, 0.9497051253149473
0.334033519176944, -0.1028647676441511, 0.9369313996466236
0.422618261740693, -1.0547118733938987e-15, 0.906307787036653
0.4226182617406938, 0.0, 0.9063077870366526
0.4226182617406938, 0.0, 0.9063077870366526
0.4226182617406938, 0.0, 0.9063077870366526
0.4226182617406938, 0.0, 0.9063077870366526
0.4226182617406938, 0.0, 0.9063077870366526
0.42261826174069483, -1.27675647831893e-15, 0.9063077870366523
0.3340335191769445, 0.10286476764415223, 0.9369313996466233
0.22142738646170224, 0.22142738646170687, 0.9497051253149464
0.10286476764415071, 0.3340335191769496, 0.9369313996466215
1.1102230246251563e-16, 0.42261826174070016, 0.9063077870366496
-6.982150666839085e-17, 0.4226182617407003, 0.9063077870366496
-6.982150666839085e-17, 0.4226182617407003, 0.9063077870366496
-6.982150666839085e-17, 0.4226182617407003, 0.9063077870366496
-6.982150666839085e-17, 0.4226182617407003, 0.9063077870366496
-6.982150666839085e-17, 0.4226182617407003, 0.9063077870366496
8.88178419700125e-16, 0.4226182617407011, 0.9063077870366493
-0.10286476764415127, 0.33403351917695084, 0.9369313996466211
-0.22142738646170504, 0.2214273864617078, 0.9497051253149454
-0.3340335191769488, 0.10286476764415345, 0.9369313996466215
-0.4226182617406998, 6.383782391594647e-16, 0.9063077870366497
-0.4226182617407003, 0.0, 0.9063077870366496
-0.4226182617407003, 0.0, 0.9063077870366496
-0.4226182617407003, 0.0, 0.9063077870366496
-0.4226182617407003, 0.0, 0.9063077870366496
-0.4226182617407003, 0.0, 0.9063077870366496
-0.42261826174070116, 1.1102230246251565e-15, 0.9063077870366492
-0.33403351917695073, -0.10286476764414954, 0.9369313996466214
-0.22142738646170732, -0.22142738646170168, 0.9497051253149464
-0.10286476764415271, -0.33403351917694407, 0.9369313996466234
7.494005416219805e-16, -0.4226182617406943, 0.9063077870366523
6.982150666838977e-17, -0.42261826174069383, 0.9063077870366526
6.982150666838977e-17, -0.42261826174069383, 0.9063077870366526
6.982150666838977e-17, -0.42261826174069383, 0.9063077870366526
6.982150666838977e-17, -0.42261826174069383, 0.9063077870366526
6.982150666838977e-17, -0.42261826174069383, 0.9063077870366526
-4.163336342344337e-16, -0.42261826174069433, 0.9063077870366525
0.10286476764415087, -0.33403351917694424, 0.9369313996466234
0.22142738646170262, -0.22142738646170282, 0.9497051253149473
0.3340335191769446, -0.10286476764415042, 0.9369313996466235
0.42261826174069406, 2.775557561562891e-16, 0.9063077870366525
0.4226182617406938, 0.0, 0.9063077870366526
0.4226182617406938, 0.0, 0.9063077870366526
0.4226182617406938, 0.0, 0.9063077870366526
0.4226182617406938, 0.0, 0.9063077870366526
0.4226182617406938, 0.0, 0.9063077870366526
0.4226182617406943, -6.10622663543836e-16, 0.9063077870366524
0.33403351917694507, 0.10286476764415159, 0.9369313996466231
0.22142738646170224, 0.22142738646170687, 0.9497051253149464
0.10286476764415071, 0.3340335191769496, 0.9369313996466215
7.494005416219805e-16, 0.42261826174069966, 0.9063077870366498
-6.982150666839085e-17, 0.4226182617407003, 0.9063077870366496
-6.982150666839085e-17, 0.4226182617407003, 0.9063077870366496
-6.982150666839085e-17, 0.4226182617407003, 0.9063077870366496
-6.982150666839085e-17, 0.4226182617407003, 0.9063077870366496
-6.982150666839085e-17, 0.4226182617407003, 0.9063077870366496
8.88178419700125e-16, 0.4226182617407011, 0.9063077870366493
-0.10286476764415127, 0.33403351917695084, 0.9369313996466211
-0.22142738646170568, 0.22142738646170715, 0.9497051253149456
-0.3340335191769488, 0.10286476764415345, 0.9369313996466215
-0.4226182617406998, 6.383782391594647e-16, 0.9063077870366497
-0.4226182617407003, 0.0, 0.9063077870366496
-0.4226182617407003, 0.0, 0.9063077870366496
-0.4226182617407003, 0.0, 0.9063077870366496
-0.4226182617407003, 0.0, 0.9063077870366496
-0.4226182617407003, 0.0, 0.9063077870366496
-0.42261826174070116, 1.1102230246251565e-15, 0.9063077870366492
-0.33403351917695073, -0.10286476764414954, 0.9369313996466214
-0.22142738646170793, -0.22142738646170107, 0.9497051253149463
-0.10286476764415271, -0.33403351917694407, 0.9369313996466234
1.1102230246251565e-16, -0.42261826174069383, 0.9063077870366526
6.982150666838977e-17, -0.42261826174069383, 0.9063077870366526
6.982150666838977e-17, -0.42261826174069383, 0.9063077870366526
6.982150666838977e-17, -0.42261826174069383, 0.9063077870366526
6.982150666838977e-17, -0.42261826174069383, 0.9063077870366526
6.982150666838977e-17, -0.42261826174069383, 0.9063077870366526
-4.163336342344337e-16, -0.42261826174069433, 0.9063077870366525
0.10286476764415087, -0.33403351917694424, 0.9369313996466234
0.22142738646170262, -0.22142738646170282, 0.9497051253149473
0.334033519176944, -0.1028647676441511, 0.9369313996466236
0.4226182617406924, -1.7208456881689922e-15, 0.9063077870366532
0.4226182617406938, 0.0, 0.9063077870366526
0.4226182617406938, 0.0, 0.9063077870366526
0.4226182617406938, 0.0, 0.9063077870366526
0.4226182617406938, 0.0, 0.9063077870366526
0.4226182617406938, 0.0, 0.9063077870366526
0.42261826174069483, -1.27675647831893e-15, 0.9063077870366523
0.33403351917694507, 0.10286476764415159, 0.9369313996466231
0.22142738646170224, 0.22142738646170687, 0.9497051253149464
0.10286476764415071, 0.3340335191769496, 0.9369313996466215
1.1102230246251563e-16, 0.42261826174070016, 0.9063077870366496
-6.982150666839085e-17, 0.4226182617407003, 0.9063077870366496
-6.982150666839085e-17, 0.4226182617407003, 0.9063077870366496
-6.982150666839085e-17, 0.4226182617407003, 0.9063077870366496
-6.982150666839085e-17, 0.4226182617407003, 0.9063077870366496
-6.982150666839085e-17, 0.4226182617407003, 0.9063077870366496
8.88178419700125e-16, 0.4226182617407011, 0.9063077870366493
-0.10286476764415066, 0.3340335191769515, 0.9369313996466211
-0.22142738646170504, 0.2214273864617078, 0.9497051253149454
-0.3340335191769488, 0.10286476764415345, 0.9369313996466215
-0.4226182617406998, 6.383782391594647e-16, 0.9063077870366497
-0.4226182617407003, 0.0, 0.9063077870366496
-0.4226182617407003, 0.0, 0.9063077870366496
-0.4226182617407003, 0.0, 0.9063077870366496
-0.4226182617407003, 0.0, 0.9063077870366496
-0.4226182617407003, 0.0, 0.9063077870366496
-0.42261826174070116, 1.1102230246251565e-15, 0.9063077870366492
-0.33403351917695123, -0.10286476764414891, 0.9369313996466213
-0.22142738646170793, -0.22142738646170107, 0.9497051253149463
-0.10286476764415271, -0.33403351917694407, 0.9369313996466234
7.494005416219805e-16, -0.4226182617406943, 0.9063077870366523
6.982150666838977e-17, -0.42261826174069383, 0.9063077870366526
6.982150666838977e-17, -0.42261826174069383, 0.9063077870366526
6.982150666838977e-17, -0.42261826174069383, 0.9063077870366526
6.982150666838977e-17, -0.42261826174069383, 0.9063077870366526
6.982150666838977e-17, -0.42261826174069383, 0.9063077870366526
-4.163336342344337e-16, -0.42261826174069433, 0.9063077870366525
0.1028647676441496, -0.33403351917694546, 0.9369313996466233
0.22142738646170262, -0.22142738646170282, 0.9497051253149473
0.3340335191769446, -0.10286476764415042, 0.9369313996466235
0.422618261740693, -1.0547118733938987e-15, 0.906307787036653
0.4226182617406938, 0.0, 0.9063077870366526
0.4226182617406938, 0.0, 0.9063077870366526
0.4226182617406938, 0.0, 0.9063077870366526
0.4226182617406938, 0.0, 0.9063077870366526
0.4226182617406938, 0.0, 0.9063077870366526
0.42261826174069483, -1.27675647831893e-15, 0.9063077870366523
0.3340335191769445, 0.10286476764415223, 0.9369313996466233
0.2214273864617016, 0.22142738646170748, 0.9497051253149464
0.10286476764414937, 0.33403351917695084, 0.9369313996466213
1.1102230246251563e-16, 0.42261826174070016, 0.9063077870366496
-6.982150666839085e-17, 0.4226182617407003, 0.9063077870366496
-6.982150666839085e-17, 0.4226182617407003, 0.9063077870366496
-6.982150666839085e-17, 0.4226182617407003, 0.9063077870366496
-6.982150666839085e-17, 0.4226182617407003, 0.9063077870366496
-6.982150666839085e-17, 0.4226182617407003, 0.9063077870366496
8.88178419700125e-16, 0.4226182617407011, 0.9063077870366493
-0.10286476764415066, 0.3340335191769515, 0.9369313996466211
-0.22142738646170504, 0.2214273864617078, 0.9497051253149454
-0.3340335191769488, 0.10286476764415345, 0.9369313996466215
-0.4226182617406998, 6.383782391594647e-16, 0.9063077870366497
-0.4226182617407003, 0.0, 0.9063077870366496
-0.4226182617407003, 0.0, 0.9063077870366496
-0.4226182617407003, 0.0, 0.9063077870366496
-0.4226182617407003, 0.0, 0.9063077870366496
-0.4226182617407003, 0.0, 0.9063077870366496
-0.42261826174070116, 1.1102230246251565e-15, 0.9063077870366492
-0.33403351917695073, -0.10286476764414954, 0.9369313996466214
-0.22142738646170793, -0.22142738646170107, 0.9497051253149463
-0.10286476764415271, -0.33403351917694407, 0.9369313996466234
1.1102230246251565e-16, -0.42261826174069383, 0.9063077870366526
6.982150666838977e-17, -0.42261826174069383, 0.9063077870366526
6.982150666838977e-17, -0.42261826174069383, 0.9063077870366526
6.982150666838977e-17, -0.42261826174069383, 0.9063077870366526
6.982150666838977e-17, -0.42261826174069383, 0.9063077870366526
6.982150666838977e-17, -0.42261826174069383, 0.9063077870366526
-4.163336342344337e-16, -0.42261826174069433, 0.9063077870366525
0.10286476764415087, -0.33403351917694424, 0.9369313996466234
0.22142738646170262, -0.22142738646170282, 0.9497051253149473
0.3340335191769452, -0.10286476764414977, 0.9369313996466233
0.42261826174069406, 2.775557561562891e-16, 0.9063077870366525
0.4226182617406938, 0.0, 0.9063077870366526
0.4226182617406938, 0.0, 0.9063077870366526
0.4226182617406938, 0.0, 0.9063077870366526
0.4226182617406938, 0.0, 0.9063077870366526
0.4226182617406938, 0.0, 0.9063077870366526
0.42261826174069533, -1.9428902930940236e-15, 0.9063077870366518
0.3340335191769445, 0.10286476764415223, 0.9369313996466233
0.2214273864617016, 0.22142738646170748, 0.9497051253149464
0.10286476764415071, 0.3340335191769496, 0.9369313996466215
1.1102230246251563e-16, 0.42261826174070016, 0.9063077870366496
-6.982150666839085e-17, 0.4226182617407003, 0.9063077870366496
-6.982150666839085e-17, 0.4226182617407003, 0.9063077870366496
-6.982150666839085e-17, 0.4226182617407003, 0.9063077870366496
-6.982150666839085e-17, 0.4226182617407003, 0.9063077870366496
-6.982150666839085e-17, 0.4226182617407003, 0.9063077870366496
8.88178419700125e-16, 0.4226182617407011, 0.9063077870366493
-0.10286476764415127, 0.33403351917695084, 0.9369313996466211
-0.22142738646170568, 0.22142738646170715, 0.9497051253149456
-0.3340335191769488, 0.10286476764415345, 0.9369313996466215
-0.4226182617406998, 6.383782391594647e-16, 0.9063077870366497
-0.4226182617407003, 0.0, 0.9063077870366496
-0.4226182617407003, 0.0, 0.9063077870366496
-0.4226182617407003, 0.0, 0.9063077870366496
-0.4226182617407003, 0.0, 0.9063077870366496
-0.4226182617407003, 0.0, 0.9063077870366496
-0.42261826174070116, 1.1102230246251565e-15, 0.9063077870366492
-0.33403351917695073, -0.10286476764414954, 0.9369313996466214
-0.22142738646170793, -0.22142738646170107, 0.9497051253149463
-0.10286476764415209, -0.3340335191769447, 0.9369313996466233
1.1102230246251565e-16, -0.42261826174069383, 0.9063077870366526
6.982150666838977e-17, -0.42261826174069383, 0.9063077870366526
6.982150666838977e-17, -0.42261826174069383, 0.9063077870366526
6.982150666838977e-17, -0.42261826174069383, 0.9063077870366526
6.982150666838977e-17, -0.42261826174069383, 0.9063077870366526
6.982150666838977e-17, -0.42261826174069383, 0.9063077870366526
-4.163336342344337e-16, -0.42261826174069433, 0.9063077870366525
0.10286476764415087, -0.33403351917694424, 0.9369313996466234
0.22142738646170199, -0.22142738646170346, 0.9497051253149473
0.334033519176944, -0.1028647676441511, 0.9369313996466236
0.422618261740693, -1.0547118733938987e-15, 0.906307787036653
0.4226182617406938, 0.0, 0.9063077870366526
0.4226182617406938, 0.0, 0.9063077870366526
0.4226182617406938, 0.0, 0.9063077870366526
0.4226182617406938, 0.0, 0.9063077870366526
0.4226182617406938, 0.0, 0.9063077870366526
0.42261826174069483, -1.27675647831893e-15, 0.9063077870366523
0.3340335191769445, 0.10286476764415223, 0.9369313996466233
0.22142738646170224, 0.22142738646170687, 0.9497051253149464
0.10286476764415071, 0.3340335191769496, 0.9369313996466215
1.1102230246251563e-16, 0.42261826174070016, 0.9063077870366496
-6.982150666839085e-17, 0.4226182617407003, 0.9063077870366496
-6.982150666839085e-17, 0.4226182617407003, 0.9063077870366496
-6.982150666839085e-17, 0.4226182617407003, 0.9063077870366496
-6.982150666839085e-17, 0.4226182617407003, 0.9063077870366496
-6.982150666839085e-17, 0.4226182617407003, 0.9063077870366496
8.88178419700125e-16, 0.4226182617407011, 0.9063077870366493
-0.10286476764415127, 0.33403351917695084, 0.9369313996466211
-0.22142738646170504, 0.2214273864617078, 0.9497051253149454
-0.3340335191769488, 0.10286476764415345, 0.9369313996466215
-0.4226182617406998, 6.383782391594647e-16, 0.9063077870366497
-0.4226182617407003, 0.0, 0.9063077870366496
-0.4226182617407003, 0.0, 0.9063077870366496
-0.4226182617407003, 0.0, 0.9063077870366496
-0.4226182617407003, 0.0, 0.9063077870366496
-0.4226182617407003, 0.0, 0.9063077870366496
-0.42261826174070116, 1.1102230246251565e-15, 0.9063077870366492
-0.33403351917695073, -0.10286476764414954, 0.9369313996466214
-0.22142738646170793, -0.22142738646170107, 0.9497051253149463
-0.10286476764415271, -0.33403351917694407, 0.9369313996466234
1.1102230246251565e-16, -0.42261826174069383, 0.9063077870366526
6.982150666838977e-17, -0.42261826174069383, 0.9063077870366526
6.982150666838977e-17, -0.42261826174069383, 0.9063077870366526
6.982150666838977e-17, -0.42261826174069383, 0.9063077870366526
6.982150666838977e-17, -0.42261826174069383, 0.9063077870366526
6.982150666838977e-17, -0.42261826174069383, 0.9063077870366526
-4.163336342344337e-16, -0.42261826174069433, 0.9063077870366525
0.10286476764415087, -0.33403351917694424, 0.9369313996466234
0.22142738646170262, -0.22142738646170282, 0.9497051253149473
0.3340335191769446, -0.10286476764415042, 0.9369313996466235
0.422618261740693, -1.0547118733938987e-15, 0.906307787036653
0.4226182617406938, 0.0, 0.9063077870366526
0.4226182617406938, 0.0, 0.9063077870366526
0.4226182617406938, 0.0, 0.9063077870366526
0.4226182617406938, 0.0, 0.9063077870366526
0.4226182617406938, 0.0, 0.9063077870366526
0.42261826174069483, -1.27675647831893e-15, 0.9063077870366523
0.33403351917694507, 0.10286476764415159, 0.9369313996466231
0.22142738646170224, 0.22142738646170687, 0.9497051253149464
0.10286476764414937, 0.33403351917695084, 0.9369313996466213
1.1102230246251563e-16, 0.42261826174070016, 0.9063077870366496
-6.982150666839085e-17, 0.4226182617407003, 0.9063077870366496
-6.982150666839085e-17, 0.4226182617407003, 0.9063077870366496
-6.982150666839085e-17, 0.4226182617407003, 0.9063077870366496
-6.982150666839085e-17, 0.4226182617407003, 0.9063077870366496
-6.982150666839085e-17, 0.4226182617407003, 0.9063077870366496
8.88178419700125e-16, 0.4226182617407011, 0.9063077870366493
-0.10286476764415127, 0.33403351917695084, 0.9369313996466211
-0.22142738646170568, 0.22142738646170715, 0.9497051253149456
-0.3340335191769488, 0.10286476764415345, 0.9369313996466215
-0.4226182617406998, 6.383782391594647e-16, 0.9063077870366497
-0.4226182617407003, 0.0, 0.9063077870366496
-0.4226182617407003, 0.0, 0.9063077870366496
-0.4226182617407003, 0.0, 0.9063077870366496
-0.4226182617407003, 0.0, 0.9063077870366496
-0.4226182617407003, 0.0, 0.9063077870366496
-0.42261826174070116, 1.1102230246251565e-15, 0.9063077870366492
-0.33403351917695073, -0.10286476764414954, 0.9369313996466214
-0.22142738646170793, -0.22142738646170107, 0.9497051253149463
-0.10286476764415271, -0.33403351917694407, 0.9369313996466234
7.494005416219805e-16, -0.4226182617406943, 0.9063077870366523
6.982150666838977e-17, -0.42261826174069383, 0.9063077870366526
6.982150666838977e-17, -0.42261826174069383, 0.9063077870366526
6.982150666838977e-17, -0.42261826174069383, 0.9063077870366526
6.982150666838977e-17, -0.42261826174069383, 0.9063077870366526
6.982150666838977e-17, -0.42261826174069383, 0.9063077870366526
-4.163336342344337e-16, -0.42261826174069433, 0.9063077870366525
0.10286476764415087, -0.33403351917694424, 0.9369313996466234
0.22142738646170199, -0.22142738646170346, 0.9497051253149473
0.334033519176944, -0.1028647676441511, 0.9369313996466236
0.422618261740693, -1.0547118733938987e-15, 0.906307787036653
0.4226182617406938, 0.0, 0.9063077870366526
0.4226182617406938, 0.0, 0.9063077870366526
0.4226182617406938, 0.0, 0.9063077870366526
0.4226182617406938, 0.0, 0.9063077870366526
0.4226182617406938, 0.0, 0.9063077870366526
0.42261826174069483, -1.27675647831893e-15, 0.9063077870366523
0.3340335191769445, 0.10286476764415223, 0.9369313996466233
0.22142738646170224, 0.22142738646170687, 0.9497051253149464
0.10286476764415071, 0.3340335191769496, 0.9369313996466215
1.1102230246251563e-16, 0.42261826174070016, 0.9063077870366496
-6.982150666839085e-17, 0.4226182617407003, 0.9063077870366496
-6.982150666839085e-17, 0.4226182617407003, 0.9063077870366496
-6.982150666839085e-17, 0.4226182617407003, 0.9063077870366496
-6.982150666839085e-17, 0.4226182617407003, 0.9063077870366496
-6.982150666839085e-17, 0.4226182617407003, 0.9063077870366496
8.88178419700125e-16, 0.4226182617407011, 0.9063077870366493
-0.10286476764415066, 0.3340335191769515, 0.9369313996466211
-0.22142738646170568, 0.22142738646170715, 0.9497051253149456
-0.3340335191769488, 0.10286476764415345, 0.9369313996466215
-0.4226182617406998, 6.383782391594647e-16, 0.9063077870366497
-0.4226182617407003, 0.0, 0.9063077870366496
-0.4226182617407003, 0.0, 0.9063077870366496
-0.4226182617407003, 0.0, 0.9063077870366496
-0.4226182617407003, 0.0, 0.9063077870366496
-0.4226182617407003, 0.0, 0.9063077870366496
-0.42261826174070116, 1.1102230246251565e-15, 0.9063077870366492
-0.33403351917695073, -0.10286476764414954, 0.9369313996466214
-0.22142738646170793, -0.22142738646170107, 0.9497051253149463
-0.10286476764415271, -0.33403351917694407, 0.9369313996466234
7.494005416219805e-16, -0.4226182617406943, 0.9063077870366523
6.982150666838977e-17, -0.42261826174069383, 0.9063077870366526
6.982150666838977e-17, -0.42261826174069383, 0.9063077870366526
6.982150666838977e-17, -0.42261826174069383, 0.9063077870366526
6.982150666838977e-17, -0.42261826174069383, 0.9063077870366526
6.982150666838977e-17, -0.42261826174069383, 0.9063077870366526
-4.163336342344337e-16, -0.42261826174069433, 0.9063077870366525
0.10286476764415087, -0.33403351917694424, 0.9369313996466234
0.22142738646170262, -0.22142738646170282, 0.9497051253149473
0.3340335191769452, -0.10286476764414977, 0.9369313996466233
0.42261826174069406, 2.775557561562891e-16, 0.9063077870366525
0.4226182617406938, 0.0, 0.9063077870366526
0.4226182617406938, 0.0, 0.9063077870366526
0.4226182617406938, 0.0, 0.9063077870366526
0.4226182617406938, 0.0, 0.9063077870366526
0.4226182617406938, 0.0, 0.9063077870366526
0.42261826174069483, -1.27675647831893e-15, 0.9063077870366523
0.33403351917694507, 0.10286476764415159, 0.9369313996466231
0.22142738646170285, 0.22142738646170623, 0.9497051253149464
0.10286476764415071, 0.3340335191769496, 0.9369313996466215
1.1102230246251563e-16, 0.42261826174070016, 0.9063077870366496
-6.982150666839085e-17, 0.4226182617407003, 0.9063077870366496
-6.982150666839085e-17, 0.4226182617407003, 0.9063077870366496
-6.982150666839085e-17, 0.4226182617407003, 0.9063077870366496
-6.982150666839085e-17, 0.4226182617407003, 0.9063077870366496
-6.982150666839085e-17, 0.4226182617407003, 0.9063077870366496
8.88178419700125e-16, 0.4226182617407011, 0.9063077870366493
-0.10286476764415066, 0.3340335191769515, 0.9369313996466211
-0.22142738646170504, 0.2214273864617078, 0.9497051253149454
-0.3340335191769488, 0.10286476764415345, 0.9369313996466215
-0.4226182617406998, 6.383782391594647e-16, 0.9063077870366497
-0.4226182617407003, 0.0, 0.9063077870366496
-0.4226182617407003, 0.0, 0.9063077870366496
-0.4226182617407003, 0.0, 0.9063077870366496
-0.4226182617407003, 0.0, 0.9063077870366496
-0.4226182617407003, 0.0, 0.9063077870366496
-0.42261826174070116, 1.1102230246251565e-15, 0.9063077870366492
-0.33403351917695073, -0.10286476764414954, 0.9369313996466214
-0.22142738646170732, -0.22142738646170168, 0.9497051253149464
-0.10286476764415271, -0.33403351917694407, 0.9369313996466234
1.1102230246251565e-16, -0.42261826174069383, 0.9063077870366526
6.982150666838977e-17, -0.42261826174069383, 0.9063077870366526
6.982150666838977e-17, -0.42261826174069383, 0.9063077870366526
6.982150666838977e-17, -0.42261826174069383, 0.9063077870366526
6.982150666838977e-17, -0.42261826174069383, 0.9063077870366526
6.982150666838977e-17, -0.42261826174069383, 0.9063077870366526
-4.163336342344337e-16, -0.42261826174069433, 0.9063077870366525
0.10286476764415087, -0.33403351917694424, 0.9369313996466234
0.22142738646170262, -0.22142738646170282, 0.9497051253149473
0.3340335191769452, -0.10286476764414977, 0.9369313996466233
0.42261826174069406, 2.775557561562891e-16, 0.9063077870366525
0.4226182617406938, 0.0, 0.9063077870366526
0.4226182617406938, 0.0, 0.9063077870366526
0.4226182617406938, 0.0, 0.9063077870366526
0.4226182617406938, 0.0, 0.9063077870366526
0.4226182617406938, 0.0, 0.9063077870366526
0.42261826174069533, -1.9428902930940236e-15, 0.9063077870366518
0.3340335191769445, 0.10286476764415223, 0.9369313996466233
0.2214273864617016, 0.22142738646170748, 0.9497051253149464
0.10286476764414937, 0.33403351917695084, 0.9369313996466213
1.1102230246251563e-16, 0.42261826174070016, 0.9063077870366496
-6.982150666839085e-17, 0.4226182617407003, 0.9063077870366496
-6.982150666839085e-17, 0.4226182617407003, 0.9063077870366496
-6.982150666839085e-17, 0.4226182617407003, 0.9063077870366496
-6.982150666839085e-17, 0.4226182617407003, 0.9063077870366496
-6.982150666839085e-17, 0.4226182617407003, 0.9063077870366496
8.88178419700125e-16, 0.4226182617407011, 0.9063077870366493
-0.10286476764415066, 0.3340335191769515, 0.9369313996466211
-0.22142738646170504, 0.2214273864617078, 0.9497051253149454
-0.3340335191769488, 0.10286476764415345, 0.9369313996466215
-0.4226182617406998, 6.383782391594647e-16, 0.9063077870366497
-0.4226182617407003, 0.0, 0.9063077870366496
-0.4226182617407003, 0.0, 0.9063077870366496
-0.4226182617407003, 0.0, 0.9063077870366496
-0.4226182617407003, 0.0, 0.9063077870366496
-0.4226182617407003, 0.0, 0.9063077870366496
-0.42261826174070116, 1.1102230246251565e-15, 0.9063077870366492
-0.33403351917695073, -0.10286476764414954, 0.9369313996466214
-0.22142738646170793, -0.22142738646170107, 0.9497051253149463
-0.10286476764415271, -0.33403351917694407, 0.9369313996466234
7.494005416219805e-16, -0.4226182617406943, 0.9063077870366523
6.982150666838977e-17, -0.42261826174069383, 0.9063077870366526
6.982150666838977e-17, -0.42261826174069383, 0.9063077870366526
6.982150666838977e-17, -0.42261826174069383, 0.9063077870366526
6.982150666838977e-17, -0.42261826174069383, 0.9063077870366526
6.982150666838977e-17, -0.42261826174069383, 0.9063077870366526
-4.163336342344337e-16, -0.42261826174069433, 0.9063077870366525
0.10286476764415087, -0.33403351917694424, 0.9369313996466234
0.22142738646170262, -0.22142738646170282, 0.9497051253149473
0.3340335191769452, -0.10286476764414977, 0.9369313996466233
0.42261826174069406, 2.775557561562891e-16, 0.9063077870366525
0.4226182617406938, 0.0, 0.9063077870366526
0.4226182617406938, 0.0, 0.9063077870366526
0.4226182617406938, 0.0, 0.9063077870366526
0.4226182617406938, 0.0, 0.9063077870366526
0.4226182617406938, 0.0, 0.9063077870366526
0.42261826174069483, -1.27675647831893e-15, 0.9063077870366523
0.3340335191769445, 0.10286476764415223, 0.9369313996466233
0.2214273864617016, 0.22142738646170748, 0.9497051253149464
0.10286476764414937, 0.33403351917695084, 0.9369313996466213
1.1102230246251563e-16, 0.42261826174070016, 0.9063077870366496
-6.982150666839085e-17, 0.4226182617407003, 0.9063077870366496
-6.982150666839085e-17, 0.4226182617407003, 0.9063077870366496
-6.982150666839085e-17, 0.4226182617407003, 0.9063077870366496
-6.982150666839085e-17, 0.4226182617407003, 0.9063077870366496
-6.982150666839085e-17, 0.4226182617407003, 0.9063077870366496
8.88178419700125e-16, 0.4226182617407011, 0.9063077870366493
-0.10286476764415127, 0.33403351917695084, 0.9369313996466211
-0.22142738646170568, 0.22142738646170715, 0.9497051253149456
-0.3340335191769488, 0.10286476764415345, 0.9369313996466215
-0.4226182617406998, 6.383782391594647e-16, 0.9063077870366497
-0.4226182617407003, 0.0, 0.9063077870366496
-0.4226182617407003, 0.0, 0.9063077870366496
-0.4226182617407003, 0.0, 0.9063077870366496
-0.4226182617407003, 0.0, 0.9063077870366496
-0.4226182617407003, 0.0, 0.9063077870366496
-0.42261826174070116, 1.1102230246251565e-15, 0.9063077870366492
-0.33403351917695123, -0.10286476764414891, 0.9369313996466213
-0.22142738646170793, -0.22142738646170107, 0.9497051253149463
-0.10286476764415271, -0.33403351917694407, 0.9369313996466234
1.1102230246251565e-16, -0.42261826174069383, 0.9063077870366526
-0.016773009078765055, -0.4087327231584214, 0.912499987499148
-0.09235639803700461, -0.3434615496429193, 0.9346146048818813
-0.1772516473048591, -0.2647546037277878, 0.9478854642480049
-0.26475460370817455, -0.17725164732525045, 0.94788546424967
-0.34346154962625186, -0.09235639805567278, 0.9346146048861617
-0.4087327231584176, -0.016773009078776935, 0.9124999874991493
-0.016773009078763054, -0.40873272315842135, 0.9124999874991477
-0.013419761734942096, -0.40885655529663745, 0.9124999874991478
-0.010065611452364905, -0.40895287782352757, 0.9124999874991478
-0.006710783912556157, -0.4090216842581014, 0.912499987499148
-0.0033555048426088404, -0.409062969970769, 0.9124999874991478
3.5912080764845555e-15, -0.40907673218365154, 0.9124999874991478
6.758428674236756e-17, -0.4090767321836526, 0.9124999874991474
6.758428674236756e-17, -0.4090767321836526, 0.9124999874991474
6.758428674236756e-17, -0.4090767321836526, 0.9124999874991474
6.758428674236756e-17, -0.4090767321836526, 0.9124999874991474
6.758428674236756e-17, -0.4090767321836526, 0.9124999874991474
0.016773009078762585, -0.40873272315842346, 0.9124999874991471
0.0923563980556604, -0.3434615496262576, 0.9346146048861608
0.1772516473252421, -0.26475460370817844, 0.9478854642496707
0.26475460372778353, -0.1772516473048607, 0.947885464248006
0.34346154964291875, -0.09235639803700374, 0.9346146048818815
0.4087327231584216, -0.016773009078764695, 0.9124999874991478
0.40873272315842135, -0.016773009078765666, 0.9124999874991478
0.40885655529663745, -0.013419761734944524, 0.9124999874991478
0.4089528778235274, -0.010065611452367618, 0.9124999874991478
0.40902168425810137, -0.00671078391255886, 0.9124999874991478
0.40906296997076913, -0.0033555048426112686, 0.9124999874991478
0.40907673218365176, 6.66133814775094e-16, 0.9124999874991477
0.40907673218365187, 0.0, 0.9124999874991477
0.40907673218365187, 0.0, 0.9124999874991477
0.40907673218365187, 0.0, 0.9124999874991477
0.40907673218365187, 0.0, 0.9124999874991477
0.40907673218365187, 0.0, 0.9124999874991477
0.40873272315842135, 0.016773009078765135, 0.9124999874991477
0.34346154962625725, 0.09235639805566231, 0.9346146048861607
0.2647546037081805, 0.17725164732524282, 0.9478854642496699
0.17725164730486553, 0.26475460372778314, 0.9478854642480051
0.09235639803701123, 0.3434615496429174, 0.9346146048818812
0.01677300907877152, 0.4087327231584221, 0.9124999874991474
0.016773009078774288, 0.4087327231584209, 0.9124999874991478
0.013419761734951914, 0.40885655529663717, 0.9124999874991478
0.0100656114523733, 0.4089528778235274, 0.9124999874991477
0.006710783912563138, 0.40902168425810137, 0.9124999874991478
0.0033555048426142, 0.40906296997076885, 0.912499987499148
-2.5849020866398586e-16, 0.40907673218365154, 0.9124999874991478
-6.758428674236743e-17, 0.4090767321836518, 0.9124999874991477
-6.758428674236743e-17, 0.4090767321836518, 0.9124999874991477
-6.758428674236743e-17, 0.4090767321836518, 0.9124999874991477
-6.758428674236743e-17, 0.4090767321836518, 0.9124999874991477
-6.758428674236743e-17, 0.4090767321836518, 0.9124999874991477
-0.01677300907877338, 0.4087327231584209, 0.912499987499148
-0.09235639805566928, 0.34346154962625647, 0.9346146048861601
-0.1772516473252477, 0.2647546037081802, 0.947885464249669
-0.264754603727786, 0.1772516473048657, 0.9478854642480044
-0.34346154964291886, 0.09235639803701128, 0.9346146048818806
-0.4087327231584207, 0.016773009078773573, 0.912499987499148
-0.4087327231584211, 0.01677300907877277, 0.9124999874991478
-0.40885655529663734, 0.01341976173495052, 0.9124999874991477
-0.4089528778235275, 0.01006561145237206, 0.9124999874991478
-0.40902168425810137, 0.0067107839125619675, 0.9124999874991477
-0.4090629699707691, 0.0033555048426132665, 0.9124999874991478
-0.4090767321836517, -4.440892098500626e-16, 0.9124999874991478
-0.40907673218365215, -0.0, 0.9124999874991476
-0.40907673218365215, -0.0, 0.9124999874991476
-0.40907673218365215, -0.0, 0.9124999874991476
-0.40907673218365215, -0.0, 0.9124999874991476
-0.40907673218365215, -0.0, 0.9124999874991476
-0.3759019045506528, -0.055432673413478524, 0.9249999874991495
-0.3199482870117611, -0.11838537541721386, 0.94000957257124
-0.2557552966517025, -0.1865692038543133, 0.9485679524460899
-0.18656920385369746, -0.2557552966522986, 0.9485679524460504
-0.11838537541662872, -0.31994828701229244, 0.9400095725711328
-0.05543267341346658, -0.3759019045506581, 0.9249999874991481
-0.055432673413465146, -0.37590190455065886, 0.9249999874991477
-0.04440327885593005, -0.3773637130851599, 0.9249999874991477
-0.033335813762525666, -0.3785019770719391, 0.9249999874991478
-0.022239767169595144, -0.3793157205848694, 0.9249999874991477
-0.011124652618721436, -0.37980424593557316, 0.9249999874991478
3.64040270834322e-15, -0.3799671342716058, 0.9249999874991477
6.277503884957979e-17, -0.3799671342716066, 0.9249999874991475
6.277503884957979e-17, -0.3799671342716066, 0.9249999874991475
6.277503884957979e-17, -0.3799671342716066, 0.9249999874991475
6.277503884957979e-17, -0.3799671342716066, 0.9249999874991475
6.277503884957979e-17, -0.3799671342716066, 0.9249999874991475
0.05543267341346318, -0.37590190455066025, 0.9249999874991472
0.11838537541720037, -0.3199482870117684, 0.9400095725712392
0.18656920385430378, -0.25575529665170765, 0.9485679524460904
0.25575529665229413, -0.18656920385369893, 0.9485679524460511
0.3199482870122917, -0.11838537541662757, 0.9400095725711333
0.3759019045506594, -0.05543267341346399, 0.9249999874991475
0.3759019045506586, -0.05543267341346558, 0.9249999874991478
0.3773637130851599, -0.04440327885593122, 0.9249999874991478
0.3785019770719389, -0.033335813762527255, 0.9249999874991479
0.3793157205848692, -0.02223976716959708, 0.9249999874991478
0.37980424593557294, -0.011124652618724086, 0.9249999874991478
0.3799671342716058, 6.661338147750939e-16, 0.9249999874991478
0.3799671342716067, 0.0, 0.9249999874991475
0.3799671342716067, 0.0, 0.9249999874991475
0.3799671342716067, 0.0, 0.9249999874991475
0.3799671342716067, 0.0, 0.9249999874991475
0.3799671342716067, 0.0, 0.9249999874991475
0.375901904550658, 0.05543267341346675, 0.9249999874991481
0.31994828701176764, 0.11838537541720315, 0.940009572571239
0.2557552966517086, 0.18656920385430587, 0.9485679524460897
0.18656920385370435, 0.2557552966522931, 0.9485679524460504
0.11838537541663555, 0.3199482870122895, 0.9400095725711329
0.055432673413473174, 0.3759019045506574, 0.9249999874991479
0.055432673413474944, 0.3759019045506574, 0.9249999874991478
0.044403278855938796, 0.37736371308515904, 0.9249999874991477
0.03333581376253317, 0.37850197707193833, 0.9249999874991478
0.022239767169601608, 0.37931572058486895, 0.9249999874991477
0.011124652618726662, 0.3798042459355728, 0.9249999874991478
-2.6203117047501582e-16, 0.3799671342716058, 0.9249999874991477
-6.27750388495798e-17, 0.3799671342716066, 0.9249999874991475
-6.27750388495798e-17, 0.3799671342716066, 0.9249999874991475
-6.27750388495798e-17, 0.3799671342716066, 0.9249999874991475
-6.27750388495798e-17, 0.3799671342716066, 0.9249999874991475
-6.27750388495798e-17, 0.3799671342716066, 0.9249999874991475
-0.05543267341347463, 0.3759019045506571, 0.9249999874991478
-0.11838537541721052, 0.31994828701176614, 0.9400095725712386
-0.1865692038543107, 0.25575529665170826, 0.9485679524460889
-0.2557552966522966, 0.18656920385370393, 0.9485679524460495
-0.31994828701229056, 0.11838537541663643, 0.9400095725711323
-0.3759019045506574, 0.055432673413474215, 0.9249999874991477
-0.3759019045506573, 0.055432673413474694, 0.9249999874991479
-0.377363713085159, 0.04440327885593853, 0.9249999874991479
-0.3785019770719385, 0.03333581376253281, 0.9249999874991477
-0.37931572058486906, 0.022239767169600858, 0.9249999874991478
-0.37980424593557277, 0.011124652618725863, 0.9249999874991479
-0.37996713427160567, -6.661338147750939e-16, 0.9249999874991478
-0.3799671342716061, -0.0, 0.9249999874991476
-0.3799671342716061, -0.0, 0.9249999874991476
-0.3799671342716061, -0.0, 0.9249999874991476
-0.3799671342716061, -0.0, 0.9249999874991476
-0.3799671342716061, -0.0, 0.9249999874991476
-0.3315813665628106, -0.10558205712825709, 0.937499987499149
-0.2898996805150019, -0.15080796428445528, 0.9451005941939081
-0.24482053889456187, -0.19778927425012638, 0.9491798073742322
-0.19778927425011708, -0.24482053889457023, 0.9491798073742321
-0.15080796428444507, -0.2898996805150093, 0.9451005941939076
-0.10558205712824732, -0.3315813665628158, 0.9374999874991483
-0.10558205712824575, -0.33158136656281756, 0.9374999874991479
-0.08495116125039505, -0.337456772996642, 0.9374999874991478
-0.06399745241447774, -0.3420498494716149, 0.9374999874991478
-0.042800554355263656, -0.34534314237578234, 0.9374999874991478
-0.021441014922407187, -0.3473241372525019, 0.9374999874991478
3.6895973402018856e-15, -0.34798530635516456, 0.9374999874991478
5.749126478374176e-17, -0.3479853063551664, 0.9374999874991471
5.749126478374176e-17, -0.3479853063551664, 0.9374999874991471
5.749126478374176e-17, -0.3479853063551664, 0.9374999874991471
5.749126478374176e-17, -0.3479853063551664, 0.9374999874991471
5.749126478374176e-17, -0.3479853063551664, 0.9374999874991471
-1.098239389651926e-15, -0.34798530635516456, 0.9374999874991478
0.02144101492240749, -0.34732413725250194, 0.9374999874991478
0.04280055435526229, -0.34534314237578245, 0.9374999874991478
0.06399745241447469, -0.34204984947161543, 0.9374999874991476
0.08495116125039011, -0.3374567729966431, 0.9374999874991478
0.10558205712823954, -0.33158136656281956, 0.9374999874991478
0.1055820571282396, -0.3315813665628213, 0.9374999874991472
0.15080796428444154, -0.2898996805150103, 0.9451005941939079
0.19778927425011697, -0.24482053889456717, 0.9491798073742329
0.2448205388945657, -0.1977892742501185, 0.949179807374233
0.28989968051500886, -0.15080796428444304, 0.9451005941939081
0.3315813665628193, -0.10558205712824174, 0.9374999874991478
0.33158136656281867, -0.10558205712824198, 0.9374999874991479
0.3374567729966427, -0.08495116125039236, 0.9374999874991478
0.34204984947161504, -0.0639974524144764, 0.9374999874991479
0.3453431423757823, -0.042800554355263865, 0.9374999874991478
0.34732413725250194, -0.021441014922408682, 0.9374999874991478
0.3479853063551645, 4.440892098500627e-16, 0.9374999874991479
0.3479853063551656, 0.0, 0.9374999874991474
0.3479853063551656, 0.0, 0.9374999874991474
0.3479853063551656, 0.0, 0.9374999874991474
0.3479853063551656, 0.0, 0.9374999874991474
0.3479853063551656, 0.0, 0.9374999874991474
0.3479853063551645, -4.440892098500627e-16, 0.9374999874991479
0.34732413725250194, 0.021441014922409792, 0.9374999874991478
0.34534314237578206, 0.04280055435526586, 0.9374999874991478
0.3420498494716147, 0.06399745241447952, 0.9374999874991478
0.33745677299664156, 0.08495116125039617, 0.9374999874991479
0.33158136656281706, 0.10558205712824709, 0.9374999874991478
0.3315813665628163, 0.10558205712824681, 0.9374999874991481
0.2898996805150079, 0.1508079642844465, 0.9451005941939078
0.24482053889456695, 0.19778927425012036, 0.9491798073742321
0.1977892742501231, 0.24482053889456515, 0.9491798073742321
0.15080796428445067, 0.2898996805150063, 0.9451005941939076
0.10558205712825174, 0.33158136656281545, 0.9374999874991479
0.10558205712825344, 0.3315813665628152, 0.9374999874991478
0.08495116125040166, 0.33745677299664023, 0.9374999874991479
0.06399745241448349, 0.3420498494716139, 0.9374999874991478
0.04280055435526854, 0.3453431423757818, 0.9374999874991478
0.02144101492241082, 0.3473241372525018, 0.9374999874991478
-2.655721322860458e-16, 0.34798530635516456, 0.9374999874991478
-5.749126478374149e-17, 0.3479853063551647, 0.9374999874991478
-5.749126478374149e-17, 0.3479853063551647, 0.9374999874991478
-5.749126478374149e-17, 0.3479853063551647, 0.9374999874991478
-5.749126478374149e-17, 0.3479853063551647, 0.9374999874991478
-5.749126478374149e-17, 0.3479853063551647, 0.9374999874991478
1.5076149639689432e-16, 0.34798530635516456, 0.9374999874991478
-0.021441014922411555, 0.3473241372525018, 0.9374999874991478
-0.042800554355269485, 0.34534314237578173, 0.9374999874991476
-0.06399745241448465, 0.3420498494716136, 0.9374999874991478
-0.08495116125040325, 0.33745677299663995, 0.9374999874991478
-0.10558205712825504, 0.33158136656281473, 0.9374999874991478
-0.10558205712825366, 0.33158136656281556, 0.9374999874991476
-0.15080796428445165, 0.289899680515008, 0.945100594193907
-0.19778927425012383, 0.24482053889456773, 0.9491798073742312
-0.24482053889456812, 0.19778927425012344, 0.9491798073742312
-0.2898996805150083, 0.15080796428445123, 0.9451005941939069
-0.3315813665628152, 0.10558205712825389, 0.9374999874991476
-0.33158136656281506, 0.10558205712825396, 0.9374999874991478
-0.3374567729966403, 0.08495116125040211, 0.9374999874991478
-0.3420498494716137, 0.06399745241448396, 0.9374999874991478
-0.3453431423757819, 0.04280055435526898, 0.9374999874991478
-0.34732413725250183, 0.021441014922411128, 0.9374999874991478
-0.3479853063551646, -6.661338147750939e-16, 0.9374999874991478
-0.34798530635516506, -0.0, 0.9374999874991476
-0.34798530635516506, -0.0, 0.9374999874991476
-0.34798530635516506, -0.0, 0.9374999874991476
-0.34798530635516506, -0.0, 0.9374999874991476
-0.34798530635516506, -0.0, 0.9374999874991476
-0.3479853063551646, 8.881784197001252e-16, 0.9374999874991478
-0.34732413725250183, -0.02144101492241224, 0.9374999874991478
-0.3453431423757813, -0.042800554355271414, 0.9374999874991479
-0.3420498494716132, -0.06399745241448773, 0.9374999874991476
-0.3374567729966388, -0.08495116125040746, 0.9374999874991476
-0.3315813665628129, -0.1055820571282604, 0.9374999874991476
5.158736168945536e-17, -0.31224993795294853, 0.9499999874991473
5.158736168945536e-17, -0.31224993795294853, 0.9499999874991473
5.158736168945536e-17, -0.31224993795294853, 0.9499999874991473
5.158736168945536e-17, -0.31224993795294853, 0.9499999874991473
5.158736168945536e-17, -0.31224993795294853, 0.9499999874991473
-1.1128825817092074e-15, -0.31224993795294687, 0.9499999874991477
0.09649053731998271, -0.29696733820290766, 0.9499999874991477
0.1835359085579815, -0.25261550629645724, 0.9499999874991477
0.2526155062964565, -0.1835359085579822, 0.9499999874991478
0.2969673382029075, -0.09649053731998355, 0.9499999874991477
0.312249937952947, 4.440892098500626e-16, 0.9499999874991477
0.3122499379529477, 0.0, 0.9499999874991475
0.3122499379529477, 0.0, 0.9499999874991475
0.3122499379529477, 0.0, 0.9499999874991475
0.3122499379529477, 0.0, 0.9499999874991475
0.3122499379529477, 0.0, 0.9499999874991475
0.312249937952947, -4.440892098500626e-16, 0.9499999874991477
0.2969673382029075, 0.09649053731998336, 0.9499999874991477
0.25261550629645674, 0.18353590855798216, 0.9499999874991477
0.18353590855798152, 0.25261550629645707, 0.9499999874991478
0.09649053731998271, 0.29696733820290766, 0.9499999874991477
-4.800554660001088e-16, 0.31224993795294687, 0.9499999874991477
-5.158736168945522e-17, 0.31224993795294764, 0.9499999874991475
-5.158736168945522e-17, 0.31224993795294764, 0.9499999874991475
-5.158736168945522e-17, 0.31224993795294764, 0.9499999874991475
-5.158736168945522e-17, 0.31224993795294764, 0.9499999874991475
-5.158736168945522e-17, 0.31224993795294764, 0.9499999874991475
3.63714021612023e-16, 0.31224993795294687, 0.9499999874991477
-0.09649053731998324, 0.2969673382029077, 0.9499999874991477
-0.1835359085579818, 0.252615506296457, 0.9499999874991477
-0.25261550629645685, 0.18353590855798183, 0.9499999874991478
-0.2969673382029074, 0.09649053731998317, 0.9499999874991477
-0.31224993795294687, -4.440892098500626e-16, 0.9499999874991477
-0.31224993795294714, -0.0, 0.9499999874991476
-0.31224993795294714, -0.0, 0.9499999874991476
-0.31224993795294714, -0.0, 0.9499999874991476
-0.31224993795294714, -0.0, 0.9499999874991476
-0.31224993795294714, -0.0, 0.9499999874991476
-0.31224993795294687, 8.881784197001252e-16, 0.9499999874991477
-0.2969673382029074, -0.09649053731998336, 0.9499999874991477
-0.2526155062964564, -0.18353590855798266, 0.9499999874991477
-0.1835359085579805, -0.2526155062964579, 0.9499999874991476
-0.0964905373199807, -0.2969673382029083, 0.9499999874991478
3.73879197206055e-15, -0.31224993795294687, 0.9499999874991477
4.481893106154375e-17, -0.2712817245303142, 0.9624999874991473
4.481893106154375e-17, -0.2712817245303142, 0.9624999874991473
4.481893106154375e-17, -0.2712817245303142, 0.9624999874991473
4.481893106154375e-17, -0.2712817245303142, 0.9624999874991473
4.481893106154375e-17, -0.2712817245303142, 0.9624999874991473
-1.127525773766489e-15, -0.27128172453031296, 0.9624999874991477
0.08383066314320897, -0.25800425186634124, 0.9624999874991476
0.15945539689538699, -0.21947152540836656, 0.9624999874991477
0.21947152540836606, -0.1594553968953871, 0.9624999874991477
0.258004251866341, -0.08383066314320932, 0.9624999874991477
0.2712817245303129, 6.66133814775094e-16, 0.9624999874991477
0.2712817245303134, 0.0, 0.9624999874991476
0.2712817245303134, 0.0, 0.9624999874991476
0.2712817245303134, 0.0, 0.9624999874991476
0.2712817245303134, 0.0, 0.9624999874991476
0.2712817245303134, 0.0, 0.9624999874991476
0.2712817245303129, -2.220446049250313e-16, 0.9624999874991477
0.258004251866341, 0.08383066314320976, 0.9624999874991477
0.21947152540836606, 0.15945539689538735, 0.9624999874991477
0.15945539689538699, 0.21947152540836634, 0.9624999874991477
0.08383066314320897, 0.25800425186634107, 0.9624999874991477
-4.863719853727016e-16, 0.27128172453031296, 0.9624999874991477
-4.4818931061543615e-17, 0.27128172453031335, 0.9624999874991476
-4.4818931061543615e-17, 0.27128172453031335, 0.9624999874991476
-4.4818931061543615e-17, 0.27128172453031335, 0.9624999874991476
-4.4818931061543615e-17, 0.27128172453031335, 0.9624999874991476
-4.4818931061543615e-17, 0.27128172453031335, 0.9624999874991476
3.684997324856817e-16, 0.27128172453031296, 0.9624999874991477
-0.08383066314320951, 0.25800425186634096, 0.9624999874991477
-0.1594553968953871, 0.21947152540836634, 0.9624999874991477
-0.2194715254083662, 0.15945539689538712, 0.9624999874991477
-0.25800425186634096, 0.08383066314320951, 0.9624999874991477
-0.271281724530313, -4.440892098500626e-16, 0.9624999874991477
-0.2712817245303137, -0.0, 0.9624999874991474
-0.2712817245303137, -0.0, 0.9624999874991474
-0.2712817245303137, -0.0, 0.9624999874991474
-0.2712817245303137, -0.0, 0.9624999874991474
-0.2712817245303137, -0.0, 0.9624999874991474
-0.271281724530313, 8.881784197001252e-16, 0.9624999874991477
-0.25800425186634096, -0.08383066314320976, 0.9624999874991477
-0.2194715254083657, -0.15945539689538799, 0.9624999874991476
-0.15945539689538557, -0.21947152540836723, 0.9624999874991477
-0.08383066314320717, -0.2580042518663419, 0.9624999874991477
3.787986603919215e-15, -0.27128172453031296, 0.9624999874991477
3.6710865049689246e-17, -0.2222049152846598, 0.9749999874991472
3.6710865049689246e-17, -0.2222049152846598, 0.9749999874991472
3.6710865049689246e-17, -0.2222049152846598, 0.9749999874991472
3.6710865049689246e-17, -0.2222049152846598, 0.9749999874991472
3.6710865049689246e-17, -0.2222049152846598, 0.9749999874991472
-1.1421689658237705e-15, -0.2222049152846579, 0.9749999874991476
0.06866509505660405, -0.21132943263428672, 0.9749999874991476
0.1306087721912199, -0.179767552698934, 0.9749999874991476
0.17976755269893377, -0.13060877219122036, 0.9749999874991476
0.21132943263428652, -0.06866509505660458, 0.9749999874991477
0.22220491528465783, 4.440892098500626e-16, 0.9749999874991476
0.222204915284659, 0.0, 0.9749999874991474
0.222204915284659, 0.0, 0.9749999874991474
0.222204915284659, 0.0, 0.9749999874991474
0.222204915284659, 0.0, 0.9749999874991474
0.222204915284659, 0.0, 0.9749999874991474
0.22220491528465783, -2.220446049250313e-16, 0.9749999874991476
0.2113294326342865, 0.0686650950566048, 0.9749999874991476
0.17976755269893355, 0.1306087721912203, 0.9749999874991476
0.1306087721912199, 0.179767552698934, 0.9749999874991476
0.06866509505660426, 0.2113294326342865, 0.9749999874991476
-4.926885047452945e-16, 0.2222049152846579, 0.9749999874991476
-3.671086504968896e-17, 0.22220491528465808, 0.9749999874991476
-3.671086504968896e-17, 0.22220491528465808, 0.9749999874991476
-3.671086504968896e-17, 0.22220491528465808, 0.9749999874991476
-3.671086504968896e-17, 0.22220491528465808, 0.9749999874991476
-3.671086504968896e-17, 0.22220491528465808, 0.9749999874991476
3.732854433593404e-16, 0.2222049152846579, 0.9749999874991476
-0.06866509505660462, 0.2113294326342865, 0.9749999874991476
-0.13060877219122005, 0.17976755269893374, 0.9749999874991476
-0.17976755269893363, 0.1306087721912201, 0.9749999874991476
-0.2113294326342866, 0.06866509505660458, 0.9749999874991476
-0.22220491528465794, -4.440892098500626e-16, 0.9749999874991476
-0.22220491528465844, -0.0, 0.9749999874991475
-0.22220491528465844, -0.0, 0.9749999874991475
-0.22220491528465844, -0.0, 0.9749999874991475
-0.22220491528465844, -0.0, 0.9749999874991475
-0.22220491528465844, -0.0, 0.9749999874991475
-0.22220491528465794, 8.881784197001252e-16, 0.9749999874991476
-0.2113294326342866, -0.06866509505660481, 0.9749999874991476
-0.17976755269893302, -0.130608772191221, 0.9749999874991476
-0.13060877219121847, -0.17976755269893488, 0.9749999874991476
-0.06866509505660198, -0.21132943263428736, 0.9749999874991476
3.8371812357778795e-15, -0.2222049152846579, 0.9749999874991476
2.604052571800187e-17, -0.15761908098064803, 0.9874999874991472
2.604052571800187e-17, -0.15761908098064803, 0.9874999874991472
2.604052571800187e-17, -0.15761908098064803, 0.9874999874991472
2.604052571800187e-17, -0.15761908098064803, 0.9874999874991472
2.604052571800187e-17, -0.15761908098064803, 0.9874999874991472
-1.156812157881052e-15, -0.15761908098064592, 0.9874999874991476
0.04870697466078008, -0.14990465405909717, 0.9874999874991475
0.09264617128031641, -0.12751651515110396, 0.9874999874991476
0.1275165151511035, -0.09264617128031684, 0.9874999874991476
0.14990465405909686, -0.048706974660780236, 0.9874999874991476
0.15761908098064603, 6.66133814775094e-16, 0.9874999874991476
0.1576190809806472, 0.0, 0.9874999874991474
0.1576190809806472, 0.0, 0.9874999874991474
0.1576190809806472, 0.0, 0.9874999874991474
0.1576190809806472, 0.0, 0.9874999874991474
0.1576190809806472, 0.0, 0.9874999874991474
0.15761908098064603, -2.220446049250313e-16, 0.9874999874991476
0.14990465405909686, 0.04870697466078045, 0.9874999874991476
0.1275165151511037, 0.09264617128031662, 0.9874999874991476
0.09264617128031663, 0.1275165151511038, 0.9874999874991476
0.048706974660780514, 0.14990465405909692, 0.9874999874991475
-4.990050241178873e-16, 0.15761908098064592, 0.9874999874991476
-2.604052571800173e-17, 0.15761908098064717, 0.9874999874991475
-2.604052571800173e-17, 0.15761908098064717, 0.9874999874991475
-2.604052571800173e-17, 0.15761908098064717, 0.9874999874991475
-2.604052571800173e-17, 0.15761908098064717, 0.9874999874991475
-2.604052571800173e-17, 0.15761908098064717, 0.9874999874991475
3.78071154232999e-16, 0.15761908098064592, 0.9874999874991476
-0.04870697466078042, 0.14990465405909695, 0.9874999874991476
-0.09264617128031653, 0.1275165151511038, 0.9874999874991476
-0.12751651515110382, 0.09264617128031663, 0.9874999874991476
-0.14990465405909698, 0.04870697466078045, 0.9874999874991476
-0.15761908098064592, -4.440892098500626e-16, 0.9874999874991476
-0.15761908098064664, -0.0, 0.9874999874991475
-0.15761908098064664, -0.0, 0.9874999874991475
-0.15761908098064664, -0.0, 0.9874999874991475
-0.15761908098064664, -0.0, 0.9874999874991475
-0.15761908098064664, -0.0, 0.9874999874991475
-0.15761908098064592, 8.881784197001252e-16, 0.9874999874991476
-0.14990465405909675, -0.048706974660780666, 0.9874999874991476
-0.12751651515110296, -0.09264617128031773, 0.9874999874991475
-0.09264617128031499, -0.12751651515110488, 0.9874999874991476
-0.04870697466077778, -0.1499046540590978, 0.9874999874991475
4.105644912224266e-15, -0.15761908098064592, 0.9874999874991476
