37.01166571329239, 42.512605906405064, -0.09999989999321635
31.724284939964903, 42.512605906405064, -0.09999989999321635
26.43690416663742, 42.512605906405064, -0.09999989999321635
21.149523393309934, 42.512605906405064, -0.09999989999321635
15.86214261998245, 42.512605906405064, -0.09999989999321635
10.574761846654965, 42.51260590640506, -0.09999989999321635
5.287381073327481, 42.51260590640506, -0.09999989999321635
2.9999999640040187e-07, 42.51260590640506, -0.09999989999321635
-5.287380473327488, 42.51260590640506, -0.09999989999321635
-10.574761246654973, 42.51260590640506, -0.09999989999321635
-15.862142019982457, 42.51260590640506, -0.09999989999321635
-21.14952279330994, 42.51260590640506, -0.09999989999321635
-26.436903566637426, 42.51260590640506, -0.09999989999321635
-31.724284339964903, 42.51260590640505, -0.09999989999321635
-37.0116651132924, 42.51260590640505, -0.09999989999321635
-37.0116651132924, 42.51260590640505, -0.09999989999321632
-37.65021057662426, 42.4931100670996, -0.09999989999321632
-38.28588598089646, 42.43000405128585, -0.09999989999321632
-38.914226583919834, 42.31524129476503, -0.09999989999321632
-39.52813899110264, 42.13926449997836, -0.09999989999321632
-40.11667654416417, 41.89167401621636, -0.09999989999321632
-40.664208093237534, 41.56354280760563, -0.09999989999321632
-41.15193029115502, 41.151930291132416, -0.09999989999321632
-41.56354280505674, 40.66420809141878, -0.09999989999321632
-41.8916740149658, 40.116676543671446, -0.09999989999321632
-42.13926451284488, 39.528138995675235, -0.09999989999321632
-42.31524129488659, 38.91422658394135, -0.09999989999321632
-42.430004051239735, 38.28588598088727, -0.09999989999321632
-42.4931100671665, 37.65021057662627, -0.09999989999321632
-42.51260590640505, 37.01166511329237, -0.09999989999321632
-42.51260590640506, 37.01166571329237, -0.09999989999321635
-42.51260590640506, 31.72428493996489, -0.09999989999321635
-42.51260590640506, 26.436904166637405, -0.09999989999321635
-42.51260590640506, 21.149523393309916, -0.09999989999321635
-42.51260590640506, 15.862142619982432, -0.09999989999321635
-42.51260590640506, 10.574761846654948, -0.09999989999321635
-42.51260590640506, 5.287381073327463, -0.09999989999321635
-42.51260590640506, 2.999999750841198e-07, -0.09999989999321635
-42.51260590640506, -5.287380473327509, -0.09999989999321635
-42.51260590640506, -10.574761246654994, -0.09999989999321635
-42.51260590640506, -15.862142019982478, -0.09999989999321635
-42.51260590640506, -21.149522793309963, -0.09999989999321635
-42.51260590640506, -26.436903566637447, -0.09999989999321635
-42.51260590640506, -31.72428433996494, -0.09999989999321635
-42.51260590640506, -37.01166511329242, -0.09999989999321635
-42.51260590640508, -37.011665113292416, -0.09999989999321632
-42.49311006711859, -37.65021057662487, -0.09999989999321632
-42.430004051306256, -38.28588598089725, -0.09999989999321632
-42.31524129477565, -38.91422658391891, -0.09999989999321632
-42.1392644999799, -39.52813899109932, -0.09999989999321632
-41.89167401621812, -40.11667654416112, -0.09999989999321632
-41.56354280760813, -40.66420809323506, -0.09999989999321632
-41.15193029113482, -41.15193029115262, -0.09999989999321632
-40.664208091419134, -41.56354280505201, -0.09999989999321632
-40.1166765436705, -41.89167401495929, -0.09999989999321632
-39.528138995677196, -42.13926451284593, -0.09999989999321632
-38.91422658394298, -42.31524129488641, -0.09999989999321632
-38.28588598088743, -42.43000405123227, -0.09999989999321632
-37.6502105766261, -42.49311006715755, -0.09999989999321632
-37.01166511329229, -42.512605906405106, -0.09999989999321632
-37.01166511329229, -42.512605906405106, -0.09999989999321635
-31.724284339964818, -42.512605906405106, -0.09999989999321635
-26.436903566637348, -42.5126059064051, -0.09999989999321635
-21.149522793309877, -42.5126059064051, -0.09999989999321635
-15.862142019982407, -42.5126059064051, -0.09999989999321635
-10.574761246654937, -42.5126059064051, -0.09999989999321635
-5.287380473327467, -42.5126059064051, -0.09999989999321635
3.0000000350582923e-07, -42.5126059064051, -0.09999989999321635
5.287381073327474, -42.5126059064051, -0.09999989999321635
10.574761846654944, -42.5126059064051, -0.09999989999321635
15.862142619982414, -42.51260590640509, -0.09999989999321635
21.149523393309885, -42.51260590640509, -0.09999989999321635
26.43690416663736, -42.51260590640509, -0.09999989999321635
31.724284939964832, -42.51260590640509, -0.09999989999321635
37.01166571329232, -42.51260590640509, -0.09999989999321635
37.0116651132923, -42.5126059064051, -0.09999989999321632
37.650210576624445, -42.4931100671115, -0.09999989999321632
38.28588598089667, -42.430004051298596, -0.09999989999321632
38.91422658391895, -42.31524129477193, -0.09999989999321632
39.52813899110018, -42.13926449997964, -0.09999989999321632
40.116676544161066, -41.89167401621605, -0.09999989999321632
40.664208093234194, -41.5635428076049, -0.09999989999321632
41.15193029115359, -41.15193029113386, -0.09999989999321632
41.56354280505555, -40.66420809142057, -0.09999989999321632
41.891674014962774, -40.116676543672114, -0.09999989999321632
42.139264512845, -39.528138995677146, -0.09999989999321632
42.31524129488396, -38.91422658394258, -0.09999989999321632
42.430004051229645, -38.28588598088713, -0.09999989999321632
42.493110067154994, -37.65021057662593, -0.09999989999321632
42.51260590640508, -37.0116651132923, -0.09999989999321632
42.51260590640508, -37.01166571329232, -0.09999989999321635
42.51260590640508, -31.724284939964846, -0.09999989999321635
42.51260590640508, -26.436904166637376, -0.09999989999321635
42.51260590640508, -21.149523393309906, -0.09999989999321635
42.51260590640508, -15.862142619982436, -0.09999989999321635
42.51260590640508, -10.574761846654965, -0.09999989999321635
42.51260590640508, -5.287381073327495, -0.09999989999321635
42.51260590640508, -3.000000248221113e-07, -0.09999989999321635
42.51260590640508, 5.287380473327449, -0.09999989999321635
42.51260590640508, 10.574761246654923, -0.09999989999321635
42.51260590640508, 15.862142019982397, -0.09999989999321635
42.51260590640508, 21.14952279330987, -0.09999989999321635
42.51260590640508, 26.436903566637344, -0.09999989999321635
42.51260590640508, 31.724284339964818, -0.09999989999321635
42.51260590640508, 37.01166511329231, -0.09999989999321635
42.512605906405064, 37.0116651132923, -0.09999989999321632
42.49311006711634, 37.65021057662482, -0.09999989999321632
42.430004051300216, 38.28588598089697, -0.09999989999321632
42.31524129476811, 38.91422658391855, -0.09999989999321632
42.13926449997763, 39.52813899110072, -0.09999989999321632
41.89167401622113, 40.11667654416472, -0.09999989999321632
41.56354280760684, 40.66420809323619, -0.09999989999321632
41.15193029113337, 41.15193029115407, -0.09999989999321632
40.66420809142223, 41.56354280505899, -0.09999989999321632
40.11667654367377, 41.891674014966604, -0.09999989999321632
39.528138995676635, 42.139264512844285, -0.09999989999321632
38.91422658394228, 42.31524129488531, -0.09999989999321632
38.2858859808878, 42.43000405123775, -0.09999989999321632
37.650210576626534, 42.493110067164736, -0.09999989999321632
37.0116651132924, 42.512605906405064, -0.09999989999321632
38.09649689720186, 40.660249466129954, -0.5999998999932146
38.372646741781125, 40.61026751289876, -0.5999998999932146
38.644560737399374, 40.540899271561074, -0.5999998999932146
38.91009979870853, 40.4501863354278, -0.5999998999932146
39.166568987495694, 40.33637570500984, -0.5999998999932146
39.410761096097346, 40.198213186554256, -0.5999998999932146
39.63915533285782, 40.035284430854816, -0.5999998999932146
39.84829619808352, 39.84829619808357, -0.5999998999932146
40.035284430854766, 39.63915533285787, -0.5999998999932146
40.1982131865542, 39.41076109609741, -0.5999998999932146
40.336375705009786, 39.16656898749576, -0.5999998999932146
40.45018633542776, 38.910099798708586, -0.5999998999932146
40.54089927156104, 38.64456073739944, -0.5999998999932146
40.61026751289872, 38.372646741781196, -0.5999998999932146
40.660249466129926, 38.09649689720193, -0.5999998999932146
38.09646291458455, 40.660283452088684, -0.5999998999932163
38.01949047766946, 40.671121033647886, -0.5999998999932163
37.94238685479526, 40.68098240075037, -0.5999998999932163
37.86516848969981, 40.68990118728567, -0.5999998999932163
37.78785033556266, 40.697909223248274, -0.5999998999932163
37.71044600758633, 40.70503664216125, -0.5999998999932163
37.63296791907606, 40.71131198939609, -0.5999998999932163
37.5554274024282, 40.716762328591635, -0.5999998999932163
37.47783481646624, 40.721413343913824, -0.5999998999932163
37.40019964154869, 40.72528943634378, -0.5999998999932163
37.322530563829844, 40.7284138125475, -0.5999998999932163
37.24483554999238, 40.73080856518001, -0.5999998999932163
37.16712191369847, 40.73249474372181, -0.5999998999932163
37.08939637492794, 40.733492415146884, -0.5999998999932163
37.01166511329241, 40.73382071388802, -0.5999998999932163
37.01166571329239, 40.733820713888015, -0.5999998999932163
31.724284939964903, 40.733820713888015, -0.5999998999932163
26.43690416663742, 40.733820713888015, -0.5999998999932163
21.149523393309934, 40.733820713888015, -0.5999998999932163
15.86214261998245, 40.733820713888015, -0.5999998999932163
10.574761846654965, 40.73382071388801, -0.5999998999932163
5.287381073327481, 40.73382071388801, -0.5999998999932163
2.9999999640040187e-07, 40.73382071388801, -0.5999998999932163
-5.287380473327488, 40.73382071388801, -0.5999998999932163
-10.574761246654973, 40.73382071388801, -0.5999998999932163
-15.862142019982457, 40.73382071388801, -0.5999998999932163
-21.14952279330994, 40.73382071388801, -0.5999998999932163
-26.436903566637426, 40.73382071388801, -0.5999998999932163
-31.724284339964903, 40.733820713888, -0.5999998999932163
-37.0116651132924, 40.733820713888, -0.5999998999932163
-37.011665113292395, 40.733820713888015, -0.5999998999932163
-37.0893963749309, 40.73349241514562, -0.5999998999932163
-37.16712191370439, 40.7324947437191, -0.5999998999932163
-37.24483555000128, 40.73080856517686, -0.5999998999932163
-37.32253056384174, 40.72841381254498, -0.5999998999932163
-37.40019964156362, 40.725289436342464, -0.5999998999932163
-37.4778348164842, 40.72141334391359, -0.5999998999932163
-37.55542740244917, 40.71676232859175, -0.5999998999932163
-37.63296791909996, 40.71131198939554, -0.5999998999932163
-37.71044600761309, 40.70503664215916, -0.5999998999932163
-37.787850335592246, 40.697909223244295, -0.5999998999932163
-37.86516848973224, 40.68990118728022, -0.5999998999932163
-37.94238685483064, 40.68098240074452, -0.5999998999932163
-38.019490477707926, 40.67112103364268, -0.5999998999932163
-38.09646291462607, 40.660283452083824, -0.5999998999932163
-38.096496897201874, 40.66024946612994, -0.5999998999932163
-38.37264674178114, 40.610267512898744, -0.5999998999932163
-38.64456073739939, 40.54089927156106, -0.5999998999932163
-38.91009979870854, 40.45018633542779, -0.5999998999932163
-39.16656898749572, 40.33637570500982, -0.5999998999932163
-39.410761096097374, 40.198213186554234, -0.5999998999932163
-39.639155332857854, 40.03528443085479, -0.5999998999932163
-39.848296198083546, 39.84829619808354, -0.5999998999932163
-40.0352844308548, 39.63915533285784, -0.5999998999932163
-40.19821318655424, 39.410761096097374, -0.5999998999932163
-40.33637570500983, 39.16656898749572, -0.5999998999932163
-40.450186335427794, 38.910099798708536, -0.5999998999932163
-40.540899271561074, 38.64456073739938, -0.5999998999932163
-40.61026751289876, 38.372646741781125, -0.5999998999932163
-40.660249466129954, 38.09649689720186, -0.5999998999932163
-40.66028345208719, 38.09646291459184, -0.5999998999932163
-40.671121033646706, 38.01949047767625, -0.5999998999932163
-40.68098240074951, 37.94238685480155, -0.5999998999932163
-40.68990118728509, 37.865168489705596, -0.5999998999932163
-40.69790922324797, 37.78785033556793, -0.5999998999932163
-40.70503664216119, 37.71044600759109, -0.5999998999932163
-40.71131198939624, 37.6329679190803, -0.5999998999932163
-40.71676232859196, 37.55542740243192, -0.5999998999932163
-40.72141334391428, 37.477834816469425, -0.5999998999932163
-40.72528943634431, 37.400199641551346, -0.5999998999932163
-40.728413812548055, 37.32253056383196, -0.5999998999932163
-40.73080856518052, 37.24483554999396, -0.5999998999932163
-40.732494743722214, 37.16712191369952, -0.5999998999932163
-40.73349241514712, 37.08939637492844, -0.5999998999932163
-40.733820713888015, 37.01166511329237, -0.5999998999932163
-40.73382071388801, 37.01166571329237, -0.5999998999932163
-40.73382071388801, 31.72428493996489, -0.5999998999932163
-40.73382071388801, 26.436904166637405, -0.5999998999932163
-40.73382071388801, 21.149523393309916, -0.5999998999932163
-40.73382071388801, 15.862142619982432, -0.5999998999932163
-40.73382071388801, 10.574761846654948, -0.5999998999932163
-40.73382071388801, 5.287381073327463, -0.5999998999932163
-40.73382071388801, 2.999999750841198e-07, -0.5999998999932163
-40.73382071388801, -5.287380473327509, -0.5999998999932163
-40.73382071388801, -10.574761246654994, -0.5999998999932163
-40.73382071388801, -15.862142019982478, -0.5999998999932163
-40.73382071388801, -21.149522793309963, -0.5999998999932163
-40.73382071388801, -26.436903566637447, -0.5999998999932163
-40.73382071388801, -31.72428433996494, -0.5999998999932163
-40.73382071388801, -37.01166511329242, -0.5999998999932163
-40.73382071388802, -37.01166511329243, -0.5999998999932163
-40.73349241514586, -37.08939637492865, -0.5999998999932163
-40.73249474371954, -37.167121913699866, -0.5999998999932163
-40.73080856517745, -37.24483554999446, -0.5999998999932163
-40.728413812545696, -37.32253056383264, -0.5999998999932163
-40.72528943634328, -37.40019964155224, -0.5999998999932163
-40.7214133439145, -37.47783481647055, -0.5999998999932163
-40.71676232859275, -37.55542740243323, -0.5999998999932163
-40.71131198939665, -37.63296791908174, -0.5999998999932163
-40.7050366421604, -37.710446007592594, -0.5999998999932163
-40.69790922324572, -37.787850335569466, -0.5999998999932163
-40.689901187281876, -37.86516848970719, -0.5999998999932163
-40.68098240074647, -37.942386854803324, -0.5999998999932163
-40.67112103364502, -38.01949047767836, -0.5999998999932163
-40.66028345208665, -38.09646291459427, -0.5999998999932163
-40.660249466129954, -38.09649689720192, -0.5999998999932163
-40.61026751289875, -38.37264674178118, -0.5999998999932163
-40.540899271561074, -38.64456073739942, -0.5999998999932163
-40.4501863354278, -38.91009979870858, -0.5999998999932163
-40.336375705009836, -39.16656898749575, -0.5999998999932163
-40.19821318655425, -39.4107610960974, -0.5999998999932163
-40.035284430854816, -39.63915533285787, -0.5999998999932163
-39.84829619808356, -39.84829619808356, -0.5999998999932163
-39.639155332857875, -40.035284430854816, -0.5999998999932163
-39.41076109609741, -40.198213186554256, -0.5999998999932163
-39.166568987495765, -40.33637570500984, -0.5999998999932163
-38.91009979870859, -40.45018633542781, -0.5999998999932163
-38.64456073739944, -40.54089927156109, -0.5999998999932163
-38.372646741781196, -40.61026751289877, -0.5999998999932163
-38.09649689720193, -40.66024946612998, -0.5999998999932163
-38.096462914569535, -40.66028345208931, -0.5999998999932163
-38.01949047765548, -40.6711210336482, -0.5999998999932163
-37.94238685478233, -40.680982400750416, -0.5999998999932163
-37.86516848968793, -40.68990118728547, -0.5999998999932163
-37.78785033555183, -40.69790922324788, -0.5999998999932163
-37.710446007576564, -40.7050366421607, -0.5999998999932163
-37.63296791906736, -40.71131198939543, -0.5999998999932163
-37.55542740242057, -40.71676232859091, -0.5999998999932163
-37.477834816459676, -40.72141334391307, -0.5999998999932163
-37.4001996415432, -40.72528943634304, -0.5999998999932163
-37.32253056382543, -40.728413812546826, -0.5999998999932163
-37.24483554998904, -40.730808565179444, -0.5999998999932163
-37.16712191369621, -40.732494743721396, -0.5999998999932163
-37.08939637492674, -40.73349241514667, -0.5999998999932163
-37.01166511329229, -40.733820713888065, -0.5999998999932163
-37.01166511329229, -40.73382071388806, -0.5999998999932163
-31.724284339964818, -40.73382071388806, -0.5999998999932163
-26.436903566637348, -40.73382071388805, -0.5999998999932163
-21.149522793309877, -40.73382071388805, -0.5999998999932163
-15.862142019982407, -40.73382071388805, -0.5999998999932163
-10.574761246654937, -40.73382071388805, -0.5999998999932163
-5.287380473327467, -40.73382071388805, -0.5999998999932163
3.0000000350582923e-07, -40.73382071388805, -0.5999998999932163
5.287381073327474, -40.73382071388805, -0.5999998999932163
10.574761846654944, -40.73382071388805, -0.5999998999932163
15.862142619982414, -40.73382071388804, -0.5999998999932163
21.149523393309885, -40.73382071388804, -0.5999998999932163
26.43690416663736, -40.73382071388804, -0.5999998999932163
31.724284939964832, -40.73382071388804, -0.5999998999932163
37.01166571329232, -40.73382071388804, -0.5999998999932163
37.0116651132923, -40.733820713888065, -0.5999998999932163
37.08939637492916, -40.733492415145825, -0.5999998999932163
37.16712191370101, -40.73249474371943, -0.5999998999932163
37.24483554999624, -40.73080856517727, -0.5999998999932163
37.32253056383506, -40.728413812545455, -0.5999998999932163
37.40019964155529, -40.725289436343, -0.5999998999932163
37.47783481647423, -40.721413343914165, -0.5999998999932163
37.555427402437545, -40.716762328592374, -0.5999998999932163
37.632967919086695, -40.711311989396236, -0.5999998999932163
37.71044600759818, -40.70503664215994, -0.5999998999932163
37.78785033557568, -40.69790922324521, -0.5999998999932163
37.865168489714044, -40.6899011872813, -0.5999998999932163
37.942386854810806, -40.680982400745826, -0.5999998999932163
38.019490477686475, -40.67112103364428, -0.5999998999932163
38.09646291460301, -40.6602834520858, -0.5999998999932163
38.096496897201945, -40.66024946612996, -0.5999998999932163
38.372646741781196, -40.61026751289876, -0.5999998999932163
38.64456073739944, -40.540899271561074, -0.5999998999932163
38.910099798708586, -40.450186335427794, -0.5999998999932163
39.16656898749575, -40.33637570500983, -0.5999998999932163
39.41076109609739, -40.19821318655424, -0.5999998999932163
39.639155332857854, -40.0352844308548, -0.5999998999932163
39.848296198083546, -39.84829619808356, -0.5999998999932163
40.035284430854794, -39.63915533285787, -0.5999998999932163
40.198213186554234, -39.4107610960974, -0.5999998999932163
40.33637570500982, -39.166568987495765, -0.5999998999932163
40.45018633542779, -38.9100997987086, -0.5999998999932163
40.54089927156106, -38.644560737399445, -0.5999998999932163
40.610267512898744, -38.37264674178121, -0.5999998999932163
40.660249466129954, -38.09649689720195, -0.5999998999932163
40.660283452084236, -38.09646291462754, -0.5999998999932163
40.671121033644134, -38.01949047770942, -0.5999998999932163
40.680982400747176, -37.94238685483217, -0.5999998999932163
40.68990118728289, -37.86516848973366, -0.5999998999932163
40.69790922324582, -37.78785033559343, -0.5999998999932163
40.705036642159044, -37.710446007614024, -0.5999998999932163
40.711311989394076, -37.632967919100665, -0.5999998999932163
40.71676232858979, -37.55542740244972, -0.5999998999932163
40.721413343912126, -37.477834816484666, -0.5999998999932163
40.72528943634224, -37.40019964156403, -0.5999998999932163
40.72841381254615, -37.3225305638421, -0.5999998999932163
40.73080856517889, -37.24483555000155, -0.5999998999932163
40.73249474372098, -37.167121913704555, -0.5999998999932163
40.73349241514643, -37.08939637493093, -0.5999998999932163
40.733820713888036, -37.01166511329231, -0.5999998999932163
40.73382071388803, -37.01166571329232, -0.5999998999932163
40.73382071388803, -31.724284939964846, -0.5999998999932163
40.73382071388803, -26.436904166637376, -0.5999998999932163
40.73382071388803, -21.149523393309906, -0.5999998999932163
40.73382071388803, -15.862142619982436, -0.5999998999932163
40.73382071388803, -10.574761846654965, -0.5999998999932163
40.73382071388803, -5.287381073327495, -0.5999998999932163
40.73382071388803, -3.000000248221113e-07, -0.5999998999932163
40.73382071388803, 5.287380473327449, -0.5999998999932163
40.73382071388803, 10.574761246654923, -0.5999998999932163
40.73382071388803, 15.862142019982397, -0.5999998999932163
40.73382071388803, 21.14952279330987, -0.5999998999932163
40.73382071388803, 26.436903566637344, -0.5999998999932163
40.73382071388803, 31.724284339964818, -0.5999998999932163
40.73382071388803, 37.01166511329231, -0.5999998999932163
40.733820713888015, 37.01166511329232, -0.5999998999932163
40.733492415145825, 37.08939637492758, -0.5999998999932163
40.73249474371948, 37.16712191369785, -0.5999998999932163
40.73080856517735, 37.24483554999149, -0.5999998999932163
40.72841381254557, 37.32253056382872, -0.5999998999932163
40.72528943634315, 37.40019964154736, -0.5999998999932163
40.72141334391437, 37.477834816464714, -0.5999998999932163
40.71676232859266, 37.555427402426446, -0.5999998999932163
40.71131198939661, 37.632967919074005, -0.5999998999932163
40.705036642160465, 37.71044600758392, -0.5999998999932163
40.69790922324593, 37.787850335559845, -0.5999998999932163
40.689901187282274, 37.86516848969663, -0.5999998999932163
40.68098240074711, 37.942386854791835, -0.5999998999932163
40.67112103364597, 38.01949047766595, -0.5999998999932163
40.66028345208796, 38.09646291458095, -0.5999998999932163
38.09649689720186, 40.660249466129954, -0.5999998999932146
36.26009650797914, 39.64104260190468, -1.0999998999932163
31.08008272112498, 39.64104260190468, -1.0999998999932163
25.90006893427082, 39.64104260190468, -1.0999998999932163
20.72005514741666, 39.64104260190468, -1.0999998999932163
15.540041360562498, 39.64104260190468, -1.0999998999932163
10.360027573708336, 39.64104260190468, -1.0999998999932163
5.180013786854175, 39.64104260190468, -1.0999998999932163
1.4210854715202004e-14, 39.64104260190468, -1.0999998999932163
-5.180013786854147, 39.64104260190467, -1.0999998999932163
-10.36002757370831, 39.64104260190467, -1.0999998999932163
-15.540041360562473, 39.64104260190467, -1.0999998999932163
-20.720055147416637, 39.64104260190467, -1.0999998999932163
-25.9000689342708, 39.64104260190467, -1.0999998999932163
-31.08008272112496, 39.64104260190467, -1.0999998999932163
-36.26009650797914, 39.64104260190467, -1.0999998999932163
-36.26009650797913, 39.64104260190468, -1.0999998999932163
-36.65001469636607, 39.62800624932678, -1.0999998999932163
-37.037849593884346, 39.58596814710092, -1.0999998999932163
-37.42045551925216, 39.510052030246456, -1.0999998999932163
-37.7931071355037, 39.39499813455927, -1.0999998999932163
-38.1491129071565, 39.23589770090979, -1.0999998999932163
-38.47988992375217, 39.02953386170864, -1.0999998999932163
-38.77604273782875, 38.776042737828746, -1.0999998999932163
-39.02953386170865, 38.479889923752154, -1.0999998999932163
-39.2358977009098, 38.14911290715649, -1.0999998999932163
-39.39499813455929, 37.79310713550369, -1.0999998999932163
-39.51005203024647, 37.42045551925215, -1.0999998999932163
-39.585968147100935, 37.03784959388434, -1.0999998999932163
-39.62800624932679, 36.650014696366064, -1.0999998999932163
-39.641042601904694, 36.26009650797913, -1.0999998999932163
-39.64104260190469, 36.26009650797913, -1.0999998999932161
-39.64104260190469, 31.08008272112496, -1.0999998999932161
-39.64104260190469, 25.90006893427079, -1.0999998999932161
-39.64104260190469, 20.720055147416623, -1.0999998999932161
-39.64104260190469, 15.540041360562455, -1.0999998999932161
-39.64104260190469, 10.360027573708287, -1.0999998999932161
-39.64104260190469, 5.180013786854122, -1.0999998999932161
-39.64104260190469, -4.263256414560601e-14, -1.0999998999932161
-39.64104260190469, -5.180013786854207, -1.0999998999932161
-39.64104260190469, -10.360027573708372, -1.0999998999932161
-39.64104260190469, -15.540041360562537, -1.0999998999932161
-39.64104260190469, -20.7200551474167, -1.0999998999932161
-39.64104260190469, -25.90006893427087, -1.0999998999932161
-39.64104260190469, -31.080082721125034, -1.0999998999932161
-39.64104260190469, -36.26009650797919, -1.0999998999932161
-39.6410426019047, -36.26009650797918, -1.0999998999932146
-39.628006249326795, -36.65001469636612, -1.0999998999932146
-39.58596814710094, -37.0378495938844, -1.0999998999932146
-39.51005203024647, -37.420455519252215, -1.0999998999932146
-39.394998134559295, -37.79310713550377, -1.0999998999932146
-39.2358977009098, -38.149112907156564, -1.0999998999932146
-39.02953386170864, -38.479889923752225, -1.0999998999932146
-38.776042737828746, -38.77604273782882, -1.0999998999932146
-38.47988992375215, -39.02953386170872, -1.0999998999932146
-38.14911290715648, -39.23589770090987, -1.0999998999932146
-37.793107135503675, -39.39499813455935, -1.0999998999932146
-37.42045551925213, -39.51005203024653, -1.0999998999932146
-37.03784959388432, -39.585968147101, -1.0999998999932146
-36.650014696366036, -39.62800624932685, -1.0999998999932146
-36.2600965079791, -39.64104260190476, -1.0999998999932146
-36.260096507979085, -39.64104260190474, -1.0999998999932163
-31.080082721124924, -39.64104260190474, -1.0999998999932163
-25.900068934270763, -39.64104260190474, -1.0999998999932163
-20.720055147416605, -39.64104260190474, -1.0999998999932163
-15.540041360562444, -39.64104260190474, -1.0999998999932163
-10.360027573708283, -39.64104260190474, -1.0999998999932163
-5.180013786854122, -39.64104260190474, -1.0999998999932163
3.907985046680551e-14, -39.641042601904736, -1.0999998999932163
5.1800137868542, -39.641042601904736, -1.0999998999932163
10.360027573708358, -39.641042601904736, -1.0999998999932163
15.540041360562519, -39.641042601904736, -1.0999998999932163
20.72005514741668, -39.641042601904736, -1.0999998999932163
25.90006893427084, -39.641042601904736, -1.0999998999932163
31.080082721125002, -39.641042601904736, -1.0999998999932163
36.260096507979135, -39.641042601904736, -1.0999998999932163
36.260096507979114, -39.64104260190473, -1.0999998999932163
36.65001469636605, -39.62800624932683, -1.0999998999932163
37.03784959388434, -39.58596814710098, -1.0999998999932163
37.42045551925215, -39.51005203024651, -1.0999998999932163
37.793107135503696, -39.39499813455933, -1.0999998999932163
38.1491129071565, -39.235897700909845, -1.0999998999932163
38.47988992375216, -39.0295338617087, -1.0999998999932163
38.77604273782875, -38.776042737828796, -1.0999998999932163
39.02953386170866, -38.47988992375221, -1.0999998999932163
39.23589770090982, -38.14911290715654, -1.0999998999932163
39.39499813455931, -37.79310713550373, -1.0999998999932163
39.5100520302465, -37.42045551925219, -1.0999998999932163
39.585968147100964, -37.037849593884374, -1.0999998999932163
39.628006249326816, -36.650014696366085, -1.0999998999932163
39.64104260190473, -36.26009650797914, -1.0999998999932163
39.641042601904715, -36.26009650797913, -1.0999998999932163
39.641042601904715, -31.080082721124967, -1.0999998999932163
39.641042601904715, -25.900068934270806, -1.0999998999932163
39.641042601904715, -20.720055147416648, -1.0999998999932163
39.641042601904715, -15.540041360562487, -1.0999998999932163
39.641042601904715, -10.360027573708326, -1.0999998999932163
39.641042601904715, -5.180013786854165, -1.0999998999932163
39.641042601904715, -3.552713678800501e-15, -1.0999998999932163
39.641042601904715, 5.180013786854158, -1.0999998999932163
39.641042601904715, 10.360027573708315, -1.0999998999932163
39.641042601904715, 15.540041360562476, -1.0999998999932163
39.641042601904715, 20.720055147416637, -1.0999998999932163
39.641042601904715, 25.9000689342708, -1.0999998999932163
39.641042601904715, 31.08008272112496, -1.0999998999932163
39.641042601904715, 36.26009650797909, -1.0999998999932163
39.6410426019047, 36.26009650797908, -1.0999998999932163
39.628006249326795, 36.650014696366014, -1.0999998999932163
39.58596814710094, 37.0378495938843, -1.0999998999932163
39.51005203024648, 37.420455519252116, -1.0999998999932163
39.3949981345593, 37.79310713550366, -1.0999998999932163
39.23589770090982, 38.149112907156464, -1.0999998999932163
39.02953386170867, 38.479889923752125, -1.0999998999932163
38.776042737828774, 38.77604273782873, -1.0999998999932163
38.4798899237522, 39.02953386170863, -1.0999998999932163
38.149112907156535, 39.23589770090979, -1.0999998999932163
37.79310713550373, 39.39499813455929, -1.0999998999932163
37.420455519252194, 39.51005203024647, -1.0999998999932163
37.03784959388438, 39.58596814710094, -1.0999998999932163
36.6500146963661, 39.628006249326795, -1.0999998999932163
36.26009650797915, 39.6410426019047, -1.0999998999932163
35.187843047724364, 38.56878914164988, -1.5999998999932163
30.161008326620887, 38.56878914164988, -1.5999998999932163
25.13417360551741, 38.56878914164988, -1.5999998999932163
20.107338884413934, 38.56878914164988, -1.5999998999932163
15.080504163310458, 38.56878914164988, -1.5999998999932163
10.053669442206981, 38.56878914164988, -1.5999998999932163
5.026834721103501, 38.56878914164988, -1.5999998999932163
2.1316282072803006e-14, 38.56878914164988, -1.5999998999932163
-5.026834721103459, 38.56878914164987, -1.5999998999932163
-10.053669442206939, 38.56878914164987, -1.5999998999932163
-15.080504163310419, 38.56878914164987, -1.5999998999932163
-20.1073388844139, 38.56878914164987, -1.5999998999932163
-25.134173605517375, 38.56878914164987, -1.5999998999932163
-30.161008326620856, 38.56878914164987, -1.5999998999932163
-35.18784304772434, 38.56878914164987, -1.5999998999932163
-35.18784304772435, 38.56878914164989, -1.5999998999932163
-35.57776123611128, 38.55575278907199, -1.5999998999932163
-35.96559613362955, 38.51371468684613, -1.5999998999932163
-36.348202058997366, 38.43779856999166, -1.5999998999932163
-36.72085367524891, 38.322744674304474, -1.5999998999932163
-37.07685944690171, 38.16364424065499, -1.5999998999932163
-37.40763646349737, 37.957280401453836, -1.5999998999932163
-37.70378927757396, 37.70378927757395, -1.5999998999932163
-37.95728040145385, 37.407636463497354, -1.5999998999932163
-38.163644240655, 37.07685944690169, -1.5999998999932163
-38.32274467430449, 36.72085367524889, -1.5999998999932163
-38.43779856999167, 36.348202058997344, -1.5999998999932163
-38.51371468684614, 35.96559613362953, -1.5999998999932163
-38.555752789071995, 35.57776123611126, -1.5999998999932163
-38.568789141649894, 35.18784304772433, -1.5999998999932163
-38.56878914164989, 35.18784304772433, -1.5999998999932161
-38.56878914164989, 30.161008326620845, -1.5999998999932161
-38.56878914164989, 25.13417360551736, -1.5999998999932161
-38.56878914164989, 20.107338884413878, -1.5999998999932161
-38.56878914164989, 15.080504163310394, -1.5999998999932161
-38.56878914164989, 10.05366944220691, -1.5999998999932161
-38.56878914164989, 5.026834721103427, -1.5999998999932161
-38.56878914164989, -5.684341886080802e-14, -1.5999998999932161
-38.56878914164989, -5.0268347211035405, -1.5999998999932161
-38.56878914164989, -10.053669442207022, -1.5999998999932161
-38.56878914164989, -15.080504163310504, -1.5999998999932161
-38.56878914164989, -20.107338884413984, -1.5999998999932161
-38.56878914164989, -25.134173605517468, -1.5999998999932161
-38.56878914164989, -30.16100832662095, -1.5999998999932161
-38.56878914164989, -35.187843047724414, -1.5999998999932161
-38.5687891416499, -35.187843047724414, -1.5999998999932163
-38.555752789071995, -35.57776123611135, -1.5999998999932163
-38.51371468684614, -35.96559613362963, -1.5999998999932163
-38.43779856999167, -36.348202058997444, -1.5999998999932163
-38.32274467430449, -36.72085367524899, -1.5999998999932163
-38.163644240654996, -37.07685944690179, -1.5999998999932163
-37.95728040145384, -37.407636463497454, -1.5999998999932163
-37.70378927757394, -37.70378927757404, -1.5999998999932163
-37.40763646349734, -37.95728040145394, -1.5999998999932163
-37.07685944690168, -38.16364424065509, -1.5999998999932163
-36.720853675248875, -38.32274467430457, -1.5999998999932163
-36.34820205899733, -38.43779856999175, -1.5999998999932163
-35.96559613362952, -38.513714686846214, -1.5999998999932163
-35.577761236111236, -38.55575278907207, -1.5999998999932163
-35.1878430477243, -38.56878914164997, -1.5999998999932163
-35.187843047724286, -38.56878914164996, -1.5999998999932163
-30.16100832662081, -38.56878914164996, -1.5999998999932163
-25.134173605517336, -38.56878914164996, -1.5999998999932163
-20.107338884413863, -38.56878914164996, -1.5999998999932163
-15.080504163310387, -38.56878914164996, -1.5999998999932163
-10.053669442206912, -38.56878914164996, -1.5999998999932163
-5.026834721103437, -38.56878914164996, -1.5999998999932163
3.552713678800501e-14, -38.56878914164995, -1.5999998999932163
5.026834721103512, -38.56878914164995, -1.5999998999932163
10.053669442206989, -38.56878914164995, -1.5999998999932163
15.080504163310465, -38.56878914164995, -1.5999998999932163
20.10733888441394, -38.56878914164995, -1.5999998999932163
25.134173605517418, -38.56878914164995, -1.5999998999932163
30.161008326620895, -38.56878914164995, -1.5999998999932163
35.18784304772436, -38.56878914164995, -1.5999998999932163
35.18784304772433, -38.56878914164996, -1.5999998999932163
35.57776123611127, -38.55575278907205, -1.5999998999932163
35.96559613362956, -38.5137146868462, -1.5999998999932163
36.34820205899737, -38.43779856999173, -1.5999998999932163
36.72085367524892, -38.32274467430455, -1.5999998999932163
37.07685944690172, -38.16364424065507, -1.5999998999932163
37.40763646349738, -37.957280401453914, -1.5999998999932163
37.703789277573975, -37.70378927757402, -1.5999998999932163
37.957280401453886, -37.407636463497425, -1.5999998999932163
38.16364424065504, -37.076859446901764, -1.5999998999932163
38.32274467430453, -36.72085367524896, -1.5999998999932163
38.43779856999171, -36.3482020589974, -1.5999998999932163
38.513714686846185, -35.96559613362959, -1.5999998999932163
38.555752789072045, -35.57776123611131, -1.5999998999932163
38.568789141649944, -35.18784304772436, -1.5999998999932163
38.56878914164994, -35.18784304772435, -1.5999998999932163
38.56878914164994, -30.161008326620873, -1.5999998999932163
38.56878914164994, -25.1341736055174, -1.5999998999932163
38.56878914164994, -20.107338884413927, -1.5999998999932163
38.56878914164994, -15.08050416331045, -1.5999998999932163
38.56878914164994, -10.053669442206976, -1.5999998999932163
38.56878914164994, -5.026834721103501, -1.5999998999932163
38.56878914164994, -2.842170943040401e-14, -1.5999998999932163
38.56878914164994, 5.026834721103448, -1.5999998999932163
38.56878914164994, 10.053669442206925, -1.5999998999932163
38.56878914164994, 15.080504163310401, -1.5999998999932163
38.56878914164994, 20.107338884413878, -1.5999998999932163
38.56878914164994, 25.134173605517354, -1.5999998999932163
38.56878914164994, 30.16100832662083, -1.5999998999932163
38.56878914164994, 35.18784304772429, -1.5999998999932163
38.56878914164992, 35.18784304772428, -1.5999998999932163
38.55575278907202, 35.577761236111215, -1.5999998999932163
38.513714686846164, 35.965596133629504, -1.5999998999932163
38.4377985699917, 36.348202058997316, -1.5999998999932163
38.32274467430453, 36.72085367524886, -1.5999998999932163
38.16364424065504, 37.076859446901665, -1.5999998999932163
37.9572804014539, 37.407636463497326, -1.5999998999932163
37.703789277574, 37.70378927757393, -1.5999998999932163
37.40763646349741, 37.95728040145383, -1.5999998999932163
37.07685944690175, 38.16364424065499, -1.5999998999932163
36.72085367524896, 38.32274467430449, -1.5999998999932163
36.348202058997416, 38.43779856999167, -1.5999998999932163
35.9655961336296, 38.51371468684614, -1.5999998999932163
35.577761236111314, 38.555752789071995, -1.5999998999932163
35.18784304772437, 38.5687891416499, -1.5999998999932163
34.11558958746959, 37.496535681395095, -2.0999998999932163
29.241933932116794, 37.496535681395095, -2.0999998999932163
24.368278276763995, 37.496535681395095, -2.0999998999932163
19.494622621411196, 37.496535681395095, -2.0999998999932163
14.620966966058397, 37.496535681395095, -2.0999998999932163
9.747311310705598, 37.496535681395095, -2.0999998999932163
4.8736556553528025, 37.496535681395095, -2.0999998999932163
7.105427357601002e-15, 37.496535681395095, -2.0999998999932163
-4.873655655352788, 37.49653568139509, -2.0999998999932163
-9.747311310705584, 37.49653568139509, -2.0999998999932163
-14.62096696605838, 37.49653568139509, -2.0999998999932163
-19.494622621411175, 37.49653568139509, -2.0999998999932163
-24.368278276763974, 37.49653568139509, -2.0999998999932163
-29.24193393211677, 37.49653568139509, -2.0999998999932163
-34.11558958746954, 37.49653568139509, -2.0999998999932163
-34.11558958746953, 37.49653568139509, -2.0999998999932163
-34.505507775856465, 37.48349932881718, -2.0999998999932163
-34.89334267337474, 37.44146122659133, -2.0999998999932163
-35.27594859874256, 37.365545109736864, -2.0999998999932163
-35.6486002149941, 37.25049121404969, -2.0999998999932163
-36.0046059866469, 37.091390780400204, -2.0999998999932163
-36.33538300324256, 36.885026941199044, -2.0999998999932163
-36.63153581731916, 36.63153581731915, -2.0999998999932163
-36.88502694119906, 36.335383003242555, -2.0999998999932163
-37.091390780400204, 36.004605986646894, -2.0999998999932163
-37.250491214049696, 35.64860021499409, -2.0999998999932163
-37.36554510973687, 35.275948598742545, -2.0999998999932163
-37.44146122659134, 34.89334267337473, -2.0999998999932163
-37.4834993288172, 34.50550777585646, -2.0999998999932163
-37.4965356813951, 34.11558958746953, -2.0999998999932163
-37.49653568139509, 34.11558958746953, -2.099999899993216
-37.49653568139509, 29.24193393211673, -2.099999899993216
-37.49653568139509, 24.36827827676393, -2.099999899993216
-37.49653568139509, 19.494622621411132, -2.099999899993216
-37.49653568139509, 14.620966966058333, -2.099999899993216
-37.49653568139509, 9.747311310705534, -2.099999899993216
-37.49653568139509, 4.873655655352735, -2.099999899993216
-37.49653568139509, -6.394884621840902e-14, -2.099999899993216
-37.49653568139509, -4.873655655352863, -2.099999899993216
-37.49653568139509, -9.747311310705662, -2.099999899993216
-37.49653568139509, -14.620966966058461, -2.099999899993216
-37.49653568139509, -19.49462262141126, -2.099999899993216
-37.49653568139509, -24.36827827676406, -2.099999899993216
-37.49653568139509, -29.241933932116854, -2.099999899993216
-37.49653568139509, -34.11558958746964, -2.099999899993216
-37.4965356813951, -34.11558958746963, -2.0999998999932163
-37.4834993288172, -34.50550777585657, -2.0999998999932163
-37.44146122659134, -34.89334267337485, -2.0999998999932163
-37.36554510973688, -35.27594859874267, -2.0999998999932163
-37.250491214049696, -35.64860021499421, -2.0999998999932163
-37.091390780400204, -36.00460598664701, -2.0999998999932163
-36.885026941199044, -36.33538300324267, -2.0999998999932163
-36.63153581731915, -36.63153581731926, -2.0999998999932163
-36.33538300324255, -36.885026941199165, -2.0999998999932163
-36.00460598664688, -37.09139078040032, -2.0999998999932163
-35.648600214994076, -37.250491214049795, -2.0999998999932163
-35.27594859874253, -37.36554510973697, -2.0999998999932163
-34.89334267337472, -37.44146122659144, -2.0999998999932163
-34.50550777585643, -37.4834993288173, -2.0999998999932163
-34.1155895874695, -37.4965356813952, -2.0999998999932163
-34.115589587469486, -37.49653568139519, -2.0999998999932163
-29.241933932116694, -37.49653568139519, -2.0999998999932163
-24.368278276763906, -37.49653568139519, -2.0999998999932163
-19.494622621411118, -37.49653568139519, -2.0999998999932163
-14.620966966058326, -37.49653568139519, -2.0999998999932163
-9.747311310705536, -37.49653568139519, -2.0999998999932163
-4.873655655352746, -37.49653568139519, -2.0999998999932163
4.263256414560601e-14, -37.49653568139518, -2.0999998999932163
4.8736556553528345, -37.49653568139518, -2.0999998999932163
9.747311310705626, -37.49653568139518, -2.0999998999932163
14.620966966058418, -37.49653568139518, -2.0999998999932163
19.49462262141121, -37.49653568139518, -2.0999998999932163
24.368278276764002, -37.49653568139518, -2.0999998999932163
29.241933932116794, -37.49653568139518, -2.0999998999932163
34.11558958746957, -37.49653568139518, -2.0999998999932163
34.11558958746956, -37.49653568139518, -2.0999998999932163
34.5055077758565, -37.483499328817274, -2.0999998999932163
34.89334267337479, -37.44146122659143, -2.0999998999932163
35.2759485987426, -37.365545109736956, -2.0999998999932163
35.64860021499415, -37.250491214049774, -2.0999998999932163
36.00460598664695, -37.09139078040029, -2.0999998999932163
36.33538300324261, -36.88502694119914, -2.0999998999932163
36.631535817319204, -36.63153581731925, -2.0999998999932163
36.88502694119911, -36.335383003242654, -2.0999998999932163
37.09139078040026, -36.00460598664699, -2.0999998999932163
37.25049121404976, -35.64860021499418, -2.0999998999932163
37.36554510973694, -35.27594859874263, -2.0999998999932163
37.441461226591414, -34.89334267337482, -2.0999998999932163
37.48349932881727, -34.50550777585653, -2.0999998999932163
37.49653568139517, -34.115589587469586, -2.0999998999932163
37.496535681395166, -34.11558958746957, -2.0999998999932163
37.496535681395166, -29.24193393211678, -2.0999998999932163
37.496535681395166, -24.368278276763988, -2.0999998999932163
37.496535681395166, -19.4946226214112, -2.0999998999932163
37.496535681395166, -14.620966966058408, -2.0999998999932163
37.496535681395166, -9.747311310705616, -2.0999998999932163
37.496535681395166, -4.873655655352824, -2.0999998999932163
37.496535681395166, -3.197442310920451e-14, -2.0999998999932163
37.496535681395166, 4.87365565535276, -2.0999998999932163
37.496535681395166, 9.747311310705548, -2.0999998999932163
37.496535681395166, 14.62096696605834, -2.0999998999932163
37.496535681395166, 19.494622621411132, -2.0999998999932163
37.496535681395166, 24.368278276763924, -2.0999998999932163
37.496535681395166, 29.241933932116716, -2.0999998999932163
37.496535681395166, 34.1155895874695, -2.0999998999932163
37.496535681395144, 34.11558958746947, -2.0999998999932163
37.483499328817246, 34.505507775856415, -2.0999998999932163
37.44146122659139, 34.89334267337469, -2.0999998999932163
37.36554510973693, 35.27594859874251, -2.0999998999932163
37.250491214049745, 35.648600214994055, -2.0999998999932163
37.09139078040026, 36.004605986646865, -2.0999998999932163
36.88502694119912, 36.33538300324253, -2.0999998999932163
36.631535817319225, 36.63153581731913, -2.0999998999932163
36.33538300324264, 36.88502694119903, -2.0999998999932163
36.00460598664698, 37.09139078040019, -2.0999998999932163
35.64860021499418, 37.25049121404969, -2.0999998999932163
35.27594859874264, 37.36554510973687, -2.0999998999932163
34.89334267337482, 37.44146122659134, -2.0999998999932163
34.505507775856536, 37.4834993288172, -2.0999998999932163
34.11558958746959, 37.4965356813951, -2.0999998999932163
33.043336127214815, 36.424282221140295, -2.5999998999932163
28.3228595376127, 36.424282221140295, -2.5999998999932163
23.602382948010586, 36.424282221140295, -2.5999998999932163
18.88190635840847, 36.424282221140295, -2.5999998999932163
14.161429768806357, 36.424282221140295, -2.5999998999932163
9.440953179204243, 36.424282221140295, -2.5999998999932163
4.720476589602129, 36.424282221140295, -2.5999998999932163
1.4210854715202004e-14, 36.424282221140295, -2.5999998999932163
-4.7204765896021, 36.42428222114029, -2.5999998999932163
-9.440953179204213, 36.42428222114029, -2.5999998999932163
-14.161429768806325, 36.42428222114029, -2.5999998999932163
-18.881906358408436, 36.42428222114029, -2.5999998999932163
-23.60238294801055, 36.42428222114029, -2.5999998999932163
-28.322859537612665, 36.42428222114029, -2.5999998999932163
-33.04333612721475, 36.42428222114029, -2.5999998999932163
-33.043336127214744, 36.42428222114029, -2.5999998999932163
-33.43325431560167, 36.41124586856239, -2.5999998999932163
-33.821089213119954, 36.36920776633653, -2.5999998999932163
-34.20369513848777, 36.29329164948207, -2.5999998999932163
-34.576346754739305, 36.17823775379489, -2.5999998999932163
-34.93235252639211, 36.019137320145404, -2.5999998999932163
-35.26312954298777, 35.812773480944244, -2.5999998999932163
-35.55928235706436, 35.55928235706435, -2.5999998999932163
-35.81277348094426, 35.26312954298776, -2.5999998999932163
-36.019137320145404, 34.9323525263921, -2.5999998999932163
-36.1782377537949, 34.576346754739305, -2.5999998999932163
-36.29329164948208, 34.20369513848776, -2.5999998999932163
-36.369207766336544, 33.82108921311995, -2.5999998999932163
-36.4112458685624, 33.43325431560167, -2.5999998999932163
-36.4242822211403, 33.043336127214744, -2.5999998999932163
-36.42428222114029, 33.04333612721474, -2.599999899993216
-36.42428222114029, 28.322859537612622, -2.599999899993216
-36.42428222114029, 23.602382948010508, -2.599999899993216
-36.42428222114029, 18.881906358408393, -2.599999899993216
-36.42428222114029, 14.16142976880628, -2.599999899993216
-36.42428222114029, 9.440953179204165, -2.599999899993216
-36.42428222114029, 4.72047658960205, -2.599999899993216
-36.42428222114029, -6.394884621840902e-14, -2.599999899993216
-36.42428222114029, -4.720476589602178, -2.599999899993216
-36.42428222114029, -9.440953179204293, -2.599999899993216
-36.42428222114029, -14.161429768806407, -2.599999899993216
-36.42428222114029, -18.88190635840852, -2.599999899993216
-36.42428222114029, -23.602382948010636, -2.599999899993216
-36.42428222114029, -28.32285953761275, -2.599999899993216
-36.42428222114029, -33.043336127214864, -2.599999899993216
-36.42428222114031, -33.04333612721486, -2.5999998999932163
-36.4112458685624, -33.43325431560179, -2.5999998999932163
-36.369207766336544, -33.821089213120075, -2.5999998999932163
-36.293291649482086, -34.203695138487895, -2.5999998999932163
-36.1782377537949, -34.57634675473943, -2.5999998999932163
-36.019137320145404, -34.932352526392236, -2.5999998999932163
-35.81277348094425, -35.2631295429879, -2.5999998999932163
-35.55928235706435, -35.55928235706449, -2.5999998999932163
-35.263129542987755, -35.81277348094439, -2.5999998999932163
-34.93235252639209, -36.01913732014554, -2.5999998999932163
-34.57634675473928, -36.17823775379502, -2.5999998999932163
-34.20369513848774, -36.2932916494822, -2.5999998999932163
-33.82108921311992, -36.36920776633667, -2.5999998999932163
-33.43325431560164, -36.411245868562524, -2.5999998999932163
-33.04333612721471, -36.42428222114043, -2.5999998999932163
-33.043336127214694, -36.424282221140416, -2.5999998999932163
-28.322859537612587, -36.424282221140416, -2.5999998999932163
-23.60238294801048, -36.424282221140416, -2.5999998999932163
-18.881906358408376, -36.424282221140416, -2.5999998999932163
-14.161429768806268, -36.424282221140416, -2.5999998999932163
-9.440953179204161, -36.424282221140416, -2.5999998999932163
-4.720476589602054, -36.424282221140416, -2.5999998999932163
5.3290705182007514e-14, -36.42428222114041, -2.5999998999932163
4.7204765896021605, -36.42428222114041, -2.5999998999932163
9.440953179204264, -36.42428222114041, -2.5999998999932163
14.161429768806371, -36.42428222114041, -2.5999998999932163
18.88190635840848, -36.42428222114041, -2.5999998999932163
23.602382948010586, -36.42428222114041, -2.5999998999932163
28.322859537612693, -36.42428222114041, -2.5999998999932163
33.0433361272148, -36.42428222114041, -2.5999998999932163
33.04333612721478, -36.4242822211404, -2.5999998999932163
33.433254315601715, -36.4112458685625, -2.5999998999932163
33.821089213120004, -36.36920776633664, -2.5999998999932163
34.20369513848782, -36.29329164948218, -2.5999998999932163
34.57634675473936, -36.178237753795, -2.5999998999932163
34.932352526392165, -36.01913732014552, -2.5999998999932163
35.263129542987826, -35.812773480944365, -2.5999998999932163
35.55928235706442, -35.55928235706446, -2.5999998999932163
35.81277348094433, -35.263129542987876, -2.5999998999932163
36.01913732014549, -34.93235252639221, -2.5999998999932163
36.178237753794974, -34.576346754739404, -2.5999998999932163
36.293291649482164, -34.20369513848785, -2.5999998999932163
36.36920776633663, -33.82108921312004, -2.5999998999932163
36.41124586856249, -33.43325431560175, -2.5999998999932163
36.424282221140395, -33.04333612721481, -2.5999998999932163
36.42428222114039, -33.0433361272148, -2.5999998999932163
36.42428222114039, -28.322859537612693, -2.5999998999932163
36.42428222114039, -23.602382948010586, -2.5999998999932163
36.42428222114039, -18.88190635840848, -2.5999998999932163
36.42428222114039, -14.161429768806371, -2.5999998999932163
36.42428222114039, -9.440953179204264, -2.5999998999932163
36.42428222114039, -4.720476589602157, -2.5999998999932163
36.42428222114039, -4.973799150320701e-14, -2.5999998999932163
36.42428222114039, 4.7204765896020575, -2.5999998999932163
36.42428222114039, 9.440953179204165, -2.5999998999932163
36.42428222114039, 14.161429768806272, -2.5999998999932163
36.42428222114039, 18.88190635840838, -2.5999998999932163
36.42428222114039, 23.602382948010487, -2.5999998999932163
36.42428222114039, 28.322859537612594, -2.5999998999932163
36.42428222114039, 33.0433361272147, -2.5999998999932163
36.42428222114037, 33.04333612721469, -2.5999998999932163
36.41124586856246, 33.43325431560162, -2.5999998999932163
36.369207766336615, 33.821089213119905, -2.5999998999932163
36.29329164948215, 34.20369513848773, -2.5999998999932163
36.178237753794974, 34.576346754739276, -2.5999998999932163
36.01913732014548, 34.93235252639208, -2.5999998999932163
35.812773480944344, 35.26312954298774, -2.5999998999932163
35.55928235706444, 35.55928235706435, -2.5999998999932163
35.263129542987855, 35.812773480944244, -2.5999998999932163
34.932352526392194, 36.019137320145404, -2.5999998999932163
34.57634675473939, 36.178237753794896, -2.5999998999932163
34.203695138487845, 36.29329164948207, -2.5999998999932163
33.82108921312004, 36.36920776633655, -2.5999998999932163
33.43325431560176, 36.4112458685624, -2.5999998999932163
33.043336127214815, 36.4242822211403, -2.5999998999932163
31.971082666960037, 35.352028760885496, -3.0999998999932163
27.403785143108607, 35.352028760885496, -3.0999998999932163
22.836487619257177, 35.352028760885496, -3.0999998999932163
18.269190095405747, 35.352028760885496, -3.0999998999932163
13.701892571554318, 35.352028760885496, -3.0999998999932163
9.134595047702888, 35.352028760885496, -3.0999998999932163
4.567297523851458, 35.352028760885496, -3.0999998999932163
2.842170943040401e-14, 35.352028760885496, -3.0999998999932163
-4.567297523851401, 35.35202876088549, -3.0999998999932163
-9.13459504770283, 35.35202876088549, -3.0999998999932163
-13.701892571554257, 35.35202876088549, -3.0999998999932163
-18.269190095405683, 35.35202876088549, -3.0999998999932163
-22.836487619257113, 35.35202876088549, -3.0999998999932163
-27.403785143108543, 35.35202876088549, -3.0999998999932163
-31.97108266695995, 35.35202876088549, -3.0999998999932163
-31.971082666959937, 35.35202876088549, -3.0999998999932163
-32.36100085534687, 35.33899240830759, -3.0999998999932163
-32.74883575286515, 35.296954306081744, -3.0999998999932163
-33.13144167823297, 35.22103818922727, -3.0999998999932163
-33.504093294484505, 35.10598429354009, -3.0999998999932163
-33.86009906613731, 34.946883859890605, -3.0999998999932163
-34.19087608273297, 34.74052002068946, -3.0999998999932163
-34.48702889680956, 34.487028896809555, -3.0999998999932163
-34.74052002068946, 34.19087608273296, -3.0999998999932163
-34.94688385989062, 33.8600990661373, -3.0999998999932163
-35.105984293540104, 33.5040932944845, -3.0999998999932163
-35.221038189227286, 33.13144167823295, -3.0999998999932163
-35.29695430608175, 32.74883575286514, -3.0999998999932163
-35.338992408307604, 32.361000855346866, -3.0999998999932163
-35.3520287608855, 31.971082666959937, -3.0999998999932163
-35.3520287608855, 31.97108266695993, -3.099999899993216
-35.3520287608855, 27.4037851431085, -3.099999899993216
-35.3520287608855, 22.83648761925707, -3.099999899993216
-35.3520287608855, 18.26919009540564, -3.099999899993216
-35.3520287608855, 13.701892571554211, -3.099999899993216
-35.3520287608855, 9.134595047702781, -3.099999899993216
-35.3520287608855, 4.567297523851352, -3.099999899993216
-35.3520287608855, -7.815970093361102e-14, -3.099999899993216
-35.3520287608855, -4.567297523851508, -3.099999899993216
-35.3520287608855, -9.134595047702938, -3.099999899993216
-35.3520287608855, -13.701892571554367, -3.099999899993216
-35.3520287608855, -18.269190095405797, -3.099999899993216
-35.3520287608855, -22.836487619257227, -3.099999899993216
-35.3520287608855, -27.403785143108657, -3.099999899993216
-35.3520287608855, -31.971082666960086, -3.099999899993216
-35.35202876088552, -31.971082666960083, -3.0999998999932163
-35.338992408307604, -32.36100085534702, -3.0999998999932163
-35.29695430608176, -32.748835752865304, -3.0999998999932163
-35.221038189227286, -33.13144167823312, -3.0999998999932163
-35.105984293540104, -33.50409329448466, -3.0999998999932163
-34.946883859890605, -33.860099066137465, -3.0999998999932163
-34.74052002068946, -34.190876082733126, -3.0999998999932163
-34.48702889680955, -34.48702889680971, -3.0999998999932163
-34.190876082732956, -34.740520020689615, -3.0999998999932163
-33.86009906613729, -34.94688385989076, -3.0999998999932163
-33.50409329448449, -35.105984293540246, -3.0999998999932163
-33.131441678232946, -35.22103818922742, -3.0999998999932163
-32.748835752865126, -35.296954306081886, -3.0999998999932163
-32.361000855346845, -35.338992408307746, -3.0999998999932163
-31.971082666959912, -35.352028760885645, -3.0999998999932163
-31.971082666959894, -35.35202876088563, -3.0999998999932163
-27.403785143108472, -35.35202876088563, -3.0999998999932163
-22.83648761925705, -35.35202876088563, -3.0999998999932163
-18.269190095405627, -35.35202876088563, -3.0999998999932163
-13.701892571554204, -35.35202876088563, -3.0999998999932163
-9.134595047702781, -35.35202876088563, -3.0999998999932163
-4.567297523851359, -35.35202876088563, -3.0999998999932163
6.394884621840902e-14, -35.352028760885624, -3.0999998999932163
4.567297523851487, -35.352028760885624, -3.0999998999932163
9.13459504770291, -35.352028760885624, -3.0999998999932163
13.701892571554332, -35.352028760885624, -3.0999998999932163
18.269190095405754, -35.352028760885624, -3.0999998999932163
22.836487619257177, -35.352028760885624, -3.0999998999932163
27.4037851431086, -35.352028760885624, -3.0999998999932163
31.971082666960022, -35.352028760885624, -3.0999998999932163
31.971082666960005, -35.35202876088563, -3.0999998999932163
32.361000855346944, -35.338992408307725, -3.0999998999932163
32.74883575286523, -35.29695430608187, -3.0999998999932163
33.131441678233045, -35.2210381892274, -3.0999998999932163
33.50409329448459, -35.105984293540224, -3.0999998999932163
33.860099066137394, -34.94688385989074, -3.0999998999932163
34.190876082733055, -34.74052002068959, -3.0999998999932163
34.48702889680965, -34.48702889680969, -3.0999998999932163
34.74052002068956, -34.1908760827331, -3.0999998999932163
34.94688385989071, -33.86009906613744, -3.0999998999932163
35.1059842935402, -33.50409329448463, -3.0999998999932163
35.221038189227386, -33.13144167823309, -3.0999998999932163
35.29695430608186, -32.74883575286527, -3.0999998999932163
35.33899240830772, -32.36100085534699, -3.0999998999932163
35.35202876088562, -31.971082666960044, -3.0999998999932163
35.35202876088562, -31.971082666960022, -3.0999998999932163
35.35202876088562, -27.4037851431086, -3.0999998999932163
35.35202876088562, -22.836487619257177, -3.0999998999932163
35.35202876088562, -18.26919009540575, -3.0999998999932163
35.35202876088562, -13.701892571554328, -3.0999998999932163
35.35202876088562, -9.134595047702906, -3.0999998999932163
35.35202876088562, -4.567297523851483, -3.0999998999932163
35.35202876088562, -6.039613253960852e-14, -3.0999998999932163
35.35202876088562, 4.567297523851362, -3.0999998999932163
35.35202876088562, 9.134595047702788, -3.0999998999932163
35.35202876088562, 13.701892571554211, -3.0999998999932163
35.35202876088562, 18.269190095405634, -3.0999998999932163
35.35202876088562, 22.836487619257056, -3.0999998999932163
35.35202876088562, 27.40378514310848, -3.0999998999932163
35.35202876088562, 31.9710826669599, -3.0999998999932163
35.35202876088559, 31.971082666959887, -3.0999998999932163
35.33899240830769, 32.36100085534682, -3.0999998999932163
35.29695430608183, 32.748835752865105, -3.0999998999932163
35.22103818922737, 33.13144167823293, -3.0999998999932163
35.10598429354019, 33.50409329448448, -3.0999998999932163
34.946883859890704, 33.86009906613728, -3.0999998999932163
34.74052002068956, 34.19087608273294, -3.0999998999932163
34.48702889680966, 34.48702889680955, -3.0999998999932163
34.19087608273308, 34.740520020689445, -3.0999998999932163
33.86009906613741, 34.946883859890605, -3.0999998999932163
33.50409329448461, 35.1059842935401, -3.0999998999932163
33.131441678233074, 35.22103818922727, -3.0999998999932163
32.74883575286526, 35.29695430608175, -3.0999998999932163
32.36100085534697, 35.338992408307604, -3.0999998999932163
31.971082666960033, 35.35202876088551, -3.0999998999932163
30.898829206705265, 34.279775300630696, -3.5999998999932163
26.48471074860452, 34.279775300630696, -3.5999998999932163
22.070592290503775, 34.279775300630696, -3.5999998999932163
17.65647383240303, 34.279775300630696, -3.5999998999932163
13.242355374302285, 34.279775300630696, -3.5999998999932163
8.82823691620154, 34.279775300630696, -3.5999998999932163
4.414118458100795, 34.279775300630696, -3.5999998999932163
4.973799150320701e-14, 34.279775300630696, -3.5999998999932163
-4.414118458100695, 34.27977530063069, -3.5999998999932163
-8.82823691620144, 34.27977530063069, -3.5999998999932163
-13.242355374302186, 34.27977530063069, -3.5999998999932163
-17.65647383240293, 34.27977530063069, -3.5999998999932163
-22.070592290503676, 34.27977530063069, -3.5999998999932163
-26.484710748604417, 34.27977530063069, -3.5999998999932163
-30.89882920670516, 34.27977530063069, -3.5999998999932163
-30.898829206705145, 34.279775300630696, -3.5999998999932163
-31.288747395092077, 34.26673894805279, -3.5999998999932163
-31.67658229261035, 34.224700845826945, -3.5999998999932163
-32.059188217978175, 34.14878472897247, -3.5999998999932163
-32.431839834229706, 34.0337308332853, -3.5999998999932163
-32.78784560588251, 33.87463039963581, -3.5999998999932163
-33.11862262247817, 33.66826656043466, -3.5999998999932163
-33.41477543655477, 33.41477543655476, -3.5999998999932163
-33.66826656043467, 33.11862262247817, -3.5999998999932163
-33.87463039963582, 32.78784560588251, -3.5999998999932163
-34.033730833285304, 32.431839834229706, -3.5999998999932163
-34.14878472897249, 32.05918821797816, -3.5999998999932163
-34.22470084582696, 31.676582292610345, -3.5999998999932163
-34.26673894805281, 31.288747395092066, -3.5999998999932163
-34.27977530063071, 30.898829206705145, -3.5999998999932163
-34.2797753006307, 30.898829206705138, -3.5999998999932155
-34.2797753006307, 26.484710748604392, -3.5999998999932155
-34.2797753006307, 22.070592290503647, -3.5999998999932155
-34.2797753006307, 17.656473832402902, -3.5999998999932155
-34.2797753006307, 13.242355374302157, -3.5999998999932155
-34.2797753006307, 8.828236916201412, -3.5999998999932155
-34.2797753006307, 4.414118458100667, -3.5999998999932155
-34.2797753006307, -7.815970093361102e-14, -3.5999998999932155
-34.2797753006307, -4.414118458100823, -3.5999998999932155
-34.2797753006307, -8.828236916201568, -3.5999998999932155
-34.2797753006307, -13.242355374302313, -3.5999998999932155
-34.2797753006307, -17.65647383240306, -3.5999998999932155
-34.2797753006307, -22.070592290503804, -3.5999998999932155
-34.2797753006307, -26.484710748604552, -3.5999998999932155
-34.2797753006307, -30.898829206705308, -3.5999998999932155
-34.27977530063072, -30.898829206705294, -3.5999998999932163
-34.26673894805281, -31.288747395092237, -3.5999998999932163
-34.22470084582696, -31.67658229261052, -3.5999998999932163
-34.14878472897249, -32.05918821797833, -3.5999998999932163
-34.03373083328531, -32.43183983422988, -3.5999998999932163
-33.87463039963582, -32.78784560588268, -3.5999998999932163
-33.66826656043466, -33.11862262247834, -3.5999998999932163
-33.41477543655476, -33.41477543655493, -3.5999998999932163
-33.11862262247816, -33.66826656043484, -3.5999998999932163
-32.787845605882495, -33.87463039963598, -3.5999998999932163
-32.43183983422969, -34.03373083328547, -3.5999998999932163
-32.059188217978146, -34.14878472897264, -3.5999998999932163
-31.67658229261033, -34.224700845827115, -3.5999998999932163
-31.288747395092052, -34.26673894805297, -3.5999998999932163
-30.89882920670511, -34.279775300630874, -3.5999998999932163
-30.8988292067051, -34.27977530063086, -3.5999998999932163
-26.48471074860436, -34.27977530063086, -3.5999998999932163
-22.07059229050362, -34.27977530063086, -3.5999998999932163
-17.65647383240288, -34.27977530063086, -3.5999998999932163
-13.242355374302143, -34.27977530063086, -3.5999998999932163
-8.828236916201405, -34.27977530063086, -3.5999998999932163
-4.414118458100667, -34.27977530063086, -3.5999998999932163
7.105427357601002e-14, -34.27977530063085, -3.5999998999932163
4.414118458100809, -34.27977530063085, -3.5999998999932163
8.828236916201547, -34.27977530063085, -3.5999998999932163
13.242355374302285, -34.27977530063085, -3.5999998999932163
17.656473832403023, -34.27977530063085, -3.5999998999932163
22.07059229050376, -34.27977530063085, -3.5999998999932163
26.4847107486045, -34.27977530063085, -3.5999998999932163
30.89882920670525, -34.27977530063085, -3.5999998999932163
30.89882920670523, -34.27977530063085, -3.5999998999932163
31.288747395092166, -34.26673894805295, -3.5999998999932163
31.676582292610455, -34.2247008458271, -3.5999998999932163
32.05918821797827, -34.14878472897263, -3.5999998999932163
32.43183983422981, -34.033730833285446, -3.5999998999932163
32.787845605882616, -33.87463039963596, -3.5999998999932163
33.11862262247828, -33.668266560434816, -3.5999998999932163
33.41477543655487, -33.41477543655492, -3.5999998999932163
33.66826656043478, -33.11862262247833, -3.5999998999932163
33.87463039963593, -32.787845605882666, -3.5999998999932163
34.033730833285425, -32.431839834229855, -3.5999998999932163
34.148784728972615, -32.0591882179783, -3.5999998999932163
34.22470084582708, -31.67658229261049, -3.5999998999932163
34.26673894805294, -31.2887473950922, -3.5999998999932163
34.279775300630845, -30.89882920670526, -3.5999998999932163
34.27977530063083, -30.898829206705244, -3.5999998999932163
34.27977530063083, -26.484710748604506, -3.5999998999932163
34.27977530063083, -22.070592290503765, -3.5999998999932163
34.27977530063083, -17.656473832403023, -3.5999998999932163
34.27977530063083, -13.242355374302285, -3.5999998999932163
34.27977530063083, -8.828236916201545, -3.5999998999932163
34.27977530063083, -4.4141184581008055, -3.5999998999932163
34.27977530063083, -6.394884621840902e-14, -3.5999998999932163
34.27977530063083, 4.414118458100674, -3.5999998999932163
34.27977530063083, 8.828236916201412, -3.5999998999932163
34.27977530063083, 13.24235537430215, -3.5999998999932163
34.27977530063083, 17.656473832402888, -3.5999998999932163
34.27977530063083, 22.070592290503626, -3.5999998999932163
34.27977530063083, 26.484710748604364, -3.5999998999932163
34.27977530063083, 30.89882920670511, -3.5999998999932163
34.27977530063082, 30.898829206705095, -3.5999998999932163
34.26673894805291, 31.28874739509203, -3.5999998999932163
34.22470084582706, 31.676582292610313, -3.5999998999932163
34.14878472897259, 32.059188217978125, -3.5999998999932163
34.03373083328542, 32.43183983422967, -3.5999998999932163
33.87463039963593, 32.787845605882474, -3.5999998999932163
33.66826656043479, 33.118622622478135, -3.5999998999932163
33.41477543655489, 33.41477543655474, -3.5999998999932163
33.118622622478306, 33.668266560434645, -3.5999998999932163
32.787845605882644, 33.8746303996358, -3.5999998999932163
32.43183983422985, 34.0337308332853, -3.5999998999932163
32.05918821797831, 34.14878472897248, -3.5999998999932163
31.676582292610497, 34.22470084582695, -3.5999998999932163
31.28874739509221, 34.266738948052804, -3.5999998999932163
30.898829206705265, 34.27977530063071, -3.5999998999932163
29.82657574645048, 33.2075218403759, -4.099999899993216
25.56563635410042, 33.2075218403759, -4.099999899993216
21.30469696175036, 33.2075218403759, -4.099999899993216
17.0437575694003, 33.2075218403759, -4.099999899993216
12.782818177050238, 33.2075218403759, -4.099999899993216
8.521878784700178, 33.2075218403759, -4.099999899993216
4.260939392350117, 33.2075218403759, -4.099999899993216
5.684341886080802e-14, 33.2075218403759, -4.099999899993216
-4.260939392350004, 33.20752184037589, -4.099999899993216
-8.521878784700064, 33.20752184037589, -4.099999899993216
-12.782818177050125, 33.20752184037589, -4.099999899993216
-17.043757569400185, 33.20752184037589, -4.099999899993216
-21.304696961750246, 33.20752184037589, -4.099999899993216
-25.565636354100302, 33.20752184037589, -4.099999899993216
-29.82657574645036, 33.20752184037589, -4.099999899993216
-29.826575746450366, 33.207521840375904, -4.099999899993216
-30.216493934837295, 33.194485487798005, -4.099999899993216
-30.60432883235557, 33.152447385572145, -4.099999899993216
-30.986934757723382, 33.07653126871767, -4.099999899993216
-31.359586373974928, 32.96147737303049, -4.099999899993216
-31.715592145627724, 32.802376939381006, -4.099999899993216
-32.046369162223385, 32.59601310017985, -4.099999899993216
-32.34252197629998, 32.34252197629996, -4.099999899993216
-32.59601310017987, 32.04636916222337, -4.099999899993216
-32.80237693938102, 31.71559214562771, -4.099999899993216
-32.961477373030505, 31.359586373974906, -4.099999899993216
-33.07653126871769, 30.98693475772336, -4.099999899993216
-33.15244738557216, 30.60432883235555, -4.099999899993216
-33.19448548779801, 30.216493934837274, -4.099999899993216
-33.20752184037591, 29.826575746450345, -4.099999899993216
-33.207521840375904, 29.826575746450345, -4.099999899993216
-33.207521840375904, 25.565636354100285, -4.099999899993216
-33.207521840375904, 21.304696961750224, -4.099999899993216
-33.207521840375904, 17.043757569400164, -4.099999899993216
-33.207521840375904, 12.782818177050103, -4.099999899993216
-33.207521840375904, 8.521878784700043, -4.099999899993216
-33.207521840375904, 4.260939392349982, -4.099999899993216
-33.207521840375904, -7.815970093361102e-14, -4.099999899993216
-33.207521840375904, -4.260939392350139, -4.099999899993216
-33.207521840375904, -8.5218787847002, -4.099999899993216
-33.207521840375904, -12.782818177050263, -4.099999899993216
-33.207521840375904, -17.043757569400327, -4.099999899993216
-33.207521840375904, -21.304696961750388, -4.099999899993216
-33.207521840375904, -25.565636354100448, -4.099999899993216
-33.207521840375904, -29.826575746450533, -4.099999899993216
-33.20752184037592, -29.82657574645053, -4.099999899993215
-33.19448548779802, -30.216493934837466, -4.099999899993215
-33.15244738557216, -30.60432883235575, -4.099999899993215
-33.076531268717694, -30.986934757723567, -4.099999899993215
-32.96147737303051, -31.35958637397511, -4.099999899993215
-32.80237693938102, -31.71559214562791, -4.099999899993215
-32.59601310017986, -32.04636916222357, -4.099999899993215
-32.34252197629996, -32.34252197630016, -4.099999899993215
-32.046369162223364, -32.59601310018006, -4.099999899993215
-31.7155921456277, -32.80237693938121, -4.099999899993215
-31.359586373974896, -32.96147737303069, -4.099999899993215
-30.98693475772335, -33.07653126871787, -4.099999899993215
-30.604328832355534, -33.152447385572344, -4.099999899993215
-30.21649393483725, -33.1944854877982, -4.099999899993215
-29.826575746450324, -33.207521840376096, -4.099999899993215
-29.8265757464503, -33.207521840376074, -4.099999899993216
-25.565636354100246, -33.207521840376074, -4.099999899993216
-21.30469696175019, -33.207521840376074, -4.099999899993216
-17.043757569400135, -33.207521840376074, -4.099999899993216
-12.782818177050082, -33.207521840376074, -4.099999899993216
-8.521878784700029, -33.207521840376074, -4.099999899993216
-4.260939392349975, -33.207521840376074, -4.099999899993216
7.815970093361102e-14, -33.20752184037607, -4.099999899993216
4.2609393923501315, -33.20752184037607, -4.099999899993216
8.521878784700185, -33.20752184037607, -4.099999899993216
12.782818177050238, -33.20752184037607, -4.099999899993216
17.04375756940029, -33.20752184037607, -4.099999899993216
21.304696961750345, -33.20752184037607, -4.099999899993216
25.5656363541004, -33.20752184037607, -4.099999899993216
29.826575746450466, -33.20752184037607, -4.099999899993216
29.826575746450445, -33.20752184037608, -4.099999899993216
30.216493934837384, -33.194485487798175, -4.099999899993216
30.60432883235567, -33.152447385572316, -4.099999899993216
30.986934757723485, -33.07653126871786, -4.099999899993216
31.359586373975027, -32.961477373030675, -4.099999899993216
31.71559214562783, -32.80237693938119, -4.099999899993216
32.0463691622235, -32.59601310018004, -4.099999899993216
32.34252197630009, -32.34252197630014, -4.099999899993216
32.59601310018, -32.04636916222355, -4.099999899993216
32.80237693938116, -31.715592145627888, -4.099999899993216
32.96147737303065, -31.359586373975077, -4.099999899993216
33.07653126871784, -30.986934757723525, -4.099999899993216
33.1524473855723, -30.604328832355712, -4.099999899993216
33.19448548779816, -30.216493934837427, -4.099999899993216
33.20752184037607, -29.82657574645048, -4.099999899993216
33.20752184037606, -29.82657574645047, -4.099999899993216
33.20752184037606, -25.565636354100413, -4.099999899993216
33.20752184037606, -21.30469696175036, -4.099999899993216
33.20752184037606, -17.043757569400302, -4.099999899993216
33.20752184037606, -12.782818177050245, -4.099999899993216
33.20752184037606, -8.521878784700188, -4.099999899993216
33.20752184037606, -4.2609393923501315, -4.099999899993216
33.20752184037606, -7.460698725481052e-14, -4.099999899993216
33.20752184037606, 4.260939392349982, -4.099999899993216
33.20752184037606, 8.521878784700036, -4.099999899993216
33.20752184037606, 12.782818177050089, -4.099999899993216
33.20752184037606, 17.043757569400142, -4.099999899993216
33.20752184037606, 21.304696961750196, -4.099999899993216
33.20752184037606, 25.56563635410025, -4.099999899993216
33.20752184037606, 29.826575746450317, -4.099999899993216
33.20752184037604, 29.826575746450303, -4.099999899993216
33.19448548779813, 30.216493934837235, -4.099999899993216
33.15244738557228, 30.60432883235552, -4.099999899993216
33.07653126871782, 30.98693475772334, -4.099999899993216
32.96147737303064, 31.359586373974885, -4.099999899993216
32.802376939381155, 31.71559214562769, -4.099999899993216
32.59601310018001, 32.04636916222335, -4.099999899993216
32.34252197630011, 32.34252197629995, -4.099999899993216
32.04636916222352, 32.59601310017986, -4.099999899993216
31.71559214562786, 32.80237693938101, -4.099999899993216
31.359586373975056, 32.961477373030505, -4.099999899993216
30.986934757723517, 33.07653126871769, -4.099999899993216
30.604328832355705, 33.15244738557215, -4.099999899993216
30.216493934837416, 33.19448548779801, -4.099999899993216
29.82657574645048, 33.20752184037592, -4.099999899993216
28.75432228619571, 32.135268380121104, -4.599999899993216
24.646561959596333, 32.135268380121104, -4.599999899993216
20.538801632996957, 32.135268380121104, -4.599999899993216
16.43104130639758, 32.135268380121104, -4.599999899993216
12.323280979798206, 32.135268380121104, -4.599999899993216
8.21552065319883, 32.135268380121104, -4.599999899993216
4.107760326599454, 32.135268380121104, -4.599999899993216
7.815970093361102e-14, 32.135268380121104, -4.599999899993216
-4.107760326599298, 32.1352683801211, -4.599999899993216
-8.215520653198674, 32.1352683801211, -4.599999899993216
-12.32328097979805, 32.1352683801211, -4.599999899993216
-16.431041306397425, 32.1352683801211, -4.599999899993216
-20.5388016329968, 32.1352683801211, -4.599999899993216
-24.64656195959618, 32.1352683801211, -4.599999899993216
-28.754322286195563, 32.1352683801211, -4.599999899993216
-28.754322286195553, 32.135268380121104, -4.599999899993216
-29.14424047458249, 32.122232027543205, -4.599999899993216
-29.532075372100767, 32.080193925317346, -4.599999899993216
-29.91468129746858, 32.00427780846289, -4.599999899993216
-30.28733291372012, 31.8892239127757, -4.599999899993216
-30.64333868537292, 31.730123479126217, -4.599999899993216
-30.974115701968586, 31.523759639925064, -4.599999899993216
-31.270268516045174, 31.270268516045167, -4.599999899993216
-31.52375963992507, 30.97411570196858, -4.599999899993216
-31.73012347912622, 30.643338685372917, -4.599999899993216
-31.889223912775712, 30.287332913720117, -4.599999899993216
-32.00427780846289, 29.914681297468576, -4.599999899993216
-32.08019392531736, 29.532075372100763, -4.599999899993216
-32.12223202754321, 29.14424047458249, -4.599999899993216
-32.13526838012112, 28.754322286195553, -4.599999899993216
-32.135268380121104, 28.754322286195546, -4.5999998999932155
-32.135268380121104, 24.64656195959617, -4.5999998999932155
-32.135268380121104, 20.538801632996794, -4.5999998999932155
-32.135268380121104, 16.431041306397418, -4.5999998999932155
-32.135268380121104, 12.323280979798042, -4.5999998999932155
-32.135268380121104, 8.215520653198663, -4.5999998999932155
-32.135268380121104, 4.1077603265992835, -4.5999998999932155
-32.135268380121104, -9.592326932761353e-14, -4.5999998999932155
-32.135268380121104, -4.107760326599475, -4.5999998999932155
-32.135268380121104, -8.215520653198855, -4.5999998999932155
-32.135268380121104, -12.323280979798234, -4.5999998999932155
-32.135268380121104, -16.431041306397614, -4.5999998999932155
-32.135268380121104, -20.538801632996993, -4.5999998999932155
-32.135268380121104, -24.64656195959637, -4.5999998999932155
-32.135268380121104, -28.754322286195755, -4.5999998999932155
-32.13526838012112, -28.754322286195745, -4.599999899993216
-32.12223202754322, -29.144240474582688, -4.599999899993216
-32.08019392531736, -29.53207537210097, -4.599999899993216
-32.00427780846289, -29.914681297468785, -4.599999899993216
-31.88922391277571, -30.287332913720327, -4.599999899993216
-31.730123479126217, -30.643338685373127, -4.599999899993216
-31.52375963992506, -30.97411570196879, -4.599999899993216
-31.270268516045157, -31.27026851604538, -4.599999899993216
-30.97411570196856, -31.52375963992528, -4.599999899993216
-30.643338685372896, -31.73012347912643, -4.599999899993216
-30.287332913720093, -31.88922391277591, -4.599999899993216
-29.914681297468547, -32.00427780846309, -4.599999899993216
-29.53207537210073, -32.08019392531756, -4.599999899993216
-29.144240474582446, -32.12223202754342, -4.599999899993216
-28.75432228619552, -32.13526838012132, -4.599999899993216
-28.754322286195503, -32.1352683801213, -4.599999899993216
-24.64656195959613, -32.1352683801213, -4.599999899993216
-20.53880163299676, -32.1352683801213, -4.599999899993216
-16.43104130639739, -32.1352683801213, -4.599999899993216
-12.323280979798017, -32.1352683801213, -4.599999899993216
-8.215520653198645, -32.1352683801213, -4.599999899993216
-4.107760326599273, -32.1352683801213, -4.599999899993216
9.947598300641403e-14, -32.135268380121296, -4.599999899993216
4.107760326599472, -32.135268380121296, -4.599999899993216
8.215520653198844, -32.135268380121296, -4.599999899993216
12.323280979798213, -32.135268380121296, -4.599999899993216
16.43104130639758, -32.135268380121296, -4.599999899993216
20.53880163299695, -32.135268380121296, -4.599999899993216
24.64656195959632, -32.135268380121296, -4.599999899993216
28.754322286195695, -32.135268380121296, -4.599999899993216
28.754322286195674, -32.135268380121296, -4.599999899993217
29.144240474582617, -32.1222320275434, -4.599999899993217
29.532075372100905, -32.080193925317545, -4.599999899993217
29.914681297468718, -32.00427780846307, -4.599999899993217
30.287332913720263, -31.889223912775897, -4.599999899993217
30.643338685373067, -31.730123479126412, -4.599999899993217
30.974115701968728, -31.52375963992526, -4.599999899993217
31.27026851604532, -31.270268516045363, -4.599999899993217
31.523759639925224, -30.97411570196877, -4.599999899993217
31.730123479126384, -30.64333868537311, -4.599999899993217
31.889223912775876, -30.287332913720306, -4.599999899993217
32.00427780846306, -29.91468129746876, -4.599999899993217
32.08019392531753, -29.53207537210094, -4.599999899993217
32.12223202754339, -29.14424047458266, -4.599999899993217
32.13526838012129, -28.754322286195716, -4.599999899993217
32.13526838012128, -28.75432228619569, -4.599999899993216
32.13526838012128, -24.64656195959632, -4.599999899993216
32.13526838012128, -20.53880163299695, -4.599999899993216
32.13526838012128, -16.431041306397578, -4.599999899993216
32.13526838012128, -12.323280979798206, -4.599999899993216
32.13526838012128, -8.215520653198833, -4.599999899993216
32.13526838012128, -4.107760326599461, -4.599999899993216
32.13526838012128, -8.881784197001252e-14, -4.599999899993216
32.13526838012128, 4.1077603265992835, -4.599999899993216
32.13526838012128, 8.215520653198656, -4.599999899993216
32.13526838012128, 12.323280979798028, -4.599999899993216
32.13526838012128, 16.431041306397397, -4.599999899993216
32.13526838012128, 20.538801632996766, -4.599999899993216
32.13526838012128, 24.646561959596134, -4.599999899993216
32.13526838012128, 28.754322286195517, -4.599999899993216
32.13526838012126, 28.754322286195496, -4.599999899993216
32.122232027543355, 29.144240474582432, -4.599999899993216
32.0801939253175, 29.532075372100717, -4.599999899993216
32.004277808463044, 29.914681297468537, -4.599999899993216
31.88922391277586, 30.287332913720082, -4.599999899993216
31.730123479126377, 30.643338685372886, -4.599999899993216
31.52375963992523, 30.974115701968554, -4.599999899993216
31.270268516045334, 31.270268516045153, -4.599999899993216
30.97411570196875, 31.523759639925057, -4.599999899993216
30.64333868537308, 31.730123479126213, -4.599999899993216
30.287332913720284, 31.889223912775705, -4.599999899993216
29.91468129746874, 32.00427780846289, -4.599999899993216
29.532075372100934, 32.08019392531736, -4.599999899993216
29.144240474582645, 32.12223202754321, -4.599999899993216
28.75432228619571, 32.13526838012112, -4.599999899993216
27.68206882594093, 31.063014919866305, -5.099999899993216
23.72748756509224, 31.063014919866305, -5.099999899993216
19.77290630424355, 31.063014919866305, -5.099999899993216
15.818325043394857, 31.063014919866305, -5.099999899993216
11.863743782546166, 31.063014919866305, -5.099999899993216
7.909162521697475, 31.0630149198663, -5.099999899993216
3.9545812608487836, 31.0630149198663, -5.099999899993216
9.237055564881302e-14, 31.0630149198663, -5.099999899993216
-3.954581260848599, 31.0630149198663, -5.099999899993216
-7.909162521697292, 31.0630149198663, -5.099999899993216
-11.863743782545985, 31.0630149198663, -5.099999899993216
-15.818325043394678, 31.063014919866298, -5.099999899993216
-19.77290630424337, 31.063014919866298, -5.099999899993216
-23.727487565092062, 31.063014919866298, -5.099999899993216
-27.682068825940767, 31.063014919866298, -5.099999899993216
-27.682068825940757, 31.06301491986631, -5.099999899993216
-28.071987014327693, 31.04997856728841, -5.099999899993216
-28.45982191184597, 31.00794046506255, -5.099999899993216
-28.842427837213783, 30.93202434820809, -5.099999899993216
-29.215079453465325, 30.816970452520906, -5.099999899993216
-29.571085225118125, 30.65787001887142, -5.099999899993216
-29.90186224171379, 30.451506179670268, -5.099999899993216
-30.19801505579038, 30.19801505579037, -5.099999899993216
-30.451506179670275, 29.901862241713783, -5.099999899993216
-30.657870018871424, 29.57108522511812, -5.099999899993216
-30.816970452520916, 29.21507945346532, -5.099999899993216
-30.932024348208095, 28.84242783721378, -5.099999899993216
-31.00794046506256, 28.459821911845967, -5.099999899993216
-31.049978567288417, 28.071987014327693, -5.099999899993216
-31.06301491986632, 27.682068825940753, -5.099999899993216
-31.063014919866312, 27.682068825940746, -5.0999998999932155
-31.063014919866312, 23.727487565092048, -5.0999998999932155
-31.063014919866312, 19.77290630424335, -5.0999998999932155
-31.063014919866312, 15.818325043394651, -5.0999998999932155
-31.063014919866312, 11.863743782545953, -5.0999998999932155
-31.063014919866312, 7.909162521697258, -5.0999998999932155
-31.063014919866312, 3.9545812608485633, -5.0999998999932155
-31.063014919866312, -1.3145040611561853e-13, -5.0999998999932155
-31.063014919866312, -3.954581260848826, -5.0999998999932155
-31.063014919866312, -7.909162521697521, -5.0999998999932155
-31.063014919866312, -11.863743782546216, -5.0999998999932155
-31.063014919866312, -15.81832504339491, -5.0999998999932155
-31.063014919866312, -19.772906304243605, -5.0999998999932155
-31.063014919866312, -23.7274875650923, -5.0999998999932155
-31.063014919866312, -27.68206882594098, -5.0999998999932155
-31.06301491986632, -27.682068825940966, -5.099999899993216
-31.049978567288417, -28.071987014327902, -5.099999899993216
-31.007940465062564, -28.459821911846188, -5.099999899993216
-30.932024348208095, -28.842427837214004, -5.099999899993216
-30.816970452520916, -29.215079453465552, -5.099999899993216
-30.657870018871424, -29.57108522511835, -5.099999899993216
-30.451506179670268, -29.90186224171401, -5.099999899993216
-30.198015055790364, -30.198015055790602, -5.099999899993216
-29.90186224171377, -30.451506179670506, -5.099999899993216
-29.571085225118104, -30.65787001887165, -5.099999899993216
-29.215079453465297, -30.816970452521137, -5.099999899993216
-28.842427837213755, -30.932024348208316, -5.099999899993216
-28.459821911845935, -31.00794046506278, -5.099999899993216
-28.071987014327654, -31.049978567288637, -5.099999899993216
-27.682068825940725, -31.06301491986654, -5.099999899993216
-27.682068825940704, -31.063014919866525, -5.099999899993216
-23.727487565092016, -31.063014919866525, -5.099999899993216
-19.772906304243328, -31.063014919866525, -5.099999899993216
-15.818325043394644, -31.063014919866525, -5.099999899993216
-11.863743782545956, -31.06301491986652, -5.099999899993216
-7.909162521697269, -31.06301491986652, -5.099999899993216
-3.954581260848581, -31.06301491986652, -5.099999899993216
1.0658141036401503e-13, -31.06301491986652, -5.099999899993216
3.9545812608487942, -31.06301491986652, -5.099999899993216
7.909162521697482, -31.06301491986652, -5.099999899993216
11.863743782546166, -31.063014919866518, -5.099999899993216
15.81832504339485, -31.063014919866518, -5.099999899993216
19.772906304243534, -31.063014919866518, -5.099999899993216
23.72748756509222, -31.063014919866518, -5.099999899993216
27.682068825940917, -31.063014919866518, -5.099999899993216
27.6820688259409, -31.063014919866525, -5.099999899993216
28.07198701432784, -31.04997856728862, -5.099999899993216
28.459821911846127, -31.007940465062767, -5.099999899993216
28.84242783721394, -30.9320243482083, -5.099999899993216
29.215079453465485, -30.81697045252112, -5.099999899993216
29.57108522511829, -30.657870018871634, -5.099999899993216
29.90186224171395, -30.45150617967049, -5.099999899993216
30.198015055790542, -30.198015055790584, -5.099999899993216
30.45150617967045, -29.901862241714, -5.099999899993216
30.657870018871606, -29.57108522511833, -5.099999899993216
30.816970452521097, -29.215079453465528, -5.099999899993216
30.93202434820828, -28.84242783721399, -5.099999899993216
31.007940465062752, -28.459821911846163, -5.099999899993216
31.049978567288612, -28.07198701432788, -5.099999899993216
31.063014919866514, -27.68206882594094, -5.099999899993216
31.063014919866504, -27.682068825940917, -5.099999899993216
31.063014919866504, -23.72748756509223, -5.099999899993216
31.063014919866504, -19.77290630424354, -5.099999899993216
31.063014919866504, -15.818325043394852, -5.099999899993216
31.063014919866504, -11.863743782546164, -5.099999899993216
31.063014919866504, -7.909162521697477, -5.099999899993216
31.063014919866504, -3.954581260848787, -5.099999899993216
31.063014919866504, -9.947598300641403e-14, -5.099999899993216
31.063014919866504, 3.954581260848588, -5.099999899993216
31.063014919866504, 7.909162521697276, -5.099999899993216
31.063014919866504, 11.863743782545967, -5.099999899993216
31.063014919866504, 15.818325043394658, -5.099999899993216
31.063014919866504, 19.77290630424335, -5.099999899993216
31.063014919866504, 23.72748756509204, -5.099999899993216
31.063014919866504, 27.682068825940718, -5.099999899993216
31.063014919866486, 27.682068825940704, -5.099999899993216
31.04997856728858, 28.071987014327636, -5.099999899993216
31.007940465062727, 28.45982191184592, -5.099999899993216
30.932024348208266, 28.84242783721374, -5.099999899993216
30.816970452521087, 29.215079453465286, -5.099999899993216
30.6578700188716, 29.57108522511809, -5.099999899993216
30.451506179670456, 29.901862241713758, -5.099999899993216
30.198015055790556, 30.198015055790357, -5.099999899993216
29.90186224171397, 30.45150617967026, -5.099999899993216
29.571085225118306, 30.657870018871417, -5.099999899993216
29.215079453465506, 30.81697045252091, -5.099999899993216
28.842427837213965, 30.93202434820809, -5.099999899993216
28.459821911846156, 31.007940465062564, -5.099999899993216
28.07198701432787, 31.049978567288417, -5.099999899993216
27.682068825940927, 31.063014919866323, -5.099999899993216
26.609815365686153, 29.990761459611512, -5.599999899993216
22.808413170588146, 29.990761459611512, -5.599999899993216
19.00701097549014, 29.990761459611512, -5.599999899993216
15.205608780392133, 29.990761459611512, -5.599999899993216
11.404206585294126, 29.990761459611512, -5.599999899993216
7.602804390196116, 29.99076145961151, -5.599999899993216
3.801402195098106, 29.99076145961151, -5.599999899993216
9.592326932761353e-14, 29.99076145961151, -5.599999899993216
-3.801402195097914, 29.99076145961151, -5.599999899993216
-7.602804390195924, 29.99076145961151, -5.599999899993216
-11.404206585293934, 29.99076145961151, -5.599999899993216
-15.205608780391945, 29.990761459611505, -5.599999899993216
-19.007010975489955, 29.990761459611505, -5.599999899993216
-22.80841317058796, 29.990761459611505, -5.599999899993216
-26.60981536568597, 29.990761459611505, -5.599999899993216
-26.60981536568596, 29.990761459611512, -5.599999899993216
-26.999733554072897, 29.977725107033613, -5.599999899993216
-27.387568451591175, 29.935687004807754, -5.599999899993216
-27.770174376958987, 29.859770887953292, -5.599999899993216
-28.14282599321053, 29.74471699226611, -5.599999899993216
-28.49883176486333, 29.585616558616625, -5.599999899993216
-28.829608781458994, 29.379252719415472, -5.599999899993216
-29.125761595535582, 29.125761595535575, -5.599999899993216
-29.37925271941548, 28.829608781458987, -5.599999899993216
-29.58561655861663, 28.498831764863326, -5.599999899993216
-29.74471699226612, 28.142825993210526, -5.599999899993216
-29.8597708879533, 27.770174376958984, -5.599999899993216
-29.935687004807765, 27.38756845159117, -5.599999899993216
-29.97772510703362, 26.999733554072897, -5.599999899993216
-29.990761459611523, 26.60981536568596, -5.599999899993216
-29.990761459611512, 26.609815365685954, -5.5999998999932155
-29.990761459611512, 22.80841317058794, -5.5999998999932155
-29.990761459611512, 19.007010975489926, -5.5999998999932155
-29.990761459611512, 15.205608780391913, -5.5999998999932155
-29.990761459611512, 11.404206585293899, -5.5999998999932155
-29.990761459611512, 7.602804390195889, -5.5999998999932155
-29.990761459611512, 3.8014021950978787, -5.5999998999932155
-29.990761459611512, -1.3145040611561853e-13, -5.5999998999932155
-29.990761459611512, -3.8014021950981416, -5.5999998999932155
-29.990761459611512, -7.602804390196152, -5.5999998999932155
-29.990761459611512, -11.404206585294162, -5.5999998999932155
-29.990761459611512, -15.205608780392172, -5.5999998999932155
-29.990761459611512, -19.007010975490182, -5.5999998999932155
-29.990761459611512, -22.808413170588196, -5.5999998999932155
-29.990761459611512, -26.609815365686202, -5.5999998999932155
-29.990761459611527, -26.609815365686195, -5.599999899993216
-29.977725107033624, -26.99973355407313, -5.599999899993216
-29.935687004807765, -27.387568451591417, -5.599999899993216
-29.8597708879533, -27.770174376959233, -5.599999899993216
-29.744716992266117, -28.142825993210774, -5.599999899993216
-29.585616558616625, -28.498831764863574, -5.599999899993216
-29.37925271941547, -28.829608781459235, -5.599999899993216
-29.125761595535565, -29.125761595535828, -5.599999899993216
-28.82960878145897, -29.379252719415728, -5.599999899993216
-28.498831764863304, -29.585616558616877, -5.599999899993216
-28.1428259932105, -29.74471699226636, -5.599999899993216
-27.770174376958956, -29.859770887953538, -5.599999899993216
-27.38756845159114, -29.935687004808006, -5.599999899993216
-26.999733554072854, -29.977725107033862, -5.599999899993216
-26.609815365685925, -29.990761459611765, -5.599999899993216
-26.60981536568591, -29.99076145961175, -5.599999899993216
-22.808413170587908, -29.99076145961175, -5.599999899993216
-19.007010975489905, -29.99076145961175, -5.599999899993216
-15.2056087803919, -29.99076145961175, -5.599999899993216
-11.404206585293897, -29.990761459611747, -5.599999899993216
-7.602804390195894, -29.990761459611747, -5.599999899993216
-3.8014021950978893, -29.990761459611747, -5.599999899993216
1.1368683772161603e-13, -29.990761459611747, -5.599999899993216
3.8014021950981167, -29.990761459611747, -5.599999899993216
7.60280439019612, -29.990761459611747, -5.599999899993216
11.404206585294126, -29.990761459611743, -5.599999899993216
15.205608780392133, -29.990761459611743, -5.599999899993216
19.00701097549014, -29.990761459611743, -5.599999899993216
22.808413170588146, -29.990761459611743, -5.599999899993216
26.60981536568614, -29.990761459611743, -5.599999899993216
26.609815365686124, -29.990761459611747, -5.599999899993216
26.99973355407306, -29.977725107033844, -5.599999899993216
27.38756845159135, -29.935687004807992, -5.599999899993216
27.77017437695916, -29.859770887953523, -5.599999899993216
28.142825993210707, -29.744716992266344, -5.599999899993216
28.49883176486351, -29.58561655861686, -5.599999899993216
28.82960878145917, -29.37925271941571, -5.599999899993216
29.125761595535764, -29.12576159553581, -5.599999899993216
29.379252719415675, -28.82960878145922, -5.599999899993216
29.585616558616827, -28.498831764863557, -5.599999899993216
29.74471699226632, -28.14282599321075, -5.599999899993216
29.85977088795351, -27.770174376959197, -5.599999899993216
29.935687004807974, -27.387568451591385, -5.599999899993216
29.977725107033834, -26.999733554073096, -5.599999899993216
29.99076145961174, -26.609815365686153, -5.599999899993216
29.990761459611726, -26.60981536568614, -5.599999899993216
29.990761459611726, -22.808413170588135, -5.599999899993216
29.990761459611726, -19.007010975490132, -5.599999899993216
29.990761459611726, -15.205608780392126, -5.599999899993216
29.990761459611726, -11.404206585294123, -5.599999899993216
29.990761459611726, -7.60280439019612, -5.599999899993216
29.990761459611726, -3.8014021950981167, -5.599999899993216
29.990761459611726, -1.1368683772161603e-13, -5.599999899993216
29.990761459611726, 3.8014021950978893, -5.599999899993216
29.990761459611726, 7.602804390195892, -5.599999899993216
29.990761459611726, 11.404206585293899, -5.599999899993216
29.990761459611726, 15.205608780391906, -5.599999899993216
29.990761459611726, 19.007010975489912, -5.599999899993216
29.990761459611726, 22.80841317058792, -5.599999899993216
29.990761459611726, 26.609815365685918, -5.599999899993216
29.99076145961171, 26.60981536568591, -5.599999899993216
29.977725107033805, 26.999733554072847, -5.599999899993216
29.935687004807953, 27.38756845159113, -5.599999899993216
29.859770887953488, 27.77017437695895, -5.599999899993216
29.744716992266305, 28.142825993210494, -5.599999899993216
29.58561655861682, 28.498831764863297, -5.599999899993216
29.379252719415675, 28.829608781458962, -5.599999899993216
29.125761595535778, 29.12576159553556, -5.599999899993216
28.829608781459193, 29.37925271941547, -5.599999899993216
28.49883176486353, 29.58561655861662, -5.599999899993216
28.142825993210728, 29.744716992266117, -5.599999899993216
27.77017437695919, 29.859770887953296, -5.599999899993216
27.38756845159137, 29.935687004807765, -5.599999899993216
26.99973355407309, 29.97772510703362, -5.599999899993216
26.609815365686153, 29.990761459611527, -5.599999899993216
25.53756190543138, 28.918507999356713, -6.099999899993216
21.889338776084053, 28.918507999356713, -6.099999899993216
18.241115646736723, 28.918507999356713, -6.099999899993216
14.592892517389394, 28.918507999356713, -6.099999899993216
10.944669388042065, 28.918507999356713, -6.099999899993216
7.29644625869474, 28.91850799935671, -6.099999899993216
3.6482231293474143, 28.91850799935671, -6.099999899993216
8.881784197001252e-14, 28.91850799935671, -6.099999899993216
-3.6482231293472367, 28.91850799935671, -6.099999899993216
-7.296446258694562, 28.91850799935671, -6.099999899993216
-10.944669388041888, 28.91850799935671, -6.099999899993216
-14.592892517389213, 28.918507999356706, -6.099999899993216
-18.24111564673654, 28.918507999356706, -6.099999899993216
-21.889338776083864, 28.918507999356706, -6.099999899993216
-25.537561905431176, 28.918507999356706, -6.099999899993216
-25.537561905431165, 28.918507999356713, -6.099999899993216
-25.9274800938181, 28.905471646778814, -6.099999899993216
-26.31531499133638, 28.863433544552954, -6.099999899993216
-26.69792091670419, 28.787517427698493, -6.099999899993216
-27.070572532955733, 28.67246353201131, -6.099999899993216
-27.426578304608533, 28.513363098361825, -6.099999899993216
-27.757355321204198, 28.306999259160673, -6.099999899993216
-28.053508135280786, 28.053508135280776, -6.099999899993216
-28.306999259160683, 27.757355321204187, -6.099999899993216
-28.513363098361832, 27.426578304608526, -6.099999899993216
-28.672463532011324, 27.070572532955726, -6.099999899993216
-28.787517427698504, 26.697920916704184, -6.099999899993216
-28.86343354455297, 26.315314991336372, -6.099999899993216
-28.905471646778825, 25.927480093818097, -6.099999899993216
-28.918507999356727, 25.537561905431172, -6.099999899993216
-28.918507999356716, 25.537561905431154, -6.0999998999932155
-28.918507999356716, 21.889338776083825, -6.0999998999932155
-28.918507999356716, 18.241115646736496, -6.0999998999932155
-28.918507999356716, 14.592892517389167, -6.0999998999932155
-28.918507999356716, 10.944669388041838, -6.0999998999932155
-28.918507999356716, 7.2964462586945125, -6.0999998999932155
-28.918507999356716, 3.648223129347187, -6.0999998999932155
-28.918507999356716, -1.3855583347321954e-13, -6.0999998999932155
-28.918507999356716, -3.648223129347464, -6.0999998999932155
-28.918507999356716, -7.29644625869479, -6.0999998999932155
-28.918507999356716, -10.944669388042117, -6.0999998999932155
-28.918507999356716, -14.592892517389444, -6.0999998999932155
-28.918507999356716, -18.241115646736773, -6.0999998999932155
-28.918507999356716, -21.8893387760841, -6.0999998999932155
-28.918507999356716, -25.537561905431424, -6.0999998999932155
-28.918507999356734, -25.537561905431417, -6.099999899993216
-28.90547164677883, -25.92748009381836, -6.099999899993216
-28.863433544552972, -26.315314991336642, -6.099999899993216
-28.787517427698507, -26.697920916704458, -6.099999899993216
-28.672463532011324, -27.070572532956, -6.099999899993216
-28.513363098361832, -27.4265783046088, -6.099999899993216
-28.306999259160676, -27.75735532120446, -6.099999899993216
-28.053508135280772, -28.053508135281053, -6.099999899993216
-27.757355321204177, -28.306999259160953, -6.099999899993216
-27.426578304608512, -28.513363098362102, -6.099999899993216
-27.07057253295571, -28.672463532011584, -6.099999899993216
-26.697920916704163, -28.787517427698763, -6.099999899993216
-26.315314991336347, -28.86343354455323, -6.099999899993216
-25.927480093818062, -28.905471646779088, -6.099999899993216
-25.537561905431133, -28.91850799935699, -6.099999899993216
-25.53756190543111, -28.918507999356976, -6.099999899993216
-21.889338776083793, -28.918507999356976, -6.099999899993216
-18.24111564673647, -28.918507999356976, -6.099999899993216
-14.592892517389153, -28.918507999356976, -6.099999899993216
-10.944669388041833, -28.918507999356972, -6.099999899993216
-7.2964462586945125, -28.918507999356972, -6.099999899993216
-3.648223129347194, -28.918507999356972, -6.099999899993216
1.2434497875801753e-13, -28.918507999356972, -6.099999899993216
3.6482231293474428, -28.918507999356972, -6.099999899993216
7.296446258694761, -28.918507999356972, -6.099999899993216
10.94466938804208, -28.91850799935697, -6.099999899993216
14.592892517389402, -28.91850799935697, -6.099999899993216
18.241115646736723, -28.91850799935697, -6.099999899993216
21.889338776084045, -28.91850799935697, -6.099999899993216
25.537561905431367, -28.91850799935697, -6.099999899993216
25.537561905431346, -28.91850799935697, -6.099999899993216
25.927480093818286, -28.90547164677907, -6.099999899993216
26.315314991336574, -28.863433544553217, -6.099999899993216
26.697920916704387, -28.787517427698745, -6.099999899993216
27.070572532955932, -28.67246353201157, -6.099999899993216
27.426578304608736, -28.513363098362085, -6.099999899993216
27.757355321204397, -28.306999259160932, -6.099999899993216
28.05350813528099, -28.053508135281035, -6.099999899993216
28.306999259160897, -27.757355321204443, -6.099999899993216
28.513363098362053, -27.426578304608782, -6.099999899993216
28.672463532011545, -27.07057253295598, -6.099999899993216
28.787517427698727, -26.697920916704433, -6.099999899993216
28.8634335445532, -26.315314991336614, -6.099999899993216
28.90547164677906, -25.927480093818332, -6.099999899993216
28.91850799935696, -25.53756190543139, -6.099999899993216
28.91850799935695, -25.53756190543136, -6.099999899993216
28.91850799935695, -21.88933877608404, -6.099999899993216
28.91850799935695, -18.241115646736716, -6.099999899993216
28.91850799935695, -14.592892517389398, -6.099999899993216
28.91850799935695, -10.944669388042076, -6.099999899993216
28.91850799935695, -7.296446258694754, -6.099999899993216
28.91850799935695, -3.648223129347432, -6.099999899993216
28.91850799935695, -1.1013412404281553e-13, -6.099999899993216
28.91850799935695, 3.648223129347212, -6.099999899993216
28.91850799935695, 7.296446258694534, -6.099999899993216
28.91850799935695, 10.944669388041852, -6.099999899993216
28.91850799935695, 14.592892517389174, -6.099999899993216
28.91850799935695, 18.241115646736496, -6.099999899993216
28.91850799935695, 21.889338776083818, -6.099999899993216
28.91850799935695, 25.537561905431126, -6.099999899993216
28.918507999356933, 25.537561905431108, -6.099999899993216
28.905471646779027, 25.92748009381804, -6.099999899993216
28.863433544553175, 26.31531499133633, -6.099999899993216
28.787517427698713, 26.69792091670415, -6.099999899993216
28.672463532011534, 27.070572532955694, -6.099999899993216
28.513363098362046, 27.426578304608498, -6.099999899993216
28.306999259160904, 27.757355321204166, -6.099999899993216
28.053508135281003, 28.053508135280765, -6.099999899993216
27.757355321204418, 28.30699925916067, -6.099999899993216
27.426578304608753, 28.513363098361822, -6.099999899993216
27.070572532955953, 28.672463532011314, -6.099999899993216
26.697920916704412, 28.787517427698496, -6.099999899993216
26.315314991336603, 28.86343354455297, -6.099999899993216
25.927480093818318, 28.90547164677882, -6.099999899993216
25.537561905431374, 28.918507999356727, -6.099999899993216
24.465308445176596, 27.846254539101917, -6.599999899993216
20.97026438157996, 27.846254539101917, -6.599999899993216
17.47522031798332, 27.846254539101917, -6.599999899993216
13.980176254386684, 27.846254539101917, -6.599999899993216
10.485132190790047, 27.846254539101917, -6.599999899993216
6.990088127193406, 27.846254539101913, -6.599999899993216
3.4950440635967652, 27.846254539101913, -6.599999899993216
1.2434497875801753e-13, 27.846254539101913, -6.599999899993216
-3.4950440635965165, 27.846254539101913, -6.599999899993216
-6.990088127193157, 27.846254539101913, -6.599999899993216
-10.485132190789798, 27.846254539101913, -6.599999899993216
-13.98017625438644, 27.84625453910191, -6.599999899993216
-17.47522031798308, 27.84625453910191, -6.599999899993216
-20.97026438157972, 27.84625453910191, -6.599999899993216
-24.465308445176376, 27.84625453910191, -6.599999899993216
-24.465308445176365, 27.84625453910192, -6.599999899993216
-24.8552266335633, 27.83321818652402, -6.599999899993216
-25.24306153108158, 27.791180084298162, -6.599999899993216
-25.625667456449392, 27.7152639674437, -6.599999899993216
-25.998319072700934, 27.600210071756518, -6.599999899993216
-26.354324844353734, 27.441109638107033, -6.599999899993216
-26.6851018609494, 27.23474579890588, -6.599999899993216
-26.981254675025987, 26.981254675025983, -6.599999899993216
-27.234745798905884, 26.685101860949395, -6.599999899993216
-27.441109638107033, 26.354324844353734, -6.599999899993216
-27.600210071756525, 25.998319072700934, -6.599999899993216
-27.715263967443704, 25.625667456449392, -6.599999899993216
-27.79118008429817, 25.24306153108158, -6.599999899993216
-27.833218186524025, 24.855226633563305, -6.599999899993216
-27.846254539101928, 24.46530844517637, -6.599999899993216
-27.84625453910192, 24.465308445176362, -6.5999998999932155
-27.84625453910192, 20.970264381579717, -6.5999998999932155
-27.84625453910192, 17.475220317983073, -6.5999998999932155
-27.84625453910192, 13.980176254386429, -6.5999998999932155
-27.84625453910192, 10.485132190789784, -6.5999998999932155
-27.84625453910192, 6.99008812719314, -6.5999998999932155
-27.84625453910192, 3.495044063596495, -6.5999998999932155
-27.84625453910192, -1.4921397450962104e-13, -6.5999998999932155
-27.84625453910192, -3.4950440635967936, -6.5999998999932155
-27.84625453910192, -6.990088127193438, -6.5999998999932155
-27.84625453910192, -10.48513219079008, -6.5999998999932155
-27.84625453910192, -13.980176254386723, -6.5999998999932155
-27.84625453910192, -17.475220317983364, -6.5999998999932155
-27.84625453910192, -20.97026438158001, -6.5999998999932155
-27.84625453910192, -24.46530844517665, -6.5999998999932155
-27.846254539101935, -24.46530844517664, -6.599999899993216
-27.833218186524032, -24.855226633563582, -6.599999899993216
-27.791180084298173, -25.243061531081864, -6.599999899993216
-27.715263967443708, -25.62566745644968, -6.599999899993216
-27.600210071756525, -25.99831907270122, -6.599999899993216
-27.441109638107033, -26.35432484435402, -6.599999899993216
-27.234745798905877, -26.685101860949683, -6.599999899993216
-26.981254675025973, -26.981254675026275, -6.599999899993216
-26.685101860949377, -27.234745798906175, -6.599999899993216
-26.354324844353712, -27.441109638107324, -6.599999899993216
-25.99831907270091, -27.600210071756806, -6.599999899993216
-25.625667456449364, -27.715263967443985, -6.599999899993216
-25.243061531081548, -27.791180084298453, -6.599999899993216
-24.855226633563262, -27.83321818652431, -6.599999899993216
-24.465308445176333, -27.846254539102212, -6.599999899993216
-24.465308445176312, -27.846254539102198, -6.599999899993216
-20.97026438157968, -27.846254539102198, -6.599999899993216
-17.47522031798304, -27.846254539102198, -6.599999899993216
-13.980176254386407, -27.846254539102198, -6.599999899993216
-10.485132190789772, -27.846254539102194, -6.599999899993216
-6.990088127193136, -27.846254539102194, -6.599999899993216
-3.4950440635965023, -27.846254539102194, -6.599999899993216
1.3145040611561853e-13, -27.846254539102194, -6.599999899993216
3.4950440635967652, -27.846254539102194, -6.599999899993216
6.990088127193399, -27.846254539102194, -6.599999899993216
10.485132190790033, -27.84625453910219, -6.599999899993216
13.98017625438667, -27.84625453910219, -6.599999899993216
17.475220317983307, -27.84625453910219, -6.599999899993216
20.970264381579945, -27.84625453910219, -6.599999899993216
24.465308445176582, -27.84625453910219, -6.599999899993216
24.465308445176568, -27.846254539102194, -6.599999899993216
24.855226633563507, -27.83321818652429, -6.599999899993216
25.243061531081796, -27.79118008429844, -6.599999899993216
25.62566745644961, -27.71526396744397, -6.599999899993216
25.998319072701154, -27.60021007175679, -6.599999899993216
26.354324844353958, -27.441109638107307, -6.599999899993216
26.68510186094962, -27.234745798906157, -6.599999899993216
26.98125467502621, -26.981254675026257, -6.599999899993216
27.23474579890612, -26.68510186094967, -6.599999899993216
27.441109638107275, -26.354324844354004, -6.599999899993216
27.600210071756766, -25.998319072701197, -6.599999899993216
27.715263967443953, -25.625667456449644, -6.599999899993216
27.79118008429842, -25.243061531081832, -6.599999899993216
27.833218186524277, -24.855226633563547, -6.599999899993216
27.846254539102183, -24.4653084451766, -6.599999899993216
27.846254539102173, -24.465308445176586, -6.599999899993216
27.846254539102173, -20.97026438157995, -6.599999899993216
27.846254539102173, -17.475220317983315, -6.599999899993216
27.846254539102173, -13.980176254386677, -6.599999899993216
27.846254539102173, -10.485132190790042, -6.599999899993216
27.846254539102173, -6.990088127193406, -6.599999899993216
27.846254539102173, -3.495044063596769, -6.599999899993216
27.846254539102173, -1.3145040611561853e-13, -6.599999899993216
27.846254539102173, 3.495044063596506, -6.599999899993216
27.846254539102173, 6.990088127193143, -6.599999899993216
27.846254539102173, 10.485132190789777, -6.599999899993216
27.846254539102173, 13.980176254386414, -6.599999899993216
27.846254539102173, 17.47522031798305, -6.599999899993216
27.846254539102173, 20.97026438157969, -6.599999899993216
27.846254539102173, 24.465308445176326, -6.599999899993216
27.846254539102155, 24.465308445176316, -6.599999899993216
27.83321818652425, 24.855226633563248, -6.599999899993216
27.791180084298396, 25.243061531081533, -6.599999899993216
27.715263967443935, 25.625667456449353, -6.599999899993216
27.600210071756752, 25.998319072700898, -6.599999899993216
27.441109638107267, 26.3543248443537, -6.599999899993216
27.234745798906122, 26.685101860949366, -6.599999899993216
26.981254675026225, 26.981254675025966, -6.599999899993216
26.685101860949636, 27.234745798905873, -6.599999899993216
26.354324844353975, 27.441109638107026, -6.599999899993216
25.99831907270117, 27.60021007175652, -6.599999899993216
25.625667456449634, 27.7152639674437, -6.599999899993216
25.243061531081818, 27.79118008429817, -6.599999899993216
24.855226633563532, 27.833218186524025, -6.599999899993216
24.465308445176596, 27.84625453910193, -6.599999899993216
23.393054984921825, 26.77400107884712, -7.099999899993216
20.051189987075865, 26.77400107884712, -7.099999899993216
16.709324989229906, 26.77400107884712, -7.099999899993216
13.367459991383946, 26.77400107884712, -7.099999899993216
10.025594993537986, 26.77400107884712, -7.099999899993216
6.68372999569203, 26.774001078847117, -7.099999899993216
3.3418649978460735, 26.774001078847117, -7.099999899993216
1.1723955140041653e-13, 26.774001078847117, -7.099999899993216
-3.341864997845839, 26.774001078847117, -7.099999899993216
-6.683729995691795, 26.774001078847117, -7.099999899993216
-10.025594993537753, 26.774001078847117, -7.099999899993216
-13.367459991383711, 26.774001078847114, -7.099999899993216
-16.70932498922967, 26.774001078847114, -7.099999899993216
-20.051189987075627, 26.774001078847114, -7.099999899993216
-23.39305498492158, 26.774001078847114, -7.099999899993216
-23.393054984921566, 26.77400107884712, -7.099999899993218
-23.782973173308502, 26.760964726269222, -7.099999899993218
-24.17080807082678, 26.718926624043362, -7.099999899993218
-24.553413996194593, 26.6430105071889, -7.099999899993218
-24.926065612446134, 26.52795661150172, -7.099999899993218
-25.282071384098934, 26.368856177852233, -7.099999899993218
-25.6128484006946, 26.16249233865108, -7.099999899993218
-25.909001214771187, 25.909001214771184, -7.099999899993218
-26.162492338651084, 25.612848400694595, -7.099999899993218
-26.368856177852233, 25.282071384098934, -7.099999899993218
-26.527956611501725, 24.926065612446134, -7.099999899993218
-26.643010507188905, 24.553413996194593, -7.099999899993218
-26.71892662404337, 24.17080807082678, -7.099999899993218
-26.760964726269226, 23.782973173308505, -7.099999899993218
-26.774001078847128, 23.39305498492158, -7.099999899993218
-26.774001078847125, 23.393054984921562, -7.0999998999932155
-26.774001078847125, 20.051189987075603, -7.0999998999932155
-26.774001078847125, 16.709324989229643, -7.0999998999932155
-26.774001078847125, 13.367459991383683, -7.0999998999932155
-26.774001078847125, 10.025594993537723, -7.0999998999932155
-26.774001078847125, 6.683729995691763, -7.0999998999932155
-26.774001078847125, 3.3418649978458035, -7.0999998999932155
-26.774001078847125, -1.5631940186722204e-13, -7.0999998999932155
-26.774001078847125, -3.341864997846116, -7.0999998999932155
-26.774001078847125, -6.683729995692076, -7.0999998999932155
-26.774001078847125, -10.025594993538036, -7.0999998999932155
-26.774001078847125, -13.367459991383996, -7.0999998999932155
-26.774001078847125, -16.709324989229955, -7.0999998999932155
-26.774001078847125, -20.051189987075915, -7.0999998999932155
-26.774001078847125, -23.39305498492187, -7.0999998999932155
-26.77400107884714, -23.39305498492186, -7.099999899993216
-26.760964726269236, -23.782973173308804, -7.099999899993216
-26.718926624043384, -24.170808070827086, -7.099999899993216
-26.643010507188915, -24.5534139961949, -7.099999899993216
-26.527956611501736, -24.92606561244645, -7.099999899993216
-26.368856177852244, -25.282071384099247, -7.099999899993216
-26.162492338651088, -25.612848400694908, -7.099999899993216
-25.909001214771184, -25.9090012147715, -7.099999899993216
-25.61284840069459, -26.162492338651404, -7.099999899993216
-25.282071384098924, -26.36885617785255, -7.099999899993216
-24.926065612446116, -26.527956611502034, -7.099999899993216
-24.553413996194575, -26.643010507189214, -7.099999899993216
-24.170808070826755, -26.71892662404368, -7.099999899993216
-23.782973173308477, -26.760964726269535, -7.099999899993216
-23.39305498492154, -26.77400107884744, -7.099999899993216
-23.393054984921516, -26.77400107884742, -7.099999899993216
-20.051189987075563, -26.77400107884742, -7.099999899993216
-16.709324989229614, -26.77400107884742, -7.099999899993216
-13.367459991383662, -26.77400107884742, -7.099999899993216
-10.02559499353771, -26.774001078847416, -7.099999899993216
-6.68372999569176, -26.774001078847416, -7.099999899993216
-3.341864997845807, -26.774001078847416, -7.099999899993216
1.4566126083082054e-13, -26.774001078847416, -7.099999899993216
3.3418649978460984, -26.774001078847416, -7.099999899993216
6.683729995692051, -26.774001078847416, -7.099999899993216
10.025594993538, -26.774001078847412, -7.099999899993216
13.367459991383953, -26.774001078847412, -7.099999899993216
16.709324989229906, -26.774001078847412, -7.099999899993216
20.05118998707586, -26.774001078847412, -7.099999899993216
23.39305498492181, -26.774001078847412, -7.099999899993216
23.393054984921793, -26.774001078847416, -7.099999899993216
23.782973173308733, -26.760964726269513, -7.099999899993216
24.17080807082702, -26.71892662404366, -7.099999899993216
24.553413996194834, -26.643010507189192, -7.099999899993216
24.92606561244638, -26.527956611502013, -7.099999899993216
25.282071384099183, -26.36885617785253, -7.099999899993216
25.612848400694844, -26.16249233865138, -7.099999899993216
25.909001214771436, -25.90900121477148, -7.099999899993216
26.162492338651344, -25.61284840069489, -7.099999899993216
26.3688561778525, -25.282071384099225, -7.099999899993216
26.527956611501992, -24.926065612446422, -7.099999899993216
26.643010507189175, -24.55341399619488, -7.099999899993216
26.718926624043647, -24.170808070827057, -7.099999899993216
26.760964726269506, -23.782973173308775, -7.099999899993216
26.77400107884741, -23.393054984921836, -7.099999899993216
26.774001078847398, -23.393054984921807, -7.099999899993216
26.774001078847398, -20.051189987075855, -7.099999899993216
26.774001078847398, -16.709324989229902, -7.099999899993216
26.774001078847398, -13.36745999138395, -7.099999899993216
26.774001078847398, -10.025594993537997, -7.099999899993216
26.774001078847398, -6.683729995692044, -7.099999899993216
26.774001078847398, -3.3418649978460913, -7.099999899993216
26.774001078847398, -1.3855583347321954e-13, -7.099999899993216
26.774001078847398, 3.341864997845814, -7.099999899993216
26.774001078847398, 6.683729995691767, -7.099999899993216
26.774001078847398, 10.025594993537723, -7.099999899993216
26.774001078847398, 13.367459991383676, -7.099999899993216
26.774001078847398, 16.70932498922963, -7.099999899993216
26.774001078847398, 20.05118998707558, -7.099999899993216
26.774001078847398, 23.393054984921534, -7.099999899993216
26.774001078847377, 23.39305498492152, -7.099999899993216
26.76096472626947, 23.782973173308452, -7.099999899993216
26.71892662404362, 24.170808070826737, -7.099999899993216
26.64301050718916, 24.553413996194557, -7.099999899993216
26.527956611501978, 24.926065612446102, -7.099999899993216
26.368856177852493, 25.282071384098906, -7.099999899993216
26.162492338651347, 25.612848400694567, -7.099999899993216
25.90900121477145, 25.909001214771166, -7.099999899993216
25.61284840069486, 26.162492338651077, -7.099999899993216
25.282071384099197, 26.36885617785223, -7.099999899993216
24.926065612446394, 26.527956611501722, -7.099999899993216
24.553413996194855, 26.643010507188905, -7.099999899993216
24.170808070827043, 26.71892662404337, -7.099999899993216
23.782973173308754, 26.76096472626923, -7.099999899993216
23.393054984921818, 26.774001078847135, -7.099999899993216
22.320801524667047, 25.701747618592325, -7.599999899993216
19.132115592571772, 25.701747618592325, -7.599999899993216
15.943429660476497, 25.701747618592325, -7.599999899993216
12.754743728381222, 25.701747618592325, -7.599999899993216
9.566057796285946, 25.701747618592325, -7.599999899993216
6.377371864190671, 25.70174761859232, -7.599999899993216
3.188685932095396, 25.70174761859232, -7.599999899993216
1.2079226507921703e-13, 25.70174761859232, -7.599999899993216
-3.1886859320951544, 25.70174761859232, -7.599999899993216
-6.37737186419043, 25.70174761859232, -7.599999899993216
-9.566057796285705, 25.70174761859232, -7.599999899993216
-12.75474372838098, 25.701747618592318, -7.599999899993216
-15.943429660476255, 25.701747618592318, -7.599999899993216
-19.13211559257153, 25.701747618592318, -7.599999899993216
-22.320801524666784, 25.701747618592318, -7.599999899993216
-22.320801524666766, 25.70174761859232, -7.599999899993218
-22.710719713053702, 25.688711266014423, -7.599999899993218
-23.09855461057198, 25.646673163788563, -7.599999899993218
-23.481160535939793, 25.5707570469341, -7.599999899993218
-23.853812152191335, 25.45570315124692, -7.599999899993218
-24.209817923844135, 25.296602717597434, -7.599999899993218
-24.5405949404398, 25.09023887839628, -7.599999899993218
-24.836747754516388, 24.836747754516384, -7.599999899993218
-25.090238878396285, 24.540594940439796, -7.599999899993218
-25.296602717597434, 24.209817923844135, -7.599999899993218
-25.455703151246926, 23.853812152191335, -7.599999899993218
-25.570757046934105, 23.481160535939793, -7.599999899993218
-25.64667316378857, 23.09855461057198, -7.599999899993218
-25.688711266014426, 22.710719713053706, -7.599999899993218
-25.70174761859233, 22.32080152466677, -7.599999899993218
-25.70174761859233, 22.320801524666763, -7.599999899993215
-25.70174761859233, 19.132115592571488, -7.599999899993215
-25.70174761859233, 15.943429660476212, -7.599999899993215
-25.70174761859233, 12.754743728380937, -7.599999899993215
-25.70174761859233, 9.566057796285662, -7.599999899993215
-25.70174761859233, 6.377371864190387, -7.599999899993215
-25.70174761859233, 3.1886859320951118, -7.599999899993215
-25.70174761859233, -1.6342482922482304e-13, -7.599999899993215
-25.70174761859233, -3.1886859320954386, -7.599999899993215
-25.70174761859233, -6.377371864190714, -7.599999899993215
-25.70174761859233, -9.566057796285989, -7.599999899993215
-25.70174761859233, -12.754743728381264, -7.599999899993215
-25.70174761859233, -15.94342966047654, -7.599999899993215
-25.70174761859233, -19.132115592571814, -7.599999899993215
-25.70174761859233, -22.320801524667093, -7.599999899993215
-25.701747618592343, -22.32080152466709, -7.599999899993216
-25.688711266014437, -22.71071971305403, -7.599999899993216
-25.646673163788584, -23.09855461057231, -7.599999899993216
-25.570757046934116, -23.481160535940127, -7.599999899993216
-25.455703151246933, -23.85381215219167, -7.599999899993216
-25.296602717597438, -24.20981792384447, -7.599999899993216
-25.090238878396285, -24.54059494044013, -7.599999899993216
-24.83674775451638, -24.83674775451672, -7.599999899993216
-24.540594940439785, -25.09023887839662, -7.599999899993216
-24.209817923844117, -25.296602717597764, -7.599999899993216
-23.853812152191317, -25.45570315124725, -7.599999899993216
-23.48116053593977, -25.57075704693443, -7.599999899993216
-23.098554610571956, -25.646673163788897, -7.599999899993216
-22.71071971305367, -25.688711266014753, -7.599999899993216
-22.32080152466674, -25.701747618592655, -7.599999899993216
-22.320801524666717, -25.701747618592645, -7.599999899993216
-19.13211559257145, -25.701747618592645, -7.599999899993216
-15.94342966047618, -25.701747618592645, -7.599999899993216
-12.754743728380912, -25.701747618592645, -7.599999899993216
-9.566057796285644, -25.70174761859264, -7.599999899993216
-6.377371864190376, -25.70174761859264, -7.599999899993216
-3.188685932095108, -25.70174761859264, -7.599999899993216
1.5987211554602254e-13, -25.70174761859264, -7.599999899993216
3.188685932095428, -25.70174761859264, -7.599999899993216
6.377371864190696, -25.70174761859264, -7.599999899993216
9.566057796285968, -25.701747618592638, -7.599999899993216
12.754743728381236, -25.701747618592638, -7.599999899993216
15.943429660476504, -25.701747618592638, -7.599999899993216
19.132115592571772, -25.701747618592638, -7.599999899993216
22.320801524667033, -25.701747618592638, -7.599999899993216
22.320801524667015, -25.70174761859264, -7.599999899993216
22.710719713053955, -25.68871126601474, -7.599999899993216
23.098554610572243, -25.646673163788886, -7.599999899993216
23.481160535940056, -25.570757046934418, -7.599999899993216
23.8538121521916, -25.45570315124724, -7.599999899993216
24.209817923844405, -25.296602717597754, -7.599999899993216
24.540594940440066, -25.090238878396605, -7.599999899993216
24.836747754516658, -24.836747754516704, -7.599999899993216
25.090238878396566, -24.540594940440116, -7.599999899993216
25.29660271759772, -24.20981792384445, -7.599999899993216
25.455703151247214, -23.853812152191644, -7.599999899993216
25.5707570469344, -23.48116053594009, -7.599999899993216
25.64667316378887, -23.09855461057228, -7.599999899993216
25.688711266014725, -22.71071971305399, -7.599999899993216
25.70174761859263, -22.320801524667047, -7.599999899993216
25.70174761859262, -22.320801524667033, -7.599999899993216
25.70174761859262, -19.132115592571765, -7.599999899993216
25.70174761859262, -15.943429660476495, -7.599999899993216
25.70174761859262, -12.754743728381225, -7.599999899993216
25.70174761859262, -9.566057796285957, -7.599999899993216
25.70174761859262, -6.377371864190689, -7.599999899993216
25.70174761859262, -3.188685932095421, -7.599999899993216
25.70174761859262, -1.5276668818842154e-13, -7.599999899993216
25.70174761859262, 3.1886859320951153, -7.599999899993216
25.70174761859262, 6.377371864190383, -7.599999899993216
25.70174761859262, 9.566057796285655, -7.599999899993216
25.70174761859262, 12.754743728380923, -7.599999899993216
25.70174761859262, 15.943429660476191, -7.599999899993216
25.70174761859262, 19.13211559257146, -7.599999899993216
25.70174761859262, 22.320801524666734, -7.599999899993216
25.701747618592602, 22.32080152466672, -7.599999899993216
25.6887112660147, 22.710719713053663, -7.599999899993216
25.646673163788844, 23.098554610571945, -7.599999899993216
25.57075704693438, 23.481160535939765, -7.599999899993216
25.4557031512472, 23.85381215219131, -7.599999899993216
25.296602717597715, 24.209817923844113, -7.599999899993216
25.090238878396566, 24.540594940439775, -7.599999899993216
24.83674775451667, 24.836747754516374, -7.599999899993216
24.540594940440076, 25.090238878396278, -7.599999899993216
24.20981792384442, 25.296602717597438, -7.599999899993216
23.853812152191615, 25.455703151246922, -7.599999899993216
23.481160535940077, 25.570757046934112, -7.599999899993216
23.098554610572258, 25.646673163788577, -7.599999899993216
22.71071971305398, 25.68871126601443, -7.599999899993216
22.32080152466704, 25.701747618592336, -7.599999899993216
21.24854806441227, 24.62949415833753, -8.099999899993216
18.21304119806768, 24.62949415833753, -8.099999899993216
15.177534331723088, 24.62949415833753, -8.099999899993216
12.142027465378497, 24.62949415833753, -8.099999899993216
9.106520599033907, 24.62949415833753, -8.099999899993216
6.071013732689316, 24.629494158337526, -8.099999899993216
3.0355068663447256, 24.629494158337526, -8.099999899993216
1.3500311979441904e-13, 24.629494158337526, -8.099999899993216
-3.0355068663444555, 24.629494158337526, -8.099999899993216
-6.071013732689046, 24.629494158337526, -8.099999899993216
-9.106520599033637, 24.629494158337526, -8.099999899993216
-12.142027465378227, 24.629494158337526, -8.099999899993216
-15.177534331722818, 24.629494158337522, -8.099999899993216
-18.21304119806741, 24.629494158337522, -8.099999899993216
-21.248548064411988, 24.629494158337522, -8.099999899993216
-21.24854806441197, 24.629494158337522, -8.099999899993218
-21.638466252798903, 24.61645780575962, -8.099999899993218
-22.026301150317178, 24.57441970353377, -8.099999899993218
-22.408907075684997, 24.498503586679302, -8.099999899993218
-22.781558691936535, 24.383449690992123, -8.099999899993218
-23.13756446358934, 24.224349257342638, -8.099999899993218
-23.468341480185, 24.017985418141485, -8.099999899993218
-23.76449429426159, 23.764494294261592, -8.099999899993218
-24.017985418141492, 23.468341480184996, -8.099999899993218
-24.22434925734264, 23.137564463589335, -8.099999899993218
-24.383449690992133, 22.781558691936535, -8.099999899993218
-24.498503586679313, 22.408907075684994, -8.099999899993218
-24.574419703533778, 22.02630115031718, -8.099999899993218
-24.616457805759634, 21.638466252798906, -8.099999899993218
-24.629494158337536, 21.24854806441198, -8.099999899993218
-24.62949415833753, 21.24854806441197, -8.099999899993215
-24.62949415833753, 18.21304119806738, -8.099999899993215
-24.62949415833753, 15.17753433172279, -8.099999899993215
-24.62949415833753, 12.142027465378199, -8.099999899993215
-24.62949415833753, 9.106520599033608, -8.099999899993215
-24.62949415833753, 6.071013732689018, -8.099999899993215
-24.62949415833753, 3.035506866344427, -8.099999899993215
-24.62949415833753, -1.6342482922482304e-13, -8.099999899993215
-24.62949415833753, -3.035506866344754, -8.099999899993215
-24.62949415833753, -6.0710137326893445, -8.099999899993215
-24.62949415833753, -9.106520599033935, -8.099999899993215
-24.62949415833753, -12.142027465378526, -8.099999899993215
-24.62949415833753, -15.177534331723116, -8.099999899993215
-24.62949415833753, -18.213041198067707, -8.099999899993215
-24.62949415833753, -21.248548064412315, -8.099999899993215
-24.629494158337543, -21.24854806441231, -8.099999899993216
-24.61645780575964, -21.638466252799255, -8.099999899993216
-24.57441970353378, -22.026301150317536, -8.099999899993216
-24.498503586679316, -22.408907075685352, -8.099999899993216
-24.383449690992133, -22.781558691936894, -8.099999899993216
-24.22434925734264, -23.137564463589694, -8.099999899993216
-24.017985418141485, -23.468341480185355, -8.099999899993216
-23.76449429426158, -23.764494294261947, -8.099999899993216
-23.468341480184986, -24.017985418141848, -8.099999899993216
-23.13756446358932, -24.224349257342997, -8.099999899993216
-22.781558691936517, -24.383449690992478, -8.099999899993216
-22.408907075684972, -24.498503586679657, -8.099999899993216
-22.026301150317156, -24.574419703534126, -8.099999899993216
-21.63846625279887, -24.616457805759982, -8.099999899993216
-21.248548064411946, -24.62949415833788, -8.099999899993216
-21.24854806441192, -24.629494158337863, -8.099999899993216
-18.213041198067337, -24.629494158337863, -8.099999899993216
-15.177534331722754, -24.629494158337863, -8.099999899993216
-12.14202746537817, -24.62949415833786, -8.099999899993216
-9.106520599033587, -24.62949415833786, -8.099999899993216
-6.0710137326890035, -24.62949415833786, -8.099999899993216
-3.03550686634442, -24.62949415833786, -8.099999899993216
1.6342482922482304e-13, -24.62949415833786, -8.099999899993216
3.035506866344747, -24.62949415833786, -8.099999899993216
6.07101373268933, -24.62949415833786, -8.099999899993216
9.106520599033914, -24.629494158337856, -8.099999899993216
12.142027465378497, -24.629494158337856, -8.099999899993216
15.17753433172308, -24.629494158337856, -8.099999899993216
18.213041198067664, -24.629494158337856, -8.099999899993216
21.248548064412255, -24.629494158337856, -8.099999899993216
21.24854806441224, -24.629494158337863, -8.099999899993216
21.63846625279918, -24.61645780575996, -8.099999899993216
22.02630115031747, -24.574419703534108, -8.099999899993216
22.40890707568528, -24.49850358667964, -8.099999899993216
22.781558691936826, -24.38344969099246, -8.099999899993216
23.13756446358963, -24.224349257342976, -8.099999899993216
23.46834148018529, -24.017985418141826, -8.099999899993216
23.764494294261883, -23.764494294261926, -8.099999899993216
24.01798541814179, -23.468341480185337, -8.099999899993216
24.224349257342947, -23.137564463589673, -8.099999899993216
24.38344969099244, -22.78155869193687, -8.099999899993216
24.49850358667962, -22.408907075685327, -8.099999899993216
24.574419703534094, -22.026301150317504, -8.099999899993216
24.616457805759953, -21.638466252799223, -8.099999899993216
24.629494158337856, -21.248548064412283, -8.099999899993216
24.62949415833784, -21.248548064412255, -8.099999899993216
24.62949415833784, -18.21304119806767, -8.099999899993216
24.62949415833784, -15.177534331723084, -8.099999899993216
24.62949415833784, -12.142027465378499, -8.099999899993216
24.62949415833784, -9.106520599033914, -8.099999899993216
24.62949415833784, -6.07101373268933, -8.099999899993216
24.62949415833784, -3.035506866344747, -8.099999899993216
24.62949415833784, -1.6342482922482304e-13, -8.099999899993216
24.62949415833784, 3.03550686634442, -8.099999899993216
24.62949415833784, 6.0710137326890035, -8.099999899993216
24.62949415833784, 9.106520599033587, -8.099999899993216
24.62949415833784, 12.14202746537817, -8.099999899993216
24.62949415833784, 15.177534331722754, -8.099999899993216
24.62949415833784, 18.213041198067337, -8.099999899993216
24.62949415833784, 21.248548064411935, -8.099999899993216
24.629494158337828, 21.24854806441192, -8.099999899993216
24.61645780575992, 21.638466252798857, -8.099999899993216
24.57441970353407, 22.02630115031714, -8.099999899993216
24.498503586679604, 22.408907075684958, -8.099999899993216
24.38344969099243, 22.781558691936503, -8.099999899993216
24.224349257342936, 23.137564463589307, -8.099999899993216
24.017985418141798, 23.468341480184975, -8.099999899993216
23.764494294261894, 23.764494294261574, -8.099999899993216
23.46834148018531, 24.01798541814148, -8.099999899993216
23.137564463589648, 24.224349257342638, -8.099999899993216
22.781558691936844, 24.38344969099213, -8.099999899993216
22.408907075685306, 24.498503586679305, -8.099999899993216
22.026301150317494, 24.574419703533785, -8.099999899993216
21.638466252799212, 24.616457805759637, -8.099999899993216
21.24854806441227, 24.629494158337543, -8.099999899993216
20.176294604157498, 23.55724069808273, -8.599999899993216
17.293966803563592, 23.55724069808273, -8.599999899993216
14.411639002969686, 23.55724069808273, -8.599999899993216
11.52931120237578, 23.55724069808273, -8.599999899993216
8.646983401781874, 23.557240698082726, -8.599999899993216
5.764655601187968, 23.557240698082726, -8.599999899993216
2.8823278005940622, 23.557240698082726, -8.599999899993216
1.5631940186722204e-13, 23.557240698082726, -8.599999899993216
-2.8823278005937496, 23.557240698082726, -8.599999899993216
-5.7646556011876555, 23.557240698082726, -8.599999899993216
-8.646983401781561, 23.557240698082726, -8.599999899993216
-11.529311202375467, 23.557240698082726, -8.599999899993216
-14.411639002969373, 23.557240698082722, -8.599999899993216
-17.29396680356328, 23.557240698082722, -8.599999899993216
-20.17629460415719, 23.557240698082722, -8.599999899993216
-20.176294604157174, 23.55724069808273, -8.599999899993218
-20.56621279254411, 23.54420434550483, -8.599999899993218
-20.95404769006239, 23.50216624327897, -8.599999899993218
-21.3366536154302, 23.42625012642451, -8.599999899993218
-21.709305231681743, 23.311196230737327, -8.599999899993218
-22.065311003334543, 23.152095797087842, -8.599999899993218
-22.396088019930207, 22.94573195788669, -8.599999899993218
-22.692240834006796, 22.692240834006792, -8.599999899993218
-22.945731957886693, 22.396088019930204, -8.599999899993218
-23.152095797087842, 22.065311003334543, -8.599999899993218
-23.311196230737334, 21.709305231681743, -8.599999899993218
-23.426250126424513, 21.3366536154302, -8.599999899993218
-23.502166243278978, 20.95404769006239, -8.599999899993218
-23.544204345504834, 20.566212792544114, -8.599999899993218
-23.557240698082737, 20.17629460415719, -8.599999899993218
-23.557240698082737, 20.176294604157178, -8.599999899993215
-23.557240698082737, 17.293966803563272, -8.599999899993215
-23.557240698082737, 14.411639002969366, -8.599999899993215
-23.557240698082737, 11.52931120237546, -8.599999899993215
-23.557240698082737, 8.646983401781554, -8.599999899993215
-23.557240698082737, 5.764655601187645, -8.599999899993215
-23.557240698082737, 2.8823278005937354, -8.599999899993215
-23.557240698082737, -1.7408297026122455e-13, -8.599999899993215
-23.557240698082737, -2.8823278005940836, -8.599999899993215
-23.557240698082737, -5.764655601187993, -8.599999899993215
-23.557240698082737, -8.6469834017819, -8.599999899993215
-23.557240698082737, -11.529311202375808, -8.599999899993215
-23.557240698082737, -14.411639002969716, -8.599999899993215
-23.557240698082737, -17.293966803563624, -8.599999899993215
-23.557240698082737, -20.176294604157537, -8.599999899993215
-23.55724069808275, -20.176294604157533, -8.599999899993216
-23.54420434550485, -20.566212792544476, -8.599999899993216
-23.50216624327899, -20.954047690062758, -8.599999899993216
-23.426250126424524, -21.336653615430574, -8.599999899993216
-23.31119623073734, -21.709305231682116, -8.599999899993216
-23.15209579708785, -22.065311003334916, -8.599999899993216
-22.945731957886693, -22.396088019930577, -8.599999899993216
-22.69224083400679, -22.69224083400717, -8.599999899993216
-22.396088019930193, -22.94573195788707, -8.599999899993216
-22.06531100333453, -23.15209579708822, -8.599999899993216
-21.709305231681725, -23.3111962307377, -8.599999899993216
-21.33665361543018, -23.42625012642488, -8.599999899993216
-20.954047690062364, -23.502166243279348, -8.599999899993216
-20.56621279254408, -23.544204345505204, -8.599999899993216
-20.176294604157142, -23.557240698083103, -8.599999899993216
-20.176294604157125, -23.557240698083092, -8.599999899993216
-17.293966803563222, -23.557240698083092, -8.599999899993216
-14.411639002969324, -23.557240698083092, -8.599999899993216
-11.529311202375423, -23.55724069808309, -8.599999899993216
-8.646983401781522, -23.55724069808309, -8.599999899993216
-5.76465560118762, -23.55724069808309, -8.599999899993216
-2.8823278005937176, -23.55724069808309, -8.599999899993216
1.8474111129762605e-13, -23.55724069808309, -8.599999899993216
2.882327800594087, -23.55724069808309, -8.599999899993216
5.7646556011879895, -23.55724069808309, -8.599999899993216
8.646983401781888, -23.55724069808309, -8.599999899993216
11.529311202375787, -23.557240698083085, -8.599999899993216
14.411639002969686, -23.557240698083085, -8.599999899993216
17.293966803563585, -23.557240698083085, -8.599999899993216
20.176294604157484, -23.557240698083085, -8.599999899993216
20.176294604157462, -23.557240698083085, -8.599999899993216
20.566212792544402, -23.544204345505186, -8.599999899993216
20.95404769006269, -23.502166243279333, -8.599999899993216
21.336653615430503, -23.42625012642486, -8.599999899993216
21.70930523168205, -23.311196230737686, -8.599999899993216
22.065311003334852, -23.1520957970882, -8.599999899993216
22.396088019930513, -22.94573195788705, -8.599999899993216
22.692240834007105, -22.69224083400715, -8.599999899993216
22.945731957887013, -22.39608801993056, -8.599999899993216
23.15209579708817, -22.065311003334898, -8.599999899993216
23.31119623073766, -21.709305231682094, -8.599999899993216
23.426250126424844, -21.33665361543055, -8.599999899993216
23.502166243279316, -20.95404769006273, -8.599999899993216
23.544204345505175, -20.566212792544448, -8.599999899993216
23.557240698083078, -20.176294604157505, -8.599999899993216
23.557240698083067, -20.17629460415748, -8.599999899993216
23.557240698083067, -17.293966803563578, -8.599999899993216
23.557240698083067, -14.411639002969679, -8.599999899993216
23.557240698083067, -11.529311202375778, -8.599999899993216
23.557240698083067, -8.646983401781878, -8.599999899993216
23.557240698083067, -5.764655601187975, -8.599999899993216
23.557240698083067, -2.882327800594073, -8.599999899993216
23.557240698083067, -1.7053025658242404e-13, -8.599999899993216
23.557240698083067, 2.882327800593732, -8.599999899993216
23.557240698083067, 5.764655601187634, -8.599999899993216
23.557240698083067, 8.646983401781533, -8.599999899993216
23.557240698083067, 11.529311202375432, -8.599999899993216
23.557240698083067, 14.41163900296933, -8.599999899993216
23.557240698083067, 17.29396680356323, -8.599999899993216
23.557240698083067, 20.176294604157135, -8.599999899993216
23.55724069808305, 20.17629460415713, -8.599999899993216
23.544204345505143, 20.566212792544064, -8.599999899993216
23.50216624327929, 20.954047690062346, -8.599999899993216
23.42625012642483, 21.336653615430166, -8.599999899993216
23.311196230737647, 21.70930523168171, -8.599999899993216
23.152095797088162, 22.065311003334514, -8.599999899993216
22.945731957887016, 22.39608801993018, -8.599999899993216
22.69224083400712, 22.69224083400678, -8.599999899993216
22.39608801993053, 22.945731957886686, -8.599999899993216
22.06531100333487, 23.15209579708784, -8.599999899993216
21.709305231682066, 23.311196230737334, -8.599999899993216
21.336653615430528, 23.426250126424513, -8.599999899993216
20.954047690062712, 23.50216624327898, -8.599999899993216
20.566212792544427, 23.544204345504838, -8.599999899993216
20.17629460415749, 23.557240698082744, -8.599999899993216
19.10404114390272, 22.484987237827934, -9.099999899993216
16.3748924090595, 22.484987237827934, -9.099999899993216
13.645743674216277, 22.484987237827934, -9.099999899993216
10.916594939373056, 22.484987237827934, -9.099999899993216
8.187446204529834, 22.48498723782793, -9.099999899993216
5.458297469686613, 22.48498723782793, -9.099999899993216
2.729148734843392, 22.48498723782793, -9.099999899993216
1.7053025658242404e-13, 22.48498723782793, -9.099999899993216
-2.7291487348430508, 22.48498723782793, -9.099999899993216
-5.458297469686272, 22.48498723782793, -9.099999899993216
-8.187446204529493, 22.48498723782793, -9.099999899993216
-10.916594939372715, 22.48498723782793, -9.099999899993216
-13.645743674215936, 22.484987237827927, -9.099999899993216
-16.374892409059157, 22.484987237827927, -9.099999899993216
-19.104041143902393, 22.484987237827927, -9.099999899993216
-19.10404114390238, 22.48498723782793, -9.099999899993218
-19.49395933228931, 22.471950885250028, -9.099999899993218
-19.881794229807586, 22.42991278302418, -9.099999899993218
-20.264400155175405, 22.35399666616971, -9.099999899993218
-20.637051771426943, 22.23894277048253, -9.099999899993218
-20.993057543079747, 22.079842336833046, -9.099999899993218
-21.323834559675408, 21.873478497631893, -9.099999899993218
-21.619987373751997, 21.619987373752, -9.099999899993218
-21.8734784976319, 21.323834559675404, -9.099999899993218
-22.07984233683305, 20.993057543079743, -9.099999899993218
-22.23894277048254, 20.637051771426943, -9.099999899993218
-22.35399666616972, 20.2644001551754, -9.099999899993218
-22.429912783024186, 19.88179422980759, -9.099999899993218
-22.471950885250042, 19.493959332289315, -9.099999899993218
-22.484987237827944, 19.10404114390239, -9.099999899993218
-22.484987237827937, 19.10404114390238, -9.099999899993215
-22.484987237827937, 16.374892409059157, -9.099999899993215
-22.484987237827937, 13.645743674215936, -9.099999899993215
-22.484987237827937, 10.916594939372715, -9.099999899993215
-22.484987237827937, 8.18744620452949, -9.099999899993215
-22.484987237827937, 5.458297469686265, -9.099999899993215
-22.484987237827937, 2.72914873484304, -9.099999899993215
-22.484987237827937, -1.8474111129762605e-13, -9.099999899993215
-22.484987237827937, -2.7291487348434096, -9.099999899993215
-22.484987237827937, -5.458297469686634, -9.099999899993215
-22.484987237827937, -8.18744620452986, -9.099999899993215
-22.484987237827937, -10.916594939373084, -9.099999899993215
-22.484987237827937, -13.645743674216309, -9.099999899993215
-22.484987237827937, -16.374892409059534, -9.099999899993215
-22.484987237827937, -19.104041143902762, -9.099999899993215
-22.48498723782795, -19.104041143902762, -9.099999899993216
-22.471950885250045, -19.493959332289702, -9.099999899993216
-22.429912783024193, -19.881794229807983, -9.099999899993216
-22.353996666169724, -20.2644001551758, -9.099999899993216
-22.23894277048254, -20.63705177142734, -9.099999899993216
-22.079842336833046, -20.99305754308014, -9.099999899993216
-21.873478497631893, -21.323834559675802, -9.099999899993216
-21.61998737375199, -21.61998737375239, -9.099999899993216
-21.323834559675394, -21.87347849763229, -9.099999899993216
-20.993057543079725, -22.079842336833437, -9.099999899993216
-20.637051771426925, -22.23894277048292, -9.099999899993216
-20.26440015517538, -22.3539966661701, -9.099999899993216
-19.881794229807564, -22.42991278302457, -9.099999899993216
-19.49395933228928, -22.471950885250426, -9.099999899993216
-19.10404114390235, -22.484987237828328, -9.099999899993216
-19.10404114390233, -22.484987237828314, -9.099999899993216
-16.374892409059115, -22.484987237828314, -9.099999899993216
-13.645743674215897, -22.484987237828314, -9.099999899993216
-10.91659493937268, -22.48498723782831, -9.099999899993216
-8.187446204529465, -22.48498723782831, -9.099999899993216
-5.458297469686247, -22.48498723782831, -9.099999899993216
-2.7291487348430294, -22.48498723782831, -9.099999899993216
1.8829382497642655e-13, -22.48498723782831, -9.099999899993216
2.729148734843406, -22.48498723782831, -9.099999899993216
5.458297469686624, -22.48498723782831, -9.099999899993216
8.187446204529842, -22.48498723782831, -9.099999899993216
10.916594939373056, -22.484987237828307, -9.099999899993216
13.64574367421627, -22.484987237828307, -9.099999899993216
16.374892409059484, -22.484987237828307, -9.099999899993216
19.1040411439027, -22.484987237828307, -9.099999899993216
19.104041143902684, -22.48498723782831, -9.099999899993216
19.493959332289624, -22.471950885250408, -9.099999899993216
19.881794229807912, -22.429912783024555, -9.099999899993216
20.264400155175725, -22.353996666170087, -9.099999899993216
20.63705177142727, -22.238942770482907, -9.099999899993216
20.993057543080074, -22.079842336833423, -9.099999899993216
21.323834559675735, -21.873478497632274, -9.099999899993216
21.619987373752327, -21.619987373752373, -9.099999899993216
21.873478497632235, -21.323834559675785, -9.099999899993216
22.07984233683339, -20.99305754308012, -9.099999899993216
22.238942770482883, -20.637051771427313, -9.099999899993216
22.35399666617007, -20.26440015517576, -9.099999899993216
22.429912783024538, -19.881794229807948, -9.099999899993216
22.471950885250394, -19.493959332289663, -9.099999899993216
22.4849872378283, -19.104041143902716, -9.099999899993216
22.484987237828292, -19.104041143902702, -9.099999899993216
22.484987237828292, -16.374892409059484, -9.099999899993216
22.484987237828292, -13.645743674216266, -9.099999899993216
22.484987237828292, -10.916594939373049, -9.099999899993216
22.484987237828292, -8.18744620452983, -9.099999899993216
22.484987237828292, -5.458297469686613, -9.099999899993216
22.484987237828292, -2.7291487348433954, -9.099999899993216
22.484987237828292, -1.7763568394002505e-13, -9.099999899993216
22.484987237828292, 2.72914873484304, -9.099999899993216
22.484987237828292, 5.458297469686258, -9.099999899993216
22.484987237828292, 8.187446204529476, -9.099999899993216
22.484987237828292, 10.916594939372693, -9.099999899993216
22.484987237828292, 13.645743674215908, -9.099999899993216
22.484987237828292, 16.37489240905912, -9.099999899993216
22.484987237828292, 19.104041143902336, -9.099999899993216
22.48498723782827, 19.104041143902332, -9.099999899993216
22.471950885250365, 19.493959332289265, -9.099999899993216
22.429912783024513, 19.88179422980755, -9.099999899993216
22.35399666617005, 20.26440015517537, -9.099999899993216
22.23894277048287, 20.637051771426915, -9.099999899993216
22.079842336833384, 20.99305754307972, -9.099999899993216
21.873478497632238, 21.323834559675383, -9.099999899993216
21.61998737375234, 21.619987373751982, -9.099999899993216
21.323834559675753, 21.87347849763189, -9.099999899993216
20.99305754308009, 22.079842336833043, -9.099999899993216
20.637051771427288, 22.238942770482538, -9.099999899993216
20.26440015517575, 22.353996666169717, -9.099999899993216
19.881794229807934, 22.429912783024186, -9.099999899993216
19.49395933228965, 22.471950885250042, -9.099999899993216
19.104041143902712, 22.484987237827948, -9.099999899993216
18.031787683647945, 21.412733777573138, -9.599999899993216
15.455818014555408, 21.412733777573138, -9.599999899993216
12.879848345462872, 21.412733777573138, -9.599999899993216
10.303878676370335, 21.412733777573138, -9.599999899993216
7.727909007277795, 21.412733777573134, -9.599999899993216
5.1519393381852545, 21.412733777573134, -9.599999899993216
2.5759696690927143, 21.412733777573134, -9.599999899993216
1.7408297026122455e-13, 21.412733777573134, -9.599999899993216
-2.575969669092366, 21.412733777573134, -9.599999899993216
-5.151939338184906, 21.412733777573134, -9.599999899993216
-7.727909007277445, 21.412733777573134, -9.599999899993216
-10.303878676369983, 21.412733777573134, -9.599999899993216
-12.879848345462522, 21.41273377757313, -9.599999899993216
-15.45581801455506, 21.41273377757313, -9.599999899993216
-18.031787683647597, 21.41273377757313, -9.599999899993216
-18.031787683647583, 21.412733777573138, -9.599999899993218
-18.42170587203452, 21.39969742499524, -9.599999899993218
-18.809540769552797, 21.35765932276938, -9.599999899993218
-19.19214669492061, 21.281743205914918, -9.599999899993218
-19.56479831117215, 21.166689310227735, -9.599999899993218
-19.92080408282495, 21.00758887657825, -9.599999899993218
-20.251581099420616, 20.801225037377097, -9.599999899993218
-20.547733913497204, 20.5477339134972, -9.599999899993218
-20.8012250373771, 20.251581099420612, -9.599999899993218
-21.00758887657825, 19.92080408282495, -9.599999899993218
-21.166689310227742, 19.56479831117215, -9.599999899993218
-21.28174320591492, 19.19214669492061, -9.599999899993218
-21.357659322769386, 18.809540769552797, -9.599999899993218
-21.399697424995242, 18.421705872034522, -9.599999899993218
-21.412733777573145, 18.031787683647597, -9.599999899993218
-21.412733777573145, 18.03178768364758, -9.599999899993215
-21.412733777573145, 15.455818014555035, -9.599999899993215
-21.412733777573145, 12.879848345462491, -9.599999899993215
-21.412733777573145, 10.303878676369948, -9.599999899993215
-21.412733777573145, 7.7279090072774075, -9.599999899993215
-21.412733777573145, 5.151939338184867, -9.599999899993215
-21.412733777573145, 2.575969669092327, -9.599999899993215
-21.412733777573145, -2.1316282072803006e-13, -9.599999899993215
-21.412733777573145, -2.5759696690927534, -9.599999899993215
-21.412733777573145, -5.151939338185294, -9.599999899993215
-21.412733777573145, -7.727909007277834, -9.599999899993215
-21.412733777573145, -10.303878676370374, -9.599999899993215
-21.412733777573145, -12.879848345462914, -9.599999899993215
-21.412733777573145, -15.455818014555454, -9.599999899993215
-21.412733777573145, -18.031787683647988, -9.599999899993215
-21.41273377757316, -18.031787683647984, -9.599999899993216
-21.399697424995253, -18.421705872034924, -9.599999899993216
-21.3576593227694, -18.809540769553205, -9.599999899993216
-21.281743205914932, -19.19214669492102, -9.599999899993216
-21.16668931022775, -19.564798311172563, -9.599999899993216
-21.007588876578254, -19.920804082825363, -9.599999899993216
-20.8012250373771, -20.251581099421024, -9.599999899993216
-20.547733913497197, -20.547733913497613, -9.599999899993216
-20.2515810994206, -20.801225037377513, -9.599999899993216
-19.920804082824933, -21.00758887657866, -9.599999899993216
-19.56479831117213, -21.166689310228147, -9.599999899993216
-19.192146694920588, -21.281743205915326, -9.599999899993216
-18.80954076955277, -21.357659322769795, -9.599999899993216
-18.421705872034483, -21.39969742499565, -9.599999899993216
-18.031787683647547, -21.412733777573546, -9.599999899993216
-18.031787683647526, -21.412733777573536, -9.599999899993216
-15.455818014554993, -21.412733777573536, -9.599999899993216
-12.87984834546246, -21.412733777573536, -9.599999899993216
-10.303878676369926, -21.412733777573532, -9.599999899993216
-7.727909007277393, -21.412733777573532, -9.599999899993216
-5.15193933818486, -21.412733777573532, -9.599999899993216
-2.575969669092327, -21.412733777573532, -9.599999899993216
2.0605739337042905e-13, -21.412733777573532, -9.599999899993216
2.575969669092739, -21.412733777573532, -9.599999899993216
5.151939338185272, -21.412733777573532, -9.599999899993216
7.727909007277805, -21.412733777573532, -9.599999899993216
10.303878676370335, -21.41273377757353, -9.599999899993216
12.879848345462865, -21.41273377757353, -9.599999899993216
15.455818014555394, -21.41273377757353, -9.599999899993216
18.031787683647924, -21.41273377757353, -9.599999899993216
18.03178768364791, -21.412733777573536, -9.599999899993216
18.42170587203485, -21.399697424995633, -9.599999899993216
18.809540769553138, -21.35765932276978, -9.599999899993216
19.19214669492095, -21.281743205915312, -9.599999899993216
19.564798311172495, -21.166689310228133, -9.599999899993216
19.9208040828253, -21.007588876578648, -9.599999899993216
20.25158109942096, -20.8012250373775, -9.599999899993216
20.547733913497552, -20.5477339134976, -9.599999899993216
20.80122503737746, -20.25158109942101, -9.599999899993216
21.007588876578616, -19.920804082825345, -9.599999899993216
21.166689310228108, -19.56479831117254, -9.599999899993216
21.28174320591529, -19.192146694921, -9.599999899993216
21.357659322769763, -18.809540769553177, -9.599999899993216
21.399697424995622, -18.421705872034895, -9.599999899993216
21.412733777573525, -18.031787683647952, -9.599999899993216
21.412733777573514, -18.031787683647924, -9.599999899993216
21.412733777573514, -15.45581801455539, -9.599999899993216
21.412733777573514, -12.879848345462857, -9.599999899993216
21.412733777573514, -10.303878676370324, -9.599999899993216
21.412733777573514, -7.727909007277791, -9.599999899993216
21.412733777573514, -5.151939338185258, -9.599999899993216
21.412733777573514, -2.575969669092725, -9.599999899993216
21.412733777573514, -1.9184653865522705e-13, -9.599999899993216
21.412733777573514, 2.5759696690923413, -9.599999899993216
21.412733777573514, 5.151939338184874, -9.599999899993216
21.412733777573514, 7.7279090072774075, -9.599999899993216
21.412733777573514, 10.30387867636994, -9.599999899993216
21.412733777573514, 12.879848345462477, -9.599999899993216
21.412733777573514, 15.455818014555014, -9.599999899993216
21.412733777573514, 18.031787683647543, -9.599999899993216
21.412733777573496, 18.03178768364753, -9.599999899993216
21.39969742499559, 18.42170587203446, -9.599999899993216
21.357659322769738, 18.809540769552747, -9.599999899993216
21.281743205915276, 19.192146694920567, -9.599999899993216
21.166689310228097, 19.56479831117211, -9.599999899993216
21.00758887657861, 19.920804082824915, -9.599999899993216
20.801225037377467, 20.251581099420584, -9.599999899993216
20.547733913497567, 20.547733913497183, -9.599999899993216
20.25158109942098, 20.801225037377087, -9.599999899993216
19.920804082825317, 21.007588876578243, -9.599999899993216
19.564798311172517, 21.166689310227735, -9.599999899993216
19.192146694920975, 21.281743205914914, -9.599999899993216
18.809540769553166, 21.35765932276939, -9.599999899993216
18.42170587203488, 21.399697424995242, -9.599999899993216
18.031787683647938, 21.41273377757315, -9.599999899993216
16.959534223393163, 20.34048031731834, -10.099999899993216
14.536743620051311, 20.34048031731834, -10.099999899993216
12.11395301670946, 20.34048031731834, -10.099999899993216
9.691162413367607, 20.34048031731834, -10.099999899993216
7.2683718100257515, 20.340480317318338, -10.099999899993216
4.845581206683896, 20.340480317318338, -10.099999899993216
2.4227906033420403, 20.340480317318338, -10.099999899993216
1.8474111129762605e-13, 20.340480317318338, -10.099999899993216
-2.422790603341671, 20.340480317318338, -10.099999899993216
-4.845581206683526, 20.340480317318338, -10.099999899993216
-7.268371810025382, 20.340480317318338, -10.099999899993216
-9.691162413367236, 20.340480317318338, -10.099999899993216
-12.11395301670909, 20.340480317318338, -10.099999899993216
-14.536743620050943, 20.340480317318335, -10.099999899993216
-16.959534223392797, 20.340480317318335, -10.099999899993216
-16.959534223392783, 20.340480317318338, -10.099999899993218
-17.34945241177972, 20.32744396474044, -10.099999899993218
-17.737287309297997, 20.28540586251458, -10.099999899993218
-18.11989323466581, 20.209489745660118, -10.099999899993218
-18.49254485091735, 20.094435849972935, -10.099999899993218
-18.84855062257015, 19.93533541632345, -10.099999899993218
-19.179327639165816, 19.728971577122298, -10.099999899993218
-19.475480453242405, 19.4754804532424, -10.099999899993218
-19.7289715771223, 19.179327639165813, -10.099999899993218
-19.93533541632345, 18.84855062257015, -10.099999899993218
-20.094435849972943, 18.49254485091735, -10.099999899993218
-20.20948974566012, 18.11989323466581, -10.099999899993218
-20.285405862514587, 17.737287309297997, -10.099999899993218
-20.327443964740443, 17.349452411779723, -10.099999899993218
-20.340480317318345, 16.959534223392787, -10.099999899993218
-20.340480317318345, 16.959534223392787, -10.099999899993215
-20.340480317318345, 14.536743620050927, -10.099999899993215
-20.340480317318345, 12.113953016709068, -10.099999899993215
-20.340480317318345, 9.69116241336721, -10.099999899993215
-20.340480317318345, 7.268371810025354, -10.099999899993215
-20.340480317318345, 4.845581206683498, -10.099999899993215
-20.340480317318345, 2.4227906033416424, -10.099999899993215
-20.340480317318345, -2.1316282072803006e-13, -10.099999899993215
-20.340480317318345, -2.4227906033420687, -10.099999899993215
-20.340480317318345, -4.845581206683924, -10.099999899993215
-20.340480317318345, -7.26837181002578, -10.099999899993215
-20.340480317318345, -9.691162413367637, -10.099999899993215
-20.340480317318345, -12.113953016709495, -10.099999899993215
-20.340480317318345, -14.536743620051352, -10.099999899993215
-20.340480317318345, -16.95953422339321, -10.099999899993215
-20.340480317318356, -16.9595342233932, -10.099999899993216
-20.327443964740453, -17.349452411780142, -10.099999899993216
-20.2854058625146, -17.737287309298424, -10.099999899993216
-20.209489745660132, -18.11989323466624, -10.099999899993216
-20.094435849972953, -18.49254485091779, -10.099999899993216
-19.93533541632346, -18.848550622570585, -10.099999899993216
-19.728971577122305, -19.179327639166246, -10.099999899993216
-19.4754804532424, -19.475480453242838, -10.099999899993216
-19.179327639165805, -19.728971577122742, -10.099999899993216
-18.84855062257014, -19.935335416323888, -10.099999899993216
-18.492544850917334, -20.094435849973372, -10.099999899993216
-18.119893234665792, -20.20948974566055, -10.099999899993216
-17.737287309297972, -20.285405862515017, -10.099999899993216
-17.349452411779694, -20.327443964740873, -10.099999899993216
-16.959534223392758, -20.34048031731878, -10.099999899993216
-16.95953422339273, -20.340480317318757, -10.099999899993216
-14.536743620050881, -20.340480317318757, -10.099999899993216
-12.113953016709033, -20.340480317318754, -10.099999899993216
-9.691162413367184, -20.340480317318754, -10.099999899993216
-7.268371810025336, -20.340480317318754, -10.099999899993216
-4.845581206683487, -20.340480317318754, -10.099999899993216
-2.422790603341639, -20.340480317318754, -10.099999899993216
2.0961010704922955e-13, -20.340480317318754, -10.099999899993216
2.422790603342058, -20.340480317318754, -10.099999899993216
4.845581206683907, -20.340480317318754, -10.099999899993216
7.268371810025755, -20.340480317318754, -10.099999899993216
9.691162413367607, -20.34048031731875, -10.099999899993216
12.11395301670946, -20.34048031731875, -10.099999899993216
14.536743620051311, -20.34048031731875, -10.099999899993216
16.95953422339315, -20.34048031731875, -10.099999899993216
16.95953422339313, -20.340480317318757, -10.099999899993216
17.34945241178007, -20.327443964740855, -10.099999899993216
17.73728730929836, -20.285405862515002, -10.099999899993216
18.119893234666172, -20.209489745660534, -10.099999899993216
18.492544850917717, -20.094435849973355, -10.099999899993216
18.84855062257052, -19.93533541632387, -10.099999899993216
19.179327639166182, -19.72897157712272, -10.099999899993216
19.475480453242774, -19.47548045324282, -10.099999899993216
19.72897157712268, -19.17932763916623, -10.099999899993216
19.935335416323838, -18.848550622570567, -10.099999899993216
20.09443584997333, -18.49254485091776, -10.099999899993216
20.209489745660516, -18.119893234666208, -10.099999899993216
20.285405862514985, -17.737287309298395, -10.099999899993216
20.32744396474084, -17.34945241178011, -10.099999899993216
20.340480317318747, -16.959534223393163, -10.099999899993216
20.340480317318736, -16.95953422339315, -10.099999899993216
20.340480317318736, -14.536743620051299, -10.099999899993216
20.340480317318736, -12.113953016709448, -10.099999899993216
20.340480317318736, -9.691162413367598, -10.099999899993216
20.340480317318736, -7.268371810025748, -10.099999899993216
20.340480317318736, -4.8455812066838995, -10.099999899993216
20.340480317318736, -2.422790603342051, -10.099999899993216
20.340480317318736, -2.0250467969162855e-13, -10.099999899993216
20.340480317318736, 2.422790603341646, -10.099999899993216
20.340480317318736, 4.8455812066834945, -10.099999899993216
20.340480317318736, 7.268371810025343, -10.099999899993216
20.340480317318736, 9.691162413367195, -10.099999899993216
20.340480317318736, 12.113953016709047, -10.099999899993216
20.340480317318736, 14.536743620050899, -10.099999899993216
20.340480317318736, 16.95953422339275, -10.099999899993216
20.34048031731872, 16.959534223392737, -10.099999899993216
20.327443964740812, 17.349452411779673, -10.099999899993216
20.28540586251496, 17.737287309297955, -10.099999899993216
20.2094897456605, 18.119893234665774, -10.099999899993216
20.094435849973316, 18.49254485091732, -10.099999899993216
19.93533541632383, 18.848550622570123, -10.099999899993216
19.728971577122685, 19.179327639165788, -10.099999899993216
19.47548045324279, 19.475480453242387, -10.099999899993216
19.1793276391662, 19.728971577122294, -10.099999899993216
18.84855062257054, 19.935335416323447, -10.099999899993216
18.492544850917735, 20.094435849972943, -10.099999899993216
18.119893234666197, 20.20948974566012, -10.099999899993216
17.73728730929838, 20.28540586251459, -10.099999899993216
17.349452411780096, 20.327443964740446, -10.099999899993216
16.95953422339316, 20.340480317318352, -10.099999899993216
15.887280763138392, 19.268226857063546, -10.599999899993216
13.617669225547218, 19.268226857063546, -10.599999899993216
11.348057687956043, 19.268226857063546, -10.599999899993216
9.078446150364869, 19.268226857063546, -10.599999899993216
6.808834612773698, 19.268226857063542, -10.599999899993216
4.539223075182527, 19.268226857063542, -10.599999899993216
2.2696115375913557, 19.268226857063542, -10.599999899993216
1.8474111129762605e-13, 19.268226857063542, -10.599999899993216
-2.269611537590986, 19.268226857063542, -10.599999899993216
-4.539223075182157, 19.268226857063542, -10.599999899993216
-6.808834612773328, 19.268226857063542, -10.599999899993216
-9.078446150364499, 19.268226857063542, -10.599999899993216
-11.34805768795567, 19.268226857063542, -10.599999899993216
-13.617669225546841, 19.26822685706354, -10.599999899993216
-15.887280763138001, 19.26822685706354, -10.599999899993216
-15.88728076313799, 19.268226857063546, -10.599999899993218
-16.277198951524927, 19.255190504485647, -10.599999899993218
-16.665033849043205, 19.213152402259787, -10.599999899993218
-17.047639774411017, 19.137236285405326, -10.599999899993218
-17.42029139066256, 19.022182389718143, -10.599999899993218
-17.77629716231536, 18.86308195606866, -10.599999899993218
-18.107074178911024, 18.656718116867506, -10.599999899993218
-18.403226992987612, 18.40322699298761, -10.599999899993218
-18.65671811686751, 18.10707417891102, -10.599999899993218
-18.86308195606866, 17.77629716231536, -10.599999899993218
-19.02218238971815, 17.42029139066256, -10.599999899993218
-19.13723628540533, 17.047639774411017, -10.599999899993218
-19.213152402259794, 16.665033849043205, -10.599999899993218
-19.25519050448565, 16.27719895152493, -10.599999899993218
-19.268226857063553, 15.887280763138005, -10.599999899993218
-19.268226857063553, 15.887280763137987, -10.599999899993215
-19.268226857063553, 13.617669225546813, -10.599999899993215
-19.268226857063553, 11.348057687955638, -10.599999899993215
-19.268226857063553, 9.078446150364464, -10.599999899993215
-19.268226857063553, 6.808834612773289, -10.599999899993215
-19.268226857063553, 4.5392230751821145, -10.599999899993215
-19.268226857063553, 2.26961153759094, -10.599999899993215
-19.268226857063553, -2.3447910280083306e-13, -10.599999899993215
-19.268226857063553, -2.269611537591409, -10.599999899993215
-19.268226857063553, -4.5392230751825835, -10.599999899993215
-19.268226857063553, -6.808834612773758, -10.599999899993215
-19.268226857063553, -9.07844615036493, -10.599999899993215
-19.268226857063553, -11.348057687956103, -10.599999899993215
-19.268226857063553, -13.617669225547276, -10.599999899993215
-19.268226857063553, -15.887280763138435, -10.599999899993215
-19.26822685706356, -15.887280763138428, -10.599999899993216
-19.255190504485654, -16.277198951525367, -10.599999899993216
-19.2131524022598, -16.66503384904365, -10.599999899993216
-19.137236285405333, -17.047639774411465, -10.599999899993216
-19.02218238971815, -17.420291390663007, -10.599999899993216
-18.863081956068655, -17.776297162315807, -10.599999899993216
-18.656718116867502, -18.107074178911468, -10.599999899993216
-18.403226992987598, -18.403226992988056, -10.599999899993216
-18.107074178911002, -18.656718116867957, -10.599999899993216
-17.776297162315334, -18.863081956069102, -10.599999899993216
-17.420291390662534, -19.022182389718587, -10.599999899993216
-17.04763977441099, -19.137236285405766, -10.599999899993216
-16.665033849043173, -19.213152402260235, -10.599999899993216
-16.277198951524888, -19.25519050448609, -10.599999899993216
-15.887280763137959, -19.268226857063993, -10.599999899993216
-15.887280763137934, -19.268226857063983, -10.599999899993216
-13.61766922554677, -19.268226857063983, -10.599999899993216
-11.348057687955606, -19.26822685706398, -10.599999899993216
-9.078446150364442, -19.26822685706398, -10.599999899993216
-6.808834612773278, -19.26822685706398, -10.599999899993216
-4.5392230751821145, -19.26822685706398, -10.599999899993216
-2.2696115375909507, -19.26822685706398, -10.599999899993216
2.1316282072803006e-13, -19.26822685706398, -10.599999899993216
2.269611537591377, -19.26822685706398, -10.599999899993216
4.539223075182541, -19.26822685706398, -10.599999899993216
6.808834612773705, -19.26822685706398, -10.599999899993216
9.078446150364869, -19.268226857063976, -10.599999899993216
11.348057687956036, -19.268226857063976, -10.599999899993216
13.617669225547203, -19.268226857063976, -10.599999899993216
15.88728076313837, -19.268226857063976, -10.599999899993216
15.887280763138355, -19.268226857063983, -10.599999899993216
16.277198951525296, -19.25519050448608, -10.599999899993216
16.665033849043585, -19.213152402260228, -10.599999899993216
17.047639774411397, -19.13723628540576, -10.599999899993216
17.420291390662943, -19.02218238971858, -10.599999899993216
17.776297162315746, -18.863081956069095, -10.599999899993216
18.107074178911407, -18.656718116867946, -10.599999899993216
18.403226992988, -18.403226992988046, -10.599999899993216
18.656718116867907, -18.107074178911457, -10.599999899993216
18.863081956069063, -17.776297162315792, -10.599999899993216
19.022182389718555, -17.42029139066299, -10.599999899993216
19.137236285405738, -17.047639774411447, -10.599999899993216
19.21315240226021, -16.665033849043624, -10.599999899993216
19.25519050448607, -16.277198951525342, -10.599999899993216
19.268226857063972, -15.8872807631384, -10.599999899993216
19.268226857063958, -15.88728076313837, -10.599999899993216
19.268226857063958, -13.617669225547205, -10.599999899993216
19.268226857063958, -11.34805768795604, -10.599999899993216
19.268226857063958, -9.078446150364874, -10.599999899993216
19.268226857063958, -6.808834612773708, -10.599999899993216
19.268226857063958, -4.539223075182541, -10.599999899993216
19.268226857063958, -2.2696115375913735, -10.599999899993216
19.268226857063958, -2.0605739337042905e-13, -10.599999899993216
19.268226857063958, 2.2696115375909613, -10.599999899993216
19.268226857063958, 4.539223075182129, -10.599999899993216
19.268226857063958, 6.808834612773296, -10.599999899993216
19.268226857063958, 9.078446150364464, -10.599999899993216
19.268226857063958, 11.348057687955631, -10.599999899993216
19.268226857063958, 13.617669225546798, -10.599999899993216
19.268226857063958, 15.887280763137952, -10.599999899993216
19.26822685706394, 15.887280763137936, -10.599999899993216
19.255190504486034, 16.27719895152487, -10.599999899993216
19.21315240226018, 16.665033849043155, -10.599999899993216
19.13723628540572, 17.047639774410975, -10.599999899993216
19.02218238971854, 17.42029139066252, -10.599999899993216
18.863081956069053, 17.776297162315323, -10.599999899993216
18.65671811686791, 18.10707417891099, -10.599999899993216
18.40322699298801, 18.40322699298759, -10.599999899993216
18.107074178911425, 18.656718116867495, -10.599999899993216
17.77629716231576, 18.86308195606865, -10.599999899993216
17.42029139066296, 19.022182389718143, -10.599999899993216
17.04763977441142, 19.137236285405322, -10.599999899993216
16.66503384904361, 19.213152402259798, -10.599999899993216
16.277198951525325, 19.25519050448565, -10.599999899993216
15.887280763138383, 19.268226857063556, -10.599999899993216
14.815027302883614, 18.195973396808746, -11.099999899993216
12.698594831043124, 18.195973396808746, -11.099999899993216
10.582162359202634, 18.195973396808746, -11.099999899993216
8.465729887362148, 18.195973396808743, -11.099999899993216
6.3492974155216615, 18.195973396808743, -11.099999899993216
4.232864943681175, 18.195973396808743, -11.099999899993216
2.116432471840689, 18.195973396808743, -11.099999899993216
2.0250467969162855e-13, 18.195973396808743, -11.099999899993216
-2.116432471840284, 18.195973396808743, -11.099999899993216
-4.23286494368077, 18.195973396808743, -11.099999899993216
-6.3492974155212565, 18.195973396808743, -11.099999899993216
-8.465729887361743, 18.195973396808743, -11.099999899993216
-10.58216235920223, 18.195973396808743, -11.099999899993216
-12.698594831042715, 18.195973396808743, -11.099999899993216
-14.815027302883205, 18.19597339680874, -11.099999899993216
-14.815027302883198, 18.195973396808753, -11.099999899993218
-15.204945491270134, 18.182937044230854, -11.099999899993218
-15.592780388788412, 18.140898942004995, -11.099999899993218
-15.975386314156225, 18.064982825150533, -11.099999899993218
-16.348037930407767, 17.94992892946335, -11.099999899993218
-16.704043702060567, 17.790828495813866, -11.099999899993218
-17.03482071865623, 17.584464656612713, -11.099999899993218
-17.33097353273282, 17.330973532732816, -11.099999899993218
-17.584464656612717, 17.034820718656228, -11.099999899993218
-17.790828495813866, 16.704043702060567, -11.099999899993218
-17.949928929463358, 16.348037930407767, -11.099999899993218
-18.064982825150537, 15.975386314156225, -11.099999899993218
-18.140898942005002, 15.592780388788412, -11.099999899993218
-18.182937044230858, 15.204945491270138, -11.099999899993218
-18.19597339680876, 14.8150273028832, -11.099999899993218
-18.195973396808753, 14.815027302883195, -11.099999899993215
-18.195973396808753, 12.698594831042705, -11.099999899993215
-18.195973396808753, 10.582162359202215, -11.099999899993215
-18.195973396808753, 8.465729887361725, -11.099999899993215
-18.195973396808753, 6.349297415521235, -11.099999899993215
-18.195973396808753, 4.232864943680745, -11.099999899993215
-18.195973396808753, 2.1164324718402554, -11.099999899993215
-18.195973396808753, -2.3447910280083306e-13, -11.099999899993215
-18.195973396808753, -2.1164324718407244, -11.099999899993215
-18.195973396808753, -4.232864943681214, -11.099999899993215
-18.195973396808753, -6.349297415521704, -11.099999899993215
-18.195973396808753, -8.465729887362194, -11.099999899993215
-18.195973396808753, -10.582162359202684, -11.099999899993215
-18.195973396808753, -12.698594831043174, -11.099999899993215
-18.195973396808753, -14.815027302883653, -11.099999899993215
-18.195973396808757, -14.815027302883644, -11.099999899993216
-18.182937044230854, -15.204945491270584, -11.099999899993216
-18.140898942005002, -15.592780388788867, -11.099999899993216
-18.064982825150533, -15.975386314156683, -11.099999899993216
-17.949928929463354, -16.348037930408232, -11.099999899993216
-17.790828495813862, -16.70404370206103, -11.099999899993216
-17.584464656612706, -17.03482071865669, -11.099999899993216
-17.330973532732802, -17.33097353273328, -11.099999899993216
-17.034820718656206, -17.584464656613186, -11.099999899993216
-16.70404370206054, -17.79082849581433, -11.099999899993216
-16.348037930407735, -17.949928929463816, -11.099999899993216
-15.975386314156193, -18.064982825150995, -11.099999899993216
-15.592780388788373, -18.14089894200546, -11.099999899993216
-15.204945491270093, -18.182937044231316, -11.099999899993216
-14.815027302883163, -18.19597339680922, -11.099999899993216
-14.815027302883138, -18.195973396809208, -11.099999899993216
-12.698594831042657, -18.195973396809205, -11.099999899993216
-10.582162359202176, -18.195973396809205, -11.099999899993216
-8.465729887361695, -18.195973396809205, -11.099999899993216
-6.349297415521214, -18.195973396809205, -11.099999899993216
-4.232864943680731, -18.195973396809205, -11.099999899993216
-2.1164324718402483, -18.195973396809205, -11.099999899993216
2.3447910280083306e-13, -18.195973396809205, -11.099999899993216
2.1164324718407173, -18.195973396809205, -11.099999899993216
4.2328649436812, -18.195973396809205, -11.099999899993216
6.349297415521683, -18.195973396809205, -11.099999899993216
8.465729887362166, -18.195973396809205, -11.099999899993216
10.582162359202648, -18.1959733968092, -11.099999899993216
12.698594831043131, -18.1959733968092, -11.099999899993216
14.8150273028836, -18.1959733968092, -11.099999899993216
14.815027302883578, -18.195973396809205, -11.099999899993216
15.204945491270518, -18.182937044231302, -11.099999899993216
15.592780388788807, -18.14089894200545, -11.099999899993216
15.97538631415662, -18.06498282515098, -11.099999899993216
16.348037930408164, -17.949928929463802, -11.099999899993216
16.704043702060968, -17.790828495814317, -11.099999899993216
17.03482071865663, -17.584464656613168, -11.099999899993216
17.33097353273322, -17.330973532733267, -11.099999899993216
17.58446465661313, -17.03482071865668, -11.099999899993216
17.790828495814285, -16.704043702061014, -11.099999899993216
17.949928929463777, -16.34803793040821, -11.099999899993216
18.06498282515096, -15.975386314156669, -11.099999899993216
18.140898942005432, -15.592780388788846, -11.099999899993216
18.18293704423129, -15.204945491270564, -11.099999899993216
18.195973396809194, -14.815027302883623, -11.099999899993216
18.195973396809183, -14.815027302883596, -11.099999899993216
18.195973396809183, -12.698594831043113, -11.099999899993216
18.195973396809183, -10.58216235920263, -11.099999899993216
18.195973396809183, -8.465729887362148, -11.099999899993216
18.195973396809183, -6.349297415521665, -11.099999899993216
18.195973396809183, -4.232864943681182, -11.099999899993216
18.195973396809183, -2.1164324718406995, -11.099999899993216
18.195973396809183, -2.1671553440683056e-13, -11.099999899993216
18.195973396809183, 2.116432471840266, -11.099999899993216
18.195973396809183, 4.232864943680749, -11.099999899993216
18.195973396809183, 6.349297415521232, -11.099999899993216
18.195973396809183, 8.465729887361714, -11.099999899993216
18.195973396809183, 10.582162359202194, -11.099999899993216
18.195973396809183, 12.698594831042676, -11.099999899993216
18.195973396809183, 14.815027302883152, -11.099999899993216
18.195973396809165, 14.815027302883138, -11.099999899993216
18.18293704423126, 15.204945491270072, -11.099999899993216
18.140898942005407, 15.592780388788357, -11.099999899993216
18.064982825150945, 15.975386314156177, -11.099999899993216
17.949928929463766, 16.348037930407724, -11.099999899993216
17.790828495814278, 16.704043702060527, -11.099999899993216
17.584464656613136, 17.034820718656196, -11.099999899993216
17.330973532733235, 17.330973532732795, -11.099999899993216
17.03482071865665, 17.5844646566127, -11.099999899993216
16.704043702060986, 17.790828495813855, -11.099999899993216
16.348037930408186, 17.949928929463347, -11.099999899993216
15.975386314156644, 18.064982825150526, -11.099999899993216
15.592780388788835, 18.140898942005002, -11.099999899993216
15.20494549127055, 18.182937044230854, -11.099999899993216
14.815027302883607, 18.19597339680876, -11.099999899993216
13.742773842628836, 17.123719936553954, -11.599999899993216
11.77952043653903, 17.123719936553954, -11.599999899993216
9.816267030449225, 17.123719936553954, -11.599999899993216
7.8530136243594235, 17.12371993655395, -11.599999899993216
5.889760218269622, 17.12371993655395, -11.599999899993216
3.92650681217982, 17.12371993655395, -11.599999899993216
1.9632534060900184, 17.12371993655395, -11.599999899993216
2.1671553440683056e-13, 17.12371993655395, -11.599999899993216
-1.963253406089585, 17.12371993655395, -11.599999899993216
-3.9265068121793867, 17.12371993655395, -11.599999899993216
-5.889760218269188, 17.12371993655395, -11.599999899993216
-7.853013624358992, 17.12371993655395, -11.599999899993216
-9.816267030448795, 17.12371993655395, -11.599999899993216
-11.779520436538599, 17.12371993655395, -11.599999899993216
-13.74277384262841, 17.123719936553947, -11.599999899993216
-13.742773842628399, 17.123719936553954, -11.599999899993218
-14.132692031015335, 17.110683583976055, -11.599999899993218
-14.520526928533613, 17.068645481750195, -11.599999899993218
-14.903132853901425, 16.992729364895734, -11.599999899993218
-15.275784470152967, 16.87767546920855, -11.599999899993218
-15.631790241805767, 16.718575035559066, -11.599999899993218
-15.962567258401432, 16.512211196357914, -11.599999899993218
-16.25872007247802, 16.258720072478017, -11.599999899993218
-16.512211196357917, 15.962567258401428, -11.599999899993218
-16.718575035559066, 15.631790241805767, -11.599999899993218
-16.877675469208558, 15.275784470152967, -11.599999899993218
-16.992729364895737, 14.903132853901425, -11.599999899993218
-17.068645481750202, 14.520526928533613, -11.599999899993218
-17.11068358397606, 14.132692031015338, -11.599999899993218
-17.12371993655396, 13.742773842628413, -11.599999899993218
-17.12371993655396, 13.742773842628395, -11.599999899993215
-17.12371993655396, 11.77952043653859, -11.599999899993215
-17.12371993655396, 9.816267030448785, -11.599999899993215
-17.12371993655396, 7.853013624358979, -11.599999899993215
-17.12371993655396, 5.889760218269174, -11.599999899993215
-17.12371993655396, 3.926506812179369, -11.599999899993215
-17.12371993655396, 1.9632534060895637, -11.599999899993215
-17.12371993655396, -2.4158453015843406e-13, -11.599999899993215
-17.12371993655396, -1.9632534060900468, -11.599999899993215
-17.12371993655396, -3.926506812179852, -11.599999899993215
-17.12371993655396, -5.889760218269657, -11.599999899993215
-17.12371993655396, -7.853013624359463, -11.599999899993215
-17.12371993655396, -9.816267030449268, -11.599999899993215
-17.12371993655396, -11.779520436539073, -11.599999899993215
-17.12371993655396, -13.742773842628878, -11.599999899993215
-17.12371993655396, -13.742773842628871, -11.59999989999322
-17.110683583976055, -14.13269203101581, -11.59999989999322
-17.068645481750202, -14.520526928534093, -11.59999989999322
-16.992729364895734, -14.903132853901909, -11.59999989999322
-16.87767546920855, -15.27578447015345, -11.59999989999322
-16.718575035559056, -15.63179024180625, -11.59999989999322
-16.512211196357903, -15.962567258401911, -11.59999989999322
-16.258720072478, -16.2587200724785, -11.59999989999322
-15.962567258401403, -16.5122111963584, -11.59999989999322
-15.631790241805735, -16.718575035559546, -11.59999989999322
-15.275784470152935, -16.87767546920903, -11.59999989999322
-14.90313285390139, -16.99272936489621, -11.59999989999322
-14.520526928533574, -17.06864548175068, -11.59999989999322
-14.132692031015294, -17.11068358397653, -11.59999989999322
-13.742773842628363, -17.123719936554433, -11.59999989999322
-13.742773842628338, -17.12371993655443, -11.599999899993216
-11.779520436538542, -17.123719936554426, -11.599999899993216
-9.816267030448746, -17.123719936554426, -11.599999899993216
-7.853013624358949, -17.123719936554426, -11.599999899993216
-5.889760218269153, -17.123719936554426, -11.599999899993216
-3.9265068121793547, -17.123719936554426, -11.599999899993216
-1.9632534060895566, -17.123719936554426, -11.599999899993216
2.4158453015843406e-13, -17.123719936554426, -11.599999899993216
1.9632534060900397, -17.123719936554426, -11.599999899993216
3.926506812179838, -17.123719936554426, -11.599999899993216
5.889760218269636, -17.123719936554426, -11.599999899993216
7.853013624359434, -17.123719936554426, -11.599999899993216
9.816267030449232, -17.123719936554423, -11.599999899993216
11.77952043653903, -17.123719936554423, -11.599999899993216
13.742773842628822, -17.123719936554423, -11.599999899993216
13.742773842628802, -17.12371993655443, -11.599999899993216
14.132692031015742, -17.110683583976527, -11.599999899993216
14.52052692853403, -17.068645481750675, -11.599999899993216
14.903132853901843, -16.992729364896206, -11.599999899993216
15.275784470153388, -16.877675469209027, -11.599999899993216
15.631790241806192, -16.718575035559542, -11.599999899993216
15.962567258401853, -16.512211196358393, -11.599999899993216
16.258720072478447, -16.258720072478493, -11.599999899993216
16.512211196358354, -15.962567258401902, -11.599999899993216
16.71857503555951, -15.631790241806238, -11.599999899993216
16.877675469209002, -15.275784470153434, -11.599999899993216
16.992729364896185, -14.903132853901893, -11.599999899993216
17.068645481750657, -14.52052692853407, -11.599999899993216
17.110683583976517, -14.132692031015788, -11.599999899993216
17.12371993655442, -13.742773842628846, -11.599999899993216
17.123719936554405, -13.742773842628818, -11.599999899993216
17.123719936554405, -11.77952043653902, -11.599999899993216
17.123719936554405, -9.816267030449222, -11.599999899993216
17.123719936554405, -7.8530136243594235, -11.599999899993216
17.123719936554405, -5.889760218269625, -11.599999899993216
17.123719936554405, -3.926506812179827, -11.599999899993216
17.123719936554405, -1.963253406090029, -11.599999899993216
17.123719936554405, -2.3092638912203256e-13, -11.599999899993216
17.123719936554405, 1.9632534060895672, -11.599999899993216
17.123719936554405, 3.9265068121793654, -11.599999899993216
17.123719936554405, 5.8897602182691635, -11.599999899993216
17.123719936554405, 7.853013624358962, -11.599999899993216
17.123719936554405, 9.816267030448756, -11.599999899993216
17.123719936554405, 11.779520436538554, -11.599999899993216
17.123719936554405, 13.742773842628353, -11.599999899993216
17.123719936554387, 13.742773842628342, -11.599999899993216
17.11068358397648, 14.132692031015276, -11.599999899993216
17.06864548175063, 14.520526928533561, -11.599999899993216
16.992729364896167, 14.903132853901381, -11.599999899993216
16.877675469208988, 15.275784470152926, -11.599999899993216
16.7185750355595, 15.63179024180573, -11.599999899993216
16.512211196358358, 15.962567258401398, -11.599999899993216
16.258720072478457, 16.258720072477995, -11.599999899993216
15.962567258401874, 16.5122111963579, -11.599999899993216
15.63179024180621, 16.718575035559056, -11.599999899993216
15.27578447015341, 16.877675469208548, -11.599999899993216
14.903132853901868, 16.992729364895727, -11.599999899993216
14.520526928534059, 17.068645481750202, -11.599999899993216
14.132692031015774, 17.110683583976055, -11.599999899993216
13.74277384262883, 17.12371993655396, -11.599999899993216
12.670520382374058, 16.051466476299154, -12.099999899993216
10.860446042034937, 16.051466476299154, -12.099999899993216
9.050371701695816, 16.051466476299154, -12.099999899993216
7.240297361356696, 16.05146647629915, -12.099999899993216
5.430223021017575, 16.05146647629915, -12.099999899993216
3.6201486806784544, 16.05146647629915, -12.099999899993216
1.8100743403393338, 16.05146647629915, -12.099999899993216
2.1316282072803006e-13, 16.05146647629915, -12.099999899993216
-1.8100743403389075, 16.05146647629915, -12.099999899993216
-3.620148680678028, 16.05146647629915, -12.099999899993216
-5.430223021017149, 16.05146647629915, -12.099999899993216
-7.240297361356269, 16.05146647629915, -12.099999899993216
-9.050371701695388, 16.05146647629915, -12.099999899993216
-10.860446042034507, 16.05146647629915, -12.099999899993216
-12.670520382373613, 16.05146647629915, -12.099999899993216
-12.670520382373606, 16.05146647629916, -12.099999899993218
-13.060438570760542, 16.038430123721263, -12.099999899993218
-13.44827346827882, 15.996392021495403, -12.099999899993218
-13.830879393646633, 15.920475904640941, -12.099999899993218
-14.203531009898175, 15.805422008953759, -12.099999899993218
-14.559536781550975, 15.646321575304274, -12.099999899993218
-14.89031379814664, 15.439957736103121, -12.099999899993218
-15.186466612223228, 15.186466612223224, -12.099999899993218
-15.439957736103125, 14.890313798146636, -12.099999899993218
-15.646321575304274, 14.559536781550975, -12.099999899993218
-15.805422008953766, 14.203531009898175, -12.099999899993218
-15.920475904640945, 13.830879393646633, -12.099999899993218
-15.99639202149541, 13.44827346827882, -12.099999899993218
-16.038430123721266, 13.060438570760546, -12.099999899993218
-16.05146647629917, 12.670520382373608, -12.099999899993218
-16.05146647629916, 12.670520382373603, -12.099999899993215
-16.05146647629916, 10.860446042034482, -12.099999899993215
-16.05146647629916, 9.050371701695362, -12.099999899993215
-16.05146647629916, 7.240297361356241, -12.099999899993215
-16.05146647629916, 5.43022302101712, -12.099999899993215
-16.05146647629916, 3.6201486806779997, -12.099999899993215
-16.05146647629916, 1.810074340338879, -12.099999899993215
-16.05146647629916, -2.4158453015843406e-13, -12.099999899993215
-16.05146647629916, -1.8100743403393622, -12.099999899993215
-16.05146647629916, -3.620148680678483, -12.099999899993215
-16.05146647629916, -5.4302230210176035, -12.099999899993215
-16.05146647629916, -7.240297361356724, -12.099999899993215
-16.05146647629916, -9.050371701695846, -12.099999899993215
-16.05146647629916, -10.860446042034969, -12.099999899993215
-16.05146647629916, -12.6705203823741, -12.099999899993215
-16.05146647629917, -12.670520382374095, -12.099999899993216
-16.038430123721266, -13.060438570761034, -12.099999899993216
-15.996392021495407, -13.448273468279318, -12.099999899993216
-15.920475904640941, -13.830879393647134, -12.099999899993216
-15.805422008953759, -14.203531009898676, -12.099999899993216
-15.646321575304267, -14.559536781551476, -12.099999899993216
-15.43995773610311, -14.890313798147137, -12.099999899993216
-15.186466612223207, -15.186466612223729, -12.099999899993216
-14.890313798146611, -15.43995773610363, -12.099999899993216
-14.559536781550946, -15.646321575304778, -12.099999899993216
-14.203531009898143, -15.80542200895426, -12.099999899993216
-13.830879393646597, -15.920475904641439, -12.099999899993216
-13.448273468278781, -15.996392021495907, -12.099999899993216
-13.060438570760496, -16.038430123721763, -12.099999899993216
-12.670520382373567, -16.051466476299666, -12.099999899993216
-12.670520382373542, -16.051466476299648, -12.099999899993216
-10.860446042034429, -16.051466476299648, -12.099999899993216
-9.050371701695315, -16.051466476299648, -12.099999899993216
-7.240297361356202, -16.051466476299648, -12.099999899993216
-5.430223021017088, -16.051466476299648, -12.099999899993216
-3.620148680677975, -16.051466476299648, -12.099999899993216
-1.8100743403388613, -16.051466476299648, -12.099999899993216
2.5224267119483557e-13, -16.051466476299648, -12.099999899993216
1.8100743403393658, -16.051466476299648, -12.099999899993216
3.6201486806784793, -16.051466476299648, -12.099999899993216
5.430223021017593, -16.051466476299648, -12.099999899993216
7.240297361356706, -16.051466476299648, -12.099999899993216
9.050371701695816, -16.051466476299645, -12.099999899993216
10.86044604203493, -16.051466476299645, -12.099999899993216
12.670520382374043, -16.051466476299645, -12.099999899993216
12.670520382374026, -16.05146647629965, -12.099999899993216
13.060438570760965, -16.03843012372175, -12.099999899993216
13.448273468279254, -15.996392021495897, -12.099999899993216
13.830879393647066, -15.920475904641428, -12.099999899993216
14.203531009898612, -15.805422008954249, -12.099999899993216
14.559536781551415, -15.646321575304764, -12.099999899993216
14.890313798147076, -15.439957736103615, -12.099999899993216
15.186466612223668, -15.186466612223715, -12.099999899993216
15.439957736103576, -14.890313798147126, -12.099999899993216
15.646321575304732, -14.559536781551461, -12.099999899993216
15.805422008954224, -14.203531009898654, -12.099999899993216
15.92047590464141, -13.830879393647102, -12.099999899993216
15.996392021495879, -13.44827346827929, -12.099999899993216
16.038430123721735, -13.060438570761002, -12.099999899993216
16.05146647629964, -12.670520382374058, -12.099999899993216
16.05146647629963, -12.67052038237404, -12.099999899993216
16.05146647629963, -10.860446042034926, -12.099999899993216
16.05146647629963, -9.050371701695813, -12.099999899993216
16.05146647629963, -7.240297361356699, -12.099999899993216
16.05146647629963, -5.430223021017586, -12.099999899993216
16.05146647629963, -3.620148680678472, -12.099999899993216
16.05146647629963, -1.8100743403393587, -12.099999899993216
16.05146647629963, -2.4513724383723456e-13, -12.099999899993216
16.05146647629963, 1.8100743403388684, -12.099999899993216
16.05146647629963, 3.620148680677982, -12.099999899993216
16.05146647629963, 5.430223021017095, -12.099999899993216
16.05146647629963, 7.240297361356209, -12.099999899993216
16.05146647629963, 9.050371701695326, -12.099999899993216
16.05146647629963, 10.86044604203444, -12.099999899993216
16.05146647629963, 12.67052038237356, -12.099999899993216
16.051466476299613, 12.670520382373544, -12.099999899993216
16.038430123721707, 13.060438570760478, -12.099999899993216
15.996392021495854, 13.448273468278764, -12.099999899993216
15.920475904641393, 13.830879393646583, -12.099999899993216
15.805422008954213, 14.203531009898128, -12.099999899993216
15.646321575304725, 14.559536781550932, -12.099999899993216
15.439957736103583, 14.8903137981466, -12.099999899993216
15.186466612223683, 15.1864666122232, -12.099999899993216
14.890313798147098, 15.439957736103104, -12.099999899993216
14.559536781551433, 15.64632157530426, -12.099999899993216
14.203531009898633, 15.805422008953752, -12.099999899993216
13.830879393647091, 15.92047590464093, -12.099999899993216
13.448273468279282, 15.996392021495407, -12.099999899993216
13.060438570760997, 16.03843012372126, -12.099999899993216
12.670520382374054, 16.051466476299165, -12.099999899993216
11.59826692211928, 14.979213016044357, -12.599999899993216
9.941371647530843, 14.979213016044357, -12.599999899993216
8.284476372942407, 14.979213016044357, -12.599999899993216
6.627581098353971, 14.979213016044357, -12.599999899993216
4.970685823765535, 14.979213016044357, -12.599999899993216
3.3137905491770994, 14.979213016044355, -12.599999899993216
1.6568952745886634, 14.979213016044355, -12.599999899993216
2.2737367544323206e-13, 14.979213016044355, -12.599999899993216
-1.6568952745882086, 14.979213016044355, -12.599999899993216
-3.3137905491766446, 14.979213016044355, -12.599999899993216
-4.970685823765081, 14.979213016044355, -12.599999899993216
-6.627581098353517, 14.979213016044355, -12.599999899993216
-8.284476372941953, 14.979213016044353, -12.599999899993216
-9.941371647530389, 14.979213016044353, -12.599999899993216
-11.598266922118814, 14.979213016044353, -12.599999899993216
-11.598266922118816, 14.979213016044366, -12.599999899993218
-11.988185110505745, 14.966176663466463, -12.599999899993218
-12.376020008024021, 14.924138561240607, -12.599999899993218
-12.758625933391833, 14.848222444386138, -12.599999899993218
-13.131277549643379, 14.733168548698956, -12.599999899993218
-13.487283321296175, 14.574068115049467, -12.599999899993218
-13.81806033789184, 14.367704275848315, -12.599999899993218
-14.114213151968425, 14.114213151968421, -12.599999899993218
-14.367704275848318, 13.818060337891833, -12.599999899993218
-14.57406811504947, 13.487283321296172, -12.599999899993218
-14.73316854869896, 13.131277549643368, -12.599999899993218
-14.848222444386138, 12.758625933391823, -12.599999899993218
-14.924138561240607, 12.37602000802401, -12.599999899993218
-14.966176663466463, 11.988185110505734, -12.599999899993218
-14.979213016044362, 11.598266922118809, -12.599999899993218
-14.979213016044362, 11.598266922118803, -12.599999899993215
-14.979213016044362, 9.941371647530367, -12.599999899993215
-14.979213016044362, 8.284476372941931, -12.599999899993215
-14.979213016044362, 6.627581098353495, -12.599999899993215
-14.979213016044362, 4.970685823765059, -12.599999899993215
-14.979213016044362, 3.3137905491766233, -12.599999899993215
-14.979213016044362, 1.6568952745881873, -12.599999899993215
-14.979213016044362, -2.4868995751603507e-13, -12.599999899993215
-14.979213016044362, -1.6568952745886847, -12.599999899993215
-14.979213016044362, -3.3137905491771207, -12.599999899993215
-14.979213016044362, -4.970685823765557, -12.599999899993215
-14.979213016044362, -6.627581098353993, -12.599999899993215
-14.979213016044362, -8.28447637294243, -12.599999899993215
-14.979213016044362, -9.941371647530868, -12.599999899993215
-14.979213016044362, -11.598266922119326, -12.599999899993215
-14.979213016044369, -11.598266922119317, -12.599999899993216
-14.966176663466467, -11.988185110506256, -12.599999899993216
-14.924138561240607, -12.37602000802454, -12.599999899993216
-14.848222444386142, -12.758625933392356, -12.599999899993216
-14.73316854869896, -13.131277549643897, -12.599999899993216
-14.574068115049467, -13.487283321296697, -12.599999899993216
-14.367704275848311, -13.818060337892359, -12.599999899993216
-14.114213151968407, -14.11421315196895, -12.599999899993216
-13.818060337891811, -14.367704275848851, -12.599999899993216
-13.487283321296147, -14.57406811505, -12.599999899993216
-13.131277549643343, -14.733168548699481, -12.599999899993216
-12.758625933391798, -14.84822244438666, -12.599999899993216
-12.376020008023982, -14.92413856124113, -12.599999899993216
-11.988185110505697, -14.966176663466985, -12.599999899993216
-11.598266922118771, -14.979213016044884, -12.599999899993216
-11.598266922118746, -14.979213016044872, -12.599999899993218
-9.941371647530318, -14.979213016044872, -12.599999899993218
-8.284476372941889, -14.979213016044872, -12.599999899993218
-6.62758109835346, -14.97921301604487, -12.599999899993218
-4.970685823765031, -14.97921301604487, -12.599999899993218
-3.313790549176602, -14.97921301604487, -12.599999899993218
-1.656895274588173, -14.97921301604487, -12.599999899993218
2.5579538487363607e-13, -14.97921301604487, -12.599999899993218
1.6568952745886847, -14.97921301604487, -12.599999899993218
3.3137905491771136, -14.97921301604487, -12.599999899993218
4.9706858237655425, -14.979213016044868, -12.599999899993218
6.627581098353971, -14.979213016044868, -12.599999899993218
8.2844763729424, -14.979213016044868, -12.599999899993218
9.94137164753083, -14.979213016044868, -12.599999899993218
11.598266922119265, -14.979213016044868, -12.599999899993218
11.59826692211925, -14.979213016044875, -12.599999899993216
11.988185110506189, -14.966176663466973, -12.599999899993216
12.376020008024478, -14.92413856124112, -12.599999899993216
12.75862593339229, -14.848222444386652, -12.599999899993216
13.131277549643835, -14.733168548699473, -12.599999899993216
13.487283321296639, -14.574068115049988, -12.599999899993216
13.8180603378923, -14.367704275848839, -12.599999899993216
14.114213151968892, -14.114213151968938, -12.599999899993216
14.3677042758488, -13.81806033789235, -12.599999899993216
14.574068115049956, -13.487283321296685, -12.599999899993216
14.733168548699448, -13.131277549643878, -12.599999899993216
14.848222444386634, -12.758625933392326, -12.599999899993216
14.924138561241103, -12.376020008024513, -12.599999899993216
14.966176663466959, -11.988185110506226, -12.599999899993216
14.979213016044865, -11.598266922119281, -12.599999899993216
14.979213016044852, -11.598266922119265, -12.599999899993218
14.979213016044852, -9.941371647530834, -12.599999899993218
14.979213016044852, -8.284476372942404, -12.599999899993218
14.979213016044852, -6.627581098353975, -12.599999899993218
14.979213016044852, -4.970685823765546, -12.599999899993218
14.979213016044852, -3.313790549177117, -12.599999899993218
14.979213016044852, -1.6568952745886882, -12.599999899993218
14.979213016044852, -2.5934809855243657e-13, -12.599999899993218
14.979213016044852, 1.6568952745881695, -12.599999899993218
14.979213016044852, 3.3137905491765984, -12.599999899993218
14.979213016044852, 4.970685823765027, -12.599999899993218
14.979213016044852, 6.627581098353456, -12.599999899993218
14.979213016044852, 8.284476372941885, -12.599999899993218
14.979213016044852, 9.941371647530318, -12.599999899993218
14.979213016044852, 11.59826692211876, -12.599999899993218
14.979213016044834, 11.598266922118748, -12.599999899993216
14.966176663466928, 11.988185110505682, -12.599999899993216
14.924138561241076, 12.376020008023968, -12.599999899993216
14.848222444386614, 12.758625933391787, -12.599999899993216
14.733168548699435, 13.131277549643332, -12.599999899993216
14.574068115049947, 13.487283321296136, -12.599999899993216
14.367704275848805, 13.818060337891804, -12.599999899993216
14.114213151968904, 14.114213151968404, -12.599999899993216
13.81806033789232, 14.367704275848308, -12.599999899993216
13.487283321296655, 14.574068115049464, -12.599999899993216
13.131277549643855, 14.733168548698956, -12.599999899993216
12.758625933392313, 14.848222444386135, -12.599999899993216
12.376020008024504, 14.92413856124061, -12.599999899993216
11.988185110506219, 14.966176663466463, -12.599999899993216
11.598266922119276, 14.979213016044369, -12.599999899993216
10.526013461864501, 13.90695955578956, -13.099999899993216
9.02229725302675, 13.90695955578956, -13.099999899993216
7.518581044188998, 13.90695955578956, -13.099999899993216
6.014864835351247, 13.90695955578956, -13.099999899993216
4.511148626513496, 13.90695955578956, -13.099999899993216
3.0074324176757443, 13.906959555789559, -13.099999899993216
1.503716208837993, 13.906959555789559, -13.099999899993216
2.4158453015843406e-13, 13.906959555789559, -13.099999899993216
-1.5037162088375098, 13.906959555789559, -13.099999899993216
-3.007432417675261, 13.906959555789559, -13.099999899993216
-4.5111486265130125, 13.906959555789559, -13.099999899993216
-6.014864835350764, 13.906959555789559, -13.099999899993216
-7.518581044188515, 13.906959555789557, -13.099999899993216
-9.022297253026267, 13.906959555789557, -13.099999899993216
-10.526013461864018, 13.906959555789557, -13.099999899993216
-10.526013461864007, 13.90695955578957, -13.099999899993218
-10.915931650250943, 13.89392320321167, -13.099999899993218
-11.303766547769222, 13.851885100985811, -13.099999899993218
-11.686372473137034, 13.77596898413135, -13.099999899993218
-12.059024089388576, 13.660915088444167, -13.099999899993218
-12.415029861041376, 13.501814654794682, -13.099999899993218
-12.74580687763704, 13.29545081559353, -13.099999899993218
-13.041959691713629, 13.041959691713632, -13.099999899993218
-13.295450815593526, 12.745806877637044, -13.099999899993218
-13.501814654794675, 12.415029861041383, -13.099999899993218
-13.660915088444167, 12.059024089388583, -13.099999899993218
-13.775968984131346, 11.686372473137041, -13.099999899993218
-13.851885100985811, 11.303766547769229, -13.099999899993218
-13.893923203211667, 10.915931650250954, -13.099999899993218
-13.90695955578957, 10.526013461864016, -13.099999899993218
-13.906959555789566, 10.52601346186401, -13.099999899993215
-13.906959555789566, 9.02229725302626, -13.099999899993215
-13.906959555789566, 7.518581044188505, -13.099999899993215
-13.906959555789566, 6.01486483535075, -13.099999899993215
-13.906959555789566, 4.511148626512995, -13.099999899993215
-13.906959555789566, 3.00743241767524, -13.099999899993215
-13.906959555789566, 1.503716208837485, -13.099999899993215
-13.906959555789566, -2.7000623958883807e-13, -13.099999899993215
-13.906959555789566, -1.503716208838025, -13.099999899993215
-13.906959555789566, -3.00743241767578, -13.099999899993215
-13.906959555789566, -4.511148626513535, -13.099999899993215
-13.906959555789566, -6.01486483535129, -13.099999899993215
-13.906959555789566, -7.518581044189045, -13.099999899993215
-13.906959555789566, -9.0222972530268, -13.099999899993215
-13.906959555789566, -10.526013461864551, -13.099999899993215
-13.906959555789573, -10.526013461864538, -13.099999899993216
-13.89392320321167, -10.915931650251478, -13.099999899993216
-13.851885100985818, -11.303766547769762, -13.099999899993216
-13.77596898413135, -11.686372473137578, -13.099999899993216
-13.66091508844417, -12.059024089389126, -13.099999899993216
-13.501814654794678, -12.415029861041923, -13.099999899993216
-13.295450815593522, -12.745806877637584, -13.099999899993216
-13.041959691713618, -13.041959691714176, -13.099999899993216
-12.745806877637023, -13.29545081559408, -13.099999899993216
-12.415029861041358, -13.501814654795226, -13.099999899993216
-12.05902408938855, -13.66091508844471, -13.099999899993216
-11.686372473137009, -13.77596898413189, -13.099999899993216
-11.30376654776919, -13.851885100986355, -13.099999899993216
-10.91593165025091, -13.89392320321221, -13.099999899993216
-10.526013461863979, -13.906959555790113, -13.099999899993216
-10.526013461863947, -13.906959555790097, -13.099999899993215
-9.022297253026201, -13.906959555790097, -13.099999899993215
-7.518581044188455, -13.906959555790097, -13.099999899993215
-6.014864835350711, -13.906959555790095, -13.099999899993215
-4.511148626512966, -13.906959555790095, -13.099999899993215
-3.007432417675222, -13.906959555790095, -13.099999899993215
-1.5037162088374778, -13.906959555790095, -13.099999899993215
2.6645352591003757e-13, -13.906959555790095, -13.099999899993215
1.5037162088380107, -13.906959555790095, -13.099999899993215
3.007432417675755, -13.906959555790095, -13.099999899993215
4.511148626513499, -13.906959555790094, -13.099999899993215
6.0148648353512435, -13.906959555790094, -13.099999899993215
7.518581044188988, -13.906959555790094, -13.099999899993215
9.022297253026736, -13.906959555790094, -13.099999899993215
10.526013461864494, -13.906959555790094, -13.099999899993215
10.526013461864473, -13.906959555790099, -13.099999899993216
10.915931650251412, -13.893923203212196, -13.099999899993216
11.303766547769701, -13.851885100986344, -13.099999899993216
11.686372473137514, -13.775968984131875, -13.099999899993216
12.059024089389059, -13.660915088444696, -13.099999899993216
12.415029861041862, -13.501814654795211, -13.099999899993216
12.745806877637524, -13.295450815594062, -13.099999899993216
13.041959691714116, -13.041959691714162, -13.099999899993216
13.295450815594023, -12.745806877637573, -13.099999899993216
13.50181465479518, -12.415029861041909, -13.099999899993216
13.660915088444671, -12.059024089389101, -13.099999899993216
13.775968984131858, -11.68637247313755, -13.099999899993216
13.851885100986326, -11.303766547769737, -13.099999899993216
13.893923203212182, -10.91593165025145, -13.099999899993216
13.906959555790088, -10.526013461864505, -13.099999899993216
13.906959555790078, -10.52601346186449, -13.099999899993215
13.906959555790078, -9.022297253026744, -13.099999899993215
13.906959555790078, -7.518581044188998, -13.099999899993215
13.906959555790078, -6.014864835351251, -13.099999899993215
13.906959555790078, -4.511148626513503, -13.099999899993215
13.906959555790078, -3.007432417675755, -13.099999899993215
13.906959555790078, -1.5037162088380072, -13.099999899993215
13.906959555790078, -2.5934809855243657e-13, -13.099999899993215
13.906959555790078, 1.5037162088374885, -13.099999899993215
13.906959555790078, 3.0074324176752363, -13.099999899993215
13.906959555790078, 4.511148626512984, -13.099999899993215
13.906959555790078, 6.014864835350732, -13.099999899993215
13.906959555790078, 7.51858104418848, -13.099999899993215
13.906959555790078, 9.022297253026224, -13.099999899993215
13.906959555790078, 10.526013461863961, -13.099999899993215
13.906959555790058, 10.52601346186395, -13.099999899993216
13.893923203212152, 10.915931650250885, -13.099999899993216
13.8518851009863, 11.30376654776917, -13.099999899993216
13.775968984131838, 11.68637247313699, -13.099999899993216
13.660915088444659, 12.059024089388535, -13.099999899993216
13.50181465479517, 12.415029861041338, -13.099999899993216
13.295450815594029, 12.745806877637007, -13.099999899993216
13.041959691714128, 13.041959691713606, -13.099999899993216
12.745806877637543, 13.29545081559351, -13.099999899993216
12.415029861041878, 13.501814654794666, -13.099999899993216
12.059024089389078, 13.660915088444158, -13.099999899993216
11.686372473137537, 13.775968984131337, -13.099999899993216
11.303766547769728, 13.851885100985813, -13.099999899993216
10.915931650251443, 13.893923203211665, -13.099999899993216
10.526013461864503, 13.906959555789568, -13.099999899993216
9.453760001609723, 12.834706095534761, -13.599999899993218
8.103222858522656, 12.834706095534761, -13.599999899993218
6.7526857154355895, 12.834706095534761, -13.599999899993218
5.402148572348523, 12.834706095534761, -13.599999899993218
4.051611429261456, 12.834706095534761, -13.599999899993218
2.7010742861743893, 12.83470609553476, -13.599999899993218
1.3505371430873225, 12.83470609553476, -13.599999899993218
2.5579538487363607e-13, 12.83470609553476, -13.599999899993218
-1.350537143086811, 12.83470609553476, -13.599999899993218
-2.7010742861738777, 12.83470609553476, -13.599999899993218
-4.051611429260944, 12.83470609553476, -13.599999899993218
-5.402148572348011, 12.83470609553476, -13.599999899993218
-6.752685715435078, 12.83470609553476, -13.599999899993218
-8.103222858522146, 12.834706095534758, -13.599999899993218
-9.453760001609226, 12.834706095534758, -13.599999899993218
-9.453760001609208, 12.834706095534763, -13.599999899993218
-9.843678189996144, 12.821669742956864, -13.599999899993218
-10.231513087514422, 12.779631640731004, -13.599999899993218
-10.614119012882234, 12.703715523876543, -13.599999899993218
-10.986770629133776, 12.58866162818936, -13.599999899993218
-11.342776400786576, 12.429561194539875, -13.599999899993218
-11.67355341738224, 12.223197355338723, -13.599999899993218
-11.96970623145883, 11.969706231458826, -13.599999899993218
-12.223197355338726, 11.673553417382237, -13.599999899993218
-12.429561194539875, 11.342776400786576, -13.599999899993218
-12.588661628189367, 10.986770629133776, -13.599999899993218
-12.703715523876546, 10.614119012882234, -13.599999899993218
-12.779631640731012, 10.231513087514422, -13.599999899993218
-12.821669742956868, 9.843678189996147, -13.599999899993218
-12.83470609553477, 9.453760001609222, -13.599999899993218
-12.83470609553477, 9.453760001609211, -13.599999899993215
-12.83470609553477, 8.103222858522141, -13.599999899993215
-12.83470609553477, 6.752685715435071, -13.599999899993215
-12.83470609553477, 5.4021485723480005, -13.599999899993215
-12.83470609553477, 4.05161142926093, -13.599999899993215
-12.83470609553477, 2.70107428617386, -13.599999899993215
-12.83470609553477, 1.3505371430867896, -13.599999899993215
-12.83470609553477, -2.8066438062523957e-13, -13.599999899993215
-12.83470609553477, -1.350537143087351, -13.599999899993215
-12.83470609553477, -2.7010742861744212, -13.599999899993215
-12.83470609553477, -4.0516114292614915, -13.599999899993215
-12.83470609553477, -5.402148572348562, -13.599999899993215
-12.83470609553477, -6.752685715435632, -13.599999899993215
-12.83470609553477, -8.103222858522702, -13.599999899993215
-12.83470609553477, -9.453760001609766, -13.599999899993215
-12.834706095534774, -9.45376000160976, -13.599999899993216
-12.821669742956871, -9.8436781899967, -13.599999899993216
-12.779631640731019, -10.231513087514983, -13.599999899993216
-12.70371552387655, -10.6141190128828, -13.599999899993216
-12.58866162818937, -10.986770629134348, -13.599999899993216
-12.429561194539879, -11.342776400787145, -13.599999899993216
-12.223197355338723, -11.673553417382806, -13.599999899993216
-11.969706231458819, -11.969706231459398, -13.599999899993216
-11.673553417382223, -12.223197355339302, -13.599999899993216
-11.342776400786558, -12.429561194540447, -13.599999899993216
-10.986770629133751, -12.588661628189932, -13.599999899993216
-10.61411901288221, -12.703715523877111, -13.599999899993216
-10.23151308751439, -12.779631640731576, -13.599999899993216
-9.84367818999611, -12.821669742957432, -13.599999899993216
-9.453760001609185, -12.834706095535335, -13.599999899993216
-9.453760001609147, -12.834706095535322, -13.599999899993216
-8.103222858522086, -12.834706095535322, -13.599999899993216
-6.752685715435025, -12.83470609553532, -13.599999899993216
-5.402148572347961, -12.83470609553532, -13.599999899993216
-4.051611429260898, -12.83470609553532, -13.599999899993216
-2.701074286173835, -12.83470609553532, -13.599999899993216
-1.3505371430867719, -12.83470609553532, -13.599999899993216
2.913225216616411e-13, -12.83470609553532, -13.599999899993216
1.3505371430873545, -12.83470609553532, -13.599999899993216
2.7010742861744177, -12.83470609553532, -13.599999899993216
4.051611429261481, -12.834706095535319, -13.599999899993216
5.402148572348544, -12.834706095535319, -13.599999899993216
6.752685715435607, -12.834706095535319, -13.599999899993216
8.10322285852267, -12.834706095535319, -13.599999899993216
9.453760001609716, -12.834706095535319, -13.599999899993216
9.453760001609695, -12.834706095535322, -13.599999899993216
9.843678189996634, -12.82166974295742, -13.599999899993216
10.231513087514923, -12.779631640731568, -13.599999899993216
10.614119012882735, -12.703715523877099, -13.599999899993216
10.98677062913428, -12.58866162818992, -13.599999899993216
11.342776400787084, -12.429561194540435, -13.599999899993216
11.673553417382745, -12.223197355339286, -13.599999899993216
11.969706231459337, -11.969706231459385, -13.599999899993216
12.223197355339245, -11.673553417382797, -13.599999899993216
12.429561194540401, -11.342776400787132, -13.599999899993216
12.588661628189893, -10.986770629134325, -13.599999899993216
12.70371552387708, -10.614119012882773, -13.599999899993216
12.779631640731548, -10.23151308751496, -13.599999899993216
12.821669742957404, -9.843678189996673, -13.599999899993216
12.83470609553531, -9.453760001609728, -13.599999899993216
12.8347060955353, -9.453760001609709, -13.599999899993216
12.8347060955353, -8.103222858522646, -13.599999899993216
12.8347060955353, -6.752685715435582, -13.599999899993216
12.8347060955353, -5.402148572348519, -13.599999899993216
12.8347060955353, -4.051611429261456, -13.599999899993216
12.8347060955353, -2.701074286174393, -13.599999899993216
12.8347060955353, -1.3505371430873296, -13.599999899993216
12.8347060955353, -2.6645352591003757e-13, -13.599999899993216
12.8347060955353, 1.3505371430867967, -13.599999899993216
12.8347060955353, 2.70107428617386, -13.599999899993216
12.8347060955353, 4.051611429260923, -13.599999899993216
12.8347060955353, 5.402148572347986, -13.599999899993216
12.8347060955353, 6.7526857154350495, -13.599999899993216
12.8347060955353, 8.103222858522113, -13.599999899993216
12.8347060955353, 9.453760001609169, -13.599999899993216
12.834706095535282, 9.453760001609153, -13.599999899993216
12.821669742957376, 9.843678189996087, -13.599999899993216
12.779631640731523, 10.231513087514372, -13.599999899993216
12.703715523877062, 10.614119012882192, -13.599999899993216
12.588661628189882, 10.986770629133737, -13.599999899993216
12.429561194540394, 11.34277640078654, -13.599999899993216
12.223197355339252, 11.673553417382209, -13.599999899993216
11.969706231459352, 11.969706231458808, -13.599999899993216
11.673553417382767, 12.223197355338712, -13.599999899993216
11.342776400787102, 12.429561194539868, -13.599999899993216
10.986770629134302, 12.58866162818936, -13.599999899993216
10.61411901288276, 12.70371552387654, -13.599999899993216
10.231513087514951, 12.779631640731015, -13.599999899993216
9.843678189996666, 12.821669742956868, -13.599999899993216
9.453760001609723, 12.834706095534774, -13.599999899993216
8.381506541354952, 11.762452635279969, -14.099999899993215
7.184148464018566, 11.762452635279969, -14.099999899993215
5.9867903866821806, 11.762452635279969, -14.099999899993215
4.789432309345795, 11.762452635279969, -14.099999899993215
3.5920742320094092, 11.762452635279969, -14.099999899993215
2.3947161546730236, 11.762452635279967, -14.099999899993215
1.197358077336638, 11.762452635279967, -14.099999899993215
2.5224267119483557e-13, 11.762452635279967, -14.099999899993215
-1.1973580773361334, 11.762452635279967, -14.099999899993215
-2.394716154672519, 11.762452635279967, -14.099999899993215
-3.5920742320089047, 11.762452635279967, -14.099999899993215
-4.78943230934529, 11.762452635279967, -14.099999899993215
-5.986790386681676, 11.762452635279967, -14.099999899993215
-7.184148464018062, 11.762452635279967, -14.099999899993215
-8.381506541354426, 11.762452635279965, -14.099999899993215
-8.381506541354431, 11.762452635279981, -14.099999899993218
-8.77142472974136, 11.749416282702079, -14.099999899993218
-9.159259627259637, 11.707378180476223, -14.099999899993218
-9.54186555262745, 11.631462063621754, -14.099999899993218
-9.914517168878994, 11.516408167934571, -14.099999899993218
-10.27052294053179, 11.357307734285083, -14.099999899993218
-10.601299957127456, 11.15094389508393, -14.099999899993218
-10.89745277120404, 10.897452771204037, -14.099999899993218
-11.150943895083934, 10.601299957127448, -14.099999899993218
-11.357307734285087, 10.270522940531787, -14.099999899993218
-11.516408167934575, 9.914517168878984, -14.099999899993218
-11.631462063621754, 9.541865552627439, -14.099999899993218
-11.707378180476223, 9.159259627259626, -14.099999899993218
-11.749416282702079, 8.77142472974135, -14.099999899993218
-11.762452635279978, 8.381506541354424, -14.099999899993218
-11.762452635279978, 8.381506541354412, -14.099999899993215
-11.762452635279978, 7.184148464018026, -14.099999899993215
-11.762452635279978, 5.9867903866816405, -14.099999899993215
-11.762452635279978, 4.789432309345255, -14.099999899993215
-11.762452635279978, 3.592074232008869, -14.099999899993215
-11.762452635279978, 2.3947161546724836, -14.099999899993215
-11.762452635279978, 1.197358077336098, -14.099999899993215
-11.762452635279978, -2.877698079828406e-13, -14.099999899993215
-11.762452635279978, -1.1973580773366734, -14.099999899993215
-11.762452635279978, -2.394716154673059, -14.099999899993215
-11.762452635279978, -3.5920742320094448, -14.099999899993215
-11.762452635279978, -4.78943230934583, -14.099999899993215
-11.762452635279978, -5.986790386682216, -14.099999899993215
-11.762452635279978, -7.184148464018602, -14.099999899993215
-11.762452635279978, -8.381506541354995, -14.099999899993215
-11.762452635279985, -8.381506541354996, -14.099999899993213
-11.749416282702082, -8.771424729741936, -14.099999899993213
-11.707378180476223, -9.15925962726022, -14.099999899993213
-11.631462063621758, -9.541865552628035, -14.099999899993213
-11.516408167934575, -9.914517168879577, -14.099999899993213
-11.357307734285083, -10.270522940532377, -14.099999899993213
-11.150943895083927, -10.601299957128038, -14.099999899993213
-10.897452771204023, -10.89745277120463, -14.099999899993213
-10.601299957127427, -11.15094389508453, -14.099999899993213
-10.270522940531762, -11.35730773428568, -14.099999899993213
-9.914517168878959, -11.516408167935161, -14.099999899993213
-9.541865552627417, -11.63146206362234, -14.099999899993213
-9.159259627259598, -11.707378180476805, -14.099999899993213
-8.771424729741318, -11.749416282702661, -14.099999899993213
-8.381506541354392, -11.762452635280564, -14.099999899993213
-8.381506541354355, -11.762452635280544, -14.099999899993216
-7.1841484640179765, -11.762452635280543, -14.099999899993216
-5.986790386681598, -11.762452635280543, -14.099999899993216
-4.789432309345219, -11.762452635280543, -14.099999899993216
-3.592074232008841, -11.762452635280543, -14.099999899993216
-2.3947161546724622, -11.762452635280543, -14.099999899993216
-1.1973580773360837, -11.762452635280543, -14.099999899993216
2.948752353404416e-13, -11.762452635280543, -14.099999899993216
1.1973580773366734, -11.762452635280543, -14.099999899993216
2.394716154673052, -11.762452635280543, -14.099999899993216
3.5920742320094305, -11.76245263528054, -14.099999899993216
4.789432309345809, -11.76245263528054, -14.099999899993216
5.986790386682188, -11.76245263528054, -14.099999899993216
7.184148464018566, -11.76245263528054, -14.099999899993216
8.381506541354938, -11.76245263528054, -14.099999899993216
8.38150654135492, -11.762452635280546, -14.099999899993216
8.77142472974186, -11.749416282702644, -14.099999899993216
9.159259627260148, -11.707378180476791, -14.099999899993216
9.54186555262796, -11.631462063622322, -14.099999899993216
9.914517168879506, -11.516408167935143, -14.099999899993216
10.27052294053231, -11.357307734285659, -14.099999899993216
10.60129995712797, -11.15094389508451, -14.099999899993216
10.897452771204563, -10.897452771204609, -14.099999899993216
11.15094389508447, -10.60129995712802, -14.099999899993216
11.357307734285627, -10.270522940532356, -14.099999899993216
11.516408167935118, -9.914517168879552, -14.099999899993216
11.631462063622301, -9.54186555262801, -14.099999899993216
11.707378180476773, -9.159259627260187, -14.099999899993216
11.749416282702633, -8.771424729741906, -14.099999899993216
11.762452635280535, -8.381506541354963, -14.099999899993216
11.762452635280523, -8.381506541354938, -14.099999899993216
11.762452635280523, -7.184148464018559, -14.099999899993216
11.762452635280523, -5.9867903866821806, -14.099999899993216
11.762452635280523, -4.789432309345802, -14.099999899993216
11.762452635280523, -3.5920742320094234, -14.099999899993216
11.762452635280523, -2.394716154673045, -14.099999899993216
11.762452635280523, -1.1973580773366663, -14.099999899993216
11.762452635280523, -2.877698079828406e-13, -14.099999899993216
11.762452635280523, 1.1973580773360908, -14.099999899993216
11.762452635280523, 2.3947161546724693, -14.099999899993216
11.762452635280523, 3.592074232008848, -14.099999899993216
11.762452635280523, 4.7894323093452265, -14.099999899993216
11.762452635280523, 5.986790386681605, -14.099999899993216
11.762452635280523, 7.184148464017984, -14.099999899993216
11.762452635280523, 8.38150654135437, -14.099999899993216
11.762452635280505, 8.381506541354357, -14.099999899993216
11.7494162827026, 8.771424729741291, -14.099999899993216
11.707378180476747, 9.159259627259576, -14.099999899993216
11.631462063622285, 9.541865552627396, -14.099999899993216
11.516408167935106, 9.914517168878941, -14.099999899993216
11.357307734285618, 10.270522940531745, -14.099999899993216
11.150943895084476, 10.601299957127413, -14.099999899993216
10.897452771204575, 10.897452771204012, -14.099999899993216
10.60129995712799, 11.150943895083916, -14.099999899993216
10.270522940532326, 11.357307734285072, -14.099999899993216
9.914517168879525, 11.516408167934564, -14.099999899993216
9.541865552627984, 11.631462063621743, -14.099999899993216
9.159259627260175, 11.70737818047622, -14.099999899993216
8.77142472974189, 11.749416282702072, -14.099999899993216
