4.440892098500626e-16, 37.960409094372984, -0.09999989999985255
4.106436882842422, 37.74429130102575, -0.09999989999985255
8.16628593513776, 37.09134323924332, -0.09999989999985255
12.130773645915005, 35.99997232666303, -0.09999989999985255
15.951098531500017, 34.479088068513136, -0.09999989999985255
19.580579071624904, 32.5464593354085, -0.09999989999985255
22.97714613067, 30.228731991291017, -0.09999989999985255
26.10537494408946, 27.55973839992145, -0.09999989999985255
28.93577040357707, 24.576694345925706, -0.09999989999985255
31.43384478780457, 21.310418701355506, -0.09999989999985255
33.5626910439114, 17.792417567713724, -0.09999989999985255
35.292405379552385, 14.06198654190784, -0.09999989999985255
36.60006891628585, 10.163509523256014, -0.09999989999985255
37.47277421262033, 6.145203534276519, -0.09999989999985255
37.90654653464505, 2.0560735265210894, -0.09999989999985255
37.90654653464504, -2.0560735265208203, -0.09999989999985255
37.472774219245316, -6.1452035353691885, -0.09999989999985255
36.60006891226289, -10.163509520401359, -0.09999989999985255
35.29240539437124, -14.061986545769724, -0.09999989999985255
33.562691078391886, -17.79241758501454, -0.09999989999985255
31.433844777551776, -21.310418694398297, -0.09999989999985255
28.935770403576953, -24.576694345925393, -0.09999989999985255
26.105374944089334, -27.559738399921134, -0.09999989999985255
22.977146130669894, -30.228731991290715, -0.09999989999985255
19.580579093370794, -32.54645936917685, -0.09999989999985255
15.951098549753466, -34.47908810556719, -0.09999989999985255
12.130773646117214, -35.99997232636967, -0.09999989999985255
8.166285930925781, -37.09134321932723, -0.09999989999985255
4.106436882842418, -37.74429130102569, -0.09999989999985255
-4.440892098500626e-15, -37.96040909437297, -0.09999989999985255
-7.105427357601002e-15, -37.96040909437297, -0.09999989999985255
-4.106436882842444, -37.74429130102571, -0.09999989999985255
-8.166285935137811, -37.09134323924331, -0.09999989999985255
-12.130773645915072, -35.99997232666301, -0.09999989999985255
-15.95109853150009, -34.4790880685131, -0.09999989999985255
-19.580579071625017, -32.54645933540848, -0.09999989999985255
-22.977146130670107, -30.22873199129095, -0.09999989999985255
-26.105374944089576, -27.559738399921383, -0.09999989999985255
-28.935770403577184, -24.576694345925606, -0.09999989999985255
-31.43384478780467, -21.310418701355374, -0.09999989999985255
-33.562691043911514, -17.79241756771358, -0.09999989999985255
-35.29240537955245, -14.061986541907649, -0.09999989999985255
-36.60006891628591, -10.163509523255794, -0.09999989999985255
-37.47277421262034, -6.145203534276262, -0.09999989999985255
-37.90654653464502, -2.0560735265208105, -0.09999989999985255
-37.906546534645024, 2.056073526521111, -0.09999989999985255
-37.472774219245295, 6.145203535369501, -0.09999989999985255
-36.600068912262955, 10.163509520401702, -0.09999989999985255
-35.292405394371386, 14.061986545770115, -0.09999989999985255
-33.56269107839213, 17.792417585014995, -0.09999989999985255
-31.433844777552075, 21.310418694398813, -0.09999989999985255
-28.93577040357729, 24.576694345925954, -0.09999989999985255
-26.10537494408964, 27.55973839992169, -0.09999989999985255
-22.977146130670153, 30.22873199129124, -0.09999989999985255
-19.58057909337098, 32.5464593691773, -0.09999989999985255
-15.951098549753567, 34.479088105567534, -0.09999989999985255
-12.130773646117259, 35.999972326369914, -0.09999989999985255
-8.166285930925786, 37.091343219327406, -0.09999989999985255
-4.106436882842385, 37.74429130102575, -0.09999989999985255
5.684341886080802e-14, 37.960409094372984, -0.09999989999985255
0.0, 37.4712495107654, -0.19999989999985257
4.054395324731931, 37.260473819226796, -0.19999989999985257
8.063397588772027, 36.620659280013335, -0.19999989999985257
11.978426465462615, 35.54671816740859, -0.19999989999985257
15.750310878129834, 34.045610232571974, -0.19999989999985257
19.33220770485691, 32.13492637293223, -0.19999989999985257
22.68283557579125, 29.842654779898304, -0.19999989999985257
25.768993139140697, 27.20486829022571, -0.19999989999985257
28.56442596248941, 24.260665483886676, -0.19999989999985257
31.034471478255995, 21.038769240157535, -0.19999989999985257
33.139860891986096, 17.567711589026587, -0.19999989999985257
34.84879760047811, 13.885316081186659, -0.19999989999985257
36.137726451054405, 10.035736911659896, -0.19999989999985257
36.994797561284415, 6.06755576347706, -0.19999989999985257
37.41881971207681, 2.0299547663220787, -0.19999989999985257
37.4188197120768, -2.029954766321858, -0.19999989999985257
36.994797543228465, -6.067555761152768, -0.19999989999985257
36.13772644023228, -10.03573690625274, -0.19999989999985257
34.84879762043394, -13.885316086261696, -0.19999989999985257
33.139860939038925, -17.567711612731866, -0.19999989999985257
31.034471433152067, -21.03876920924796, -0.19999989999985257
28.56442596248929, -24.26066548388638, -0.19999989999985257
25.76899313914061, -27.204868290225455, -0.19999989999985257
22.682835575791152, -29.842654779898034, -0.19999989999985257
19.332207732788397, -32.13492641566295, -0.19999989999985257
15.750310903432633, -34.04561028376673, -0.19999989999985257
11.978426464775191, -35.54671816410627, -0.19999989999985257
8.0633975813436, -36.62065924441156, -0.19999989999985257
4.054395324731946, -37.260473819226796, -0.19999989999985257
-3.552713678800501e-15, -37.47124951076538, -0.19999989999985257
0.0, -37.47124951076538, -0.19999989999985257
-4.054395324731933, -37.260473819226824, -0.19999989999985257
-8.063397588772041, -36.620659280013335, -0.19999989999985257
-11.978426465462643, -35.546718167408606, -0.19999989999985257
-15.750310878129882, -34.045610232571995, -0.19999989999985257
-19.332207704856962, -32.13492637293221, -0.19999989999985257
-22.68283557579132, -29.84265477989829, -0.19999989999985257
-25.76899313914079, -27.2048682902257, -0.19999989999985257
-28.564425962489473, -24.260665483886612, -0.19999989999985257
-31.034471478256098, -21.038769240157475, -0.19999989999985257
-33.13986089198614, -17.567711589026462, -0.19999989999985257
-34.84879760047815, -13.88531608118651, -0.19999989999985257
-36.13772645105442, -10.03573691165973, -0.19999989999985257
-36.9947975612844, -6.067555763476869, -0.19999989999985257
-37.41881971207678, -2.0299547663218633, -0.19999989999985257
-37.418819712076775, 2.0299547663220827, -0.19999989999985257
-36.99479754322845, 6.067555761153012, -0.19999989999985257
-36.13772644023233, 10.035736906253023, -0.19999989999985257
-34.8487976204341, 13.885316086262039, -0.19999989999985257
-33.13986093903917, 17.567711612732275, -0.19999989999985257
-31.03447143315234, 21.038769209248414, -0.19999989999985257
-28.56442596248959, 24.260665483886882, -0.19999989999985257
-25.76899313914089, 27.20486829022595, -0.19999989999985257
-22.682835575791398, 29.842654779898513, -0.19999989999985257
-19.33220773278857, 32.13492641566335, -0.19999989999985257
-15.75031090343272, 34.04561028376702, -0.19999989999985257
-11.978426464775229, 35.54671816410647, -0.19999989999985257
-8.063397581343603, 36.62065924441171, -0.19999989999985257
-4.054395324731921, 37.26047381922687, -0.19999989999985257
4.973799150320701e-14, 37.4712495107654, -0.19999989999985257
0.0, 37.10001344143375, -0.29999989999985255
4.014872137832565, 36.893201516616905, -0.29999989999985255
7.9852381369037335, 36.2632096210226, -0.29999989999985255
11.862683968480216, 35.202405531392785, -0.29999989999985255
15.597783214068462, 33.71630265640618, -0.29999989999985255
19.143586671324556, 31.82235369059627, -0.29999989999985255
22.459412134145573, 29.549533719538537, -0.29999989999985255
25.513702456921376, 26.935538999189554, -0.29999989999985255
28.282549954492133, 24.020796224336006, -0.29999989999985255
30.73119035824278, 20.83250858441595, -0.29999989999985255
32.81866491018231, 17.397035411815004, -0.29999989999985255
34.511792685383526, 13.751098393131873, -0.29999989999985255
35.78655190740265, 9.938666705814617, -0.29999989999985255
36.631883383531004, 6.0085774292246805, -0.29999989999985255
37.04864342354713, 2.010121321536847, -0.29999989999985255
37.04864342354714, -2.01012132153665, -0.29999989999985255
36.6318833643684, -6.0085774267767205, -0.29999989999985255
35.78655190688667, -9.938666705698838, -0.29999989999985255
34.511792682122696, -13.751098392021499, -0.29999989999985255
32.81866491400911, -17.39703541401431, -0.29999989999985255
30.7311903103813, -20.832508551576577, -0.29999989999985255
28.282549954491984, -24.02079622433576, -0.29999989999985255
25.513702456921237, -26.935538999189326, -0.29999989999985255
22.459412134145445, -29.549533719538328, -0.29999989999985255
19.143586668929412, -31.82235368658635, -0.29999989999985255
15.597783213533056, -33.71630265540769, -0.29999989999985255
11.862683967128378, -35.20240552777851, -0.29999989999985255
7.985238136118336, -36.26320961726949, -0.29999989999985255
4.014872137832525, -36.89320151661687, -0.29999989999985255
-3.1086244689504383e-15, -37.10001344143375, -0.29999989999985255
0.0, -37.10001344143375, -0.29999989999985255
-4.01487213783254, -36.893201516616884, -0.29999989999985255
-7.985238136903727, -36.26320962102261, -0.29999989999985255
-11.862683968480237, -35.20240553139282, -0.29999989999985255
-15.597783214068533, -33.71630265640629, -0.29999989999985255
-19.143586671324616, -31.82235369059632, -0.29999989999985255
-22.459412134145634, -29.54953371953854, -0.29999989999985255
-25.51370245692143, -26.935538999189518, -0.29999989999985255
-28.28254995449219, -24.020796224335946, -0.29999989999985255
-30.73119035824281, -20.832508584415848, -0.29999989999985255
-32.81866491018233, -17.397035411814876, -0.29999989999985255
-34.51179268538355, -13.751098393131738, -0.29999989999985255
-35.786551907402675, -9.938666705814468, -0.29999989999985255
-36.63188338353099, -6.008577429224501, -0.29999989999985255
-37.04864342354711, -2.010121321536649, -0.29999989999985255
-37.04864342354711, 2.010121321536863, -0.29999989999985255
-36.63188336436846, 6.008577426776958, -0.29999989999985255
-35.78655190688673, 9.938666705699097, -0.29999989999985255
-34.511792682122824, 13.7510983920218, -0.29999989999985255
-32.818664914009304, 17.397035414014667, -0.29999989999985255
-30.731190310381564, 20.832508551576996, -0.29999989999985255
-28.282549954492275, 24.020796224336227, -0.29999989999985255
-25.51370245692149, 26.93553899918978, -0.29999989999985255
-22.459412134145666, 29.549533719538776, -0.29999989999985255
-19.143586668929565, 31.82235368658673, -0.29999989999985255
-15.597783213533125, 33.71630265540795, -0.29999989999985255
-11.862683967128419, 35.20240552777872, -0.29999989999985255
-7.985238136118357, 36.263209617269716, -0.29999989999985255
-4.014872137832497, 36.89320151661692, -0.29999989999985255
4.973799150320701e-14, 37.10001344143375, -0.29999989999985255
4.973799150320701e-14, 36.79045993618217, -0.3999998999998525
-3.9818945928422753, 36.58688479107182, -0.3999998999998525
-7.9200073997553835, 35.96497040231729, -0.3999998999998525
-11.766077277597239, 34.915047328796604, -0.3999998999998525
-15.4704855170794, 33.441453062461335, -0.3999998999998525
-18.986208681212705, 31.56152305039845, -0.3999998999998525
-22.273063666430218, 29.305026850632196, -0.3999998999998525
-25.300828411671652, 26.710953114058622, -0.3999998999998525
-28.04746877496056, 23.820762689810692, -0.3999998999998525
-30.47815753317518, 20.660443416063394, -0.3999998999998525
-32.55060412882104, 17.254607997017246, -0.3999998999998525
-34.23051712752861, 13.63907375046752, -0.3999998999998525
-35.4935007396766, 9.85764733965685, -0.3999998999998525
-36.32914286513098, 5.959360464766247, -0.3999998999998525
-36.73995301698469, 1.9935744751744389, -0.3999998999998525
-36.7399530169847, -1.9935744751742215, -0.3999998999998525
-36.3291428853566, -5.959360467336572, -0.3999998999998525
-35.49350074012528, -9.857647339752498, -0.3999998999998525
-34.230517130924376, -13.639073751622272, -0.3999998999998525
-32.55060412477172, -17.25460799468974, -0.3999998999998525
-30.47815758332267, -20.660443450506058, -0.3999998999998525
-28.047468774960514, -23.820762689810437, -0.3999998999998525
-25.300828411671603, -26.710953114058366, -0.3999998999998525
-22.2730636664302, -29.30502685063197, -0.3999998999998525
-18.986208684358704, -31.561523055676663, -0.3999998999998525
-15.470485517619604, -33.44145306346094, -0.3999998999998525
-11.766077278998797, -34.915047332539956, -0.3999998999998525
-7.9200074008256065, -35.96497040746207, -0.3999998999998525
-3.9818945928423344, -36.58688479107177, -0.3999998999998525
0.0, -36.79045993618217, -0.3999998999998525
-2.6645352591003757e-15, -36.79045993618217, -0.3999998999998525
3.981894592842301, -36.58688479107174, -0.3999998999998525
7.92000739975538, -35.964970402317135, -0.3999998999998525
11.766077277597205, -34.9150473287964, -0.3999998999998525
15.470485517079332, -33.441453062461086, -0.3999998999998525
18.986208681212563, -31.561523050398094, -0.3999998999998525
22.273063666430012, -29.30502685063177, -0.3999998999998525
25.300828411671404, -26.71095311405817, -0.3999998999998525
28.0474687749603, -23.820762689810262, -0.3999998999998525
30.478157533174937, -20.66044341606299, -0.3999998999998525
32.55060412882086, -17.254607997016898, -0.3999998999998525
34.23051712752849, -13.639073750467222, -0.3999998999998525
35.49350073967654, -9.857647339656586, -0.3999998999998525
36.32914286513102, -5.959360464766017, -0.3999998999998525
36.739953016984714, -1.9935744751742206, -0.3999998999998525
36.73995301698472, 1.9935744751744366, -0.3999998999998525
36.3291428853566, 5.959360467336775, -0.3999998999998525
35.49350074012528, 9.857647339752683, -0.3999998999998525
34.23051713092431, 13.639073751622433, -0.3999998999998525
32.550604124771645, 17.254607994689888, -0.3999998999998525
30.47815758332251, 20.660443450506126, -0.3999998999998525
28.0474687749604, 23.820762689810515, -0.3999998999998525
25.300828411671507, 26.710953114058434, -0.3999998999998525
22.27306366643009, 29.30502685063201, -0.3999998999998525
18.98620868435857, 31.561523055676656, -0.3999998999998525
15.470485517619462, 33.44145306346087, -0.3999998999998525
11.766077278998704, 34.91504733253999, -0.3999998999998525
7.920007400825528, 35.964970407462076, -0.3999998999998525
3.981894592842268, 36.58688479107177, -0.3999998999998525
0.0, 36.79045993618217, -0.3999998999998525
4.973799150320701e-14, 36.52074040086142, -0.4999998999998525
-3.9531426386198816, 36.31992880360626, -0.4999998999998525
-7.863121891576144, 35.70495642733048, -0.4999998999998525
-11.68182119199538, 34.664450572478906, -0.4999998999998525
-15.359472450368125, 33.20175233005012, -0.4999998999998525
-18.849000361160275, 31.334093368298056, -0.4999998999998525
-22.11065527109764, 29.091909100734153, -0.4999998999998525
-25.11534666520146, 26.515261650664716, -0.4999998999998525
-27.84260492240504, 23.64645389211473, -0.4999998999998525
-30.257565260598977, 20.510456652181396, -0.4999998999998525
-32.316840325724954, 17.130415175368018, -0.4999998999998525
-33.985210737435665, 13.541372929669652, -0.4999998999998525
-35.237968745032234, 9.786987850384863, -0.4999998999998525
-36.06525415086315, 5.916444690896329, -0.4999998999998525
-36.47096858855197, 1.979149386785179, -0.4999998999998525
-36.47096858857235, -1.9791493863817753, -0.4999998999998525
-36.06525413000519, -5.916444687697218, -0.4999998999998525
-35.23796876008378, -9.786987854628455, -0.4999998999998525
-33.98521074810176, -13.541372933757696, -0.4999998999998525
-32.31684033078876, -17.130415178039595, -0.4999998999998525
-30.257565221370033, -20.510456624703796, -0.4999998999998525
-27.842604922667842, -23.64645389180809, -0.4999998999998525
-25.11534666549393, -26.51526165038627, -0.4999998999998525
-22.110655271022985, -29.091909099976267, -0.4999998999998525
-18.849000370413503, -31.33409338494375, -0.4999998999998525
-15.359472455882207, -33.201752342755725, -0.4999998999998525
-11.681821193415194, -34.66445057626801, -0.4999998999998525
-7.863121892904666, -35.704956433743774, -0.4999998999998525
-3.9531426386199477, -36.31992880360623, -0.4999998999998525
0.0, -36.520740400861406, -0.4999998999998525
-2.220446049250313e-15, -36.52074040086142, -0.4999998999998525
3.953142638619912, -36.31992880360621, -0.4999998999998525
7.863121891576155, -35.70495642733038, -0.4999998999998525
11.681821191995363, -34.66445057247875, -0.4999998999998525
15.359472450368058, -33.20175233004988, -0.4999998999998525
18.849000361160144, -31.334093368297715, -0.4999998999998525
22.110655271097457, -29.091909100733755, -0.4999998999998525
25.115346665201216, -26.515261650664275, -0.4999998999998525
27.842604922404792, -23.646453892114305, -0.4999998999998525
30.257565260598756, -20.510456652181016, -0.4999998999998525
32.31684032572481, -17.1304151753677, -0.4999998999998525
33.98521073743555, -13.541372929669357, -0.4999998999998525
35.237968745032184, -9.786987850384604, -0.4999998999998525
36.06525415086313, -5.91644469089609, -0.4999998999998525
36.470968588551955, -1.9791493867849557, -0.4999998999998525
36.47096858857237, 1.9791493863819847, -0.4999998999998525
36.065254130005194, 5.91644468769741, -0.4999998999998525
35.237968760083774, 9.786987854628638, -0.4999998999998525
33.98521074810167, 13.541372933757835, -0.4999998999998525
32.31684033078866, 17.130415178039716, -0.4999998999998525
30.25756522136995, 20.510456624703895, -0.4999998999998525
27.84260492266775, 23.646453891808154, -0.4999998999998525
25.115346665493842, 26.51526165038631, -0.4999998999998525
22.110655271022885, 29.091909099976284, -0.4999998999998525
18.849000370413393, 31.334093384943724, -0.4999998999998525
15.359472455882132, 33.20175234275574, -0.4999998999998525
11.681821193415137, 34.66445057626803, -0.4999998999998525
7.863121892904622, 35.70495643374378, -0.4999998999998525
3.953142638619922, 36.319928803606224, -0.4999998999998525
-4.440892098500626e-16, 36.52074040086142, -0.4999998999998525
4.973799150320701e-14, 36.279618601153004, -0.5999998999998525
-3.9274232432035685, 36.081228161429685, -0.5999998999998525
-7.812224747807828, 35.47237647931118, -0.5999998999998525
-11.606426780975356, 34.44023192857394, -0.5999998999998525
-15.260144273437945, 32.98727167962893, -0.5999998999998525
-18.72626745553217, 31.130633296187774, -0.5999998999998525
-21.965432205411254, 28.90132246950869, -0.5999998999998525
-24.9495305412532, 26.340313869735546, -0.5999998999998525
-27.65943316978156, 23.49061295896163, -0.5999998999998525
-30.06025601307764, 20.376317029579944, -0.5999998999998525
-32.10768679430982, 17.019307535998887, -0.5999998999998525
-33.765712820388764, 13.453949586411147, -0.5999998999998525
-35.00936093591958, 9.7237619460241, -0.5999998999998525
-35.8292524773136, 5.878050813540873, -0.5999998999998525
-36.23048932454093, 1.966247056144768, -0.5999998999998525
-36.23048932456095, -1.9662470557462912, -0.5999998999998525
-35.82925245583933, -5.878050810266749, -0.5999998999998525
-35.00936095089497, -9.723761950241126, -0.5999998999998525
-33.76571283102716, -13.453949590486456, -0.5999998999998525
-32.10768679922236, -17.019307538590255, -0.5999998999998525
-30.060255973315233, -20.37631700172119, -0.5999998999998525
-27.659433170041307, -23.49061295865886, -0.5999998999998525
-24.94953054154208, -26.340313869460466, -0.5999998999998525
-21.96543220538177, -28.901322468817888, -0.5999998999998525
-18.726267465498836, -31.13063331402963, -0.5999998999998525
-15.260144278904185, -32.98727169222267, -0.5999998999998525
-11.606426782394008, -34.440231932357804, -0.5999998999998525
-7.812224749372334, -35.472376486888635, -0.5999998999998525
-3.927423243203599, -36.08122816142962, -0.5999998999998525
0.0, -36.279618601153, -0.5999998999998525
-1.3322676295501878e-15, -36.279618601153, -0.5999998999998525
3.927423243203597, -36.081228161429614, -0.5999998999998525
7.812224747807833, -35.47237647931105, -0.5999998999998525
11.606426780975328, -34.440231928573745, -0.5999998999998525
15.26014427343789, -32.98727167962873, -0.5999998999998525
18.726267455532042, -31.13063329618746, -0.5999998999998525
21.96543220541107, -28.90132246950832, -0.5999998999998525
24.949530541252976, -26.34031386973515, -0.5999998999998525
27.65943316978133, -23.490612958961243, -0.5999998999998525
30.060256013077424, -20.37631702957959, -0.5999998999998525
32.107686794309686, -17.01930753599859, -0.5999998999998525
33.765712820388664, -13.453949586410882, -0.5999998999998525
35.009360935919545, -9.723761946023874, -0.5999998999998525
35.82925247731356, -5.878050813540663, -0.5999998999998525
36.230489324540926, -1.9662470561445795, -0.5999998999998525
36.23048932456095, 1.9662470557464524, -0.5999998999998525
35.82925245583932, 5.878050810266887, -0.5999998999998525
35.00936095089494, 9.723761950241247, -0.5999998999998525
33.76571283102705, 13.453949590486529, -0.5999998999998525
32.10768679922231, 17.019307538590326, -0.5999998999998525
30.06025597331519, 20.376317001721244, -0.5999998999998525
27.659433170041236, 23.49061295865888, -0.5999998999998525
24.94953054154202, 26.34031386946047, -0.5999998999998525
21.96543220538173, 28.901322468817867, -0.5999998999998525
18.726267465498847, 31.13063331402965, -0.5999998999998525
15.2601442789042, 32.98727169222269, -0.5999998999998525
11.606426782394019, 34.44023193235777, -0.5999998999998525
7.812224749372372, 35.472376486888614, -0.5999998999998525
3.9274232432036635, 36.08122816142965, -0.5999998999998525
-4.440892098500626e-16, 36.27961860115301, -0.5999998999998525
-4.440892098500626e-16, 36.06040195193851, -0.6999998999998525
3.904025873379977, 35.86416840308003, -0.6999998999998525
7.76591234416543, 35.260803615986426, -0.6999998999998525
11.53781626333809, 34.23620766505569, -0.6999998999998525
15.169761645023975, 32.79209814448576, -0.6999998999998525
18.61461864119643, 30.945525917854525, -0.6999998999998525
21.833371310027154, 28.72799117312206, -0.6999998999998525
24.798777837315775, 26.18125500646611, -0.6999998999998525
27.492875787206064, 23.348917559568253, -0.6999998999998525
29.880775842323335, 20.254313326429706, -0.6999998999998525
31.9173746290922, 16.918218309741093, -0.6999998999998525
33.565972302214774, 13.374393977508992, -0.6999998999998525
34.80136741506845, 9.666226907614737, -0.6999998999998525
35.61460736030925, 5.843119161146843, -0.6999998999998525
36.01184379002383, 1.9545107328013107, -0.6999998999998525
36.01184379000413, -1.954510733194978, -0.6999998999998525
35.61460738233657, -5.843119164487516, -0.6999998999998525
34.80136740016253, -9.66622690342114, -0.6999998999998525
33.565972291631525, -13.374393973454971, -0.6999998999998525
31.917374624273382, -16.91821830719745, -0.6999998999998525
29.88077588255784, -20.25431335462576, -0.6999998999998525
27.492875786948975, -23.348917559867136, -0.6999998999998525
24.79877783703003, -26.18125500673776, -0.6999998999998525
21.833371310018627, -28.727991173755782, -0.6999998999998525
18.614618630578793, -30.945525898921073, -0.6999998999998525
15.169761639604266, -32.7920981319982, -0.6999998999998525
11.537816261932901, -34.23620766130904, -0.6999998999998525
7.765912342384534, -35.260803607337365, -0.6999998999998525
3.9040258733799607, -35.864168403079994, -0.6999998999998525
-1.7763568394002505e-15, -36.060401951938495, -0.6999998999998525
0.0, -36.060401951938495, -0.6999998999998525
-3.90402587337995, -35.864168403080015, -0.6999998999998525
-7.765912344165419, -35.26080361598644, -0.6999998999998525
-11.537816263338101, -34.23620766505571, -0.6999998999998525
-15.169761645024003, -32.79209814448579, -0.6999998999998525
-18.61461864119647, -30.945525917854543, -0.6999998999998525
-21.833371310027207, -28.72799117312208, -0.6999998999998525
-24.79877783731584, -26.181255006466117, -0.6999998999998525
-27.492875787206135, -23.348917559568232, -0.6999998999998525
-29.880775842323395, -20.254313326429646, -0.6999998999998525
-31.91737462909225, -16.918218309741015, -0.6999998999998525
-33.5659723022148, -13.374393977508891, -0.6999998999998525
-34.80136741506847, -9.666226907614618, -0.6999998999998525
-35.61460736030924, -5.8431191611466975, -0.6999998999998525
-36.011843790023825, -1.9545107328011528, -0.6999998999998525
-36.011843790004136, 1.9545107331951495, -0.6999998999998525
-35.61460738233661, 5.843119164487701, -0.6999998999998525
-34.80136740016257, 9.666226903421343, -0.6999998999998525
-33.565972291631645, 13.374393973455218, -0.6999998999998525
-31.917374624273553, 16.918218307197737, -0.6999998999998525
-29.880775882558044, 20.254313354626095, -0.6999998999998525
-27.492875786949206, 23.348917559867505, -0.6999998999998525
-24.798777837030237, 26.181255006738134, -0.6999998999998525
-21.833371310018816, 28.72799117375615, -0.6999998999998525
-18.614618630578917, 30.945525898921378, -0.6999998999998525
-15.169761639604337, 32.792098131998436, -0.6999998999998525
-11.53781626193292, 34.236207661309194, -0.6999998999998525
-7.765912342384524, 35.26080360733747, -0.6999998999998525
-3.9040258733799296, 35.86416840308005, -0.6999998999998525
4.973799150320701e-14, 36.0604019519385, -0.6999998999998525
4.973799150320701e-14, 35.85871861958703, -0.7999998999998524
-3.882486425670535, 35.664428845508304, -0.7999998999998524
-7.723267890977751, 35.06603985502032, -0.7999998999998524
-11.474632550568195, 34.04833886424799, -0.7999998999998524
-15.08653534758204, 32.61236965770775, -0.7999998999998524
-18.51183874240226, 30.77510238287889, -0.7999998999998524
-21.711844596740246, 28.56846904695488, -0.7999998999998524
-24.660082229754423, 26.03491376903337, -0.7999998999998524
-27.339615891140316, 23.218544223997856, -0.7999998999998524
-29.715562434999175, 20.142021471308336, -0.7999998999998524
-31.74213584379887, 16.825144395381482, -0.7999998999998524
-33.38203692418962, 13.301132183987168, -0.7999998999998524
-34.60986673881708, 9.613244471215905, -0.7999998999998524
-35.41705315912671, 5.810957603442478, -0.7999998999998524
-35.81067399918292, 1.9437073945903478, -0.7999998999998524
-35.81067399920231, -1.9437073942004386, -0.7999998999998524
-35.41705313660121, -5.810957600041618, -0.7999998999998524
-34.60986675366053, -9.613244475388118, -0.7999998999998524
-33.38203693470001, -13.301132188013641, -0.7999998999998524
-31.742135848565145, -16.825144397899763, -0.7999998999998524
-29.7155623943455, -20.142021442811984, -0.7999998999998524
-27.339615891394676, -23.21854422370178, -0.7999998999998524
-24.660082230037048, -26.034913768764163, -0.7999998999998524
-21.711844596780733, -28.56846904636929, -0.7999998999998524
-18.511838753613908, -30.77510240280814, -0.7999998999998524
-15.08653535295716, -32.61236967009511, -0.7999998999998524
-11.474632551952018, -34.048338867936664, -0.7999998999998524
-7.723267892957282, -35.066039864655956, -0.7999998999998524
-3.882486425670621, -35.66442884550827, -0.7999998999998524
0.0, -35.85871861958703, -0.7999998999998524
-1.3322676295501878e-15, -35.858718619587044, -0.7999998999998524
3.8824864256705696, -35.66442884550827, -0.7999998999998524
7.7232678909777555, -35.066039855020165, -0.7999998999998524
11.474632550568174, -34.048338864247796, -0.7999998999998524
15.086535347581998, -32.61236965770755, -0.7999998999998524
18.51183874240216, -30.775102382878597, -0.7999998999998524
21.711844596740093, -28.568469046954537, -0.7999998999998524
24.66008222975424, -26.034913769033007, -0.7999998999998524
27.339615891140113, -23.218544223997487, -0.7999998999998524
29.715562434998986, -20.142021471307995, -0.7999998999998524
31.742135843798746, -16.825144395381187, -0.7999998999998524
33.382036924189514, -13.301132183986889, -0.7999998999998524
34.60986673881704, -9.613244471215657, -0.7999998999998524
35.4170531591267, -5.810957603442245, -0.7999998999998524
35.81067399918291, -1.9437073945901295, -0.7999998999998524
35.81067399920232, 1.943707394200638, -0.7999998999998524
35.417053136601176, 5.810957600041807, -0.7999998999998524
34.609866753660505, 9.613244475388298, -0.7999998999998524
33.38203693469993, 13.301132188013796, -0.7999998999998524
31.742135848565052, 16.82514439789989, -0.7999998999998524
29.71556239434541, 20.14202144281209, -0.7999998999998524
27.33961589139457, 23.218544223701855, -0.7999998999998524
24.660082230036917, 26.0349137687642, -0.7999998999998524
21.711844596780615, 28.56846904636933, -0.7999998999998524
18.51183875361383, 30.775102402808205, -0.7999998999998524
15.086535352957117, 32.61236967009525, -0.7999998999998524
11.474632551951927, 34.04833886793666, -0.7999998999998524
7.72326789295721, 35.06603986465597, -0.7999998999998524
3.8824864256705593, 35.66442884550826, -0.7999998999998524
-4.440892098500626e-16, 35.858718619587044, -0.7999998999998524
4.973799150320701e-14, 35.67152430556396, -0.8999998999998524
-3.8624817526711825, 35.479000884980955, -0.8999998999998524
-7.683653072720471, 34.88516223911721, -0.8999998999998524
-11.415930782379547, 33.8738134269794, -0.8999998999998524
-15.009219658343618, 32.44539732007813, -0.8999998999998524
-18.416385419840314, 30.616808265432987, -0.8999998999998524
-21.599022136337638, 28.420356480204585, -0.8999998999998524
-24.53135028501073, 25.8990818551323, -0.8999998999998524
-27.19734383765899, 23.097526863002976, -0.8999998999998524
-29.5621351747615, 20.03775342882453, -0.8999998999998524
-31.579346971579188, 16.738691111860827, -0.8999998999998524
-33.21115498522882, 13.233068390182147, -0.8999998999998524
-34.43198935009351, 9.56402214073492, -0.8999998999998524
-35.233619564286286, 5.781084212199183, -0.8999998999998524
-35.62394531677299, 1.933674788550447, -0.8999998999998524
-35.62394531679211, -1.9336747881644032, -0.8999998999998524
-35.23361954131168, -5.7810842087448115, -0.8999998999998524
-34.431989364881225, -9.564022144888655, -0.8999998999998524
-33.21115499565544, -13.233068394178149, -0.8999998999998524
-31.579346976323176, -16.738691114371008, -0.8999998999998524
-29.562135133736213, -20.037753400062055, -0.8999998999998524
-27.197343837910932, -23.097526862709937, -0.8999998999998524
-24.531350285290493, -25.89908185486572, -0.8999998999998524
-21.599022136405324, -28.420356479660732, -0.8999998999998524
-18.41638543159358, -30.616808286270583, -0.8999998999998524
-15.00921966367637, -32.44539733237205, -0.8999998999998524
-11.41593078373696, -33.87381343059778, -0.8999998999998524
-7.683653074882083, -34.88516224966072, -0.8999998999998524
-3.8624817526711963, -35.47900088498092, -0.8999998999998524
0.0, -35.67152430556394, -0.8999998999998524
-8.881784197001252e-16, -35.671524305563956, -0.8999998999998524
3.8624817526712136, -35.4790008849809, -0.8999998999998524
7.683653072720489, -34.88516223911714, -0.8999998999998524
11.415930782379538, -33.873813426979275, -0.8999998999998524
15.00921965834357, -32.445397320077944, -0.8999998999998524
18.4163854198402, -30.616808265432713, -0.8999998999998524
21.599022136337478, -28.420356480204262, -0.8999998999998524
24.531350285010525, -25.899081855131946, -0.8999998999998524
27.197343837658803, -23.097526863002653, -0.8999998999998524
29.562135174761313, -20.037753428824217, -0.8999998999998524
31.57934697157903, -16.738691111860554, -0.8999998999998524
33.21115498522871, -13.233068390181916, -0.8999998999998524
34.43198935009346, -9.56402214073472, -0.8999998999998524
35.233619564286265, -5.781084212199001, -0.8999998999998524
35.62394531677298, -1.9336747885502825, -0.8999998999998524
35.623945316792096, 1.933674788164557, -0.8999998999998524
35.23361954131167, 5.781084208744948, -0.8999998999998524
34.43198936488116, 9.56402214488877, -0.8999998999998524
33.211154995655384, 13.233068394178245, -0.8999998999998524
31.57934697632311, 16.738691114371086, -0.8999998999998524
29.562135133736145, 20.03775340006212, -0.8999998999998524
27.19734383791085, 23.09752686270997, -0.8999998999998524
24.531350285290404, 25.899081854865724, -0.8999998999998524
21.599022136405253, 28.42035647966073, -0.8999998999998524
18.41638543159352, 30.61680828627057, -0.8999998999998524
15.009219663676319, 32.44539733237202, -0.8999998999998524
11.415930783736936, 33.87381343059776, -0.8999998999998524
7.683653074882084, 34.885162249660716, -0.8999998999998524
3.862481752671209, 35.47900088498089, -0.8999998999998524
-8.881784197001252e-16, 35.67152430556397, -0.8999998999998524
4.973799150320701e-14, 35.496597070120316, -0.9999998999998524
-3.843776018756227, 35.30568868585768, -0.9999998999998524
-7.646602050009872, 34.716037529157944, -0.9999998999998524
-11.36102142337018, 33.71057912846658, -0.9999998999998524
-14.936905458527283, 32.28921880375259, -0.9999998999998524
-18.327133024752897, 30.468779289252012, -0.9999998999998524
-21.4935683551554, 28.281902145466063, -0.9999998999998524
-24.411054068755202, 25.77214749923924, -0.9999998999998524
-27.06437391887529, 22.984430500752477, -0.9999998999998524
-29.41868379109636, 19.940277309240457, -0.9999998999998524
-31.427093436186926, 16.657840624057553, -0.9999998999998524
-33.05131833537569, 13.169402888756535, -0.9999998999998524
-34.2656410164957, 9.517981558309918, -0.9999998999998524
-35.0621387864605, 5.753147284598626, -0.9999998999998524
-35.44944286931734, 1.9242945014268888, -0.9999998999998524
-35.44944286933713, -1.9242945010256398, -0.9999998999998524
-35.062138791344594, -5.753147284361394, -0.9999998999998524
-34.26564103123375, -9.517981562447336, -0.9999998999998524
-33.051318345712296, -13.169402892720205, -0.9999998999998524
-31.42709344093059, -16.657840626571755, -0.9999998999998524
-29.41868378378712, -19.940277303547077, -0.9999998999998524
-27.064373919137232, -22.98443050044794, -0.9999998999998524
-24.411054069045996, -25.772147498962138, -0.9999998999998524
-21.493568355988383, -28.281902145885553, -0.9999998999998524
-18.327133036999022, -30.46877931091609, -0.9999998999998524
-14.93690546382016, -32.289218815959494, -0.9999998999998524
-11.3610214246983, -33.71057913200731, -0.9999998999998524
-7.64660205233822, -34.7160375405348, -0.9999998999998524
-3.843776018756264, -35.30568868585765, -0.9999998999998524
0.0, -35.496597070120316, -0.9999998999998524
-8.881784197001252e-16, -35.496597070120316, -0.9999998999998524
3.84377601875626, -35.30568868585763, -0.9999998999998524
7.646602050009893, -34.71603752915789, -0.9999998999998524
11.361021423370158, -33.71057912846641, -0.9999998999998524
14.936905458527239, -32.289218803752426, -0.9999998999998524
18.327133024752786, -30.468779289251753, -0.9999998999998524
21.493568355155247, -28.281902145465757, -0.9999998999998524
24.411054068755018, -25.77214749923892, -0.9999998999998524
27.064373918875077, -22.98443050075215, -0.9999998999998524
29.418683791096175, -19.940277309240173, -0.9999998999998524
31.427093436186812, -16.657840624057318, -0.9999998999998524
33.051318335375576, -13.169402888756315, -0.9999998999998524
34.26564101649565, -9.517981558309735, -0.9999998999998524
35.062138786460466, -5.753147284598459, -0.9999998999998524
35.44944286931733, -1.9242945014267416, -0.9999998999998524
35.44944286933711, 1.9242945010257784, -0.9999998999998524
35.06213879134457, 5.753147284361521, -0.9999998999998524
34.26564103123371, 9.517981562447439, -0.9999998999998524
33.051318345712254, 13.1694028927203, -0.9999998999998524
31.427093440930506, 16.657840626571826, -0.9999998999998524
29.418683783787046, 19.940277303547145, -0.9999998999998524
27.06437391913716, 22.984430500447978, -0.9999998999998524
24.411054069045928, 25.772147498962156, -0.9999998999998524
21.493568355988312, 28.28190214588555, -0.9999998999998524
18.327133036999, 30.468779310916137, -0.9999998999998524
14.936905463820143, 32.289218815959515, -0.9999998999998524
11.36102142469828, 33.71057913200728, -0.9999998999998524
7.6466020523382126, 34.71603754053478, -0.9999998999998524
3.8437760187562766, 35.30568868585763, -0.9999998999998524
-1.3322676295501878e-15, 35.496597070120316, -0.9999998999998524
4.973799150320701e-14, 35.332255551895095, -1.0999998999998524
-3.8261907793350978, 35.14283067556358, -1.0999998999998524
-7.6117623577675415, 34.557051609376515, -1.0999998999998524
-11.309382765392943, 33.55708321919054, -1.0999998999998524
-14.868904897053998, 32.14234939557616, -1.0999998999998524
-18.24322984261848, 30.329604885203757, -1.0999998999998524
-21.394472639710717, 28.151780851882492, -1.0999998999998524
-24.298037379103437, 25.65289106781966, -1.0999998999998524
-26.939430566508666, 22.878169285274474, -1.0999998999998524
-29.283838496422693, 19.84866095577541, -1.0999998999998524
-31.283926629951903, 16.58182280776692, -1.0999998999998524
-32.90100759282028, 13.10953061619742, -1.0999998999998524
-34.10923718249844, 9.474685132378701, -1.0999998999998524
-34.90097057550877, 5.726880715139545, -1.0999998999998524
-35.2854906515176, 1.9154769351220473, -1.0999998999998524
-35.28549065153721, -1.915476934723172, -1.0999998999998524
-34.90097058108525, -5.7268807149918075, -1.0999998999998524
-34.10923719719215, -9.47468513650169, -1.0999998999998524
-32.90100760306394, -13.10953062012803, -1.0999998999998524
-31.283926634710838, -16.581822810293744, -1.0999998999998524
-29.283838489846804, -19.84866095058858, -1.0999998999998524
-26.939430566769136, -22.878169284971815, -1.0999998999998524
-24.298037379392476, -25.65289106754417, -1.0999998999998524
-21.39447264049638, -28.151780852244446, -1.0999998999998524
-18.2432298553116, -30.32960490761745, -1.0999998999998524
-14.868904902309412, -32.14234940770216, -1.0999998999998524
-11.309382766690334, -33.55708322265038, -1.0999998999998524
-7.611762360248034, -34.55705162151598, -1.0999998999998524
-3.8261907793351253, -35.1428306755636, -1.0999998999998524
0.0, -35.33225555189508, -1.0999998999998524
-8.881784197001252e-16, -35.33225555189509, -1.0999998999998524
3.826190779335138, -35.14283067556359, -1.0999998999998524
7.611762357767563, -34.557051609376465, -1.0999998999998524
11.309382765392924, -33.55708321919038, -1.0999998999998524
14.868904897053948, -32.142349395575984, -1.0999998999998524
18.24322984261838, -30.329604885203512, -1.0999998999998524
21.394472639710564, -28.1517808518822, -1.0999998999998524
24.298037379103263, -25.652891067819358, -1.0999998999998524
26.939430566508477, -22.878169285274172, -1.0999998999998524
29.28383849642252, -19.84866095577514, -1.0999998999998524
31.283926629951797, -16.581822807766695, -1.0999998999998524
32.90100759282017, -13.109530616197208, -1.0999998999998524
34.1092371824984, -9.474685132378523, -1.0999998999998524
34.900970575508744, -5.726880715139384, -1.0999998999998524
35.285490651517584, -1.9154769351218996, -1.0999998999998524
35.285490651537195, 1.915476934723309, -1.0999998999998524
34.90097058108523, 5.7268807149919345, -1.0999998999998524
34.10923719719211, 9.474685136501805, -1.0999998999998524
32.90100760306388, 13.109530620128117, -1.0999998999998524
31.283926634710735, 16.58182281029379, -1.0999998999998524
29.283838489846744, 19.848660950588634, -1.0999998999998524
26.93943056676907, 22.878169284971847, -1.0999998999998524
24.29803737939241, 25.652891067544186, -1.0999998999998524
21.39447264049632, 28.151780852244453, -1.0999998999998524
18.243229855311533, 30.329604907617416, -1.0999998999998524
14.868904902309374, 32.142349407702135, -1.0999998999998524
11.309382766690304, 33.55708322265034, -1.0999998999998524
7.611762360248029, 34.557051621515974, -1.0999998999998524
3.826190779335125, 35.142830675563594, -1.0999998999998524
-8.881784197001252e-16, 35.33225555189509, -1.0999998999998524
4.973799150320701e-14, 35.17719049266599, -1.1999998999998525
-3.8095870921657387, 34.98913302998059, -1.1999998999998525
-7.5788595635360725, 34.40694767202437, -1.1999998999998525
-11.260608611134328, 33.412116728061, -1.1999998999998525
-14.804682414219164, 32.00363310689573, -1.1999998999998525
-18.1640127010839, 30.19818675496379, -1.1999998999998525
-21.300948051154098, 28.028960722012073, -1.1999998999998525
-24.191399893155264, 25.540362847959514, -1.1999998999998525
-26.821520524268536, 22.77789767952613, -1.1999998999998525
-29.156532717757244, 19.762178541353475, -1.1999998999998525
-31.148718661287717, 16.51003803442554, -1.1999998999998525
-32.75903977813486, 13.052980475532296, -1.1999998999998525
-33.96154408877484, 9.433792155049366, -1.1999998999998525
-34.74883766964032, 5.702077300443314, -1.1999998999998525
-35.13078358179643, 1.907152325574444, -1.1999998999998525
-35.13078358181587, -1.9071523251778058, -1.1999998999998525
-34.74883767585668, -5.702077300378438, -1.1999998999998525
-33.96154410342872, -9.433792159159543, -1.1999998999998525
-32.759039788285136, -13.052980479429905, -1.1999998999998525
-31.14871866607273, -16.51003803697087, -1.1999998999998525
-29.15653271185817, -19.762178536634757, -1.1999998999998525
-26.82152052452762, -22.77789767922523, -1.1999998999998525
-24.191399893442682, -25.540362847685564, -1.1999998999998525
-21.300948051897297, -28.028960722322573, -1.1999998999998525
-18.16401271418076, -30.198186778054467, -1.1999998999998525
-14.804682419439558, -32.00363311894665, -1.1999998999998525
-11.260608612400654, -33.412116731439305, -1.1999998999998525
-7.578859566154917, -34.40694768485875, -1.1999998999998525
-3.8095870921657795, -34.98913302998057, -1.1999998999998525
0.0, -35.17719049266599, -1.1999998999998525
-4.440892098500626e-16, -35.17719049266599, -1.1999998999998525
3.8095870921657737, -34.98913302998055, -1.1999998999998525
7.578859563536093, -34.406947672024316, -1.1999998999998525
11.260608611134309, -33.41211672806084, -1.1999998999998525
14.804682414219124, -32.00363310689557, -1.1999998999998525
18.1640127010838, -30.198186754963547, -1.1999998999998525
21.30094805115396, -28.028960722011796, -1.1999998999998525
24.191399893155094, -25.540362847959223, -1.1999998999998525
26.82152052426836, -22.777897679525854, -1.1999998999998525
29.15653271775707, -19.762178541353215, -1.1999998999998525
31.14871866128755, -16.510038034425303, -1.1999998999998525
32.759039778134756, -13.052980475532102, -1.1999998999998525
33.961544088774794, -9.433792155049204, -1.1999998999998525
34.748837669640274, -5.70207730044317, -1.1999998999998525
35.13078358179641, -1.9071523255743184, -1.1999998999998525
35.130783581815855, 1.9071523251779132, -1.1999998999998525
34.74883767585666, 5.7020773003785346, -1.1999998999998525
33.96154410342869, 9.433792159159614, -1.1999998999998525
32.759039788285094, 13.052980479429968, -1.1999998999998525
31.148718666072682, 16.51003803697092, -1.1999998999998525
29.156532711858116, 19.76217853663479, -1.1999998999998525
26.82152052452756, 22.777897679225237, -1.1999998999998525
24.191399893442636, 25.54036284768556, -1.1999998999998525
21.30094805189724, 28.028960722322562, -1.1999998999998525
18.164012714180696, 30.19818677805442, -1.1999998999998525
14.80468241943951, 32.00363311894661, -1.1999998999998525
11.260608612400636, 33.412116731439276, -1.1999998999998525
7.578859566154912, 34.40694768485876, -1.1999998999998525
3.8095870921657804, 34.98913302998055, -1.1999998999998525
-8.881784197001252e-16, 35.17719049266599, -1.1999998999998525
-8.881784197001252e-16, 35.030358382507394, -1.2999998999998525
3.793854225078415, 34.843564557766605, -1.2999998999998525
7.54767496218796, 34.2647240898655, -1.2999998999998525
11.214375252192875, 33.27471618600012, -1.2999998999998525
14.743811209641846, 31.872148708340962, -1.2999998999998525
18.08895308611586, 30.073649625424395, -1.2999998999998525
21.21236739364602, 27.91261935296647, -1.2999998999998525
24.09042403166916, 25.433805897603143, -1.2999998999998525
26.709852154287468, 22.682941772502016, -1.2999998999998525
29.035916414695343, 19.6802515847178, -1.2999998999998525
31.020570673204343, 16.44200843351312, -1.2999998999998525
32.62447215203212, 12.999377041046241, -1.2999998999998525
33.821578503488226, 9.395031108515768, -1.2999998999998525
34.604722128352044, 5.678571910709031, -1.2999998999998525
34.98428148297953, 1.8992650726557887, -1.2999998999998525
34.984281482960256, -1.8992650730501024, -1.2999998999998525
34.60472212154784, -5.678571910697402, -1.2999998999998525
33.821578488870564, -9.395031104416912, -1.2999998999998525
32.62447214197387, -12.9993770371808, -1.2999998999998525
31.02057066838615, -16.442008430945318, -1.2999998999998525
29.035916419972764, -19.68025158900582, -1.2999998999998525
26.709852154029555, -22.682941772800994, -1.2999998999998525
24.090424031383158, -25.433805897875402, -1.2999998999998525
21.212367392940667, -27.91261935270147, -1.2999998999998525
18.088953072656295, -30.0736496017255, -1.2999998999998525
14.743811204454254, -31.87214869635982, -1.2999998999998525
11.214375250957175, -33.27471618270173, -1.2999998999998525
7.547674959444013, -34.26472407640109, -1.2999998999998525
3.793854225078401, -34.8435645577666, -1.2999998999998525
-4.440892098500626e-16, -35.030358382507394, -1.2999998999998525
0.0, -35.03035838250739, -1.2999998999998525
-3.793854225078424, -34.84356455776661, -1.2999998999998525
-7.54767496218798, -34.2647240898655, -1.2999998999998525
-11.214375252192909, -33.27471618600013, -1.2999998999998525
-14.743811209641976, -31.872148708341168, -1.2999998999998525
-18.088953086115957, -30.07364962542448, -1.2999998999998525
-21.212367393646083, -27.912619352966466, -1.2999998999998525
-24.090424031669222, -25.43380589760313, -1.2999998999998525
-26.70985215428752, -22.68294177250198, -1.2999998999998525
-29.0359164146954, -19.680251584717755, -1.2999998999998525
-31.0205706732044, -16.442008433513056, -1.2999998999998525
-32.62447215203216, -12.999377041046165, -1.2999998999998525
-33.821578503488254, -9.39503110851567, -1.2999998999998525
-34.60472212835205, -5.678571910708906, -1.2999998999998525
-34.984281482979554, -1.8992650726556577, -1.2999998999998525
-34.98428148296028, 1.8992650730502425, -1.2999998999998525
-34.60472212154788, 5.678571910697558, -1.2999998999998525
-33.82157848887059, 9.395031104417072, -1.2999998999998525
-32.62447214197395, 12.999377037180986, -1.2999998999998525
-31.02057066838628, 16.442008430945542, -1.2999998999998525
-29.035916419972917, 19.68025158900608, -1.2999998999998525
-26.70985215402971, 22.68294177280127, -1.2999998999998525
-24.09042403138331, 25.433805897875693, -1.2999998999998525
-21.212367392940788, 27.91261935270174, -1.2999998999998525
-18.08895307265637, 30.073649601725727, -1.2999998999998525
-14.743811204454284, 31.872148696359975, -1.2999998999998525
-11.214375250957183, 33.27471618270186, -1.2999998999998525
-7.547674959444004, 34.264724076401215, -1.2999998999998525
-3.7938542250783676, 34.84356455776665, -1.2999998999998525
4.973799150320701e-14, 35.03035838250739, -1.2999998999998525
4.973799150320701e-14, 34.89091131722085, -1.3999998999998526
-3.7789022088790127, 34.70528737598168, -1.3999998999998526
-7.518030850610961, 34.12956698811039, -1.3999998999998526
-11.170419685133595, 33.14409879647319, -1.3999998999998526
-14.685944504662997, 31.747147694565804, -1.3999998999998526
-18.017621530145263, 29.955282258709413, -1.3999998999998526
-21.128221044310255, 27.802088519554054, -1.3999998999998526
-23.994526723621487, 25.33260516581082, -1.3999998999998526
-26.603782217630158, 22.592753979859477, -1.3999998999998526
-28.921298943339664, 19.602410075084236, -1.3999998999998526
-30.89875235434024, 16.377345736554812, -1.3999998999998526
-32.49653874216094, 12.948415281771526, -1.3999998999998526
-33.68854151434181, 9.358181378706082, -1.3999998999998526
-34.46779682635389, 5.656230380062983, -1.3999998999998526
-34.845139161167666, 1.8917700030601008, -1.3999998999998526
-34.84513916118681, -1.8917700026674533, -1.3999998999998526
-34.46779683369419, -5.6562303801440414, -1.3999998999998526
-33.68854152892613, -9.358181382794156, -1.3999998999998526
-32.49653875212983, -12.948415285605337, -1.3999998999998526
-30.89875235919542, -16.37734573914652, -1.3999998999998526
-28.921298938629548, -19.6024100711893, -1.3999998999998526
-26.603782217886742, -22.59275397956171, -1.3999998999998526
-23.99452672390597, -25.332605165539597, -1.3999998999998526
-21.128221044981856, -27.802088519778362, -1.3999998999998526
-18.017621543928488, -29.955282282950655, -1.3999998999998526
-14.685944509820157, -31.747147706482284, -1.3999998999998526
-11.17041968633974, -33.144098799694376, -1.3999998999998526
-7.5180308534674225, -34.12956700214213, -1.3999998999998526
-3.7789022088790856, -34.70528737598165, -1.3999998999998526
0.0, -34.89091131722085, -1.3999998999998526
-8.881784197001252e-16, -34.89091131722085, -1.3999998999998526
3.778902208879048, -34.705287375981634, -1.3999998999998526
7.518030850610968, -34.12956698811024, -1.3999998999998526
11.170419685133599, -33.144098796473074, -1.3999998999998526
14.68594450466299, -31.747147694565673, -1.3999998999998526
18.0176215301452, -29.955282258709193, -1.3999998999998526
21.12822104431014, -27.802088519553784, -1.3999998999998526
23.994526723621362, -25.332605165810545, -1.3999998999998526
26.60378221763001, -22.5927539798592, -1.3999998999998526
28.92129894333953, -19.60241007508398, -1.3999998999998526
30.898752354340196, -16.377345736554616, -1.3999998999998526
32.49653874216088, -12.94841528177132, -1.3999998999998526
33.68854151434176, -9.358181378705893, -1.3999998999998526
34.46779682635386, -5.656230380062802, -1.3999998999998526
34.845139161167644, -1.8917700030599376, -1.3999998999998526
34.845139161186786, 1.8917700026676063, -1.3999998999998526
34.46779683369416, 5.656230380144183, -1.3999998999998526
33.688541528926066, 9.358181382794282, -1.3999998999998526
32.496538752129766, 12.948415285605451, -1.3999998999998526
30.89875235919535, 16.37734573914662, -1.3999998999998526
28.921298938629448, 19.602410071189365, -1.3999998999998526
26.603782217886668, 22.592753979561774, -1.3999998999998526
23.994526723905867, 25.33260516553962, -1.3999998999998526
21.12822104498177, 27.80208851977838, -1.3999998999998526
18.0176215439284, 29.955282282950648, -1.3999998999998526
14.685944509820084, 31.747147706482256, -1.3999998999998526
11.17041968633968, 33.14409879969437, -1.3999998999998526
7.518030853467372, 34.12956700214214, -1.3999998999998526
3.77890220887904, 34.70528737598164, -1.3999998999998526
-1.3322676295501878e-15, 34.890911317220834, -1.3999998999998526
4.973799150320701e-14, 34.758149040595384, -1.4999998999998527
-3.764656745849373, 34.573609512408886, -1.4999998999998527
-7.48978049715106, 34.00080432515168, -1.4999998999998527
-11.128524734985575, 33.01961815734101, -1.4999998999998527
-14.630795964725845, 31.62801203310469, -1.4999998999998527
-17.949663445203065, 29.842497439651115, -1.4999998999998527
-21.048088131284686, 27.696816371952412, -1.4999998999998527
-23.903226430606644, 25.236252701767125, -1.4999998999998527
-26.502779491007256, 22.506882068071597, -1.4999998999998527
-28.812109921961355, 19.52826583558064, -1.4999998999998527
-30.782660648645656, 16.315729327089514, -1.4999998999998527
-32.37460708309339, 12.899843332483945, -1.4999998999998527
-33.56177345950046, 9.323060808380074, -1.4999998999998527
-34.33737872581632, 5.634941913365727, -1.4999998999998527
-34.71265859984216, 1.8846298099664793, -1.4999998999998527
-34.71265859986115, -1.8846298095757383, -1.4999998999998527
-34.33737873364149, -5.634941913510094, -1.4999998999998527
-33.561773474053574, -9.323060812458486, -1.4999998999998527
-32.374607092976625, -12.89984333628781, -1.4999998999998527
-30.78266065353937, -16.31572932970608, -1.4999998999998527
-28.812109917765547, -19.528265832042763, -1.4999998999998527
-26.502779491262654, -22.506882067775305, -1.4999998999998527
-23.90322643088975, -25.2362527014972, -1.4999998999998527
-21.048088131926516, -27.696816372141292, -1.4999998999998527
-17.94966345927262, -29.842497464372254, -1.4999998999998527
-14.630795969854493, -31.628012044960997, -1.4999998999998527
-11.12852473616356, -33.019618160489166, -1.4999998999998527
-7.489780500107812, -34.00080433969061, -1.4999998999998527
-3.764656745849403, -34.573609512408886, -1.4999998999998527
0.0, -34.758149040595384, -1.4999998999998527
-4.440892098500626e-16, -34.758149040595384, -1.4999998999998527
3.764656745849412, -34.57360951240887, -1.4999998999998527
7.489780497151082, -34.000804325151606, -1.4999998999998527
11.12852473498558, -33.01961815734091, -1.4999998999998527
14.630795964725813, -31.628012033104522, -1.4999998999998527
17.949663445202994, -29.84249743965089, -1.4999998999998527
21.048088131284576, -27.69681637195216, -1.4999998999998527
23.90322643060652, -25.236252701766865, -1.4999998999998527
26.502779491007114, -22.506882068071334, -1.4999998999998527
28.812109921961227, -19.5282658355804, -1.4999998999998527
30.78266064864555, -16.315729327089304, -1.4999998999998527
32.374607083093316, -12.899843332483753, -1.4999998999998527
33.56177345950042, -9.323060808379907, -1.4999998999998527
34.33737872581628, -5.634941913365574, -1.4999998999998527
34.71265859984213, -1.8846298099663354, -1.4999998999998527
34.712658599861136, 1.884629809575872, -1.4999998999998527
34.337378733641465, 5.6349419135102154, -1.4999998999998527
33.56177347405351, 9.323060812458595, -1.4999998999998527
32.37460709297657, 12.899843336287903, -1.4999998999998527
30.78266065353931, 16.31572932970616, -1.4999998999998527
28.812109917765483, 19.528265832042823, -1.4999998999998527
26.50277949126258, 22.50688206777535, -1.4999998999998527
23.90322643088968, 25.23625270149723, -1.4999998999998527
21.048088131926445, 27.696816372141292, -1.4999998999998527
17.949663459272557, 29.842497464372233, -1.4999998999998527
14.630795969854415, 31.628012044960897, -1.4999998999998527
11.128524736163541, 33.01961816048916, -1.4999998999998527
7.489780500107812, 34.00080433969061, -1.4999998999998527
3.7646567458494067, 34.573609512408886, -1.4999998999998527
-1.3322676295501878e-15, 34.758149040595384, -1.4999998999998527
4.973799150320701e-14, 34.63148514854618, -1.5999998999998528
-3.751055621912729, 34.44795150482246, -1.5999998999998528
-7.462801026706119, 33.877873304988405, -1.5999998999998528
-11.088508551390817, 32.9007330036558, -1.5999998999998528
-14.578125815411981, 31.51422418761206, -1.5999998999998528
-17.88478186376882, 29.734803376332138, -1.5999998999998528
-20.971616211166594, 27.596340792472947, -1.5999998999998528
-23.816119904031837, 25.14432314223015, -1.5999998999998528
-26.406399123313545, 22.424947330940924, -1.5999998999998528
-28.707871743974266, 19.45749382607365, -1.5999998999998528
-30.67179057762918, 16.25689072949947, -1.5999998999998528
-32.25814756145097, 12.85345028731217, -1.5999998999998528
-33.44072191982803, 9.289516856478723, -1.5999998999998528
-34.212895832166176, 5.614613735355275, -1.5999998999998528
-34.58625527080848, 1.877813255556148, -1.5999998999998528
-34.58625527082736, -1.8778132551671611, -1.5999998999998528
-34.21289584042553, -5.614613735556489, -1.5999998999998528
-33.44072193435144, -9.289516860548025, -1.5999998999998528
-32.25814757125309, -12.853450291087658, -1.5999998999998528
-30.67179058256097, -16.256890732140356, -1.5999998999998528
-28.707871740240762, -19.457493822857092, -1.5999998999998528
-26.406399123567816, -22.424947330646006, -1.5999998999998528
-23.816119904313652, -25.14432314196143, -1.5999998999998528
-20.97161621178233, -27.59634079263095, -1.5999998999998528
-17.88478187808911, -29.734803401473265, -1.5999998999998528
-14.578125820514131, -31.51422419941243, -1.5999998999998528
-11.088508552542503, -32.900733006735784, -1.5999998999998528
-7.462801029751477, -33.87787331997606, -1.5999998999998528
-3.7510556219127484, -34.44795150482245, -1.5999998999998528
0.0, -34.63148514854618, -1.5999998999998528
-4.440892098500626e-16, -34.6314851485462, -1.5999998999998528
3.7510556219127644, -34.44795150482243, -1.5999998999998528
7.462801026706123, -33.877873304988256, -1.5999998999998528
11.08850855139082, -32.900733003655695, -1.5999998999998528
14.578125815411955, -31.514224187611916, -1.5999998999998528
17.884781863768747, -29.734803376331936, -1.5999998999998528
20.971616211166488, -27.59634079247271, -1.5999998999998528
23.816119904031705, -25.1443231422299, -1.5999998999998528
26.406399123313395, -22.424947330940675, -1.5999998999998528
28.707871743974128, -19.45749382607343, -1.5999998999998528
30.671790577629043, -16.25689072949926, -1.5999998999998528
32.25814756145089, -12.853450287312, -1.5999998999998528
33.44072191982799, -9.289516856478581, -1.5999998999998528
34.212895832166126, -5.614613735355143, -1.5999998999998528
34.58625527080846, -1.8778132555560272, -1.5999998999998528
34.58625527082734, 1.8778132551672688, -1.5999998999998528
34.21289584042551, 5.614613735556588, -1.5999998999998528
33.44072193435141, 9.289516860548105, -1.5999998999998528
32.25814757125307, 12.853450291087727, -1.5999998999998528
30.671790582560917, 16.2568907321404, -1.5999998999998528
28.70787174024071, 19.457493822857117, -1.5999998999998528
26.406399123567766, 22.424947330646017, -1.5999998999998528
23.816119904313595, 25.14432314196144, -1.5999998999998528
20.971616211782266, 27.59634079263094, -1.5999998999998528
17.884781878089065, 29.73480340147325, -1.5999998999998528
14.5781258205141, 31.514224199412435, -1.5999998999998528
11.088508552542475, 32.900733006735784, -1.5999998999998528
7.462801029751465, 33.87787331997606, -1.5999998999998528
3.751055621912747, 34.447951504822406, -1.5999998999998528
-8.881784197001252e-16, 34.63148514854618, -1.5999998999998528
4.973799150320701e-14, 34.51042265236834, -1.699999899999853
-3.7380461123768978, 34.32782225028396, -1.699999899999853
-7.436988303152284, 33.760296947101175, -1.699999899999853
-11.050217030020836, 32.78698465000059, -1.699999899999853
-14.527730869987257, 31.405345589295308, -1.699999899999853
-17.822725126650333, 29.631783310130963, -1.699999899999853
-20.898506585312422, 27.50027013273866, -1.699999899999853
-23.73286538426073, 25.056455982242, -1.699999899999853
-26.314264098527012, 22.34662880433447, -1.699999899999853
-28.608179640382435, 19.389818569893492, -1.699999899999853
-30.565714203995583, 16.20060242344986, -1.699999899999853
-32.146711375487506, 12.809057419624603, -1.699999899999853
-33.324918755526554, 9.25742025439887, -1.699999899999853
-34.09386338496451, 5.595167220149828, -1.699999899999853
-34.46543377508718, 1.8712938648335573, -1.699999899999853
-34.46543377494699, -1.8712938677250697, -1.699999899999853
-34.09386339311124, -5.595167223646472, -1.699999899999853
-33.324918769167795, -9.257420261629287, -1.699999899999853
-32.14671138400162, -12.809057426424234, -1.699999899999853
-30.565714207407115, -16.200602429003983, -1.699999899999853
-28.6081796351897, -19.389818569660722, -1.699999899999853
-26.31426409663576, -22.346628806526226, -1.699999899999853
-23.732865382165212, -25.05645598423937, -1.699999899999853
-20.898506583312493, -27.500270134883113, -1.699999899999853
-17.82272513838984, -29.63178333735236, -1.699999899999853
-14.527730872089567, -31.40534560243077, -1.699999899999853
-11.050217030013496, -32.78698465134895, -1.699999899999853
-7.436988312914259, -33.76029699519068, -1.699999899999853
-3.7380461123769795, -34.327822250283944, -1.699999899999853
0.0, -34.51042265236834, -1.699999899999853
-4.440892098500626e-16, -34.51042265236834, -1.699999899999853
3.7380461123769364, -34.32782225028393, -1.699999899999853
7.436988303152305, -33.76029694710108, -1.699999899999853
11.050217030020848, -32.786984650000505, -1.699999899999853
14.527730869987243, -31.405345589295177, -1.699999899999853
17.822725126650273, -29.631783310130764, -1.699999899999853
20.898506585312326, -27.50027013273843, -1.699999899999853
23.732865384260613, -25.056455982241758, -1.699999899999853
26.314264098526895, -22.34662880433423, -1.699999899999853
28.608179640382314, -19.389818569893265, -1.699999899999853
30.565714203995473, -16.200602423449645, -1.699999899999853
32.14671137548745, -12.809057419624425, -1.699999899999853
33.32491875552652, -9.25742025439871, -1.699999899999853
34.09386338496448, -5.595167220149678, -1.699999899999853
34.46543377508716, -1.8712938648334148, -1.699999899999853
34.46543377494696, 1.871293867725199, -1.699999899999853
34.09386339311121, 5.595167223646588, -1.699999899999853
33.324918769167745, 9.25742026162939, -1.699999899999853
32.146711384001534, 12.80905742642432, -1.699999899999853
30.565714207407048, 16.200602429004068, -1.699999899999853
28.60817963518961, 19.389818569660793, -1.699999899999853
26.31426409663566, 22.346628806526283, -1.699999899999853
23.732865382165123, 25.056455984239427, -1.699999899999853
20.898506583312397, 27.500270134883145, -1.699999899999853
17.822725138389764, 29.63178333735241, -1.699999899999853
14.527730872089474, 31.405345602430756, -1.699999899999853
11.050217030013421, 32.78698465134896, -1.699999899999853
7.436988312914198, 33.76029699519067, -1.699999899999853
3.7380461123769266, 34.32782225028392, -1.699999899999853
-1.3322676295501878e-15, 34.51042265236834, -1.699999899999853
4.973799150320701e-14, 34.3945359130147, -1.799999899999853
-3.72558306465313, 34.212801151074565, -1.799999899999853
-7.412253165955198, 33.64766685767469, -1.799999899999853
-11.013518200558702, 32.67798029104354, -1.799999899999853
-14.47943712080495, 31.301000671583655, -1.799999899999853
-17.76327770697684, 29.53308033792694, -1.799999899999853
-20.828503431482932, 27.40826897963383, -1.799999899999853
-23.653170170083545, 24.972342477598445, -1.799999899999853
-26.226051523057183, 22.271651606393828, -1.799999899999853
-28.512686959436095, 19.325004148577392, -1.799999899999853
-30.46406505320512, 16.14666957193766, -1.799999899999853
-32.039914191159035, 12.766511682287677, -1.799999899999853
-33.21396305950859, 9.226660306050558, -1.799999899999853
-33.97986622338402, 5.5765350384419605, -1.799999899999853
-34.34976983417366, 1.8650489699334885, -1.799999899999853
-34.349769834035605, -1.8650489727853383, -1.799999899999853
-33.97986623187215, -5.5765350419421384, -1.799999899999853
-33.21396307313245, -9.226660313232683, -1.799999899999853
-32.03991419961787, -12.766511689024197, -1.799999899999853
-30.464065056668794, -16.146669577476136, -1.799999899999853
-28.51268695462797, -19.325004148562257, -1.799999899999853
-26.22605152119166, -22.271651608555313, -1.799999899999853
-23.653170168016853, -24.972342479568482, -1.799999899999853
-20.8285034294963, -27.408268981730547, -1.799999899999853
-17.76327771893557, -29.533080365434465, -1.799999899999853
-14.479437122921768, -31.30100068465315, -1.799999899999853
-11.013518200532634, -32.677980292320726, -1.799999899999853
-7.412253175675934, -33.647666905591095, -1.799999899999853
-3.7255830646531805, -34.21280115107452, -1.799999899999853
0.0, -34.3945359130147, -1.799999899999853
-4.440892098500626e-16, -34.3945359130147, -1.799999899999853
3.725583064653166, -34.21280115107451, -1.799999899999853
7.412253165955215, -33.6476668576746, -1.799999899999853
11.013518200558694, -32.677980291043404, -1.799999899999853
14.479437120804933, -31.301000671583523, -1.799999899999853
17.763277706976776, -29.533080337926748, -1.799999899999853
20.82850343148283, -27.408268979633604, -1.799999899999853
23.65317017008341, -24.972342477598207, -1.799999899999853
26.22605152305706, -22.271651606393604, -1.799999899999853
28.51268695943597, -19.325004148577182, -1.799999899999853
30.464065053205033, -16.146669571937483, -1.799999899999853
32.039914191158964, -12.766511682287511, -1.799999899999853
33.21396305950856, -9.22666030605042, -1.799999899999853
33.979866223383986, -5.57653503844183, -1.799999899999853
34.34976983417364, -1.865048969933374, -1.799999899999853
34.34976983403559, 1.8650489727854436, -1.799999899999853
33.97986623187213, 5.576535041942234, -1.799999899999853
33.2139630731324, 9.226660313232756, -1.799999899999853
32.03991419961782, 12.766511689024258, -1.799999899999853
30.46406505666873, 16.14666957747618, -1.799999899999853
28.512686954627906, 19.325004148562293, -1.799999899999853
26.2260515211916, 22.271651608555345, -1.799999899999853
23.653170168016782, 24.9723424795685, -1.799999899999853
20.828503429496234, 27.40826898173056, -1.799999899999853
17.7632777189355, 29.533080365434444, -1.799999899999853
14.47943712292173, 31.301000684653157, -1.799999899999853
11.013518200532602, 32.67798029232072, -1.799999899999853
7.412253175675921, 33.64766690559109, -1.799999899999853
3.7255830646531747, 34.212801151074515, -1.799999899999853
-8.881784197001252e-16, 34.3945359130147, -1.799999899999853
4.973799150320701e-14, 34.2834570248291, -1.899999899999853
-3.7136274522254333, 34.102524658234685, -1.899999899999853
-7.388518533632901, 33.5396299583878, -1.899999899999853
-10.978298005408988, 32.57338043422672, -1.899999899999853
-14.433094182878417, 31.20086483588543, -1.899999899999853
-17.706253325583415, 29.43838597801842, -1.899999899999853
-20.76138563158374, 27.320047412968783, -1.899999899999853
-23.57678126628928, 24.891715757384162, -1.899999899999853
-26.141482304791886, 22.19977813297546, -1.899999899999853
-28.4210940799164, 19.26284664095368, -1.899999899999853
-30.366526385436988, 16.094923771753887, -1.899999899999853
-31.93742383875814, 12.725680794828914, -1.899999899999853
-33.107508325434644, 9.197141331947773, -1.899999899999853
-33.870545502902374, 5.558658991206961, -1.899999899999853
-34.238896717529606, 1.8590589741657133, -1.899999899999853
-34.23889671739348, -1.8590589769812809, -1.899999899999853
-33.87054551168267, -5.558658994707968, -1.899999899999853
-33.107508339040045, -9.197141339085038, -1.899999899999853
-31.937423847166116, -12.7256808015075, -1.899999899999853
-30.366526388946923, -16.094923777277142, -1.899999899999853
-28.421094075442134, -19.262846641125392, -1.899999899999853
-26.14148230294993, -22.199778135109316, -1.899999899999853
-23.57678126424896, -24.891715759329237, -1.899999899999853
-20.761385629610476, -27.32004741502347, -1.899999899999853
-17.70625333772684, -29.438386005760815, -1.899999899999853
-14.43309418500817, -31.200864848893644, -1.899999899999853
-10.978298005367217, -32.573380435442985, -1.899999899999853
-7.388518543313102, -33.539630006129855, -1.899999899999853
-3.7136274522254915, -34.10252465823461, -1.899999899999853
0.0, -34.2834570248291, -1.899999899999853
-4.440892098500626e-16, -34.2834570248291, -1.899999899999853
3.713627452225464, -34.102524658234586, -1.899999899999853
7.388518533632923, -33.539629958387714, -1.899999899999853
10.978298005408996, -32.57338043422662, -1.899999899999853
14.433094182878405, -31.2008648358853, -1.899999899999853
17.706253325583365, -29.438385978018236, -1.899999899999853
20.761385631583654, -27.32004741296856, -1.899999899999853
23.576781266289174, -24.891715757383928, -1.899999899999853
26.14148230479179, -22.199778132975247, -1.899999899999853
28.421094079916298, -19.262846640953466, -1.899999899999853
30.366526385436853, -16.094923771753667, -1.899999899999853
31.937423838758075, -12.725680794828738, -1.899999899999853
33.10750832543461, -9.197141331947618, -1.899999899999853
33.870545502902345, -5.5586589912068165, -1.899999899999853
34.23889671752958, -1.8590589741655785, -1.899999899999853
34.23889671739346, 1.859058976981416, -1.899999899999853
33.87054551168265, 5.558658994708094, -1.899999899999853
33.107508339039995, 9.197141339085144, -1.899999899999853
31.937423847166073, 12.725680801507595, -1.899999899999853
30.366526388946852, 16.09492377727721, -1.899999899999853
28.42109407544206, 19.26284664112545, -1.899999899999853
26.14148230294985, 22.199778135109348, -1.899999899999853
23.576781264248886, 24.891715759329248, -1.899999899999853
20.761385629610416, 27.32004741502348, -1.899999899999853
17.70625333772673, 29.438386005760723, -1.899999899999853
14.43309418500807, 31.200864848893502, -1.899999899999853
10.978298005367183, 32.573380435442985, -1.899999899999853
7.3885185433130705, 33.53963000612985, -1.899999899999853
3.7136274522254604, 34.102524658234586, -1.899999899999853
-1.3322676295501878e-15, 34.2834570248291, -1.899999899999853
4.973799150320701e-14, 34.17686537706063, -1.9999998999998532
-3.7021452671177513, 33.99667595562909, -1.9999998999998532
-7.3657172429581275, 33.43587859658758, -1.9999998999998532
-10.944457056808456, 32.472889250805245, -1.9999998999998532
-14.388571012236214, 31.10465523685248, -1.9999998999998532
-17.651489653278723, 29.34743141728739, -1.9999998999998532
-20.696960488926347, 27.235352784229086, -1.9999998999998532
-23.50347819829216, 24.81434325896608, -1.9999998999998532
-26.060313227479188, 22.130801323549854, -1.9999998999998532
-28.333139900976196, 19.203168343094354, -1.9999998999998532
-30.272822196333546, 16.045218279132154, -1.9999998999998532
-31.83895087499224, 12.68644949381967, -1.9999998999998532
-33.005252606651254, 9.16877995946105, -1.9999998999998532
-33.76558850995932, 5.5414883645836825, -1.9999998999998532
-34.13249483696768, 1.8533068025395378, -1.9999998999998532
-34.132494836833274, -1.8533068053227442, -1.9999998999998532
-33.76558851898333, -5.541488368083444, -1.9999998999998532
-33.005252620236654, -9.168779966557258, -1.9999998999998532
-31.83895088335383, -12.686449500446043, -1.9999998999998532
-30.27282219988288, -16.045218284640647, -1.9999998999998532
-28.33313989678584, -19.203168343423226, -1.9999998999998532
-26.06031322565826, -22.130801325659036, -1.9999998999998532
-23.503478196275363, -24.814343260888833, -1.9999998999998532
-20.696960486965963, -27.23535278624744, -1.9999998999998532
-17.651489665573127, -29.347431445215616, -1.9999998999998532
-14.388571014376828, -31.104655249804015, -1.9999998999998532
-10.944457056753704, -32.472889251970265, -1.9999998999998532
-7.365717252599179, -33.435878644157995, -1.9999998999998532
-3.702145267117798, -33.99667595562906, -1.9999998999998532
0.0, -34.17686537706063, -1.9999998999998532
0.0, -34.17686537706063, -1.9999998999998532
3.70214526711779, -33.99667595562906, -1.9999998999998532
7.365717242958145, -33.435878596587486, -1.9999998999998532
10.944457056808472, -32.472889250805174, -1.9999998999998532
14.3885710122362, -31.10465523685237, -1.9999998999998532
17.65148965327867, -29.34743141728722, -1.9999998999998532
20.69696048892625, -27.235352784228876, -1.9999998999998532
23.503478198292047, -24.814343258965867, -1.9999998999998532
26.060313227479078, -22.130801323549658, -1.9999998999998532
28.33313990097608, -19.203168343094163, -1.9999998999998532
30.272822196333447, -16.045218279131984, -1.9999998999998532
31.83895087499217, -12.686449493819525, -1.9999998999998532
33.005252606651226, -9.16877995946093, -1.9999998999998532
33.76558850995929, -5.5414883645835795, -1.9999998999998532
34.13249483696765, -1.8533068025394477, -1.9999998999998532
34.132494836833246, 1.8533068053228199, -1.9999998999998532
33.76558851898332, 5.541488368083507, -1.9999998999998532
33.00525262023663, 9.168779966557315, -1.9999998999998532
31.83895088335378, 12.686449500446074, -1.9999998999998532
30.27282219988286, 16.045218284640672, -1.9999998999998532
28.333139896785795, 19.203168343423236, -1.9999998999998532
26.060313225658227, 22.13080132565904, -1.9999998999998532
23.503478196275307, 24.814343260888798, -1.9999998999998532
20.696960486965924, 27.235352786247418, -1.9999998999998532
17.65148966557305, 29.347431445215513, -1.9999998999998532
14.388571014376753, 31.104655249803873, -1.9999998999998532
10.944457056753691, 32.472889251970265, -1.9999998999998532
7.365717252599177, 33.435878644157995, -1.9999998999998532
3.7021452671178077, 33.99667595562906, -1.9999998999998532
-8.881784197001252e-16, 34.17686537706063, -1.9999998999998532
4.973799150320701e-14, 34.07447953015791, -2.0999998999998533
-3.691106657527656, 33.89497693176904, -2.0999998999998533
-7.343790338808498, 33.336142712711585, -2.0999998999998533
-10.91190811656143, 32.37624707427281, -2.0999998999998533
-14.345752584609219, 31.01212360652502, -2.0999998999998533
-17.59884419770037, 29.259980693763136, -2.0999998999998533
-20.635058847340918, 27.153963311929573, -2.0999998999998533
-23.433067427640534, 24.74002083342704, -2.0999998999998533
-25.982330789166465, 22.06453941296166, -2.0999998999998533
-28.24859522474664, 19.145813262410364, -2.0999998999998533
-30.18271021800744, 15.997424286447215, -2.0999998999998533
-31.744241241547357, 12.648716607065419, -2.0999998999998533
-32.90693085989536, 9.141503006375828, -2.0999998999998533
-33.66472073660556, 5.524978642187399, -2.0999998999998533
-34.03028364889875, 1.847777467101337, -2.0999998999998533
-34.03028364876582, -1.847777469856232, -2.0999998999998533
-33.664720745825775, -5.524978645684078, -2.0999998999998533
-32.90693087345889, -9.141503013434843, -2.0999998999998533
-31.744241249867077, -12.648716613645446, -2.0999998999998533
-30.18271022158868, -15.99742429194122, -2.0999998999998533
-28.2485952207913, -19.145813262867616, -2.0999998999998533
-25.982330787363953, -22.064539415049296, -2.0999998999998533
-23.4330674256443, -24.740020835330295, -2.0999998999998533
-20.635058845392553, -27.153963313917185, -2.0999998999998533
-17.598844210112933, -29.25998072183008, -2.0999998999998533
-14.345752586758284, -31.012123619424287, -2.0999998999998533
-10.91190811649622, -32.37624707539568, -2.0999998999998533
-7.343790348412349, -33.336142760116054, -2.0999998999998533
-3.691106657527677, -33.894976931769015, -2.0999998999998533
0.0, -34.07447953015791, -2.0999998999998533
0.0, -34.07447953015792, -2.0999998999998533
3.6911066575276945, -33.894976931769, -2.0999998999998533
7.34379033880852, -33.336142712711506, -2.0999998999998533
10.911908116561436, -32.37624707427272, -2.0999998999998533
14.345752584609205, -31.012123606524906, -2.0999998999998533
17.598844197700316, -29.259980693762973, -2.0999998999998533
20.635058847340837, -27.15396331192938, -2.0999998999998533
23.43306742764044, -24.74002083342685, -2.0999998999998533
25.982330789166365, -22.064539412961473, -2.0999998999998533
28.24859522474653, -19.145813262410176, -2.0999998999998533
30.182710218007333, -15.997424286447043, -2.0999998999998533
31.74424124154729, -12.648716607065277, -2.0999998999998533
32.90693085989531, -9.141503006375707, -2.0999998999998533
33.664720736605524, -5.524978642187289, -2.0999998999998533
34.03028364889871, -1.8477774671012417, -2.0999998999998533
34.030283648765796, 1.8477774698563203, -2.0999998999998533
33.664720745825754, 5.524978645684156, -2.0999998999998533
32.90693087345884, 9.141503013434907, -2.0999998999998533
31.744241249867017, 12.648716613645497, -2.0999998999998533
30.182710221588607, 15.997424291941245, -2.0999998999998533
28.248595220791252, 19.145813262867637, -2.0999998999998533
25.98233078736389, 22.06453941504929, -2.0999998999998533
23.43306742564425, 24.740020835330288, -2.0999998999998533
20.635058845392518, 27.15396331391717, -2.0999998999998533
17.59884421011292, 29.25998072183007, -2.0999998999998533
14.345752586758303, 31.012123619424333, -2.0999998999998533
10.911908116496223, 32.376247075395675, -2.0999998999998533
7.343790348412364, 33.33614276011604, -2.0999998999998533
3.6911066575277043, 33.89497693176905, -2.0999998999998533
-1.3322676295501878e-15, 34.07447953015792, -2.0999998999998533
4.973799150320701e-14, 33.97605080802645, -2.1999998999998533
-3.6804852477337873, 33.797181847492666, -2.1999998999998533
-7.322685730833049, 33.240183688624256, -2.1999998999998533
-10.880574107617601, 32.283224482295765, -2.1999998999998533
-14.304537273778514, 30.923050595530377, -2.1999998999998533
-17.54819105726665, 29.175825320621612, -2.1999998999998533
-20.575531239690502, 27.07568303120439, -2.1999998999998533
-23.36537794569229, 24.668568097485082, -2.1999998999998533
-25.90734634094761, 22.00083179323157, -2.1999998999998533
-28.16725753588646, 19.09064356511265, -2.1999998999998533
-30.095976397939186, 15.95142798704581, -2.1999998999998533
-31.653070474134445, 12.612392747471286, -2.1999998999998533
-32.81230890613568, 9.115245813093798, -2.1999998999998533
-33.56769962915993, 5.509090490899022, -2.1999998999998533
-33.932015267016965, 1.8424577254524066, -2.1999998999998533
-33.932015266885294, -1.8424577281832757, -2.1999998999998533
-33.567699638529774, -5.5090904943911605, -2.1999998999998533
-32.81230891967516, -9.115245820119618, -2.1999998999998533
-31.65307048241671, -12.612392754011038, -2.1999998999998533
-30.09597640154433, -15.951427992525561, -2.1999998999998533
-28.16725753211827, -19.090643565670437, -2.1999998999998533
-25.907346339160714, -22.0008317953009, -2.1999998999998533
-23.365377943713515, -24.668568099371768, -2.1999998999998533
-20.575531237753, -27.075683033166733, -2.1999998999998533
-17.548191069765508, -29.175825348782062, -2.1999998999998533
-14.304537275933413, -30.923050608381686, -2.1999998999998533
-10.880574107544348, -32.28322448338521, -2.1999998999998533
-7.322685740402105, -33.24018373587063, -2.1999998999998533
-3.680485247733815, -33.79718184749264, -2.1999998999998533
0.0, -33.97605080802645, -2.1999998999998533
0.0, -33.97605080802645, -2.1999998999998533
3.680485247733825, -33.79718184749263, -2.1999998999998533
7.322685730833072, -33.24018368862418, -2.1999998999998533
10.880574107617612, -32.28322448229568, -2.1999998999998533
14.304537273778493, -30.923050595530242, -2.1999998999998533
17.548191057266603, -29.17582532062145, -2.1999998999998533
20.575531239690427, -27.075683031204203, -2.1999998999998533
23.365377945692202, -24.668568097484886, -2.1999998999998533
25.907346340947505, -22.000831793231377, -2.1999998999998533
28.167257535886357, -19.09064356511247, -2.1999998999998533
30.0959763979391, -15.95142798704565, -2.1999998999998533
31.653070474134374, -12.612392747471137, -2.1999998999998533
32.81230890613564, -9.115245813093676, -2.1999998999998533
33.56769962915989, -5.509090490898906, -2.1999998999998533
33.93201526701695, -1.842457725452307, -2.1999998999998533
33.93201526688528, 1.842457728183363, -2.1999998999998533
33.56769963852975, 5.509090494391237, -2.1999998999998533
32.812308919675125, 9.115245820119686, -2.1999998999998533
31.653070482416638, 12.612392754011085, -2.1999998999998533
30.09597640154426, 15.951427992525607, -2.1999998999998533
28.167257532118207, 19.09064356567047, -2.1999998999998533
25.907346339160657, 22.000831795300922, -2.1999998999998533
23.365377943713465, 24.668568099371786, -2.1999998999998533
20.575531237752955, 27.07568303316674, -2.1999998999998533
17.54819106976551, 29.175825348782134, -2.1999998999998533
14.30453727593343, 30.923050608381796, -2.1999998999998533
10.880574107544327, 32.28322448338519, -2.1999998999998533
7.322685740402087, 33.240183735870616, -2.1999998999998533
3.680485247733806, 33.797181847492645, -2.1999998999998533
-1.3322676295501878e-15, 33.976050808026436, -2.1999998999998533
4.973799150320701e-14, 33.88135818244343, -2.2999998999998534
-3.670257595169077, 33.703072280660066, -2.2999998999998534
-7.302357121069537, 33.14778943666368, -2.2999998999998534
-10.85038652672861, 32.19361757233285, -2.2999998999998534
-14.264834758715843, 30.837241255687918, -2.2999998999998534
-17.499418329817065, 29.094779994491653, -2.2999998999998534
-20.51824481310701, 27.00033776192999, -2.2999998999998534
-23.30025775585037, 24.599824722730766, -2.2999998999998534
-25.835192206046834, 21.939535709866327, -2.2999998999998534
-28.08894683401373, 19.03753674014299, -2.2999998999998534
-30.0124304914861, 15.907128232089683, -2.2999998999998534
-31.565239079599166, 12.577398472068557, -2.2999998999998534
-32.72117860948711, 9.089950911238143, -2.2999998999998534
-33.47430959761489, 5.493788951214418, -2.2999998999998534
-33.83746936304104, 1.8373358081380542, -2.2999998999998534
-33.83746936291038, -1.8373358108492501, -2.2999998999998534
-33.47430960708894, -5.49378895470074, -2.2999998999998534
-32.721178623000164, -9.089950918234742, -2.2999998999998534
-31.56523908784835, -12.577398478574134, -2.2999998999998534
-30.01243049510684, -15.907128237555343, -2.2999998999998534
-28.08894683038598, -19.037536740774335, -2.2999998999998534
-25.835192204272726, -21.939535711920666, -2.2999998999998534
-23.30025775388588, -24.599824724603884, -2.2999998999998534
-20.518244811178995, -27.00033776387241, -2.2999998999998534
-17.49941834237121, -29.094780022702036, -2.2999998999998534
-14.264834760873825, -30.837241268495475, -2.2999998999998534
-10.850386526649556, -32.19361757339705, -2.2999998999998534
-7.30235713060645, -33.14778948376129, -2.2999998999998534
-3.6702575951691285, -33.703072280660045, -2.2999998999998534
0.0, -33.88135818244343, -2.2999998999998534
0.0, -33.88135818244344, -2.2999998999998534
3.670257595169117, -33.70307228066003, -2.2999998999998534
7.302357121069564, -33.1477894366636, -2.2999998999998534
10.850386526728608, -32.19361757233271, -2.2999998999998534
14.264834758715834, -30.837241255687786, -2.2999998999998534
17.49941832981703, -29.09477999449149, -2.2999998999998534
20.518244813106943, -27.000337761929796, -2.2999998999998534
23.300257755850293, -24.599824722730567, -2.2999998999998534
25.835192206046727, -21.93953570986612, -2.2999998999998534
28.08894683401363, -19.0375367401428, -2.2999998999998534
30.012430491485986, -15.9071282320895, -2.2999998999998534
31.565239079599095, -12.577398472068406, -2.2999998999998534
32.72117860948708, -9.089950911238018, -2.2999998999998534
33.47430959761486, -5.493788951214303, -2.2999998999998534
33.83746936304104, -1.83733580813795, -2.2999998999998534
33.837469362910376, 1.8373358108493427, -2.2999998999998534
33.47430960708893, 5.493788954700832, -2.2999998999998534
32.72117862300013, 9.089950918234827, -2.2999998999998534
31.56523908784827, 12.57739847857419, -2.2999998999998534
30.012430495106777, 15.9071282375554, -2.2999998999998534
28.088946830385915, 19.037536740774375, -2.2999998999998534
25.835192204272644, 21.939535711920687, -2.2999998999998534
23.300257753885813, 24.599824724603895, -2.2999998999998534
20.518244811178942, 27.00033776387242, -2.2999998999998534
17.499418342371094, 29.094780022701933, -2.2999998999998534
14.264834760873743, 30.837241268495404, -2.2999998999998534
10.850386526649508, 32.193617573397056, -2.2999998999998534
7.302357130606416, 33.14778948376128, -2.2999998999998534
3.6702575951690948, 33.70307228066005, -2.2999998999998534
-1.3322676295501878e-15, 33.88135818244343, -2.2999998999998534
4.973799150320701e-14, 33.79020414432183, -2.3999998999998535
-3.6604027522470055, 33.6124530461215, -2.3999998999998535
-7.2827631384836815, 33.05877043621739, -2.3999998999998535
-10.821284163401359, 32.10724414885584, -2.3999998999998535
-14.226564334556134, 30.75452139428865, -2.3999998999998535
-17.452426021237528, 29.016679131839094, -2.3999998999998535
-20.46308084741963, 26.927771854710304, -2.3999998999998535
-23.237571034411467, 24.533647440713985, -2.3999998999998535
-25.765718547601626, 21.880523595498442, -2.3999998999998535
-28.01350227022479, 18.98638331027657, -2.3999998999998535
-29.93190250484286, 15.864434639513144, -2.3999998999998535
-31.480568805063808, 12.543662796276772, -2.3999998999998535
-32.63335398635772, 9.06556694916481, -2.3999998999998535
-33.38435798788384, 5.479042783814257, -2.3999998999998535
-33.74644905116912, 1.8324011986333015, -2.3999998999998535
-33.74644905103924, -1.832401201329199, -2.3999998999998535
-33.38435799741777, -5.479042787293669, -2.3999998999998535
-32.63335399984184, -9.065566956136173, -2.3999998999998535
-31.480568813284233, -12.54366280275428, -2.3999998999998535
-29.931902508470852, -15.864434644964838, -2.3999998999998535
-28.013502266692047, -18.986383310955382, -2.3999998999998535
-25.76571854583752, -21.880523597541163, -2.3999998999998535
-23.237571032458078, -24.53364744257654, -2.3999998999998535
-20.463080845499597, -26.92777185663801, -2.3999998999998535
-17.452426033816902, -29.016679160057432, -2.3999998999998535
-14.226564336714349, -30.7545214070565, -2.3999998999998535
-10.82128416331869, -32.10724414990284, -2.3999998999998535
-7.282763147991252, -33.058770483176424, -2.3999998999998535
-3.6604027522471045, -33.612453046121495, -2.3999998999998535
0.0, -33.79020414432183, -2.3999998999998535
0.0, -33.79020414432183, -2.3999998999998535
3.6604027522470486, -33.61245304612148, -2.3999998999998535
7.282763138483702, -33.05877043621729, -2.3999998999998535
10.82128416340139, -32.10724414885579, -2.3999998999998535
14.226564334556128, -30.754521394288517, -2.3999998999998535
17.4524260212375, -29.016679131838945, -2.3999998999998535
20.463080847419565, -26.92777185471012, -2.3999998999998535
23.237571034411392, -24.533647440713793, -2.3999998999998535
25.765718547601555, -21.88052359549826, -2.3999998999998535
28.013502270224713, -18.986383310276388, -2.3999998999998535
29.931902504842792, -15.864434639512977, -2.3999998999998535
31.48056880506376, -12.54366279627662, -2.3999998999998535
32.63335398635769, -9.065566949164667, -2.3999998999998535
33.38435798788381, -5.479042783814125, -2.3999998999998535
33.74644905116911, -1.8324011986331747, -2.3999998999998535
33.74644905103924, 1.832401201329329, -2.3999998999998535
33.38435799741776, 5.4790427872938015, -2.3999998999998535
32.63335399984177, 9.065566956136292, -2.3999998999998535
31.480568813284144, 12.543662802754387, -2.3999998999998535
29.931902508470767, 15.864434644964945, -2.3999998999998535
28.01350226669194, 18.986383310955464, -2.3999998999998535
25.765718545837416, 21.88052359754123, -2.3999998999998535
23.23757103245799, 24.53364744257661, -2.3999998999998535
20.463080845499505, 26.927771856638063, -2.3999998999998535
17.45242603381682, 29.016679160057482, -2.3999998999998535
14.226564336714251, 30.754521407056515, -2.3999998999998535
10.821284163318605, 32.10724414990286, -2.3999998999998535
7.28276314799117, 33.058770483176446, -2.3999998999998535
3.6604027522470286, 33.61245304612149, -2.3999998999998535
-8.881784197001252e-16, 33.79020414432183, -2.3999998999998535
4.973799150320701e-14, 33.702411338336255, -2.4999998999998536
-3.6509019092153085, 33.525148870085474, -2.4999998999998536
-7.263866633562402, 32.97295650322213, -2.4999998999998536
-10.793212055771031, 32.0239406156949, -2.4999998999998536
-14.189653535933429, 30.674734602612173, -2.4999998999998536
-17.407124340828954, 28.941374045873815, -2.4999998999998536
-20.409932732432644, 26.8578455385548, -2.4999998999998536
-23.177195816345307, 24.46990760176417, -2.4999998999998536
-25.69879081558565, 21.823680896520397, -2.4999998999998536
-27.94077940558505, 18.937084966471947, -2.4999998999998536
-29.85423979582675, 15.823266052693176, -2.4999998999998536
-31.398899597053077, 12.51112198293919, -2.4999998999998536
-32.548668034134444, 9.042047816189921, -2.4999998999998536
-33.29767179882455, 5.464823936971263, -2.4999998999998536
-33.65877753346817, 1.8276444540128658, -2.4999998999998536
-33.658777533338835, -1.827644456697961, -2.4999998999998536
-33.297671808375334, -5.464823940442949, -2.4999998999998536
-32.54866804758707, -9.04204782314014, -2.4999998999998536
-31.398899605248833, -12.511121989394793, -2.4999998999998536
-29.854239799453534, -15.82326605813117, -2.4999998999998536
-27.940779402103033, -18.937084967173107, -2.4999998999998536
-25.69879081382858, -21.823680898554912, -2.4999998999998536
-23.177195814399763, -24.469907603619284, -2.4999998999998536
-20.4099327305189, -26.857845540472955, -2.4999998999998536
-17.407124353404278, -28.94137407405967, -2.4999998999998536
-14.189653538088884, -30.674734615344292, -2.4999998999998536
-10.793212055686578, -32.023940616732105, -2.4999998999998536
-7.263866643043377, -32.97295655005335, -2.4999998999998536
-3.6509019092153308, -33.52514887008548, -2.4999998999998536
0.0, -33.702411338336255, -2.4999998999998536
0.0, -33.702411338336255, -2.4999998999998536
3.650901909215349, -33.52514887008546, -2.4999998999998536
7.263866633562428, -32.97295650322207, -2.4999998999998536
10.793212055771017, -32.023940615694755, -2.4999998999998536
14.189653535933418, -30.674734602612073, -2.4999998999998536
17.40712434082891, -28.941374045873683, -2.4999998999998536
20.40993273243257, -26.857845538554635, -2.4999998999998536
23.17719581634522, -24.469907601764003, -2.4999998999998536
25.69879081558555, -21.823680896520234, -2.4999998999998536
27.940779405584955, -18.937084966471797, -2.4999998999998536
29.85423979582668, -15.823266052693048, -2.4999998999998536
31.398899597053006, -12.511121982939075, -2.4999998999998536
32.54866803413441, -9.042047816189832, -2.4999998999998536
33.29767179882453, -5.464823936971187, -2.4999998999998536
33.658777533468154, -1.8276444540127992, -2.4999998999998536
33.65877753333883, 1.8276444566980157, -2.4999998999998536
33.297671808375334, 5.464823940442991, -2.4999998999998536
32.54866804758704, 9.042047823140175, -2.4999998999998536
31.398899605248772, 12.5111219893948, -2.4999998999998536
29.854239799453502, 15.823266058131175, -2.4999998999998536
27.940779402102994, 18.937084967173085, -2.4999998999998536
25.698790813828552, 21.823680898554898, -2.4999998999998536
23.177195814399745, 24.469907603619266, -2.4999998999998536
20.409932730518893, 26.85784554047294, -2.4999998999998536
17.40712435340428, 28.941374074059656, -2.4999998999998536
14.189653538088905, 30.674734615344285, -2.4999998999998536
10.793212055686608, 32.02394061673208, -2.4999998999998536
7.263866643043413, 32.97295655005333, -2.4999998999998536
3.6509019092153743, 33.52514887008545, -2.4999998999998536
-8.881784197001252e-16, 33.702411338336255, -2.4999998999998536
-8.881784197001252e-16, 33.617819794930035, -2.5999998999998537
3.6417381004170024, 33.44100165484802, -2.5999998999998537
7.245634107611758, 32.890194179922155, -2.5999998999998537
10.76612063178477, 31.9435594211969, -2.5999998999998537
14.154037006900651, 30.597739824753845, -2.5999998999998537
17.363432311861672, 28.868730652803706, -2.5999998999998537
20.35870430236959, 26.790432741325702, -2.5999998999998537
23.119022089925945, 24.408489168993423, -2.5999998999998537
25.634287645189723, 21.76890428754695, -2.5999998999998537
27.87064795286567, 18.889553034131694, -2.5999998999998537
29.779304693047884, 15.783549278206094, -2.5999998999998537
31.32008710872618, 12.479718552815463, -2.5999998999998537
32.46697013635198, 9.01935192925115, -2.5999998999998537
33.21409499161328, 5.451107111980357, -2.5999998999998537
33.574295340613695, 1.8230570601372105, -2.5999998999998537
33.574295340742694, -1.823057057458634, -2.5999998999998537
33.21409498208734, -5.451107108517278, -2.5999998999998537
32.46697012293339, -9.019351922318242, -2.5999998999998537
31.320087100550992, -12.47971854637586, -2.5999998999998537
29.77930468943047, -15.783549272781697, -2.5999998999998537
27.870647956339624, -18.88955303343255, -2.5999998999998537
25.63428764694238, -21.768904285517326, -2.5999998999998537
23.119022091866615, -24.408489167142758, -2.5999998999998537
20.358704304278522, -26.790432739412115, -2.5999998999998537
17.363432299318493, -28.868730624689352, -2.5999998999998537
14.154037004750723, -30.597739812053664, -2.5999998999998537
10.76612063186894, -31.94355942016199, -2.5999998999998537
7.245634098154507, -32.890194133208134, -2.5999998999998537
3.6417381004169784, -33.44100165484804, -2.5999998999998537
4.440892098500626e-16, -33.61781979493005, -2.5999998999998537
0.0, -33.617819794930035, -2.5999998999998537
-3.64173810041697, -33.44100165484805, -2.5999998999998537
-7.245634107611733, -32.89019417992217, -2.5999998999998537
-10.766120631784757, -31.9435594211969, -2.5999998999998537
-14.154037006900648, -30.59773982475384, -2.5999998999998537
-17.36343231186165, -28.868730652803663, -2.5999998999998537
-20.358704302369617, -26.790432741325716, -2.5999998999998537
-23.11902208992597, -24.40848916899343, -2.5999998999998537
-25.63428764518976, -21.768904287546967, -2.5999998999998537
-27.870647952865713, -18.88955303413169, -2.5999998999998537
-29.77930469304797, -15.783549278206104, -2.5999998999998537
-31.320087108726245, -12.479718552815452, -2.5999998999998537
-32.466970136352025, -9.01935192925112, -2.5999998999998537
-33.21409499161327, -5.451107111980301, -2.5999998999998537
-33.57429534061369, -1.8230570601371454, -2.5999998999998537
-33.57429534074271, 1.8230570574587077, -2.5999998999998537
-33.214094982087346, 5.451107108517359, -2.5999998999998537
-32.46697012293341, 9.019351922318336, -2.5999998999998537
-31.32008710055105, 12.479718546375977, -2.5999998999998537
-29.779304689430614, 15.783549272781864, -2.5999998999998537
-27.870647956339713, 18.889553033432698, -2.5999998999998537
-25.634287646942475, 21.768904285517504, -2.5999998999998537
-23.11902209186671, 24.408489167142946, -2.5999998999998537
-20.358704304278582, 26.790432739412275, -2.5999998999998537
-17.36343229931853, 28.868730624689494, -2.5999998999998537
-14.154037004750714, 30.59773981205374, -2.5999998999998537
-10.766120631868933, 31.94355942016209, -2.5999998999998537
-7.245634098154481, 32.890194133208205, -2.5999998999998537
-3.641738100416938, 33.441001654848066, -2.5999998999998537
4.973799150320701e-14, 33.617819794930035, -2.5999998999998537
4.973799150320701e-14, 33.53628463479401, -2.699999899999854
-3.632895960698554, 33.35986821043731, -2.699999899999854
-7.22803518436542, 32.81034429794849, -2.699999899999854
-10.739964997514157, 31.865966933563385, -2.699999899999854
-14.119655551265007, 30.523409267520336, -2.699999899999854
-17.3212765462256, 28.798627405816084, -2.699999899999854
-20.30930846576295, 26.725419271100556, -2.699999899999854
-23.06295022790575, 24.349287043920697, -2.699999899999854
-25.572099124164424, 21.716100178829993, -2.699999899999854
-27.80298992406388, 18.843707197120448, -2.699999899999854
-29.706972500490632, 15.745218007470697, -2.699999899999854
-31.244000585072502, 12.449400426487164, -2.699999899999854
-32.38812383266353, 8.997441600952122, -2.699999899999854
-33.133486202913275, 5.437869382595022, -2.699999899999854
-33.49285804437011, 1.8186312959465132, -2.699999899999854
-33.4928580442412, -1.8186312986224114, -2.699999899999854
-33.133486212374045, -5.437869386048377, -2.699999899999854
-32.388123846045666, -8.99744160787118, -2.699999899999854
-31.24400059323104, -12.449400432916201, -2.699999899999854
-29.7069725040907, -15.745218012881333, -2.699999899999854
-27.80298992055656, -18.843707197793698, -2.699999899999854
-25.572099122413405, -21.716100180857556, -2.699999899999854
-23.062950225966876, -24.349287045769433, -2.699999899999854
-20.30930846385723, -26.725419273014015, -2.699999899999854
-17.321276558709236, -28.798627433820723, -2.699999899999854
-14.11965555340667, -30.523409280192002, -2.699999899999854
-10.739964997432148, -31.8659669346028, -2.699999899999854
-7.228035193801683, -32.810344344555375, -2.699999899999854
-3.6328959606986166, -33.35986821043729, -2.699999899999854
0.0, -33.53628463479401, -2.699999899999854
0.0, -33.536284634794015, -2.699999899999854
3.6328959606985958, -33.359868210437284, -2.699999899999854
7.228035184365446, -32.8103442979484, -2.699999899999854
10.739964997514186, -31.86596693356332, -2.699999899999854
14.11965555126502, -30.523409267520247, -2.699999899999854
17.321276546225583, -28.798627405815942, -2.699999899999854
20.309308465762903, -26.72541927110039, -2.699999899999854
23.0629502279057, -24.34928704392053, -2.699999899999854
25.57209912416435, -21.71610017882982, -2.699999899999854
27.80298992406381, -18.84370719712028, -2.699999899999854
29.706972500490593, -15.745218007470557, -2.699999899999854
31.244000585072463, -12.449400426487031, -2.699999899999854
32.38812383266352, -8.997441600952003, -2.699999899999854
33.13348620291325, -5.437869382594911, -2.699999899999854
33.49285804437011, -1.818631295946406, -2.699999899999854
33.49285804424119, 1.8186312986225106, -2.699999899999854
33.13348621237404, 5.437869386048465, -2.699999899999854
32.38812384604561, 8.997441607871256, -2.699999899999854
31.244000593231004, 12.449400432916276, -2.699999899999854
29.706972504090647, 15.745218012881399, -2.699999899999854
27.80298992055647, 18.84370719779374, -2.699999899999854
25.57209912241333, 21.716100180857605, -2.699999899999854
23.062950225966794, 24.34928704576947, -2.699999899999854
20.309308463857153, 26.725419273014047, -2.699999899999854
17.321276558709222, 28.79862743382084, -2.699999899999854
14.11965555340667, 30.523409280192173, -2.699999899999854
10.739964997432086, 31.86596693460281, -2.699999899999854
7.228035193801628, 32.810344344555375, -2.699999899999854
3.632895960698561, 33.359868210437305, -2.699999899999854
-8.881784197001252e-16, 33.536284634794015, -2.699999899999854
4.973799150320701e-14, 33.45767415067561, -2.799999899999854
-3.6243615218670273, 33.28161835914642, -2.799999899999854
-7.211042302556741, 32.73328060436018, -2.799999899999854
-10.71470434129622, 31.79104168020445, -2.799999899999854
-14.086455369552594, 30.45162683405482, -2.799999899999854
-17.280590398377214, 28.730953967348242, -2.799999899999854
-20.261666033510142, 26.662701323637762, -2.799999899999854
-23.00888964905155, 24.292205693563368, -2.799999899999854
-25.51212532013321, 21.66518349779963, -2.799999899999854
-27.73769803322776, 18.799474441466177, -2.799999899999854
-29.637129881474692, 15.708211992598457, -2.799999899999854
-31.17052121174354, 12.420120298656476, -2.799999899999854
-32.31200514571706, 8.976282609810838, -2.799999899999854
-33.05571696905331, 5.425089926132309, -2.799999899999854
-33.414334344262755, 1.814360158041389, -2.799999899999854
-33.414334344133735, -1.8143601607186894, -2.799999899999854
-33.05571697841007, -5.425089929575207, -2.799999899999854
-32.31200515906038, -8.976282616719718, -2.799999899999854
-31.170521219889146, -12.42012030508051, -2.799999899999854
-29.637129885049823, -15.708211997995564, -2.799999899999854
-27.737698029647284, -18.79947444209096, -2.799999899999854
-25.512125318381326, -21.665183499828316, -2.799999899999854
-23.008889647111648, -24.292205695413074, -2.799999899999854
-20.261666031606207, -26.662701325555837, -2.799999899999854
-17.280590410774995, -28.730953995206768, -2.799999899999854
-14.086455371683353, -30.451626846701586, -2.799999899999854
-10.714704341218132, -31.79104168125524, -2.799999899999854
-7.211042311974508, -32.73328065086946, -2.799999899999854
-3.6243615218670744, -33.28161835914638, -2.799999899999854
0.0, -33.45767415067561, -2.799999899999854
0.0, -33.45767415067561, -2.799999899999854
3.6243615218670664, -33.28161835914638, -2.799999899999854
7.211042302556763, -32.73328060436009, -2.799999899999854
10.714704341296244, -31.79104168020438, -2.799999899999854
14.0864553695526, -30.45162683405473, -2.799999899999854
17.28059039837719, -28.73095396734811, -2.799999899999854
20.26166603351009, -26.662701323637613, -2.799999899999854
23.00888964905149, -24.292205693563215, -2.799999899999854
25.51212532013314, -21.66518349779949, -2.799999899999854
27.737698033227687, -18.799474441466035, -2.799999899999854
29.637129881474674, -15.708211992598352, -2.799999899999854
31.170521211743498, -12.420120298656363, -2.799999899999854
32.312005145717045, -8.976282609810744, -2.799999899999854
33.055716969053286, -5.425089926132224, -2.799999899999854
33.41433434426274, -1.8143601580413111, -2.799999899999854
33.41433434413374, 1.8143601607187625, -2.799999899999854
33.05571697841006, 5.425089929575273, -2.799999899999854
32.31200515906034, 8.976282616719773, -2.799999899999854
31.170521219889068, 12.420120305080546, -2.799999899999854
29.637129885049756, 15.708211997995587, -2.799999899999854
27.73769802964723, 18.79947444209099, -2.799999899999854
25.512125318381283, 21.665183499828345, -2.799999899999854
23.008889647111573, 24.292205695413077, -2.799999899999854
20.261666031606158, 26.662701325555854, -2.799999899999854
17.280590410774902, 28.730953995206708, -2.799999899999854
14.086455371683261, 30.45162684670147, -2.799999899999854
10.714704341218095, 31.79104168125525, -2.799999899999854
7.2110423119744755, 32.733280650869446, -2.799999899999854
3.6243615218670535, 33.28161835914638, -2.799999899999854
-1.3322676295501878e-15, 33.45767415067561, -2.799999899999854
4.973799150320701e-14, 33.38186819324317, -2.899999899999854
-3.616122041415796, 33.20613334053947, -2.899999899999854
-7.194630283085129, 32.65888774530264, -2.899999899999854
-10.690301433906336, 31.71867284720408, -2.899999899999854
-14.054387377369398, 30.38228657196432, -2.899999899999854
-17.241313022448647, 28.66560957416264, -2.899999899999854
-20.215704767865233, 26.602184191217223, -2.899999899999854
-22.956757727581103, 24.237157961075305, -2.899999899999854
-25.454275073630775, 21.61607662637758, -2.899999899999854
-27.67467441647235, 18.756788153650877, -2.899999899999854
-29.569673432241686, 15.672476253030537, -2.899999899999854
-31.099540575156883, 12.391834993078374, -2.899999899999854
-32.238500926215515, 8.955843710986887, -2.899999899999854
-32.98067005631607, 5.412749733440994, -2.899999899999854
-33.338604459914755, 1.8102372478964843, -2.899999899999854
-33.33860445978542, -1.8102372505788435, -2.899999899999854
-32.98067006553152, -5.412749736872479, -2.899999899999854
-32.238500939517834, -8.955843717888877, -2.899999899999854
-31.09954058329311, -12.391834999502484, -2.899999899999854
-29.569673435784818, -15.672476258414175, -2.899999899999854
-27.674674412780508, -18.75678815420521, -2.899999899999854
-25.454275071875642, -21.61607662841015, -2.899999899999854
-22.956757725637488, -24.237157962928467, -2.899999899999854
-20.215704765961842, -26.60218419314427, -2.899999899999854
-17.241313034735224, -28.665609601839577, -2.899999899999854
-14.054387379486865, -30.382286584589497, -2.899999899999854
-10.690301433833985, -31.718672848272924, -2.899999899999854
-7.19463029248672, -32.65888779172266, -2.899999899999854
-3.6161220414158692, -33.20613334053945, -2.899999899999854
0.0, -33.38186819324317, -2.899999899999854
0.0, -33.38186819324317, -2.899999899999854
3.6161220414158386, -33.20613334053944, -2.899999899999854
7.194630283085155, -32.658887745302565, -2.899999899999854
10.690301433906363, -31.718672847204026, -2.899999899999854
14.054387377369403, -30.38228657196422, -2.899999899999854
17.241313022448622, -28.665609574162513, -2.899999899999854
20.215704767865187, -26.602184191217074, -2.899999899999854
22.95675772758103, -24.23715796107514, -2.899999899999854
25.4542750736307, -21.616076626377424, -2.899999899999854
27.67467441647228, -18.75678815365073, -2.899999899999854
29.569673432241604, -15.672476253030393, -2.899999899999854
31.09954057515685, -12.391834993078257, -2.899999899999854
32.238500926215494, -8.955843710986784, -2.899999899999854
32.98067005631604, -5.412749733440897, -2.899999899999854
33.33860445991474, -1.8102372478963977, -2.899999899999854
33.33860445978543, 1.8102372505789222, -2.899999899999854
32.980670065531505, 5.412749736872558, -2.899999899999854
32.23850093951779, 8.955843717888941, -2.899999899999854
31.099540583293077, 12.391834999502546, -2.899999899999854
29.569673435784754, 15.672476258414209, -2.899999899999854
27.674674412780444, 18.756788154205235, -2.899999899999854
25.454275071875585, 21.616076628410177, -2.899999899999854
22.956757725637427, 24.237157962928485, -2.899999899999854
20.21570476596178, 26.602184193144293, -2.899999899999854
17.241313034735118, 28.66560960183951, -2.899999899999854
14.054387379486794, 30.38228658458947, -2.899999899999854
10.690301433833937, 31.71867284827293, -2.899999899999854
7.194630292486679, 32.658887791722655, -2.899999899999854
3.6161220414158306, 33.206133340539424, -2.899999899999854
-1.3322676295501878e-15, 33.38186819324317, -2.899999899999854
4.973799150320701e-14, 33.30875680399151, -2.999999899999854
-3.6081658574693303, 33.13330446058562, -2.999999899999854
-7.1787760898273625, 32.58706018753071, -2.999999899999854
-10.666722204122001, 31.64875902245022, -2.999999899999854
-14.023406657076162, 30.315291530094687, -2.999999899999854
-17.203388742643813, 28.602502031384972, -2.999999899999854
-20.171358551281067, 26.543781194886794, -2.999999899999854
-22.906478843367672, 24.184064083341728, -2.999999899999854
-25.398464952265307, 21.568708528273085, -2.999999899999854
-27.61382950114152, 18.715587366344078, -2.999999899999854
-29.504508522641892, 15.63796047669151, -2.999999899999854
-31.03095946846752, 12.364505002986112, -2.999999899999854
-32.167507632069544, 8.936096315294355, -2.999999899999854
-32.908238175117894, 5.400831409912847, -2.999999899999854
-33.26555876770062, 1.8062567124160744, -2.999999899999854
-33.265558767570795, -1.8062567151069608, -2.999999899999854
-32.90823818415634, -5.400831413331994, -2.999999899999854
-32.167507645328925, -8.936096322192638, -2.999999899999854
-31.030959476597708, -12.364505009415113, -2.999999899999854
-29.5045085261465, -15.637960482061844, -2.999999899999854
-27.613829497301708, -18.715587366806872, -2.999999899999854
-25.398464950504692, -21.56870853031218, -2.999999899999854
-22.90647884141787, -24.18406408520075, -2.999999899999854
-20.171358549377118, -26.54378119682703, -2.999999899999854
-17.20338875479474, -28.602502058845978, -2.999999899999854
-14.023406659178082, -30.315291542701473, -2.999999899999854
-10.666722204057093, -31.648759023543587, -2.999999899999854
-7.178776099214709, -32.587060233868414, -2.999999899999854
-3.6081658574693685, -33.13330446058564, -2.999999899999854
0.0, -33.30875680399152, -2.999999899999854
0.0, -33.30875680399152, -2.999999899999854
3.6081658574693747, -33.13330446058563, -2.999999899999854
7.178776089827388, -32.58706018753063, -2.999999899999854
10.666722204122026, -31.64875902245016, -2.999999899999854
14.023406657076166, -30.315291530094594, -2.999999899999854
17.203388742643796, -28.602502031384855, -2.999999899999854
20.171358551281024, -26.543781194886648, -2.999999899999854
22.90647884336761, -24.18406408334158, -2.999999899999854
25.39846495226524, -21.568708528272943, -2.999999899999854
27.613829501141453, -18.715587366343943, -2.999999899999854
29.504508522641842, -15.637960476691397, -2.999999899999854
31.03095946846748, -12.364505002986013, -2.999999899999854
32.16750763206955, -8.936096315294275, -2.999999899999854
32.90823817511789, -5.400831409912769, -2.999999899999854
33.265558767700604, -1.8062567124159994, -2.999999899999854
33.26555876757079, 1.8062567151070277, -2.999999899999854
32.90823818415634, 5.400831413332052, -2.999999899999854
32.16750764532892, 8.936096322192695, -2.999999899999854
31.03095947659768, 12.364505009415172, -2.999999899999854
29.50450852614646, 15.637960482061896, -2.999999899999854
27.61382949730164, 18.715587366806904, -2.999999899999854
25.398464950504643, 21.568708530312215, -2.999999899999854
22.906478841417815, 24.18406408520077, -2.999999899999854
20.171358549377068, 26.54378119682705, -2.999999899999854
17.203388754794677, 28.60250205884596, -2.999999899999854
14.023406659178038, 30.315291542701488, -2.999999899999854
10.66672220405706, 31.64875902354359, -2.999999899999854
7.178776099214682, 32.5870602338684, -2.999999899999854
3.6081658574693534, 33.13330446058561, -2.999999899999854
-8.881784197001252e-16, 33.30875680399151, -2.999999899999854
4.973799150320701e-14, 33.23823905040744, -3.099999899999854
-3.600482265192355, 33.063031940666114, -3.099999899999854
-7.163458576101738, 32.517701053808175, -3.099999899999854
-10.643935377546537, 31.581207119334138, -3.099999899999854
-13.993471979304724, 30.250552717699357, -3.099999899999854
-17.166766450828035, 28.541546707531925, -3.099999899999854
-20.12856668827306, 26.48741276463567, -3.099999899999854
-22.85798358287447, 24.132850844186972, -3.099999899999854
-25.344618368838443, 21.523013994722508, -3.099999899999854
-27.55508106058398, 18.675816112071676, -3.099999899999854
-29.441548289367653, 15.604618481235544, -3.099999899999854
-30.964686831252852, 12.338094065662187, -3.099999899999854
-32.09893021764316, 8.917014179254583, -3.099999899999854
-32.838322834344815, 5.389318987725833, -3.099999899999854
-33.19509663978696, 1.802413179196837, -3.099999899999854
-33.19509663965647, -1.8024131818992573, -3.099999899999854
-32.83832284317223, -5.389318991131441, -3.099999899999854
-32.09893023085792, -8.917014186151924, -3.099999899999854
-30.964686839380217, -12.33809407210039, -3.099999899999854
-29.441548292827928, -15.60461848659268, -3.099999899999854
-27.555081056561335, -18.675816112422595, -3.099999899999854
-25.344618367070368, -21.523013996770448, -3.099999899999854
-22.85798358091627, -24.132850846053948, -3.099999899999854
-20.128566686367755, -26.48741276659306, -3.099999899999854
-17.166766462819986, -28.54154673474373, -3.099999899999854
-13.99347198138923, -30.250552730290806, -3.099999899999854
-10.643935377490852, -31.581207120458306, -3.099999899999854
-7.16345858547654, -32.5177011000688, -3.099999899999854
-3.6004822651924218, -33.063031940666086, -3.099999899999854
0.0, -33.23823905040744, -3.099999899999854
0.0, -33.23823905040745, -3.099999899999854
3.6004822651923947, -33.06303194066608, -3.099999899999854
7.1634585761017675, -32.5177010538081, -3.099999899999854
10.643935377546551, -31.581207119334042, -3.099999899999854
13.993471979304731, -30.250552717699264, -3.099999899999854
17.166766450828018, -28.541546707531797, -3.099999899999854
20.12856668827303, -26.487412764635533, -3.099999899999854
22.857983582874425, -24.13285084418683, -3.099999899999854
25.344618368838386, -21.52301399472237, -3.099999899999854
27.55508106058392, -18.675816112071544, -3.099999899999854
29.441548289367624, -15.604618481235438, -3.099999899999854
30.964686831252816, -12.338094065662084, -3.099999899999854
32.098930217643144, -8.917014179254492, -3.099999899999854
32.838322834344815, -5.389318987725749, -3.099999899999854
33.195096639786954, -1.8024131791967608, -3.099999899999854
33.1950966396565, 1.8024131818993243, -3.099999899999854
32.83832284317223, 5.389318991131496, -3.099999899999854
32.098930230857896, 8.917014186151967, -3.099999899999854
30.964686839380146, 12.338094072100416, -3.099999899999854
29.441548292827882, 15.604618486592704, -3.099999899999854
27.555081056561292, 18.67581611242261, -3.099999899999854
25.344618367070318, 21.52301399677045, -3.099999899999854
22.85798358091623, 24.132850846053955, -3.099999899999854
20.128566686367726, 26.487412766593064, -3.099999899999854
17.16676646281994, 28.541546734743697, -3.099999899999854
13.993471981389183, 30.250552730290746, -3.099999899999854
10.64393537749083, 31.581207120458306, -3.099999899999854
7.163458585476518, 32.5177011000688, -3.099999899999854
3.6004822651924018, 33.063031940666036, -3.099999899999854
-8.881784197001252e-16, 33.23823905040745, -3.099999899999854
4.973799150320701e-14, 33.17022202791221, -3.1999998999998542
-3.5930614108976435, 32.99522393138782, -3.1999998999998542
-7.1486582755469295, 32.45072116511497, -3.1999998999998542
-10.62191216709192, 31.51593145548913, -3.1999998999998542
-13.964545394846802, 30.187988223563885, -3.1999998999998542
-17.131399101137294, 28.482665697556467, -3.1999998999998542
-20.08727330561379, 26.43300565292105, -3.1999998999998542
-22.81120805283336, 24.083450850409214, -3.1999998999998542
-25.292664824233984, 21.478932999962783, -3.1999998999998542
-27.498353401315555, 18.63742287003968, -3.1999998999998542
-29.380712776479623, 15.572407757099896, -3.1999998999998542
-30.90063884806761, 12.312568803459419, -3.1999998999998542
-32.032681193577986, 8.89857314548151, -3.1999998999998542
-32.77083336790815, 5.378197767942897, -3.1999998999998542
-33.127125449287256, 1.7987017033555552, -3.1999998999998542
-33.12712544915596, -1.798701706072293, -3.1999998999998542
-32.77083337649226, -5.378197771333762, -3.1999998999998542
-32.03268120674668, -8.8985731523805, -3.1999998999998542
-30.90063885619505, -12.312568809910763, -3.1999998999998542
-29.3807127798904, -15.572407762443971, -3.1999998999998542
-27.49835339707698, -18.63742287025922, -3.1999998999998542
-25.29266482245667, -21.47893300202168, -3.1999998999998542
-22.811208050864725, -24.08345085228603, -3.1999998999998542
-20.08727330370656, -26.433005654899375, -3.1999998999998542
-17.13139911294787, -28.48266572448685, -3.1999998999998542
-13.964545396912243, -30.18798823614289, -3.1999998999998542
-10.621912167047176, -31.51593145665035, -3.1999998999998542
-7.148658284910366, -32.4507212113018, -3.1999998999998542
-3.5930614108976986, -32.99522393138779, -3.1999998999998542
0.0, -33.17022202791221, -3.1999998999998542
4.440892098500626e-16, -33.17022202791221, -3.1999998999998542
3.593061410897685, -32.995223931387784, -3.1999998999998542
7.148658275546959, -32.4507211651149, -3.1999998999998542
10.621912167091931, -31.515931455489028, -3.1999998999998542
13.964545394846816, -30.18798822356381, -3.1999998999998542
17.131399101137283, -28.482665697556357, -3.1999998999998542
20.08727330561376, -26.433005652920915, -3.1999998999998542
22.811208052833315, -24.083450850409076, -3.1999998999998542
25.292664824233924, -21.47893299996264, -3.1999998999998542
27.498353401315505, -18.637422870039547, -3.1999998999998542
29.380712776479537, -15.572407757099754, -3.1999998999998542
30.900638848067594, -12.312568803459314, -3.1999998999998542
32.03268119357799, -8.898573145481423, -3.1999998999998542
32.77083336790815, -5.378197767942814, -3.1999998999998542
33.12712544928727, -1.7987017033554797, -3.1999998999998542
33.12712544915597, 1.7987017060723622, -3.1999998999998542
32.770833376492256, 5.378197771333823, -3.1999998999998542
32.03268120674668, 8.898573152380544, -3.1999998999998542
30.900638856195066, 12.312568809910813, -3.1999998999998542
29.380712779890338, 15.572407762443978, -3.1999998999998542
27.49835339707693, 18.63742287025923, -3.1999998999998542
25.292664822456615, 21.478933002021684, -3.1999998999998542
22.81120805086468, 24.08345085228603, -3.1999998999998542
20.08727330370654, 26.43300565489939, -3.1999998999998542
17.13139911294783, 28.482665724486843, -3.1999998999998542
13.964545396912216, 30.18798823614289, -3.1999998999998542
10.621912167047157, 31.51593145665034, -3.1999998999998542
7.148658284910347, 32.45072121130179, -3.1999998999998542
3.5930614108976924, 32.99522393138778, -3.1999998999998542
-8.881784197001252e-16, 33.17022202791221, -3.1999998999998542
4.973799150320701e-14, 33.10462000023623, -3.2999998999998543
-3.585894200843983, 32.92979566319293, -3.2999998999998543
-7.13435722201564, 32.386038215735084, -3.2999998999998543
-10.600626006408646, 31.4528529593543, -3.2999998999998543
-13.936591883167894, 30.127522457353848, -3.2999998999998543
-17.09724327470452, 28.4257871020151, -3.2999998999998543
-20.047426835729834, 26.380492257293835, -3.2999998999998543
-22.766093289117123, 24.035801908231154, -3.2999998999998543
-25.242539255324054, 21.436410146104308, -3.2999998999998543
-27.443576662948267, 18.600360089699134, -3.2999998999998543
-29.321928195184043, 15.54128907395737, -3.2999998999998543
-30.83873817207576, 12.287898414631723, -3.2999998999998543
-31.96867981706256, 8.880750919089946, -3.2999998999998543
-32.705686096340465, 5.367454184517797, -3.2999998999998543
-33.06155971340523, 1.795117721733538, -3.2999998999998543
-33.06155971327299, -1.7951177244669196, -3.2999998999998543
-32.70568610465073, -5.36745418789247, -3.2999998999998543
-31.96867983018411, -8.880750925992801, -3.2999998999998543
-30.838738180206036, -12.28789842109963, -3.2999998999998543
-29.32192819854108, -15.541289079288568, -3.2999998999998543
-27.443576658462476, -18.600360089768603, -3.2999998999998543
-25.242539253535984, -21.43641014817596, -3.2999998999998543
-22.766093287136368, -24.03580191011942, -3.2999998999998543
-20.047426833820445, -26.38049225929662, -3.2999998999998543
-17.097243286312423, -28.425787128632873, -3.2999998999998543
-13.936591885212975, -30.127522469923107, -3.2999998999998543
-10.600626006376622, -31.452852960558687, -3.2999998999998543
-7.13435723136847, -32.386038261849116, -3.2999998999998543
-3.585894200844057, -32.92979566319292, -3.2999998999998543
0.0, -33.104620000236245, -3.2999998999998543
0.0, -33.104620000236245, -3.2999998999998543
3.585894200844027, -32.929795663192905, -3.2999998999998543
7.134357222015669, -32.38603821573499, -3.2999998999998543
10.600626006408683, -31.452852959354253, -3.2999998999998543
13.936591883167909, -30.127522457353766, -3.2999998999998543
17.09724327470451, -28.425787102014986, -3.2999998999998543
20.04742683572981, -26.3804922572937, -3.2999998999998543
22.76609328911709, -24.035801908231015, -3.2999998999998543
25.242539255324, -21.436410146104162, -3.2999998999998543
27.44357666294822, -18.600360089699, -3.2999998999998543
29.321928195184014, -15.541289073957246, -3.2999998999998543
30.838738172075747, -12.287898414631607, -3.2999998999998543
31.968679817062576, -8.88075091908985, -3.2999998999998543
32.70568609634047, -5.367454184517706, -3.2999998999998543
33.06155971340524, -1.7951177217334502, -3.2999998999998543
33.06155971327301, 1.795117724467003, -3.2999998999998543
32.70568610465073, 5.367454187892549, -3.2999998999998543
31.96867983018409, 8.880750925992865, -3.2999998999998543
30.838738180205986, 12.287898421099682, -3.2999998999998543
29.321928198541023, 15.541289079288601, -3.2999998999998543
27.44357665846242, 18.600360089768625, -3.2999998999998543
25.24253925353593, 21.43641014817599, -3.2999998999998543
22.766093287136314, 24.035801910119442, -3.2999998999998543
20.047426833820413, 26.380492259296645, -3.2999998999998543
17.09724328631236, 28.425787128632837, -3.2999998999998543
13.93659188521293, 30.127522469923083, -3.2999998999998543
10.600626006376595, 31.452852960558708, -3.2999998999998543
7.1343572313684405, 32.386038261849095, -3.2999998999998543
3.5858942008440295, 32.929795663192905, -3.2999998999998543
-8.881784197001252e-16, 33.10462000023623, -3.2999998999998543
4.973799150320701e-14, 33.04135365541074, -3.3999998999998544
-3.578972222302712, 32.86666871121721, -3.3999998999998544
-7.120538793700117, 32.32357605932174, -3.3999998999998544
-10.580052319182832, 31.39189848349146, -3.3999998999998544
-13.909579048211745, 30.069085493037058, -3.3999998999998544
-17.06425880294512, 28.370844403214953, -3.3999998999998544
-20.008979569587613, 26.329810034140923, -3.3999998999998544
-22.7225847451166, 23.989846483616663, -3.3999998999998544
-25.194181470584113, 21.395394182668483, -3.3999998999998544
-27.390686212298647, 18.564583778402937, -3.3999998999998544
-29.265126283204214, 15.511226140117149, -3.3999998999998544
-30.77891325314035, 12.26405440576266, -3.3999998999998544
-31.906851391043215, 8.863526874187452, -3.3999998999998544
-32.64280360117334, 5.357075686596, -3.3999998999998544
-32.99832035182429, 1.791657013261119, -3.3999998999998544
-32.99832035169098, -1.7916570160131313, -3.3999998999998544
-32.64280360918108, -5.357075689952915, -3.3999998999998544
-31.906851404116853, -8.86352688109613, -3.3999998999998544
-30.77891326127587, -12.26405441225009, -3.3999998999998544
-29.2651262865041, -15.511226145435712, -3.3999998999998544
-27.390686207536227, -18.564583778304478, -3.3999998999998544
-25.19418146878404, -21.39539418475441, -3.3999998999998544
-22.72258474312228, -23.98984648551773, -3.3999998999998544
-20.008979567676136, -26.32981003617147, -3.3999998999998544
-17.064258814330096, -28.37084442948992, -3.3999998999998544
-13.909579050235521, -30.06908550559912, -3.3999998999998544
-10.580052319165233, -31.3918984847449, -3.3999998999998544
-7.120538803042574, -32.323576105361475, -3.3999998999998544
-3.578972222302797, -32.8666687112172, -3.3999998999998544
0.0, -33.04135365541075, -3.3999998999998544
0.0, -33.04135365541077, -3.3999998999998544
3.578972222302757, -32.86666871121719, -3.3999998999998544
7.120538793700151, -32.323576059321674, -3.3999998999998544
10.580052319182865, -31.3918984834914, -3.3999998999998544
13.909579048211764, -30.069085493036983, -3.3999998999998544
17.064258802945115, -28.37084440321484, -3.3999998999998544
20.00897956958759, -26.329810034140785, -3.3999998999998544
22.72258474511656, -23.98984648361651, -3.3999998999998544
25.194181470584088, -21.39539418266835, -3.3999998999998544
27.39068621229861, -18.5645837784028, -3.3999998999998544
29.26512628320419, -15.511226140117017, -3.3999998999998544
30.778913253140324, -12.264054405762533, -3.3999998999998544
31.90685139104324, -8.863526874187341, -3.3999998999998544
32.642803601173355, -5.357075686595893, -3.3999998999998544
32.99832035182429, -1.791657013261019, -3.3999998999998544
32.99832035169101, 1.7916570160132275, -3.3999998999998544
32.642803609181094, 5.3570756899530085, -3.3999998999998544
31.906851404116804, 8.863526881096194, -3.3999998999998544
30.77891326127585, 12.264054412250164, -3.3999998999998544
29.26512628650405, 15.51122614543577, -3.3999998999998544
27.390686207536163, 18.564583778304527, -3.3999998999998544
25.19418146878397, 21.395394184754455, -3.3999998999998544
22.72258474312221, 23.989846485517766, -3.3999998999998544
20.00897956767607, 26.329810036171516, -3.3999998999998544
17.06425881433009, 28.370844429490052, -3.3999998999998544
13.90957905023549, 30.069085505599244, -3.3999998999998544
10.58005231916516, 31.391898484744914, -3.3999998999998544
7.120538803042502, 32.32357610536148, -3.3999998999998544
3.5789722223027267, 32.8666687112172, -3.3999998999998544
-1.3322676295501878e-15, 33.041353655410745, -3.3999998999998544
4.973799150320701e-14, 32.980349458881555, -3.4999998999998545
-3.57228767492997, 32.805770356120185, -3.4999998999998545
-7.107187577612327, 32.2632640881847, -3.4999998999998545
-10.560168318561072, 31.333000207573782, -3.4999998999998545
-13.88347685392864, 30.012612498047947, -3.4999998999998545
-17.032408440032686, 28.317775922824715, -3.4999998999998545
-19.971887267951463, 26.280900988967392, -3.4999998999998545
-22.680631846904166, 23.94553123303771, -3.4999998999998545
-25.147535659385646, 21.355837588846292, -3.4999998999998545
-27.339622116607405, 18.530053142901004, -3.4999998999998545
-29.210243747809436, 15.482185306401878, -3.4999998999998545
-30.72109775365746, 12.241010359136363, -3.4999998999998545
-31.84712665494673, 8.846881885636964, -3.4999998999998545
-32.582114094054035, 5.347050636183933, -3.4999998999998545
-32.93733404190731, 1.7883156644971614, -3.4999998999998545
-32.937334041772836, -1.788315667269329, -3.4999998999998545
-32.58211410173245, -5.3470506395213, -3.4999998999998545
-31.84712666797202, -8.84688189255303, -3.4999998999998545
-30.721097761800426, -12.24101036564571, -3.4999998999998545
-29.21024375104964, -15.482185311708053, -3.4999998999998545
-27.33962211154087, -18.5300531426176, -3.4999998999998545
-25.147535657572565, -21.35583759094765, -3.4999998999998545
-22.680631844895185, -23.945531234952643, -3.4999998999998545
-19.971887266038305, -26.28090099102876, -3.4999998999998545
-17.03240845117559, -28.317775948727746, -3.4999998999998545
-13.883476855930525, -30.012612510605223, -3.4999998999998545
-10.560168318559578, -31.3330002088821, -3.4999998999998545
-7.107187586943991, -32.26326413414582, -3.4999998999998545
-3.5722876749300165, -32.80577035612017, -3.4999998999998545
0.0, -32.98034945888157, -3.4999998999998545
0.0, -32.98034945888157, -3.4999998999998545
3.572287674930013, -32.80577035612016, -3.4999998999998545
7.107187577612356, -32.263264088184634, -3.4999998999998545
10.560168318561098, -31.333000207573722, -3.4999998999998545
13.88347685392867, -30.012612498047904, -3.4999998999998545
17.03240844003268, -28.317775922824605, -3.4999998999998545
19.971887267951434, -26.28090098896726, -3.4999998999998545
22.68063184690414, -23.945531233037592, -3.4999998999998545
25.147535659385603, -21.355837588846164, -3.4999998999998545
27.33962211660737, -18.530053142900883, -3.4999998999998545
29.210243747809383, -15.482185306401751, -3.4999998999998545
30.721097753657443, -12.241010359136263, -3.4999998999998545
31.847126654946745, -8.846881885636881, -3.4999998999998545
32.582114094054056, -5.347050636183856, -3.4999998999998545
32.93733404190733, -1.7883156644970886, -3.4999998999998545
32.93733404177287, 1.7883156672693954, -3.4999998999998545
32.58211410173248, 5.347050639521364, -3.4999998999998545
31.84712666797205, 8.846881892553094, -3.4999998999998545
30.721097761800408, 12.241010365645762, -3.4999998999998545
29.210243751049603, 15.482185311708099, -3.4999998999998545
27.339622111540823, 18.530053142617625, -3.4999998999998545
25.147535657572526, 21.35583759094767, -3.4999998999998545
22.680631844895146, 23.94553123495266, -3.4999998999998545
19.971887266038273, 26.280900991028776, -3.4999998999998545
17.032408451175527, 28.317775948727707, -3.4999998999998545
13.88347685593045, 30.01261251060514, -3.4999998999998545
10.560168318559551, 31.333000208882094, -3.4999998999998545
7.107187586943973, 32.26326413414583, -3.4999998999998545
3.5722876749299917, 32.80577035612015, -3.4999998999998545
-8.881784197001252e-16, 32.980349458881555, -3.4999998999998545
4.973799150320701e-14, 32.92153908865247, -3.5999998999998546
-3.565833310842881, 32.747033025972705, -3.5999998999998546
-7.094289251254964, 32.20503669131052, -3.5999998999998546
-10.54095283202069, 31.27609511710917, -3.5999998999998546
-13.85825739335316, 29.95804323486642, -3.5999998999998546
-17.001657576919744, 28.266524348287266, -3.5999998999998546
-19.936108821942607, 26.233711231323102, -3.5999998999998546
-22.640187604805398, 23.902806593743453, -3.5999998999998546
-25.10254996351647, 21.317696208730393, -3.5999998999998546
-27.29032868357514, 18.49673027630647, -3.5999998999998546
-29.15722177949872, 15.45413530758822, -3.5999998999998546
-30.665230038495576, 12.218741729619175, -3.5999998999998546
-31.789441252690533, 8.830798182161764, -3.5999998999998546
-32.52355086587706, 5.337368218797703, -3.5999998999998546
-32.878532655662355, 1.7850900395390232, -3.5999998999998546
-32.87853265552666, -1.7850900423323197, -3.5999998999998546
-32.52355087320129, -5.337368222113423, -3.5999998999998546
-31.78944126566743, -8.830798189086345, -3.5999998999998546
-30.665230046647913, -12.218741736152191, -3.5999998999998546
-29.1572217826778, -15.454135312882256, -3.5999998999998546
-27.290328678179023, -18.496730275821847, -3.5999998999998546
-25.102549961689768, -21.317696210847945, -3.5999998999998546
-22.640187602781022, -23.902806595672907, -3.5999998999998546
-19.936108820028632, -26.233711233417996, -3.5999998999998546
-17.001657587802637, -28.26652437379015, -3.5999998999998546
-13.85825739533303, -29.95804324742099, -3.5999998999998546
-10.54095283203706, -31.276095118477897, -3.5999998999998546
-7.094289260574906, -32.20503673718563, -3.5999998999998546
-3.565833310842947, -32.74703302597267, -3.5999998999998546
0.0, -32.92153908865247, -3.5999998999998546
0.0, -32.92153908865247, -3.5999998999998546
3.565833310842923, -32.74703302597264, -3.5999998999998546
7.094289251255005, -32.205036691310475, -3.5999998999998546
10.540952832020698, -31.276095117109037, -3.5999998999998546
13.858257393353187, -29.958043234866345, -3.5999998999998546
17.00165757691975, -28.266524348287156, -3.5999998999998546
19.936108821942593, -26.233711231322975, -3.5999998999998546
22.64018760480538, -23.90280659374333, -3.5999998999998546
25.102549963516434, -21.317696208730254, -3.5999998999998546
27.29032868357511, -18.496730276306344, -3.5999998999998546
29.157221779498695, -15.454135307588102, -3.5999998999998546
30.665230038495576, -12.218741729619067, -3.5999998999998546
31.78944125269056, -8.830798182161667, -3.5999998999998546
32.52355086587708, -5.337368218797606, -3.5999998999998546
32.87853265566237, -1.7850900395389282, -3.5999998999998546
32.87853265552669, 1.7850900423324063, -3.5999998999998546
32.52355087320131, 5.337368222113517, -3.5999998999998546
31.789441265667417, 8.830798189086435, -3.5999998999998546
30.665230046647924, 12.218741736152289, -3.5999998999998546
29.157221782677748, 15.45413531288232, -3.5999998999998546
27.290328678178962, 18.496730275821893, -3.5999998999998546
25.102549961689707, 21.317696210848002, -3.5999998999998546
22.640187602780966, 23.902806595672956, -3.5999998999998546
19.936108820028565, 26.23371123341804, -3.5999998999998546
17.00165758780254, 28.26652437379014, -3.5999998999998546
13.858257395332933, 29.958043247420946, -3.5999998999998546
10.540952832036993, 31.27609511847792, -3.5999998999998546
7.094289260574844, 32.205036737185644, -3.5999998999998546
3.5658333108428795, 32.747033025972634, -3.5999998999998546
-1.3322676295501878e-15, 32.92153908865247, -3.5999998999998546
4.973799150320701e-14, 32.8638040617335, -3.6999998999998547
-3.5594917428649517, 32.68935475949456, -3.6999998999998547
-7.081612815126696, 32.14783073316847, -3.6999998999998547
-10.522064902652215, 31.220166696648405, -3.6999998999998547
-13.833470487506629, 29.904406807515493, -3.6999998999998547
-16.971445482124683, 28.21616303070434, -3.6999998999998547
-19.900974237131802, 26.187363994264956, -3.6999998999998547
-22.600482844482638, 23.86086160457268, -3.6999998999998547
-25.05837789425058, 21.28024843780531, -3.6999998999998547
-27.24190287339448, 18.463999242129773, -3.6999998999998547
-29.105111473433702, 15.42657083395301, -3.6999998999998547
-30.610316755896676, 12.19685305777319, -3.6999998999998547
-31.732755116795854, 8.814989481054473, -3.6999998999998547
-32.46602956549741, 5.327853680776726, -3.6999998999998547
-32.82080217751568, 1.7819211306753635, -3.6999998999998547
-32.82080217737877, -1.7819211334892326, -3.6999998999998547
-32.46602957245859, -5.32785368406915, -3.6999998999998547
-31.73275512972524, -8.81498948798732, -3.6999998999998547
-30.610316764058762, -12.196853064329494, -3.6999998999998547
-29.105111476553287, -15.426570839235193, -3.6999998999998547
-27.241902867659654, -18.4639992414371, -3.6999998999998547
-25.058377892410643, -21.280248439938678, -3.6999998999998547
-22.600482842443235, -23.860861606516256, -3.6999998999998547
-19.90097423521832, -26.187363996394215, -3.6999998999998547
-16.971445492740507, -28.216163055794233, -3.6999998999998547
-13.83347048946538, -29.90440682006813, -3.6999998999998547
-10.522064902687406, -31.220166698080398, -3.6999998999998547
-7.081612824432814, -32.14783077894624, -3.6999998999998547
-3.5594917428650086, -32.689354759494535, -3.6999998999998547
0.0, -32.8638040617335, -3.6999998999998547
4.440892098500626e-16, -32.8638040617335, -3.6999998999998547
3.5594917428649953, -32.68935475949452, -3.6999998999998547
7.081612815126733, -32.147830733168426, -3.6999998999998547
10.522064902652241, -31.22016669664835, -3.6999998999998547
13.833470487506645, -29.904406807515418, -3.6999998999998547
16.97144548212468, -28.216163030704237, -3.6999998999998547
19.900974237131788, -26.187363994264835, -3.6999998999998547
22.600482844482602, -23.86086160457255, -3.6999998999998547
25.05837789425055, -21.280248437805188, -3.6999998999998547
27.241902873394444, -18.463999242129656, -3.6999998999998547
29.105111473433695, -15.426570833952914, -3.6999998999998547
30.610316755896676, -12.19685305777309, -3.6999998999998547
31.732755116795875, -8.814989481054388, -3.6999998999998547
32.46602956549743, -5.327853680776646, -3.6999998999998547
32.82080217751571, -1.7819211306752871, -3.6999998999998547
32.820802177378795, 1.7819211334892997, -3.6999998999998547
32.46602957245861, 5.327853684069215, -3.6999998999998547
31.73275512972524, 8.814989487987374, -3.6999998999998547
30.610316764058776, 12.19685306432954, -3.6999998999998547
29.105111476553258, 15.426570839235223, -3.6999998999998547
27.24190286765961, 18.463999241437126, -3.6999998999998547
25.058377892410615, 21.280248439938703, -3.6999998999998547
22.600482842443196, 23.86086160651627, -3.6999998999998547
19.90097423521829, 26.187363996394225, -3.6999998999998547
16.971445492740486, 28.216163055794258, -3.6999998999998547
13.833470489465354, 29.904406820068154, -3.6999998999998547
10.522064902687378, 31.22016669808039, -3.6999998999998547
7.081612824432796, 32.147830778946236, -3.6999998999998547
3.5594917428649944, 32.68935475949454, -3.6999998999998547
-4.440892098500626e-16, 32.8638040617335, -3.6999998999998547
4.973799150320701e-14, 32.80606903481453, -3.7999998999998548
-3.553150160424766, 32.63167626435295, -3.7999998999998548
-7.068936314037888, 32.090624509677774, -3.7999998999998548
-10.503176942693099, 31.16423822007098, -3.7999998999998548
-13.808683578462709, 29.850770355503336, -3.7999998999998548
-16.941233278404656, 28.165801512020185, -3.7999998999998548
-19.865839478172028, 26.141016540945103, -3.7999998999998548
-22.560778061952853, 23.81891659932726, -3.7999998999998548
-25.014205708463695, 21.242800553760475, -3.7999998999998548
-27.19347681457129, 18.4312680411414, -3.7999998999998548
-29.053001059651642, 15.399006317807837, -3.7999998999998548
-30.55540347176564, 12.174964382489227, -3.7999998999998548
-31.676068817591062, 8.7991807214878, -3.7999998999998548
-32.408507966894035, 5.318339097473679, -3.7999998999998548
-32.76307161016552, 1.7787522259116333, -3.7999998999998548
-32.76307161002749, -1.7787522287442583, -3.7999998999998548
-32.40850797349796, -5.3183391007416905, -3.7999998999998548
-31.676068830474442, -8.799180728427457, -3.7999998999998548
-30.555403479936462, -12.174964389066576, -3.7999998999998548
-29.053001062715655, -15.399006323078313, -3.7999998999998548
-27.193476808503675, -18.43126804024266, -3.7999998999998548
-25.014205706611705, -21.24280055590825, -3.7999998999998548
-22.560778059899782, -23.818916601283718, -3.7999998999998548
-19.865839476260632, -26.14101654310778, -3.7999998999998548
-16.94123328875658, -28.16580153669888, -3.7999998999998548
-13.808683580401995, -29.850770368053446, -3.7999998999998548
-10.503176942747206, -31.164238221566, -3.7999998999998548
-7.068936323327474, -32.090624555344995, -3.7999998999998548
-3.553150160424799, -32.63167626435294, -3.7999998999998548
0.0, -32.80606903481453, -3.7999998999998548
4.440892098500626e-16, -32.806069034814534, -3.7999998999998548
3.5531501604248104, -32.63167626435293, -3.7999998999998548
7.068936314037919, -32.090624509677696, -3.7999998999998548
10.503176942693134, -31.164238220070924, -3.7999998999998548
13.808683578462741, -29.850770355503276, -3.7999998999998548
16.94123327840466, -28.16580151202009, -3.7999998999998548
19.865839478172006, -26.141016540944978, -3.7999998999998548
22.56077806195283, -23.81891659932714, -3.7999998999998548
25.01420570846366, -21.242800553760343, -3.7999998999998548
27.193476814571262, -18.431268041141276, -3.7999998999998548
29.05300105965159, -15.399006317807705, -3.7999998999998548
30.555403471765647, -12.17496438248913, -3.7999998999998548
31.676068817591084, -8.799180721487714, -3.7999998999998548
32.408507966894064, -5.318339097473597, -3.7999998999998548
32.763071610165554, -1.77875222591156, -3.7999998999998548
32.76307161002753, 1.7787522287443225, -3.7999998999998548
32.408507973498, 5.318339100741752, -3.7999998999998548
31.676068830474446, 8.799180728427507, -3.7999998999998548
30.555403479936466, 12.174964389066616, -3.7999998999998548
29.053001062715598, 15.399006323078323, -3.7999998999998548
27.193476808503636, 18.43126804024268, -3.7999998999998548
25.01420570661169, 21.242800555908286, -3.7999998999998548
22.560778059899768, 23.81891660128374, -3.7999998999998548
19.8658394762606, 26.14101654310779, -3.7999998999998548
16.94123328875655, 28.16580153669886, -3.7999998999998548
13.808683580401972, 29.850770368053418, -3.7999998999998548
10.503176942747192, 31.164238221566, -3.7999998999998548
7.0689363233274625, 32.09062455534498, -3.7999998999998548
3.553150160424787, 32.63167626435293, -3.7999998999998548
-8.881784197001252e-16, 32.806069034814534, -3.7999998999998548
4.973799150320701e-14, 32.74833400789556, -3.899999899999855
-3.546808563383066, 32.57399753917706, -3.899999899999855
-7.056259747602631, 32.03341801953554, -3.899999899999855
-10.484288951993289, 31.108309687138988, -3.899999899999855
-13.783896666216473, 29.797133878720615, -3.899999899999855
-16.911020965287502, 28.115439791249088, -3.899999899999855
-19.83070454411781, 26.09466887008639, -3.899999899999855
-22.52107325706813, 23.77697157788785, -3.899999899999855
-24.970033405393686, 21.20535255590796, -3.899999899999855
-27.145050505774197, 18.398536672534004, -3.899999899999855
-29.000890537659433, 15.371441758989091, -3.899999899999855
-30.500490186097057, 12.15307570375, -3.899999899999855
-31.619382354337638, 8.783371903153334, -3.899999899999855
-32.3509860684537, 5.3088244685715225, -3.899999899999855
-32.705340953019075, 1.77558332525281, -3.899999899999855
-32.70534095288001, -1.775583328102265, -3.899999899999855
-32.350986074706206, -5.30882447181392, -3.899999899999855
-31.619382367176545, -8.783371910098266, -3.899999899999855
-30.50049019427567, -12.153075710346087, -3.899999899999855
-29.000890540671985, -15.371441764248004, -3.899999899999855
-27.145050499379778, -18.39853667143111, -3.899999899999855
-24.970033403530916, -21.2053525580687, -3.899999899999855
-22.52107325500277, -23.77697157985585, -3.899999899999855
-19.830704542210146, -26.094668872281485, -3.899999899999855
-16.911020975378822, -28.115439815518386, -3.899999899999855
-13.78389666813804, -29.79713389126754, -3.899999899999855
-10.484288952066482, -31.108309688696707, -3.899999899999855
-7.056259756873018, -32.033418065078784, -3.899999899999855
-3.5468085633831388, -32.573997539177036, -3.899999899999855
0.0, -32.74833400789556, -3.899999899999855
0.0, -32.74833400789557, -3.899999899999855
3.5468085633831103, -32.57399753917703, -3.899999899999855
7.0562597476026685, -32.03341801953549, -3.899999899999855
10.484288951993316, -31.108309687138913, -3.899999899999855
13.783896666216496, -29.797133878720548, -3.899999899999855
16.911020965287506, -28.115439791248992, -3.899999899999855
19.830704544117797, -26.09466887008627, -3.899999899999855
22.521073257068096, -23.776971577887718, -3.899999899999855
24.970033405393654, -21.205352555907833, -3.899999899999855
27.14505050577417, -18.398536672533883, -3.899999899999855
29.000890537659384, -15.371441758988967, -3.899999899999855
30.50049018609707, -12.153075703749915, -3.899999899999855
31.619382354337674, -8.783371903153258, -3.899999899999855
32.35098606845373, -5.308824468571452, -3.899999899999855
32.705340953019125, -1.775583325252745, -3.899999899999855
32.705340952880036, 1.7755833281023272, -3.899999899999855
32.35098607470624, 5.308824471813974, -3.899999899999855
31.619382367176573, 8.783371910098316, -3.899999899999855
30.500490194275645, 12.153075710346112, -3.899999899999855
29.000890540671932, 15.37144176424802, -3.899999899999855
27.14505049937974, 18.398536671431124, -3.899999899999855
24.97003340353089, 21.20535255806873, -3.899999899999855
22.52107325500274, 23.77697157985587, -3.899999899999855
19.830704542210114, 26.0946688722815, -3.899999899999855
16.911020975378765, 28.11543981551837, -3.899999899999855
13.783896668138006, 29.79713389126755, -3.899999899999855
10.484288952066452, 31.10830968869671, -3.899999899999855
7.056259756872992, 32.033418065078784, -3.899999899999855
3.5468085633831166, 32.57399753917705, -3.899999899999855
-4.440892098500626e-16, 32.74833400789556, -3.899999899999855
4.263256414560601e-14, 32.69059898097661, -3.999999899999855
-3.5404669515970317, 32.516318582585356, -3.999999899999855
-7.043583115428052, 31.976211261431526, -3.999999899999855
-10.465400930395823, 31.052381097615093, -3.999999899999855
-13.759109750755481, 29.74349737706082, -3.999999899999855
-16.88080854228958, 28.065077867404376, -3.999999899999855
-19.795569434528815, 26.048320981049066, -3.999999899999855
-22.48136842968316, 23.735026540130026, -3.999999899999855
-24.92586098427422, 21.167904443551713, -3.999999899999855
-27.096623945663296, 18.365805135494018, -3.999999899999855
-28.948779906960915, 15.343877157333099, -3.999999899999855
-30.445576898884525, 12.131187021540654, -3.999999899999855
-31.562695726291427, 8.767563025745165, -3.999999899999855
-32.293463897703475, 5.299309797151743, -3.999999899999855
-32.64761020547888, 1.772414428692608, -3.999999899999855
-32.647610205337884, -1.7724144315770929, -3.999999899999855
-32.29346387445755, -5.299309796972847, -3.999999899999855
-31.562695739087307, -8.767563032693841, -3.999999899999855
-30.44557690706989, -12.13118702815318, -3.999999899999855
-28.948779909925953, -15.343877162580574, -3.999999899999855
-27.09662390450042, -18.3658051105699, -3.999999899999855
-24.925860982388777, -21.167904445739218, -3.999999899999855
-22.481368427592326, -23.73502654212214, -3.999999899999855
-19.7955694321048, -26.04832098263591, -3.999999899999855
-16.880808552123504, -28.065077891266117, -3.999999899999855
-13.759109752660954, -29.743497389603867, -3.999999899999855
-10.465400930488158, -31.052381099235234, -3.999999899999855
-7.0435831246763545, -31.97621130683701, -3.999999899999855
-3.540466951597088, -32.51631858258535, -3.999999899999855
0.0, -32.69059898097661, -3.999999899999855
4.440892098500626e-16, -32.6905989809766, -3.999999899999855
3.540466951597072, -32.51631858258535, -3.999999899999855
7.043583115428078, -31.97621126143145, -3.999999899999855
10.465400930395859, -31.05238109761506, -3.999999899999855
13.759109750755497, -29.743497377060745, -3.999999899999855
16.88080854228958, -28.06507786740427, -3.999999899999855
19.795569434528794, -26.04832098104894, -3.999999899999855
22.481368429683137, -23.735026540129905, -3.999999899999855
24.925860984274188, -21.16790444355159, -3.999999899999855
27.09662394566327, -18.365805135493897, -3.999999899999855
28.94877990696087, -15.34387715733297, -3.999999899999855
30.44557689888452, -12.131187021540557, -3.999999899999855
31.56269572629146, -8.767563025745083, -3.999999899999855
32.29346389770352, -5.299309797151671, -3.999999899999855
32.647610205478934, -1.7724144286925438, -3.999999899999855
32.647610205337934, 1.7724144315771504, -3.999999899999855
32.29346387445759, 5.299309796972913, -3.999999899999855
31.56269573908735, 8.767563032693912, -3.999999899999855
30.445576907069867, 12.131187028153231, -3.999999899999855
28.94877990992591, 15.34387716258062, -3.999999899999855
27.09662390450038, 18.365805110569944, -3.999999899999855
24.925860982388713, 21.167904445739232, -3.999999899999855
22.481368427592283, 23.735026542122164, -3.999999899999855
19.79556943210475, 26.04832098263594, -3.999999899999855
16.880808552123494, 28.065077891266203, -3.999999899999855
13.75910975266093, 29.743497389603938, -3.999999899999855
10.465400930488112, 31.05238109923524, -3.999999899999855
7.0435831246763145, 31.976211306837005, -3.999999899999855
3.5404669515970415, 32.5163185825853, -3.999999899999855
-8.881784197001252e-16, 32.6905989809766, -3.999999899999855
4.973799150320701e-14, 32.63286395405765, -4.099999899999855
-3.5341253249285445, 32.45863939318488, -4.099999899999855
-7.0309064171305105, 31.91900423404432, -4.099999899999855
-10.446512877760668, 30.996452451254903, -4.099999899999855
-13.734322832090081, 29.689860850406152, -4.099999899999855
-16.850596008951342, 28.014715739476525, -4.099999899999855
-19.760434147447924, 26.00197287127479, -4.099999899999855
-22.44166357963924, 23.693081485939842, -4.099999899999855
-24.88168844432547, 21.13045621599804, -4.099999899999855
-27.048197132886838, 18.333073429206213, -4.099999899999855
-28.896669167057702, 15.316312512673454, -4.099999899999855
-30.39066361012464, 12.10929833583842, -4.099999899999855
-31.506008932707644, 8.751754088941073, -4.099999899999855
-32.235941394120175, 5.289795076016841, -4.099999899999855
-32.58987936694056, 1.7692455362581216, -4.099999899999855
-32.58987936679871, -1.7692455391551727, -4.099999899999855
-32.235941371117924, -5.289795075881934, -4.099999899999855
-31.506008945461904, -8.751754095891972, -4.099999899999855
-30.3906636183157, -12.109298342465097, -4.099999899999855
-28.89666916997928, -15.31631251790967, -4.099999899999855
-27.048197091994517, -18.333073404489486, -4.099999899999855
-24.881688442432026, -21.130456218195274, -4.099999899999855
-22.441663577539202, -23.693081487940546, -4.099999899999855
-19.760434145005597, -26.001972872858534, -4.099999899999855
-16.850596018531277, -28.014715762932774, -4.099999899999855
-13.734322833981183, -29.6898608629447, -4.099999899999855
-10.44651287787219, -30.99645245293697, -4.099999899999855
-7.0309064263538685, -31.919004279298008, -4.099999899999855
-3.534125324928599, -32.458639393184875, -4.099999899999855
0.0, -32.63286395405765, -4.099999899999855
0.0, -32.63286395405765, -4.099999899999855
3.534125324928588, -32.45863939318487, -4.099999899999855
7.030906417130539, -31.919004234044237, -4.099999899999855
10.44651287776071, -30.99645245125487, -4.099999899999855
13.734322832090106, -29.689860850406085, -4.099999899999855
16.850596008951342, -28.014715739476426, -4.099999899999855
19.7604341474479, -26.001972871274667, -4.099999899999855
22.44166357963921, -23.693081485939718, -4.099999899999855
24.88168844432543, -21.130456215997917, -4.099999899999855
27.048197132886806, -18.3330734292061, -4.099999899999855
28.896669167057667, -15.316312512673349, -4.099999899999855
30.39066361012465, -12.109298335838337, -4.099999899999855
31.506008932707676, -8.751754088940999, -4.099999899999855
32.23594139412021, -5.289795076016776, -4.099999899999855
32.589879366940615, -1.769245536258063, -4.099999899999855
32.589879366798776, 1.7692455391552329, -4.099999899999855
32.23594137111797, 5.289795075881989, -4.099999899999855
31.506008945461936, 8.751754095892007, -4.099999899999855
30.390663618315727, 12.10929834246513, -4.099999899999855
28.896669169979276, 15.316312517909699, -4.099999899999855
27.0481970919945, 18.3330734044895, -4.099999899999855
24.881688442432, 21.130456218195278, -4.099999899999855
22.441663577539188, 23.693081487940557, -4.099999899999855
19.760434145005586, 26.001972872858527, -4.099999899999855
16.85059601853126, 28.01471576293275, -4.099999899999855
13.734322833981176, 29.689860862944684, -4.099999899999855
10.44651287787219, 30.996452452936968, -4.099999899999855
7.030906426353863, 31.919004279297997, -4.099999899999855
3.534125324928595, 32.45863939318488, -4.099999899999855
-4.440892098500626e-16, 32.63286395405765, -4.099999899999855
4.263256414560601e-14, 32.57512892713868, -4.199999899999854
-3.527783683231682, 32.40095996957226, -4.199999899999854
-7.018229652311015, 31.861796936046645, -4.199999899999854
-10.427624793928768, 30.940523747818585, -4.199999899999854
-13.709535910207757, 29.63622429864895, -4.199999899999854
-16.82038336478361, 27.964353406466156, -4.199999899999854
-19.725298682395973, 25.95562454007079, -4.199999899999854
-22.40195870678851, 23.65113641519047, -4.199999899999854
-24.837515784767817, 21.093007872539637, -4.199999899999854
-26.999770066085947, 18.300341552846763, -4.199999899999854
-28.844558317447476, 15.288747824844942, -4.199999899999854
-30.335750319810877, 12.08740964662831, -4.199999899999854
-31.449321972833225, 8.735945092430985, -4.199999899999854
-32.17841858579815, 5.280280308315651, -4.199999899999854
-32.53214843679606, 1.7660766479425787, -4.199999899999854
-32.532148436653465, -1.766076650850254, -4.199999899999854
-32.17841856303838, -5.280280308222652, -4.199999899999854
-31.449321985547247, -8.73594509938247, -4.199999899999854
-30.335750328006586, -12.087409653266738, -4.199999899999854
-28.844558320329657, -15.288747830069969, -4.199999899999854
-26.999770025464283, -18.300341528335075, -4.199999899999854
-24.837515782867637, -21.09300787474513, -4.199999899999854
-22.401958704680656, -23.651136417198423, -4.199999899999854
-19.7252986799367, -25.955624541650014, -4.199999899999854
-16.82038337411295, -27.96435342951886, -4.199999899999854
-13.709535912086167, -29.636224311182186, -4.199999899999854
-10.42762479405949, -30.940523749561944, -4.199999899999854
-7.018229661506488, -31.8617969811342, -4.199999899999854
-3.5277836832317377, -32.400959969572234, -4.199999899999854
0.0, -32.57512892713868, -4.199999899999854
4.440892098500626e-16, -32.575128927138685, -4.199999899999854
3.5277836832317186, -32.40095996957222, -4.199999899999854
7.018229652311048, -31.861796936046584, -4.199999899999854
10.427624793928793, -30.9405237478185, -4.199999899999854
13.709535910207778, -29.63622429864887, -4.199999899999854
16.82038336478361, -27.96435340646604, -4.199999899999854
19.72529868239596, -25.955624540070662, -4.199999899999854
22.401958706788477, -23.651136415190333, -4.199999899999854
24.837515784767774, -21.093007872539488, -4.199999899999854
26.999770066085926, -18.300341552846643, -4.199999899999854
28.844558317447476, -15.28874782484483, -4.199999899999854
30.335750319810906, -12.087409646628211, -4.199999899999854
31.44932197283326, -8.73594509243089, -4.199999899999854
32.1784185857982, -5.280280308315561, -4.199999899999854
32.5321484367961, -1.7660766479424899, -4.199999899999854
32.53214843665353, 1.7660766508503312, -4.199999899999854
32.17841856303841, 5.280280308222731, -4.199999899999854
31.449321985547265, 8.735945099382546, -4.199999899999854
30.335750328006558, 12.087409653266802, -4.199999899999854
28.844558320329607, 15.288747830070015, -4.199999899999854
26.999770025464247, 18.300341528335114, -4.199999899999854
24.837515782867616, 21.093007874745187, -4.199999899999854
22.401958704680638, 23.651136417198483, -4.199999899999854
19.725298679936653, 25.955624541650046, -4.199999899999854
16.82038337411292, 27.96435342951891, -4.199999899999854
13.709535912086134, 29.636224311182218, -4.199999899999854
10.427624794059465, 30.940523749561958, -4.199999899999854
7.018229661506461, 31.8617969811342, -4.199999899999854
3.527783683231713, 32.40095996957221, -4.199999899999854
-8.881784197001252e-16, 32.57512892713867, -4.199999899999854
4.973799150320701e-14, 32.51739390021972, -4.299999899999854
-3.521442026361026, 32.343280310332744, -4.299999899999854
-7.005552820571659, 31.804589366101823, -4.299999899999854
-10.408736678746022, 30.884594987062762, -4.299999899999854
-13.684748985103669, 29.582587721677157, -4.299999899999854
-16.790170609303573, 27.913990867361754, -4.299999899999854
-19.6901630384003, 25.90927598611975, -4.299999899999854
-22.36225381097762, 23.60919132775779, -4.299999899999854
-24.793343004812577, 21.055559412466145, -4.299999899999854
-26.95134274389139, 18.26760950558778, -4.299999899999854
-28.79244735762519, 15.261183093680819, -4.299999899999854
-30.280837027937817, 12.065520953892529, -4.299999899999854
-31.39263484591192, 8.720136035897758, -4.299999899999854
-32.1208954710778, 5.2707654937197495, -4.299999899999854
-32.474417414431414, 1.762907763750357, -4.299999899999854
-32.474417414288176, -1.7629077666667432, -4.299999899999854
-32.120895448559295, -5.270765493666607, -4.299999899999854
-31.392634858587048, -8.720136042848242, -4.299999899999854
-30.28083703613705, -12.065520960540344, -4.299999899999854
-28.792447360472014, -15.26118309889477, -4.299999899999854
-26.951342703540437, -18.26760948127877, -4.299999899999854
-24.793343002906933, -21.055559414678463, -4.299999899999854
-22.362253808863375, -23.609191329771686, -4.299999899999854
-19.690163035925416, -25.909275987693032, -4.299999899999854
-16.790170618385805, -27.913990890013032, -4.299999899999854
-13.684748986971103, -29.58258773420436, -4.299999899999854
-10.408736678896005, -30.884594988866848, -4.299999899999854
-7.005552829736254, -31.804589411008564, -4.299999899999854
-3.5214420263611035, -32.3432803103327, -4.299999899999854
0.0, -32.51739390021971, -4.299999899999854
0.0, -32.51739390021971, -4.299999899999854
3.5214420263610697, -32.343280310332695, -4.299999899999854
7.0055528205716975, -31.804589366101762, -4.299999899999854
10.408736678746061, -30.88459498706271, -4.299999899999854
13.684748985103697, -29.58258772167709, -4.299999899999854
16.790170609303573, -27.913990867361647, -4.299999899999854
19.690163038400282, -25.909275986119617, -4.299999899999854
22.362253810977606, -23.609191327757664, -4.299999899999854
24.79334300481253, -21.055559412465996, -4.299999899999854
26.951342743891367, -18.267609505587657, -4.299999899999854
28.79244735762515, -15.261183093680687, -4.299999899999854
30.280837027937828, -12.06552095389243, -4.299999899999854
31.392634845911957, -8.720136035897674, -4.299999899999854
32.12089547107785, -5.27076549371967, -4.299999899999854
32.47441741443148, -1.7629077637502795, -4.299999899999854
32.47441741428822, 1.7629077666668163, -4.299999899999854
32.12089544855933, 5.270765493666674, -4.299999899999854
31.392634858587076, 8.720136042848303, -4.299999899999854
30.28083703613706, 12.065520960540402, -4.299999899999854
28.79244736047199, 15.261183098894815, -4.299999899999854
26.951342703540412, 18.26760948127881, -4.299999899999854
24.793343002906884, 21.055559414678477, -4.299999899999854
22.362253808863336, 23.609191329771704, -4.299999899999854
19.690163035925384, 25.909275987693064, -4.299999899999854
16.79017061838582, 27.913990890013118, -4.299999899999854
13.684748986971135, 29.58258773420448, -4.299999899999854
10.408736678895988, 30.88459498886686, -4.299999899999854
7.005552829736235, 31.804589411008564, -4.299999899999854
3.521442026361097, 32.34328031033271, -4.299999899999854
-4.440892098500626e-16, 32.51739390021971, -4.299999899999854
4.263256414560601e-14, 32.459658873300754, -4.3999998999998535
-3.5151003541696317, 32.28560041404036, -4.3999998999998535
-6.992875921511501, 31.747381522864437, -4.3999998999998535
-10.389848532057467, 30.828666168743013, -4.3999998999998535
-13.659962056773116, 29.52895111937821, -4.3999998999998535
-16.759957742025748, 27.863628121145275, -4.3999998999998535
-19.655027214481265, 25.862927208094035, -4.3999998999998535
-22.322548892051937, 23.567246223516506, -4.3999998999998535
-24.749170103664245, 21.018110835061517, -4.3999998999998535
-26.902915164924227, 18.234877286596166, -4.3999998999998535
-28.74033628708265, 15.233618319013557, -4.3999998999998535
-30.22592373449988, 12.043632257613137, -4.3999998999998535
-31.335947551182965, 8.704326919022064, -4.3999998999998535
-32.063372048287704, 5.26125063189784, -4.3999998999998535
-32.41668629922722, 1.7597388836857244, -4.3999998999998535
-32.41668629908343, -1.7597388866089394, -4.3999998999998535
-32.0633720260092, -5.261250631882517, -4.3999998999998535
-31.33594756382051, -8.704326925969973, -4.3999998999998535
-30.22592374270157, -12.043632264268021, -4.3999998999998535
-28.7403362898982, -15.233618324216616, -4.3999998999998535
-26.90291512484399, -18.23487726248751, -4.3999998999998535
-24.749170101754363, -21.018110837279238, -4.3999998999998535
-22.322548889932623, -23.567246225535044, -4.3999998999998535
-19.6550272119921, -25.862927209660032, -4.3999998999998535
-16.759957750864338, -27.863628143397325, -4.3999998999998535
-13.659962058631185, -29.52895113189855, -4.3999998999998535
-10.389848532226571, -30.82866617060703, -4.3999998999998535
-6.9928759306420405, -31.747381567575417, -4.3999998999998535
-3.5151003541696517, -32.28560041404034, -4.3999998999998535
0.0, -32.459658873300754, -4.3999998999998535
0.0, -32.459658873300754, -4.3999998999998535
3.5151003541696673, -32.285600414040324, -4.3999998999998535
6.99287592151153, -31.747381522864384, -4.3999998999998535
10.389848532057485, -30.828666168742934, -4.3999998999998535
13.659962056773123, -29.528951119378128, -4.3999998999998535
16.759957742025737, -27.863628121145172, -4.3999998999998535
19.65502721448124, -25.862927208093915, -4.3999998999998535
22.3225488920519, -23.567246223516385, -4.3999998999998535
24.749170103664202, -21.018110835061396, -4.3999998999998535
26.90291516492419, -18.234877286596053, -4.3999998999998535
28.74033628708262, -15.233618319013452, -4.3999998999998535
30.2259237344999, -12.043632257613059, -4.3999998999998535
31.33594755118301, -8.704326919021998, -4.3999998999998535
32.06337204828775, -5.261250631897776, -4.3999998999998535
32.4166862992273, -1.7597388836856687, -4.3999998999998535
32.41668629908349, 1.7597388866089931, -4.3999998999998535
32.063372026009255, 5.2612506318825725, -4.3999998999998535
31.33594756382054, 8.704326925970012, -4.3999998999998535
30.225923742701582, 12.043632264268043, -4.3999998999998535
28.74033628989818, 15.233618324216621, -4.3999998999998535
26.90291512484399, 18.23487726248751, -4.3999998999998535
24.749170101754363, 21.018110837279238, -4.3999998999998535
22.322548889932623, 23.567246225535026, -4.3999998999998535
19.655027211992117, 25.86292720966003, -4.3999998999998535
16.759957750864373, 27.863628143397335, -4.3999998999998535
13.659962058631216, 29.52895113189854, -4.3999998999998535
10.389848532226612, 30.82866617060701, -4.3999998999998535
6.992875930642095, 31.747381567575406, -4.3999998999998535
3.5151003541697055, 32.28560041404034, -4.3999998999998535
-8.881784197001252e-16, 32.459658873300754, -4.3999998999998535
4.263256414560601e-14, 32.4019238463818, -4.499999899999853
-3.508758666508912, 32.22792027925789, -4.499999899999853
-6.980198954726456, 31.690173404980428, -4.499999899999853
-10.37096035370696, 30.772737292613275, -4.499999899999853
-13.635175125211322, 29.47531449163871, -4.499999899999853
-16.729744762461902, 27.813265166792064, -4.499999899999853
-19.61989120965222, 25.816578204655702, -4.499999899999853
-22.282843949855298, 23.52530110234008, -4.499999899999853
-24.70499708052042, 20.980662139603925, -4.499999899999853
-26.854487327795724, 18.202144895033577, -4.499999899999853
-28.688225105308664, 15.20605350067493, -4.499999899999853
-30.17101043949159, 12.021743557772174, -4.499999899999853
-31.279260087881045, 8.688517741482386, -4.499999899999853
-32.00584831574442, 5.251735722515731, -4.499999899999853
-32.3589550905586, 1.7565700077528617, -4.499999899999853
-32.35895509041433, -1.756570010680884, -4.499999899999853
-32.00584829370471, -5.251735722536078, -4.499999899999853
-31.279260100482258, -8.688517748425982, -4.499999899999853
-30.171010447694567, -12.021743564431604, -4.499999899999853
-28.688225108097033, -15.20605350586709, -4.499999899999853
-26.854487287986295, -18.202144871122805, -4.499999899999853
-24.70499707860763, -20.980662141825505, -4.499999899999853
-22.28284394773243, -23.525301104361873, -4.499999899999853
-19.619891207150218, -25.816578206212956, -4.499999899999853
-16.729744771060506, -27.813265188647076, -4.499999899999853
-13.635175127061803, -29.47531450415136, -4.499999899999853
-10.370960353895216, -30.77273729453639, -4.499999899999853
-6.9801989638198565, -31.690173449480316, -4.499999899999853
-3.5087586665089385, -32.22792027925784, -4.499999899999853
0.0, -32.4019238463818, -4.499999899999853
4.440892098500626e-16, -32.401923846381784, -4.499999899999853
3.5087586665089465, -32.22792027925783, -4.499999899999853
6.980198954726485, -31.69017340498037, -4.499999899999853
10.37096035370699, -30.772737292613222, -4.499999899999853
13.635175125211335, -29.47531449163863, -4.499999899999853
16.729744762461895, -27.81326516679196, -4.499999899999853
19.619891209652206, -25.816578204655585, -4.499999899999853
22.282843949855284, -23.52530110233997, -4.499999899999853
24.70499708052039, -20.980662139603805, -4.499999899999853
26.854487327795695, -18.20214489503347, -4.499999899999853
28.68822510530865, -15.206053500674836, -4.499999899999853
30.1710104394916, -12.021743557772094, -4.499999899999853
31.279260087881088, -8.688517741482327, -4.499999899999853
32.005848315744494, -5.251735722515682, -4.499999899999853
32.358955090558666, -1.7565700077528164, -4.499999899999853
32.35895509041438, 1.7565700106809266, -4.499999899999853
32.00584829370477, 5.251735722536111, -4.499999899999853
31.27926010048229, 8.688517748426012, -4.499999899999853
30.171010447694552, 12.02174356443161, -4.499999899999853
28.688225108097043, 15.2060535058671, -4.499999899999853
26.854487287986288, 18.202144871122805, -4.499999899999853
24.70499707860763, 20.98066214182552, -4.499999899999853
22.28284394773242, 23.525301104361873, -4.499999899999853
19.619891207150214, 25.816578206212952, -4.499999899999853
16.729744771060506, 27.813265188647062, -4.499999899999853
13.635175127061807, 29.475314504151342, -4.499999899999853
10.370960353895228, 30.772737294536377, -4.499999899999853
6.980198963819878, 31.690173449480312, -4.499999899999853
3.5087586665089767, 32.22792027925785, -4.499999899999853
-4.440892098500626e-16, 32.4019238463818, -4.499999899999853
4.263256414560601e-14, 32.344188819462836, -4.599999899999853
-3.5024169632286655, 32.17023990453647, -4.599999899999853
-6.9675219198093306, 31.632965011086895, -4.599999899999853
-10.352072143537432, 30.716808358426295, -4.599999899999853
-13.610388190413643, 29.42167783834471, -4.599999899999853
-16.699531670121086, 27.76290200327077, -4.599999899999853
-19.584755022919463, 25.7702289744563, -4.599999899999853
-22.243138984230267, 23.483355964100777, -4.599999899999853
-24.660823934571685, 20.943213325365633, -4.599999899999853
-26.806059231107326, 18.16941233005634, -4.599999899999853
-28.636113811788892, 15.17848863849583, -4.599999899999853
-30.11609714290735, 11.99985485435145, -4.599999899999853
-31.222572455236264, 8.6727085029549, -4.599999899999853
-31.948324271752547, 5.242220765236214, -4.599999899999853
-32.301223787795074, 1.7534011359557364, -4.599999899999853
-32.30122378765042, -1.7534011388866066, -4.599999899999853
-31.948324249950364, -5.242220765290108, -4.599999899999853
-31.222572467802348, -8.672708509892493, -4.599999899999853
-30.11609715111045, -11.99985486101298, -4.599999899999853
-28.63611381455413, -15.17848864367714, -4.599999899999853
-26.806059191568732, -18.169412306341, -4.599999899999853
-24.660823932657294, -20.943213327589586, -4.599999899999853
-22.243138982105233, -23.48335596612442, -4.599999899999853
-19.58475502040602, -25.770228976003363, -4.599999899999853
-16.699531678483368, -27.762902024731037, -4.599999899999853
-13.610388192258235, -29.42167785084877, -4.599999899999853
-10.352072143744747, -30.716808360407523, -4.599999899999853
-6.967521928862372, -31.63296505536009, -4.599999899999853
-3.5024169632287268, -32.17023990453647, -4.599999899999853
0.0, -32.34418881946282, -4.599999899999853
0.0, -32.34418881946282, -4.599999899999853
3.5024169632287054, -32.17023990453646, -4.599999899999853
6.9675219198093625, -31.632965011086824, -4.599999899999853
10.352072143537468, -30.716808358426245, -4.599999899999853
13.610388190413666, -29.42167783834462, -4.599999899999853
16.699531670121097, -27.762902003270664, -4.599999899999853
19.584755022919452, -25.770228974456167, -4.599999899999853
22.243138984230253, -23.48335596410064, -4.599999899999853
24.660823934571678, -20.94321332536551, -4.599999899999853
26.806059231107312, -18.16941233005622, -4.599999899999853
28.636113811788867, -15.178488638495704, -4.599999899999853
30.11609714290738, -11.999854854351355, -4.599999899999853
31.222572455236314, -8.672708502954814, -4.599999899999853
31.948324271752604, -5.242220765236134, -4.599999899999853
32.30122378779514, -1.7534011359556652, -4.599999899999853
32.30122378765049, 1.7534011388866741, -4.599999899999853
31.948324249950428, 5.24222076529017, -4.599999899999853
31.22257246780238, 8.672708509892555, -4.599999899999853
30.116097151110466, 11.999854861013036, -4.599999899999853
28.6361138145541, 15.17848864367717, -4.599999899999853
26.806059191568703, 18.16941230634103, -4.599999899999853
24.66082393265726, 20.9432133275896, -4.599999899999853
22.243138982105215, 23.48335596612444, -4.599999899999853
19.584755020406007, 25.770228976003388, -4.599999899999853
16.69953167848333, 27.762902024731027, -4.599999899999853
13.610388192258199, 29.42167785084874, -4.599999899999853
10.352072143744733, 30.716808360407537, -4.599999899999853
6.967521928862352, 31.632965055360085, -4.599999899999853
3.50241696322871, 32.17023990453647, -4.599999899999853
-4.440892098500626e-16, 32.344188819462836, -4.599999899999853
4.263256414560601e-14, 32.28645379254386, -4.6999998999998525
-3.496075244177075, 32.11255928841595, -4.6999998999998525
-6.954844816349773, 31.575756339812084, -4.6999998999998525
-10.333183901390745, 30.660879365933376, -4.6999998999998525
-13.585601252375458, 29.368041159381523, -4.6999998999998525
-16.66931846450961, 27.71253862954332, -4.6999998999998525
-19.549618653282145, 25.723879516136773, -4.6999998999998525
-22.20343399501791, 23.441410808669527, -4.6999998999998525
-24.616650665001647, 20.90576439161301, -4.6999998999998525
-26.75763087345056, 18.136679590815426, -4.6999998999998525
-28.584002406005727, 15.150923732306284, -4.6999998999998525
-30.061183844741613, 11.977966147332692, -4.6999998999998525
-31.165884652474134, 8.656899203113506, -4.6999998999998525
-31.89079991460443, 5.232705759719072, -4.6999998999998525
-32.24349239030056, 1.7502322682981837, -4.6999998999998525
-32.243492390155645, -1.7502322712299077, -4.6999998999998525
-31.89079989303853, -5.232705759804374, -4.6999998999998525
-31.16588466500627, -8.656899210043386, -4.6999998999998525
-30.061183852943664, -11.977966153993865, -4.6999998999998525
-28.58400240875197, -15.15092373747685, -4.6999998999998525
-26.757630834182784, -18.136679567293083, -4.6999998999998525
-24.61665066308693, -20.905764393837853, -4.6999998999998525
-22.203433992892123, -23.441410810693668, -4.6999998999998525
-19.54961865075867, -25.723879517672266, -4.6999998999998525
-16.669318472639223, -27.712538650611208, -4.6999998999998525
-13.5856012542158, -29.368041171876065, -4.6999998999998525
-10.333183901616943, -30.660879367971628, -4.6999998999998525
-6.954844825359114, -31.57575638384266, -4.6999998999998525
-3.4960752441771117, -32.112559288415945, -4.6999998999998525
0.0, -32.28645379254386, -4.6999998999998525
0.0, -32.28645379254386, -4.6999998999998525
3.496075244177113, -32.11255928841593, -4.6999998999998525
6.954844816349803, -31.575756339812028, -4.6999998999998525
10.333183901390768, -30.6608793659333, -4.6999998999998525
13.585601252375461, -29.368041159381413, -4.6999998999998525
16.66931846450961, -27.712538629543218, -4.6999998999998525
19.54961865328213, -25.723879516136652, -4.6999998999998525
22.20343399501787, -23.44141080866939, -4.6999998999998525
24.61665066500164, -20.9057643916129, -4.6999998999998525
26.757630873450548, -18.136679590815312, -4.6999998999998525
28.584002406005734, -15.150923732306184, -4.6999998999998525
30.061183844741645, -11.977966147332607, -4.6999998999998525
31.165884652474187, -8.656899203113431, -4.6999998999998525
31.89079991460449, -5.2327057597190025, -4.6999998999998525
32.24349239030065, -1.7502322682981166, -4.6999998999998525
32.243492390155716, 1.7502322712299774, -4.6999998999998525
31.89079989303859, 5.23270575980444, -4.6999998999998525
31.165884665006292, 8.656899210043434, -4.6999998999998525
30.06118385294366, 11.9779661539939, -4.6999998999998525
28.584002408751967, 15.150923737476875, -4.6999998999998525
26.757630834182773, 18.1366795672931, -4.6999998999998525
24.616650663086915, 20.905764393837867, -4.6999998999998525
22.203433992892123, 23.441410810693682, -4.6999998999998525
19.54961865075867, 25.723879517672273, -4.6999998999998525
16.669318472639247, 27.712538650611258, -4.6999998999998525
13.585601254215815, 29.368041171876104, -4.6999998999998525
10.333183901616943, 30.660879367971628, -4.6999998999998525
6.954844825359111, 31.57575638384266, -4.6999998999998525
3.496075244177111, 32.11255928841592, -4.6999998999998525
-4.440892098500626e-16, 32.28645379254386, -4.6999998999998525
4.263256414560601e-14, 32.228718765624905, -4.799999899999852
-3.4897335092006334, 32.05487842942425, -4.799999899999852
-6.942167643934235, 31.518547389775346, -4.799999899999852
-10.314295627107679, 30.604950314884363, -4.799999899999852
-13.560814311092134, 29.314404454633706, -4.799999899999852
-16.639105145130976, 27.66217504456488, -4.799999899999852
-19.51448209973222, 25.67752982832745, -4.799999899999852
-22.16372898205782, 23.399465635916027, -4.799999899999852
-24.57247727098675, 20.8683153376065, -4.799999899999852
-26.709202253406882, 18.103946676456445, -4.799999899999852
-28.531890887438518, 15.123358781935615, -4.799999899999852
-30.006270544988794, 11.956077436697523, -4.799999899999852
-31.109196678815483, 8.641089841629856, -4.799999899999852
-31.8332752425802, 5.223190705621101, -4.799999899999852
-32.18576089743334, 1.7470634047839046, -4.799999899999852
-32.185760897288255, -1.7470634077144722, -4.799999899999852
-31.833275221249313, -5.223190705735656, -4.799999899999852
-31.109196691314807, -8.641089848550253, -4.799999899999852
-30.00627055318857, -11.956077443355793, -4.799999899999852
-28.531890890169915, -15.123358787095455, -4.799999899999852
-26.709202214409952, -18.10394665312456, -4.799999899999852
-24.572477269073012, -20.86831533983064, -4.799999899999852
-22.163728979932802, -23.399465637939283, -4.799999899999852
-19.51448209720019, -25.6775298298499, -4.799999899999852
-16.63910515303175, -27.6621750652428, -4.799999899999852
-13.56081431293001, -29.314404467117807, -4.799999899999852
-10.31429562735266, -30.604950316978456, -4.799999899999852
-6.942167652896528, -31.518547433547027, -4.799999899999852
-3.4897335092006783, -32.05487842942423, -4.799999899999852
0.0, -32.228718765624905, -4.799999899999852
4.440892098500626e-16, -32.2287187656249, -4.799999899999852
3.4897335092006725, -32.05487842942423, -4.799999899999852
6.942167643934269, -31.518547389775293, -4.799999899999852
10.314295627107704, -30.604950314884285, -4.799999899999852
13.560814311092159, -29.314404454633642, -4.799999899999852
16.639105145130983, -27.662175044564773, -4.799999899999852
19.514482099732206, -25.677529828327316, -4.799999899999852
22.1637289820578, -23.399465635915902, -4.799999899999852
24.57247727098672, -20.868315337606376, -4.799999899999852
26.709202253406872, -18.10394667645633, -4.799999899999852
28.53189088743854, -15.123358781935524, -4.799999899999852
30.006270544988816, -11.95607743669744, -4.799999899999852
31.109196678815543, -8.641089841629789, -4.799999899999852
31.833275242580267, -5.223190705621042, -4.799999899999852
32.18576089743342, -1.747063404783848, -4.799999899999852
32.185760897288326, 1.7470634077145302, -4.799999899999852
31.83327522124939, 5.2231907057357105, -4.799999899999852
31.109196691314832, 8.641089848550294, -4.799999899999852
30.006270553188582, 11.95607744335583, -4.799999899999852
28.5318908901699, 15.123358787095482, -4.799999899999852
26.70920221440993, 18.10394665312458, -4.799999899999852
24.572477269073005, 20.86831533983067, -4.799999899999852
22.16372897993279, 23.399465637939304, -4.799999899999852
19.51448209720017, 25.677529829849917, -4.799999899999852
16.63910515303173, 27.662175065242803, -4.799999899999852
13.560814312929987, 29.314404467117818, -4.799999899999852
10.314295627352646, 30.604950316978464, -4.799999899999852
6.942167652896527, 31.518547433547027, -4.799999899999852
3.4897335092006707, 32.05487842942422, -4.799999899999852
-8.881784197001252e-16, 32.2287187656249, -4.799999899999852
4.263256414560601e-14, 32.17098373870595, -4.899999899999852
-3.4833917581441627, 31.997197326077615, -4.899999899999852
-6.929490402145955, 31.46133815958702, -4.899999899999852
-10.29540732052799, 30.549021205027763, -4.899999899999852
-13.536027366559185, 29.26076772398532, -4.899999899999852
-16.608891711485935, 27.611811247283754, -4.899999899999852
-19.479345361254396, 25.631179909647813, -4.899999899999852
-22.12402394518824, 23.357520445708722, -4.899999899999852
-24.528303751696203, 20.830866162600397, -4.899999899999852
-26.660773369547695, 18.07121358611954, -4.899999899999852
-28.479779255563443, 15.095793787212282, -4.899999899999852
-29.951357243643244, 11.934188722427383, -4.899999899999852
-31.052508533476495, 8.62528041817324, -4.899999899999852
-31.775750253947603, 5.213675602595994, -4.899999899999852
-32.12802930854592, 1.743894545416423, -4.899999899999852
-32.12802930840074, -1.7438945483438255, -4.899999899999852
-31.775750232850445, -5.213675602737643, -4.899999899999852
-31.05250854594406, -8.625280425082392, -4.899999899999852
-29.951357251839493, -11.934188729080253, -4.899999899999852
-28.479779258284033, -15.095793792361428, -4.899999899999852
-26.660773330821545, -18.071213562975625, -4.899999899999852
-24.52830374978475, -20.830866164822375, -4.899999899999852
-22.1240239430654, -23.357520447729716, -4.899999899999852
-19.47934535871521, -25.631179911155826, -4.899999899999852
-16.608891719161644, -27.611811267574247, -4.899999899999852
-13.53602736839622, -29.26076773645797, -4.899999899999852
-10.2954073207915, -30.549021207176416, -4.899999899999852
-6.929490411057703, -31.4613382030832, -4.899999899999852
-3.483391758144165, -31.9971973260776, -4.899999899999852
0.0, -32.170983738705935, -4.899999899999852
0.0, -32.170983738705935, -4.899999899999852
3.4833917581442, -31.997197326077583, -4.899999899999852
6.929490402145987, -31.461338159586965, -4.899999899999852
10.295407320528007, -30.549021205027664, -4.899999899999852
13.5360273665592, -29.260767723985236, -4.899999899999852
16.608891711485935, -27.61181124728365, -4.899999899999852
19.479345361254374, -25.631179909647685, -4.899999899999852
22.12402394518821, -23.357520445708587, -4.899999899999852
24.52830375169618, -20.83086616260028, -4.899999899999852
26.66077336954767, -18.07121358611943, -4.899999899999852
28.47977925556343, -15.095793787212184, -4.899999899999852
29.951357243643265, -11.934188722427306, -4.899999899999852
31.052508533476548, -8.625280418173173, -4.899999899999852
31.775750253947677, -5.213675602595938, -4.899999899999852
32.128029308546, -1.7438945454163708, -4.899999899999852
32.128029308400826, 1.743894548343871, -4.899999899999852
31.775750232850523, 5.213675602737681, -4.899999899999852
31.052508545944114, 8.625280425082414, -4.899999899999852
29.951357251839525, 11.934188729080256, -4.899999899999852
28.47977925828403, 15.095793792361416, -4.899999899999852
26.66077333082156, 18.071213562975615, -4.899999899999852
24.528303749784772, 20.830866164822368, -4.899999899999852
22.12402394306541, 23.357520447729698, -4.899999899999852
19.479345358715236, 25.63117991115582, -4.899999899999852
16.608891719161655, 27.611811267574197, -4.899999899999852
13.536027368396212, 29.260767736457872, -4.899999899999852
10.295407320791533, 30.549021207176402, -4.899999899999852
6.929490411057742, 31.461338203083194, -4.899999899999852
3.483391758144203, 31.99719732607759, -4.899999899999852
-8.881784197001252e-16, 32.17098373870595, -4.899999899999852
4.263256414560601e-14, 32.11324871178697, -4.999999899999851
-3.4770499908507726, 31.939515976880315, -4.999999899999851
-6.916813090564912, 31.40412864784836, -4.999999899999851
-10.276518981490323, 30.49309203611059, -4.999999899999851
-13.511240418772068, 29.207130967319515, -4.999999899999851
-16.578678163072382, 27.561447236641385, -4.999999899999851
-19.444208436826024, 25.58482975870651, -4.999999899999851
-22.08431888424582, 23.315575237914704, -4.999999899999851
-24.48413010629196, 20.793416865843014, -4.999999899999851
-26.612344220434114, 18.038480318939435, -4.999999899999851
-28.42766750985331, 15.068228747963932, -4.999999899999851
-29.896443940699317, 11.912300004503653, -4.999999899999851
-30.995820215668598, 8.609470932410671, -4.999999899999851
-31.718224946961893, 5.204160450294406, -4.999999899999851
-32.070297622984974, 1.7407256901991552, -4.999999899999851
-32.07029762283982, -1.7407256931212682, -4.999999899999851
-31.718224926097193, -5.204160450460863, -4.999999899999851
-30.995820228105465, -8.609470939306672, -4.999999899999851
-29.8964439488908, -11.912300011148455, -4.999999899999851
-28.427667512567282, -15.068228753102312, -4.999999899999851
-26.6123441819788, -18.038480295980857, -4.999999899999851
-24.484130104384203, -20.793416868061197, -4.999999899999851
-22.084318882126738, -23.315575239931984, -4.999999899999851
-19.444208434281236, -25.584829760198595, -4.999999899999851
-16.57867817052702, -27.561447256546952, -4.999999899999851
-13.511240420610058, -29.20713097977966, -4.999999899999851
-10.276518981772256, -30.493092038312422, -4.999999899999851
-6.916813099422664, -31.40412869105208, -4.999999899999851
-3.4770499908508135, -31.939515976880312, -4.999999899999851
0.0, -32.11324871178697, -4.999999899999851
0.0, -32.11324871178697, -4.999999899999851
3.477049990850815, -31.939515976880315, -4.999999899999851
6.916813090564948, -31.404128647848307, -4.999999899999851
10.276518981490353, -30.493092036110518, -4.999999899999851
13.511240418772095, -29.20713096731944, -4.999999899999851
16.578678163072393, -27.56144723664128, -4.999999899999851
19.444208436826017, -25.58482975870638, -4.999999899999851
22.084318884245814, -23.31557523791458, -4.999999899999851
24.48413010629195, -20.79341686584288, -4.999999899999851
26.612344220434107, -18.038480318939307, -4.999999899999851
28.427667509853286, -15.0682287479638, -4.999999899999851
29.896443940699367, -11.912300004503559, -4.999999899999851
30.995820215668658, -8.60947093241058, -4.999999899999851
31.718224946961968, -5.204160450294319, -4.999999899999851
32.07029762298505, -1.7407256901990695, -4.999999899999851
32.07029762283991, 1.7407256931213555, -4.999999899999851
31.71822492609727, 5.204160450460949, -4.999999899999851
30.995820228105522, 8.609470939306743, -4.999999899999851
29.896443948890845, 11.912300011148522, -4.999999899999851
28.427667512567265, 15.068228753102346, -4.999999899999851
26.61234418197878, 18.038480295980875, -4.999999899999851
24.48413010438419, 20.79341686806123, -4.999999899999851
22.08431888212672, 23.315575239932006, -4.999999899999851
19.444208434281226, 25.58482976019862, -4.999999899999851
16.578678170527052, 27.56144725654704, -4.999999899999851
13.5112404206101, 29.207130979779777, -4.999999899999851
10.27651898177224, 30.493092038312408, -4.999999899999851
6.91681309942266, 31.404128691052065, -4.999999899999851
3.4770499908508223, 31.939515976880315, -4.999999899999851
-4.440892098500626e-16, 32.11324871178697, -4.999999899999851
4.263256414560601e-14, 32.05551368486801, -5.099999899999851
-3.470708207161864, 31.881834380324708, -5.099999899999851
-6.904135708767816, 31.34691885315149, -5.099999899999851
-10.25763060983232, 30.437162807878593, -5.099999899999851
-13.486453467726358, 29.153494184518873, -5.099999899999851
-16.548464499385435, 27.511083011572257, -5.099999899999851
-19.40907132541711, 25.53847937410117, -5.099999899999851
-22.04461379906585, 23.27363001239981, -5.099999899999851
-24.43995633392866, 20.755967446576438, -5.099999899999851
-26.563914804617063, 18.005746874045272, -5.099999899999851
-28.375555649777752, 15.040663664017318, -5.099999899999851
-29.84153063615138, 11.890411282907511, -5.099999899999851
-30.939131724598518, 8.593661384006731, -5.099999899999851
-31.66069931986573, 5.19464524836376, -5.099999899999851
-32.01256584009136, 1.737556839135254, -5.099999899999851
-32.01256583994635, -1.7375568420500926, -5.099999899999851
-31.660699299232192, -5.194645248552894, -5.099999899999851
-30.939131737005688, -8.593661390887808, -5.099999899999851
-29.8415306443368, -11.890411289541722, -5.099999899999851
-28.37555565248925, -15.040663669145008, -5.099999899999851
-26.56391476643249, -18.00574685126949, -5.099999899999851
-24.439956332025883, -20.75596744878932, -5.099999899999851
-22.04461379695193, -23.273630014411967, -5.099999899999851
-19.409071322868172, -25.538479375575918, -5.099999899999851
-16.548464506622874, -27.511083031095538, -5.099999899999851
-13.48645346956695, -29.153494196965433, -5.099999899999851
-10.257630610132342, -30.437162810132033, -5.099999899999851
-6.904135717567911, -31.346918896045445, -5.099999899999851
-3.4707082071618998, -31.881834380324705, -5.099999899999851
0.0, -32.05551368486801, -5.099999899999851
0.0, -32.05551368486801, -5.099999899999851
3.4707082071619038, -31.881834380324694, -5.099999899999851
6.904135708767847, -31.34691885315143, -5.099999899999851
10.257630609832338, -30.437162807878494, -5.099999899999851
13.48645346772638, -29.153494184518795, -5.099999899999851
16.54846449938544, -27.51108301157214, -5.099999899999851
19.409071325417102, -25.538479374101044, -5.099999899999851
22.04461379906584, -23.27363001239968, -5.099999899999851
24.439956333928645, -20.755967446576314, -5.099999899999851
26.563914804617056, -18.005746874045144, -5.099999899999851
28.375555649777702, -15.040663664017183, -5.099999899999851
29.84153063615141, -11.890411282907424, -5.099999899999851
30.93913172459858, -8.593661384006653, -5.099999899999851
31.660699319865806, -5.19464524836369, -5.099999899999851
32.01256584009145, -1.7375568391351857, -5.099999899999851
32.012565839946426, 1.7375568420501537, -5.099999899999851
31.660699299232263, 5.194645248552951, -5.099999899999851
30.93913173700573, 8.593661390887862, -5.099999899999851
29.84153064433686, 11.890411289541781, -5.099999899999851
28.375555652489243, 15.040663669145024, -5.099999899999851
26.563914766432493, 18.005746851269503, -5.099999899999851
24.43995633202588, 20.755967448789317, -5.099999899999851
22.044613796951957, 23.273630014411975, -5.099999899999851
19.409071322868197, 25.538479375575918, -5.099999899999851
16.548464506622892, 27.511083031095538, -5.099999899999851
13.486453469566934, 29.153494196965376, -5.099999899999851
10.257630610132349, 30.43716281013203, -5.099999899999851
6.904135717567924, 31.34691889604544, -5.099999899999851
3.470708207161916, 31.88183438032471, -5.099999899999851
-8.881784197001252e-16, 32.05551368486801, -5.099999899999851
4.618527782440651e-14, 31.997778657949052, -5.199999899999851
-3.46436640691707, 31.82415253489088, -5.199999899999851
-6.891458256328048, 31.289708774079315, -5.199999899999851
-10.238742205390437, 30.381233520075845, -5.199999899999851
-13.46166651341764, 29.099857375465202, -5.199999899999851
-16.518250719917333, 27.460718571003845, -5.199999899999851
-19.373934025990184, 25.492128754418335, -5.199999899999851
-22.004908689482004, 23.231684769028476, -5.199999899999851
-24.39578243375344, 20.718517904036577, -5.199999899999851
-26.515485120637024, 17.973013250560683, -5.199999899999851
-28.323443674803137, 15.013098535198452, -5.199999899999851
-29.78661732999371, 11.868522557620068, -5.199999899999851
-30.88244305946815, 8.577851772623704, -5.199999899999851
-31.603173370889074, 5.185129996448419, -5.199999899999851
-31.954833959199988, 1.7343879922278107, -5.199999899999851
-31.954833959055193, -1.734387995133264, -5.199999899999851
-31.60317335048538, -5.1851299966579525, -5.199999899999851
-30.88244307184659, -8.577851779487952, -5.199999899999851
-29.786617338171798, -11.868522564241038, -5.199999899999851
-28.32344367751636, -15.013098540315406, -5.199999899999851
-26.515485082723178, -17.97301322796506, -5.199999899999851
-24.395782431857032, -20.71851790624254, -5.199999899999851
-22.004908687374797, -23.231684771034065, -5.199999899999851
-19.373934023438643, -25.492128755874262, -5.199999899999851
-16.518250726941627, -27.46071859014753, -5.199999899999851
-13.461666515262566, -29.099857387897057, -5.199999899999851
-10.238742205708316, -30.38123352237934, -5.199999899999851
-6.891458265066822, -31.28970881664584, -5.199999899999851
-3.464366406917116, -31.824152534890864, -5.199999899999851
0.0, -31.99777865794905, -5.199999899999851
0.0, -31.997778657949052, -5.199999899999851
3.464366406917114, -31.82415253489086, -5.199999899999851
6.891458256328083, -31.289708774079244, -5.199999899999851
10.238742205390476, -30.38123352007579, -5.199999899999851
13.461666513417663, -29.09985737546512, -5.199999899999851
16.51825071991734, -27.46071857100373, -5.199999899999851
19.373934025990174, -25.492128754418207, -5.199999899999851
22.004908689481994, -23.23168476902834, -5.199999899999851
24.39578243375344, -20.71851790403645, -5.199999899999851
26.51548512063702, -17.973013250560562, -5.199999899999851
28.3234436748032, -15.013098535198363, -5.199999899999851
29.786617329993756, -11.868522557619961, -5.199999899999851
30.882443059468226, -8.57785177262361, -5.199999899999851
31.603173370889163, -5.185129996448328, -5.199999899999851
31.95483395920008, -1.7343879922277234, -5.199999899999851
31.95483395905527, 1.734387995133346, -5.199999899999851
31.603173350485456, 5.185129996658029, -5.199999899999851
30.882443071846627, 8.577851779488023, -5.199999899999851
29.786617338171805, 11.868522564241104, -5.199999899999851
28.32344367751634, 15.013098540315456, -5.199999899999851
26.515485082723153, 17.9730132279651, -5.199999899999851
24.39578243185702, 20.718517906242578, -5.199999899999851
22.00490868737479, 23.23168477103411, -5.199999899999851
19.373934023438622, 25.49212875587429, -5.199999899999851
16.518250726941634, 27.460718590147593, -5.199999899999851
13.461666515262554, 29.099857387897078, -5.199999899999851
10.238742205708299, 30.38123352237935, -5.199999899999851
6.891458265066795, 31.28970881664585, -5.199999899999851
3.464366406917094, 31.824152534890874, -5.199999899999851
-4.440892098500626e-16, 31.997778657949052, -5.199999899999851
4.618527782440651e-14, 31.94004363103008, -5.29999989999985
-3.4580245899542708, 31.766470439046707, -5.29999989999985
-6.878780732815657, 31.232498409205423, -5.29999989999985
-10.219853768000137, 30.32530417244524, -5.29999989999985
-13.436879555841557, 29.046220540039624, -5.29999989999985
-16.488036824157447, 27.410353913856586, -5.29999989999985
-19.33879653750025, 25.445777898233334, -5.29999989999985
-21.965203555326493, 23.18973950766385, -5.29999989999985
-24.35160840490597, 20.681068237453037, -5.29999989999985
-26.467055167024036, 17.940279447603704, -5.29999989999985
-28.271331584392627, 14.985533361332505, -5.29999989999985
-29.731704022220637, 11.846633828622261, -5.29999989999985
-30.82575421947461, 8.562042097921433, -5.29999989999985
-31.54564709824905, 5.175614694189489, -5.29999989999985
-31.897101979639746, 1.7312191494796907, -5.29999989999985
-31.89710197949529, -1.7312191523736524, -5.29999989999985
-31.545647078073895, -5.1756146944171615, -5.29999989999985
-30.825754231825176, -8.562042104766926, -5.29999989999985
-29.731704030389977, -11.846633835227305, -5.29999989999985
-28.27133158711169, -14.985533366438654, -5.29999989999985
-26.467055129380842, -17.940279425185555, -5.29999989999985
-24.3516084030173, -20.68106823965047, -5.29999989999985
-21.965203553227525, -23.189739509661386, -5.29999989999985
-19.338796534947644, -25.44577789966898, -5.29999989999985
-16.48803683097272, -27.410353932623455, -5.29999989999985
-13.436879557692563, -29.046220552455623, -5.29999989999985
-10.219853768335565, -30.325304174796965, -5.29999989999985
-6.878780741489376, -31.232498451426533, -5.29999989999985
-3.458024589954361, -31.766470439046692, -5.29999989999985
0.0, -31.94004363103008, -5.29999989999985
0.0, -31.940043631030083, -5.29999989999985
3.458024589954316, -31.766470439046692, -5.29999989999985
6.878780732815694, -31.23249840920535, -5.29999989999985
10.219853768000174, -30.325304172445172, -5.29999989999985
13.436879555841587, -29.046220540039535, -5.29999989999985
16.488036824157465, -27.41035391385647, -5.29999989999985
19.338796537500254, -25.4457778982332, -5.29999989999985
21.96520355532647, -23.189739507663692, -5.29999989999985
24.351608404905967, -20.6810682374529, -5.29999989999985
26.467055167024043, -17.940279447603572, -5.29999989999985
28.271331584392655, -14.985533361332392, -5.29999989999985
29.731704022220676, -11.846633828622151, -5.29999989999985
30.82575421947469, -8.56204209792134, -5.29999989999985
31.545647098249137, -5.175614694189401, -5.29999989999985
31.89710197963984, -1.731219149479607, -5.29999989999985
31.897101979495375, 1.731219152373736, -5.29999989999985
31.54564707807398, 5.175614694417244, -5.29999989999985
30.825754231825265, 8.56204210476701, -5.29999989999985
29.731704030390016, 11.846633835227381, -5.29999989999985
28.27133158711165, 14.985533366438695, -5.29999989999985
26.467055129380814, 17.940279425185608, -5.29999989999985
24.351608403017273, 20.681068239650518, -5.29999989999985
21.965203553227507, 23.18973950966144, -5.29999989999985
19.338796534947615, 25.445777899669014, -5.29999989999985
16.488036830972725, 27.41035393262353, -5.29999989999985
13.436879557692558, 29.046220552455715, -5.29999989999985
10.21985376833552, 30.32530417479698, -5.29999989999985
6.878780741489322, 31.23249845142654, -5.29999989999985
3.4580245899543094, 31.766470439046696, -5.29999989999985
-8.881784197001252e-16, 31.940043631030083, -5.29999989999985
4.618527782440651e-14, 31.882308604111127, -5.39999989999985
-3.4516827561095496, 31.70878809124768, -5.39999989999985
-6.866103137797315, 31.17528775709406, -5.39999989999985
-10.200965297495712, 30.26937476472802, -5.39999989999985
-13.412092594993807, 28.99258367812251, -5.39999989999985
-16.457822811592294, 27.359989039043782, -5.39999989999985
-19.303658858894757, 25.39942680411019, -5.39999989999985
-21.925498396429944, 23.147794228167633, -5.39999989999985
-24.307434246518298, 20.643618446049064, -5.39999989999985
-26.418624942297566, 17.907545464286684, -5.39999989999985
-28.21921937800592, 14.957968142243752, -5.39999989999985
-29.676790712826385, 11.824745095894894, -5.39999989999985
-30.769065203810126, 8.546232359557354, -5.39999989999985
-31.488120500149858, 5.1660993412248555, -5.39999989999985
-31.839369900733466, 1.728050310893591, -5.39999989999985
-31.839369900589443, -1.7280503137739716, -5.39999989999985
-31.488120480201918, -5.166099341468424, -5.39999989999985
-30.769065216133683, -8.546232366382185, -5.39999989999985
-29.676790720985647, -11.82474510248139, -5.39999989999985
-28.219219380734955, -14.95796814733909, -5.39999989999985
-26.418624904924915, -17.907545442043403, -5.39999989999985
-24.307434244638703, -20.643618448236424, -5.39999989999985
-21.925498394340714, -23.147794230155743, -5.39999989999985
-19.303658856342572, -25.39942680552412, -5.39999989999985
-16.457822818202605, -27.359989057436678, -5.39999989999985
-13.412092596852531, -28.992583690521485, -5.39999989999985
-10.200965297848246, -30.269374767126145, -5.39999989999985
-6.866103146402031, -31.17528779895141, -5.39999989999985
-3.4516827561095815, -31.708788091247673, -5.39999989999985
0.0, -31.882308604111124, -5.39999989999985
0.0, -31.882308604111124, -5.39999989999985
3.451682756109593, -31.708788091247662, -5.39999989999985
6.866103137797349, -31.175287757093997, -5.39999989999985
10.200965297495742, -30.26937476472795, -5.39999989999985
13.412092594993835, -28.992583678122436, -5.39999989999985
16.457822811592305, -27.359989039043672, -5.39999989999985
19.303658858894746, -25.399426804110057, -5.39999989999985
21.925498396429926, -23.147794228167502, -5.39999989999985
24.307434246518277, -20.643618446048933, -5.39999989999985
26.418624942297562, -17.907545464286567, -5.39999989999985
28.21921937800589, -14.957968142243626, -5.39999989999985
29.676790712826417, -11.824745095894801, -5.39999989999985
30.769065203810193, -8.54623235955728, -5.39999989999985
31.488120500149947, -5.166099341224791, -5.39999989999985
31.839369900733566, -1.7280503108935314, -5.39999989999985
31.839369900589542, 1.728050313774034, -5.39999989999985
31.488120480202, 5.166099341468487, -5.39999989999985
30.76906521613376, 8.546232366382242, -5.39999989999985
29.676790720985682, 11.824745102481426, -5.39999989999985
28.219219380734966, 14.957968147339104, -5.39999989999985
26.418624904924933, 17.90754544204341, -5.39999989999985
24.307434244638724, 20.643618448236435, -5.39999989999985
21.92549839434073, 23.147794230155753, -5.39999989999985
19.303658856342583, 25.399426805524122, -5.39999989999985
16.45782281820265, 27.359989057436717, -5.39999989999985
13.412092596852561, 28.992583690521514, -5.39999989999985
10.200965297848267, 30.269374767126124, -5.39999989999985
6.866103146402061, 31.175287798951395, -5.39999989999985
3.4516827561096144, 31.70878809124766, -5.39999989999985
-4.440892098500626e-16, 31.882308604111127, -5.39999989999985
4.618527782440651e-14, 31.824573577192155, -5.49999989999985
-3.4453409052171677, 31.651105489936747, -5.49999989999985
-6.853425470836282, 31.118076816300068, -5.49999989999985
-10.182076793710351, 30.213445296664045, -5.49999989999985
-13.387305630870134, 28.938946789593555, -5.49999989999985
-16.427608681705465, 27.309623945471586, -5.49999989999985
-19.268520989113462, 25.353075470601485, -5.49999989999985
-21.885793212621472, 23.105848930400246, -5.49999989999985
-24.263259957714766, 20.606168529041508, -5.49999989999985
-26.370194444966426, 17.874811299716335, -5.49999989999985
-28.167107055099393, 14.930402877755641, -5.49999989999985
-29.621877401805214, 11.802856359418655, -5.49999989999985
-30.71237601166204, 8.53042255718647, -5.49999989999985
-31.43059357478266, 5.156583937189146, -5.49999989999985
-31.78163772179785, 1.7248814764720297, -5.49999989999985
-31.781637721654384, -1.7248814793367278, -5.49999989999985
-31.430593555060593, -5.156583937446339, -5.49999989999985
-30.71237602395939, -8.53042256398868, -5.49999989999985
-29.621877409953022, -11.8028563659839, -5.49999989999985
-28.16710705784262, -14.9304028828401, -5.49999989999985
-26.370194407864236, -17.874811277645186, -5.49999989999985
-24.26325995584566, -20.60616853121718, -5.49999989999985
-21.885793210543525, -23.105848932377437, -5.49999989999985
-19.268520986563274, -25.353075471992227, -5.49999989999985
-16.42760868811503, -27.309623963493394, -5.49999989999985
-13.387305632738299, -28.938946801974236, -5.49999989999985
-10.182076794079622, -30.213445299106546, -5.49999989999985
-6.853425479368086, -31.11807685777489, -5.49999989999985
-3.445340905217172, -31.651105489936754, -5.49999989999985
0.0, -31.824573577192155, -5.49999989999985
0.0, -31.824573577192158, -5.49999989999985
3.4453409052172117, -31.651105489936743, -5.49999989999985
6.8534254708363145, -31.11807681630001, -5.49999989999985
10.182076793710372, -30.213445296663963, -5.49999989999985
13.387305630870157, -28.938946789593487, -5.49999989999985
16.42760868170546, -27.30962394547148, -5.49999989999985
19.26852098911344, -25.353075470601357, -5.49999989999985
21.885793212621447, -23.105848930400125, -5.49999989999985
24.263259957714748, -20.606168529041394, -5.49999989999985
26.370194444966412, -17.874811299716225, -5.49999989999985
28.16710705509937, -14.930402877755533, -5.49999989999985
29.621877401805254, -11.802856359418586, -5.49999989999985
30.71237601166211, -8.53042255718641, -5.49999989999985
31.430593574782737, -5.1565839371890965, -5.49999989999985
31.781637721797942, -1.7248814764719864, -5.49999989999985
31.781637721654477, 1.724881479336763, -5.49999989999985
31.430593555060685, 5.156583937446376, -5.49999989999985
30.71237602395944, 8.5304225639887, -5.49999989999985
29.621877409953026, 11.802856365983898, -5.49999989999985
28.16710705784265, 14.930402882840106, -5.49999989999985
26.370194407864247, 17.87481127764518, -5.49999989999985
24.26325995584568, 20.60616853121717, -5.49999989999985
21.88579321054356, 23.10584893237743, -5.49999989999985
19.26852098656332, 25.353075471992213, -5.49999989999985
16.427608688115086, 27.309623963493415, -5.49999989999985
13.387305632738341, 28.938946801974215, -5.49999989999985
10.182076794079679, 30.21344529910654, -5.49999989999985
6.853425479368144, 31.118076857774867, -5.49999989999985
3.4453409052172295, 31.651105489936736, -5.49999989999985
-4.440892098500626e-16, 31.824573577192158, -5.49999989999985
4.618527782440651e-14, 31.766838550273185, -5.599999899999849
-3.4389990371095647, 31.593422633544314, -5.599999899999849
-6.840747731492374, 31.06086558536872, -5.599999899999849
-10.163188256476104, 30.15751576799162, -5.599999899999849
-13.362518663466343, 28.885309874331725, -5.599999899999849
-16.397394433977613, 27.25925863203891, -5.599999899999849
-19.23338292708841, 25.30672389624828, -5.599999899999849
-21.84608800372858, 23.06390361422066, -5.599999899999849
-24.219085537611992, 20.568718485640783, -5.599999899999849
-26.321763673528647, 17.84207695299363, -5.599999899999849
-28.114994615126072, 14.902837567690815, -5.599999899999849
-29.566964089151348, 11.780967619174131, -5.599999899999849
-30.655686642212764, 8.51461269046136, -5.599999899999849
-31.373066320325417, 5.147068481713725, -5.599999899999849
-31.723905442143398, 1.721712646217406, -5.599999899999849
-31.723905442000586, -1.7217126490641856, -5.599999899999849
-31.373066300827897, -5.14706848198215, -5.599999899999849
-30.655686654484658, -8.51461269723887, -5.599999899999849
-29.566964097286252, -11.780967625715302, -5.599999899999849
-28.114994617887728, -14.90283757276427, -5.599999899999849
-26.321763636696854, -17.84207693109183, -5.599999899999849
-24.219085535754793, -20.56871848780306, -5.599999899999849
-21.84608800166352, -23.063903616185403, -5.599999899999849
-19.233382924541868, -25.30672389761431, -5.599999899999849
-16.39739444019077, -27.259258649692587, -5.599999899999849
-13.36251866534572, -28.8853098866928, -5.599999899999849
-10.16318825686177, -30.157515770476415, -5.599999899999849
-6.840747739947309, -31.06086562644187, -5.599999899999849
-3.438999037109593, -31.593422633544264, -5.599999899999849
0.0, -31.766838550273185, -5.599999899999849
0.0, -31.766838550273185, -5.599999899999849
3.438999037109605, -31.59342263354426, -5.599999899999849
6.840747731492412, -31.060865585368653, -5.599999899999849
10.163188256476145, -30.15751576799157, -5.599999899999849
13.36251866346636, -28.885309874331636, -5.599999899999849
16.397394433977613, -27.259258632038794, -5.599999899999849
19.233382927088403, -25.306723896248148, -5.599999899999849
21.846088003728568, -23.06390361422053, -5.599999899999849
24.21908553761198, -20.568718485640655, -5.599999899999849
26.32176367352865, -17.84207695299351, -5.599999899999849
28.114994615126093, -14.902837567690712, -5.599999899999849
29.566964089151384, -11.780967619174039, -5.599999899999849
30.655686642212835, -8.514612690461279, -5.599999899999849
31.373066320325506, -5.147068481713648, -5.599999899999849
31.723905442143487, -1.72171264621733, -5.599999899999849
31.723905442000692, 1.7217126490642614, -5.599999899999849
31.373066300827983, 5.147068481982226, -5.599999899999849
30.655686654484754, 8.514612697238947, -5.599999899999849
29.566964097286263, 11.78096762571534, -5.599999899999849
28.114994617887746, 14.902837572764323, -5.599999899999849
26.321763636696843, 17.842076931091864, -5.599999899999849
24.21908553575479, 20.5687184878031, -5.599999899999849
21.846088001663524, 23.06390361618544, -5.599999899999849
19.233382924541864, 25.30672389761434, -5.599999899999849
16.39739444019074, 27.259258649692576, -5.599999899999849
13.362518665345664, 28.88530988669272, -5.599999899999849
10.163188256861757, 30.157515770476426, -5.599999899999849
6.840747739947294, 31.060865626441867, -5.599999899999849
3.4389990371095793, 31.593422633544268, -5.599999899999849
-4.440892098500626e-16, 31.766838550273185, -5.599999899999849
4.618527782440651e-14, 31.709103523354234, -5.699999899999849
-3.432657151617295, 31.53573952048782, -5.699999899999849
-6.828069919321934, 31.003654062835682, -5.699999899999849
-10.144299685623947, 30.101586178447725, -5.699999899999849
-13.337731692778252, 28.831672932215163, -5.699999899999849
-16.367180067886462, 27.20889309763736, -5.699999899999849
-19.198244671743872, 25.26037207957998, -5.699999899999849
-21.80638276957717, 23.021958279486412, -5.699999899999849
-24.174910985318704, 20.5312683150507, -5.699999899999849
-26.27333262647146, 17.80934242321375, -5.699999899999849
-28.062882057535603, 14.875272211871037, -5.699999899999849
-29.512050774858942, 11.759078875141705, -5.699999899999849
-30.59899709463974, 8.49880275903207, -5.699999899999849
-31.315538734942848, 5.13755297442655, -5.699999899999849
-31.66617306107432, 1.7185438201318395, -5.699999899999849
-31.666173060932277, -1.7185438229585415, -5.699999899999849
-31.31553871566852, -5.137552974703883, -5.699999899999849
-30.598997106886898, -8.498802765782838, -5.699999899999849
-29.512050782979557, -11.759078881656032, -5.699999899999849
-28.062882060319893, -14.875272216933373, -5.699999899999849
-26.273332589909945, -17.809342401478528, -5.699999899999849
-24.174910983474852, -20.53126831719795, -5.699999899999849
-21.806382767526603, -23.02195828143723, -5.699999899999849
-19.198244669202573, -25.26037208091983, -5.699999899999849
-16.36718007390753, -27.208893114925935, -5.699999899999849
-13.337731694670548, -28.83167294455531, -5.699999899999849
-10.144299686025517, -30.10158618097253, -5.699999899999849
-6.828069927695886, -31.00365410348769, -5.699999899999849
-3.432657151617343, -31.53573952048779, -5.699999899999849
0.0, -31.709103523354226, -5.699999899999849
0.0, -31.70910352335423, -5.699999899999849
3.4326571516173363, -31.535739520487788, -5.699999899999849
6.82806991932197, -31.00365406283563, -5.699999899999849
10.144299685623977, -30.101586178447658, -5.699999899999849
13.337731692778274, -28.831672932215078, -5.699999899999849
16.36718006788647, -27.208893097637254, -5.699999899999849
19.198244671743865, -25.26037207957986, -5.699999899999849
21.806382769577173, -23.0219582794863, -5.699999899999849
24.1749109853187, -20.531268315050582, -5.699999899999849
26.27333262647146, -17.809342423213636, -5.699999899999849
28.062882057535635, -14.875272211870945, -5.699999899999849
29.512050774859006, -11.759078875141626, -5.699999899999849
30.598997094639824, -8.498802759032001, -5.699999899999849
31.315538734942947, -5.137552974426484, -5.699999899999849
31.666173061074407, -1.7185438201317713, -5.699999899999849
31.666173060932394, 1.7185438229586156, -5.699999899999849
31.315538715668616, 5.137552974703946, -5.699999899999849
30.598997106886937, 8.498802765782886, -5.699999899999849
29.512050782979614, 11.759078881656086, -5.699999899999849
28.06288206031991, 14.875272216933421, -5.699999899999849
26.27333258990995, 17.809342401478556, -5.699999899999849
24.17491098347486, 20.531268317197974, -5.699999899999849
21.806382767526607, 23.02195828143725, -5.699999899999849
19.198244669202577, 25.260372080919854, -5.699999899999849
16.367180073907548, 27.20889311492598, -5.699999899999849
13.337731694670556, 28.831672944555326, -5.699999899999849
10.144299686025512, 30.10158618097252, -5.699999899999849
6.828069927695888, 31.003654103487687, -5.699999899999849
3.4326571516173474, 31.535739520487773, -5.699999899999849
-4.440892098500626e-16, 31.70910352335423, -5.699999899999849
4.263256414560601e-14, 31.651368496435275, -5.7999998999998486
-3.4263152485690576, 31.478056149172037, -5.7999998999998486
-6.815392033877811, 30.946442247227022, -5.7999998999998486
-10.125411080983646, 30.045656527767658, -5.7999998999998486
-13.312944718801802, 28.77803596312137, -5.7999998999998486
-16.336965582906792, 27.158527341151203, -5.7999998999998486
-19.163106221996266, 25.214020019114226, -5.7999998999998486
-21.766677509991617, 22.980012926053664, -5.7999998999998486
-24.130736299935748, 20.49381801646848, -5.7999998999998486
-26.22490130227115, 17.776607709466063, -5.7999998999998486
-28.01076938177428, 14.847706810117241, -5.7999998999998486
-29.457137458922244, 11.737190127301659, -5.7999998999998486
-30.542307368115434, 8.482992762546155, -5.7999998999998486
-31.258010816786243, 5.128037414952222, -5.7999998999998486
-31.608440577888484, 1.7153749982172892, -5.7999998999998486
-31.608440577747334, -1.7153750010217492, -5.7999998999998486
-31.25801079773376, -5.1280374152361246, -5.7999998999998486
-30.542307380338475, -8.482992769268117, -5.7999998999998486
-29.457137467027017, -11.737190133786344, -5.7999998999998486
-28.010769384585323, -14.847706815168339, -5.7999998999998486
-26.224901265979756, -17.776607687894636, -5.7999998999998486
-24.130736298106633, -20.493818018599047, -5.7999998999998486
-21.766677507957077, -22.980012927989033, -5.7999998999998486
-19.163106219461813, -25.214020020426403, -5.7999998999998486
-16.33696558874016, -27.15852735807781, -5.7999998999998486
-13.312944720708712, -28.778035975439206, -5.7999998999998486
-10.125411081400607, -30.045656530330138, -5.7999998999998486
-6.815392042166565, -30.946442287437993, -5.7999998999998486
-3.4263152485691104, -31.47805614917201, -5.7999998999998486
0.0, -31.651368496435275, -5.7999998999998486
4.440892098500626e-16, -31.651368496435275, -5.7999998999998486
3.4263152485690984, -31.478056149171994, -5.7999998999998486
6.815392033877848, -30.94644224722696, -5.7999998999998486
10.125411080983687, -30.045656527767598, -5.7999998999998486
13.312944718801827, -28.778035963121273, -5.7999998999998486
16.336965582906814, -27.158527341151093, -5.7999998999998486
19.16310622199627, -25.214020019114095, -5.7999998999998486
21.76667750999162, -22.98001292605353, -5.7999998999998486
24.13073629993575, -20.49381801646835, -5.7999998999998486
26.224901302271157, -17.776607709465935, -5.7999998999998486
28.010769381774278, -14.84770681011711, -5.7999998999998486
29.4571374589223, -11.737190127301554, -5.7999998999998486
30.54230736811553, -8.482992762546063, -5.7999998999998486
31.258010816786342, -5.12803741495213, -5.7999998999998486
31.608440577888604, -1.7153749982171973, -5.7999998999998486
31.60844057774742, 1.7153750010218491, -5.7999998999998486
31.25801079773385, 5.128037415236222, -5.7999998999998486
30.542307380338528, 8.482992769268202, -5.7999998999998486
29.457137467027064, 11.737190133786429, -5.7999998999998486
28.010769384585316, 14.847706815168397, -5.7999998999998486
26.224901265979742, 17.77660768789469, -5.7999998999998486
24.130736298106616, 20.4938180185991, -5.7999998999998486
21.766677507957056, 22.98001292798908, -5.7999998999998486
19.163106219461785, 25.214020020426457, -5.7999998999998486
16.336965588740163, 27.158527358077915, -5.7999998999998486
13.312944720708696, 28.778035975439302, -5.7999998999998486
10.125411081400557, 30.045656530330152, -5.7999998999998486
6.815392042166508, 30.946442287437996, -5.7999998999998486
3.426315248569059, 31.478056149172033, -5.7999998999998486
-8.881784197001252e-16, 31.651368496435275, -5.7999998999998486
4.618527782440651e-14, 31.59363346951631, -5.899999899999848
-3.4199733277916136, 31.42037251798856, -5.899999899999848
-6.80271407470929, 30.889230137059, -5.899999899999848
-10.106522442383854, 29.989726815685337, -5.899999899999848
-13.288157741532919, 28.72439896692703, -5.899999899999848
-16.306750978510387, 27.10816136145732, -5.899999899999848
-19.12796757675406, 25.167667713356785, -5.899999899999848
-21.72697222479453, 22.938067553777042, -5.899999899999848
-24.0865614805559, 20.456367589084685, -5.899999899999848
-26.176469699392914, 17.74387281083407, -5.899999899999848
-27.958656587284725, 14.820141362249409, -5.899999899999848
-29.402224141335346, 11.715301375634112, -5.899999899999848
-30.485617461807266, 8.467182700648664, -5.899999899999848
-31.200482563993397, 5.118521802911959, -5.899999899999848
-31.55070799187736, 1.7122061804755413, -5.899999899999848
-31.550707991737205, -1.7122061832555593, -5.899999899999848
-31.200482545161368, -5.118521803200061, -5.899999899999848
-30.485617474006787, -8.467182707339715, -5.899999899999848
-29.402224149422796, -11.715301382086327, -5.899999899999848
-27.95865659012679, -14.820141367289137, -5.899999899999848
-26.176469663371524, -17.7438727894236, -5.899999899999848
-24.086561478742965, -20.456367591196887, -5.899999899999848
-21.726972222777636, -22.938067555695454, -5.899999899999848
-19.127967574228084, -25.167667714639784, -5.899999899999848
-16.30675098416051, -27.10816137802513, -5.899999899999848
-13.28815774345618, -28.724398979221178, -5.899999899999848
-10.10652244281567, -29.989726818282985, -5.899999899999848
-6.802714082908562, -30.88923017680864, -5.899999899999848
-3.4199733277916713, -31.420372517988547, -5.899999899999848
0.0, -31.593633469516302, -5.899999899999848
0.0, -31.593633469516305, -5.899999899999848
3.4199733277916575, -31.42037251798854, -5.899999899999848
6.802714074709324, -30.889230137058927, -5.899999899999848
10.106522442383891, -29.989726815685287, -5.899999899999848
13.288157741532943, -28.724398966926948, -5.899999899999848
16.3067509785104, -27.108161361457213, -5.899999899999848
19.127967576754052, -25.167667713356654, -5.899999899999848
21.726972224794533, -22.93806755377693, -5.899999899999848
24.086561480555893, -20.45636758908456, -5.899999899999848
26.17646969939292, -17.743872810833953, -5.899999899999848
27.958656587284732, -14.820141362249297, -5.899999899999848
29.40222414133539, -11.715301375634024, -5.899999899999848
30.48561746180734, -8.467182700648587, -5.899999899999848
31.20048256399349, -5.118521802911888, -5.899999899999848
31.55070799187747, -1.7122061804754705, -5.899999899999848
31.550707991737312, 1.7122061832556235, -5.899999899999848
31.20048254516147, 5.118521803200124, -5.899999899999848
30.48561747400687, 8.467182707339779, -5.899999899999848
29.402224149422835, 11.715301382086379, -5.899999899999848
27.958656590126804, 14.820141367289189, -5.899999899999848
26.176469663371524, 17.743872789423648, -5.899999899999848
24.086561478742954, 20.45636759119692, -5.899999899999848
21.726972222777636, 22.93806755569549, -5.899999899999848
19.127967574228077, 25.16766771463981, -5.899999899999848
16.306750984160455, 27.108161378025077, -5.899999899999848
13.28815774345614, 28.724398979221142, -5.899999899999848
10.106522442815645, 29.989726818282993, -5.899999899999848
6.802714082908541, 30.889230176808645, -5.899999899999848
3.419973327791651, 31.42037251798855, -5.899999899999848
-4.440892098500626e-16, 31.593633469516305, -5.899999899999848
4.263256414560601e-14, 31.535898442597336, -5.999999899999848
-3.4136313891098267, 31.362688625315975, -5.999999899999848
-6.790036041362099, 30.832017730838025, -5.999999899999848
-10.087633769652069, 29.933797041933154, -5.999999899999848
-13.263370760967643, 28.670761943508122, -5.999999899999848
-16.27653625416603, 27.05779515742508, -5.999999899999848
-19.09282873491773, 25.12131516080139, -5.999999899999848
-21.687266913806994, 22.896122162509794, -5.999999899999848
-24.042386526263833, 20.418917032083108, -5.999999899999848
-26.128037816290867, 17.71113772639537, -5.999999899999848
-27.906543673506278, 14.792575868086757, -5.999999899999848
-29.3473108220924, 11.693412620119066, -5.999999899999848
-30.42892737487753, 8.451372572982077, -5.999999899999848
-31.14295397468842, 5.109006137923512, -5.999999899999848
-31.492975302325924, 1.709037366908165, -5.999999899999848
-31.492975302186874, -1.7090373696615297, -5.999999899999848
-31.14295395607549, -5.109006138213435, -5.999999899999848
-30.428927387054085, -8.451372579640099, -5.999999899999848
-29.34731083016099, -11.693412626535968, -5.999999899999848
-27.90654367638357, -14.792575873114995, -5.999999899999848
-26.128037780539298, -17.711137705143027, -5.999999899999848
-24.0423865244685, -20.418917034175276, -5.999999899999848
-21.687266911809328, -22.896122164409718, -5.999999899999848
-19.09282873240188, -25.121315162053737, -5.999999899999848
-16.27653625963737, -27.057795173637313, -5.999999899999848
-13.263370762908917, -28.670761955777106, -5.999999899999848
-10.087633770098101, -29.933797044563303, -5.999999899999848
-6.790036049467465, -30.832017770105697, -5.999999899999848
-3.413631389109832, -31.362688625315943, -5.999999899999848
0.0, -31.535898442597336, -5.999999899999848
4.440892098500626e-16, -31.535898442597336, -5.999999899999848
3.413631389109864, -31.36268862531593, -5.999999899999848
6.79003604136213, -30.832017730837954, -5.999999899999848
10.08763376965209, -29.93379704193306, -5.999999899999848
13.26337076096767, -28.670761943508047, -5.999999899999848
16.276536254166036, -27.05779515742497, -5.999999899999848
19.092828734917724, -25.121315160801263, -5.999999899999848
21.687266913806983, -22.896122162509666, -5.999999899999848
24.042386526263822, -20.418917032082987, -5.999999899999848
26.128037816290874, -17.71113772639526, -5.999999899999848
27.906543673506274, -14.792575868086649, -5.999999899999848
29.347310822092446, -11.693412620118988, -5.999999899999848
30.42892737487761, -8.451372572982011, -5.999999899999848
31.142953974688517, -5.109006137923453, -5.999999899999848
31.492975302326027, -1.7090373669081163, -5.999999899999848
31.492975302186967, 1.7090373696615806, -5.999999899999848
31.142953956075587, 5.1090061382134815, -5.999999899999848
30.42892738705417, 8.451372579640141, -5.999999899999848
29.347310830161042, 11.693412626536, -5.999999899999848
27.906543676383585, 14.792575873115013, -5.999999899999848
26.12803778053932, 17.711137705143035, -5.999999899999848
24.04238652446852, 20.418917034175283, -5.999999899999848
21.68726691180934, 22.896122164409714, -5.999999899999848
19.092828732401898, 25.12131516205374, -5.999999899999848
16.27653625963748, 27.05779517363744, -5.999999899999848
13.263370762909028, 28.670761955777287, -5.999999899999848
10.087633770098135, 29.9337970445633, -5.999999899999848
6.790036049467501, 30.832017770105686, -5.999999899999848
3.413631389109872, 31.362688625315943, -5.999999899999848
-8.881784197001252e-16, 31.535898442597336, -5.999999899999848
4.618527782440651e-14, 31.478163415678384, -6.0999998999998475
-3.407289432346557, 31.305004469519425, -6.0999998999998475
-6.777357933378335, 30.77480502706068, -6.0999998999998475
-10.068745062614544, 29.877867206241852, -6.0999998999998475
-13.23858377710204, 28.61712489273989, -6.0999998999998475
-16.246321409339455, 27.007428727916363, -6.0999998999998475
-19.057689695379675, 25.07496235992972, -6.0999998999998475
-21.647561576848304, 22.854176752103612, -6.0999998999998475
-23.99821143613601, 20.381466344640756, -6.0999998999998475
-26.079605651407853, 17.67840245522163, -6.0999998999998475
-27.854430639874696, 14.76501032744762, -6.0999998999998475
-29.29239750118747, 11.671523860736393, -6.0999998999998475
-30.372237106483464, 8.43556237918635, -6.0999998999998475
-31.085425046981698, 5.099490419601176, -6.0999998999998475
-31.435242508512555, 1.7058685575165682, -6.0999998999998475
-31.43524250837474, -1.705868560240975, -6.0999998999998475
-31.08542502858649, -5.0994904198904445, -6.0999998999998475
-30.372237118637536, -8.435562385809085, -6.0999998999998475
-29.292397509235695, -11.671523867115019, -6.0999998999998475
-27.854430642791474, -14.765010332464113, -6.0999998999998475
-26.079605615925978, -17.678402434124443, -6.0999998999998475
-23.998211434359792, -20.381466346711132, -6.0999998999998475
-21.647561574871546, -22.854176753983467, -6.0999998999998475
-19.057689692875666, -25.074962361149844, -6.0999998999998475
-16.2463214146367, -27.007428743776337, -6.0999998999998475
-13.238583779063118, -28.617124904982152, -6.0999998999998475
-10.068745063074283, -29.87786720890176, -6.0999998999998475
-6.777357941385424, -30.774805065825277, -6.0999998999998475
-3.407289432346605, -31.30500446951939, -6.0999998999998475
0.0, -31.478163415678377, -6.0999998999998475
4.440892098500626e-16, -31.478163415678377, -6.0999998999998475
3.4072894323465976, -31.305004469519382, -6.0999998999998475
6.777357933378372, -30.774805027060616, -6.0999998999998475
10.068745062614576, -29.877867206241774, -6.0999998999998475
13.238583777102056, -28.61712489273979, -6.0999998999998475
16.246321409339462, -27.00742872791625, -6.0999998999998475
19.057689695379672, -25.074962359929597, -6.0999998999998475
21.6475615768483, -22.854176752103484, -6.0999998999998475
23.998211436136003, -20.381466344640632, -6.0999998999998475
26.07960565140786, -17.678402455221516, -6.0999998999998475
27.85443063987475, -14.76501032744753, -6.0999998999998475
29.292397501187523, -11.671523860736304, -6.0999998999998475
30.37223710648355, -8.435562379186276, -6.0999998999998475
31.085425046981797, -5.0994904196011, -6.0999998999998475
31.43524250851267, -1.7058685575164914, -6.0999998999998475
31.43524250837485, 1.705868560241046, -6.0999998999998475
31.085425028586577, 5.099490419890512, -6.0999998999998475
30.372237118637617, 8.435562385809149, -6.0999998999998475
29.292397509235748, 11.671523867115075, -6.0999998999998475
27.854430642791513, 14.765010332464154, -6.0999998999998475
26.079605615925992, 17.678402434124468, -6.0999998999998475
23.99821143435981, 20.381466346711157, -6.0999998999998475
21.647561574871563, 22.854176753983484, -6.0999998999998475
19.05768969287568, 25.07496236114986, -6.0999998999998475
16.246321414636707, 27.007428743776327, -6.0999998999998475
13.238583779063088, 28.61712490498205, -6.0999998999998475
10.0687450630743, 29.87786720890177, -6.0999998999998475
6.7773579413854375, 30.77480506582527, -6.0999998999998475
3.407289432346624, 31.305004469519393, -6.0999998999998475
-4.440892098500626e-16, 31.478163415678384, -6.0999998999998475
4.618527782440651e-14, 31.420428388759408, -6.199999899999847
-3.4009474573227245, 31.247320048950744, -6.199999899999847
-6.764679750296478, 30.717592024213477, -6.199999899999847
-10.049856321096454, 29.82193730834079, -6.199999899999847
-13.213796789932221, 28.56348781449669, -6.199999899999847
-16.216106443493395, 26.9570620717854, -6.199999899999847
-19.022550457024163, 25.028609309211163, -6.199999899999847
-21.607856213736163, 22.812231322408703, -6.199999899999847
-23.954036209240623, 20.34401552592771, -6.199999899999847
-26.031173203175392, 17.645666996378456, -6.199999899999847
-27.802317485822254, 14.737444740149412, -6.199999899999847
-29.237484178614682, 11.649635097465776, -6.199999899999847
-30.31554665577712, 8.419752118898781, -6.199999899999847
-31.027895778969704, 5.089974647555662, -6.199999899999847
-31.377509609709044, 1.7026997523018612, -6.199999899999847
-31.37750960957257, -1.702699754995107, -6.199999899999847
-31.027895760790813, -5.089974647841904, -6.199999899999847
-30.31554666790915, -8.419752125484079, -6.199999899999847
-29.237484186640902, -11.649635103803254, -6.199999899999847
-27.802317488782705, -14.73744474515402, -6.199999899999847
-26.031173167963008, -17.64566697543355, -6.199999899999847
-23.954036207484968, -20.344015527974612, -6.199999899999847
-21.607856211781943, -22.812231324266968, -6.199999899999847
-19.022550454533665, -25.028609310397574, -6.199999899999847
-16.21610644862116, -26.95706208729654, -6.199999899999847
-13.213796791914799, -28.563487826710737, -6.199999899999847
-10.049856321569171, -29.821937311027554, -6.199999899999847
-6.7646797582006615, -30.717592062453537, -6.199999899999847
-3.40094745732275, -31.247320048950712, -6.199999899999847
0.0, -31.420428388759408, -6.199999899999847
0.0, -31.420428388759408, -6.199999899999847
3.4009474573227663, -31.2473200489507, -6.199999899999847
6.764679750296515, -30.717592024213424, -6.199999899999847
10.04985632109648, -29.8219373083407, -6.199999899999847
13.213796789932248, -28.563487814496604, -6.199999899999847
16.216106443493405, -26.957062071785295, -6.199999899999847
19.02255045702417, -25.02860930921104, -6.199999899999847
21.60785621373616, -22.812231322408568, -6.199999899999847
23.954036209240634, -20.344015525927592, -6.199999899999847
26.0311732031754, -17.645666996378342, -6.199999899999847
27.802317485822304, -14.737444740149323, -6.199999899999847
29.237484178614746, -11.649635097465689, -6.199999899999847
30.31554665577721, -8.419752118898707, -6.199999899999847
31.02789577896981, -5.089974647555594, -6.199999899999847
31.37750960970916, -1.702699752301796, -6.199999899999847
31.377509609572687, 1.702699754995166, -6.199999899999847
31.02789576079092, 5.089974647841957, -6.199999899999847
30.315546667909206, 8.41975212548412, -6.199999899999847
29.237484186640973, 11.649635103803298, -6.199999899999847
27.802317488782727, 14.737444745154047, -6.199999899999847
26.031173167963026, 17.645666975433574, -6.199999899999847
23.954036207485, 20.344015527974644, -6.199999899999847
21.607856211781947, 22.812231324266982, -6.199999899999847
19.022550454533675, 25.028609310397588, -6.199999899999847
16.21610644862117, 26.957062087296528, -6.199999899999847
13.213796791914767, 28.56348782671064, -6.199999899999847
10.049856321569182, 29.821937311027547, -6.199999899999847
6.764679758200675, 30.717592062453527, -6.199999899999847
3.4009474573227694, 31.247320048950712, -6.199999899999847
-4.440892098500626e-16, 31.420428388759408, -6.199999899999847
4.263256414560601e-14, 31.362693361840453, -6.299999899999847
-3.3946054638572196, 31.189635361948174, -6.299999899999847
-6.75200149165131, 30.66037872077294, -6.299999899999847
-10.030967544921692, 29.76600734795764, -6.299999899999847
-13.189009799454407, 28.50985070865226, -6.299999899999847
-16.185891356087502, 26.906695187878846, -6.299999899999847
-18.987411018727236, 24.982256007102787, -6.299999899999847
-21.568150824286516, 22.770285873273764, -6.299999899999847
-23.9098608446375, 20.306564575107164, -6.299999899999847
-25.982740470013553, 17.612931348925475, -6.299999899999847
-27.75020421077762, 14.709879106008739, -6.299999899999847
-29.182570854368063, 11.62774633028681, -6.299999899999847
-30.258856021905373, 8.403941791754123, -6.299999899999847
-30.9703661687349, 5.0804588213942035, -6.299999899999847
-31.319776605180426, 1.699530951265053, -6.299999899999847
-31.31977660504543, -1.699530953924798, -6.299999899999847
-30.97036615077093, -5.080458821674903, -6.299999899999847
-30.25885603401573, -8.403941798299684, -6.299999899999847
-29.182570862370678, -11.627746336580143, -6.299999899999847
-27.750204213785963, -14.709879111001182, -6.299999899999847
-25.982740435070486, -17.61293132812986, -6.299999899999847
-23.90986084290388, -20.30656457712882, -6.299999899999847
-21.568150822356486, -22.770285875108847, -6.299999899999847
-18.987411016251965, -24.98225600825393, -6.299999899999847
-16.1858913610505, -26.906695203044535, -6.299999899999847
-13.189009801460205, -28.509850720836432, -6.299999899999847
-10.030967545406742, -29.76600735066827, -6.299999899999847
-6.75200149944797, -30.660378758466525, -6.299999899999847
-3.394605463857262, -31.18963536194814, -6.299999899999847
0.0, -31.362693361840453, -6.299999899999847
4.440892098500626e-16, -31.362693361840453, -6.299999899999847
3.3946054638572605, -31.189635361948135, -6.299999899999847
6.752001491651347, -30.66037872077288, -6.299999899999847
10.030967544921731, -29.76600734795759, -6.299999899999847
13.189009799454428, -28.509850708652152, -6.299999899999847
16.185891356087517, -26.90669518787873, -6.299999899999847
18.987411018727244, -24.982256007102656, -6.299999899999847
21.568150824286526, -22.770285873273636, -6.299999899999847
23.9098608446375, -20.30656457510703, -6.299999899999847
25.98274047001357, -17.612931348925347, -6.299999899999847
27.750204210777625, -14.709879106008607, -6.299999899999847
29.18257085436813, -11.627746330286714, -6.299999899999847
30.258856021905466, -8.40394179175403, -6.299999899999847
30.970366168735016, -5.080458821394115, -6.299999899999847
31.319776605180554, -1.699530951264962, -6.299999899999847
31.31977660504554, 1.699530953924886, -6.299999899999847
30.970366150771028, 5.080458821674985, -6.299999899999847
30.258856034015782, 8.403941798299751, -6.299999899999847
29.182570862370696, 11.627746336580197, -6.299999899999847
27.750204213785963, 14.709879111001232, -6.299999899999847
25.98274043507048, 17.612931328129907, -6.299999899999847
23.90986084290388, 20.306564577128874, -6.299999899999847
21.56815082235649, 22.77028587510891, -6.299999899999847
18.98741101625195, 24.982256008253973, -6.299999899999847
16.185891361050537, 26.90669520304466, -6.299999899999847
13.189009801460209, 28.509850720836535, -6.299999899999847
10.030967545406716, 29.766007350668282, -6.299999899999847
6.752001499447943, 30.660378758466532, -6.299999899999847
3.394605463857232, 31.189635361948117, -6.299999899999847
-4.440892098500626e-16, 31.362693361840453, -6.299999899999847
4.263256414560601e-14, 31.304958334921483, -6.399999899999846
-3.388263451766898, 31.13195040683627, -6.399999899999846
-6.739323156973897, 30.603165115205368, -6.399999899999846
-10.01207873391303, 29.710077324818716, -6.399999899999846
-13.164222805664815, 28.456213575079413, -6.399999899999846
-16.15567614657834, 26.85632807503554, -6.399999899999846
-18.952271379356656, 24.935902452049152, -6.399999899999846
-21.528445408313615, 22.728340404545946, -6.399999899999846
-23.86568534137792, 20.269113491335194, -6.399999899999846
-25.93430745033088, 17.580195511916145, -6.399999899999846
-27.69809081416579, 14.682313424841187, -6.399999899999846
-29.127657528441652, 11.605857559178892, -6.399999899999846
-30.202165204009855, 8.388131397384424, -6.399999899999846
-30.912836214345624, 5.070942940720352, -6.399999899999846
-31.262043494184997, 1.6963621544068352, -6.399999899999846
-31.26204349405158, -1.6963621570308116, -6.399999899999846
-30.912836196595162, -5.070942940993055, -6.399999899999846
-30.202165216098873, -8.388131403887972, -6.399999899999846
-29.127657536419033, -11.605857565425096, -6.399999899999846
-27.69809081722635, -14.682313429821292, -6.399999899999846
-25.93430741565691, -17.580195491266846, -6.399999899999846
-23.865685339667838, -20.26911349332987, -6.399999899999846
-21.528445406409443, -22.728340406356267, -6.399999899999846
-18.95227137689832, -24.935902453163507, -6.399999899999846
-16.15567615138135, -26.856328089859353, -6.399999899999846
-13.164222807695555, -28.456213587232128, -6.399999899999846
-10.012078734409632, -29.71007732754996, -6.399999899999846
-6.7393231646582565, -30.60316515233016, -6.399999899999846
-3.3882634517669232, -31.13195040683625, -6.399999899999846
0.0, -31.304958334921483, -6.399999899999846
0.0, -31.304958334921483, -6.399999899999846
3.388263451766938, -31.131950406836243, -6.399999899999846
6.739323156973931, -30.603165115205307, -6.399999899999846
10.012078733913059, -29.710077324818634, -6.399999899999846
13.164222805664851, -28.456213575079342, -6.399999899999846
16.155676146578358, -26.85632807503544, -6.399999899999846
18.95227137935666, -24.935902452049024, -6.399999899999846
21.528445408313605, -22.728340404545804, -6.399999899999846
23.865685341377915, -20.269113491335055, -6.399999899999846
25.934307450330895, -17.580195511916028, -6.399999899999846
27.698090814165806, -14.682313424841077, -6.399999899999846
29.127657528441716, -11.605857559178798, -6.399999899999846
30.202165204009955, -8.388131397384338, -6.399999899999846
30.912836214345724, -5.070942940720271, -6.399999899999846
31.262043494185107, -1.6963621544067526, -6.399999899999846
31.262043494051692, 1.6963621570308944, -6.399999899999846
30.91283619659526, 5.070942940993138, -6.399999899999846
30.202165216098937, 8.38813140388805, -6.399999899999846
29.127657536419054, 11.605857565425154, -6.399999899999846
27.69809081722638, 14.682313429821363, -6.399999899999846
25.934307415656917, 17.580195491266895, -6.399999899999846
23.86568533966785, 20.269113493329915, -6.399999899999846
21.528445406409446, 22.72834040635631, -6.399999899999846
18.952271376898324, 24.93590245316354, -6.399999899999846
16.15567615138133, 26.856328089859367, -6.399999899999846
13.164222807695543, 28.45621358723217, -6.399999899999846
10.012078734409615, 29.71007732754998, -6.399999899999846
6.739323164658239, 30.60316515233017, -6.399999899999846
3.3882634517669157, 31.131950406836264, -6.399999899999846
-4.440892098500626e-16, 31.304958334921483, -6.399999899999846
4.263256414560601e-14, 31.24722330800253, -6.499999899999846
-3.3819214205984967, 31.074265181953503, -6.499999899999846
-6.726644745264538, 30.545951206079803, -6.499999899999846
-9.993189887125082, 29.654147238904535, -6.499999899999846
-13.139435807582233, 28.402576414104622, -6.499999899999846
-16.12546081412006, 26.805960734221905, -6.499999899999846
-18.917131535635864, 24.88954864240041, -6.499999899999846
-21.488739963645067, 22.686394916725472, -6.499999899999846
-23.821509697876575, 20.231662276036595, -6.499999899999846
-25.885874110996163, 17.54745946563706, -6.499999899999846
-27.645977345173254, 14.654747725074312, -6.499999899999846
-29.072744200696643, 11.583968784455179, -6.499999899999846
-30.14547420106138, 8.372320936025735, -6.499999899999846
-30.855305898585055, 5.06142700433365, -6.499999899999846
-31.204310275855583, 1.693193362910903, -6.499999899999846
-31.204310275855587, -1.6931933629108245, -6.499999899999846
-30.85530591570729, -5.061427006510138, -6.499999899999846
-30.14547421093385, -8.372320941149392, -6.499999899999846
-29.072744180761838, -11.583968779384948, -6.499999899999846
-27.645977298482954, -14.65474770150834, -6.499999899999846
-25.88587415345957, -17.547459494800872, -6.499999899999846
-23.821509697876582, -20.231662276036513, -6.499999899999846
-21.48873996364508, -22.686394916725405, -6.499999899999846
-18.91713153563587, -24.88954864240034, -6.499999899999846
-16.1254607872801, -26.805960693437086, -6.499999899999846
-13.139435782468208, -28.402576363345077, -6.499999899999846
-9.993189887632482, -29.65414724165316, -6.499999899999846
-6.72664475283174, -30.545951242613032, -6.499999899999846
-3.3819214205985118, -31.07426518195349, -6.499999899999846
0.0, -31.24722330800253, -6.499999899999846
4.440892098500626e-16, -31.24722330800253, -6.499999899999846
3.381921420598537, -31.074265181953475, -6.499999899999846
6.726644745264571, -30.54595120607973, -6.499999899999846
9.993189887125132, -29.654147238904518, -6.499999899999846
13.139435807582256, -28.40257641410455, -6.499999899999846
16.125460814120068, -26.805960734221802, -6.499999899999846
18.91713153563586, -24.889548642400293, -6.499999899999846
21.488739963645063, -22.68639491672535, -6.499999899999846
23.821509697876568, -20.231662276036474, -6.499999899999846
25.88587411099617, -17.547459465636955, -6.499999899999846
27.645977345173293, -14.654747725074223, -6.499999899999846
29.072744200696707, -11.583968784455106, -6.499999899999846
30.14547420106147, -8.372320936025671, -6.499999899999846
30.855305898585186, -5.061427004333592, -6.499999899999846
31.204310275855697, -1.693193362910843, -6.499999899999846
31.204310275855715, 1.6931933629108868, -6.499999899999846
30.855305915707405, 5.061427006510197, -6.499999899999846
30.145474210933937, 8.372320941149447, -6.499999899999846
29.072744180761894, 11.583968779384987, -6.499999899999846
27.645977298482983, 14.654747701508356, -6.499999899999846
25.885874153459536, 17.54745949480085, -6.499999899999846
23.821509697876596, 20.231662276036523, -6.499999899999846
21.4887399636451, 22.686394916725412, -6.499999899999846
18.917131535635892, 24.889548642400346, -6.499999899999846
16.12546078728012, 26.80596069343709, -6.499999899999846
13.13943578246824, 28.4025763633451, -6.499999899999846
9.993189887632509, 29.654147241653167, -6.499999899999846
6.726644752831767, 30.545951242613025, -6.499999899999846
3.3819214205985433, 31.074265181953482, -6.499999899999846
0.0, 31.24722330800253, -6.499999899999846
4.263256414560601e-14, 31.189488281083563, -6.599999899999846
-3.375579370705144, 31.01657968554076, -6.599999899999846
-6.713966257109242, 30.488736991614406, -6.599999899999846
-9.974301005924175, 29.59821708942211, -6.599999899999846
-13.114648807173753, 28.348939224683285, -6.599999899999846
-16.095245358728356, 26.755593159892662, -6.599999899999846
-18.88199149069934, 24.843194576711237, -6.599999899999846
-21.44903449410197, 22.64444940834637, -6.599999899999846
-23.777333914421867, 20.194210923755822, -6.599999899999846
-25.837440513647937, 17.514723246745735, -6.599999899999846
-27.593863703123915, 14.627181948962717, -6.599999899999846
-29.017830871394764, 11.562080005421707, -6.599999899999846
-30.088783012524704, 8.356510406081817, -6.599999899999846
-30.79777525029944, 5.051911013444994, -6.599999899999846
-31.146576949677534, 1.690024574392456, -6.599999899999846
-31.146576949677538, -1.6900245743924074, -6.599999899999846
-30.797775267160397, -5.05191101559042, -6.599999899999846
-30.08878302234668, -8.35651041115953, -6.599999899999846
-29.01783085174059, -11.56208000042293, -6.599999899999846
-27.593863657059046, -14.627181925716513, -6.599999899999846
-25.837440555546536, -17.514723275515408, -6.599999899999846
-23.777333914421863, -20.19421092375575, -6.599999899999846
-21.449034494101962, -22.644449408346297, -6.599999899999846
-18.881991490699328, -24.843194576711163, -6.599999899999846
-16.09524533216114, -26.75559311949457, -6.599999899999846
-13.114648782397403, -28.348939174601146, -6.599999899999846
-9.974301006441515, -29.598217092184576, -6.599999899999846
-6.713966264554327, -30.4887370275329, -6.599999899999846
-3.375579370705139, -31.016579685540762, -6.599999899999846
0.0, -31.18948828108356, -6.599999899999846
4.440892098500626e-16, -31.18948828108356, -6.599999899999846
3.3755793707051884, -31.01657968554075, -6.599999899999846
6.713966257109277, -30.488736991614335, -6.599999899999846
9.97430100592422, -29.598217089422075, -6.599999899999846
13.114648807173785, -28.348939224683228, -6.599999899999846
16.095245358728363, -26.755593159892552, -6.599999899999846
18.88199149069934, -24.843194576711113, -6.599999899999846
21.449034494101973, -22.64444940834625, -6.599999899999846
23.777333914421867, -20.1942109237557, -6.599999899999846
25.837440513647945, -17.514723246745625, -6.599999899999846
27.593863703123944, -14.627181948962624, -6.599999899999846
29.017830871394843, -11.562080005421635, -6.599999899999846
30.088783012524793, -8.356510406081753, -6.599999899999846
30.797775250299598, -5.051911013444941, -6.599999899999846
31.14657694967765, -1.6900245743923992, -6.599999899999846
31.146576949677662, 1.6900245743924716, -6.599999899999846
30.797775267160503, 5.051911015590481, -6.599999899999846
30.08878302234675, 8.356510411159574, -6.599999899999846
29.017830851740655, 11.562080000422968, -6.599999899999846
27.59386365705909, 14.627181925716545, -6.599999899999846
25.83744055554654, 17.514723275515422, -6.599999899999846
23.77733391442189, 20.19421092375578, -6.599999899999846
21.44903449410197, 22.644449408346308, -6.599999899999846
18.88199149069935, 24.843194576711184, -6.599999899999846
16.095245332161173, 26.755593119494588, -6.599999899999846
13.114648782397413, 28.34893917460114, -6.599999899999846
9.974301006441536, 29.59821709218457, -6.599999899999846
6.713966264554352, 30.488737027532892, -6.599999899999846
3.375579370705165, 31.016579685540755, -6.599999899999846
-8.881784197001252e-16, 31.18948828108356, -6.599999899999846
4.263256414560601e-14, 31.131753254164604, -6.699999899999845
-3.369237301625331, 30.95889391590886, -6.699999899999845
-6.70128769149272, 30.43152247035912, -6.699999899999845
-9.955412089350899, 29.542286876352698, -6.699999899999845
-13.089861803443533, 28.295302007147164, -6.699999899999845
-16.065029779586375, 26.705225353097376, -6.699999899999845
-18.846851241243254, 24.79684025333378, -6.699999899999845
-21.40932899746865, 22.602503879904898, -6.699999899999845
-23.733157989414465, 20.15675943594794, -6.699999899999845
-25.78900662493507, 17.48198683541945, -6.699999899999845
-27.541749937726546, 14.599616125246241, -6.699999899999845
-28.962917540395157, 11.540191222396398, -6.699999899999845
-30.032091637357528, 8.340699807792529, -6.699999899999845
-30.740244251971156, 5.042394966831035, -6.699999899999845
-31.0888435147659, 1.6868557900524586, -6.699999899999845
-31.088843514765912, -1.6868557900523675, -6.699999899999845
-30.74024426857724, -5.042394968946182, -6.699999899999845
-30.03209164711902, -8.340699812819505, -6.699999899999845
-28.962917521037554, -11.540191217473044, -6.699999899999845
-27.541749892325786, -14.599616102339166, -6.699999899999845
-25.789006666272044, -17.48198686379727, -6.699999899999845
-23.7331579894145, -20.156759435947848, -6.699999899999845
-21.409328997468677, -22.602503879904802, -6.699999899999845
-18.84685124124328, -24.796840253333677, -6.699999899999845
-16.06502975331758, -26.70522531312582, -6.699999899999845
-13.089861779025476, -28.295301957784112, -6.699999899999845
-9.95541208987737, -29.542286879125363, -6.699999899999845
-6.701287698810699, -30.431522505639222, -6.699999899999845
-3.369237301625376, -30.958893915908817, -6.699999899999845
0.0, -31.131753254164604, -6.699999899999845
4.440892098500626e-16, -31.1317532541646, -6.699999899999845
3.3692373016253705, -30.95889391590881, -6.699999899999845
6.701287691492757, -30.431522470359052, -6.699999899999845
9.95541208935094, -29.542286876352637, -6.699999899999845
13.089861803443569, -28.295302007147086, -6.699999899999845
16.065029779586393, -26.705225353097266, -6.699999899999845
18.846851241243268, -24.796840253333652, -6.699999899999845
21.409328997468663, -22.602503879904773, -6.699999899999845
23.733157989414483, -20.156759435947823, -6.699999899999845
25.78900662493509, -17.481986835419335, -6.699999899999845
27.541749937726603, -14.599616125246143, -6.699999899999845
28.962917540395228, -11.540191222396304, -6.699999899999845
30.03209163735762, -8.340699807792443, -6.699999899999845
30.740244251971262, -5.0423949668309564, -6.699999899999845
31.08884351476602, -1.6868557900523844, -6.699999899999845
31.088843514766026, 1.68685579005244, -6.699999899999845
30.740244268577346, 5.042394968946254, -6.699999899999845
30.032091647119103, 8.34069981281957, -6.699999899999845
28.9629175210376, 11.540191217473106, -6.699999899999845
27.541749892325786, 14.599616102339212, -6.699999899999845
25.78900666627207, 17.48198686379734, -6.699999899999845
23.733157989414504, 20.156759435947905, -6.699999899999845
21.40932899746867, 22.602503879904837, -6.699999899999845
18.846851241243282, 24.796840253333713, -6.699999899999845
16.06502975331759, 26.705225313125865, -6.699999899999845
13.089861779025457, 28.29530195778411, -6.699999899999845
9.955412089877354, 29.542286879125385, -6.699999899999845
6.7012876988106775, 30.431522505639222, -6.699999899999845
3.369237301625351, 30.95889391590882, -6.699999899999845
-4.440892098500626e-16, 31.1317532541646, -6.699999899999845
4.263256414560601e-14, 31.074018227245638, -6.799999899999845
-3.362895213167508, 30.90120787132608, -6.799999899999845
-6.688609047930825, 30.374307640738834, -6.799999899999845
-9.936523137223084, 29.486356599416105, -6.799999899999845
-13.065074796388098, 28.24166476136591, -6.799999899999845
-16.034814076138208, 26.654857312643426, -6.799999899999845
-18.811710786101518, 24.75048567066143, -6.799999899999845
-21.369623473552284, 22.56055833124181, -6.799999899999845
-23.688981921870884, 20.11930781174018, -6.799999899999845
-25.740572443218923, 17.449250230686786, -6.799999899999845
-27.489636048391386, 14.57205025373681, -6.799999899999845
-28.908004207691757, 11.518302435358004, -6.799999899999845
-29.9754000746802, 8.324889140779083, -6.799999899999845
-30.682712901610763, 5.032878864080501, -6.799999899999845
-31.031109970351018, 1.6836870098906527, -6.799999899999845
-31.03110997035103, -1.6836870098905712, -6.799999899999845
-30.68271291796831, -5.032878866166262, -6.799999899999845
-29.975400084370893, -8.324889145750557, -6.799999899999845
-28.90800418864675, -11.518302430514211, -6.799999899999845
-27.4896360036936, -14.572050231188438, -6.799999899999845
-25.74057248399738, -17.449250258675125, -6.799999899999845
-23.688981921870898, -20.11930781174009, -6.799999899999845
-21.3696234735523, -22.560558331241726, -6.799999899999845
-18.811710786101532, -24.750485670661348, -6.799999899999845
-16.034814050193614, -26.654857273138635, -6.799999899999845
-13.065074772349055, -28.241664712764113, -6.799999899999845
-9.936523137757717, -29.48635660219523, -6.799999899999845
-6.688609055116471, -30.37430767535647, -6.799999899999845
-3.362895213167532, -30.90120787132606, -6.799999899999845
0.0, -31.074018227245634, -6.799999899999845
4.440892098500626e-16, -31.074018227245634, -6.799999899999845
3.3628952131675485, -30.901207871326058, -6.799999899999845
6.688609047930859, -30.374307640738774, -6.799999899999845
9.936523137223116, -29.486356599416037, -6.799999899999845
13.06507479638813, -28.24166476136585, -6.799999899999845
16.03481407613822, -26.654857312643315, -6.799999899999845
18.81171078610152, -24.750485670661313, -6.799999899999845
21.36962347355229, -22.560558331241705, -6.799999899999845
23.688981921870887, -20.119307811740065, -6.799999899999845
25.740572443218934, -17.44925023068667, -6.799999899999845
27.4896360483914, -14.572050253736704, -6.799999899999845
28.908004207691835, -11.518302435357933, -6.799999899999845
29.975400074680287, -8.324889140779018, -6.799999899999845
30.68271290161087, -5.032878864080435, -6.799999899999845
31.031109970351142, -1.683687009890586, -6.799999899999845
31.031109970351135, 1.6836870098906294, -6.799999899999845
30.68271291796842, 5.032878866166322, -6.799999899999845
29.975400084370992, 8.324889145750618, -6.799999899999845
28.908004188646796, 11.518302430514252, -6.799999899999845
27.489636003693636, 14.57205023118848, -6.799999899999845
25.740572483997436, 17.449250258675175, -6.799999899999845
23.688981921870933, 20.11930781174013, -6.799999899999845
21.36962347355231, 22.56055833124174, -6.799999899999845
18.811710786101557, 24.750485670661366, -6.799999899999845
16.034814050193628, 26.654857273138642, -6.799999899999845
13.065074772349083, 28.241664712764123, -6.799999899999845
9.936523137757733, 29.48635660219521, -6.799999899999845
6.688609055116494, 30.374307675356466, -6.799999899999845
3.3628952131675476, 30.901207871326054, -6.799999899999845
-8.881784197001252e-16, 31.074018227245638, -6.799999899999845
4.263256414560601e-14, 31.016283200326676, -6.899999899999845
-3.356553105137967, 30.843521550046507, -6.899999899999845
-6.675930325935485, 30.317092501167853, -6.899999899999845
-9.917634149357271, 29.430426258330545, -6.899999899999845
-13.040287786004011, 28.188027487208476, -6.899999899999845
-16.004598247824678, 26.604489037330147, -6.899999899999845
-18.77657012409929, 24.704130827074525, -6.899999899999845
-21.329917922158142, 22.51861276219628, -6.899999899999845
-23.64480571079857, 20.081856050252405, -6.899999899999845
-25.692137966848687, 17.41651343157002, -6.899999899999845
-27.437522034524708, 14.54448433424544, -6.899999899999845
-28.85309087327849, 11.496413644285274, -6.899999899999845
-29.91870832360758, 8.30907840466007, -6.899999899999845
-30.625181197213923, 5.023362704778421, -6.899999899999845
-30.973376315656, 1.6805182339066558, -6.899999899999845
-30.973376315656008, -1.6805182339065368, -6.899999899999845
-30.625181213329302, -5.0233627068356075, -6.899999899999845
-29.918708333216852, -8.30907840957107, -6.899999899999845
-28.853090854562243, -11.496413639525086, -6.899999899999845
-27.437521990569255, -14.544484312075467, -6.899999899999845
-25.6921380070718, -17.41651345917116, -6.899999899999845
-23.644805710798618, -20.08185605025228, -6.899999899999845
-21.329917922158188, -22.51861276219615, -6.899999899999845
-18.776570124099344, -24.704130827074394, -6.899999899999845
-16.004598222230353, -26.604488998332616, -6.899999899999845
-13.04028776236501, -28.18802743941042, -6.899999899999845
-9.917634149899197, -29.430426261112213, -6.899999899999845
-6.675930332983628, -30.317092535098453, -6.899999899999845
-3.3565531051380635, -30.84352155004649, -6.899999899999845
0.0, -31.016283200326676, -6.899999899999845
0.0, -31.016283200326676, -6.899999899999845
3.3565531051380093, -30.843521550046482, -6.899999899999845
6.675930325935523, -30.31709250116779, -6.899999899999845
9.917634149357314, -29.430426258330485, -6.899999899999845
13.040287786004058, -28.188027487208416, -6.899999899999845
16.004598247824696, -26.60448903733003, -6.899999899999845
18.7765701240993, -24.70413082707439, -6.899999899999845
21.32991792215816, -22.518612762196156, -6.899999899999845
23.644805710798583, -20.08185605025228, -6.899999899999845
25.692137966848712, -17.416513431569904, -6.899999899999845
27.437522034524743, -14.544484334245332, -6.899999899999845
28.853090873278568, -11.49641364428518, -6.899999899999845
29.918708323607678, -8.309078404659981, -6.899999899999845
30.62518119721401, -5.023362704778334, -6.899999899999845
30.973376315656136, -1.6805182339065696, -6.899999899999845
30.973376315656115, 1.6805182339066265, -6.899999899999845
30.62518121332941, 5.0233627068357, -6.899999899999845
29.918708333216927, 8.309078409571152, -6.899999899999845
28.853090854562293, 11.496413639525164, -6.899999899999845
27.437521990569266, 14.544484312075527, -6.899999899999845
25.692138007071723, 17.416513459171167, -6.899999899999845
23.644805710798614, 20.08185605025234, -6.899999899999845
21.329917922158177, 22.518612762196216, -6.899999899999845
18.77657012409932, 24.70413082707445, -6.899999899999845
16.004598222230307, 26.604488998332645, -6.899999899999845
13.04028776236498, 28.18802743941049, -6.899999899999845
9.91763414989915, 29.43042626111223, -6.899999899999845
6.675930332983574, 30.31709253509847, -6.899999899999845
3.356553105138009, 30.843521550046525, -6.899999899999845
-4.440892098500626e-16, 31.016283200326676, -6.899999899999845
4.263256414560601e-14, 30.95854817340771, -6.999999899999844
-3.3502109773407995, 30.78583495030953, -6.999999899999844
-6.663251525014716, 30.25987705004983, -6.999999899999844
-9.898745125568785, 29.37449585281264, -6.999999899999844
-13.01550077228797, 28.134390184542994, -6.999999899999844
-15.974382294083444, 26.554120525948754, -6.999999899999844
-18.74142925405302, 24.65777572094007, -6.999999899999844
-21.290212343089674, 22.476667172605737, -6.999999899999844
-23.600629355195963, 20.04440415059696, -6.999999899999844
-25.64370319416145, 17.383776437085032, -6.999999899999844
-27.38540789552917, 14.516918366582214, -6.999999899999844
-28.798177537149243, 11.474524849156662, -6.999999899999844
-29.862016383249102, 8.293267599051166, -6.999999899999844
-30.567649136761457, 5.013846488505887, -6.999999899999844
-30.91564254989672, 1.6773494620997333, -6.999999899999844
-30.91564254989672, -1.6773494620996536, -6.999999899999844
-30.56764915264099, -5.013846490535425, -6.999999899999844
-29.86201639276601, -8.293267603896735, -6.999999899999844
-28.798177518778033, -11.47452484448428, -6.999999899999844
-27.38540785235567, -14.516918344810586, -6.999999899999844
-25.643703233832312, -17.383776464301356, -6.999999899999844
-23.60062935519599, -20.044404150596872, -6.999999899999844
-21.29021234308968, -22.476667172605637, -6.999999899999844
-18.741429254053042, -24.65777572093998, -6.999999899999844
-15.974382268865547, -26.554120487499436, -6.999999899999844
-13.015500749070046, -28.134390137591623, -6.999999899999844
-9.898745126116891, -29.3744958555928, -6.999999899999844
-6.663251531919867, -30.259877083268425, -6.999999899999844
-3.350210977340851, -30.78583495030953, -6.999999899999844
0.0, -30.95854817340771, -6.999999899999844
0.0, -30.95854817340771, -6.999999899999844
3.350210977340844, -30.78583495030953, -6.999999899999844
6.663251525014752, -30.25987705004976, -6.999999899999844
9.898745125568828, -29.37449585281258, -6.999999899999844
13.015500772288002, -28.134390184542905, -6.999999899999844
15.974382294083469, -26.554120525948644, -6.999999899999844
18.74142925405304, -24.657775720939945, -6.999999899999844
21.29021234308968, -22.476667172605598, -6.999999899999844
23.60062935519599, -20.044404150596836, -6.999999899999844
25.64370319416148, -17.3837764370849, -6.999999899999844
27.38540789552924, -14.516918366582107, -6.999999899999844
28.79817753714932, -11.47452484915656, -6.999999899999844
29.862016383249205, -8.293267599051072, -6.999999899999844
30.567649136761606, -5.013846488505797, -6.999999899999844
30.915642549896837, -1.6773494620996365, -6.999999899999844
30.91564254989684, 1.677349462099751, -6.999999899999844
30.56764915264108, 5.013846490535526, -6.999999899999844
29.862016392766062, 8.293267603896838, -6.999999899999844
28.798177518778072, 11.474524844484382, -6.999999899999844
27.38540785235569, 14.51691834481068, -6.999999899999844
25.643703233832348, 17.383776464301466, -6.999999899999844
23.600629355195995, 20.044404150596964, -6.999999899999844
21.290212343089667, 22.47666717260571, -6.999999899999844
18.74142925405301, 24.65777572094004, -6.999999899999844
15.974382268865513, 26.55412048749949, -6.999999899999844
13.015500749069998, 28.134390137591662, -6.999999899999844
9.898745126116829, 29.374495855592837, -6.999999899999844
6.663251531919794, 30.259877083268442, -6.999999899999844
3.350210977340772, 30.78583495030953, -6.999999899999844
-4.440892098500626e-16, 30.95854817340771, -6.999999899999844
4.263256414560601e-14, 30.90081314648875, -7.099999899999844
-3.3438688295778722, 30.728148070339945, -7.099999899999844
-6.650572644672533, 30.202661285777662, -7.099999899999844
-9.879856065671635, 29.318565382577322, -7.099999899999844
-12.990713755236653, 28.080752853236675, -7.099999899999844
-15.944166214348927, 26.503751777282307, -7.099999899999844
-18.706288174770325, 24.61142035061177, -7.099999899999844
-21.25050673614844, 22.434721562305974, -7.099999899999844
-23.556452854052374, 20.006952111878697, -7.099999899999844
-25.595268123481965, 17.35103924624126, -7.099999899999844
-27.333293630803656, 14.489352350556375, -7.099999899999844
-28.74326419929787, 11.452636049950558, -7.099999899999844
-29.805324252708665, 8.277456723565342, -7.099999899999844
-30.510116718219063, 5.004330214840177, -7.099999899999844
-30.857908672281667, 1.6741806944689883, -7.099999899999844
-30.857908672281674, -1.6741806944689266, -7.099999899999844
-30.510116733869072, -5.004330216842898, -7.099999899999844
-29.805324262121925, -8.277456728340326, -7.099999899999844
-28.743264181288122, -11.452636045370156, -7.099999899999844
-27.333293588452058, -14.489352329203097, -7.099999899999844
-25.595268162603723, -17.351039273075084, -7.099999899999844
-23.556452854052385, -20.00695211187861, -7.099999899999844
-21.25050673614844, -22.43472156230588, -7.099999899999844
-18.706288174770325, -24.61142035061168, -7.099999899999844
-15.944166189533933, -26.503751739422444, -7.099999899999844
-12.990713732461195, -28.080752807175347, -7.099999899999844
-9.879856066224889, -29.318565385351746, -7.099999899999844
-6.65057265142923, -30.202661318258777, -7.099999899999844
-3.343868829577897, -30.72814807033994, -7.099999899999844
0.0, -30.90081314648875, -7.099999899999844
0.0, -30.90081314648875, -7.099999899999844
3.3438688295779135, -30.728148070339923, -7.099999899999844
6.650572644672566, -30.202661285777587, -7.099999899999844
9.879856065671673, -29.31856538257727, -7.099999899999844
12.99071375523668, -28.080752853236593, -7.099999899999844
15.944166214348938, -26.503751777282204, -7.099999899999844
18.706288174770325, -24.611420350611645, -7.099999899999844
21.25050673614845, -22.43472156230586, -7.099999899999844
23.55645285405238, -20.006952111878583, -7.099999899999844
25.595268123481976, -17.35103924624116, -7.099999899999844
27.333293630803684, -14.489352350556288, -7.099999899999844
28.743264199297933, -11.452636049950485, -7.099999899999844
29.80532425270876, -8.277456723565283, -7.099999899999844
30.510116718219216, -5.004330214840121, -7.099999899999844
30.85790867228179, -1.6741806944689313, -7.099999899999844
30.85790867228179, 1.674180694468989, -7.099999899999844
30.51011673386918, 5.004330216842956, -7.099999899999844
29.80532426212201, 8.27745672834038, -7.099999899999844
28.743264181288183, 11.452636045370205, -7.099999899999844
27.3332935884521, 14.489352329203141, -7.099999899999844
25.59526816260371, 17.35103927307509, -7.099999899999844
23.5564528540524, 20.006952111878647, -7.099999899999844
21.25050673614847, 22.434721562305917, -7.099999899999844
18.70628817477035, 24.611420350611716, -7.099999899999844
15.944166189533949, 26.503751739422448, -7.099999899999844
12.990713732461222, 28.08075280717537, -7.099999899999844
9.879856066224903, 29.318565385351743, -7.099999899999844
6.650572651429247, 30.202661318258766, -7.099999899999844
3.343868829577908, 30.72814807033989, -7.099999899999844
-4.440892098500626e-16, 30.90081314648875, -7.099999899999844
4.263256414560601e-14, 30.843078119569782, -7.199999899999844
-3.337526661648792, 30.67046090834762, -7.199999899999844
-6.637893684408939, 30.14544520673339, -7.199999899999844
-9.860966969478572, 29.26263484733797, -7.199999899999844
-12.96592673484687, 28.027115493156014, -7.199999899999844
-15.913950008052275, 26.453382790105614, -7.199999899999844
-18.67114688504988, 24.565064714429766, -7.199999899999844
-21.210801101134113, 22.392775931131084, -7.199999899999844
-23.51227620634776, 19.969499933194776, -7.199999899999844
-25.546832753122583, 17.318301858041682, -7.199999899999844
-27.281179239743096, 14.461786285976189, -7.199999899999844
-28.6883508597182, 11.430747246645195, -7.199999899999844
-29.748631931084596, 8.261645777812722, -7.199999899999844
-30.452583939537245, 4.994813883354637, -7.199999899999844
-30.800174682011924, 1.671011931013262, -7.199999899999844
-30.80017468201192, -1.6710119310131548, -7.199999899999844
-30.45258395496407, -4.994813885331328, -7.199999899999844
-29.748631940382644, -8.261645782511794, -7.199999899999844
-28.688350842086518, -11.430747242160914, -7.199999899999844
-27.281179198253785, -14.461786265061424, -7.199999899999844
-25.546832791698446, -17.318301884495305, -7.199999899999844
-23.512276206347778, -19.96949993319467, -7.199999899999844
-21.210801101134134, -22.392775931130977, -7.199999899999844
-18.671146885049904, -24.565064714429663, -7.199999899999844
-15.913949983666889, -26.45338275287676, -7.199999899999844
-12.965926712535481, -28.02711544802844, -7.199999899999844
-9.860966970035918, -29.262634850102184, -7.199999899999844
-6.637893691011669, -30.14544523845108, -7.199999899999844
-3.337526661648859, -30.6704609083476, -7.199999899999844
0.0, -30.843078119569782, -7.199999899999844
0.0, -30.843078119569785, -7.199999899999844
3.3375266616488335, -30.670460908347597, -7.199999899999844
6.6378936844089775, -30.14544520673335, -7.199999899999844
9.86096696947859, -29.262634847337864, -7.199999899999844
12.96592673484689, -28.027115493155925, -7.199999899999844
15.913950008052282, -26.453382790105508, -7.199999899999844
18.671146885049875, -24.565064714429646, -7.199999899999844
21.210801101134113, -22.39277593113097, -7.199999899999844
23.51227620634775, -19.96949993319465, -7.199999899999844
25.546832753122604, -17.31830185804158, -7.199999899999844
27.28117923974316, -14.461786285976109, -7.199999899999844
28.688350859718266, -11.430747246645112, -7.199999899999844
29.748631931084695, -8.261645777812648, -7.199999899999844
30.452583939537305, -4.994813883354558, -7.199999899999844
30.800174682012052, -1.6710119310131892, -7.199999899999844
30.80017468201205, 1.6710119310132348, -7.199999899999844
30.452583954964172, 4.994813885331404, -7.199999899999844
29.748631940382737, 8.261645782511868, -7.199999899999844
28.688350842086578, 11.430747242160978, -7.199999899999844
27.28117919825382, 14.461786265061475, -7.199999899999844
25.54683279169846, 17.318301884495348, -7.199999899999844
23.512276206347792, 19.96949993319472, -7.199999899999844
21.21080110113414, 22.39277593113103, -7.199999899999844
18.671146885049904, 24.565064714429692, -7.199999899999844
15.913949983666884, 26.453382752876788, -7.199999899999844
12.965926712535474, 28.02711544802846, -7.199999899999844
9.860966970035912, 29.262634850102216, -7.199999899999844
6.637893691011657, 30.145445238451092, -7.199999899999844
3.337526661648847, 30.670460908347593, -7.199999899999844
-4.440892098500626e-16, 30.84307811956978, -7.199999899999844
4.263256414560601e-14, 30.785343092650812, -7.299999899999843
-3.3311844733508877, 30.61277346252747, -7.299999899999843
-6.625214643719909, 30.088228811288246, -7.299999899999843
-9.842077836800968, 29.206704246806034, -7.299999899999843
-12.94113971111549, 27.97347810416661, -7.299999899999843
-15.883733674621388, 26.403013563185137, -7.299999899999843
-18.63600538368141, 24.518708810720558, -7.299999899999843
-21.17109543784443, 22.350830278913403, -7.299999899999843
-23.468099411052762, 19.932047613634644, -7.299999899999843
-25.498397081383185, 17.285564271482695, -7.299999899999843
-27.229064721738737, 14.434220172649004, -7.299999899999843
-28.63343751840407, 11.408858439218568, -7.299999899999843
-29.69193941746967, 8.245834761400477, -7.299999899999843
-30.395050798651216, 4.985297493618554, -7.299999899999843
-30.74244057828101, 1.6678431717310223, -7.299999899999843
-30.74244057828102, -1.6678431717309643, -7.299999899999843
-30.395050813861133, -4.985297495570147, -7.299999899999843
-29.69193942664055, -8.245834766018353, -7.299999899999843
-28.633437501167123, -11.40885843483473, -7.299999899999843
-27.229064681152327, -14.43422015219316, -7.299999899999843
-25.498397119416282, -17.28556429755852, -7.299999899999843
-23.46809941105277, -19.932047613634577, -7.299999899999843
-21.171095437844425, -22.35083027891333, -7.299999899999843
-18.636005383681404, -24.51870881072048, -7.299999899999843
-15.883733650692415, -26.40301352662929, -7.299999899999843
-12.941139689289852, -27.973478060017023, -7.299999899999843
-9.842077837361215, -29.20670424955565, -7.299999899999843
-6.625214650162848, -30.088228842216047, -7.299999899999843
-3.3311844733508957, -30.612773462527453, -7.299999899999843
0.0, -30.785343092650812, -7.299999899999843
0.0, -30.785343092650812, -7.299999899999843
3.3311844733509273, -30.612773462527425, -7.299999899999843
6.62521464371994, -30.088228811288165, -7.299999899999843
9.84207783680102, -29.206704246806005, -7.299999899999843
12.941139711115525, -27.97347810416654, -7.299999899999843
15.883733674621402, -26.403013563185027, -7.299999899999843
18.636005383681415, -24.51870881072043, -7.299999899999843
21.171095437844443, -22.350830278913282, -7.299999899999843
23.46809941105278, -19.932047613634516, -7.299999899999843
25.498397081383214, -17.28556427148258, -7.299999899999843
27.22906472173878, -14.434220172648901, -7.299999899999843
28.633437518404154, -11.408858439218488, -7.299999899999843
29.691939417469772, -8.2458347614004, -7.299999899999843
30.395050798651322, -4.9852974936184795, -7.299999899999843
30.742440578281137, -1.6678431717309476, -7.299999899999843
30.74244057828114, 1.667843171731038, -7.299999899999843
30.39505081386124, 4.985297495570217, -7.299999899999843
29.691939426640637, 8.245834766018413, -7.299999899999843
28.633437501167183, 11.408858434834787, -7.299999899999843
27.229064681152366, 14.434220152193207, -7.299999899999843
25.498397119416275, 17.285564297558544, -7.299999899999843
23.46809941105278, 19.93204761363462, -7.299999899999843
21.171095437844443, 22.35083027891338, -7.299999899999843
18.6360053836814, 24.51870881072052, -7.299999899999843
15.88373365069242, 26.40301352662936, -7.299999899999843
12.941139689289834, 27.973478060017044, -7.299999899999843
9.842077837361197, 29.20670424955566, -7.299999899999843
6.625214650162831, 30.088228842216054, -7.299999899999843
3.33118447335087, 30.612773462527432, -7.299999899999843
-8.881784197001252e-16, 30.785343092650812, -7.299999899999843
4.263256414560601e-14, 30.727608065731857, -7.399999899999843
-3.3248422644791615, 30.5550857310592, -7.399999899999843
-6.6125355220972555, 30.031012097802208, -7.399999899999843
-9.823188667449045, 29.150773580691773, -7.399999899999843
-12.91635268403948, 27.919840686133313, -7.399999899999843
-15.853517213480849, 26.352644095278993, -7.399999899999843
-18.600863669445538, 24.472352637796863, -7.399999899999843
-21.13138974607521, 22.30888460548355, -7.399999899999843
-23.42392246712857, 19.894595152279987, -7.399999899999843
-25.449961106550987, 17.252826485554138, -7.399999899999843
-27.17695007617779, 14.406654010381239, -7.399999899999843
-28.578524175349276, 11.386969627648616, -7.399999899999843
-29.635246710950984, 8.230023673933022, -7.399999899999843
-30.337517293480634, 4.9757810451973175, -7.399999899999843
-30.68470636027486, 1.6646744166206155, -7.399999899999843
-30.684706360274866, -1.6646744166205267, -7.399999899999843
-30.33751730847995, -4.975781047124581, -7.399999899999843
-29.635246719982447, -8.230023678464134, -7.399999899999843
-28.5785241585239, -11.386969623369412, -7.399999899999843
-27.176950036535363, -14.40665399040478, -7.399999899999843
-25.449961144044476, -17.252826511254415, -7.399999899999843
-23.423922467128584, -19.894595152279884, -7.399999899999843
-21.13138974607523, -22.30888460548345, -7.399999899999843
-18.600863669445555, -24.472352637796767, -7.399999899999843
-15.853517190035449, -26.352644059438443, -7.399999899999843
-12.916352662721591, -27.919840643006207, -7.399999899999843
-9.823188668011019, -29.150773583421884, -7.399999899999843
-6.6125355283747, -30.031012127913254, -7.399999899999843
-3.324842264479206, -30.555085731059165, -7.399999899999843
0.0, -30.727608065731857, -7.399999899999843
0.0, -30.727608065731857, -7.399999899999843
3.3248422644792, -30.55508573105916, -7.399999899999843
6.6125355220972954, -30.031012097802176, -7.399999899999843
9.823188667449058, -29.150773580691656, -7.399999899999843
12.916352684039492, -27.919840686133213, -7.399999899999843
15.853517213480858, -26.35264409527889, -7.399999899999843
18.600863669445538, -24.472352637796746, -7.399999899999843
21.13138974607522, -22.308884605483446, -7.399999899999843
23.42392246712857, -19.89459515227987, -7.399999899999843
25.449961106551008, -17.25282648555404, -7.399999899999843
27.17695007617782, -14.406654010381155, -7.399999899999843
28.578524175349333, -11.386969627648547, -7.399999899999843
29.63524671095108, -8.230023673932966, -7.399999899999843
30.337517293480772, -4.975781045197271, -7.399999899999843
30.68470636027497, -1.6646744166205651, -7.399999899999843
30.68470636027499, 1.6646744166205785, -7.399999899999843
30.33751730848006, 4.975781047124623, -7.399999899999843
29.63524671998255, 8.230023678464176, -7.399999899999843
28.57852415852397, 11.386969623369447, -7.399999899999843
27.176950036535395, 14.406653990404804, -7.399999899999843
25.449961144044607, 17.2528265112545, -7.399999899999843
23.423922467128612, 19.8945951522799, -7.399999899999843
21.13138974607526, 22.30888460548347, -7.399999899999843
18.600863669445587, 24.47235263779679, -7.399999899999843
15.853517190035468, 26.352644059438447, -7.399999899999843
12.916352662721625, 27.919840643006232, -7.399999899999843
9.823188668011044, 29.150773583421884, -7.399999899999843
6.612535528374734, 30.031012127913254, -7.399999899999843
3.324842264479234, 30.555085731059158, -7.399999899999843
-8.881784197001252e-16, 30.727608065731857, -7.399999899999843
4.263256414560601e-14, 30.669873038812902, -7.4999998999998425
-3.31850003482628, 30.497397712107247, -7.4999998999998425
-6.599856319028732, 29.973795064624433, -7.4999998999998425
-9.804299461231498, 29.094842848703195, -7.4999998999998425
-12.891565653615812, 27.86620323891996, -7.4999998999998425
-15.823300624051932, 26.30227438513683, -7.4999998999998425
-18.565721741113745, 24.425996193957474, -7.4999998999998425
-21.091684025620264, 22.266938910670337, -7.4999998999998425
-23.37974537352672, 19.857142548204575, -7.4999998999998425
-25.40152482690045, 17.220088499239193, -7.4999998999998425
-27.124835302443635, 14.379087798978402, -7.4999998999998425
-28.523610830547558, 11.365080811913057, -7.4999998999998425
-29.578553810609954, 8.214212515011777, -7.4999998999998425
-30.279983421929586, 4.966264537652167, -7.4999998999998425
-30.62697202717167, 1.6615056656800098, -7.4999998999998425
-30.626972027171675, -1.6615056656798948, -7.4999998999998425
-30.27998343672457, -4.966264539555949, -7.4999998999998425
-29.578553819489393, -8.214212519450523, -7.4999998999998425
-28.52361081415074, -11.36508080774279, -7.4999998999998425
-27.12483526378657, -14.379087779502006, -7.4999998999998425
-25.401524863857553, -17.220088524566293, -7.4999998999998425
-23.37974537352676, -19.85714254820446, -7.4999998999998425
-21.09168402562031, -22.266938910670223, -7.4999998999998425
-18.56572174111379, -24.425996193957353, -7.4999998999998425
-15.82330060111741, -26.30227435005424, -7.4999998999998425
-12.89156563282786, -27.866203196860404, -7.4999998999998425
-9.804299461794, -29.094842851409034, -7.4999998999998425
-6.599856325134742, -29.973795093891244, -7.4999998999998425
-3.3185000348263736, -30.49739771210723, -7.4999998999998425
0.0, -30.669873038812888, -7.4999998999998425
0.0, -30.669873038812902, -7.4999998999998425
3.3185000348263216, -30.497397712107226, -7.4999998999998425
6.599856319028771, -29.973795064624387, -7.4999998999998425
9.804299461231526, -29.09484284870311, -7.4999998999998425
12.891565653615842, -27.866203238919887, -7.4999998999998425
15.823300624051951, -26.302274385136723, -7.4999998999998425
18.56572174111375, -24.42599619395735, -7.4999998999998425
21.091684025620278, -22.266938910670216, -7.4999998999998425
23.37974537352673, -19.857142548204457, -7.4999998999998425
25.401524826900474, -17.220088499239083, -7.4999998999998425
27.12483530244368, -14.379087798978306, -7.4999998999998425
28.523610830547625, -11.36508081191297, -7.4999998999998425
29.578553810610053, -8.214212515011699, -7.4999998999998425
30.27998342192966, -4.966264537652086, -7.4999998999998425
30.626972027171806, -1.6615056656799367, -7.4999998999998425
30.62697202717179, 1.6615056656799756, -7.4999998999998425
30.27998343672468, 4.966264539556021, -7.4999998999998425
29.57855381948946, 8.214212519450594, -7.4999998999998425
28.5236108141508, 11.365080807742858, -7.4999998999998425
27.124835263786597, 14.379087779502061, -7.4999998999998425
25.4015248638576, 17.220088524566368, -7.4999998999998425
23.379745373526777, 19.857142548204518, -7.4999998999998425
21.091684025620314, 22.266938910670273, -7.4999998999998425
18.56572174111378, 24.425996193957396, -7.4999998999998425
15.82330060111738, 26.302274350054248, -7.4999998999998425
12.891565632827836, 27.866203196860432, -7.4999998999998425
9.804299461793974, 29.094842851409062, -7.4999998999998425
6.5998563251347075, 29.97379509389126, -7.4999998999998425
3.318500034826338, 30.49739771210724, -7.4999998999998425
-4.440892098500626e-16, 30.669873038812902, -7.4999998999998425
4.263256414560601e-14, 30.612138011893933, -7.599999899999842
-3.312157784150306, 30.439709403415364, -7.599999899999842
-6.587177035566487, 29.916577717657656, -7.599999899999842
-9.78541021863774, 29.038912052621487, -7.599999899999842
-12.866778619650551, 27.8125657624784, -7.599999899999842
-15.793083905580499, 26.25190443160414, -7.599999899999842
-18.530579597296, 24.379639477603828, -7.599999899999842
-21.051978276139142, 22.224993194426453, -7.599999899999842
-23.335568129076655, 19.8196898006058, -7.599999899999842
-25.353088240600787, 17.18735031164944, -7.599999899999842
-27.072720399843114, 14.351521538381178, -7.599999899999842
-28.468697483939085, 11.343191992124055, -7.599999899999842
-29.52186071548644, 8.198401284365898, -7.599999899999842
-30.22244918186653, 4.956747970664785, -7.599999899999842
-30.569237578135823, 1.6583369190234793, -7.599999899999842
-30.569237578147447, -1.6583369187996106, -7.599999899999842
-30.222449196498726, -4.956747972324696, -7.599999899999842
-29.521860724260172, -8.198401288490512, -7.599999899999842
-28.46869746807078, -11.34319198785893, -7.599999899999842
-27.072720362318563, -14.35152151922802, -7.599999899999842
-25.353088277151127, -17.18735033642078, -7.599999899999842
-23.335568129222278, -19.819689800435373, -7.599999899999842
-21.051978276301643, -22.224993194272052, -7.599999899999842
-18.530579597473846, -24.379639477467393, -7.599999899999842
-15.793083883375884, -26.25190439720635, -7.599999899999842
-12.86677859961806, -27.812565721437487, -7.599999899999842
-9.785410218346762, -29.03891205265851, -7.599999899999842
-6.587177039876527, -29.916577738152778, -7.599999899999842
-3.3121577841503504, -30.439709403415353, -7.599999899999842
0.0, -30.612138011893933, -7.599999899999842
4.440892098500626e-16, -30.61213801189393, -7.599999899999842
3.312157784150349, -30.439709403415343, -7.599999899999842
6.587177035566524, -29.91657771765759, -7.599999899999842
9.785410218637786, -29.038912052621445, -7.599999899999842
12.86677861965059, -27.812565762478325, -7.599999899999842
15.79308390558052, -26.251904431604025, -7.599999899999842
18.530579597296008, -24.3796394776037, -7.599999899999842
21.051978276139153, -22.224993194426325, -7.599999899999842
23.335568129076673, -19.819689800605673, -7.599999899999842
25.353088240600826, -17.187350311649322, -7.599999899999842
27.072720399843163, -14.35152153838107, -7.599999899999842
28.46869748393918, -11.343191992123966, -7.599999899999842
29.52186071548655, -8.198401284365806, -7.599999899999842
30.22244918186661, -4.956747970664688, -7.599999899999842
30.569237578135944, -1.6583369190233874, -7.599999899999842
30.56923757814756, 1.658336918799708, -7.599999899999842
30.222449196498843, 4.956747972324789, -7.599999899999842
29.52186072426026, 8.198401288490604, -7.599999899999842
28.46869746807083, 11.343191987859019, -7.599999899999842
27.072720362318577, 14.351521519228095, -7.599999899999842
25.353088277151187, 17.187350336420884, -7.599999899999842
23.335568129222274, 19.819689800435434, -7.599999899999842
21.05197827630164, 22.224993194272123, -7.599999899999842
18.530579597473825, 24.37963947746745, -7.599999899999842
15.793083883375854, 26.25190439720639, -7.599999899999842
12.866778599618035, 27.81256572143754, -7.599999899999842
9.785410218346724, 29.038912052658528, -7.599999899999842
6.587177039876488, 29.91657773815279, -7.599999899999842
3.3121577841503074, 30.43970940341536, -7.599999899999842
-4.440892098500626e-16, 30.61213801189393, -7.599999899999842
4.263256414560601e-14, 30.554402984974963, -7.699999899999842
-3.305815512304775, 30.382020803941256, -7.699999899999842
-6.574497668009272, 29.859360039888674, -7.699999899999842
-9.766520938091318, 28.982981187947473, -7.699999899999842
-12.84199158252799, 27.758928256491174, -7.699999899999842
-15.762867057829768, 26.20153423320193, -7.699999899999842
-18.49543723705375, 24.333282486769853, -7.699999899999842
-21.0122724976898, 22.18304745632245, -7.699999899999842
-23.29139073293843, 19.782236908274772, -7.699999899999842
-25.30465134608803, 17.154611921480758, -7.699999899999842
-27.020605367898856, 14.32395522811713, -7.699999899999842
-28.413784135626248, 11.321303167986017, -7.699999899999842
-29.465167424723084, 8.182589981325869, -7.699999899999842
-30.164914571204164, 4.947231343535509, -7.699999899999842
-30.51150301234211, 1.6551681764119002, -7.699999899999842
-30.51150301235341, -1.6551681761946881, -7.699999899999842
-30.16491458564347, -4.947231345180225, -7.699999899999842
-29.465167433316775, -8.182589985353006, -7.699999899999842
-28.413784120218388, -11.321303163844764, -7.699999899999842
-27.02060533144035, -14.323955209511805, -7.699999899999842
-25.304651382104506, -17.15461194588909, -7.699999899999842
-23.29139073307971, -19.782236908109383, -7.699999899999842
-21.0122724978475, -22.18304745617263, -7.699999899999842
-18.49543723722635, -24.333282486637486, -7.699999899999842
-15.762867036185572, -26.201534199652002, -7.699999899999842
-12.841991563064285, -27.758928216611867, -7.699999899999842
-9.76652093782098, -28.98298118802137, -7.699999899999842
-6.574497672186749, -29.859360059739192, -7.699999899999842
-3.305815512304857, -30.382020803941227, -7.699999899999842
0.0, -30.554402984974963, -7.699999899999842
4.440892098500626e-16, -30.554402984974963, -7.699999899999842
3.3058155123048163, -30.382020803941217, -7.699999899999842
6.574497668009306, -29.8593600398886, -7.699999899999842
9.766520938091372, -28.98298118794744, -7.699999899999842
12.84199158252802, -27.75892825649108, -7.699999899999842
15.76286705782979, -26.201534233201823, -7.699999899999842
18.49543723705376, -24.33328248676973, -7.699999899999842
21.012272497689818, -22.18304745632233, -7.699999899999842
23.29139073293845, -19.782236908274662, -7.699999899999842
25.304651346088065, -17.154611921480655, -7.699999899999842
27.020605367898924, -14.323955228117047, -7.699999899999842
28.41378413562634, -11.32130316798594, -7.699999899999842
29.465167424723187, -8.1825899813258, -7.699999899999842
30.16491457120428, -4.94723134353544, -7.699999899999842
30.511503012342235, -1.6551681764118318, -7.699999899999842
30.511503012353533, 1.6551681761947534, -7.699999899999842
30.164914585643583, 4.947231345180295, -7.699999899999842
29.46516743331685, 8.182589985353069, -7.699999899999842
28.413784120218445, 11.321303163844824, -7.699999899999842
27.020605331440375, 14.323955209511839, -7.699999899999842
25.304651382104513, 17.154611945889112, -7.699999899999842
23.291390733079727, 19.78223690810942, -7.699999899999842
21.01227249784753, 22.183047456172687, -7.699999899999842
18.495437237226362, 24.333282486637522, -7.699999899999842
15.762867036185593, 26.201534199652045, -7.699999899999842
12.841991563064282, 27.758928216611856, -7.699999899999842
9.76652093782098, 28.982981188021387, -7.699999899999842
6.574497672186743, 29.859360059739203, -7.699999899999842
3.3058155123048487, 30.3820208039412, -7.699999899999842
-4.440892098500626e-16, 30.554402984974963, -7.699999899999842
4.263256414560601e-14, 30.496667958056005, -7.7999998999998414
-3.299473219041702, 30.324331911383368, -7.7999998999998414
-6.561818217442221, 29.802142037398617, -7.7999998999998414
-9.747631620096874, 28.92705025651144, -7.7999998999998414
-12.817204542049534, 27.70529072091049, -7.7999998999998414
-15.732650080034546, 26.151163788761103, -7.7999998999998414
-18.46029465897439, 24.286925219831414, -7.7999998999998414
-20.972566689924342, 22.141101696310564, -7.7999998999998414
-23.2472131839188, 19.744783870396077, -7.7999998999998414
-25.256214141502866, 17.121873327834724, -7.7999998999998414
-26.968490205907795, 14.2963888681287, -7.7999998999998414
-28.358870785547715, 11.29941433961442, -7.7999998999998414
-29.40847393734717, 8.166778605618482, -7.7999998999998414
-30.10737958777839, 4.937714655941132, -7.7999998999998414
-30.45376832893888, 1.6519994379622698, -7.7999998999998414
-30.453768328949838, -1.6519994377519684, -7.7999998999998414
-30.107379602030985, -4.937714657571749, -7.7999998999998414
-29.408473945747094, -8.16677860954242, -7.7999998999998414
-28.358870770617575, -11.2994143356017, -7.7999998999998414
-26.968490170557647, -14.2963888500926, -7.7999998999998414
-25.256214176988518, -17.121873351882627, -7.7999998999998414
-23.247213184055568, -19.74478387023596, -7.7999998999998414
-20.97256669007702, -22.141101696165535, -7.7999998999998414
-18.4602946591415, -24.286925219703292, -7.7999998999998414
-15.73265005897844, -26.151163756102903, -7.7999998999998414
-12.81720452317713, -27.705290682239244, -7.7999998999998414
-9.747631619846697, -28.927050256619932, -7.7999998999998414
-6.561818221482289, -29.802142056582703, -7.7999998999998414
-3.299473219041758, -30.324331911383364, -7.7999998999998414
0.0, -30.496667958056005, -7.7999998999998414
4.440892098500626e-16, -30.496667958056005, -7.7999998999998414
3.2994732190417464, -30.32433191138336, -7.7999998999998414
6.5618182174422595, -29.802142037398564, -7.7999998999998414
9.7476316200969, -28.92705025651135, -7.7999998999998414
12.817204542049568, -27.705290720910416, -7.7999998999998414
15.732650080034558, -26.15116378876099, -7.7999998999998414
18.4602946589744, -24.28692521983129, -7.7999998999998414
20.97256668992436, -22.141101696310443, -7.7999998999998414
23.247213183918827, -19.74478387039597, -7.7999998999998414
25.2562141415029, -17.121873327834617, -7.7999998999998414
26.968490205907855, -14.296388868128608, -7.7999998999998414
28.358870785547797, -11.29941433961434, -7.7999998999998414
29.40847393734728, -8.166778605618415, -7.7999998999998414
30.107379587778496, -4.93771465594107, -7.7999998999998414
30.453768328938995, -1.6519994379622096, -7.7999998999998414
30.45376832894994, 1.6519994377520373, -7.7999998999998414
30.1073796020311, 4.937714657571828, -7.7999998999998414
29.408473945747186, 8.166778609542497, -7.7999998999998414
28.358870770617635, 11.299414335601766, -7.7999998999998414
26.96849017055768, 14.29638885009265, -7.7999998999998414
25.256214176988568, 17.12187335188269, -7.7999998999998414
23.2472131840556, 19.74478387023601, -7.7999998999998414
20.97256669007704, 22.14110169616558, -7.7999998999998414
18.460294659141503, 24.286925219703324, -7.7999998999998414
15.73265005897843, 26.151163756102928, -7.7999998999998414
12.817204523177132, 27.705290682239283, -7.7999998999998414
9.747631619846683, 28.927050256619953, -7.7999998999998414
6.561818221482268, 29.802142056582717, -7.7999998999998414
3.2994732190417437, 30.32433191138339, -7.7999998999998414
-4.440892098500626e-16, 30.496667958056005, -7.7999998999998414
4.263256414560601e-14, 30.43893293113704, -7.899999899999841
-3.293130904170173, 30.26664272384062, -7.899999899999841
-6.549138683387381, 29.744923708480023, -7.899999899999841
-9.728742264532366, 28.871119257989616, -7.899999899999841
-12.79241749845574, 27.6516531559072, -7.899999899999841
-15.702432971841638, 26.100793097166775, -7.899999899999841
-18.42515186166248, 24.24056767468074, -7.899999899999841
-20.93286085232676, 22.09915591367513, -7.899999899999841
-23.203035481572257, 19.707330686304843, -7.899999899999841
-25.207776640627145, 17.089134540424595, -7.899999899999841
-26.916374910610134, 14.268822456611236, -7.899999899999841
-28.303957433983747, 11.277525507064471, -7.899999899999841
-29.351780253023957, 8.150967156955073, -7.899999899999841
-30.049844238538963, 4.928197908877193, -7.899999899999841
-30.396033526998046, 1.6488307035983674, -7.899999899999841
-30.39603352699805, -1.6488307035982723, -7.899999899999841
-30.04984420476845, -4.928197903217708, -7.899999899999841
-29.351780256492937, -8.15096715951194, -7.899999899999841
-28.303957420392774, -11.277525503525752, -7.899999899999841
-26.916374879071345, -14.268822440779735, -7.899999899999841
-25.207776670212372, -17.089134560239888, -7.899999899999841
-23.203035481572293, -19.707330686304747, -7.899999899999841
-20.93286085232679, -22.099155913675016, -7.899999899999841
-18.42515186166252, -24.24056767468063, -7.899999899999841
-15.70243295215083, -26.10079306666611, -7.899999899999841
-12.792417481752917, -27.651653122021123, -7.899999899999841
-9.72874226430202, -28.871119258130403, -7.899999899999841
-6.549138687285189, -29.74492372697532, -7.899999899999841
-3.29313090417024, -30.26664272384063, -7.899999899999841
0.0, -30.43893293113704, -7.899999899999841
4.440892098500626e-16, -30.43893293113704, -7.899999899999841
3.293130904170216, -30.26664272384061, -7.899999899999841
6.549138683387416, -29.744923708479952, -7.899999899999841
9.728742264532405, -28.87111925798954, -7.899999899999841
12.79241749845577, -27.65165315590711, -7.899999899999841
15.70243297184166, -26.10079309716667, -7.899999899999841
18.425151861662496, -24.24056767468062, -7.899999899999841
20.932860852326765, -22.099155913675002, -7.899999899999841
23.203035481572286, -19.707330686304733, -7.899999899999841
25.20777664062718, -17.089134540424485, -7.899999899999841
26.916374910610198, -14.268822456611144, -7.899999899999841
28.303957433983822, -11.277525507064384, -7.899999899999841
29.351780253024053, -8.150967156954993, -7.899999899999841
30.04984423853912, -4.928197908877121, -7.899999899999841
30.396033526998167, -1.6488307035982912, -7.899999899999841
30.396033526998174, 1.648830703598345, -7.899999899999841
30.04984420476856, 4.928197903217776, -7.899999899999841
29.35178025649301, 8.150967159511998, -7.899999899999841
28.30395742039284, 11.27752550352581, -7.899999899999841
26.91637487907138, 14.268822440779786, -7.899999899999841
25.207776670212375, 17.089134560239934, -7.899999899999841
23.20303548157231, 19.707330686304804, -7.899999899999841
20.932860852326794, 22.099155913675066, -7.899999899999841
18.425151861662524, 24.240567674680676, -7.899999899999841
15.702432952150808, 26.10079306666613, -7.899999899999841
12.792417481752913, 27.651653122021177, -7.899999899999841
9.72874226430201, 28.87111925813042, -7.899999899999841
6.549138687285176, 29.74492372697533, -7.899999899999841
3.2931309041702175, 30.2666427238406, -7.899999899999841
-4.440892098500626e-16, 30.43893293113704, -7.899999899999841
4.263256414560601e-14, 30.38119790421808, -7.999999899999841
-3.286788567417745, 30.208953239404046, -7.999999899999841
-6.536459065207121, 29.687705051447292, -7.999999899999841
-9.709852871048529, 28.81518819213245, -7.999999899999841
-12.767630451250136, 27.59801556070961, -7.999999899999841
-15.672215732148617, 26.05042215674449, -7.999999899999841
-18.39000884411201, 24.194209850263302, -7.999999899999841
-20.893154985299134, 22.057210109333003, -7.999999899999841
-23.158857623488533, 19.669877354431463, -7.999999899999841
-25.159338809918754, 17.05639553625947, -7.999999899999841
-26.864259486718346, 14.241255996636244, -7.999999899999841
-28.2490440803449, 11.25563667015382, -7.999999899999841
-29.29508636957386, 8.135155634674675, -7.999999899999841
-29.992308503074383, 4.918681098982154, -7.999999899999841
-30.338298605811307, 1.64566197346557, -7.999999899999841
-30.33829860581131, -1.6456619734654794, -7.999999899999841
-29.992308469403497, -4.918681093334848, -7.999999899999841
-29.29508637297868, -8.13515563715801, -7.999999899999841
-28.24904406723627, -11.255636666740733, -7.999999899999841
-26.864259456276503, -14.241255981358194, -7.999999899999841
-25.159338839627804, -17.056395556154985, -7.999999899999841
-23.158857623488547, -19.669877354431375, -7.999999899999841
-20.89315498529915, -22.05721010933292, -7.999999899999841
-18.390008844112018, -24.194209850263217, -7.999999899999841
-15.672215713091713, -26.05042212720729, -7.999999899999841
-12.767630435129412, -27.598015528001202, -7.999999899999841
-9.709852870837492, -28.815188192303005, -7.999999899999841
-6.536459068957658, -29.687705069231136, -7.999999899999841
-3.286788567417765, -30.208953239404032, -7.999999899999841
0.0, -30.38119790421808, -7.999999899999841
4.440892098500626e-16, -30.38119790421808, -7.999999899999841
3.286788567417787, -30.208953239404018, -7.999999899999841
6.536459065207161, -29.68770505144724, -7.999999899999841
9.709852871048561, -28.81518819213236, -7.999999899999841
12.767630451250165, -27.59801556070952, -7.999999899999841
15.67221573214864, -26.050422156744386, -7.999999899999841
18.390008844112025, -24.19420985026318, -7.999999899999841
20.89315498529915, -22.057210109332882, -7.999999899999841
23.15885762348855, -19.66987735443134, -7.999999899999841
25.159338809918804, -17.056395536259366, -7.999999899999841
26.86425948671842, -14.241255996636157, -7.999999899999841
28.249044080344987, -11.255636670153736, -7.999999899999841
29.295086369573955, -8.135155634674593, -7.999999899999841
29.992308503074494, -4.918681098982077, -7.999999899999841
30.33829860581143, -1.6456619734654947, -7.999999899999841
30.33829860581142, 1.6456619734655573, -7.999999899999841
29.992308469403604, 4.918681093334924, -7.999999899999841
29.295086372978766, 8.135155637158086, -7.999999899999841
28.24904406723632, 11.255636666740791, -7.999999899999841
26.864259456276535, 14.241255981358234, -7.999999899999841
25.159338839627857, 17.05639555615504, -7.999999899999841
23.158857623488593, 19.66987735443142, -7.999999899999841
20.893154985299173, 22.057210109332935, -7.999999899999841
18.39000884411205, 24.194209850263242, -7.999999899999841
15.672215713091752, 26.050422127207323, -7.999999899999841
12.767630435129442, 27.59801552800122, -7.999999899999841
9.70985287083752, 28.815188192303005, -7.999999899999841
6.536459068957685, 29.687705069231136, -7.999999899999841
3.2867885674177924, 30.208953239404035, -7.999999899999841
-8.881784197001252e-16, 30.38119790421808, -7.999999899999841
4.263256414560601e-14, 30.32346287729911, -8.09999989999984
-3.2804462085891224, 30.151263456139983, -8.09999989999984
-6.523779362416072, 29.63048606456942, -8.09999989999984
-9.690963439522509, 28.759257058612118, -8.09999989999984
-12.742843400680604, 27.544377935496975, -8.09999989999984
-15.641998360624921, 26.00005096640394, -8.09999989999984
-18.354865604897135, 24.147851744421892, -8.09999989999984
-20.85344908830607, 22.015264282541917, -8.09999989999984
-23.114679609229178, 19.63242387410988, -8.09999989999984
-25.110900663769243, 17.023656325468014, -8.09999989999984
-26.81214393087275, 14.21368948634097, -8.09999989999984
-28.194130724920928, 11.23374782894021, -8.09999989999984
-29.238392286667207, 8.119344038486075, -8.09999989999984
-29.934772388316773, 4.909164227242686, -8.09999989999984
-30.280563564429787, 1.6424932474844094, -8.09999989999984
-30.28056356442979, -1.642493247484331, -8.09999989999984
-29.93477235474802, -4.909164221607983, -8.09999989999984
-29.238392289999478, -8.119344040891534, -8.09999989999984
-28.194130712311377, -11.233747825657101, -8.09999989999984
-26.812143901568305, -14.213689471636444, -8.09999989999984
-25.11090069359987, -17.023656345442124, -8.09999989999984
-23.114679609229206, -19.632423874109808, -8.09999989999984
-20.853449088306096, -22.015264282541846, -8.09999989999984
-18.354865604897142, -24.14785174442181, -8.09999989999984
-15.641998342228721, -26.000050937872558, -8.09999989999984
-12.742843385163322, -27.544377904009675, -8.09999989999984
-9.690963439330334, -28.759257058809805, -8.09999989999984
-6.523779366014287, -29.630486081618614, -8.09999989999984
-3.280446208589146, -30.151263456139954, -8.09999989999984
0.0, -30.32346287729911, -8.09999989999984
4.440892098500626e-16, -30.323462877299114, -8.09999989999984
3.2804462085891615, -30.151263456139937, -8.09999989999984
6.523779362416108, -29.630486064569343, -8.09999989999984
9.690963439522548, -28.759257058612043, -8.09999989999984
12.74284340068063, -27.54437793549688, -8.09999989999984
15.641998360624942, -26.000050966403837, -8.09999989999984
18.354865604897146, -24.147851744421775, -8.09999989999984
20.853449088306096, -22.01526428254181, -8.09999989999984
23.114679609229206, -19.632423874109772, -8.09999989999984
25.1109006637693, -17.023656325467925, -8.09999989999984
26.81214393087281, -14.21368948634088, -8.09999989999984
28.194130724921013, -11.233747828940134, -8.09999989999984
29.23839228666731, -8.119344038486002, -8.09999989999984
29.934772388316922, -4.909164227242616, -8.09999989999984
30.280563564429908, -1.6424932474843368, -8.09999989999984
30.280563564429904, 1.6424932474844056, -8.09999989999984
29.93477235474813, 4.909164221608058, -8.09999989999984
29.238392289999574, 8.119344040891612, -8.09999989999984
28.19413071231142, 11.23374782565716, -8.09999989999984
26.812143901568344, 14.213689471636497, -8.09999989999984
25.110900693599877, 17.02365634544215, -8.09999989999984
23.11467960922923, 19.632423874109836, -8.09999989999984
20.853449088306117, 22.015264282541864, -8.09999989999984
18.35486560489717, 24.147851744421825, -8.09999989999984
15.641998342228757, 26.000050937872587, -8.09999989999984
12.74284338516334, 27.544377904009664, -8.09999989999984
9.69096343933035, 28.759257058809816, -8.09999989999984
6.523779366014297, 29.630486081618624, -8.09999989999984
3.2804462085891473, 30.151263456139937, -8.09999989999984
-4.440892098500626e-16, 30.32346287729911, -8.09999989999984
4.263256414560601e-14, 30.265727850380156, -8.19999989999984
-3.27410382745966, 30.093573372101115, -8.19999989999984
-6.511099574471769, 29.573266746114882, -8.19999989999984
-9.672073969753523, 28.703325857124792, -8.19999989999984
-12.71805634674474, 27.49074028012713, -8.19999989999984
-15.611780856667941, 25.94967952483356, -8.19999989999984
-18.319722142722846, 24.101493355353764, -8.19999989999984
-20.813743161126972, 21.97331843311767, -8.19999989999984
-23.07050143767555, 19.59497024435634, -8.19999989999984
-25.06246220036055, 16.99091690698544, -8.19999989999984
-26.760028242428398, 14.186122925524243, -8.19999989999984
-28.139217367705413, 11.211858983400218, -8.19999989999984
-29.1816980033444, 8.103532367969589, -8.19999989999984
-29.877235892056767, 4.899647293190324, -8.19999989999984
-30.222828401975175, 1.639324525650796, -8.19999989999984
-30.222828401975175, -1.6393245256507123, -8.19999989999984
-29.87723585859265, -4.8996472875686115, -8.19999989999984
-29.181698006595425, -8.103532370292701, -8.19999989999984
-28.139217355611812, -11.211858980251442, -8.19999989999984
-26.760028214302192, -14.186122911413497, -8.19999989999984
-25.06246223031047, -16.990916927036473, -8.19999989999984
-23.070501437675595, -19.59497024435624, -8.19999989999984
-20.813743161127018, -21.973318433117576, -8.19999989999984
-18.31972214272288, -24.10149335535366, -8.19999989999984
-15.611780838959469, -25.94967949735072, -8.19999989999984
-12.718056331852445, -27.49074024990474, -8.19999989999984
-9.672073969579696, -28.703325857346776, -8.19999989999984
-6.511099577912517, -29.573266762405872, -8.19999989999984
-3.274103827459715, -30.093573372101112, -8.19999989999984
0.0, -30.265727850380156, -8.19999989999984
0.0, -30.265727850380156, -8.19999989999984
3.274103827459701, -30.0935733721011, -8.19999989999984
6.511099574471803, -29.573266746114815, -8.19999989999984
9.672073969753558, -28.70332585712472, -8.19999989999984
12.718056346744769, -27.49074028012704, -8.19999989999984
15.611780856667966, -25.949679524833464, -8.19999989999984
18.319722142722856, -24.10149335535365, -8.19999989999984
20.81374316112699, -21.973318433117562, -8.19999989999984
23.070501437675574, -19.594970244356237, -8.19999989999984
25.062462200360617, -16.990916906985376, -8.19999989999984
26.760028242428437, -14.186122925524169, -8.19999989999984
28.1392173677055, -11.211858983400159, -8.19999989999984
29.181698003344504, -8.103532367969535, -8.19999989999984
29.87723589205687, -4.899647293190275, -8.19999989999984
30.222828401975285, -1.639324525650749, -8.19999989999984
30.222828401975296, 1.639324525650767, -8.19999989999984
29.877235858592766, 4.899647287568671, -8.19999989999984
29.181698006595493, 8.103532370292754, -8.19999989999984
28.139217355611887, 11.211858980251499, -8.19999989999984
26.760028214302217, 14.186122911413538, -8.19999989999984
25.06246223031052, 16.990916927036526, -8.19999989999984
23.07050143767564, 19.59497024435629, -8.19999989999984
20.81374316112705, 21.973318433117612, -8.19999989999984
18.31972214272291, 24.10149335535369, -8.19999989999984
15.6117808389595, 25.949679497350747, -8.19999989999984
12.718056331852464, 27.490740249904764, -8.19999989999984
9.672073969579708, 28.70332585734678, -8.19999989999984
6.511099577912534, 29.57326676240587, -8.19999989999984
3.274103827459724, 30.093573372101083, -8.19999989999984
-4.440892098500626e-16, 30.265727850380156, -8.19999989999984
4.263256414560601e-14, 30.207992823461186, -8.29999989999984
-3.2677614237889294, 30.035882985120477, -8.29999989999984
-6.498419701899629, 29.51604709954343, -8.29999989999984
-9.653184461965353, 28.647394588733704, -8.29999989999984
-12.693269289285276, 27.437102594528824, -8.29999989999984
-15.581563219532368, 25.899307830796996, -8.29999989999984
-18.284578456161434, 24.05513468133502, -8.29999989999984
-20.77403720343273, 21.931372560975, -8.29999989999984
-23.026323107608533, 19.557516464283847, -8.29999989999984
-25.01402341778744, 16.95817727984769, -8.29999989999984
-26.707912420678714, 14.158556314092001, -8.29999989999984
-28.08430400864964, 11.189970133616468, -8.29999989999984
-29.12500351861159, 8.087720622804849, -8.29999989999984
-29.819699012052546, 4.890130296449128, -8.29999989999984
-30.165093117555955, 1.6361558080503422, -8.29999989999984
-30.165093117565007, -1.6361558078781997, -8.29999989999984
-29.81969897872294, -4.890130290670728, -8.29999989999984
-29.125003521818087, -8.087720624874954, -8.29999989999984
-28.084303997152713, -11.189970130446394, -8.29999989999984
-26.70791239385287, -14.158556300443399, -8.29999989999984
-25.014023447951377, -16.95817729983167, -8.29999989999984
-23.02632310772039, -19.55751646415269, -8.29999989999984
-20.774037203557732, -21.93137256085631, -8.29999989999984
-18.284578456298302, -24.05513468123025, -8.29999989999984
-15.581563202686183, -25.899307804316656, -8.29999989999984
-12.693269275195906, -27.43710256554316, -8.29999989999984
-9.653184461377, -28.647394587610222, -8.29999989999984
-6.498419704090942, -29.51604710985224, -8.29999989999984
-3.267761423788966, -30.03588298512048, -8.29999989999984
0.0, -30.207992823461186, -8.29999989999984
0.0, -30.207992823461186, -8.29999989999984
3.267761423788974, -30.035882985120466, -8.29999989999984
6.498419701899668, -29.516047099543375, -8.29999989999984
9.653184461965383, -28.647394588733615, -8.29999989999984
12.693269289285322, -27.43710259452877, -8.29999989999984
15.581563219532393, -25.899307830796904, -8.29999989999984
18.284578456161448, -24.055134681334902, -8.29999989999984
20.77403720343276, -21.931372560974896, -8.29999989999984
23.026323107608555, -19.55751646428374, -8.29999989999984
25.014023417787463, -16.95817727984759, -8.29999989999984
26.70791242067878, -14.158556314091928, -8.29999989999984
28.084304008649724, -11.189970133616399, -8.29999989999984
29.125003518611685, -8.087720622804783, -8.29999989999984
29.819699012052666, -4.890130296449067, -8.29999989999984
30.16509311755608, -1.636155808050276, -8.29999989999984
30.16509311756513, 1.6361558078782634, -8.29999989999984
29.819698978723032, 4.890130290670788, -8.29999989999984
29.125003521818172, 8.087720624875008, -8.29999989999984
28.084303997152777, 11.189970130446449, -8.29999989999984
26.707912393852883, 14.158556300443438, -8.29999989999984
25.01402344795141, 16.958177299831714, -8.29999989999984
23.026323107720437, 19.557516464152744, -8.29999989999984
20.774037203557768, 21.931372560856353, -8.29999989999984
18.284578456298327, 24.05513468123027, -8.29999989999984
15.581563202686219, 25.899307804316688, -8.29999989999984
12.69326927519593, 27.437102565543164, -8.29999989999984
9.65318446137702, 28.64739458761022, -8.29999989999984
6.49841970409096, 29.516047109852238, -8.29999989999984
3.2677614237889867, 30.03588298512046, -8.29999989999984
-4.440892098500626e-16, 30.207992823461186, -8.29999989999984
4.263256414560601e-14, 30.15025779654223, -8.39999989999984
-3.2614189973975836, 29.978192293630304, -8.39999989999984
-6.485739741999382, 29.458827112446638, -8.39999989999984
-9.634294915148512, 28.59146325031016, -8.39999989999984
-12.668482228701194, 27.38346487837212, -8.39999989999984
-15.551345448993066, 25.848935882731862, -8.39999989999984
-18.249434543851105, 24.0087757198028, -8.39999989999984
-20.734331214952178, 21.889426665258824, -8.39999989999984
-22.982144618626872, 19.520062532932023, -8.39999989999984
-24.965584343899554, 16.925437462272402, -8.39999989999984
-26.65579646296658, 14.130989650342046, -8.39999989999984
-28.029390647845155, 11.168081279318928, -8.39999989999984
-29.068308831569283, 8.071908802303378, -8.39999989999984
-29.762161747057004, 4.88061323648706, -8.39999989999984
-30.107357710183106, 1.6329870944355547, -8.39999989999984
-30.10735771018311, -1.6329870944354568, -8.39999989999984
-29.76216174705703, -4.880613236486965, -8.39999989999984
-29.06830883170944, -8.071908803509961, -8.39999989999984
-28.029390637753302, -11.168081276646461, -8.39999989999984
-26.655796439522785, -14.130989638607112, -8.39999989999984
-24.96558434389959, -16.925437462272317, -8.39999989999984
-22.98214461862692, -19.520062532931945, -8.39999989999984
-20.73433121495221, -21.889426665258725, -8.39999989999984
-18.249434543851134, -24.0087757198027, -8.39999989999984
-15.551345433809763, -25.848935858940987, -8.39999989999984
-12.668482216554631, -27.38346485366971, -8.39999989999984
-9.634294914596447, -28.591463249266376, -8.39999989999984
-6.485739744071263, -29.458827122186065, -8.39999989999984
-3.2614189973976413, -29.9781922936303, -8.39999989999984
0.0, -30.15025779654223, -8.39999989999984
0.0, -30.15025779654223, -8.39999989999984
3.2614189973976275, -29.978192293630297, -8.39999989999984
6.485739741999419, -29.458827112446578, -8.39999989999984
9.63429491514856, -28.591463250310124, -8.39999989999984
12.668482228701224, -27.383464878372042, -8.39999989999984
15.551345448993086, -25.848935882731766, -8.39999989999984
18.24943454385112, -24.008775719802685, -8.39999989999984
20.734331214952192, -21.889426665258707, -8.39999989999984
22.982144618626908, -19.520062532931924, -8.39999989999984
24.965584343899593, -16.925437462272306, -8.39999989999984
26.65579646296663, -14.130989650341954, -8.39999989999984
28.02939064784523, -11.168081279318844, -8.39999989999984
29.068308831569386, -8.0719088023033, -8.39999989999984
29.762161747057167, -4.880613236486988, -8.39999989999984
30.107357710183205, -1.6329870944354736, -8.39999989999984
30.10735771018323, 1.6329870944355434, -8.39999989999984
29.76216174705713, 4.880613236487051, -8.39999989999984
29.068308831709523, 8.071908803510045, -8.39999989999984
28.029390637753366, 11.168081276646538, -8.39999989999984
26.655796439522835, 14.130989638607177, -8.39999989999984
24.965584343899618, 16.925437462272374, -8.39999989999984
22.982144618626936, 19.520062532931995, -8.39999989999984
20.73433121495222, 21.88942666525877, -8.39999989999984
18.24943454385114, 24.008775719802745, -8.39999989999984
15.551345433809763, 25.848935858941033, -8.39999989999984
12.66848221655461, 27.38346485366973, -8.39999989999984
9.63429491459642, 28.591463249266386, -8.39999989999984
6.485739744071231, 29.458827122186076, -8.39999989999984
3.261418997397609, 29.978192293630304, -8.39999989999984
-4.440892098500626e-16, 30.15025779654223, -8.39999989999984
4.263256414560601e-14, 30.092522769623262, -8.499999899999839
-3.2550765479916537, 29.920501295425847, -8.499999899999839
-6.473059695242269, 29.401606788508797, -8.499999899999839
-9.615405329408116, 28.535531843018052, -8.499999899999839
-12.643695164656451, 27.329827131666907, -8.499999899999839
-15.521127544088191, 25.79856367951021, -8.499999899999839
-18.214290404955296, 23.962416470116, -8.499999899999839
-20.694625195890705, 21.84748074683141, -8.499999899999839
-22.937965968345786, 19.482608448872043, -8.499999899999839
-24.91714491782778, 16.892697414364925, -8.499999899999839
-26.603680372927233, 14.103422936805828, -8.499999899999839
-27.97447728521789, 11.146192420653463, -8.499999899999839
-29.011613941180652, 8.056096906250284, -8.499999899999839
-29.70462409293084, 4.871096112648579, -8.499999899999839
-30.04962217916119, 1.629818385015522, -8.499999899999839
-30.049622179161194, -1.6298183850154422, -8.499999899999839
-29.704624092930857, -4.871096112648503, -8.499999899999839
-29.01161394135691, -8.056096907407253, -8.499999899999839
-27.974477275645896, -11.1461924181188, -8.499999899999839
-26.603680350672196, -14.103422925668024, -8.499999899999839
-24.917144917827827, -16.89269741436485, -8.499999899999839
-22.93796596834582, -19.48260844887196, -8.499999899999839
-20.694625195890715, -21.84748074683131, -8.499999899999839
-18.21429040495531, -23.962416470115905, -8.499999899999839
-15.521127529616507, -25.798563656817972, -8.499999899999839
-12.643695153127304, -27.329827108217874, -8.499999899999839
-9.615405328892354, -28.535531842052983, -8.499999899999839
-6.473059697191055, -29.4016067976626, -8.499999899999839
-3.255076547991702, -29.920501295425854, -8.499999899999839
0.0, -30.092522769623262, -8.499999899999839
0.0, -30.092522769623262, -8.499999899999839
3.255076547991698, -29.920501295425847, -8.499999899999839
6.473059695242305, -29.40160678850874, -8.499999899999839
9.615405329408143, -28.535531843017967, -8.499999899999839
12.643695164656474, -27.329827131666818, -8.499999899999839
15.521127544088209, -25.798563679510107, -8.499999899999839
18.214290404955303, -23.962416470115887, -8.499999899999839
20.694625195890715, -21.847480746831298, -8.499999899999839
22.937965968345814, -19.48260844887195, -8.499999899999839
24.917144917827816, -16.892697414364843, -8.499999899999839
26.603680372927293, -14.103422936805764, -8.499999899999839
27.974477285217958, -11.146192420653403, -8.499999899999839
29.011613941180748, -8.056096906250234, -8.499999899999839
29.70462409293093, -4.871096112648529, -8.499999899999839
30.049622179161304, -1.6298183850154744, -8.499999899999839
30.049622179161315, 1.6298183850154906, -8.499999899999839
29.704624092930963, 4.871096112648553, -8.499999899999839
29.011613941357005, 8.056096907407294, -8.499999899999839
27.974477275645974, 11.146192418118833, -8.499999899999839
26.603680350672253, 14.103422925668056, -8.499999899999839
24.917144917827876, 16.892697414364882, -8.499999899999839
22.93796596834586, 19.48260844887198, -8.499999899999839
20.694625195890765, 21.847480746831334, -8.499999899999839
18.214290404955356, 23.96241647011592, -8.499999899999839
15.52112752961656, 25.798563656818004, -8.499999899999839
12.643695153127322, 27.329827108217856, -8.499999899999839
9.615405328892376, 28.535531842052986, -8.499999899999839
6.4730596971910765, 29.4016067976626, -8.499999899999839
3.255076547991721, 29.920501295425836, -8.499999899999839
-4.440892098500626e-16, 30.092522769623262, -8.499999899999839
4.263256414560601e-14, 30.034787742704307, -8.599999899999839
-3.2487340753599327, 29.862809988489737, -8.599999899999839
-6.460379561114902, 29.344386125940005, -8.599999899999839
-9.596515704606336, 28.47960036652302, -8.599999899999839
-12.618908097236787, 27.27618935422664, -8.599999899999839
-15.49090950430447, 25.748191219721196, -8.599999899999839
-18.179146037820498, 23.916056929838614, -8.599999899999839
-20.654919145738944, 21.80553480501417, -8.599999899999839
-22.89378715618939, 19.44515421135814, -8.599999899999839
-24.868705167083924, 16.8599571544342, -8.599999899999839
-26.55156414767086, 14.07585617193556, -8.599999899999839
-27.91956392077324, 11.124303557565971, -8.599999899999839
-28.954918846476616, 8.040284934158757, -8.599999899999839
-29.647086048294586, 4.861578924578224, -8.599999899999839
-29.991886523467215, 1.6266496797232501, -8.599999899999839
-29.99188652346722, -1.6266496797231615, -8.599999899999839
-29.6470860482946, -4.86157892457814, -8.599999899999839
-28.954918846684116, -8.040284935262845, -8.599999899999839
-27.919563911737114, -11.124303555173322, -8.599999899999839
-26.551564126643495, -14.075856161414118, -8.599999899999839
-24.86870516708396, -16.85995715443411, -8.599999899999839
-22.893787156189422, -19.445154211358055, -8.599999899999839
-20.654919145738965, -21.805534805014073, -8.599999899999839
-18.17914603782051, -23.916056929838515, -8.599999899999839
-15.490909490571063, -25.748191198170296, -8.599999899999839
-12.618908086345058, -27.276189332071887, -8.599999899999839
-9.596515704126935, -28.479600365635697, -8.599999899999839
-6.460379562936889, -29.344386134491565, -8.599999899999839
-3.2487340753599723, -29.862809988489726, -8.599999899999839
0.0, -30.034787742704303, -8.599999899999839
0.0, -30.034787742704303, -8.599999899999839
3.2487340753599727, -29.862809988489712, -8.599999899999839
6.4603795611149355, -29.344386125939945, -8.599999899999839
9.596515704606364, -28.479600366522945, -8.599999899999839
12.61890809723681, -27.27618935422655, -8.599999899999839
15.490909504304488, -25.748191219721104, -8.599999899999839
18.1791460378205, -23.9160569298385, -8.599999899999839
20.65491914573895, -21.80553480501406, -8.599999899999839
22.893787156189415, -19.44515421135805, -8.599999899999839
24.86870516708396, -16.859957154434113, -8.599999899999839
26.55156414767092, -14.075856171935488, -8.599999899999839
27.919563920773328, -11.124303557565918, -8.599999899999839
28.954918846476712, -8.040284934158706, -8.599999899999839
29.64708604829468, -4.8615789245781755, -8.599999899999839
29.99188652346734, -1.6266496797232028, -8.599999899999839
29.991886523467326, 1.6266496797232146, -8.599999899999839
29.647086048294696, 4.86157892457819, -8.599999899999839
28.954918846684215, 8.040284935262896, -8.599999899999839
27.919563911737182, 11.124303555173364, -8.599999899999839
26.55156412664356, 14.075856161414155, -8.599999899999839
24.868705167084034, 16.85995715443415, -8.599999899999839
22.893787156189468, 19.44515421135808, -8.599999899999839
20.65491914573902, 21.8055348050141, -8.599999899999839
18.17914603782056, 23.91605692983853, -8.599999899999839
15.4909094905711, 25.7481911981703, -8.599999899999839
12.618908086345106, 27.276189332071922, -8.599999899999839
9.596515704126961, 28.479600365635694, -8.599999899999839
6.460379562936911, 29.34438613449156, -8.599999899999839
3.248734075360002, 29.862809988489715, -8.599999899999839
-8.881784197001252e-16, 30.034787742704307, -8.599999899999839
4.263256414560601e-14, 29.977052715785337, -8.699999899999838
-3.242391579289473, 29.805118370717285, -8.699999899999838
-6.4476993390910495, 29.287165122939808, -8.699999899999838
-9.577626040604029, 28.42366882048903, -8.699999899999838
-12.594121005031024, 27.222551495921046, -8.699999899999838
-15.46069132910592, 25.697818501883727, -8.699999899999838
-18.144001440610474, 23.869697096541483, -8.699999899999838
-20.615213063930536, 21.763588839280384, -8.699999899999838
-22.84960818141412, 19.407699819683415, -8.699999899999838
-24.8202650885353, 16.827216680435594, -8.699999899999838
-26.499447786561706, 14.04828935546824, -8.699999899999838
-27.86465053149949, 11.102414680627621, -8.699999899999838
-28.898223546679407, 8.024472885519769, -8.699999899999838
-29.589547593581635, 4.852061668549978, -8.699999899999838
-29.93415074204524, 1.6234809785785296, -8.699999899999838
-29.93415074204525, -1.623480978578465, -8.699999899999838
-29.58954760860361, -4.852061671500635, -8.699999899999838
-28.89822354668552, -8.024472886695335, -8.699999899999838
-27.86465054598762, -11.102414687868444, -8.699999899999838
-26.499447815106723, -14.048289372304241, -8.699999899999838
-24.820265093513353, -16.82721668443824, -8.699999899999838
-22.849608181414155, -19.407699819683355, -8.699999899999838
-20.615213063930543, -21.763588839280292, -8.699999899999838
-18.144001440610484, -23.869697096541397, -8.699999899999838
-15.460691316012053, -25.6978184816657, -8.699999899999838
-12.5941210161328, -27.22255152511936, -8.699999899999838
-9.57762604495415, -28.423668840993436, -8.699999899999838
-6.4476993406198195, -29.28716513098971, -8.699999899999838
-3.242391579289503, -29.80511837071728, -8.699999899999838
0.0, -29.977052715785337, -8.699999899999838
4.440892098500626e-16, -29.977052715785337, -8.699999899999838
3.2423915792895164, -29.805118370717267, -8.699999899999838
6.447699339091089, -29.287165122939758, -8.699999899999838
9.577626040604068, -28.423668820488984, -8.699999899999838
12.594121005031052, -27.222551495920964, -8.699999899999838
15.460691329105938, -25.69781850188363, -8.699999899999838
18.144001440610495, -23.869697096541376, -8.699999899999838
20.615213063930547, -21.763588839280267, -8.699999899999838
22.849608181414155, -19.407699819683327, -8.699999899999838
24.820265088535326, -16.8272166804355, -8.699999899999838
26.499447786561756, -14.048289355468162, -8.699999899999838
27.864650531499567, -11.102414680627557, -8.699999899999838
28.898223546679503, -8.024472885519707, -8.699999899999838
29.589547593581738, -4.85206166854992, -8.699999899999838
29.93415074204535, -1.6234809785784732, -8.699999899999838
29.934150742045357, 1.623480978578522, -8.699999899999838
29.589547608603706, 4.852061671500699, -8.699999899999838
28.898223546685607, 8.024472886695394, -8.699999899999838
27.864650545987683, 11.1024146878685, -8.699999899999838
26.49944781510676, 14.048289372304284, -8.699999899999838
24.820265093513367, 16.827216684438273, -8.699999899999838
22.849608181414187, 19.407699819683394, -8.699999899999838
20.61521306393056, 21.76358883928033, -8.699999899999838
18.144001440610502, 23.869697096541437, -8.699999899999838
15.460691316012076, 25.69781848166575, -8.699999899999838
12.594121016132796, 27.222551525119357, -8.699999899999838
9.577626044954156, 28.42366884099344, -8.699999899999838
6.447699340619824, 29.287165130989706, -8.699999899999838
3.242391579289513, 29.805118370717306, -8.699999899999838
-4.440892098500626e-16, 29.977052715785337, -8.699999899999838
4.263256414560601e-14, 29.919317688866382, -8.799999899999838
-3.2360490594899765, 29.74742644020696, -8.799999899999838
-6.435019028521802, 29.229943777721118, -8.799999899999838
-9.558736337053553, 28.367737204647693, -8.799999899999838
-12.569333931829568, 27.1689136588303, -8.799999899999838
-15.43047301767342, 25.64744552483427, -8.799999899999838
-18.10885661298631, 23.82333696947119, -8.799999899999838
-20.575506950924556, 21.721642850123057, -8.799999899999838
-22.80542904194899, 19.370245272144953, -8.799999899999838
-24.771824682814408, 16.79447599318088, -8.799999899999838
-26.44733128886853, 14.02072248731114, -8.799999899999838
-27.809737164456823, 11.080525809049902, -8.799999899999838
-28.8415280403616, 8.00866076003931, -8.799999899999838
-29.532008760741867, 4.8425443504902645, -8.799999899999838
-29.876414834243494, 1.620312281523491, -8.799999899999838
-29.876414834243498, -1.6203122815233981, -8.799999899999838
-29.53200877612039, -4.842544353499126, -8.799999899999838
-28.84152804039443, -8.008660761156486, -8.799999899999838
-27.809737178456906, -11.08052581601408, -8.799999899999838
-26.447331316539557, -14.02072250359935, -8.799999899999838
-24.77182468745474, -16.794475996950737, -8.799999899999838
-22.80542904194904, -19.370245272144857, -8.799999899999838
-20.57550695092461, -21.72164285012298, -8.799999899999838
-18.108856612986344, -23.823336969471086, -8.799999899999838
-15.430473005398754, -25.64744550588743, -8.799999899999838
-12.569333942635826, -27.16891368714487, -8.799999899999838
-9.558736341200945, -28.367737224210952, -8.799999899999838
-6.435019029925495, -29.229943785177664, -8.799999899999838
-3.2360490594900275, -29.747426440206958, -8.799999899999838
0.0, -29.91931768886638, -8.799999899999838
4.440892098500626e-16, -29.91931768886638, -8.799999899999838
3.236049059490022, -29.747426440206954, -8.799999899999838
6.435019028521841, -29.229943777721054, -8.799999899999838
9.5587363370536, -28.367737204647646, -8.799999899999838
12.56933393182961, -27.16891365883023, -8.799999899999838
15.43047301767344, -25.64744552483417, -8.799999899999838
18.108856612986326, -23.82333696947108, -8.799999899999838
20.575506950924584, -21.72164285012296, -8.799999899999838
22.805429041949026, -19.370245272144857, -8.799999899999838
24.771824682814426, -16.794475993180768, -8.799999899999838
26.447331288868597, -14.020722487311064, -8.799999899999838
27.809737164456898, -11.080525809049828, -8.799999899999838
28.8415280403617, -8.008660760039243, -8.799999899999838
29.53200876074196, -4.842544350490196, -8.799999899999838
29.87641483424361, -1.6203122815234254, -8.799999899999838
29.876414834243597, 1.620312281523462, -8.799999899999838
29.53200877612049, 4.842544353499198, -8.799999899999838
28.841528040394493, 8.008660761156555, -8.799999899999838
27.80973717845696, 11.08052581601414, -8.799999899999838
26.4473313165396, 14.020722503599403, -8.799999899999838
24.771824687454775, 16.79447599695079, -8.799999899999838
22.805429041949075, 19.370245272144917, -8.799999899999838
20.575506950924627, 21.721642850123008, -8.799999899999838
18.10885661298636, 23.823336969471118, -8.799999899999838
15.430473005398767, 25.647445505887458, -8.799999899999838
12.569333942635847, 27.1689136871449, -8.799999899999838
9.558736341200953, 28.36773722421095, -8.799999899999838
6.4350190299255035, 29.229943785177664, -8.799999899999838
3.2360490594900404, 29.74742644020698, -8.799999899999838
-4.440892098500626e-16, 29.919317688866382, -8.799999899999838
4.263256414560601e-14, 29.86158266194741, -8.899999899999838
-3.2297065157636813, 29.689734194845784, -8.899999899999838
-6.4223386293650515, 29.17272209152049, -8.899999899999838
-9.539846593933458, 28.31180551949019, -8.899999899999838
-12.544546855013072, 27.115275790587443, -8.899999899999838
-15.40025456931351, 25.597072287225554, -8.899999899999838
-18.073711552906058, 23.77697654623808, -8.899999899999838
-20.535800806002218, 21.679696837105023, -8.899999899999838
-22.761249736958085, 19.332790568158842, -8.899999899999838
-24.723383946638503, 16.761735090690234, -8.899999899999838
-26.395214653892207, 13.993155567302209, -8.899999899999838
-27.754823795507182, 11.05863693305505, -8.899999899999838
-28.78483232671665, 7.992848557281173, -8.899999899999838
-29.474469530446516, 4.833026966772969, -8.899999899999838
-29.81867879897529, 1.6171435886220495, -8.899999899999838
-29.81867879897906, -1.6171435885512464, -8.899999899999838
-29.474469546190097, -4.833026969769844, -8.899999899999838
-28.78483232678992, -7.99284855826839, -8.899999899999838
-27.754823809095114, -11.058636939694567, -8.899999899999838
-26.395214680826964, -13.993155583035778, -8.899999899999838
-24.72338395098084, -16.761735094168895, -8.899999899999838
-22.761249737004047, -19.33279056810487, -8.899999899999838
-20.53580080605361, -21.67969683705621, -8.899999899999838
-18.073711552962365, -23.776976546195034, -8.899999899999838
-15.400254557944836, -25.597072269555397, -8.899999899999838
-12.544546865638297, -27.115275818099455, -8.899999899999838
-9.539846597602144, -28.311805537370258, -8.899999899999838
-6.422338629992916, -29.17272209549899, -8.899999899999838
-3.22970651576372, -29.68973419484577, -8.899999899999838
0.0, -29.86158266194741, -8.899999899999838
4.440892098500626e-16, -29.861582661947413, -8.899999899999838
3.229706515763723, -29.68973419484576, -8.899999899999838
6.422338629365087, -29.172722091520427, -8.899999899999838
9.539846593933511, -28.31180551949017, -8.899999899999838
12.544546855013103, -27.11527579058736, -8.899999899999838
15.400254569313532, -25.59707228722546, -8.899999899999838
18.07371155290608, -23.77697654623797, -8.899999899999838
20.535800806002246, -21.679696837104917, -8.899999899999838
22.76124973695813, -19.33279056815875, -8.899999899999838
24.72338394663854, -16.76173509069013, -8.899999899999838
26.395214653892282, -13.993155567302127, -8.899999899999838
27.754823795507274, -11.058636933054975, -8.899999899999838
28.784832326716742, -7.992848557281099, -8.899999899999838
29.474469530446623, -4.833026966772892, -8.899999899999838
29.818678798975416, -1.6171435886219718, -8.899999899999838
29.818678798979178, 1.6171435885513221, -8.899999899999838
29.474469546190193, 4.8330269697699135, -8.899999899999838
28.784832326790017, 7.992848558268456, -8.899999899999838
27.754823809095175, 11.058636939694622, -8.899999899999838
26.395214680827, 13.993155583035824, -8.899999899999838
24.72338395098087, 16.76173509416894, -8.899999899999838
22.761249737004082, 19.332790568104915, -8.899999899999838
20.53580080605364, 21.67969683705624, -8.899999899999838
18.073711552962386, 23.77697654619507, -8.899999899999838
15.400254557944859, 25.597072269555444, -8.899999899999838
12.544546865638289, 27.115275818099455, -8.899999899999838
9.53984659760215, 28.31180553737028, -8.899999899999838
6.422338629992916, 29.172722095498987, -8.899999899999838
3.229706515763709, 29.689734194845734, -8.899999899999838
0.0, 29.861582661947413, -8.899999899999838
4.263256414560601e-14, 29.80384763502844, -8.999999899999837
-3.223363947874044, 29.63204163540736, -8.999999899999837
-6.409658138110095, 29.11550004616432, -8.999999899999837
-9.52095680992629, 28.255873760298964, -8.999999899999837
-12.519759788648715, 27.061637922256168, -8.999999899999837
-15.370035976596723, 25.54669877491921, -8.999999899999837
-18.03856625693613, 23.730615821011657, -8.999999899999837
-20.49609462759535, 21.637750797857276, -8.999999899999837
-22.717070254204856, 19.295335697214984, -8.999999899999837
-24.674942836894946, 16.728993943351117, -8.999999899999837
-26.343097884017638, 13.965588596504869, -8.999999899999837
-27.699910439844885, 11.03674805847917, -8.999999899999837
-28.72813640070721, 7.977036275566039, -8.999999899999837
-29.416929913456226, 4.823509519127987, -8.999999899999837
-29.760942634027884, 1.613974899673092, -8.999999899999837
-29.76094263683057, -1.6139748992085852, -8.999999899999837
-29.416929893261344, -4.823509515116705, -8.999999899999837
-28.728136409096887, -7.977036278857998, -8.999999899999837
-27.699910436748006, -11.036748058341828, -8.999999899999837
-26.343097876577392, -13.965588593303991, -8.999999899999837
-24.674942887583207, -16.728993978271628, -8.999999899999837
-22.717070267454353, -19.29533570803104, -8.999999899999837
-20.49609464051318, -21.637750811123546, -8.999999899999837
-18.038566271024848, -23.7306158386818, -8.999999899999837
-15.370035972124398, -25.546698769429653, -8.999999899999837
-12.519759783727059, -27.06163791358721, -8.999999899999837
-9.520956810590766, -28.255873764167454, -8.999999899999837
-6.409658140405031, -29.11550005960593, -8.999999899999837
-3.2233639477609297, -29.632041633675414, -8.999999899999837
0.0, -29.803847635028454, -8.999999899999837
4.440892098500626e-16, -29.803847635028454, -8.999999899999837
3.223363947874087, -29.63204163540735, -8.999999899999837
6.4096581381101325, -29.115500046164268, -8.999999899999837
9.520956809926309, -28.255873760298858, -8.999999899999837
12.519759788648749, -27.061637922256086, -8.999999899999837
15.370035976596748, -25.54669877491912, -8.999999899999837
18.038566256936146, -23.730615821011547, -8.999999899999837
20.496094627595383, -21.637750797857176, -8.999999899999837
22.717070254204913, -19.295335697214906, -8.999999899999837
24.674942836894978, -16.728993943351014, -8.999999899999837
26.343097884017705, -13.965588596504794, -8.999999899999837
27.699910439844974, -11.036748058479105, -8.999999899999837
28.7281364007073, -7.97703627556598, -8.999999899999837
29.41692991345631, -4.823509519127928, -8.999999899999837
29.760942634027973, -1.6139748996730365, -8.999999899999837
29.760942636830645, 1.613974899208642, -8.999999899999837
29.41692989326142, 4.8235095151167595, -8.999999899999837
28.72813640909697, 7.9770362788580425, -8.999999899999837
27.699910436748077, 11.036748058341866, -8.999999899999837
26.34309787657744, 13.965588593304023, -8.999999899999837
24.674942887583263, 16.728993978271667, -8.999999899999837
22.7170702674544, 19.29533570803107, -8.999999899999837
20.49609464051319, 21.63775081112353, -8.999999899999837
18.03856627102489, 23.730615838681825, -8.999999899999837
15.370035972124455, 25.546698769429707, -8.999999899999837
12.519759783727082, 27.061637913587205, -8.999999899999837
9.520956810590803, 28.25587376416749, -8.999999899999837
6.409658140405054, 29.115500059605925, -8.999999899999837
3.2233639477609453, 29.632041633675385, -8.999999899999837
-8.881784197001252e-16, 29.80384763502844, -8.999999899999837
4.263256414560601e-14, 29.746112608109485, -9.099999899999837
-3.217021355430007, 29.574348753763946, -9.099999899999837
-6.396977558621875, 29.05827766396945, -9.099999899999837
-9.502066986620612, 28.199941933264885, -9.099999899999837
-12.49497270661662, 27.0079999945939, -9.099999899999837
-15.339817257080647, 25.496325019044626, -9.099999899999837
-18.003420727157934, 23.684254797803668, -9.099999899999837
-20.45638841733041, 21.595804734946253, -9.099999899999837
-22.672890615021583, 19.257880677005765, -9.099999899999837
-24.626501434516, 16.69625260695111, -9.099999899999837
-26.290980972283375, 13.938021571802034, -9.099999899999837
-27.644997068129047, 11.014859173854985, -9.099999899999837
-28.671440267597, 7.961223916389333, -9.099999899999837
-29.359389872285394, 4.813992000977796, -9.099999899999837
-29.70320633963119, 1.6108062149020905, -9.099999899999837
-29.70320634382298, -1.6108062144536635, -9.099999899999837
-29.359389861398437, -4.81399199839128, -9.099999899999837
-28.671440277483715, -7.96122391969731, -9.099999899999837
-27.644997063897694, -11.01485917284656, -9.099999899999837
-26.2909809612943, -13.938021566168333, -9.099999899999837
-24.626501479122517, -16.696252637577608, -9.099999899999837
-22.67289062913023, -19.25788068846524, -9.099999899999837
-20.45638843115746, -21.595804749151384, -9.099999899999837
-18.003420742250594, -23.68425481679953, -9.099999899999837
-15.339817249628435, -25.49632500772629, -9.099999899999837
-12.49497270043244, -27.007999982068068, -9.099999899999837
-9.502066987907588, -28.19994193726849, -9.099999899999837
-6.396977550032218, -29.058277626754652, -9.099999899999837
-3.2170213555543383, -29.574348754128184, -9.099999899999837
0.0, -29.746112608109485, -9.099999899999837
0.0, -29.746112608109485, -9.099999899999837
3.217021355430043, -29.574348753763875, -9.099999899999837
6.39697755862191, -29.05827766396939, -9.099999899999837
9.502066986620656, -28.19994193326485, -9.099999899999837
12.494972706616656, -27.007999994593842, -9.099999899999837
15.339817257080666, -25.496325019044534, -9.099999899999837
18.00342072715795, -23.684254797803558, -9.099999899999837
20.456388417330427, -21.595804734946142, -9.099999899999837
22.672890615021643, -19.257880677005687, -9.099999899999837
24.626501434516026, -16.696252606951003, -9.099999899999837
26.290980972283435, -13.938021571801947, -9.099999899999837
27.64499706812913, -11.014859173854907, -9.099999899999837
28.671440267597085, -7.961223916389256, -9.099999899999837
29.359389872285494, -4.8139920009777235, -9.099999899999837
29.703206339631297, -1.610806214902021, -9.099999899999837
29.703206343823084, 1.6108062144537403, -9.099999899999837
29.359389861398522, 4.813991998391362, -9.099999899999837
28.671440277483775, 7.961223919697387, -9.099999899999837
27.644997063897744, 11.014859172846636, -9.099999899999837
26.29098096129433, 13.9380215661684, -9.099999899999837
24.626501479122524, 16.69625263757767, -9.099999899999837
22.67289062913024, 19.257880688465296, -9.099999899999837
20.45638843115744, 21.5958047491514, -9.099999899999837
18.003420742250594, 23.684254816799584, -9.099999899999837
15.339817249628432, 25.496325007726327, -9.099999899999837
12.494972700432443, 27.007999982068107, -9.099999899999837
9.50206698790758, 28.199941937268505, -9.099999899999837
6.396977550032224, 29.058277626754688, -9.099999899999837
3.217021355554339, 29.5743487541282, -9.099999899999837
-4.440892098500626e-16, 29.746112608109485, -9.099999899999837
4.263256414560601e-14, 29.68837758119053, -9.199999899999836
-3.2106787384267514, 29.516655550911235, -9.199999899999836
-6.384296888574441, 29.00105493216487, -9.199999899999836
-9.483177123378072, 28.14401003499567, -9.199999899999836
-12.470185620732108, 26.954362032861287, -9.199999899999836
-15.309598397801187, 25.445950995165, -9.199999899999836
-17.968274961637633, 23.637893473697993, -9.199999899999836
-20.41668217448297, 21.55385864742747, -9.199999899999836
-22.628710806826764, 19.220425496960402, -9.199999899999836
-24.578059696058133, 16.663511051613014, -9.199999899999836
-26.238863921441602, 13.910454494174466, -9.199999899999836
-27.590083694141565, 10.992970283933646, -9.199999899999836
-28.614743927333425, 7.94541147870406, -9.199999899999836
-29.301849431735597, 4.804474416603899, -9.199999899999836
-29.64546991446414, 1.6076375342709885, -9.199999899999836
-29.64546992047413, -1.6076375338552629, -9.199999899999836
-29.30184942495524, -4.8044744146201666, -9.199999899999836
-28.614743935408097, -7.945411482160249, -9.199999899999836
-27.590083689031108, -10.992970283235525, -9.199999899999836
-26.238863908352958, -13.910454488117928, -9.199999899999836
-24.578059755920922, -16.663511092668404, -9.199999899999836
-22.628710821499883, -19.2204255087862, -9.199999899999836
-20.41668218925967, -21.55385866261416, -9.199999899999836
-17.968274976872664, -23.637893492911562, -9.199999899999836
-15.309598388240186, -25.44595098137542, -9.199999899999836
-12.470185613370873, -26.954362019161483, -9.199999899999836
-9.483177123865214, -28.144010038381357, -9.199999899999836
-6.384296886124701, -29.001054923522624, -9.199999899999836
-3.2106787388739564, -29.5166555539858, -9.199999899999836
0.0, -29.68837758119053, -9.199999899999836
0.0, -29.68837758119053, -9.199999899999836
3.210678738426785, -29.516655550911146, -9.199999899999836
6.384296888574471, -29.00105493216479, -9.199999899999836
9.48317712337812, -28.144010034995638, -9.199999899999836
12.470185620732146, -26.954362032861216, -9.199999899999836
15.309598397801214, -25.445950995164896, -9.199999899999836
17.968274961637643, -23.63789347369786, -9.199999899999836
20.416682174483004, -21.55385864742737, -9.199999899999836
22.6287108068268, -19.22042549696031, -9.199999899999836
24.578059696058173, -16.663511051612925, -9.199999899999836
26.238863921441663, -13.910454494174385, -9.199999899999836
27.590083694141647, -10.992970283933571, -9.199999899999836
28.614743927333524, -7.945411478703993, -9.199999899999836
29.301849431735697, -4.804474416603832, -9.199999899999836
29.645469914464257, -1.6076375342709222, -9.199999899999836
29.645469920474238, 1.607637533855332, -9.199999899999836
29.301849424955318, 4.804474414620226, -9.199999899999836
28.61474393540817, 7.945411482160308, -9.199999899999836
27.590083689031164, 10.99297028323558, -9.199999899999836
26.238863908353, 13.91045448811797, -9.199999899999836
24.57805975592094, 16.663511092668436, -9.199999899999836
22.628710821499926, 19.220425508786253, -9.199999899999836
20.41668218925966, 21.553858662614168, -9.199999899999836
17.968274976872678, 23.637893492911598, -9.199999899999836
15.3095983882402, 25.445950981375482, -9.199999899999836
12.47018561337087, 26.95436201916152, -9.199999899999836
9.483177123865197, 28.144010038381364, -9.199999899999836
6.384296886124664, 29.001054923522567, -9.199999899999836
3.210678738873931, 29.51665555398579, -9.199999899999836
-4.440892098500626e-16, 29.688377581190515, -9.199999899999836
3.907985046680551e-14, 29.63064255427156, -9.299999899999836
-3.204336096417057, 29.458962024729264, -9.299999899999836
-6.37161612898244, 28.943831858355953, -9.299999899999836
-9.46428722002101, 28.088078067439906, -9.299999899999836
-12.445398529924478, 26.900724038231832, -9.299999899999836
-15.279379396148924, 25.395576701817493, -9.299999899999836
-17.93312897367443, 23.59153186489387, -9.299999899999836
-20.376975914608753, 21.511912551271212, -9.299999899999836
-22.58453082828554, 19.18297015610576, -9.299999899999836
-24.529617619355257, 16.63076927647023, -9.299999899999836
-26.18674671765767, 13.882887357378685, -9.299999899999836
-27.535170317470087, 10.971081390107331, -9.299999899999836
-28.55804737658375, 7.929598963159458, -9.299999899999836
-29.24430858157463, 4.794956762997359, -9.299999899999836
-29.587733365812046, 1.6044688573089636, -9.299999899999836
-29.587733365812056, -1.6044688573089056, -9.299999899999836
-29.244308581574654, -4.794956762997305, -9.299999899999836
-28.558047376583776, -7.929598963159402, -9.299999899999836
-27.535170317470122, -10.971081390107283, -9.299999899999836
-26.186746717657705, -13.882887357378635, -9.299999899999836
-24.52961761935528, -16.63076927647017, -9.299999899999836
-22.58453082828556, -19.182970156105693, -9.299999899999836
-20.37697591460879, -21.51191255127117, -9.299999899999836
-17.933128973674435, -23.59153186489379, -9.299999899999836
-15.279379396148936, -25.39557670181741, -9.299999899999836
-12.445398529924484, -26.900724038231736, -9.299999899999836
-9.464287220021033, -28.088078067439852, -9.299999899999836
-6.371616128982464, -28.943831858355917, -9.299999899999836
-3.204336096417089, -29.45896202472927, -9.299999899999836
0.0, -29.63064255427156, -9.299999899999836
4.440892098500626e-16, -29.63064255427156, -9.299999899999836
3.204336096417098, -29.458962024729264, -9.299999899999836
6.371616128982474, -28.9438318583559, -9.299999899999836
9.464287220021044, -28.088078067439852, -9.299999899999836
12.4453985299245, -26.90072403823174, -9.299999899999836
15.279379396148943, -25.395576701817397, -9.299999899999836
17.93312897367445, -23.591531864893774, -9.299999899999836
20.376975914608824, -21.511912551271173, -9.299999899999836
22.584530828285537, -19.182970156105654, -9.299999899999836
24.529617619355303, -16.630769276470158, -9.299999899999836
26.186746717657716, -13.882887357378614, -9.299999899999836
27.53517031747017, -10.971081390107273, -9.299999899999836
28.558047376583843, -7.929598963159402, -9.299999899999836
29.244308581574664, -4.794956762997293, -9.299999899999836
29.58773336581212, -1.6044688573089112, -9.299999899999836
29.587733365812127, 1.6044688573089496, -9.299999899999836
29.244308581574682, 4.79495676299733, -9.299999899999836
28.55804737658386, 7.929598963159437, -9.299999899999836
27.535170317470207, 10.971081390107317, -9.299999899999836
26.186746717657773, 13.882887357378662, -9.299999899999836
24.52961761935534, 16.630769276470197, -9.299999899999836
22.58453082828559, 19.18297015610571, -9.299999899999836
20.376975914608863, 21.511912551271223, -9.299999899999836
17.933128973674496, 23.591531864893835, -9.299999899999836
15.279379396148979, 25.39557670181744, -9.299999899999836
12.44539852992451, 26.900724038231743, -9.299999899999836
9.464287220021053, 28.088078067439852, -9.299999899999836
6.371616128982492, 28.943831858355917, -9.299999899999836
3.204336096417116, 29.458962024729313, -9.299999899999836
-8.881784197001252e-16, 29.63064255427156, -9.299999899999836
3.907985046680551e-14, 29.572907527352598, -9.399999899999836
-3.197993429143283, 29.401268173059027, -9.399999899999836
-6.358935274879883, 28.886608419993955, -9.399999899999836
-9.445397272988043, 28.032146027027515, -9.399999899999836
-12.42061141221329, 26.847085955964413, -9.399999899999836
-15.249160255009308, 25.345202140323217, -9.399999899999836
-17.89798273123578, 23.545169930752184, -9.399999899999836
-20.337269606956017, 21.46996641491283, -9.399999899999836
-22.540350678145252, 19.145514653348425, -9.399999899999836
-24.481175202416765, 16.598027280368207, -9.399999899999836
-26.134629439160612, 13.855320203950937, -9.399999899999836
-27.480256918355774, 10.949192482665424, -9.399999899999836
-28.501350632093125, 7.913786372456367, -9.399999899999836
-29.186767328834595, 4.785439042998474, -9.399999899999836
-29.52999667885001, 1.6013001848064625, -9.399999899999836
-29.529996678850015, -1.601300184806397, -9.399999899999836
-29.18676732883462, -4.785439042998411, -9.399999899999836
-28.501350632093157, -7.9137863724563005, -9.399999899999836
-27.480256918355817, -10.94919248266536, -9.399999899999836
-26.134629439160655, -13.855320203950878, -9.399999899999836
-24.481175202416807, -16.59802728036815, -9.399999899999836
-22.540350678145273, -19.14551465334835, -9.399999899999836
-20.337269606956035, -21.46996641491275, -9.399999899999836
-17.897982731235775, -23.54516993075207, -9.399999899999836
-15.249160255009322, -25.345202140323142, -9.399999899999836
-12.420611412213304, -26.847085955964342, -9.399999899999836
-9.445397272988053, -28.032146027027444, -9.399999899999836
-6.358935274879901, -28.886608419993912, -9.399999899999836
-3.1979934291433034, -29.40126817305901, -9.399999899999836
0.0, -29.572907527352598, -9.399999899999836
0.0, -29.572907527352594, -9.399999899999836
3.1979934291433203, -29.401268173058998, -9.399999899999836
6.358935274879919, -28.8866084199939, -9.399999899999836
9.445397272988078, -28.032146027027444, -9.399999899999836
12.420611412213328, -26.847085955964342, -9.399999899999836
15.249160255009336, -25.345202140323128, -9.399999899999836
17.897982731235786, -23.545169930752053, -9.399999899999836
20.33726960695607, -21.46996641491275, -9.399999899999836
22.540350678145295, -19.145514653348332, -9.399999899999836
24.481175202416832, -16.598027280368136, -9.399999899999836
26.13462943916068, -13.855320203950868, -9.399999899999836
27.480256918355863, -10.949192482665358, -9.399999899999836
28.501350632093224, -7.913786372456299, -9.399999899999836
29.186767328834737, -4.785439042998412, -9.399999899999836
29.52999667885015, -1.6013001848063946, -9.399999899999836
29.529996678850143, 1.601300184806467, -9.399999899999836
29.186767328834765, 4.785439042998487, -9.399999899999836
28.501350632093235, 7.91378637245637, -9.399999899999836
27.480256918355877, 10.94919248266543, -9.399999899999836
26.13462943916069, 13.855320203950933, -9.399999899999836
24.481175202416853, 16.598027280368214, -9.399999899999836
22.5403506781453, 19.145514653348393, -9.399999899999836
20.337269606956028, 21.469966414912765, -9.399999899999836
17.897982731235786, 23.54516993075211, -9.399999899999836
15.249160255009336, 25.345202140323178, -9.399999899999836
12.420611412213319, 26.847085955964367, -9.399999899999836
9.445397272988066, 28.032146027027462, -9.399999899999836
6.358935274879906, 28.886608419993916, -9.399999899999836
3.1979934291433056, 29.40126817305899, -9.399999899999836
-4.440892098500626e-16, 29.5729075273526, -9.399999899999836
4.263256414560601e-14, 29.515172500433636, -9.499999899999835
-3.1916507362209976, 29.343573993735596, -9.499999899999835
-6.346254327643848, 28.82938462576509, -9.499999899999835
-9.426507290699933, 27.97621392335982, -9.499999899999835
-12.395824321037122, 26.79344791207603, -9.499999899999835
-15.21894097267523, 25.29482731047759, -9.499999899999835
-17.862836245092044, 23.49880768419374, -9.499999899999835
-20.29756325008899, 21.428020236121966, -9.499999899999835
-22.496170363277688, 19.10805899284862, -9.499999899999835
-24.43273246052867, 16.565285073565708, -9.499999899999835
-26.082511953550945, 13.827752960074152, -9.499999899999835
-27.42534354124419, 10.927303580497368, -9.499999899999835
-28.44465363601137, 7.897973691779222, -9.499999899999835
-29.129225630193446, 4.775921248545457, -9.499999899999835
-29.47225982825491, 1.59813151487629, -9.499999899999835
-29.47225984443973, -1.5981315171087376, -9.499999899999835
-29.129225685647704, -4.775921259346596, -9.499999899999835
-28.444653636021794, -7.897973691741632, -9.499999899999835
-27.42534354125864, -10.927303580461137, -9.499999899999835
-26.08251195356924, -13.827752960039701, -9.499999899999835
-24.432732437665724, -16.56528505809558, -9.499999899999835
-22.496170362369085, -19.10805899369049, -9.499999899999835
-20.29756327360544, -21.42802026420958, -9.499999899999835
-17.862836228838123, -23.49880766625263, -9.499999899999835
-15.218940972708586, -25.294827310457414, -9.499999899999835
-12.395824321072471, -26.793447912059598, -9.499999899999835
-9.42650729073685, -27.976213923347334, -9.499999899999835
-6.346254327681899, -28.829384625756703, -9.499999899999835
-3.191650735268296, -29.343573984096782, -9.499999899999835
0.0, -29.515172500433636, -9.499999899999835
4.440892098500626e-16, -29.515172500433636, -9.499999899999835
3.1916507362210416, -29.343573993735586, -9.499999899999835
6.346254327643888, -28.829384625765034, -9.499999899999835
9.426507290699973, -27.976213923359754, -9.499999899999835
12.395824321037162, -26.79344791207596, -9.499999899999835
15.218940972675254, -25.294827310477498, -9.499999899999835
17.86283624509206, -23.49880768419363, -9.499999899999835
20.297563250089013, -21.428020236121863, -9.499999899999835
22.49617036327797, -19.10805899284874, -9.499999899999835
24.432732460528943, -16.565285073565796, -9.499999899999835
26.082511953551005, -13.827752960074095, -9.499999899999835
27.425343541244263, -10.927303580497316, -9.499999899999835
28.444653636011456, -7.897973691779178, -9.499999899999835
29.129225630193545, -4.775921248545413, -9.499999899999835
29.472259828255012, -1.5981315148762443, -9.499999899999835
29.472259844439655, 1.598131517108779, -9.499999899999835
29.129225685647913, 4.77592125934667, -9.499999899999835
28.444653636021872, 7.897973691741679, -9.499999899999835
27.4253435412587, 10.927303580461171, -9.499999899999835
26.082511953569306, 13.827752960039733, -9.499999899999835
24.43273243766578, 16.565285058095597, -9.499999899999835
22.496170362369156, 19.108058993690516, -9.499999899999835
20.297563273605572, 21.428020264209643, -9.499999899999835
17.862836228838102, 23.49880766625252, -9.499999899999835
15.218940972708653, 25.29482731045743, -9.499999899999835
12.395824321072526, 26.79344791205961, -9.499999899999835
9.426507290736907, 27.976213923347334, -9.499999899999835
6.34625432768195, 28.82938462575671, -9.499999899999835
3.1916507352683454, 29.34357398409677, -9.499999899999835
0.0, 29.515172500433636, -9.499999899999835
3.907985046680551e-14, 29.457437473514673, -9.599999899999835
-3.1853080176611437, 29.285879484532238, -9.599999899999835
-6.333573287347552, 28.772160474317264, -9.599999899999835
-9.40761726493976, 27.92028174068807, -9.599999899999835
-12.371037223771099, 26.739809828796623, -9.599999899999835
-15.188721549203809, 25.24445220922611, -9.599999899999835
-17.82768952313454, 23.452445138048894, -9.599999899999835
-20.257856875267933, 21.386074050202563, -9.599999899999835
-22.451989855294862, 19.070603154967372, -9.599999899999835
-24.384289336422494, 16.532542617837723, -9.599999899999835
-26.03039432957271, 13.800185665140154, -9.599999899999835
-27.370430160851214, 10.905414672926216, -9.599999899999835
-28.38795644113234, 7.882160934531456, -9.599999899999835
-29.07168356685133, 4.7664033934063506, -9.599999899999835
-29.41452288491314, 1.5949628514934093, -9.599999899999835
-29.41452288491518, -1.594962851455534, -9.599999899999835
-29.071683566857434, -4.766403393368918, -9.599999899999835
-28.387956441142475, -7.882160934494904, -9.599999899999835
-27.370430160865276, -10.905414672890979, -9.599999899999835
-26.030394329590504, -13.800185665106646, -9.599999899999835
-24.384289336443807, -16.53254261780634, -9.599999899999835
-22.451989855319418, -19.07060315493846, -9.599999899999835
-20.257856875295435, -21.38607405017644, -9.599999899999835
-17.827689523164686, -23.452445138025887, -9.599999899999835
-15.188721549236258, -25.2444522092065, -9.599999899999835
-12.37103722380547, -26.73980982878064, -9.599999899999835
-9.407617264975656, -27.920281740675932, -9.599999899999835
-6.333573287384556, -28.7721604743091, -9.599999899999835
-3.1853080167111676, -29.28587947493983, -9.599999899999835
0.0, -29.457437473514677, -9.599999899999835
4.440892098500626e-16, -29.45743747351467, -9.599999899999835
3.185308017661183, -29.28587948453221, -9.599999899999835
6.3335732873475905, -28.772160474317204, -9.599999899999835
9.4076172649398, -27.92028174068801, -9.599999899999835
12.371037223771134, -26.73980982879655, -9.599999899999835
15.188721549203839, -25.244452209226022, -9.599999899999835
17.827689523134566, -23.4524451380488, -9.599999899999835
20.257856875267954, -21.38607405020246, -9.599999899999835
22.451989855294904, -19.070603154967294, -9.599999899999835
24.38428933642255, -16.53254261783765, -9.599999899999835
26.030394329572783, -13.800185665140082, -9.599999899999835
27.370430160851303, -10.90541467292615, -9.599999899999835
28.387956441132424, -7.882160934531389, -9.599999899999835
29.071683566851426, -4.766403393406287, -9.599999899999835
29.414522884913243, -1.5949628514933443, -9.599999899999835
29.41452288491528, 1.5949628514556027, -9.599999899999835
29.071683566857516, 4.7664033933689876, -9.599999899999835
28.387956441142542, 7.882160934494979, -9.599999899999835
27.370430160865325, 10.905414672891059, -9.599999899999835
26.030394329590536, 13.80018566510672, -9.599999899999835
24.384289336443832, 16.532542617806406, -9.599999899999835
22.451989855319436, 19.070603154938517, -9.599999899999835
20.257856875295435, 21.386074050176486, -9.599999899999835
17.827689523164693, 23.452445138025933, -9.599999899999835
15.188721549236265, 25.244452209206543, -9.599999899999835
12.371037223805466, 26.739809828780672, -9.599999899999835
9.407617264975652, 27.920281740675946, -9.599999899999835
6.333573287384542, 28.772160474309107, -9.599999899999835
3.1853080167111507, 29.28587947493981, -9.599999899999835
-8.881784197001252e-16, 29.457437473514677, -9.599999899999835
3.907985046680551e-14, 29.399702446595704, -9.699999899999835
-3.1789652739108525, 29.22818464365074, -9.699999899999835
-6.320892154057602, 28.714935963216753, -9.699999899999835
-9.388727198003812, 27.86434948286287, -9.699999899999835
-12.346250123472371, 26.686171710870976, -9.699999899999835
-15.158501984661685, 25.19407683471664, -9.699999899999835
-17.792542555467072, 23.406082274310368, -9.699999899999835
-20.21815047483017, 21.34412784479718, -9.699999899999835
-22.407809181040633, 19.033147158039803, -9.699999899999835
-24.33584588904976, 16.499799952873115, -9.699999899999835
-25.978276563716037, 13.772618316839996, -9.699999899999835
-27.315516778368064, 10.88352576011665, -9.699999899999835
-28.33125903430844, 7.866348096696231, -9.699999899999835
-29.01414108486338, 4.756885467348011, -9.699999899999835
-29.3567858111362, 1.5917941917888339, -9.699999899999835
-29.356785811136206, -1.5917941917887513, -9.699999899999835
-29.01414108486339, -4.756885467347927, -9.699999899999835
-28.33125903430847, -7.866348096696156, -9.699999899999835
-27.315516778368114, -10.883525760116584, -9.699999899999835
-25.97827656371609, -13.772618316839928, -9.699999899999835
-24.335845889049796, -16.49979995287305, -9.699999899999835
-22.40780918104067, -19.033147158039736, -9.699999899999835
-20.218150474830193, -21.344127844797097, -9.699999899999835
-17.792542555467087, -23.406082274310275, -9.699999899999835
-15.158501984661706, -25.19407683471655, -9.699999899999835
-12.346250123472402, -26.686171710870898, -9.699999899999835
-9.388727198003844, -27.864349482862803, -9.699999899999835
-6.320892154057645, -28.714935963216703, -9.699999899999835
-3.1789652739108947, -29.228184643650692, -9.699999899999835
0.0, -29.399702446595704, -9.699999899999835
4.440892098500626e-16, -29.39970244659571, -9.699999899999835
3.1789652739108902, -29.228184643650685, -9.699999899999835
6.3208921540576375, -28.7149359632167, -9.699999899999835
9.38872719800385, -27.864349482862817, -9.699999899999835
12.346250123472405, -26.68617171087091, -9.699999899999835
15.158501984661708, -25.194076834716544, -9.699999899999835
17.79254255546709, -23.40608227431026, -9.699999899999835
20.218150474830196, -21.344127844797082, -9.699999899999835
22.40780918104068, -19.03314715803972, -9.699999899999835
24.33584588904981, -16.49979995287304, -9.699999899999835
25.978276563716104, -13.772618316839926, -9.699999899999835
27.315516778368146, -10.883525760116589, -9.699999899999835
28.331259034308534, -7.866348096696171, -9.699999899999835
29.01414108486346, -4.756885467347947, -9.699999899999835
29.356785811136298, -1.59179419178877, -9.699999899999835
29.3567858111363, 1.5917941917888112, -9.699999899999835
29.014141084863475, 4.756885467347992, -9.699999899999835
28.331259034308545, 7.8663480966962185, -9.699999899999835
27.315516778368174, 10.883525760116639, -9.699999899999835
25.978276563716133, 13.772618316839976, -9.699999899999835
24.335845889049843, 16.49979995287309, -9.699999899999835
22.407809181040726, 19.03314715803978, -9.699999899999835
20.218150474830228, 21.344127844797132, -9.699999899999835
17.79254255546713, 23.406082274310315, -9.699999899999835
15.158501984661735, 25.194076834716583, -9.699999899999835
12.346250123472423, 26.686171710870923, -9.699999899999835
9.388727198003865, 27.86434948286282, -9.699999899999835
6.320892154057658, 28.714935963216707, -9.699999899999835
3.178965273910908, 29.228184643650685, -9.699999899999835
-4.440892098500626e-16, 29.39970244659571, -9.699999899999835
3.907985046680551e-14, 29.341967419676752, -9.799999899999834
-3.172622501934519, 29.1704894578394, -9.799999899999834
-6.308210925264792, 28.65771109091679, -9.799999899999834
-9.369837087874147, 27.808417150566918, -9.799999899999834
-12.321463018294061, 26.632533559263123, -9.799999899999834
-15.128282276302322, 25.143701186389507, -9.799999899999834
-17.75739533936321, 23.359719093064907, -9.799999899999834
-20.178444031782902, 21.30218160547568, -9.799999899999834
-22.36362833822104, 18.99569100208982, -9.799999899999834
-24.287402092965397, 16.467057062340498, -9.799999899999834
-25.926158655805917, 13.745050915926154, -9.799999899999834
-27.260603393563557, 10.861636842748565, -9.799999899999834
-28.274561412452456, 7.850535178137571, -9.799999899999834
-28.956598180099668, 4.747367470493293, -9.799999899999834
-29.299048587335864, 1.5886255356467778, -9.799999899999834
-29.29904858733587, -1.5886255356467107, -9.799999899999834
-28.956598180099675, -4.747367470493229, -9.799999899999834
-28.274561412452478, -7.850535178137514, -9.799999899999834
-27.2606033935636, -10.861636842748515, -9.799999899999834
-25.92615865580596, -13.7450509159261, -9.799999899999834
-24.287402092965436, -16.467057062340437, -9.799999899999834
-22.363628338221076, -18.995691002089757, -9.799999899999834
-20.17844403178292, -21.302181605475603, -9.799999899999834
-17.757395339363224, -23.359719093064818, -9.799999899999834
-15.128282276302347, -25.143701186389425, -9.799999899999834
-12.321463018294091, -26.632533559263038, -9.799999899999834
-9.369837087874181, -27.808417150566836, -9.799999899999834
-6.308210925264833, -28.657711090916745, -9.799999899999834
-3.1726225019345735, -29.17048945783941, -9.799999899999834
0.0, -29.341967419676745, -9.799999899999834
4.440892098500626e-16, -29.341967419676745, -9.799999899999834
3.172622501934562, -29.1704894578394, -9.799999899999834
6.30821092526483, -28.657711090916738, -9.799999899999834
9.369837087874183, -27.808417150566854, -9.799999899999834
12.321463018294098, -26.632533559263052, -9.799999899999834
15.128282276302349, -25.143701186389414, -9.799999899999834
17.757395339363224, -23.3597190930648, -9.799999899999834
20.178444031782934, -21.302181605475592, -9.799999899999834
22.363628338221087, -18.995691002089735, -9.799999899999834
24.287402092965458, -16.467057062340412, -9.799999899999834
25.92615865580599, -13.745050915926072, -9.799999899999834
27.26060339356365, -10.861636842748489, -9.799999899999834
28.27456141245255, -7.850535178137493, -9.799999899999834
28.95659818009974, -4.747367470493209, -9.799999899999834
29.29904858733596, -1.588625535646696, -9.799999899999834
29.299048587335957, 1.5886255356468035, -9.799999899999834
28.956598180099753, 4.747367470493323, -9.799999899999834
28.274561412452545, 7.8505351781376085, -9.799999899999834
27.26060339356365, 10.86163684274861, -9.799999899999834
25.92615865580598, 13.745050915926189, -9.799999899999834
24.28740209296544, 16.467057062340526, -9.799999899999834
22.363628338221073, 18.99569100208985, -9.799999899999834
20.17844403178291, 21.30218160547569, -9.799999899999834
17.7573953393632, 23.359719093064896, -9.799999899999834
15.128282276302308, 25.14370118638949, -9.799999899999834
12.321463018294036, 26.6325335592631, -9.799999899999834
9.36983708787411, 27.808417150566875, -9.799999899999834
6.308210925264763, 28.657711090916766, -9.799999899999834
3.1726225019344914, 29.170489457839416, -9.799999899999834
-4.440892098500626e-16, 29.341967419676752, -9.799999899999834
3.907985046680551e-14, 29.28423239275778, -9.899999899999834
-3.1662797039970294, 29.112793941414175, -9.899999899999834
-6.2955296012960185, 28.60048585524896, -9.899999899999834
-9.350946935347444, 27.752484743525688, -9.899999899999834
-12.296675909133757, 26.578895373613378, -9.899999899999834
-15.098062424056563, 25.093325262086758, -9.899999899999834
-17.722247874318285, 23.313355592270153, -9.899999899999834
-20.138737552523093, 21.26023533807978, -9.899999899999834
-22.319447318310285, 18.9582346791619, -9.899999899999834
-24.23895794675815, 16.43431394502244, -9.899999899999834
-25.87404060630525, 13.71748346237756, -9.899999899999834
-27.205690006586067, 10.839747920519834, -9.899999899999834
-28.21786357388636, 7.834722177941296, -9.899999899999834
-28.899054852130444, 4.737849402435793, -9.899999899999834
-29.241311227257505, 1.5854568836594884, -9.899999899999834
-29.24131122725751, -1.5854568836593834, -9.899999899999834
-28.899054852130455, -4.737849402435691, -9.899999899999834
-28.217863573886394, -7.834722177941201, -9.899999899999834
-27.205690006586117, -10.83974792051975, -9.899999899999834
-25.874040606305307, -13.717483462377475, -9.899999899999834
-24.23895794675819, -16.434313945022353, -9.899999899999834
-22.319447318310335, -18.958234679161823, -9.899999899999834
-20.13873755252312, -21.26023533807969, -9.899999899999834
-17.72224787431831, -23.313355592270053, -9.899999899999834
-15.098062424056598, -25.09332526208667, -9.899999899999834
-12.296675909133793, -26.578895373613292, -9.899999899999834
-9.350946935347483, -27.752484743525606, -9.899999899999834
-6.295529601296063, -28.600485855248902, -9.899999899999834
-3.1662797039970805, -29.11279394141414, -9.899999899999834
0.0, -29.28423239275778, -9.899999899999834
0.0, -29.28423239275778, -9.899999899999834
3.166279703997069, -29.112793941414136, -9.899999899999834
6.295529601296054, -28.600485855248905, -9.899999899999834
9.350946935347482, -27.75248474352562, -9.899999899999834
12.296675909133794, -26.578895373613303, -9.899999899999834
15.098062424056593, -25.093325262086665, -9.899999899999834
17.72224787431831, -23.31335559227004, -9.899999899999834
20.13873755252313, -21.260235338079685, -9.899999899999834
22.319447318310335, -18.958234679161816, -9.899999899999834
24.238957946758205, -16.43431394502236, -9.899999899999834
25.87404060630533, -13.717483462377489, -9.899999899999834
27.205690006586153, -10.839747920519764, -9.899999899999834
28.21786357388645, -7.834722177941222, -9.899999899999834
28.89905485213053, -4.737849402435718, -9.899999899999834
29.2413112272576, -1.5854568836594158, -9.899999899999834
29.2413112272576, 1.5854568836594647, -9.899999899999834
28.89905485213055, 4.73784940243577, -9.899999899999834
28.21786357388646, 7.8347221779412735, -9.899999899999834
27.205690006586178, 10.839747920519818, -9.899999899999834
25.87404060630535, 13.717483462377537, -9.899999899999834
24.23895794675823, 16.43431394502241, -9.899999899999834
22.319447318310377, 18.958234679161876, -9.899999899999834
20.138737552523153, 21.260235338079738, -9.899999899999834
17.722247874318345, 23.31335559227011, -9.899999899999834
15.098062424056616, 25.093325262086708, -9.899999899999834
12.2966759091338, 26.578895373613314, -9.899999899999834
9.350946935347485, 27.752484743525617, -9.899999899999834
6.295529601296058, 28.600485855248913, -9.899999899999834
3.166279703997075, 29.11279394141412, -9.899999899999834
-4.440892098500626e-16, 29.28423239275778, -9.899999899999834
3.907985046680551e-14, 29.22649736583882, -9.999999899999834
-3.1599368802429, 29.05509809494599, -9.999999899999834
-6.282848181533418, 28.543260254255724, -9.999999899999834
-9.332056740338931, 27.696552261784298, -9.999999899999834
-12.271888796053988, 26.52525715391049, -9.999999899999834
-15.067842427124063, 25.042949060126404, -9.999999899999834
-17.687100160872337, 23.26699177245457, -9.999999899999834
-20.09903103700955, 21.218289042606596, -9.999999899999834
-22.275266116749293, 18.92077818547445, -9.999999899999834
-24.190513447947097, 16.40157059943489, -9.999999899999834
-25.82192241573768, 13.689915956593708, -9.999999899999834
-27.150776617459275, 10.817858993416786, -9.999999899999834
-28.161165516778993, 7.818909095442203, -9.999999899999834
-28.84151109653946, 4.728331262279584, -9.999999899999834
-29.183573725977272, 1.5822882356399208, -9.999999899999834
-29.183573725977276, -1.5822882356398407, -9.999999899999834
-28.841511096539474, -4.7283312622795, -9.999999899999834
-28.16116551677903, -7.818909095442127, -9.999999899999834
-27.15077661745933, -10.817858993416717, -9.999999899999834
-25.82192241573774, -13.689915956593639, -9.999999899999834
-24.190513447947144, -16.40157059943482, -9.999999899999834
-22.275266116749336, -18.920778185474376, -9.999999899999834
-20.09903103700959, -21.218289042606507, -9.999999899999834
-17.687100160872372, -23.266991772454475, -9.999999899999834
-15.067842427124098, -25.042949060126315, -9.999999899999834
-12.271888796054029, -26.525257153910403, -9.999999899999834
-9.332056740338974, -27.696552261784216, -9.999999899999834
-6.282848181533468, -28.543260254255667, -9.999999899999834
-3.1599368802429573, -29.055098094945972, -9.999999899999834
0.0, -29.22649736583882, -9.999999899999834
0.0, -29.22649736583882, -9.999999899999834
3.159936880242939, -29.05509809494597, -9.999999899999834
6.282848181533454, -28.54326025425567, -9.999999899999834
9.332056740338965, -27.69655226178423, -9.999999899999834
12.271888796054025, -26.525257153910424, -9.999999899999834
15.06784242712409, -25.042949060126315, -9.999999899999834
17.68710016087236, -23.266991772454467, -9.999999899999834
20.09903103700959, -21.218289042606507, -9.999999899999834
22.275266116749336, -18.920778185474372, -9.999999899999834
24.19051344794715, -16.40157059943482, -9.999999899999834
25.821922415737752, -13.689915956593648, -9.999999899999834
27.150776617459357, -10.817858993416724, -9.999999899999834
28.161165516779086, -7.818909095442145, -9.999999899999834
28.84151109653955, -4.728331262279524, -9.999999899999834
29.183573725977368, -1.582288235639859, -9.999999899999834
29.18357372597737, 1.582288235639908, -9.999999899999834
28.841511096539538, 4.728331262279573, -9.999999899999834
28.1611655167791, 7.8189090954422, -9.999999899999834
27.150776617459382, 10.817858993416781, -9.999999899999834
25.821922415737774, 13.689915956593705, -9.999999899999834
24.190513447947176, 16.401570599434876, -9.999999899999834
22.275266116749375, 18.920778185474433, -9.999999899999834
20.099031037009613, 21.218289042606557, -9.999999899999834
17.687100160872383, 23.26699177245451, -9.999999899999834
15.067842427124116, 25.04294906012635, -9.999999899999834
12.271888796054043, 26.52525715391044, -9.999999899999834
9.332056740338981, 27.696552261784234, -9.999999899999834
6.282848181533467, 28.543260254255678, -9.999999899999834
3.1599368802429573, 29.055098094945993, -9.999999899999834
-4.440892098500626e-16, 29.22649736583882, -9.999999899999834
3.907985046680551e-14, 29.168762338919855, -10.099999899999833
-3.153594029899093, 28.997401911683593, -10.099999899999833
-6.270166664529363, 28.48603428306976, -10.099999899999833
-9.313166503290399, 27.640619707021976, -10.099999899999833
-12.247101678548935, 26.471618898847847, -10.099999899999833
-15.037622297531687, 24.992572598674442, -10.099999899999833
-17.651952207291554, 23.220627643723912, -10.099999899999833
-20.05932448412813, 21.176342717942013, -10.099999899999833
-22.23108474071615, 18.883321526998266, -10.099999899999833
-24.14206861540749, 16.368827039105657, -10.099999899999833
-25.76980408053357, 13.662348396785225, -10.099999899999833
-27.09586322565577, 10.795970061206502, -10.099999899999833
-28.104467210043765, 7.803095921174379, -10.099999899999833
-28.78396689531689, 4.718813046633611, -10.099999899999833
-29.125836079749046, 1.5791195914787777, -10.099999899999833
-29.12583607974905, -1.5791195914787295, -10.099999899999833
-28.78396689531689, -4.718813046633565, -10.099999899999833
-28.104467210043783, -7.803095921174336, -10.099999899999833
-27.09586322565581, -10.79597006120647, -10.099999899999833
-25.76980408053361, -13.662348396785186, -10.099999899999833
-24.142068615407513, -16.368827039105604, -10.099999899999833
-22.231084740716174, -18.883321526998216, -10.099999899999833
-20.059324484128133, -21.17634271794195, -10.099999899999833
-17.65195220729156, -23.22062764372385, -10.099999899999833
-15.037622297531692, -24.992572598674375, -10.099999899999833
-12.247101678548939, -26.47161889884778, -10.099999899999833
-9.313166503290406, -27.640619707021912, -10.099999899999833
-6.270166664529374, -28.486034283069706, -10.099999899999833
-3.153594029899114, -28.997401911683582, -10.099999899999833
0.0, -29.168762338919855, -10.099999899999833
4.440892098500626e-16, -29.168762338919855, -10.099999899999833
3.153594029899134, -28.99740191168358, -10.099999899999833
6.2701666645293965, -28.486034283069692, -10.099999899999833
9.313166503290432, -27.640619707021912, -10.099999899999833
12.247101678548965, -26.471618898847776, -10.099999899999833
15.037622297531716, -24.99257259867436, -10.099999899999833
17.65195220729158, -23.220627643723823, -10.099999899999833
20.059324484128155, -21.176342717941928, -10.099999899999833
22.23108474071619, -18.88332152699819, -10.099999899999833
24.142068615407535, -16.368827039105586, -10.099999899999833
25.76980408053364, -13.662348396785166, -10.099999899999833
27.095863225655844, -10.795970061206452, -10.099999899999833
28.10446721004383, -7.803095921174325, -10.099999899999833
28.783966895316976, -4.718813046633559, -10.099999899999833
29.12583607974914, -1.5791195914787273, -10.099999899999833
29.12583607974914, 1.5791195914787817, -10.099999899999833
28.783966895316976, 4.718813046633619, -10.099999899999833
28.10446721004388, 7.803095921174401, -10.099999899999833
27.095863225655865, 10.795970061206521, -10.099999899999833
25.769804080533646, 13.662348396785232, -10.099999899999833
24.14206861540756, 16.368827039105657, -10.099999899999833
22.231084740716216, 18.883321526998262, -10.099999899999833
20.059324484128176, 21.17634271794199, -10.099999899999833
17.651952207291597, 23.22062764372388, -10.099999899999833
15.037622297531735, 24.992572598674418, -10.099999899999833
12.247101678548965, 26.471618898847805, -10.099999899999833
9.313166503290427, 27.64061970702192, -10.099999899999833
6.2701666645293965, 28.486034283069724, -10.099999899999833
3.1535940298991316, 28.99740191168358, -10.099999899999833
-8.881784197001252e-16, 29.16876233891985, -10.099999899999833
3.907985046680551e-14, 29.111027312000893, -10.199999899999833
-3.147251152617108, 28.939705388156924, -10.199999899999833
-6.257485051710234, 28.42880794761359, -10.199999899999833
-9.294276223654416, 27.58468707782853, -10.199999899999833
-12.222314557523063, 26.417980610290535, -10.199999899999833
-15.007402013036872, 24.94219584294981, -10.199999899999833
-17.616803995397134, 23.17426318366983, -10.199999899999833
-20.01961789321691, 21.13439636346783, -10.199999899999833
-22.186903183619496, 18.845864697803208, -10.199999899999833
-24.093623403669866, 16.336083232412, -10.199999899999833
-25.71768559820205, 13.634780781852015, -10.199999899999833
-27.04094983183879, 10.774081124125226, -10.199999899999833
-28.047768708474482, 7.787282671195233, -10.199999899999833
-28.726422282898454, 4.709294761577212, -10.199999899999833
-29.068098284277124, 1.575950951065099, -10.199999899999833
-29.068098284277127, -1.575950951065031, -10.199999899999833
-28.72642228289846, -4.70929476157714, -10.199999899999833
-28.047768708474514, -7.787282671195167, -10.199999899999833
-27.04094983183884, -10.77408112412517, -10.199999899999833
-25.717685598202102, -13.634780781851955, -10.199999899999833
-24.093623403669906, -16.336083232411937, -10.199999899999833
-22.186903183619535, -18.845864697803144, -10.199999899999833
-20.01961789321693, -21.134396363467754, -10.199999899999833
-17.616803995397152, -23.17426318366975, -10.199999899999833
-15.007402013036897, -24.942195842949733, -10.199999899999833
-12.22231455752309, -26.417980610290464, -10.199999899999833
-9.294276223654439, -27.584687077828452, -10.199999899999833
-6.257485051710267, -28.428807947613564, -10.199999899999833
-3.147251152617137, -28.939705388156906, -10.199999899999833
0.0, -29.111027312000893, -10.199999899999833
0.0, -29.111027312000896, -10.199999899999833
3.147251152617146, -28.939705388156888, -10.199999899999833
6.257485051710274, -28.428807947613556, -10.199999899999833
9.294276223654451, -27.584687077828463, -10.199999899999833
12.222314557523099, -26.417980610290474, -10.199999899999833
15.0074020130369, -24.942195842949722, -10.199999899999833
17.616803995397156, -23.174263183669737, -10.199999899999833
20.019617893216946, -21.13439636346774, -10.199999899999833
22.186903183619542, -18.845864697803133, -10.199999899999833
24.093623403669913, -16.33608323241193, -10.199999899999833
25.71768559820212, -13.634780781851953, -10.199999899999833
27.040949831838873, -10.774081124125166, -10.199999899999833
28.047768708474567, -7.787282671195176, -10.199999899999833
28.72642228289854, -4.709294761577151, -10.199999899999833
29.06809828427721, -1.5759509510650378, -10.199999899999833
29.068098284277212, 1.575950951065089, -10.199999899999833
28.726422282898536, 4.709294761577201, -10.199999899999833
28.04776870847458, 7.787282671195227, -10.199999899999833
27.0409498318389, 10.774081124125223, -10.199999899999833
25.717685598202145, 13.63478078185201, -10.199999899999833
24.093623403669945, 16.336083232411987, -10.199999899999833
22.18690318361958, 18.84586469780319, -10.199999899999833
20.019617893216978, 21.13439636346779, -10.199999899999833
17.616803995397188, 23.174263183669783, -10.199999899999833
15.007402013036923, 24.942195842949772, -10.199999899999833
12.222314557523102, 26.417980610290485, -10.199999899999833
9.294276223654443, 27.584687077828463, -10.199999899999833
6.257485051710267, 28.42880794761356, -10.199999899999833
3.1472511526171396, 28.939705388156902, -10.199999899999833
-4.440892098500626e-16, 29.111027312000896, -10.199999899999833
3.907985046680551e-14, 29.05329228508193, -10.299999899999833
-3.1409082507340798, 28.882008543386235, -10.299999899999833
-6.244803341239069, 28.371581241344668, -10.299999899999833
-9.275385901216133, 27.528754373911706, -10.299999899999833
-12.197527432991436, 26.36434228810903, -10.299999899999833
-14.977181582503198, 24.89181880606198, -10.299999899999833
-17.581655531589092, 23.127898399497212, -10.299999899999833
-19.979911263826345, 21.0924499787664, -10.299999899999833
-22.142721438418064, 18.80840769165735, -10.299999899999833
-24.04517783298679, 16.30333919385506, -10.299999899999833
-25.665566968467903, 13.607213111821192, -10.299999899999833
-26.986036436010735, 10.752192182149033, -10.299999899999833
-27.99106998510485, 7.771469337370285, -10.299999899999833
-28.66887723570754, 4.699776402768456, -10.299999899999833
-29.01036033572033, 1.572782314270166, -10.299999899999833
-29.010360335720335, -1.5727823142701012, -10.299999899999833
-28.668877235707548, -4.69977640276839, -10.299999899999833
-27.991069985104875, -7.771469337370226, -10.299999899999833
-26.98603643601079, -10.752192182148981, -10.299999899999833
-25.665566968467946, -13.607213111821142, -10.299999899999833
-24.045177832986827, -16.303339193855006, -10.299999899999833
-22.142721438418086, -18.808407691657298, -10.299999899999833
-19.979911263826363, -21.092449978766336, -10.299999899999833
-17.581655531589092, -23.12789839949713, -10.299999899999833
-14.977181582503205, -24.891818806061913, -10.299999899999833
-12.19752743299144, -26.364342288108965, -10.299999899999833
-9.275385901216135, -27.528754373911642, -10.299999899999833
-6.244803341239075, -28.371581241344604, -10.299999899999833
-3.1409082507340917, -28.882008543386224, -10.299999899999833
0.0, -29.05329228508193, -10.299999899999833
4.440892098500626e-16, -29.05329228508193, -10.299999899999833
3.1409082507341193, -28.882008543386217, -10.299999899999833
6.244803341239102, -28.371581241344597, -10.299999899999833
9.27538590121617, -27.528754373911642, -10.299999899999833
12.197527432991473, -26.364342288108965, -10.299999899999833
14.977181582503226, -24.89181880606189, -10.299999899999833
17.581655531589114, -23.127898399497113, -10.299999899999833
19.979911263826377, -21.092449978766314, -10.299999899999833
22.142721438418107, -18.808407691657276, -10.299999899999833
24.045177832986848, -16.30333919385499, -10.299999899999833
25.665566968467978, -13.607213111821125, -10.299999899999833
26.98603643601082, -10.75219218214897, -10.299999899999833
27.991069985104932, -7.771469337370222, -10.299999899999833
28.668877235707633, -4.69977640276839, -10.299999899999833
29.010360335720424, -1.5727823142700992, -10.299999899999833
29.01036033572042, 1.572782314270172, -10.299999899999833
28.668877235707633, 4.699776402768463, -10.299999899999833
27.99106998510495, 7.771469337370298, -10.299999899999833
26.986036436010835, 10.75219218214905, -10.299999899999833
25.66556696846798, 13.607213111821203, -10.299999899999833
24.045177832986862, 16.303339193855066, -10.299999899999833
22.142721438418118, 18.80840769165735, -10.299999899999833
19.979911263826388, 21.09244997876639, -10.299999899999833
17.58165553158912, 23.12789839949718, -10.299999899999833
14.97718158250321, 24.891818806061934, -10.299999899999833
12.197527432991453, 26.36434228810899, -10.299999899999833
9.275385901216145, 27.52875437391166, -10.299999899999833
6.244803341239078, 28.371581241344604, -10.299999899999833
3.140908250734102, 28.882008543386235, -10.299999899999833
-4.440892098500626e-16, 29.05329228508193, -10.299999899999833
3.907985046680551e-14, 28.995557258162968, -10.399999899999832
-3.1345653107153386, 28.824311265954805, -10.399999899999832
-6.232121532457435, 28.314354162257505, -10.399999899999832
-9.256495535757692, 27.472821594981696, -10.399999899999832
-12.172740304968741, 26.310703932167883, -10.399999899999832
-14.946961005258753, 24.841441486488762, -10.399999899999832
-17.546506815743406, 23.0815332909835, -10.399999899999832
-19.940204650878517, 21.050503620540614, -10.399999899999832
-22.09853946405095, 18.770950478690306, -10.399999899999832
-23.996731901198444, 16.270594922206733, -10.399999899999832
-25.613448190920593, 13.579645386651809, -10.399999899999832
-26.93112303817293, 10.730303235252878, -10.399999899999832
-27.93437103874969, 7.755655919175615, -10.399999899999832
-28.611331752147116, 4.6902579697914035, -10.399999899999832
-28.952622306114076, 1.5696136816798913, -10.399999899999832
-28.95262230611408, -1.5696136816798327, -10.399999899999832
-28.611331752147127, -4.690257969791343, -10.399999899999832
-27.934371038749717, -7.755655919175564, -10.399999899999832
-26.93112303817298, -10.730303235252833, -10.399999899999832
-25.613448190920643, -13.579645386651762, -10.399999899999832
-23.99673190119848, -16.270594922206676, -10.399999899999832
-22.098539464050972, -18.77095047869025, -10.399999899999832
-19.940204650878538, -21.050503620540553, -10.399999899999832
-17.546506815743413, -23.081533290983423, -10.399999899999832
-14.946961005258755, -24.84144148648868, -10.399999899999832
-12.172740304968748, -26.31070393216781, -10.399999899999832
-9.256495535757708, -27.472821594981628, -10.399999899999832
-6.232121532457458, -28.31435416225746, -10.399999899999832
-3.1345653107153644, -28.82431126595479, -10.399999899999832
0.0, -28.995557258162968, -10.399999899999832
4.440892098500626e-16, -28.995557258162968, -10.399999899999832
3.1345653107153777, -28.824311265954783, -10.399999899999832
6.232121532457471, -28.314354162257455, -10.399999899999832
9.256495535757729, -27.472821594981635, -10.399999899999832
12.172740304968775, -26.31070393216781, -10.399999899999832
14.946961005258773, -24.841441486488666, -10.399999899999832
17.546506815743427, -23.0815332909834, -10.399999899999832
19.94020465087856, -21.050503620540532, -10.399999899999832
22.098539464050997, -18.77095047869022, -10.399999899999832
23.9967319011985, -16.27059492220665, -10.399999899999832
25.61344819092067, -13.579645386651743, -10.399999899999832
26.931123038173023, -10.730303235252814, -10.399999899999832
27.934371038749777, -7.755655919175548, -10.399999899999832
28.611331752147198, -4.690257969791331, -10.399999899999832
28.952622306114165, -1.5696136816798192, -10.399999899999832
28.95262230611416, 1.5696136816799031, -10.399999899999832
28.6113317521472, 4.690257969791414, -10.399999899999832
27.934371038749784, 7.755655919175634, -10.399999899999832
26.93112303817303, 10.730303235252897, -10.399999899999832
25.613448190920664, 13.57964538665182, -10.399999899999832
23.996731901198512, 16.27059492220674, -10.399999899999832
22.09853946405102, 18.770950478690313, -10.399999899999832
19.940204650878574, 21.050503620540614, -10.399999899999832
17.546506815743435, 23.081533290983472, -10.399999899999832
14.94696100525876, 24.84144148648871, -10.399999899999832
12.172740304968753, 26.31070393216784, -10.399999899999832
9.256495535757699, 27.472821594981657, -10.399999899999832
6.2321215324574455, 28.314354162257487, -10.399999899999832
3.1345653107153533, 28.824311265954783, -10.399999899999832
-4.440892098500626e-16, 28.995557258162968, -10.399999899999832
3.907985046680551e-14, 28.93782223124401, -10.499999899999832
-3.128222348337907, 28.76661368604765, -10.499999899999832
-6.219439632625634, 28.257126744596622, -10.499999899999832
-9.237605126925478, 27.41688874079767, -10.499999899999832
-12.147953173468476, 26.257065542327208, -10.499999899999832
-14.916740280752164, 24.791063882625892, -10.499999899999832
-17.511357846907494, 23.035167857036107, -10.499999899999832
-19.9004979694559, 21.008557201354463, -10.499999899999832
-22.0543573395466, 18.733493118852184, -10.499999899999832
-23.948285606456952, 16.23785041610951, -10.499999899999832
-25.561329273896128, 13.55207761105913, -10.499999899999832
-26.876209638312368, 10.708414283444238, -10.499999899999832
-27.877671868251152, 7.739842415981102, -10.499999899999832
-28.55378584237875, 4.680739464123308, -10.499999899999832
-28.89488410365808, 1.5664450533759926, -10.499999899999832
-28.894884096009186, -1.5664450533095846, -10.499999899999832
-28.553785830633977, -4.680739462495619, -10.499999899999832
-27.877671870786095, -7.739842416937922, -10.499999899999832
-26.876209638352133, -10.708414283344533, -10.499999899999832
-25.56132926498465, -13.552077606297026, -10.499999899999832
-23.94828560693881, -16.237850417036327, -10.499999899999832
-22.054357335770508, -18.733493116176, -10.499999899999832
-19.900497963754198, -21.00855719547279, -10.499999899999832
-17.51135784494122, -23.03516785451793, -10.499999899999832
-14.916740284066364, -24.791063888302105, -10.499999899999832
-12.147953173565865, -26.25706554228211, -10.499999899999832
-9.237605127027152, -27.41688874076331, -10.499999899999832
-6.219439624526529, -28.25712670837194, -10.499999899999832
-3.1282223471003996, -28.76661367629282, -10.499999899999832
0.0, -28.93782223124401, -10.499999899999832
0.0, -28.93782223124401, -10.499999899999832
3.1282223483379483, -28.76661368604764, -10.499999899999832
6.2194396326256705, -28.257126744596583, -10.499999899999832
9.237605126925512, -27.416888740797607, -10.499999899999832
12.147953173468508, -26.25706554232714, -10.499999899999832
14.916740280752185, -24.791063882625803, -10.499999899999832
17.51135784690751, -23.03516785703601, -10.499999899999832
19.90049796945593, -21.008557201354385, -10.499999899999832
22.054357339546645, -18.733493118852113, -10.499999899999832
23.948285606457006, -16.23785041610944, -10.499999899999832
25.5613292738962, -13.552077611059072, -10.499999899999832
26.87620963831245, -10.708414283444187, -10.499999899999832
27.877671868251216, -7.739842415981046, -10.499999899999832
28.553785842378822, -4.680739464123254, -10.499999899999832
28.89488410365819, -1.5664450533759386, -10.499999899999832
28.894884096009278, 1.566445053309638, -10.499999899999832
28.55378583063405, 4.680739462495679, -10.499999899999832
27.877671870786155, 7.739842416937978, -10.499999899999832
26.876209638352183, 10.708414283344585, -10.499999899999832
25.56132926498469, 13.552077606297063, -10.499999899999832
23.948285606938853, 16.237850417036366, -10.499999899999832
22.05435733577057, 18.733493116176053, -10.499999899999832
19.90049796375425, 21.00855719547283, -10.499999899999832
17.511357844941262, 23.03516785451796, -10.499999899999832
14.916740284066382, 24.791063888302112, -10.499999899999832
12.147953173565885, 26.257065542282135, -10.499999899999832
9.237605127027164, 27.416888740763326, -10.499999899999832
6.219439624526531, 28.257126708371935, -10.499999899999832
3.1282223471004027, 28.766613676292838, -10.499999899999832
-4.440892098500626e-16, 28.93782223124401, -10.499999899999832
3.907985046680551e-14, 28.88008720432504, -10.599999899999831
-3.121879357231641, 28.708915752478653, -10.599999899999831
-6.20675761461522, 28.199898866564663, -10.599999899999831
-9.218714674583808, 27.36095581105003, -10.599999899999831
-12.123166038359269, 26.203427118510092, -10.599999899999831
-14.886519407960906, 24.740685993142144, -10.599999899999831
-17.476208618729355, 22.988802088800696, -10.599999899999831
-19.860791246879828, 20.96661074931894, -10.599999899999831
-22.01017502694232, 18.696035582856975, -10.599999899999831
-23.899838950124895, 16.205105677441864, -10.599999899999831
-25.509210202136675, 13.524509777072732, -10.599999899999831
-26.82129623639227, 10.686525326787173, -10.599999899999831
-27.820972472329974, 7.724028827587469, -10.599999899999831
-28.496239483652925, 4.671220882095122, -10.599999899999831
-28.837145749969633, 1.5632764289220809, -10.599999899999831
-28.837145741452574, -1.5632764288303207, -10.599999899999831
-28.496239471903177, -4.671220880464316, -10.599999899999831
-27.820972472224103, -7.724028827516983, -10.599999899999831
-26.821296236560844, -10.686525326364238, -10.599999899999831
-25.509210190153528, -13.524509770348512, -10.599999899999831
-23.89983894671233, -16.20510567558701, -10.599999899999831
-22.01017502338616, -18.69603558042378, -10.599999899999831
-19.86079124090334, -20.966610743152174, -10.599999899999831
-17.47620861769883, -22.98880208749011, -10.599999899999831
-14.886519400830474, -24.74068598058187, -10.599999899999831
-12.123166038772505, -26.20342711831897, -10.599999899999831
-9.218714675015176, -27.36095581090441, -10.599999899999831
-6.206757617230541, -28.19989887755543, -10.599999899999831
-3.121879355825751, -28.708915741485107, -10.599999899999831
0.0, -28.88008720432504, -10.599999899999831
0.0, -28.88008720432504, -10.599999899999831
3.1218793572316796, -28.70891575247861, -10.599999899999831
6.2067576146152925, -28.199898866564755, -10.599999899999831
9.218714674583852, -27.36095581104997, -10.599999899999831
12.123166038359315, -26.203427118510028, -10.599999899999831
14.886519407960934, -24.740685993142044, -10.599999899999831
17.476208618729387, -22.988802088800597, -10.599999899999831
19.86079124687987, -20.966610749318846, -10.599999899999831
22.010175026942385, -18.696035582856897, -10.599999899999831
23.89983895012496, -16.205105677441782, -10.599999899999831
25.509210202136753, -13.524509777072659, -10.599999899999831
26.821296236392353, -10.686525326787102, -10.599999899999831
27.820972472330055, -7.72402882758739, -10.599999899999831
28.49623948365303, -4.671220882095044, -10.599999899999831
28.837145749969746, -1.5632764289219998, -10.599999899999831
28.837145741452645, 1.5632764288304042, -10.599999899999831
28.496239471903227, 4.671220880464395, -10.599999899999831
27.820972472224163, 7.724028827517074, -10.599999899999831
26.821296236560876, 10.686525326364327, -10.599999899999831
25.509210190153535, 13.524509770348592, -10.599999899999831
23.899838946712343, 16.205105675587106, -10.599999899999831
22.010175023386154, 18.69603558042387, -10.599999899999831
19.860791240903332, 20.966610743152263, -10.599999899999831
17.47620861769881, 22.988802087490193, -10.599999899999831
14.88651940083043, 24.740685980581944, -10.599999899999831
12.123166038772453, 26.203427118319023, -10.599999899999831
9.218714675015116, 27.360955810904454, -10.599999899999831
6.206757617230474, 28.199898877555448, -10.599999899999831
3.1218793558256874, 28.708915741485107, -10.599999899999831
-8.881784197001252e-16, 28.88008720432504, -10.599999899999831
3.907985046680551e-14, 28.822352177406085, -10.699999899999831
-3.1155363370095253, 28.65121746224444, -10.699999899999831
-6.194075515146834, 28.142670693282735, -10.699999899999831
-9.19982417896621, 27.30502280531067, -10.699999899999831
-12.09837890006975, 26.149788660377602, -10.699999899999831
-14.856298386585541, 24.69030781626191, -10.699999899999831
-17.441059131879182, 22.942435986885414, -10.699999899999831
-19.8210844878794, 20.924664269357944, -10.699999899999831
-21.965992524795414, 18.658577869493488, -10.699999899999831
-23.85139195512697, 16.172360721285, -10.699999899999831
-25.45709097782266, 13.49694188548638, -10.699999899999831
-26.766382832582448, 10.66463636482459, -10.699999899999831
-27.764272849918058, 7.708215153032805, -10.699999899999831
-28.43869268237787, 4.661702224326209, -10.699999899999831
-28.779407250259926, 1.5601078083395035, -10.699999899999831
-28.779407241701914, -1.5601078082303736, -10.699999899999831
-28.43869266673453, -4.661702222005436, -10.699999899999831
-27.764272847948817, -7.7082151527794585, -10.699999899999831
-26.76638283262457, -10.664636364718975, -10.699999899999831
-25.45709096550776, -13.496941879008663, -10.699999899999831
-23.851391918872242, -16.172360697510467, -10.699999899999831
-21.965992521908998, -18.65857786762917, -10.699999899999831
-19.821084482225153, -20.92466426352221, -10.699999899999831
-17.44105913210591, -22.94243598721328, -10.699999899999831
-14.856298380107836, -24.690307805418712, -10.699999899999831
-12.098378900172916, -26.149788660329836, -10.699999899999831
-9.199824179073897, -27.305022805274266, -10.699999899999831
-6.194075509465835, -28.142670667857043, -10.699999899999831
-3.1155363355878585, -28.651217451285287, -10.699999899999831
0.0, -28.822352177406085, -10.699999899999831
0.0, -28.822352177406085, -10.699999899999831
3.115536337009561, -28.651217462244382, -10.699999899999831
6.194075515146838, -28.14267069328254, -10.699999899999831
9.199824178966248, -27.305022805310617, -10.699999899999831
12.098378900069788, -26.14978866037754, -10.699999899999831
14.856298386585562, -24.690307816261818, -10.699999899999831
17.4410591318792, -22.94243598688531, -10.699999899999831
19.821084487879443, -20.92466426935787, -10.699999899999831
21.965992524795464, -18.65857786949341, -10.699999899999831
23.851391955127013, -16.172360721284917, -10.699999899999831
25.457090977822727, -13.496941885486315, -10.699999899999831
26.76638283258253, -10.664636364824528, -10.699999899999831
27.764272849918147, -7.708215153032745, -10.699999899999831
28.438692682377965, -4.661702224326147, -10.699999899999831
28.779407250260004, -1.5601078083394375, -10.699999899999831
28.779407241702, 1.560107808230447, -10.699999899999831
28.4386926667346, 4.661702222005514, -10.699999899999831
27.764272847948867, 7.708215152779537, -10.699999899999831
26.76638283262461, 10.66463636471905, -10.699999899999831
25.45709096550778, 13.496941879008737, -10.699999899999831
23.851391918872267, 16.172360697510545, -10.699999899999831
21.965992521909033, 18.65857786762925, -10.699999899999831
19.821084482225164, 20.924664263522267, -10.699999899999831
17.44105913210593, 22.942435987213347, -10.699999899999831
14.856298380107837, 24.690307805418758, -10.699999899999831
12.098378900172918, 26.149788660329886, -10.699999899999831
9.199824179073895, 27.30502280527428, -10.699999899999831
6.194075509465826, 28.142670667857068, -10.699999899999831
3.115536335587841, 28.651217451285298, -10.699999899999831
-4.440892098500626e-16, 28.822352177406085, -10.699999899999831
3.907985046680551e-14, 28.764617150487116, -10.79999989999983
-3.1091932874562493, 28.593518812256125, -10.79999989999983
-6.181393302669051, 28.085442086863075, -10.79999989999983
-9.180933639131986, 27.249089723555038, -10.79999989999983
-12.07359175807594, 26.096150168028952, -10.79999989999983
-14.826077215588647, 24.639929350642447, -10.79999989999983
-17.405909384594132, 22.896069549177316, -10.79999989999983
-19.781377692137, 20.88271776125992, -10.79999989999983
-21.9218098318411, 18.621119977524483, -10.79999989999983
-23.802944540221755, 16.139615493741104, -10.79999989999983
-25.404971602387892, 13.469373938136922, -10.79999989999983
-26.711469426645845, 10.642747398117988, -10.79999989999983
-27.707572999703636, 7.692401392225289, -10.79999989999983
-28.381145435810158, 4.652183490482897, -10.79999989999983
-28.72166860339095, 1.5569391917034485, -10.79999989999983
-28.72166859614972, -1.5569391915977764, -10.79999989999983
-28.38114542314806, -4.652183488561956, -10.79999989999983
-27.707572996680735, -7.6924013913710905, -10.79999989999983
-26.711469426791883, -10.642747397751657, -10.79999989999983
-25.4049715905215, -13.469373931610887, -10.79999989999983
-23.80294452137648, -16.139615481275676, -10.79999989999983
-21.921809829989535, -18.62111997644722, -10.79999989999983
-19.781377687626755, -20.882717756603714, -10.79999989999983
-17.405909385804456, -22.89606955079567, -10.79999989999983
-14.826077195089722, -24.639929315608065, -10.79999989999983
-12.073591758433869, -26.096150167863435, -10.79999989999983
-9.18093363950559, -27.249089723428842, -10.79999989999983
-6.181393300914156, -28.085442077137568, -10.79999989999983
-3.1091932862613336, -28.593518803228324, -10.79999989999983
0.0, -28.764617150487116, -10.79999989999983
0.0, -28.764617150487116, -10.79999989999983
3.109193287456284, -28.593518812256075, -10.79999989999983
6.181393302669106, -28.08544208686311, -10.79999989999983
9.18093363913202, -27.249089723554977, -10.79999989999983
12.07359175807597, -26.09615016802888, -10.79999989999983
14.826077215588668, -24.639929350642365, -10.79999989999983
17.405909384594153, -22.896069549177227, -10.79999989999983
19.781377692137053, -20.882717761259865, -10.79999989999983
21.921809831841152, -18.62111997752443, -10.79999989999983
23.802944540221898, -16.13961549374111, -10.79999989999983
25.404971602387953, -13.469373938136874, -10.79999989999983
26.711469426645923, -10.642747398117942, -10.79999989999983
27.70757299970371, -7.692401392225245, -10.79999989999983
28.381145435810232, -4.652183490482853, -10.79999989999983
28.721668603391038, -1.5569391917034034, -10.79999989999983
28.72166859614981, 1.5569391915978168, -10.79999989999983
28.381145423148137, 4.652183488562001, -10.79999989999983
27.70757299668081, 7.692401391371138, -10.79999989999983
26.71146942679194, 10.642747397751707, -10.79999989999983
25.40497159052154, 13.469373931610926, -10.79999989999983
23.802944521376535, 16.139615481275722, -10.79999989999983
21.92180982998957, 18.621119976447254, -10.79999989999983
19.781377687626794, 20.882717756603753, -10.79999989999983
17.405909385804485, 22.896069550795698, -10.79999989999983
14.826077195089772, 24.639929315608136, -10.79999989999983
12.0735917584339, 26.096150167863453, -10.79999989999983
9.18093363950561, 27.249089723428845, -10.79999989999983
6.181393300914169, 28.08544207713757, -10.79999989999983
3.1091932862613443, 28.593518803228346, -10.79999989999983
-4.440892098500626e-16, 28.764617150487116, -10.79999989999983
3.907985046680551e-14, 28.70688212356816, -10.89999989999983
-3.1028502083292198, 28.53581980151585, -10.89999989999983
-6.168710994983388, 28.02821312466141, -10.89999989999983
-9.162043055280593, 27.193156565341358, -10.89999989999983
-12.048804612696987, 26.042511641172048, -10.89999989999983
-14.795855894481655, 24.589550594601555, -10.89999989999983
-17.370759375383475, 22.849702773327852, -10.89999989999983
-19.74167085938399, 20.8407712247615, -10.89999989999983
-21.877626947234596, 18.583661906251983, -10.89999989999983
-23.75449677298101, 16.10687003969002, -10.89999989999983
-25.35285207574521, 13.441805934614361, -10.89999989999983
-26.656556018715108, 10.62085842629917, -10.89999989999983
-27.65087292056585, 7.6765875443824685, -10.89999989999983
-28.32359774125478, 4.64266467980261, -10.89999989999983
-28.66392980822095, 1.553770578945851, -10.89999989999983
-28.66392980273247, -1.5537705788594467, -10.89999989999983
-28.32359773239193, -4.642664678442, -10.89999989999983
-27.65087291641953, -7.676587543058721, -10.89999989999983
-26.656556018913943, -10.620858425800385, -10.89999989999983
-25.35285206426204, -13.441805928164126, -10.89999989999983
-23.75449675188528, -16.10687002575721, -10.89999989999983
-21.877626946125325, -18.583661905685087, -10.89999989999983
-19.741670856092995, -20.84077122136335, -10.89999989999983
-17.370759376762138, -22.849702775168076, -10.89999989999983
-14.795855883832765, -24.589550575741274, -10.89999989999983
-12.048804613184366, -26.042511640946728, -10.89999989999983
-9.162043055738078, -27.193156565018143, -10.89999989999983
-6.168710990693592, -28.028213103368063, -10.89999989999983
-3.1028502074329007, -28.53581979485841, -10.89999989999983
0.0, -28.70688212356816, -10.89999989999983
4.440892098500626e-16, -28.70688212356816, -10.89999989999983
3.102850208329258, -28.535819801515817, -10.89999989999983
6.168710994983411, -28.028213124661317, -10.89999989999983
9.162043055280627, -27.193156565341305, -10.89999989999983
12.048804612697019, -26.042511641171984, -10.89999989999983
14.795855894481681, -24.589550594601477, -10.89999989999983
17.370759375383503, -22.849702773327767, -10.89999989999983
19.741670859384033, -20.840771224761426, -10.89999989999983
21.87762694723465, -18.583661906251915, -10.89999989999983
23.754496772981035, -16.106870039689937, -10.89999989999983
25.35285207574528, -13.441805934614308, -10.89999989999983
26.656556018715197, -10.620858426299122, -10.89999989999983
27.650872920565924, -7.676587544382412, -10.89999989999983
28.323597741254854, -4.642664679802552, -10.89999989999983
28.66392980822098, -1.553770578945791, -10.89999989999983
28.66392980273255, 1.5537705788595009, -10.89999989999983
28.323597732391992, 4.642664678442055, -10.89999989999983
27.65087291641959, 7.676587543058776, -10.89999989999983
26.656556018914, 10.620858425800437, -10.89999989999983
25.352852064262077, 13.441805928164166, -10.89999989999983
23.754496751885327, 16.106870025757264, -10.89999989999983
21.87762694612538, 18.583661905685144, -10.89999989999983
19.74167085609303, 20.840771221363394, -10.89999989999983
17.37075937676217, 22.84970277516811, -10.89999989999983
14.795855883832784, 24.589550575741306, -10.89999989999983
12.048804613184384, 26.04251164094675, -10.89999989999983
9.162043055738101, 27.193156565018157, -10.89999989999983
6.168710990693615, 28.028213103368074, -10.89999989999983
3.1028502074329123, 28.53581979485839, -10.89999989999983
-4.440892098500626e-16, 28.70688212356816, -10.89999989999983
3.907985046680551e-14, 28.64914709664919, -10.99999989999983
-3.096507101133686, 28.478120441945343, -10.99999989999983
-6.156028582052584, 27.970983758552315, -10.99999989999983
-9.143152428995112, 27.137223332751876, -10.99999989999983
-12.024017464789093, 25.988873079265936, -10.99999989999983
-14.765634427069912, 24.539171552431036, -10.99999989999983
-17.33560910419462, 22.803335658490404, -10.99999989999983
-19.701963987045378, 20.79882465672754, -10.99999989999983
-21.833443891320368, 18.54620367134804, -10.99999989999983
-23.706048588475184, 16.074124314910893, -10.99999989999983
-25.300732427286153, 13.41423788908539, -10.99999989999983
-26.601642609087847, 10.598969448584302, -10.99999989999983
-27.594172604680605, 7.660773606696758, -10.99999989999983
-28.266049589367316, 4.633145790387175, -10.99999989999983
-28.60619085927436, 1.5506019697309663, -10.99999989999983
-28.60619086128452, -1.5506019717378836, -10.99999989999983
-28.266049545163412, -4.6331457841921, -10.99999989999983
-27.594172607101676, -7.660773609555267, -10.99999989999983
-26.601642608729314, -10.598969449483889, -10.99999989999983
-25.300732397903534, -13.414237875232553, -10.99999989999983
-23.70604860319609, -16.07412432618704, -10.99999989999983
-21.833443869529333, -18.54620365453049, -10.99999989999983
-19.701963955745498, -20.798824625273543, -10.99999989999983
-17.33560910408294, -22.803335659466324, -10.99999989999983
-14.765634399331079, -24.53917150917684, -10.99999989999983
-12.024017463909964, -25.98887307967213, -10.99999989999983
-9.143152427131314, -27.137223330275237, -10.99999989999983
-6.156028583973458, -27.970983772125585, -10.99999989999983
-3.096507099480253, -28.478120428859086, -10.99999989999983
0.0, -28.64914709664919, -10.99999989999983
4.440892098500626e-16, -28.64914709664919, -10.99999989999983
3.096507101098782, -28.47812044194917, -10.99999989999983
6.15602858198398, -27.970983758567495, -10.99999989999983
9.143152428895235, -27.137223332785577, -10.99999989999983
12.02401746466148, -25.988873079324854, -10.99999989999983
14.765634402945329, -24.539171513330515, -10.99999989999983
17.3356090970541, -22.803335648965597, -10.99999989999983
19.70196395630732, -20.798824624742046, -10.99999989999983
21.833443874860585, -18.546203657402234, -10.99999989999983
23.706048614239933, -16.074124331992927, -10.99999989999983
25.300732439191005, -13.414237894412066, -10.99999989999983
26.601642609322226, -10.598969447996462, -10.99999989999983
27.594172604841372, -7.660773606121099, -10.99999989999983
28.266049589459385, -4.633145789832232, -10.99999989999983
28.606190859303563, -1.550601969204408, -10.99999989999983
28.606190861257392, 1.5506019722293445, -10.99999989999983
28.26604954508875, 4.633145784643015, -10.99999989999983
27.594172606988298, 7.660773609961644, -10.99999989999983
26.60164260858618, 10.598969449843164, -10.99999989999983
25.300732397739253, 13.414237875543382, -10.99999989999983
23.706048603019052, 16.074124326449287, -10.99999989999983
21.833443869347615, 18.546203654745153, -10.99999989999983
19.70196395556677, 20.798824625442716, -10.99999989999983
17.33560910391492, 22.80333565959384, -10.99999989999983
14.765634399180332, 24.539171509267245, -10.99999989999983
12.02401746378232, 25.988873079731135, -10.99999989999983
9.143152427031412, 27.13722333030902, -10.99999989999983
6.156028583904825, 27.97098377214086, -10.99999989999983
3.0965070994453083, 28.478120428862947, -10.99999989999983
-4.440892098500626e-16, 28.64914709664919, -10.99999989999983
3.907985046680551e-14, 28.591412069730236, -11.09999989999983
-3.090163962589084, 28.42042070753404, -11.09999989999983
-6.143346066541254, 27.913754012790616, -11.09999989999983
-9.124261755920381, 27.08129001975468, -11.09999989999983
-11.999230312536085, 25.935234483151767, -11.09999989999983
-14.735412803625179, 24.488792211246807, -11.09999989999983
-17.30045856620476, 22.756968199819152, -11.09999989999983
-19.662257078868716, 20.756878062601753, -11.09999989999983
-21.789260626011725, 18.508745243668347, -11.09999989999983
-23.657600070534468, 16.041378378436537, -11.09999989999983
-25.248612622427107, 13.386669786127866, -11.09999989999983
-26.546729196896912, 10.577080466455616, -11.09999989999983
-27.53747206308523, 7.644959583024574, -11.09999989999983
-28.20850098979385, 4.623626824224954, -11.09999989999983
-28.548451763518052, 1.5474333648744047, -11.09999989999983
-28.548451763326597, -1.5474333665892546, -11.09999989999983
-28.20850097721048, -4.623626823013151, -11.09999989999983
-27.53747208559852, -7.6449595928525635, -11.09999989999983
-26.546729196514704, -10.577080467414563, -11.09999989999983
-25.248612566046123, -13.386669758567434, -11.09999989999983
-23.657600082617602, -16.041378387940355, -11.09999989999983
-21.789260597507973, -18.508745220786782, -11.09999989999983
-19.662257042723294, -20.756878025512705, -11.09999989999983
-17.300458557816416, -22.756968189293584, -11.09999989999983
-14.735412763049698, -24.48879214907577, -11.09999989999983
-11.999230311598946, -25.935234483584715, -11.09999989999983
-9.124261753985373, -27.081290017267683, -11.09999989999983
-6.143346068348591, -27.913754026172164, -11.09999989999983
-3.090163960745887, -28.420420692968065, -11.09999989999983
0.0, -28.591412069730236, -11.09999989999983
0.0, -28.591412069730236, -11.09999989999983
3.0901639625366, -28.420420707539822, -11.09999989999983
6.143346066438115, -27.91375401281348, -11.09999989999983
9.124261755770227, -27.081290019805383, -11.09999989999983
11.999230312344235, -25.935234483240368, -11.09999989999983
14.735412803398551, -24.48879221138253, -11.09999989999983
17.300458565952017, -22.756968200010487, -11.09999989999983
19.66225707860002, -20.75687806285588, -11.09999989999983
21.7892606257386, -18.508745243990926, -11.09999989999983
23.657600070268415, -16.04137837883066, -11.09999989999983
25.24861262218023, -13.386669786595007, -11.09999989999983
26.54672919668175, -10.577080466995541, -11.09999989999983
27.53747206302849, -7.64495958463845, -11.09999989999983
28.208500999693463, -4.623626826598823, -11.09999989999983
28.548451763328128, -1.5474333665628686, -11.09999989999983
28.548451752602396, 1.5474333647468128, -11.09999989999983
28.20850096966453, 4.6236268212787195, -11.09999989999983
27.537472073338066, 7.644959588570046, -11.09999989999983
26.546729196583236, 10.577080467242801, -11.09999989999983
25.248612590666163, 13.38666977080744, -11.09999989999983
23.65760009940294, 16.041378398782662, -11.09999989999983
21.789260625738628, 18.50874524399098, -11.09999989999983
19.662257070572963, 20.756878054571445, -11.09999989999983
17.300458563247975, 22.756968196498992, -11.09999989999983
14.735412769261034, 24.488792158533418, -11.09999989999983
11.999230311407103, 25.9352344836734, -11.09999989999983
9.124261753835212, 27.081290017318445, -11.09999989999983
6.143346068245454, 27.91375402619512, -11.09999989999983
3.090163960693387, 28.42042069297386, -11.09999989999983
-4.440892098500626e-16, 28.591412069730236, -11.09999989999983
3.907985046680551e-14, 28.533677042811266, -11.19999989999983
-3.083820793467846, 28.36272060416486, -11.19999989999983
-6.130663448379349, 27.856523884071276, -11.19999989999983
-9.105371039049407, 27.02535663331161, -11.19999989999983
-11.974443156520513, 25.881595852192564, -11.19999989999983
-14.705191005626103, 24.438412538985514, -11.19999989999983
-17.265307752598094, 22.710600384109483, -11.19999989999983
-19.622550094765383, 20.714931399486034, -11.19999989999983
-21.74507713439211, 18.47128660718535, -11.19999989999983
-23.60915120270563, 16.008632218580264, -11.19999989999983
-25.19649261953252, 13.359101603775349, -11.19999989999983
-26.49181578283996, 10.555191479507743, -11.19999989999983
-27.48077128468537, 7.629145470694446, -11.19999989999983
-28.15095194425486, 4.614107781303057, -11.19999989999983
-28.490712514970067, 1.5442647649647991, -11.19999989999983
-28.490712504736713, -1.544264763963798, -11.19999989999983
-28.150951912247464, -4.614107776466293, -11.19999989999983
-27.48077129138688, -7.629145474114726, -11.19999989999983
-26.491815782561076, -10.555191480207434, -11.19999989999983
-25.19649260246174, -13.35910159596405, -11.19999989999983
-23.609151202044316, -16.00863221897163, -11.19999989999983
-21.745077158912107, -18.47128662852861, -11.19999989999983
-19.622550124493888, -20.714931431243357, -11.19999989999983
-17.26530775903874, -22.710600393551868, -11.19999989999983
-14.705190995063909, -24.43841252393093, -11.19999989999983
-11.974443155836697, -25.88159585250842, -11.19999989999983
-9.105371036012707, -27.025356626740983, -11.19999989999983
-6.130663446574704, -27.856523880374105, -11.19999989999983
-3.083820791568631, -28.362720589245185, -11.19999989999983
0.0, -28.533677042811266, -11.19999989999983
0.0, -28.533677042811266, -11.19999989999983
3.0838207935084516, -28.362720604160337, -11.19999989999983
6.130663448459069, -27.856523884053512, -11.19999989999983
9.105371039165442, -27.02535663327235, -11.19999989999983
11.974443156668753, -25.881595852124025, -11.19999989999983
14.705191010407809, -24.438412545781414, -11.19999989999983
17.26530776134579, -22.710600396144784, -11.19999989999983
19.622550132748415, -20.714931439353176, -11.19999989999983
21.745077159123067, -18.47128662827938, -11.19999989999983
23.609151171252645, -16.00863219745207, -11.19999989999983
25.19649258166583, -13.359101584854974, -11.19999989999983
26.49181578278713, -10.555191479640403, -11.19999989999983
27.48077128465798, -7.6291454707926825, -11.19999989999983
28.150951944244863, -4.614107781363407, -11.19999989999983
28.490712514969005, -1.5442647649851349, -11.19999989999983
28.490712504735644, 1.5442647639842237, -11.19999989999983
28.150951912237485, 4.614107776526736, -11.19999989999983
27.48077129135947, 7.629145474213055, -11.19999989999983
26.491815782508223, 10.555191480340191, -11.19999989999983
25.196492579398885, 13.359101584552663, -11.19999989999983
23.60915118836019, 16.00863221011295, -11.19999989999983
21.745077129008926, 18.471286603748464, -11.19999989999983
19.62255009454306, 20.714931399696365, -11.19999989999983
17.265307752305905, 22.71060038429418, -11.19999989999983
14.70519101775714, 24.438412559676205, -11.19999989999983
11.974443155984927, 25.881595852439965, -11.19999989999983
9.105371036128727, 27.025356626701797, -11.19999989999983
6.130663446654395, 27.856523880356363, -11.19999989999983
3.08382079160921, 28.362720589240716, -11.19999989999983
-8.881784197001252e-16, 28.53367704281127, -11.19999989999983
3.907985046680551e-14, 28.47594201589231, -11.299999899999829
-3.0774775937807775, 28.305020131503156, -11.299999899999829
-6.117980724799049, 27.799293357139298, -11.299999899999829
-9.086480275887734, 26.96942316398269, -11.299999899999829
-11.949655997669073, 25.82795718607603, -11.299999899999829
-14.674969077325724, 24.38803260600991, -11.299999899999829
-17.23015667869575, 22.664232231327595, -11.299999899999829
-19.58284310517191, 20.67298474052107, -11.299999899999829
-21.700893468738613, 18.43382780556739, -11.299999899999829
-23.56070192218447, 15.975885792277838, -11.299999899999829
-25.144372479313144, 13.33153337273546, -11.299999899999829
-26.436902366744867, 10.533302486834371, -11.299999899999829
-27.424070282583106, 7.613331269635604, -11.299999899999829
-28.09340241893844, 4.604588655072431, -11.299999899999829
-28.43297311536149, 1.541096166441246, -11.299999899999829
-28.432973110978004, -1.5410961679257411, -11.299999899999829
-28.09340237233249, -4.604588648032647, -11.299999899999829
-27.424070293533738, -7.613331276303225, -11.299999899999829
-26.436902366316012, -10.533302487910232, -11.299999899999829
-25.14437243876261, -13.331533353555761, -11.299999899999829
-23.560701908165413, -15.975885784260427, -11.299999899999829
-21.700893462773994, -18.433827801817458, -11.299999899999829
-19.58284310492328, -20.672984740756153, -11.299999899999829
-17.230156678440153, -22.664232231553104, -11.299999899999829
-14.674969059216473, -24.38803257974982, -11.299999899999829
-11.94965599692827, -25.827957186418153, -11.299999899999829
-9.086480272771587, -26.969423157375182, -11.299999899999829
-6.117980722919607, -27.799293353428556, -11.299999899999829
-3.077477591692799, -28.305020115125846, -11.299999899999829
0.0, -28.475942015892308, -11.299999899999829
0.0, -28.47594201589231, -11.299999899999829
3.0774775937808183, -28.30502013150315, -11.299999899999829
6.117980724799086, -27.79929335713924, -11.299999899999829
9.08648027588777, -26.96942316398263, -11.299999899999829
11.949655997669108, -25.827957186075963, -11.299999899999829
14.674969077325756, -24.388032606009837, -11.299999899999829
17.23015667869578, -22.664232231327517, -11.299999899999829
19.582843105171946, -20.672984740520995, -11.299999899999829
21.70089346873867, -18.43382780556733, -11.299999899999829
23.560701922184535, -15.975885792277783, -11.299999899999829
25.14437247931322, -13.331533372735409, -11.299999899999829
26.436902366744942, -10.533302486834323, -11.299999899999829
27.424070282583173, -7.613331269635555, -11.299999899999829
28.09340241893849, -4.6045886550723765, -11.299999899999829
28.43297311536159, -1.5410961664411988, -11.299999899999829
28.43297311097806, 1.5410961679257908, -11.299999899999829
28.093402372332548, 4.604588648032697, -11.299999899999829
27.4240702935338, 7.613331276303271, -11.299999899999829
26.43690236631606, 10.53330248791028, -11.299999899999829
25.144372438762648, 13.331533353555805, -11.299999899999829
23.56070190816545, 15.975885784260468, -11.299999899999829
21.700893462774033, 18.43382780181749, -11.299999899999829
19.58284310492333, 20.672984740756192, -11.299999899999829
17.230156678440203, 22.664232231553136, -11.299999899999829
14.674969059216513, 24.388032579749844, -11.299999899999829
11.949655996928302, 25.827957186418175, -11.299999899999829
9.086480272771615, 26.969423157375193, -11.299999899999829
6.117980722919643, 27.799293353428574, -11.299999899999829
3.0774775916928316, 28.305020115125835, -11.299999899999829
-4.440892098500626e-16, 28.47594201589231, -11.299999899999829
3.907985046680551e-14, 28.418206988973342, -11.399999899999829
-3.0711343630190173, 28.247319285915754, -11.399999899999829
-6.105297896016839, 27.742062436080733, -11.399999899999829
-9.067589469503282, 26.9134896225585, -11.399999899999829
-11.924868835348999, 25.774318484564397, -11.399999899999829
-14.644747019692703, 24.33765241488263, -11.399999899999829
-17.19500534418741, 22.61786374302189, -11.399999899999829
-19.543136127677517, 20.631038105981556, -11.399999899999829
-21.65670963686487, 18.396368847084545, -11.399999899999829
-23.51225221934073, 15.943139094928082, -11.399999899999829
-25.09225214462207, 13.303965065299742, -11.399999899999829
-26.381988948582237, 10.511413489666479, -11.399999899999829
-27.367369032033654, 7.597516977493513, -11.399999899999829
-28.03585242421976, 4.595069448067022, -11.399999899999829
-28.375233555176067, 1.5379275738495046, -11.399999899999829
-28.37523354712324, -1.5379275732508921, -11.399999899999829
-28.035852416050677, -4.595069447626872, -11.399999899999829
-27.367369037864687, -7.597516981235374, -11.399999899999829
-26.381988948211976, -10.511413490595297, -11.399999899999829
-25.09225214172803, -13.303965064983943, -11.399999899999829
-23.512252243331, -15.943139112211082, -11.399999899999829
-21.656709596336253, -18.39636881370136, -11.399999899999829
-19.54313607995765, -20.63103805580141, -11.399999899999829
-17.195005334257562, -22.61786372929584, -11.399999899999829
-14.644747007638253, -24.337652396483566, -11.399999899999829
-11.924868834441218, -25.774318484983603, -11.399999899999829
-9.067589464044227, -26.91348960970831, -11.399999899999829
-6.105297900620842, -27.742062461780122, -11.399999899999829
-3.0711343602359626, -28.247319264341495, -11.399999899999829
0.0, -28.418206988973342, -11.399999899999829
4.440892098500626e-16, -28.418206988973342, -11.399999899999829
3.0711343630437704, -28.24731928591299, -11.399999899999829
6.105297896065416, -27.74206243606987, -11.399999899999829
9.067589469573981, -26.913489622534545, -11.399999899999829
11.92486883543933, -25.774318484522627, -11.399999899999829
14.644747019799397, -24.33765241481868, -11.399999899999829
17.195005344306445, -22.617863742931835, -11.399999899999829
19.543136127804033, -20.631038105861904, -11.399999899999829
21.6567096369934, -18.396368846932617, -11.399999899999829
23.51225221946589, -15.943139094742476, -11.399999899999829
25.092252144738268, -13.303965065079828, -11.399999899999829
26.381988948683603, -10.511413489412364, -11.399999899999829
27.367369041396756, -7.59751697899063, -11.399999899999829
28.035852446951512, -4.5950694518252595, -11.399999899999829
28.37523356357699, -1.5379275730855813, -11.399999899999829
28.375233555155365, 1.5379275742219096, -11.399999899999829
28.035852393112233, 4.595069443359195, -11.399999899999829
27.367369038715943, 7.5975169793610675, -11.399999899999829
26.38198894831332, 10.51141349034126, -11.399999899999829
25.0922521418442, 13.303965064764101, -11.399999899999829
23.512252243456167, 15.94313911202557, -11.399999899999829
21.65670959646477, 18.396368813549522, -11.399999899999829
19.54313608008417, 20.63103805568186, -11.399999899999829
17.1950053343766, 22.61786372920588, -11.399999899999829
14.64474700774497, 24.33765239641975, -11.399999899999829
11.924868834531544, 25.77431848494193, -11.399999899999829
9.067589464114917, 26.91348960968443, -11.399999899999829
6.1052979006694015, 27.742062461769304, -11.399999899999829
3.071134360260693, 28.247319264338756, -11.399999899999829
-4.440892098500626e-16, 28.41820698897335, -11.399999899999829
3.907985046680551e-14, 28.360471962054387, -11.499999899999828
-3.0647911005460178, 28.189618062985055, -11.499999899999828
-6.092614962524162, 27.684831125983646, -11.499999899999828
-9.04869861064003, 26.857555982826987, -11.499999899999828
-11.900081669446818, 25.720679747704427, -11.499999899999828
-14.614524760442986, 24.28727184610159, -11.499999899999828
-17.15985371869988, 22.57149487445199, -11.499999899999828
-19.50342901657094, 20.58909134059338, -11.499999899999828
-21.61252553630267, 18.358909642572577, -11.499999899999828
-23.463802226626104, 15.910392213908944, -11.499999899999828
-25.04013168940549, 13.276396717509332, -11.499999899999828
-26.327075528607008, 10.489524486685104, -11.499999899999828
-27.310667551696305, 7.58170259559388, -11.499999899999828
-27.978301980396946, 4.585550162808367, -11.499999899999828
-28.31749384383981, 1.5347589839899884, -11.499999899999828
-28.317493837051515, -1.5347589834457669, -11.499999899999828
-27.978301973978212, -4.5855501626461965, -11.499999899999828
-27.31066756349272, -7.581702599222812, -11.499999899999828
-26.327075528172703, -10.489524487774526, -11.499999899999828
-25.040131710094563, -13.27639672900504, -11.499999899999828
-23.463802198231548, -15.910392196074524, -11.499999899999828
-21.612525571785202, -18.358909673786783, -11.499999899999828
-19.503429054825467, -20.58909138221618, -11.499999899999828
-17.15985372792379, -22.5714948886531, -11.499999899999828
-14.614524766647476, -24.287271858007635, -11.499999899999828
-11.900081668382038, -25.72067974819609, -11.499999899999828
-9.048698609529033, -26.85755598320275, -11.499999899999828
-6.0926149657251925, -27.684831144711694, -11.499999899999828
-3.0647910977388424, -28.189618041363367, -11.499999899999828
0.0, -28.360471962054387, -11.499999899999828
4.440892098500626e-16, -28.360471962054387, -11.499999899999828
3.064791100546061, -28.18961806298505, -11.499999899999828
6.092614962524183, -27.684831125983504, -11.499999899999828
9.048698610640072, -26.85755598282693, -11.499999899999828
11.900081669446857, -25.720679747704363, -11.499999899999828
14.614524760443018, -24.28727184610151, -11.499999899999828
17.15985371869991, -22.571494874451915, -11.499999899999828
19.50342901657098, -20.589091340593303, -11.499999899999828
21.612525536302726, -18.358909642572513, -11.499999899999828
23.463802226626182, -15.910392213908892, -11.499999899999828
25.04013168940557, -13.276396717509273, -11.499999899999828
26.32707552860709, -10.489524486685045, -11.499999899999828
27.31066755169637, -7.581702595593817, -11.499999899999828
27.978301980397006, -4.585550162808305, -11.499999899999828
28.317493843839873, -1.534758983989923, -11.499999899999828
28.317493837051597, 1.5347589834458293, -11.499999899999828
27.978301973978258, 4.585550162646259, -11.499999899999828
27.310667563492768, 7.58170259922287, -11.499999899999828
26.327075528172738, 10.489524487774583, -11.499999899999828
25.040131710094595, 13.276396729005096, -11.499999899999828
23.46380219823158, 15.910392196074575, -11.499999899999828
21.612525571785238, 18.358909673786844, -11.499999899999828
19.503429054825492, 20.58909138221624, -11.499999899999828
17.159853727923807, 22.571494888653156, -11.499999899999828
14.61452476664749, 24.28727185800769, -11.499999899999828
11.900081668382047, 25.720679748196122, -11.499999899999828
9.048698609529033, 26.857555983202772, -11.499999899999828
6.092614965725188, 27.684831144711723, -11.499999899999828
3.0647910977388375, 28.18961804136338, -11.499999899999828
-4.440892098500626e-16, 28.360471962054387, -11.499999899999828
3.907985046680551e-14, 28.302736935135417, -11.599999899999828
-3.0584478066816274, 28.1319164635613, -11.599999899999828
-6.079931921400649, 27.627599410530404, -11.599999899999828
-9.029807710431985, 26.801622276108915, -11.599999899999828
-11.875294500744383, 25.667040975254164, -11.599999899999828
-14.584302391744425, 24.236891050073893, -11.599999899999828
-17.124701840877417, 22.525125681737997, -11.599999899999828
-19.463721966214152, 20.547144650949804, -11.599999899999828
-21.56834131205026, 18.321450316736268, -11.599999899999828
-23.415351765141903, 15.877645030806551, -11.599999899999828
-24.98801113420988, 13.248828341140914, -11.599999899999828
-26.27216210618874, 10.467635479010529, -11.599999899999828
-27.253965837665874, 7.565888124188813, -11.599999899999828
-27.92075105984417, 4.576030794914036, -11.599999899999828
-28.259753972058927, 1.5315903978656646, -11.599999899999828
-28.25975396904717, -1.5315903975996537, -11.599999899999828
-27.92075106236968, -4.576030796557005, -11.599999899999828
-27.253965848933632, -7.565888127959473, -11.599999899999828
-26.27216210572254, -10.467635480179899, -11.599999899999828
-24.988011078739458, -13.248828314973231, -11.599999899999828
-23.41535175601531, -15.877645026517705, -11.599999899999828
-21.56834126008054, -18.32145027483151, -11.599999899999828
-19.463721909275378, -20.54714459194838, -11.599999899999828
-17.12470182847683, -22.525125665658514, -11.599999899999828
-14.584302348735914, -24.236890983064427, -11.599999899999828
-11.875294499601445, -25.66704097578184, -11.599999899999828
-9.029807709239508, -26.801622276512347, -11.599999899999828
-6.079931924527679, -27.62759942931279, -11.599999899999828
-3.0584478036383707, -28.131916440156406, -11.599999899999828
0.0, -28.302736935135417, -11.599999899999828
0.0, -28.302736935135417, -11.599999899999828
3.0584478066816616, -28.131916463561257, -11.599999899999828
6.079931921400669, -27.62759941053028, -11.599999899999828
9.02980771043202, -26.80162227610887, -11.599999899999828
11.875294500744412, -25.667040975254103, -11.599999899999828
14.584302391744453, -24.23689105007383, -11.599999899999828
17.124701840877435, -22.52512568173791, -11.599999899999828
19.463721966214184, -20.547144650949736, -11.599999899999828
21.568341312050322, -18.321450316736218, -11.599999899999828
23.41535176514197, -15.877645030806507, -11.599999899999828
24.988011134209955, -13.248828341140875, -11.599999899999828
26.272162106188816, -10.467635479010484, -11.599999899999828
27.253965849273197, -7.565888126747193, -11.599999899999828
27.920751096601084, -4.576030801632884, -11.599999899999828
28.259753986936012, -1.531590397810749, -11.599999899999828
28.259753972058984, 1.5315903978656424, -11.599999899999828
27.92075106759119, 4.576030796198079, -11.599999899999828
27.25396584431425, 7.56588812737895, -11.599999899999828
26.272162106356305, 10.46763547859053, -11.599999899999828
24.988011096361614, 13.248828321717623, -11.599999899999828
23.415351754452292, 15.877645023558982, -11.599999899999828
21.568341312050357, 18.321450316736257, -11.599999899999828
19.463721953948387, 20.54714463828339, -11.599999899999828
17.12470183974253, 22.525125680307305, -11.599999899999828
14.584302375248775, 24.23689102449088, -11.599999899999828
11.875294499601447, 25.667040975781884, -11.599999899999828
9.029807709239503, 26.801622276512372, -11.599999899999828
6.07993192452767, 27.627599429312802, -11.599999899999828
3.05844780363836, 28.131916440156413, -11.599999899999828
-8.881784197001252e-16, 28.302736935135417, -11.599999899999828
3.907985046680551e-14, 28.245001908216462, -11.699999899999828
-3.052104480641669, 28.074214483340548, -11.699999899999828
-6.067248772777883, 27.570367294639414, -11.699999899999828
-9.010916763705373, 26.745688489631434, -11.699999899999828
-11.850507328347046, 25.613402167191808, -11.699999899999828
-14.554079824835945, 24.18650988114594, -11.699999899999828
-17.089549665224585, 22.478756098262934, -11.699999899999828
-19.424014768335418, 20.505197815103298, -11.699999899999828
-21.524156795542925, 18.283990724640496, -11.699999899999828
-23.36690096024257, 15.844897627542014, -11.699999899999828
-24.935890312322773, 13.221259849978939, -11.699999899999828
-26.217248682562044, 10.445746463991663, -11.699999899999828
-27.197263897168156, 7.550073562121079, -11.699999899999828
-27.863199717358917, 4.566511352005188, -11.699999899999828
-28.202013962497638, 1.5284218137543943, -11.699999899999828
-28.202013945824348, -1.5284218173233817, -11.699999899999828
-27.863199685055, -4.566511349647834, -11.699999899999828
-27.197263890946694, -7.5500735661184875, -11.699999899999828
-26.217248681393073, -10.445746466923488, -11.699999899999828
-24.93589031084968, -13.22125985277036, -11.699999899999828
-23.366900927845286, -15.844897609445198, -11.699999899999828
-21.524156786718894, -18.2839907208881, -11.699999899999828
-19.424014767021202, -20.505197816345476, -11.699999899999828
-17.089549663828127, -22.478756099410376, -11.699999899999828
-14.554079801684436, -24.186509847353335, -11.699999899999828
-11.850507327123312, -25.613402167756725, -11.699999899999828
-9.01091676242866, -26.745688490063486, -11.699999899999828
-6.067248775827584, -27.57036731347452, -11.699999899999828
-3.0521044773541104, -28.07421445809532, -11.699999899999828
0.0, -28.245001908216462, -11.699999899999828
0.0, -28.245001908216462, -11.699999899999828
3.052104480703681, -28.074214483333595, -11.699999899999828
6.067248772899583, -27.570367294611902, -11.699999899999828
9.010916763882618, -26.7456884895714, -11.699999899999828
11.850507328573554, -25.613402167087198, -11.699999899999828
14.554079844469578, -24.186509913259776, -11.699999899999828
17.089549677536276, -22.478756116622698, -11.699999899999828
19.424014826723127, -20.505197877644143, -11.699999899999828
21.52415684106361, -18.28399076404463, -11.699999899999828
23.366900937155926, -15.8448976130558, -11.699999899999828
24.935890366149433, -13.22125987804531, -11.699999899999828
26.21724868214638, -10.445746465034265, -11.699999899999828
27.197263896882166, -7.550073563141821, -11.699999899999828
27.86319971719447, -4.566511352989234, -11.699999899999828
28.202013962445246, -1.5284218146882613, -11.699999899999828
28.202013945873304, 1.5284218164517753, -11.699999899999828
27.863199685188725, 4.5665113488483176, -11.699999899999828
27.19726389114866, 7.5500735653979945, -11.699999899999828
26.217248681647163, 10.445746466286376, -11.699999899999828
24.935890311140756, 13.22125985221892, -11.699999899999828
23.366900928158813, 15.844897608979752, -11.699999899999828
21.52415678704093, 18.283990720507138, -11.699999899999828
19.42401476733845, 20.505197816045687, -11.699999899999828
17.089549664126686, 22.478756099184913, -11.699999899999828
14.554079801952058, 24.18650984719338, -11.699999899999828
11.85050732734978, 25.6134021676522, -11.699999899999828
9.01091676260586, 26.745688490003545, -11.699999899999828
6.067248775949297, 27.57036731344738, -11.699999899999828
3.0521044774160613, 28.07421445808839, -11.699999899999828
-8.881784197001252e-16, 28.245001908216462, -11.699999899999828
3.907985046680551e-14, 28.187266881297493, -11.799999899999827
-3.0457611221056804, 28.016512119646208, -11.799999899999827
-6.0545655159668135, 27.513134776069524, -11.799999899999827
-8.99202577045456, 26.689754623525957, -11.799999899999827
-11.825720152243248, 25.55976332308658, -11.799999899999827
-14.52385713486417, 24.13612846354856, -11.799999899999827
-17.054397234775298, 22.4323861909382, -11.799999899999827
-19.384307649012065, 20.463251077437857, -11.799999899999827
-21.479972163219795, 18.246531021253325, -11.799999899999827
-23.318449718214914, 15.812149947564329, -11.799999899999827
-24.883769431049394, 13.1936913540225, -11.799999899999827
-26.162335255511177, 10.423857447537605, -11.799999899999827
-27.140561690764805, 7.534258906595582, -11.799999899999827
-27.805647821406172, 4.556991816237281, -11.799999899999827
-28.144273760515023, 1.5252532375691197, -11.799999899999827
-28.144273758004925, -1.525253236032171, -11.799999899999827
-27.805647824490975, -4.556991816685256, -11.799999899999827
-27.140561704591722, -7.534258909752516, -11.799999899999827
-26.162335255507763, -10.423857447546245, -11.799999899999827
-24.88376940052921, -13.193691338924987, -11.799999899999827
-23.318449703882667, -15.812149938074416, -11.799999899999827
-21.479972163219834, -18.246531021253297, -11.799999899999827
-19.38430763208737, -20.463251059956473, -11.799999899999827
-17.05439723479513, -22.43238619107877, -11.799999899999827
-14.523857122748238, -24.136128446241965, -11.799999899999827
-11.825720150705159, -25.55976332379654, -11.799999899999827
-8.992025768661172, -26.68975462352448, -11.799999899999827
-6.054565512563287, -27.513134766405848, -11.799999899999827
-3.0457611178147572, -28.01651208709315, -11.799999899999827
0.0, -28.187266881297493, -11.799999899999827
0.0, -28.187266881297493, -11.799999899999827
3.045761122105725, -28.016512119646226, -11.799999899999827
6.054565515966864, -27.51313477606955, -11.799999899999827
8.992025770454596, -26.689754623525907, -11.799999899999827
11.825720152243282, -25.559763323086525, -11.799999899999827
14.52385712040632, -24.13612843962112, -11.799999899999827
17.054397223417965, -22.432386172658912, -11.799999899999827
19.384307586110893, -20.463251009041844, -11.799999899999827
21.47997211684742, -18.246530980028787, -11.799999899999827
23.318449738244208, -15.812149959121797, -11.799999899999827
24.883769385057867, -13.193691329576154, -11.799999899999827
26.162335256135258, -10.423857445972654, -11.799999899999827
27.14056169121968, -7.534258904973359, -11.799999899999827
27.80564782168433, -4.556991814575615, -11.799999899999827
28.144273760609657, -1.525253235887001, -11.799999899999827
28.14427375791039, 1.5252532377142864, -11.799999899999827
27.80564782421292, 4.556991818346918, -11.799999899999827
27.140561704136964, 7.534258911374736, -11.799999899999827
26.162335254883804, 10.423857449111186, -11.799999899999827
24.88376938335173, 13.193691332517899, -11.799999899999827
23.31844970864005, 15.81214994320269, -11.799999899999827
21.47997210675889, 18.24653097546745, -11.799999899999827
19.38430758488649, 20.463251010199084, -11.799999899999827
17.054397222073494, 22.432386173674164, -11.799999899999827
14.52385710049247, 24.136128411333985, -11.799999899999827
11.825720150705193, 25.55976332379655, -11.799999899999827
8.992025768661204, 26.689754623524493, -11.799999899999827
6.054565512563316, 27.51313476640585, -11.799999899999827
3.045761117814781, 28.016512087093176, -11.799999899999827
-4.440892098500626e-16, 28.187266881297493, -11.799999899999827
3.907985046680551e-14, 28.129531854378538, -11.899999899999827
-3.039417730909186, 27.95880936975932, -11.899999899999827
-6.041882150586937, 27.455901852494623, -11.899999899999827
-8.973134730568113, 26.63382067615925, -11.899999899999827
-11.800932973315513, 25.506124442869528, -11.899999899999827
-14.49363425944841, 24.0857466914929, -11.899999899999827
-17.019244503566508, 22.38601588458412, -11.899999899999827
-19.344600364496195, 20.42130417139506, -11.899999899999827
-21.435787231546204, 18.209071041891608, -11.899999899999827
-23.269998121520327, 15.779402037185006, -11.899999899999827
-24.831648299065794, 13.166122749592072, -11.899999899999827
-26.107421828028354, 10.401968421284602, -11.899999899999827
-27.083859273337378, 7.518444160503446, -11.899999899999827
-27.74809554205105, 4.547472209207844, -11.899999899999827
-28.086533439588496, 1.5220846606003064, -11.899999899999827
-28.08653341457637, -1.5220846636033256, -11.899999899999827
-27.748095488740894, -4.547472203079878, -11.899999899999827
-27.08385925794005, -7.5184441621108915, -11.899999899999827
-26.107421826688082, -10.401968424645709, -11.899999899999827
-24.831648297261115, -13.166122752752278, -11.899999899999827
-23.269998092591628, -15.779402022015029, -11.899999899999827
-21.435787220684052, -18.209071036972002, -11.899999899999827
-19.34460036318121, -20.421304172637655, -11.899999899999827
-17.019244502122437, -22.38601588567402, -11.899999899999827
-14.493634239929339, -24.08574666403979, -11.899999899999827
-11.80093297167283, -25.50612444362765, -11.899999899999827
-8.973134728668148, -26.63382067620204, -11.899999899999827
-6.041882147165124, -27.45590184329287, -11.899999899999827
-3.039417726300899, -27.958809334851104, -11.899999899999827
0.0, -28.129531854378538, -11.899999899999827
4.440892098500626e-16, -28.129531854378538, -11.899999899999827
3.0394177309092267, -27.958809369759297, -11.899999899999827
6.041882150587007, -27.455901852494737, -11.899999899999827
8.973134730568146, -26.633820676159196, -11.899999899999827
11.800932973315549, -25.506124442869474, -11.899999899999827
14.49363425944844, -24.085746691492826, -11.899999899999827
17.019244503566533, -22.386015884584037, -11.899999899999827
19.34460036449624, -20.421304171394997, -11.899999899999827
21.435787231546268, -18.20907104189156, -11.899999899999827
23.26999812152048, -15.779402037185019, -11.899999899999827
24.83164829906586, -13.166122749592022, -11.899999899999827
26.107421828028436, -10.401968421284556, -11.899999899999827
27.083859273337435, -7.518444160503389, -11.899999899999827
27.748095542051114, -4.547472209207785, -11.899999899999827
28.086533439588532, -1.5220846606002416, -11.899999899999827
28.08653341457641, 1.5220846636033858, -11.899999899999827
27.748095488740937, 4.547472203079946, -11.899999899999827
27.08385925794008, 7.518444162110954, -11.899999899999827
26.107421826688114, 10.40196842464578, -11.899999899999827
24.831648297261136, 13.166122752752347, -11.899999899999827
23.269998092591646, 15.779402022015104, -11.899999899999827
21.43578722068406, 18.209071036972073, -11.899999899999827
19.34460036318122, 20.42130417263772, -11.899999899999827
17.019244502122437, 22.38601588567408, -11.899999899999827
14.493634239929333, 24.085746664039842, -11.899999899999827
11.800932971672813, 25.506124443627698, -11.899999899999827
8.97313472866812, 26.633820676202077, -11.899999899999827
6.0418821471650865, 27.455901843292896, -11.899999899999827
3.0394177263008597, 27.958809334851107, -11.899999899999827
-4.440892098500626e-16, 28.129531854378538, -11.899999899999827
3.907985046680551e-14, 28.07179682745957, -11.999999899999827
-3.033074305996341, 27.90110622792167, -11.999999899999827
-6.029198672454604, 27.398668511247504, -11.999999899999827
-8.95424364272327, 26.577886647818683, -11.999999899999827
-11.776145789965842, 25.452485526600718, -11.999999899999827
-14.463411241402044, 24.035364638968613, -11.999999899999827
-16.984091502159472, 22.339645232723317, -11.999999899999827
-19.304893101388718, 20.379357303564976, -11.999999899999827
-21.3916021346758, 18.171610909802915, -11.999999899999827
-23.22154608993899, 15.746653852606222, -11.999999899999827
-24.779527051113707, 13.13855411268102, -11.999999899999827
-26.052508397008793, 10.380079393714002, -11.999999899999827
-27.02715659888559, 7.502629322670504, -11.999999899999827
-27.690542696473283, 4.53795250659526, -11.999999899999827
-28.028792921395187, 1.5189160899995195, -11.999999899999827
-28.028792906946205, -1.5189160914258983, -11.999999899999827
-27.69054267690187, -4.537952503939473, -11.999999899999827
-27.02715657864699, -7.502629319704344, -11.999999899999827
-26.052508396861842, -10.380079394082617, -11.999999899999827
-24.779527051000198, -13.138554113087357, -11.999999899999827
-23.221546055490393, -15.746653829631951, -11.999999899999827
-21.39160212927478, -18.171610906597824, -11.999999899999827
-19.304893101192732, -20.379357303750133, -11.999999899999827
-16.98409150201632, -22.339645232976597, -11.999999899999827
-14.463411220516, -24.03536460611076, -11.999999899999827
-11.776145789850384, -25.452485526653945, -11.999999899999827
-8.95424364241518, -26.577886647322, -11.999999899999827
-6.029198675439512, -27.398668523459566, -11.999999899999827
-3.033074303664685, -27.9011062105848, -11.999999899999827
0.0, -28.07179682745957, -11.999999899999827
8.881784197001252e-16, -28.07179682745957, -11.999999899999827
3.033074305987141, -27.901106227922693, -11.999999899999827
6.029198672436515, -27.39866851125162, -11.999999899999827
8.954243642696882, -26.577886647827576, -11.999999899999827
11.7761457899321, -25.45248552661624, -11.999999899999827
14.463411247400082, -24.035364648832452, -11.999999899999827
16.984091517347764, -22.339645254195254, -11.999999899999827
19.30489316250831, -20.379357368635386, -11.999999899999827
21.39160218590503, -18.1716109534988, -11.999999899999827
23.22154608672912, -15.746653850559836, -11.999999899999827
24.77952709620974, -13.138554134879113, -11.999999899999827
26.052508396871087, -10.38007939405949, -11.999999899999827
27.027156584070397, -7.502629319487567, -11.999999899999827
27.690542677048356, -4.537952503812936, -11.999999899999827
28.028792906954124, -1.5189160912866324, -11.999999899999827
28.028792907231846, 1.5189160899688978, -11.999999899999827
27.690542684391772, 4.53795250502615, -11.999999899999827
27.027156598485732, 7.502629322811297, -11.999999899999827
26.052508396923887, 10.38007939392719, -11.999999899999827
24.77952706219056, 13.138554118079188, -11.999999899999827
23.22154608422879, 15.746653848976496, -11.999999899999827
21.391602185905057, 18.171610953498863, -11.999999899999827
19.304893152619876, 20.379357358422663, -11.999999899999827
16.984091517788453, 22.339645254907477, -11.999999899999827
14.46341124276682, 24.03536464068548, -11.999999899999827
11.77614578981662, 25.452485526669562, -11.999999899999827
8.954243642388757, 26.577886647330956, -11.999999899999827
6.029198675421362, 27.398668523463652, -11.999999899999827
3.033074303655431, 27.90110621058582, -11.999999899999827
-4.440892098500626e-16, 28.07179682745957, -11.999999899999827
3.907985046680551e-14, 28.014061800540613, -12.099999899999826
-3.0267308480901978, 27.84340269728335, -12.099999899999826
-6.0165150870765745, 27.34143477095421, -12.099999899999826
-8.935352508279886, 26.521952538141637, -12.099999899999826
-11.751358604092633, 25.398846573695046, -12.099999899999826
-14.433188068798916, 23.984982281393965, -12.099999899999826
-16.948938235509942, 22.293274236037224, -12.099999899999826
-19.26518586226862, 20.33741047145185, -12.099999899999826
-21.347416882057473, 18.134150627072476, -12.099999899999826
-23.17309367175574, 15.713905419856252, -12.099999899999826
-24.7274056866098, 13.11098543663163, -12.099999899999826
-25.997594964396995, 10.358190359222304, -12.099999899999826
-26.970453681402148, 7.4868143895831905, -12.099999899999826
-27.63298940624872, 4.528432724911162, -12.099999899999826
-27.971052253347338, 1.5157475228026827, -12.099999899999826
-27.97105223618568, -1.5157475234869553, -12.099999899999826
-27.632989382424, -4.528432720915014, -12.099999899999826
-26.970453661407777, -7.4868143860331875, -12.099999899999826
-25.997594964454407, -10.358190359078458, -12.099999899999826
-24.727405653581005, -13.110985420316684, -12.099999899999826
-23.173093669174015, -15.713905418218497, -12.099999899999826
-21.347416882057505, -18.134150627072444, -12.099999899999826
-19.265185850924173, -20.33741045973387, -12.099999899999826
-16.948938236154046, -22.29327423703253, -12.099999899999826
-14.433188063898278, -23.984982273077478, -12.099999899999826
-11.751358603847917, -25.39884657380792, -12.099999899999826
-8.935352507842222, -26.521952537705893, -12.099999899999826
-6.016515090003368, -27.341434783558732, -12.099999899999826
-3.0267308453744626, -27.84340267712026, -12.099999899999826
0.0, -28.014061800540613, -12.099999899999826
0.0, -28.014061800540613, -12.099999899999826
3.026730848075693, -27.84340269728495, -12.099999899999826
6.016515087048063, -27.341434770960618, -12.099999899999826
8.935352508238338, -26.52195253815567, -12.099999899999826
11.751358604039519, -25.398846573719517, -12.099999899999826
14.433188068736124, -23.984982281431396, -12.099999899999826
16.948938235439876, -22.293274236090024, -12.099999899999826
19.2651858621942, -20.337410471522137, -12.099999899999826
21.347416881982017, -18.134150627161887, -12.099999899999826
23.173093671682317, -15.713905419965508, -12.099999899999826
24.727405686541626, -13.11098543676104, -12.099999899999826
25.997594964337434, -10.35819035937178, -12.099999899999826
26.970453667143847, -7.486814386316509, -12.099999899999826
27.63298938254615, -4.528432721128153, -12.099999899999826
27.97105223617415, -1.515747523691494, -12.099999899999826
27.97105223695092, 1.5157475223912433, -12.099999899999826
27.63298939032672, 4.52843272239862, -12.099999899999826
26.97045368110597, 7.486814389526354, -12.099999899999826
25.997594964394814, 10.358190359228018, -12.099999899999826
24.727405653512804, 13.110985420446182, -12.099999899999826
23.173093669100588, 15.71390541832785, -12.099999899999826
21.347416881982042, 18.13415062716195, -12.099999899999826
19.265185850849747, 20.33741045980425, -12.099999899999826
16.948938236083986, 22.29327423708544, -12.099999899999826
14.433188063835441, 23.98498227311494, -12.099999899999826
11.751358603794783, 25.39884657383247, -12.099999899999826
8.935352507800655, 26.521952537719997, -12.099999899999826
6.016515089974819, 27.341434783565138, -12.099999899999826
3.026730845359922, 27.843402677121894, -12.099999899999826
-8.881784197001252e-16, 28.014061800540613, -12.099999899999826
3.907985046680551e-14, 27.956326773621644, -12.199999899999826
-3.020387356313255, 27.785698772215593, -12.199999899999826
-6.0038313916814205, 27.284200624322523, -12.199999899999826
-8.91646132600884, 26.466018346225773, -12.199999899999826
-11.726571414714343, 25.345207584005504, -12.199999899999826
-14.402964725362178, 23.934599593884265, -12.199999899999826
-16.913784652825317, 22.246902824328746, -12.199999899999826
-19.225478454416024, 20.29546347146716, -12.199999899999826
-21.3032313122521, 18.096690057811692, -12.199999899999826
-23.12464085267241, 15.681156731589937, -12.199999899999826
-24.67528407284131, 13.083416658447943, -12.199999899999826
-25.942681530042023, 10.336301318754737, -12.199999899999826
-26.913750504767993, 7.470999358211389, -12.199999899999826
-27.575435602611762, 4.51891285257321, -12.199999899999826
-27.9133114010166, 1.512578959138939, -12.199999899999826
-27.913311402274516, -1.5125789590185916, -12.199999899999826
-27.575435610646608, -4.518912855042687, -12.199999899999826
-26.913750519664895, -7.470999362869828, -12.199999899999826
-25.942681529674175, -10.336301319677148, -12.199999899999826
-24.675284072594547, -13.083416659452693, -12.199999899999826
-23.124640824930342, -15.681156713740737, -12.199999899999826
-21.303231305243166, -18.096690054003954, -12.199999899999826
-19.225478453981932, -20.295463471877195, -12.199999899999826
-16.91378465241854, -22.246902824776843, -12.199999899999826
-14.402964705112609, -23.93459956253534, -12.199999899999826
-11.72657141435491, -25.34520758417128, -12.199999899999826
-8.9164613254728, -26.466018345895844, -12.199999899999826
-6.003831393325908, -27.284200631266057, -12.199999899999826
-3.020387353199971, -27.785698749134646, -12.199999899999826
0.0, -27.956326773621644, -12.199999899999826
0.0, -27.956326773621644, -12.199999899999826
3.020387356313293, -27.785698772215568, -12.199999899999826
6.003831391681433, -27.284200624322366, -12.199999899999826
8.91646132600888, -26.466018346225734, -12.199999899999826
11.726571414714384, -25.345207584005454, -12.199999899999826
14.40296472536221, -23.934599593884194, -12.199999899999826
16.91378465282535, -22.24690282432867, -12.199999899999826
19.22547845441607, -20.2954634714671, -12.199999899999826
21.30323131225216, -18.096690057811642, -12.199999899999826
23.124640852672506, -15.681156731589912, -12.199999899999826
24.675284072841382, -13.0834166584479, -12.199999899999826
25.942681530042094, -10.336301318754698, -12.199999899999826
26.913750519972435, -7.470999361921427, -12.199999899999826
27.575435630734333, -4.518912857349284, -12.199999899999826
27.913311421040998, -1.5125789586473122, -12.199999899999826
27.913311400982845, 1.5125789597351953, -12.199999899999826
27.575435602314915, 4.518912853129184, -12.199999899999826
26.91375049472091, 7.470999357545356, -12.199999899999826
25.94268152989545, 10.336301319122482, -12.199999899999826
24.675284081200648, 13.08341666254053, -12.199999899999826
23.124640851254863, 15.681156730912955, -12.199999899999826
21.303231365836623, 18.096690103789292, -12.199999899999826
19.225478508009523, 20.295463529277573, -12.199999899999826
16.91378467050853, 22.246902849718207, -12.199999899999826
14.402964736265574, 23.934599611829093, -12.199999899999826
11.726571414354904, 25.345207584171323, -12.199999899999826
8.916461325472788, 26.466018345895872, -12.199999899999826
6.003831393325895, 27.284200631266074, -12.199999899999826
3.020387353199958, 27.785698749134667, -12.199999899999826
-4.440892098500626e-16, 27.956326773621644, -12.199999899999826
3.907985046680551e-14, 27.89859174670269, -12.299999899999825
-3.0140438303215804, 27.727994449916253, -12.299999899999825
-5.9911475833465495, 27.226966058045956, -12.299999899999825
-8.897570096079946, 26.41008407264178, -12.299999899999825
-11.701784222092758, 25.291568557585652, -12.299999899999825
-14.372741227150684, 23.884216601663272, -12.299999899999825
-16.878630800521943, 22.200531063146418, -12.299999899999825
-19.185771069105503, 20.253516507362395, -12.299999899999825
-21.259045581143337, 18.05922933491681, -12.299999899999825
-23.076187629677335, 15.648407785949495, -12.299999899999825
-24.623162339703303, 13.05584784197619, -12.299999899999825
-25.887768093416867, 10.314412273027063, -12.299999899999825
-26.85704709838463, 7.4551842363299174, -12.299999899999825
-27.517881334036144, 4.509392898408407, -12.299999899999825
-27.85557040009863, 1.5094103985876957, -12.299999899999825
-27.855570401933914, -1.5094103988301566, -12.299999899999825
-27.517881342471078, -4.509392901263155, -12.299999899999825
-26.857047112390596, -7.455184241106747, -12.299999899999825
-25.88776809293097, -10.314412274245411, -12.299999899999825
-24.6231623393169, -13.055847843266358, -12.299999899999825
-23.076187603077337, -15.64840776925628, -12.299999899999825
-21.259045573285718, -18.059229330783108, -12.299999899999825
-19.185771068550096, -20.25351650788695, -12.299999899999825
-16.878630799979643, -22.200531063692253, -12.299999899999825
-14.372741207992732, -23.8842165723358, -12.299999899999825
-11.701784221595457, -25.291568557815005, -12.299999899999825
-8.897570095408692, -26.410084072385196, -12.299999899999825
-5.991147584952098, -27.226966065516724, -12.299999899999825
-3.014043826796659, -27.727994423822363, -12.299999899999825
0.0, -27.89859174670269, -12.299999899999825
0.0, -27.89859174670269, -12.299999899999825
3.014043830373982, -27.727994449910344, -12.299999899999825
5.9911475834494325, -27.22696605802293, -12.299999899999825
8.89757009622969, -26.41008407259098, -12.299999899999825
11.701784222284179, -25.291568557497317, -12.299999899999825
14.372741232133544, -23.884216609210014, -12.299999899999825
16.87863081846265, -22.200531088503173, -12.299999899999825
19.185771138408636, -20.25351658120874, -12.299999899999825
21.259045636036955, -18.05922938167077, -12.299999899999825
23.076187631166434, -15.648407786730264, -12.299999899999825
24.623162378381576, -13.055847860492197, -12.299999899999825
25.887768093348615, -10.314412273198315, -12.299999899999825
26.857047112696186, -7.455184239963813, -12.299999899999825
27.517881366734617, -4.5093929041184735, -12.299999899999825
27.85557042310581, -1.5094103983523726, -12.299999899999825
27.855570400053846, 1.5094103993767947, -12.299999899999825
27.517881333641864, 4.509392899197283, -12.299999899999825
26.85704708784806, 7.455184235743352, -12.299999899999825
25.887768093145727, 10.314412273707102, -12.299999899999825
24.623162339562526, 13.05584784280024, -12.299999899999825
23.076187603341793, 15.648407768862686, -12.299999899999825
21.259045573557565, 18.05922933046098, -12.299999899999825
19.185771068818262, 20.25351650763375, -12.299999899999825
16.878630800232134, 22.200531063502044, -12.299999899999825
14.372741208218986, 23.884216572200874, -12.299999899999825
11.701784221786832, 25.29156855772676, -12.299999899999825
8.897570095558384, 26.410084072334474, -12.299999899999825
5.991147585054908, 27.226966065493656, -12.299999899999825
3.0140438268490124, 27.727994423816487, -12.299999899999825
-8.881784197001252e-16, 27.89859174670269, -12.299999899999825
3.907985046680551e-14, 27.84085671978372, -12.399999899999825
-3.00770026975469, 27.670289727558576, -12.399999899999825
-5.978463662425924, 27.16973107533287, -12.399999899999825
-8.878678818063522, 26.35414971649812, -12.399999899999825
-11.676997026182525, 25.23792949409066, -12.399999899999825
-14.34251756902013, 23.83383329580585, -12.399999899999825
-16.84347666064919, 22.154158927016102, -12.399999899999825
-19.146063637939772, 20.211569506428624, -12.399999899999825
-21.214859634568253, 18.021768412122338, -12.399999899999825
-23.027733998987504, 15.615658580648635, -12.399999899999825
-24.57104044278533, 13.028278965515096, -12.399999899999825
-25.832854654762507, 10.292523221663666, -12.399999899999825
-26.800343447624186, 7.439369019634221, -12.399999899999825
-27.460326573980115, 4.4998728574213, -12.399999899999825
-27.797829227088187, 1.5062418414381387, -12.399999899999825
-27.79782923455678, -1.5062418423830413, -12.399999899999825
-27.46032658262648, -4.499872860953609, -12.399999899999825
-26.80034345826912, -7.439369024360993, -12.399999899999825
-25.83285465401682, -10.292523223533273, -12.399999899999825
-24.571040442081824, -13.028278967429431, -12.399999899999825
-23.027733973325628, -15.615658565434602, -12.399999899999825
-21.214859625588574, -18.021768407932367, -12.399999899999825
-19.14606363698854, -20.211569507326903, -12.399999899999825
-16.843476659667388, -22.154158927885177, -12.399999899999825
-14.342517554152844, -23.833833273479414, -12.399999899999825
-11.676997025542837, -25.237929494385657, -12.399999899999825
-8.878678817253743, -26.35414971632045, -12.399999899999825
-5.978463663989464, -27.16973108333967, -12.399999899999825
-3.007700265803549, -27.670289698353066, -12.399999899999825
0.0, -27.84085671978372, -12.399999899999825
4.440892098500626e-16, -27.84085671978372, -12.399999899999825
3.007700269799561, -27.670289727553488, -12.399999899999825
5.978463662513951, -27.16973107531282, -12.399999899999825
8.87867881819174, -26.354149716454597, -12.399999899999825
11.676997026346443, -25.237929494015027, -12.399999899999825
14.342517572173328, -23.833833300445406, -12.399999899999825
16.8434766796057, -22.1541589540129, -12.399999899999825
19.14606371404652, -20.211569587638788, -12.399999899999825
21.214859698015097, -18.021768466039664, -12.399999899999825
23.027733989774074, -15.615658574519898, -12.399999899999825
24.571040471383935, -13.028278979809821, -12.399999899999825
25.8328546544617, -10.292523222417945, -12.399999899999825
26.800343458534, -7.439369023138335, -12.399999899999825
27.460326611173123, -4.499872864563483, -12.399999899999825
27.797829258196426, -1.5062418420459385, -12.399999899999825
27.797829227049778, 1.5062418421138004, -12.399999899999825
27.460326573699252, 4.499872858105993, -12.399999899999825
26.80034343541791, 7.439369017687797, -12.399999899999825
25.832854654685466, 10.292523221857069, -12.399999899999825
24.571040447214212, 13.028278967581246, -12.399999899999825
23.02773401417325, 15.615658590838324, -12.399999899999825
21.21485969801512, 18.021768466039717, -12.399999899999825
19.14606369803403, 20.211569571093964, -12.399999899999825
16.843476680850056, 22.15415895585088, -12.399999899999825
14.342517577161296, 23.833833309384207, -12.399999899999825
11.676997025706736, 25.23792949431011, -12.399999899999825
8.878678817381932, 26.354149716277007, -12.399999899999825
5.9784636640775055, 27.16973108331991, -12.399999899999825
3.0077002658483805, 27.670289698348014, -12.399999899999825
-4.440892098500626e-16, 27.84085671978372, -12.399999899999825
3.907985046680551e-14, 27.783121692864764, -12.499999899999825
-3.0013566734944264, 27.61258459751112, -12.499999899999825
-5.965779628218466, 27.112495674831653, -12.499999899999825
-8.859787499868423, 26.298215303528405, -12.499999899999825
-11.652209826160243, 25.184290394873813, -12.499999899999825
-14.312293746663851, 23.783449671827437, -12.499999899999825
-16.80832223037357, 22.107786414578918, -12.499999899999825
-19.106356167874864, 20.16962247835414, -12.499999899999825
-21.170673467524406, 17.984307287832824, -12.499999899999825
-22.979279956470577, 15.58290911560048, -12.499999899999825
-24.51891838968307, 13.000710035206355, -12.499999899999825
-25.777941246768385, 10.270634180926526, -12.499999899999825
-26.743639545444665, 7.423553709538108, -12.499999899999825
-27.40277131850135, 4.490352732061415, -12.499999899999825
-27.74008789051969, 1.5030732910751254, -12.499999899999825
-27.740087902464175, -1.5030732861592018, -12.499999899999825
-27.402771335663584, -4.490352730795029, -12.499999899999825
-26.74363953859145, -7.4235537034027494, -12.499999899999825
-25.777941248434853, -10.270634176748988, -12.499999899999825
-24.51891838243106, -13.00071002740467, -12.499999899999825
-22.979279929612662, -15.582909092419396, -12.499999899999825
-21.17067348606735, -17.98430729969048, -12.499999899999825
-19.106356169271326, -20.169622477035585, -12.499999899999825
-16.808322231964826, -22.10778641349776, -12.499999899999825
-14.312293735828154, -23.783449649807736, -12.499999899999825
-11.65220982850047, -25.184290393794527, -12.499999899999825
-8.85978749298376, -26.298215276279457, -12.499999899999825
-5.965779632190188, -27.112495681818796, -12.499999899999825
-3.001356675260846, -27.612584609855574, -12.499999899999825
0.0, -27.783121692864764, -12.499999899999825
4.440892098500626e-16, -27.783121692864764, -12.499999899999825
3.001356673428657, -27.61258459751853, -12.499999899999825
5.965779628089278, -27.112495674860675, -12.499999899999825
8.859787499680309, -26.298215303592173, -12.499999899999825
11.652209825919725, -25.1842903949847, -12.499999899999825
14.312293746379448, -23.783449671996912, -12.499999899999825
16.80832223005616, -22.107786414817856, -12.499999899999825
19.106356167537836, -20.169622478672355, -12.499999899999825
21.17067346718296, -17.984307288237847, -12.499999899999825
22.97927995613848, -15.582909116095342, -12.499999899999825
24.51891838937458, -13.00071003579231, -12.499999899999825
25.777941246498447, -10.270634181603091, -12.499999899999825
26.743639555770315, -7.423553712932871, -12.499999899999825
27.402771305167978, -4.490352729871957, -12.499999899999825
27.740087888864725, -1.5030732893722234, -12.499999899999825
27.74008789068569, 1.5030732881659234, -12.499999899999825
27.402771318850764, 4.49035272909814, -12.499999899999825
26.74363953079125, 7.423553702886405, -12.499999899999825
25.77794124816497, 10.27063417742568, -12.499999899999825
24.518918382122536, 13.000710027990705, -12.499999899999825
22.979279929280544, 15.582909092914353, -12.499999899999825
21.170673485725832, 17.98430730009555, -12.499999899999825
19.10635616893428, 20.1696224773539, -12.499999899999825
16.80832223164741, 22.10778641373681, -12.499999899999825
14.312293735543737, 23.78344964997733, -12.499999899999825
11.652209828259911, 25.184290393905496, -12.499999899999825
8.859787492795599, 26.2982152763433, -12.499999899999825
5.965779632060948, 27.112495681847868, -12.499999899999825
3.001356675195027, 27.612584609863003, -12.499999899999825
-4.440892098500626e-16, 27.783121692864764, -12.499999899999825
3.552713678800501e-14, 27.725386665945795, -12.599999899999824
-2.9950130424640227, 27.554879066192917, -12.599999899999824
-5.953095479642238, 27.055259853016086, -12.599999899999824
-8.840896123915961, 26.242280779816763, -12.599999899999824
-11.627422623153187, 25.13065125696285, -12.599999899999824
-14.282069763648323, 23.73306573026793, -12.599999899999824
-16.77316751930025, 22.061413533211947, -12.599999899999824
-19.066648700793714, 20.127675462081818, -12.599999899999824
-21.126487153135706, 17.946846016715018, -12.599999899999824
-22.93082549526573, 15.550159380107893, -12.599999899999824
-24.46679617485004, 12.97314104296484, -12.599999899999824
-25.723027804181577, 10.248745117624143, -12.599999899999824
-26.6869354048166, 7.407738301845912, -12.599999899999824
-27.345215552528813, 4.480832511664464, -12.599999899999824
-27.682346382828225, 1.4999047377322396, -12.599999899999824
-27.682346384383763, -1.4999047403435244, -12.599999899999824
-27.345215565667303, -4.480832514703848, -12.599999899999824
-26.686935379996406, -7.407738295671805, -12.599999899999824
-25.723027804430394, -10.248745117000418, -12.599999899999824
-24.46679615481776, -12.973141032894985, -12.599999899999824
-22.930825519221294, -15.550159396118344, -12.599999899999824
-21.126487153135745, -17.946846016715003, -12.599999899999824
-19.06664872270344, -20.127675484664778, -12.599999899999824
-16.773167536060008, -22.06141355447938, -12.599999899999824
-14.28206976106724, -23.73306572123917, -12.599999899999824
-11.627422625609197, -25.13065125583031, -12.599999899999824
-8.840896117648043, -26.242280753946723, -12.599999899999824
-5.953095483669063, -27.055259859735997, -12.599999899999824
-2.9950130443284433, -27.55487907916163, -12.599999899999824
0.0, -27.725386665945795, -12.599999899999824
4.440892098500626e-16, -27.725386665945795, -12.599999899999824
2.9950130424640546, -27.554879066192875, -12.599999899999824
5.95309547964227, -27.05525985301604, -12.599999899999824
8.840896123915995, -26.242280779816724, -12.599999899999824
11.627422623153219, -25.13065125696279, -12.599999899999824
14.282069763648348, -23.733065730267864, -12.599999899999824
16.773167519300276, -22.06141353321188, -12.599999899999824
19.066648700793735, -20.127675462081747, -12.599999899999824
21.126487153135763, -17.946846016714975, -12.599999899999824
22.930825495265786, -15.550159380107853, -12.599999899999824
24.466796174850103, -12.973141042964805, -12.599999899999824
25.72302780418164, -10.248745117624107, -12.599999899999824
26.686935404816662, -7.407738301845871, -12.599999899999824
27.345215552528867, -4.4808325116644205, -12.599999899999824
27.68234638282827, -1.4999047377321943, -12.599999899999824
27.68234638438379, 1.4999047403435688, -12.599999899999824
27.345215565667342, 4.480832514703888, -12.599999899999824
26.686935379996438, 7.407738295671839, -12.599999899999824
25.723027804430483, 10.24874511700047, -12.599999899999824
24.466796154817807, 12.973141032895022, -12.599999899999824
22.93082551922131, 15.550159396118362, -12.599999899999824
21.126487153135795, 17.946846016715035, -12.599999899999824
19.06664872270349, 20.12767548466482, -12.599999899999824
16.773167536060043, 22.061413554479405, -12.599999899999824
14.282069761067271, 23.733065721239193, -12.599999899999824
11.627422625609233, 25.130651255830326, -12.599999899999824
8.840896117648073, 26.242280753946734, -12.599999899999824
5.953095483669093, 27.055259859736008, -12.599999899999824
2.9950130443284606, 27.55487907916162, -12.599999899999824
-8.881784197001252e-16, 27.725386665945795, -12.599999899999824
3.552713678800501e-14, 27.66765163902684, -12.699999899999824
-2.9886693759078526, 27.497173126149804, -12.699999899999824
-5.940411216485861, 26.99802360758469, -12.699999899999824
-8.822004699540978, 26.186346172019324, -12.699999899999824
-11.602635417572746, 25.077012081084032, -12.699999899999824
-14.25184561494005, 23.68268146265213, -12.699999899999824
-16.738012497026816, 22.01504024509464, -12.699999899999824
-19.026941102777826, 20.085728320652155, -12.699999899999824
-21.082300481112146, 17.909384429669466, -12.699999899999824
-22.882370634126683, 15.517409394709881, -12.699999899999824
-24.414673765447812, 12.945571978980535, -12.699999899999824
-25.668114358851557, 10.226856050320686, -12.699999899999824
-26.630230994826178, 7.3919227940630385, -12.699999899999824
-27.287659311859507, 4.47131220977194, -12.699999899999824
-27.62460470701386, 1.4967361941613806, -12.699999899999824
-27.624604720718462, -1.4967361911190402, -12.699999899999824
-27.287659330542628, -4.47131221047381, -12.699999899999824
-26.630230987783033, -7.391922789513787, -12.699999899999824
-25.668114359902717, -10.226856047686047, -12.699999899999824
-24.414673760807254, -12.94557197378663, -12.699999899999824
-22.882370650586786, -15.517409402594744, -12.699999899999824
-21.082300551047755, -17.909384485523216, -12.699999899999824
-19.026941170328442, -20.0857283896581, -12.699999899999824
-16.738012524924226, -22.015040279935956, -12.699999899999824
-14.251845614827486, -23.6826814572125, -12.699999899999824
-11.602635420148735, -25.077012079896353, -12.699999899999824
-8.822004693947571, -26.18634614767809, -12.699999899999824
-5.940411220574485, -26.998023614048744, -12.699999899999824
-2.9886693778733604, -27.49717313975907, -12.699999899999824
0.0, -27.66765163902684, -12.699999899999824
4.440892098500626e-16, -27.66765163902684, -12.699999899999824
2.9886693757605785, -27.497173126166484, -12.699999899999824
5.940411216196634, -26.9980236076498, -12.699999899999824
8.822004699119848, -26.186346172162228, -12.699999899999824
11.602635417034241, -25.077012081332274, -12.699999899999824
14.251845614303214, -23.6826814630314, -12.699999899999824
16.738012496316014, -22.01504024562934, -12.699999899999824
19.026941102023194, -20.08572832136447, -12.699999899999824
21.08230048034799, -17.909384430576445, -12.699999899999824
22.882370633383598, -15.517409395818024, -12.699999899999824
24.41467376475746, -12.945571980292467, -12.699999899999824
25.66811435824744, -10.226856051835401, -12.699999899999824
26.63023100213744, -7.391922797724185, -12.699999899999824
27.28765929818677, -4.471312208586861, -12.699999899999824
27.62460470540908, -1.4967361936468897, -12.699999899999824
27.624604707141078, 1.4967361919412316, -12.699999899999824
27.287659312145593, 4.471312207414807, -12.699999899999824
26.63023097980182, 7.391922787607476, -12.699999899999824
25.668114360094982, 10.226856047204116, -12.699999899999824
24.414673761286686, 12.945571973766905, -12.699999899999824
22.882370607700334, 15.51740937288476, -12.699999899999824
21.082300502175972, 17.909384444702344, -12.699999899999824
19.02694110358645, 20.08572831988891, -12.699999899999824
16.738012498074426, 22.01504024439074, -12.699999899999824
14.251845607155653, 23.68268144646372, -12.699999899999824
11.602635419610214, 25.077012080144673, -12.699999899999824
8.822004693526422, 26.186346147821066, -12.699999899999824
5.940411220285234, 26.998023614113908, -12.699999899999824
2.988669377726062, 27.497173139775814, -12.699999899999824
-8.881784197001252e-16, 27.66765163902684, -12.699999899999824
3.907985046680551e-14, 27.60991661210787, -12.799999899999824
-2.982325672927837, 27.43946677450675, -12.799999899999824
-5.927726836947409, 26.94078693636376, -12.799999899999824
-8.803113225009959, 26.130411480227405, -12.799999899999824
-11.57784820756666, 25.02337286790103, -12.799999899999824
-14.221621302202385, 23.63229687548584, -12.799999899999824
-16.702857188095425, 21.968666584310814, -12.799999899999824
-18.987233504859688, 20.043781192478935, -12.799999899999824
-21.038113654117076, 17.871922693901524, -12.799999899999824
-22.83391534623179, 15.48465913841421, -12.799999899999824
-24.36255120169564, 12.918002861272587, -12.799999899999824
-25.61320091094802, 10.204966978538769, -12.799999899999824
-26.573526348093402, 7.376107194097979, -12.799999899999824
-27.230102539983047, 4.461791813888656, -12.799999899999824
-27.566862855557286, 1.493567650998251, -12.799999899999824
-27.56686285720999, -1.4935676490185572, -12.799999899999824
-27.230102554094387, -4.461791812507569, -12.799999899999824
-26.57352632726038, -7.3761071839642085, -12.799999899999824
-25.61320091289131, -10.204966973668066, -12.799999899999824
-24.36255120034795, -12.918002855479982, -12.799999899999824
-22.833915321147167, -15.484659115596465, -12.799999899999824
-21.038113677672797, -17.871922709218367, -12.799999899999824
-18.98723350651102, -20.043781190920374, -12.799999899999824
-16.70285718994069, -21.968666582987172, -12.799999899999824
-14.221621297101464, -23.632296861959027, -12.799999899999824
-11.577848210266957, -25.023372866656207, -12.799999899999824
-8.80311322014911, -26.13041145756505, -12.799999899999824
-5.927726841104764, -26.94078694258357, -12.799999899999824
-2.9823256749976217, -27.43946678877325, -12.799999899999824
0.0, -27.60991661210787, -12.799999899999824
4.440892098500626e-16, -27.60991661210787, -12.799999899999824
2.982325672927874, -27.439466774506727, -12.799999899999824
5.927726836947444, -26.94078693636371, -12.799999899999824
8.803113225009994, -26.13041148022736, -12.799999899999824
11.57784820756669, -25.023372867900978, -12.799999899999824
14.22162130220241, -23.632296875485782, -12.799999899999824
16.702857188095454, -21.96866658431075, -12.799999899999824
18.987233504859727, -20.043781192478885, -12.799999899999824
21.03811365411713, -17.871922693901492, -12.799999899999824
22.833915346231837, -15.484659138414175, -12.799999899999824
24.362551201695698, -12.918002861272557, -12.799999899999824
25.61320091094806, -10.204966978538732, -12.799999899999824
26.57352634809345, -7.376107194097946, -12.799999899999824
27.230102539983104, -4.461791813888625, -12.799999899999824
27.566862855557332, -1.4935676509982168, -12.799999899999824
27.566862857210026, 1.4935676490185967, -12.799999899999824
27.23010255409441, 4.461791812507614, -12.799999899999824
26.57352632726041, 7.3761071839642485, -12.799999899999824
25.613200912891315, 10.204966973668094, -12.799999899999824
24.362551200347976, 12.918002855480015, -12.799999899999824
22.83391532114719, 15.484659115596504, -12.799999899999824
21.038113677672822, 17.871922709218417, -12.799999899999824
18.987233506511046, 20.043781190920416, -12.799999899999824
16.70285718994071, 21.96866658298721, -12.799999899999824
14.221621297101484, 23.632296861959063, -12.799999899999824
11.577848210266977, 25.02337286665623, -12.799999899999824
8.803113220149118, 26.130411457565078, -12.799999899999824
5.92772684110477, 26.940786942583593, -12.799999899999824
2.982325674997626, 27.439466788773224, -12.799999899999824
-4.440892098500626e-16, 27.60991661210787, -12.799999899999824
3.907985046680551e-14, 27.552181585188915, -12.899999899999823
-2.975981933674217, 27.38176000824168, -12.899999899999823
-5.915042341285933, 26.883549836696083, -12.899999899999823
-8.784221702127482, 26.074476705007182, -12.899999899999823
-11.553060994752318, 24.969733615449705, -12.899999899999823
-14.19139682551825, 23.581911963302666, -12.899999899999823
-16.66770158362785, 21.9222925345334, -12.899999899999823
-18.947525864798795, 20.001834029208965, -12.899999899999823
-20.993926604169168, 17.83446074936765, -12.899999899999823
-22.78545963891297, 15.451908613453782, -12.899999899999823
-24.31042846814768, 12.89043367880924, -12.899999899999823
-25.558287448710537, 10.183077893303906, -12.899999899999823
-26.516821439655782, 7.360291490786138, -12.899999899999823
-27.17254528813086, 4.452271330676951, -12.899999899999823
-27.50912083309808, 1.4903991128887628, -12.899999899999823
-27.50912084898507, -1.4903991079686483, -12.899999899999823
-27.172545309065693, -4.452271329618613, -12.899999899999823
-26.516821430416538, -7.360291483318186, -12.899999899999823
-25.558287450566, -10.183077888653484, -12.899999899999823
-24.310428472112356, -12.890433676039967, -12.899999899999823
-22.785459614991197, -15.45190859205277, -12.899999899999823
-20.993926663032518, -17.834460793798584, -12.899999899999823
-18.947525866386446, -20.00183402771071, -12.899999899999823
-16.667701585391942, -21.922292533248683, -12.899999899999823
-14.191396825662991, -23.58191195859482, -12.899999899999823
-11.553060997533652, -24.96973361473873, -12.899999899999823
-8.784221697005323, -26.074476682267466, -12.899999899999823
-5.915042345199769, -26.883549842917567, -12.899999899999823
-2.975981937242884, -27.381760035817784, -12.899999899999823
0.0, -27.552181585188915, -12.899999899999823
4.440892098500626e-16, -27.552181585188915, -12.899999899999823
2.9759819337490447, -27.381760008233137, -12.899999899999823
5.915042341432826, -26.883549836662908, -12.899999899999823
8.784221702341343, -26.07447670493452, -12.899999899999823
11.553060995025795, -24.969733615323616, -12.899999899999823
14.191396825841696, -23.581911963110112, -12.899999899999823
16.6677015839889, -21.922292534261963, -12.899999899999823
18.94752586518205, -20.00183402884727, -12.899999899999823
20.99392660455708, -17.834460748906963, -12.899999899999823
22.785459639290117, -15.451908612890932, -12.899999899999823
24.31042846849813, -12.890433678142996, -12.899999899999823
25.558287449017453, -10.183077892534822, -12.899999899999823
26.516821439901065, -7.36029148991674, -12.899999899999823
27.172545288294554, -4.452271329712133, -12.899999899999823
27.50912083315864, -1.4903991118366273, -12.899999899999823
27.509120848920258, 1.490399109095935, -12.899999899999823
27.172545308864276, 4.452271330806068, -12.899999899999823
26.51682143006915, 7.360291484549818, -12.899999899999823
25.55828745006403, 10.18307788991203, -12.899999899999823
24.310428466428977, 12.890433674387653, -12.899999899999823
22.78545965733548, 15.451908621881755, -12.899999899999823
20.99392667583568, 17.83446080608829, -12.899999899999823
18.94752593419602, 20.001834099808313, -12.899999899999823
16.667701614835572, 21.922292573369795, -12.899999899999823
14.191396828479556, 23.581911962301657, -12.899999899999823
11.553060997720987, 24.969733614425458, -12.899999899999823
8.784221697219156, 26.07447668219487, -12.899999899999823
5.915042345346626, 26.883549842884456, -12.899999899999823
2.9759819373176892, 27.381760035809407, -12.899999899999823
-4.440892098500626e-16, 27.552181585188915, -12.899999899999823
3.552713678800501e-14, 27.494446558269946, -12.999999899999823
-2.969638157317705, 27.324052824415464, -12.999999899999823
-5.902357727839559, 26.826312306337947, -12.999999899999823
-8.765330128159377, 26.018541842928503, -12.999999899999823
-11.52827377828668, 24.916094325879342, -12.999999899999823
-14.161172181882243, 23.531526724798265, -12.999999899999823
-16.632545679697383, 21.87591809455194, -12.999999899999823
-18.90781818006795, 19.959886832573957, -12.999999899999823
-20.949739327274994, 17.796998597152097, -12.999999899999823
-22.737003507383623, 15.419157821543422, -12.999999899999823
-24.258305567137256, 12.862864437851849, -12.999999899999823
-25.50337399688335, 10.161188809455185, -12.999999899999823
-26.460116278632164, 7.3444756913225175, -12.999999899999823
-27.114987497145236, 4.442750752846797, -12.999999899999823
-27.451378641828363, 1.4872305780148505, -12.999999899999823
-27.45137863395409, -1.4872305734647884, -12.999999899999823
-27.11498751257472, -4.442750750930262, -12.999999899999823
-26.46011626389789, -7.344475682270536, -12.999999899999823
-25.503373998843486, -10.161188804542608, -12.999999899999823
-24.25830557360478, -12.862864435950442, -12.999999899999823
-22.737003483643324, -15.419157799952082, -12.999999899999823
-20.94973938730185, -17.79699864227728, -12.999999899999823
-18.907818181752315, -19.959886830984654, -12.999999899999823
-16.63254568155535, -21.875918093172082, -12.999999899999823
-14.161172184367414, -23.531526723617876, -12.999999899999823
-11.528273781192174, -24.91609432508066, -12.999999899999823
-8.765330124057561, -26.018541822634813, -12.999999899999823
-5.902357731836475, -26.826312312337443, -12.999999899999823
-2.9696381609837066, -27.324052852554534, -12.999999899999823
0.0, -27.494446558269946, -12.999999899999823
0.0, -27.494446558269946, -12.999999899999823
2.9696381573177386, -27.324052824415432, -12.999999899999823
5.902357727839591, -26.826312306337904, -12.999999899999823
8.765330128159414, -26.018541842928464, -12.999999899999823
11.528273778137446, -24.916094325554674, -12.999999899999823
14.161172180450267, -23.53152672209648, -12.999999899999823
16.6325456816903, -21.875918097025775, -12.999999899999823
18.907818186886626, -19.95988683948497, -12.999999899999823
20.949739399185848, -17.796998654752024, -12.999999899999823
22.737003504689785, -15.419157816524896, -12.999999899999823
24.258305572282065, -12.862864437553908, -12.999999899999823
25.50337399774165, -10.161188807304312, -12.999999899999823
26.46011627926126, -7.344475689093804, -12.999999899999823
27.11498749753305, -4.442750750563702, -12.999999899999823
27.451378641961682, -1.4872305757028925, -12.999999899999823
27.451378633820816, 1.4872305757767466, -12.999999899999823
27.114987512186943, 4.442750753213356, -12.999999899999823
26.46011626326888, 7.344475684499263, -12.999999899999823
25.50337399798548, 10.161188806693579, -12.999999899999823
24.258305566519763, 12.862864434631794, -12.999999899999823
22.737003525143454, 15.419157830171182, -12.999999899999823
20.94973939918587, 17.79699865475209, -12.999999899999823
18.907818249798634, 19.95988690426615, -12.999999899999823
16.63254571223419, 21.87591813580892, -12.999999899999823
14.161172185990981, 23.531526726120195, -12.999999899999823
11.528273781110478, 24.916094324903042, -12.999999899999823
8.765330124057545, 26.018541822634838, -12.999999899999823
5.902357731836452, 26.826312312337457, -12.999999899999823
2.9696381609837004, 27.32405285255469, -12.999999899999823
-4.440892098500626e-16, 27.494446558269946, -12.999999899999823
3.552713678800501e-14, 27.43671153135099, -13.099999899999823
-2.9632943437058965, 27.266345219983325, -13.099999899999823
-5.889672996278069, 26.76907434272564, -13.099999899999823
-8.74643850422024, 25.962606895243873, -13.099999899999823
-11.503486558620073, 24.862454997495668, -13.099999899999823
-14.130947369780078, 23.48114115410193, -13.099999899999823
-16.597389477640835, 21.82954326321713, -13.099999899999823
-18.868110458028465, 19.91793960755679, -13.099999899999823
-20.905551895365715, 17.759536292109335, -13.099999899999823
-22.688546947343987, 15.386406753981927, -13.099999899999823
-24.206182500474245, 12.835295133593768, -13.099999899999823
-25.44846054413088, 10.139299716837783, -13.099999899999823
-26.403410861588124, 7.328659789030584, -13.099999899999823
-27.057429207635995, 4.433230082420611, -13.099999899999823
-27.393636265526645, 1.4840620430766058, -13.099999899999823
-27.393636257616606, -1.4840620431529683, -13.099999899999823
-27.05742922222965, -4.433230085071725, -13.099999899999823
-26.403410848128267, -7.328659784937424, -13.099999899999823
-25.448460544380964, -10.139299716211077, -13.099999899999823
-24.206182497275883, -12.835295131894918, -13.099999899999823
-22.688546967714444, -15.38640676756818, -13.099999899999823
-20.90555189536575, -17.75953629210935, -13.099999899999823
-18.868110521942647, -19.917939673379202, -13.099999899999823
-16.597389509890732, -21.82954330417891, -13.099999899999823
-14.130947377517092, -23.481141161477176, -13.099999899999823
-11.503486561714158, -24.862454996737245, -13.099999899999823
-8.746438501210443, -25.962606877582633, -13.099999899999823
-5.889673000365561, -26.76907434851613, -13.099999899999823
-2.9632943474716615, -27.266345248696062, -13.099999899999823
0.0, -27.43671153135099, -13.099999899999823
4.440892098500626e-16, -27.43671153135099, -13.099999899999823
2.9632943438740225, -27.266345219964073, -13.099999899999823
5.889672996608148, -26.769074342650985, -13.099999899999823
8.746438504700848, -25.962606895080526, -13.099999899999823
11.50348655937221, -24.86245499751141, -13.099999899999823
14.130947372579291, -23.481141157461046, -13.099999899999823
16.59738947641467, -21.829543260084186, -13.099999899999823
18.868110452445706, -19.917939600234757, -13.099999899999823
20.905551823790113, -17.75953623313702, -13.099999899999823
22.688546951086323, -15.386406758043103, -13.099999899999823
24.206182497134254, -12.835295133042543, -13.099999899999823
25.448460543911374, -10.139299717387724, -13.099999899999823
26.40341086448748, -7.328659790267342, -13.099999899999823
27.057429222190034, -4.433230085321732, -13.099999899999823
27.39363625761175, -1.4840620432373988, -13.099999899999823
27.393636275674083, 1.4840620405035143, -13.099999899999823
27.05742924480283, 4.433230086490931, -13.099999899999823
26.40341085567472, 7.32865978471525, -13.099999899999823
25.448460545070716, 10.139299714482547, -13.099999899999823
24.206182498063104, 12.835295130397343, -13.099999899999823
22.68854696856148, 15.386406766302818, -13.099999899999823
20.905551896237224, 17.759536291073722, -13.099999899999823
18.868110522804145, 19.917939672566504, -13.099999899999823
16.597389510702488, 21.829543303569324, -13.099999899999823
14.130947378244215, 23.48114116104479, -13.099999899999823
11.503486562328844, 24.86245499645405, -13.099999899999823
8.746438501691053, 25.96260687741933, -13.099999899999823
5.889673000695651, 26.769074348441535, -13.099999899999823
2.963294347639789, 27.266345248676817, -13.099999899999823
-4.440892098500626e-16, 27.43671153135099, -13.099999899999823
3.552713678800501e-14, 27.37897650443202, -13.199999899999822
-2.956950492531358, 27.208637191888933, -13.199999899999822
-5.876988145969453, 26.711835943343523, -13.199999899999822
-8.727546830313912, 25.90667186144147, -13.199999899999822
-11.478699336546534, 24.808815630824657, -13.199999899999822
-14.100722395064357, 23.430755260449626, -13.199999899999822
-16.56223296992069, 21.783168029793426, -13.199999899999822
-18.82840267950745, 19.875992333810636, -13.199999899999822
-20.86136408980019, 17.722073658239715, -13.199999899999822
-22.64008996530791, 15.353655424474386, -13.199999899999822
-24.154059255356636, 12.807725767700157, -13.199999899999822
-25.393547088140537, 10.117410621193192, -13.199999899999822
-26.346705191871717, 7.312843790804338, -13.199999899999822
-26.99987041504239, 4.423709324545412, -13.199999899999822
-27.335893703084302, 1.480893513946771, -13.199999899999822
-27.335893722387812, -1.480893511226538, -13.199999899999822
-26.999870438716215, -4.423709325752083, -13.199999899999822
-26.346705183618568, -7.312843785158328, -13.199999899999822
-25.393547089359135, -10.117410618139425, -13.199999899999822
-24.1540592579274, -12.80772576566936, -13.199999899999822
-22.640089982499706, -15.353655432360886, -13.199999899999822
-20.861364162687185, -17.722073716430568, -13.199999899999822
-18.82840275040396, -19.87599240668925, -13.199999899999822
-16.56223300602276, -21.78316807558849, -13.199999899999822
-14.100722402371282, -23.430755266426903, -13.199999899999822
-11.478699339640484, -24.808815629683085, -13.199999899999822
-8.727546828468261, -25.906671846599362, -13.199999899999822
-5.876988150155397, -26.711835948938308, -13.199999899999822
-2.956950496399522, -27.20863722118631, -13.199999899999822
0.0, -27.37897650443202, -13.199999899999822
4.440892098500626e-16, -27.37897650443202, -13.199999899999822
2.956950492442471, -27.208637191899093, -13.199999899999822
5.876988145794896, -26.711835943382987, -13.199999899999822
8.727546830059728, -25.90667186152784, -13.199999899999822
11.478699336221412, -24.808815630974422, -13.199999899999822
14.10072239467971, -23.430755260678232, -13.199999899999822
16.562232969491262, -21.783168030115775, -13.199999899999822
18.82840267905175, -19.875992334240486, -13.199999899999822
20.861364089339357, -17.722073658787632, -13.199999899999822
22.640089964860003, -15.35365542514382, -13.199999899999822
24.15405925494036, -12.807725768492416, -13.199999899999822
25.393547087775698, -10.117410622107561, -13.199999899999822
26.346705191579712, -7.312843791837853, -13.199999899999822
26.999870414847088, -4.423709325692377, -13.199999899999822
27.335893703011894, -1.4808935151976497, -13.199999899999822
27.335893722465418, 1.4808935098863114, -13.199999899999822
26.999870438956634, 4.423709324340439, -13.199999899999822
26.346705184032317, 7.3128437836941975, -13.199999899999822
25.393547089956314, 10.117410616643223, -13.199999899999822
24.154059266900152, 12.807725768519928, -13.199999899999822
22.640089941512812, 15.353655403158097, -13.199999899999822
20.861364151609358, 17.722073705202913, -13.199999899999822
18.828402680939824, 19.875992332459546, -13.199999899999822
16.562232971544642, 21.783168028532753, -13.199999899999822
14.100722402258807, 23.430755267201107, -13.199999899999822
11.478699339387424, 24.80881562998982, -13.199999899999822
8.727546828214015, 25.906671846685803, -13.199999899999822
5.876988149980782, 26.711835948977832, -13.199999899999822
2.9569504963106197, 27.20863722119681, -13.199999899999822
-8.881784197001252e-16, 27.37897650443202, -13.199999899999822
3.552713678800501e-14, 27.321241477513066, -13.299999899999822
-2.9506066051556306, 27.15092875347106, -13.299999899999822
-5.864303172314125, 26.654597083079516, -13.299999899999822
-8.708655105391761, 25.850736736910807, -13.299999899999822
-11.45391211145531, 24.755176224416847, -13.299999899999822
-14.070497246360173, 23.380369024467157, -13.299999899999822
-16.527076157604196, 21.736792397279988, -13.299999899999822
-18.788694864653404, 19.834045034923644, -13.299999899999822
-20.817176197319856, 17.68461092849539, -13.299999899999822
-22.591632559239088, 15.32090382259137, -13.299999899999822
-24.101935839264772, 12.780156336824428, -13.299999899999822
-25.338633619484145, 10.095521513397516, -13.299999899999822
-26.28999925293839, 7.297027687566721, -13.299999899999822
-26.94231106546122, 4.41418846570781, -13.299999899999822
-27.278150972864484, 1.4777249876665437, -13.299999899999822
-27.278150968768905, -1.4777249877480925, -13.299999899999822
-26.94231108753001, -4.414188469759779, -13.299999899999822
-26.289999251343968, -7.297027686396544, -13.299999899999822
-25.338633619687453, -10.095521512888011, -13.299999899999822
-24.101935844395207, -12.780156339295695, -13.299999899999822
-22.59163256466549, -15.320903826209667, -13.299999899999822
-20.817176197319917, -17.684610928495367, -13.299999899999822
-18.788694889802994, -19.834045060817708, -13.299999899999822
-16.52707615944834, -21.736792399841406, -13.299999899999822
-14.070497256876557, -23.380369041633845, -13.299999899999822
-11.453912112784016, -24.755176226079488, -13.299999899999822
-8.708655103287946, -25.85073672980708, -13.299999899999822
-5.864303178908115, -26.654597111705886, -13.299999899999822
-2.9506066072408736, -27.15092877241924, -13.299999899999822
0.0, -27.321241477513066, -13.299999899999822
8.881784197001252e-16, -27.321241477513066, -13.299999899999822
2.95060660515338, -27.15092875347129, -13.299999899999822
5.864303172309671, -26.654597083080496, -13.299999899999822
8.708655105385262, -25.85073673691298, -13.299999899999822
11.453912111972972, -24.755176225568448, -13.299999899999822
14.070497250639812, -23.38036903210611, -13.299999899999822
16.52707615944379, -21.736792399985706, -13.299999899999822
18.788694861768217, -19.834045032139375, -13.299999899999822
20.81717616399185, -17.684610901279573, -13.299999899999822
22.591632551479233, -15.320903817842542, -13.299999899999822
24.101935840463412, -12.780156337663527, -13.299999899999822
25.338633619487112, -10.09552151338997, -13.299999899999822
26.289999263921693, -7.297027690497837, -13.299999899999822
26.942311087530612, -4.414188469756371, -13.299999899999822
27.278150968768994, -1.477724987746934, -13.299999899999822
27.278150966823013, 1.4777249861471151, -13.299999899999822
26.94231108738521, 4.41418846965358, -13.299999899999822
26.289999258186352, 7.297027688307002, -13.299999899999822
25.33863361967817, 10.095521512911606, -13.299999899999822
24.101935844384514, 12.780156339316125, -13.299999899999822
22.591632564653974, 15.320903826226939, -13.299999899999822
20.817176197308093, 17.68461092850952, -13.299999899999822
18.78869488979129, 19.834045060828824, -13.299999899999822
16.527076159437293, 21.736792399849744, -13.299999899999822
14.070497256866657, 23.380369041639767, -13.299999899999822
11.453912112775646, 24.755176226083382, -13.299999899999822
8.708655103281398, 25.850736729809338, -13.299999899999822
5.864303178903613, 26.654597111706924, -13.299999899999822
2.9506066072386545, 27.150928772420087, -13.299999899999822
-4.440892098500626e-16, 27.321241477513066, -13.299999899999822
3.552713678800501e-14, 27.263506450594097, -13.399999899999822
-2.944262677179322, 27.093219869589415, -13.399999899999822
-5.851618081048651, 26.597357804855413, -13.399999899999822
-8.689763329203549, 25.794801529979157, -13.399999899999822
-11.429124882040385, 24.701536779927004, -13.399999899999822
-14.040271930637362, 23.329982460319385, -13.399999899999822
-16.491919040506247, 21.690416365816816, -13.399999899999822
-18.748987001327247, 19.79209769753241, -13.399999899999822
-20.772987998617303, 17.6471479252607, -13.399999899999822
-22.543174707758514, 15.28815194169957, -13.399999899999822
-24.049812252123093, 12.752586846478083, -13.399999899999822
-25.283720159448634, 10.07363240553549, -13.399999899999822
-26.23329307356367, 7.281211489292434, -13.399999899999822
-26.88475123611881, 4.4046675213452735, -13.399999899999822
-27.220408053148795, 1.4745564650185248, -13.399999899999822
-27.220408051489994, -1.4745564634721622, -13.399999899999822
-26.884751235967503, -4.4046675211985304, -13.399999899999822
-26.23329306849863, -7.281211487166685, -13.399999899999822
-25.28372015965823, -10.073632405010564, -13.399999899999822
-24.04981225973519, -12.752586850117297, -13.399999899999822
-22.54317471305799, -15.288151945231856, -13.399999899999822
-20.772987998617356, -17.647147925260693, -13.399999899999822
-18.748987024883732, -19.792097721790814, -13.399999899999822
-16.49191904222996, -21.69041636822217, -13.399999899999822
-14.04027194324592, -23.329982480959615, -13.399999899999822
-11.42912488328704, -24.701536781373058, -13.399999899999822
-8.68976332833246, -25.794801526297977, -13.399999899999822
-5.851618087611134, -26.597357833352664, -13.399999899999822
-2.9442626792637356, -27.093219888533287, -13.399999899999822
0.0, -27.263506450594097, -13.399999899999822
4.440892098500626e-16, -27.263506450594097, -13.399999899999822
2.9442626771817046, -27.09321986958912, -13.399999899999822
5.851618081053292, -26.597357804854315, -13.399999899999822
8.6897633292103, -25.794801529976834, -13.399999899999822
11.429124882049008, -24.701536779923, -13.399999899999822
14.040271930647554, -23.32998246031329, -13.399999899999822
16.49191904051762, -21.69041636580824, -13.399999899999822
18.74898700133933, -19.79209769752101, -13.399999899999822
20.77298799862953, -17.6471479252462, -13.399999899999822
22.543174707770397, -15.288151941681853, -13.399999899999822
24.049812252134142, -12.752586846457124, -13.399999899999822
25.283720159458223, -10.073632405511267, -13.399999899999822
26.233293059664835, -7.281211485569979, -13.399999899999822
26.884751214110278, -4.4046675172569465, -13.399999899999822
27.220408057058428, -1.4745564648953187, -13.399999899999822
27.220408053148745, 1.4745564650197263, -13.399999899999822
26.884751236118234, 4.40466752134879, -13.399999899999822
26.233293061813875, 7.281211485265982, -13.399999899999822
25.283720159655154, 10.073632405018271, -13.399999899999822
24.049812272157844, 12.752586856457258, -13.399999899999822
22.54317468018018, 15.288151923840521, -13.399999899999822
20.772987993150753, 17.647147921058693, -13.399999899999822
18.74898699869957, 19.792097695035533, -13.399999899999822
16.49191904224128, 21.69041636840923, -13.399999899999822
14.040271947135592, 23.329982487416686, -13.399999899999822
11.429124883563683, 24.701536781954086, -13.399999899999822
8.68976332833916, 25.794801526295725, -13.399999899999822
5.85161808761572, 26.59735783335163, -13.399999899999822
2.9442626792660724, 27.093219888533106, -13.399999899999822
-8.881784197001252e-16, 27.263506450594097, -13.399999899999822
3.552713678800501e-14, 27.20577142367514, -13.499999899999821
-2.937918710203897, 27.035510552776593, -13.499999899999821
-5.838932868147346, 26.54011808342888, -13.499999899999821
-8.67087150165786, 25.738866235841535, -13.499999899999821
-11.40433764931633, 24.647897296246082, -13.499999899999821
-14.010046444894547, 23.279595560306053, -13.499999899999821
-16.456761615108828, 21.644039929417563, -13.499999899999821
-18.70927909235145, 19.75015032427261, -13.499999899999821
-20.728799564522447, 17.609684705321108, -13.499999899999821
-22.494716419398653, 15.255399784972905, -13.499999899999821
-23.99768849118031, 12.725017293384301, -13.499999899999821
-25.228806697247755, 10.051743291795425, -13.499999899999821
-26.176586622145262, 7.265395186218996, -13.499999899999821
-26.827190857545908, 4.395146477919176, -13.499999899999821
-27.162664954727862, 1.4713879454967662, -13.499999899999821
-27.16266495338979, -1.471387944046969, -13.499999899999821
-26.82719085738082, -4.395146477760805, -13.499999899999821
-26.17658661777577, -7.265395184196166, -13.499999899999821
-25.228806697463746, -10.051743291254624, -13.499999899999821
-23.99768850140729, -12.725017298253869, -13.499999899999821
-22.494716424570377, -15.255399788418671, -13.499999899999821
-20.7287995645225, -17.6096847053211, -13.499999899999821
-18.70927911416758, -19.75015034674371, -13.499999899999821
-16.456761616710367, -21.644039931664743, -13.499999899999821
-14.010046459704167, -23.27959558460314, -13.499999899999821
-11.404337650475604, -24.64789729746364, -13.499999899999821
-8.670871502091545, -25.738866235783565, -13.499999899999821
-5.83893287467904, -26.540118111802396, -13.499999899999821
-2.9379187122863306, -27.0355105717085, -13.499999899999821
0.0, -27.20577142367514, -13.499999899999821
4.440892098500626e-16, -27.20577142367514, -13.499999899999821
2.937918710202714, -27.0355105527767, -13.499999899999821
5.838932868144978, -26.540118083429334, -13.499999899999821
8.670871501654414, -25.738866235842675, -13.499999899999821
11.40433764969978, -24.647897297094765, -13.499999899999821
14.01004645082258, -23.279595570749215, -13.499999899999821
16.456761616754196, -21.644039931884677, -13.499999899999821
18.709279090012085, -19.75015032207996, -13.499999899999821
20.72879953500624, -17.60968468125999, -13.499999899999821
22.494716411744978, -15.25539978030325, -13.499999899999821
23.997688494852014, -12.72501729539739, -13.499999899999821
25.22880669725614, -10.051743291774972, -13.499999899999821
26.17658662215097, -7.2653951861989166, -13.499999899999821
26.827190857549244, -4.395146477899814, -13.499999899999821
27.162664954728946, -1.4713879454783791, -13.499999899999821
27.162664953388838, 1.4713879440641267, -13.499999899999821
26.827190857378177, 4.395146477776536, -13.499999899999821
26.176586617771797, 7.265395184210342, -13.499999899999821
25.228806697458836, 10.051743291267197, -13.499999899999821
23.99768850140162, 12.72501729826475, -13.499999899999821
22.494716424564274, 15.255399788427878, -13.499999899999821
20.72879956451623, 17.609684705328643, -13.499999899999821
18.70927911416142, 19.75015034674967, -13.499999899999821
16.456761616704544, 21.644039931669216, -13.499999899999821
14.010046459698929, 23.279595584606287, -13.499999899999821
11.40433765047118, 24.647897297465715, -13.499999899999821
8.670871502088088, 25.738866235784762, -13.499999899999821
5.8389328746766775, 26.540118111802947, -13.499999899999821
2.9379187122851635, 27.0355105717088, -13.499999899999821
-4.440892098500626e-16, 27.20577142367514, -13.499999899999821
3.552713678800501e-14, 27.148036396756172, -13.59999989999982
-2.931574703797765, 26.977800799871385, -13.59999989999982
-5.826247532745608, 26.482877916256037, -13.59999989999982
-8.651979622455233, 25.682930854075625, -13.59999989999982
-11.379550413289428, 24.59425777317081, -13.59999989999982
-13.97982078830227, 23.229208322494777, -13.59999989999982
-16.421603879426264, 21.597663085184188, -13.59999989999982
-18.669571137341112, 19.70820291480631, -13.59999989999982
-20.684610893123153, 17.572221267059515, -13.59999989999982
-22.446257691379763, 15.222647350868785, -13.59999989999982
-23.945564555508657, 12.697447677281065, -13.59999989999982
-25.17389323287449, 10.029854172140375, -13.59999989999982
-26.119879908301368, 7.24957878064199, -13.59999989999982
-26.769629948420175, 4.385625338679153, -13.59999989999982
-27.104921671980502, 1.46821942914428, -13.59999989999982
-27.104921670998348, -1.468219427838214, -13.59999989999982
-26.769629948232485, -4.385625338545135, -13.59999989999982
-26.11987990465124, -7.249578778763422, -13.59999989999982
-25.173893233083067, -10.029854171617755, -13.59999989999982
-23.945564583446245, -12.69744769091425, -13.59999989999982
-22.446257664035336, -15.222647333234963, -13.59999989999982
-20.684610888482844, -17.572221263588048, -13.59999989999982
-18.669571135286084, -19.708202912968748, -13.59999989999982
-16.421603880947803, -21.597663087551396, -13.59999989999982
-13.979820811676728, -23.229208360960023, -13.59999989999982
-11.379550414574366, -24.594257774624673, -13.59999989999982
-8.65197962426591, -25.68293085784199, -13.59999989999982
-5.826247539247263, -26.482877944511507, -13.59999989999982
-2.9315747058770065, -26.977800818783464, -13.59999989999982
0.0, -27.148036396756172, -13.59999989999982
8.881784197001252e-16, -27.148036396756172, -13.59999989999982
2.9315747037965276, -26.97780079987152, -13.59999989999982
5.826247532743135, -26.48287791625656, -13.59999989999982
8.651979622451623, -25.682930854076826, -13.59999989999982
11.379550413597933, -24.594257773856594, -13.59999989999982
13.979820795120984, -23.229208334459564, -13.59999989999982
16.4216038809714, -21.59766308753368, -13.59999989999982
18.669571135306615, -19.708202912949375, -13.59999989999982
20.68461086577199, -17.5722212447929, -13.59999989999982
22.446257683777628, -15.222647346243795, -13.59999989999982
23.945564560511787, -12.697447679932143, -13.59999989999982
25.173893232883085, -10.029854172118897, -13.59999989999982
26.119879908307343, -7.249578780620976, -13.59999989999982
26.769629948423656, -4.385625338658886, -13.59999989999982
27.10492167198164, -1.4682194291250348, -13.59999989999982
27.10492167099731, 1.4682194278561758, -13.59999989999982
26.7696299482297, 4.385625338561606, -13.59999989999982
26.119879904647064, 7.249578778778265, -13.59999989999982
25.173893233077877, 10.029854171630905, -13.59999989999982
23.9455645834403, 12.697447690925646, -13.59999989999982
22.446257664028895, 15.222647333244577, -13.59999989999982
20.68461088847627, 17.572221263595956, -13.59999989999982
18.66957113527957, 19.70820291297495, -13.59999989999982
16.421603880941653, 21.59766308755605, -13.59999989999982
13.979820811671212, 23.229208360963337, -13.59999989999982
11.379550414569705, 24.594257774626847, -13.59999989999982
8.651979624262264, 25.68293085784325, -13.59999989999982
5.826247539244756, 26.482877944512087, -13.59999989999982
2.9315747058757275, 26.977800818783646, -13.59999989999982
-4.440892098500626e-16, 27.148036396756172, -13.59999989999982
3.552713678800501e-14, 27.090301369837217, -13.69999989999982
-2.925230657560628, 26.920090607678365, -13.69999989999982
-5.813562074043232, 26.42563730075781, -13.69999989999982
-8.63308768971258, 25.62699537974676, -13.69999989999982
-11.35476317414101, 24.540618210669003, -13.69999989999982
-13.949594965317655, 23.1788207541707, -13.69999989999982
-16.386445833001073, 21.55128583271669, -13.69999989999982
-18.629863134152252, 19.666255467341884, -13.69999989999982
-20.64042195746105, 17.534757588538625, -13.69999989999982
-22.397798513354605, 15.18989463324594, -13.69999989999982
-23.893440448703643, 12.669878000490966, -13.69999989999982
-25.11897975772474, 10.007965043053902, -13.69999989999982
-26.06317293482499, 7.233762273065027, -13.69999989999982
-26.71206850486267, 4.3761041028861465, -13.69999989999982
-27.04717820335769, 1.4650509160355722, -13.69999989999982
-27.047178202779484, -1.4650509147333939, -13.69999989999982
-26.712068505108753, -4.376104102704911, -13.69999989999982
-26.063172933399343, -7.23376227160336, -13.69999989999982
-25.11897975791837, -10.007965042568703, -13.69999989999982
-23.893440477105695, -12.66987801396193, -13.69999989999982
-22.397798498275087, -15.189894623291986, -13.69999989999982
-20.640421978336086, -17.534757605759868, -13.69999989999982
-18.629863134168183, -19.666255467326895, -13.69999989999982
-16.386445832834124, -21.551285832473873, -13.69999989999982
-13.94959499074713, -23.178820795660968, -13.69999989999982
-11.354763175593533, -24.54061821264513, -13.69999989999982
-8.633087694586669, -25.6269953924134, -13.69999989999982
-5.813562080361152, -26.425637329043933, -13.69999989999982
-2.9252306596496944, -26.920090626688285, -13.69999989999982
0.0, -27.090301369837217, -13.69999989999982
8.881784197001252e-16, -27.090301369837217, -13.69999989999982
2.925230657561411, -26.920090607678265, -13.69999989999982
5.813562074044734, -26.425637300757444, -13.69999989999982
8.633087689714749, -25.626995379745985, -13.69999989999982
11.354763174143782, -24.54061821066771, -13.69999989999982
13.94959496532092, -23.17882075416873, -13.69999989999982
16.38644583300472, -21.551285832713937, -13.69999989999982
18.629863134156125, -19.666255467338228, -13.69999989999982
20.64042195746498, -17.534757588533985, -13.69999989999982
22.39779851335841, -15.189894633240266, -13.69999989999982
23.893440448707192, -12.669878000484273, -13.69999989999982
25.11897975772792, -10.007965043046207, -13.69999989999982
26.06317293482748, -7.233762273056295, -13.69999989999982
26.712068504864348, -4.376104102876458, -13.69999989999982
27.047178203358325, -1.4650509160250056, -13.69999989999982
27.047178202778856, 1.4650509147447082, -13.69999989999982
26.712068505106757, 4.376104102716827, -13.69999989999982
26.063172933395872, 7.233762271615717, -13.69999989999982
25.11897975791336, 10.00796504258133, -13.69999989999982
23.89344046291321, 12.669878007179227, -13.69999989999982
22.397798518922695, 15.189894636474099, -13.69999989999982
20.640421982525513, 17.534757608797367, -13.69999989999982
18.62986315380495, 19.666255487206016, -13.69999989999982
16.386445832796337, 21.551285832126915, -13.69999989999982
13.949594982055924, 23.178820781318255, -13.69999989999982
11.354763175167948, 24.540618211705876, -13.69999989999982
8.63308769458879, 25.6269953924127, -13.69999989999982
5.813562080362597, 26.42563732904362, -13.69999989999982
2.9252306596504147, 26.920090626688204, -13.69999989999982
-8.881784197001252e-16, 27.090301369837217, -13.69999989999982
3.552713678800501e-14, 27.032566342918248, -13.79999989999982
-2.9188865709690957, 26.86237997298505, -13.79999989999982
-5.800876491001411, 26.368396234388264, -13.79999989999982
-8.614195706025125, 25.571059820817567, -13.79999989999982
-11.32997593129601, 24.486978607759262, -13.79999989999982
-13.919368965149541, 23.128432836079348, -13.79999989999982
-16.351287470620584, 21.504908163962806, -13.79999989999982
-18.590155086215912, 19.624307984855225, -13.79999989999982
-20.596232808122757, 17.497293710851714, -13.79999989999982
-22.349338897602582, 15.157141639815821, -13.79999989999982
-23.841316162324716, 12.642308258447237, -13.79999989999982
-25.06406628897378, 9.986075911541096, -13.79999989999982
-26.006465660495333, 7.217945652199348, -13.79999989999982
-26.654506503996434, 4.366582765734909, -13.79999989999982
-26.989434550289577, 1.4618824057875826, -13.79999989999982
-26.989434547314126, -1.4618824058902882, -13.79999989999982
-26.65450652478103, -4.366582769636396, -13.79999989999982
-26.006465652922127, -7.217945649612282, -13.79999989999982
-25.064066289188265, -9.98607591100376, -13.79999989999982
-23.841316193626124, -12.642308273133452, -13.79999989999982
-22.349338882669517, -15.157141629927434, -13.79999989999982
-20.596232827010496, -17.49729372639311, -13.79999989999982
-18.590155086257685, -19.624307984815882, -13.79999989999982
-16.351287470450103, -21.504908163658335, -13.79999989999982
-13.919368973210835, -23.12843284901462, -13.79999989999982
-11.3299759356096, -24.486978615950566, -13.79999989999982
-8.614195712691297, -25.571059838427104, -13.79999989999982
-5.800876497280922, -26.368396262518644, -13.79999989999982
-2.91888657305195, -26.862379991954665, -13.79999989999982
0.0, -27.032566342918248, -13.79999989999982
4.440892098500626e-16, -27.032566342918248, -13.79999989999982
2.9188865709691387, -26.862379972985078, -13.79999989999982
5.8008764910014525, -26.368396234388253, -13.79999989999982
8.61419570602516, -25.571059820817517, -13.79999989999982
11.329975931143178, -24.486978607422937, -13.79999989999982
13.919368959242684, -23.12843282553338, -13.79999989999982
16.351287468695716, -21.50490816094707, -13.79999989999982
18.590155087629086, -19.624307985906885, -13.79999989999982
20.59623283065706, -17.497293729027867, -13.79999989999982
22.349338905143544, -15.157141644283241, -13.79999989999982
23.841316173283513, -12.642308262220608, -13.79999989999982
25.0640662889951, -9.986075911487836, -13.79999989999982
26.006465660511005, -7.21794565214416, -13.79999989999982
26.65450650400616, -4.366582765678374, -13.79999989999982
26.98943455029295, -1.461882405730313, -13.79999989999982
26.989434547310783, 1.461882405947562, -13.79999989999982
26.65450652477135, 4.366582769692941, -13.79999989999982
26.006465652906517, 7.217945649667484, -13.79999989999982
25.064066289167034, 9.986075911057053, -13.79999989999982
23.841316178514198, 12.642308266046445, -13.79999989999982
22.349338903170285, 15.15714164304351, -13.79999989999982
20.596232830657087, 17.497293729027934, -13.79999989999982
18.590155103311137, 19.624308002075896, -13.79999989999982
16.351287470353423, 21.504908163290388, -13.79999989999982
13.919368983950863, 23.12843286662429, -13.79999989999982
11.329975932231859, 24.486978608554395, -13.79999989999982
8.614195712691282, 25.57105983842712, -13.79999989999982
5.800876497280914, 26.36839626251866, -13.79999989999982
2.9188865730519518, 26.86237999195479, -13.79999989999982
-4.440892098500626e-16, 27.032566342918248, -13.79999989999982
3.552713678800501e-14, 26.974831315999293, -13.89999989999982
-2.9125424436220513, 26.804668892533595, -13.89999989999982
-5.788190782824462, 26.311154714525202, -13.89999989999982
-8.595303669766139, 25.5151241729428, -13.89999989999982
-11.305188685202896, 24.433338964877375, -13.89999989999982
-13.889142785090197, 23.07804456265697, -13.89999989999982
-16.3161287900616, 21.4585300755724, -13.89999989999982
-18.550446992141076, 19.582360465771977, -13.89999989999982
-20.552043435646745, 17.459829625964037, -13.89999989999982
-22.300878841217326, 15.124388368711069, -13.89999989999982
-23.789191711506298, 12.614738457176383, -13.89999989999982
-25.009152818064262, 9.964186773910775, -13.89999989999982
-25.949758182723404, 7.202128943696864, -13.89999989999982
-26.596944002742635, 4.357061338053671, -13.89999989999982
-26.931690702258724, 1.4587138989147064, -13.89999989999982
-26.9316907025958, -1.4587138979643035, -13.89999989999982
-26.596944003096194, -4.357061337958804, -13.89999989999982
-25.94975818413817, -7.202128942840589, -13.89999989999982
-25.009152818243656, -9.96418677346133, -13.89999989999982
-23.7891917167458, -12.614738461150877, -13.89999989999982
-22.300878839300655, -15.124388367509441, -13.89999989999982
-20.55204343564678, -17.459829625964055, -13.89999989999982
-18.55044700546405, -19.582360479516346, -13.89999989999982
-16.316128791587726, -21.458530077746396, -13.89999989999982
-13.889142812617164, -23.078044608442315, -13.89999989999982
-11.305188686013407, -24.433338965349925, -13.89999989999982
-8.59530367831028, -25.515124195732735, -13.89999989999982
-5.788190789065943, -26.311154742504495, -13.89999989999982
-2.912542445697215, -26.80466891145403, -13.89999989999982
0.0, -26.974831315999293, -13.89999989999982
4.440892098500626e-16, -26.974831315999293, -13.89999989999982
2.9125424436200977, -26.804668892533794, -13.89999989999982
5.788190782820591, -26.311154714526044, -13.89999989999982
8.59530366976049, -25.515124172944695, -13.89999989999982
11.305188685163692, -24.433338964812286, -13.89999989999982
13.88914279165424, -23.078044574361307, -13.89999989999982
16.31612879190725, -21.45853007851487, -13.89999989999982
18.550446991096496, -19.582360465142777, -13.89999989999982
20.552043415813532, -17.45982961003738, -13.89999989999982
22.300878833721402, -15.124388364303705, -13.89999989999982
23.789191698474532, -12.614738452623985, -13.89999989999982
25.009152818034625, -9.964186773985073, -13.89999989999982
25.949758147368666, -7.20212893431451, -13.89999989999982
26.596943982635253, -4.357061334225114, -13.89999989999982
26.931690704957195, -1.4587138987752053, -13.89999989999982
26.9316907022605, 1.4587138988847905, -13.89999989999982
26.596944003352103, 4.357061338129874, -13.89999989999982
25.94975813946097, 7.202128931614944, -13.89999989999982
25.009152818256975, 9.96418677342789, -13.89999989999982
23.78919173279002, 12.614738468613313, -13.89999989999982
22.30087881891884, 15.124388354512764, -13.89999989999982
20.55204343254647, 17.45982962380787, -13.89999989999982
18.55044699113874, 19.582360465103058, -13.89999989999982
16.316128791703598, 21.45853007816747, -13.89999989999982
13.889142799622418, 23.078044587118292, -13.89999989999982
11.305188689856069, 24.433338973784426, -13.89999989999982
8.595303678304635, 25.515124195734682, -13.89999989999982
5.788190789062085, 26.311154742505394, -13.89999989999982
2.9125424456952675, 26.804668911454236, -13.89999989999982
-4.440892098500626e-16, 26.974831315999293, -13.89999989999982
3.552713678800501e-14, 26.917096289080323, -13.99999989999982
-2.9061982750551945, 26.746957363041297, -13.99999989999982
-5.775504948595882, 26.253912738552373, -13.99999989999982
-8.57641159823177, 25.459188484560975, -13.99999989999982
-11.280401435768496, 24.37969928161139, -13.99999989999982
-13.858916443995282, 23.027655967019005, -13.99999989999982
-16.28096979481694, 21.412151573358987, -13.99999989999982
-18.510738848396556, 19.540412907845955, -13.99999989999982
-20.507853778543126, 17.422365284414937, -13.99999989999982
-22.252418318836583, 15.09163480512402, -13.99999989999982
-23.737067073145656, 12.58716858937631, -13.99999989999982
-24.95423934490916, 9.942297630323907, -13.99999989999982
-25.893050405399705, 7.186312121736901, -13.99999989999982
-26.539380936809273, 4.347539807470061, -13.99999989999982
-26.87394666660328, 1.455545394967208, -13.99999989999982
-26.87394666747066, -1.4555453941122818, -13.99999989999982
-26.53938093723467, -4.347539807322444, -13.99999989999982
-25.89305036495696, -7.186312110452724, -13.99999989999982
-24.95423934510479, -9.942297629834227, -13.99999989999982
-23.737067076620647, -12.58716859229101, -13.99999989999982
-22.252418324405845, -15.091634808336861, -13.99999989999982
-20.507853795466723, -17.42236529796397, -13.99999989999982
-18.510738859828383, -19.540412919197248, -13.99999989999982
-16.28096979442287, -21.412151572505167, -13.99999989999982
-13.858916448124592, -23.027655973273504, -13.99999989999982
-11.28040144014446, -24.379699289926712, -13.99999989999982
-8.576411591106185, -25.45918846390746, -13.99999989999982
-5.775504954799964, -26.25391276638554, -13.99999989999982
-2.9061982771213417, -26.746957381903496, -13.99999989999982
0.0, -26.917096289080323, -13.99999989999982
8.881784197001252e-16, -26.917096289080323, -13.99999989999982
2.9061982750528603, -26.74695736304154, -13.99999989999982
5.77550494859126, -26.253912738553392, -13.99999989999982
8.576411598225034, -25.459188484563267, -13.99999989999982
11.280401435985127, -24.37969928210708, -13.99999989999982
13.858916436712413, -23.027655954113204, -13.99999989999982
16.28096979301896, -21.412151570511444, -13.99999989999982
18.510738849014686, -19.540412908056208, -13.99999989999982
20.50785379545444, -17.42236529797858, -13.99999989999982
22.252418326254773, -15.091634809518721, -13.99999989999982
23.73706707137781, -12.5871685881913, -13.99999989999982
24.954239344907958, -9.942297630326808, -13.99999989999982
25.89305036612448, -7.186312111235241, -13.99999989999982
26.539380916878653, -4.347539803578785, -13.99999989999982
26.873946669008724, -1.4555453947440191, -13.99999989999982
26.873946666604052, 1.4555453949545138, -13.99999989999982
26.539380937508167, 4.347539807579352, -13.99999989999982
25.893050357847073, 7.186312108510892, -13.99999989999982
24.954239345103588, 9.942297629837217, -13.99999989999982
23.737067093630692, 12.587168600162375, -13.99999989999982
22.25241830413645, 15.091634795480882, -13.99999989999982
20.507853792938825, 17.42236529633685, -13.99999989999982
18.510738848401246, 19.540412907841628, -13.99999989999982
16.28096979453839, 21.412151572996216, -13.99999989999982
13.858916451806897, 23.02765597958342, -13.99999989999982
11.280401440811524, 24.37969929141096, -13.99999989999982
8.57641159109938, 25.459188463909808, -13.99999989999982
5.7755049547952675, 26.253912766386623, -13.99999989999982
2.90619827711892, 26.74695738190375, -13.99999989999982
-4.440892098500626e-16, 26.917096289080323, -13.99999989999982
3.552713678800501e-14, 26.859361262161368, -14.099999899999819
-2.89985406481481, 26.689245381192258, -14.099999899999819
-5.762818987423169, 26.19667030382668, -14.099999899999819
-8.557519458239252, 25.403252664088743, -14.099999899999819
-11.255614183058725, 24.326059557973466, -14.099999899999819
-13.828689921262528, 22.977267012080187, -14.099999899999819
-16.245810477228186, 21.365772645497817, -14.099999899999819
-18.471030657662773, 19.498465312650122, -14.099999899999819
-20.46366389425765, 17.384900732337787, -14.099999899999819
-22.203957350015727, 15.058880960731129, -14.099999899999819
-23.68494225377991, 12.559598656175677, -14.099999899999819
-24.899325869542402, 9.920408480639416, -14.099999899999819
-25.836342315321296, 7.170495182401615, -14.099999899999819
-26.48181730317264, 4.338018173053747, -14.099999899999819
-26.81620244082656, 1.4523768937474406, -14.099999899999819
-26.81620243873814, -1.452376893969689, -14.099999899999819
-26.48181732372672, -4.338018177061877, -14.099999899999819
-25.83634230668887, -7.1704951795636225, -14.099999899999819
-24.899325869744136, -9.920408480134173, -14.099999899999819
-23.684942257177134, -12.559598659201905, -14.099999899999819
-22.203957355583196, -15.058880963935346, -14.099999899999819
-20.46366390809048, -17.384900743341994, -14.099999899999819
-18.471030665977487, -19.498465320771466, -14.099999899999819
-16.24581047676607, -21.365772644548112, -14.099999899999819
-13.82868992513327, -22.977267017880735, -14.099999899999819
-11.255614187813032, -24.326059567078445, -14.099999899999819
-8.557519450785652, -25.403252642509884, -14.099999899999819
-5.762818993590279, -26.19667033151893, -14.099999899999819
-2.8998540668703203, -26.689245399986856, -14.099999899999819
0.0, -26.859361262161368, -14.099999899999819
0.0, -26.859361262161368, -14.099999899999819
2.899854064814842, -26.689245381192222, -14.099999899999819
5.762818987423202, -26.19667030382665, -14.099999899999819
8.557519458239275, -25.40325266408868, -14.099999899999819
11.255614183485738, -24.32605955890703, -14.099999899999819
13.828689913254934, -22.977266997895292, -14.099999899999819
16.245810475509572, -21.365772642720092, -14.099999899999819
18.47103065786291, -19.498465312381438, -14.099999899999819
20.46366390809047, -17.384900743341973, -14.099999899999819
22.203957357388905, -15.058880965062187, -14.099999899999819
23.68494225197042, -12.55959865493745, -14.099999899999819
24.899325869549692, -9.920408480621488, -14.099999899999819
25.836342358700115, -7.170495193978534, -14.099999899999819
26.481817322933367, -4.338018176920342, -14.099999899999819
26.816202438738152, -1.4523768939696688, -14.099999899999819
26.816202440178717, 1.4523768932996401, -14.099999899999819
26.481817323418053, 4.338018176796713, -14.099999899999819
25.836342314056683, 7.170495181583078, -14.099999899999819
24.899325869744143, 9.920408480134205, -14.099999899999819
23.68494225717715, 12.559598659201939, -14.099999899999819
22.20395735558326, 15.058880963935408, -14.099999899999819
20.463663908090506, 17.384900743342033, -14.099999899999819
18.471030665977516, 19.4984653207715, -14.099999899999819
16.245810476766092, 21.365772644548144, -14.099999899999819
13.828689925133284, 22.977267017880756, -14.099999899999819
11.255614187813048, 24.32605956707847, -14.099999899999819
8.557519450785659, 25.403252642509905, -14.099999899999819
5.762818993590284, 26.19667033151894, -14.099999899999819
2.899854066870281, 26.689245399986536, -14.099999899999819
-4.440892098500626e-16, 26.859361262161368, -14.099999899999819
3.552713678800501e-14, 26.8016262352424, -14.199999899999819
-2.8935098124343694, 26.631532943639318, -14.199999899999819
-5.750132898392058, 26.13942740768819, -14.199999899999819
-8.538627264825022, 25.347316753631976, -14.199999899999819
-11.230826927076365, 24.272419793671006, -14.199999899999819
-13.798463222630085, 22.92687770750446, -14.199999899999819
-16.210650837086302, 21.319393291842598, -14.199999899999819
-18.431322418514426, 19.456517679163415, -14.199999899999819
-20.419473760950606, 17.347435952060426, -14.199999899999819
-22.155495924362267, 15.026126829477674, -14.199999899999819
-23.63281725415982, 12.532028658456193, -14.199999899999819
-24.84441239195625, 9.89851932481854, -14.199999899999819
-25.779634041188427, 7.154678159804777, -14.199999899999819
-26.424253157539237, 4.3284964456084385, -14.199999899999819
-26.75845801703017, 1.449208395936802, -14.199999899999819
-26.758458019095816, -1.4492083954254062, -14.199999899999819
-26.424253158089904, -4.328496445470922, -14.199999899999819
-25.779633992190842, -7.154678146216553, -14.199999899999819
-24.844412392164166, -9.898519324298029, -14.199999899999819
-23.632817257460694, -12.532028661590946, -14.199999899999819
-22.15549592992619, -15.026126832672462, -14.199999899999819
-20.419473771498062, -17.34743596036233, -14.199999899999819
-18.431322423516768, -19.456517683852713, -14.199999899999819
-16.210650836553135, -21.319393290793606, -14.199999899999819
-13.798463226217084, -22.926877712808885, -14.199999899999819
-11.230826932221053, -24.27241980359274, -14.199999899999819
-8.538627257033637, -25.34731673110238, -14.199999899999819
-5.750132904522767, -26.139427435244954, -14.199999899999819
-2.893509814477678, -26.631532962356626, -14.199999899999819
0.0, -26.8016262352424, -14.199999899999819
4.440892098500626e-16, -26.8016262352424, -14.199999899999819
2.893509812433888, -26.631532943639357, -14.199999899999819
5.750132898391083, -26.139427407688412, -14.199999899999819
8.538627264823576, -25.347316753632438, -14.199999899999819
11.230826927074505, -24.272419793671837, -14.199999899999819
13.79846322262787, -22.926877707505735, -14.199999899999819
16.21065083708383, -21.319393291844428, -14.199999899999819
18.43132241851181, -19.456517679165884, -14.199999899999819
20.419473760947984, -17.347435952063602, -14.199999899999819
22.155495924359712, -15.026126829481546, -14.199999899999819
23.632817254157462, -12.532028658460783, -14.199999899999819
24.844412391954215, -9.89851932482385, -14.199999899999819
25.779634041186743, -7.154678159810754, -14.199999899999819
26.424253157538097, -4.328496445615073, -14.199999899999819
26.758458017029742, -1.4492083959440432, -14.199999899999819
26.758458019096306, 1.4492083954176493, -14.199999899999819
26.42425315809134, 4.328496445462757, -14.199999899999819
25.779633992193265, 7.1546781462080755, -14.199999899999819
24.844412392167527, 9.898519324289316, -14.199999899999819
23.632817276574844, 12.532028670252531, -14.199999899999819
22.155495909945053, 15.026126820037982, -14.199999899999819
20.41947377029462, 17.34743595983182, -14.199999899999819
18.431322418522825, 19.4565176791556, -14.199999899999819
16.210650836734185, 21.319393291381594, -14.199999899999819
13.798463230140282, 22.926877719515996, -14.199999899999819
11.230826932939255, 24.27241980517135, -14.199999899999819
8.538627257032159, 25.347316731102904, -14.199999899999819
5.750132904521747, 26.139427435245214, -14.199999899999819
2.893509814477172, 26.631532962356875, -14.199999899999819
-4.440892098500626e-16, 26.8016262352424, -14.199999899999819
3.552713678800501e-14, 26.743891208323443, -14.299999899999818
-2.887165517364044, 26.573820047163366, -14.299999899999818
-5.737446687451924, 26.082184079533356, -14.299999899999818
-8.519735009371516, 25.291380728996685, -14.299999899999818
-11.206039668797528, 24.21877998863041, -14.299999899999818
-13.768236338262515, 22.876488033974763, -14.299999899999818
-16.17549087119922, 21.27301350630585, -14.299999899999818
-18.391614130178922, 19.414570005368418, -14.299999899999818
-20.375283383908066, 17.30997094696126, -14.299999899999818
-22.10703404637458, 14.993372413698173, -14.299999899999818
-23.580692067019108, 12.50445859218434, -14.299999899999818
-24.78949893338943, 9.87663017116653, -14.299999899999818
-25.72292539946683, 7.138861004348062, -14.299999899999818
-26.366688417675856, 4.318974608613753, -14.299999899999818
-26.70071340123685, 1.4460399004542757, -14.299999899999818
-26.70071339983377, -1.446039900785455, -14.299999899999818
-26.366688438055103, -4.318974612720749, -14.299999899999818
-25.722925391193492, -7.138861001510431, -14.299999899999818
-24.78949893363606, -9.876630170549008, -14.299999899999818
-23.580692078698295, -12.504458600430086, -14.299999899999818
-22.10703404467696, -14.993372412644081, -14.299999899999818
-20.37528338390811, -17.309970946961286, -14.299999899999818
-18.391614132590995, -19.414570007894238, -14.299999899999818
-16.175490872298855, -21.27301350792594, -14.299999899999818
-13.768236351582516, -22.876488056730576, -14.299999899999818
-11.206039668559056, -24.218779988740078, -14.299999899999818
-8.519735009123064, -25.291380729081368, -14.299999899999818
-5.737446686493084, -26.082184074925475, -14.299999899999818
-2.887165519378221, -26.57382006564391, -14.299999899999818
0.0, -26.743891208323443, -14.299999899999818
8.881784197001252e-16, -26.743891208323443, -14.299999899999818
2.8871655173958377, -26.57382004715961, -14.299999899999818
5.737446687514308, -26.082184079519095, -14.299999899999818
8.519735009462346, -25.291380728965684, -14.299999899999818
11.206039668913768, -24.218779988576916, -14.299999899999818
13.768236338400142, -22.876488033893278, -14.299999899999818
16.175490871353045, -21.27301350619108, -14.299999899999818
18.391614130341917, -19.414570005214912, -14.299999899999818
20.37528338407244, -17.30997094676515, -14.299999899999818
22.107034046534142, -14.993372413458586, -14.299999899999818
23.58069206716754, -12.504458591901036, -14.299999899999818
24.789498933519933, -9.876630170839823, -14.299999899999818
25.72292539957183, -7.138861003978917, -14.299999899999818
26.366688417746616, -4.318974608204052, -14.299999899999818
26.700713401263368, -1.4460399000073174, -14.299999899999818
26.700713399805373, 1.4460399012643346, -14.299999899999818
26.366688437968026, 4.3189746132249915, -14.299999899999818
25.72292539104479, 7.138861002033386, -14.299999899999818
24.7894989334226, 9.876630171083628, -14.299999899999818
23.580692098229186, 12.504458609591708, -14.299999899999818
22.107034024443724, 14.993372400731811, -14.299999899999818
20.375283382943913, 17.309970947613973, -14.299999899999818
18.39161413035333, 19.414570007190008, -14.299999899999818
16.175490871733057, 21.273013508907592, -14.299999899999818
13.7682363568251, 22.87648806691465, -14.299999899999818
11.206039677298623, 24.21878000765007, -14.299999899999818
8.519735009213932, 25.2913807290504, -14.299999899999818
5.737446686555495, 26.082184074911236, -14.299999899999818
2.8871655194100563, 26.573820065640298, -14.299999899999818
-4.440892098500626e-16, 26.743891208323443, -14.299999899999818
3.552713678800501e-14, 26.686156181404474, -14.399999899999818
-2.880821179209479, 26.51610668805441, -14.399999899999818
-5.724760339634657, 26.024940251850943, -14.399999899999818
-8.500842707603397, 25.2354446363169, -14.399999899999818
-11.181252411685824, 24.16514015486879, -14.399999899999818
-13.73800928822197, 22.826098030628085, -14.399999899999818
-16.140330580830604, 21.226633294654686, -14.399999899999818
-18.351905793296066, 19.372622295851425, -14.399999899999818
-20.33109273873254, 17.272505699967272, -14.399999899999818
-22.058571708107092, 14.960617711934844, -14.399999899999818
-23.52856673638674, 12.476888482449272, -14.399999899999818
-24.734585451362886, 9.85474100275702, -14.399999899999818
-25.666216540500102, 7.123043756518645, -14.399999899999818
-26.30912315783359, 4.309452676941591, -14.399999899999818
-26.642968585483846, 1.442871408449723, -14.399999899999818
-26.642968588913877, -1.4428714082739913, -14.399999899999818
-26.309123158099574, -4.309452676689819, -14.399999899999818
-25.666216530476706, -7.123043753865002, -14.399999899999818
-24.73458545126193, -9.854741003009995, -14.399999899999818
-23.528566714133017, -12.476888470682493, -14.399999899999818
-22.05857169613379, -14.960617703315222, -14.399999899999818
-20.331092742318575, -17.27250570248823, -14.399999899999818
-18.351905791305075, -19.372622293225625, -14.399999899999818
-16.140330580320114, -21.22663329353473, -14.399999899999818
-13.738009297475028, -22.826098045619144, -14.399999899999818
-11.181252405975416, -24.165140142965548, -14.399999899999818
-8.500842707345603, -25.235444636404793, -14.399999899999818
-5.724760338792587, -26.02494024780982, -14.399999899999818
-2.8808211812065974, -26.51610670642308, -14.399999899999818
0.0, -26.686156181404474, -14.399999899999818
8.881784197001252e-16, -26.686156181404474, -14.399999899999818
2.8808211792434433, -26.516106688050428, -14.399999899999818
5.72476033970128, -26.024940251835638, -14.399999899999818
8.50084270770042, -25.235444636283773, -14.399999899999818
11.181252411809997, -24.165140154811663, -14.399999899999818
13.738009288368998, -22.826098030541075, -14.399999899999818
16.14033058099485, -21.22663329453201, -14.399999899999818
18.351905793470188, -19.37262229568747, -14.399999899999818
20.331092738908076, -17.272505699757776, -14.399999899999818
22.05857170827738, -14.960617711678838, -14.399999899999818
23.528566736545244, -12.476888482146638, -14.399999899999818
24.73458545150222, -9.854741002408025, -14.399999899999818
25.66621653162551, -7.123043753482783, -14.399999899999818
26.30912313872243, -4.3094526726187325, -14.399999899999818
26.642968586538938, -1.4428714076597329, -14.399999899999818
26.642968585453442, 1.4428714089612173, -14.399999899999818
26.309123158853417, 4.309452677678969, -14.399999899999818
25.666216522731236, 7.1230437514483995, -14.399999899999818
24.73458545140125, 9.85474100266111, -14.399999899999818
23.52856671429146, 12.476888470379953, -14.399999899999818
22.058571696304142, 14.960617703059382, -14.399999899999818
20.331092742494054, 17.272505702278817, -14.399999899999818
18.351905791479158, 19.372622293061795, -14.399999899999818
16.140330580484306, 21.226633293412146, -14.399999899999818
13.73800929762201, 22.826098045532223, -14.399999899999818
11.181252406099528, 24.165140142908495, -14.399999899999818
8.500842707442569, 25.235444636371742, -14.399999899999818
5.724760338859159, 26.024940247794607, -14.399999899999818
2.8808211812404814, 26.516106706418956, -14.399999899999818
-4.440892098500626e-16, 26.686156181404474, -14.399999899999818
3.552713678800501e-14, 26.62842115448552, -14.499999899999818
-2.874476797615217, 26.458392862990056, -14.499999899999818
-5.712073861431712, 25.967695954589555, -14.499999899999818
-8.48195035183373, 25.179508452164658, -14.499999899999818
-11.156465146611268, 24.111500268113517, -14.499999899999818
-13.707782056321268, 22.775707663603743, -14.499999899999818
-16.105169960647967, 21.180252644702534, -14.499999899999818
-18.312197406722866, 19.330674544954174, -14.499999899999818
-20.286901846250526, 17.2350402242327, -14.499999899999818
-22.01010889425577, 14.927862709670158, -14.499999899999818
-23.476441191594347, 12.449318289581019, -14.499999899999818
-24.679671967295416, 9.832851827590192, -14.499999899999818
-25.609507388464998, 7.107226394204614, -14.499999899999818
-26.251557297373306, 4.299930633280425, -14.499999899999818
-26.58522357298139, 1.4397029176573835, -14.499999899999818
-26.58522357222705, -1.4397029200305533, -14.499999899999818
-26.251557317235573, -4.299930639393833, -14.499999899999818
-25.60950737891116, -7.107226393067849, -14.499999899999818
-24.679671966809188, -9.832851828808003, -14.499999899999818
-23.476441190986286, -12.449318290742799, -14.499999899999818
-22.010108862401466, -14.92786268984839, -14.499999899999818
-20.286901846373876, -17.23504022579996, -14.499999899999818
-18.312197405974235, -19.330674545659075, -14.499999899999818
-16.10516995933502, -21.180252644702875, -14.499999899999818
-13.707782071754284, -22.77570769076741, -14.499999899999818
-11.15646514997148, -24.111500276186472, -14.499999899999818
-8.481950351565885, -25.17950845225601, -14.499999899999818
-5.712073860708228, -25.967695951125798, -14.499999899999818
-2.8744767995933147, -26.458392881235156, -14.499999899999818
0.0, -26.62842115448552, -14.499999899999818
4.440892098500626e-16, -26.62842115448552, -14.499999899999818
2.8744767976152463, -26.45839286299001, -14.499999899999818
5.712073861431715, -25.967695954589416, -14.499999899999818
8.48195035183376, -25.179508452164626, -14.499999899999818
11.156465140900654, -24.11150025555012, -14.499999899999818
13.70778205195484, -22.775707655253836, -14.499999899999818
16.105169959234278, -21.180252642206213, -14.499999899999818
18.31219740496625, -19.33067454249606, -14.499999899999818
20.286901845964856, -17.235040223577965, -14.499999899999818
22.010108884113535, -14.927862702191431, -14.499999899999818
23.476441157269978, -12.449318271562504, -14.499999899999818
24.679671966914125, -9.832851828545122, -14.499999899999818
25.609507388183445, -7.107226395193552, -14.499999899999818
26.251557297197877, -4.299930634293589, -14.499999899999818
26.585223572920235, -1.439702918683806, -14.499999899999818
26.585223572288207, 1.439702919004134, -14.499999899999818
26.251557317411024, 4.299930638380669, -14.499999899999818
25.609507379192742, 7.107226392078908, -14.499999899999818
24.67967196719054, 9.832851827853089, -14.499999899999818
23.476441168294933, 12.44931827726267, -14.499999899999818
22.010108882520985, 14.927862701208072, -14.499999899999818
20.286901845964874, 17.235040223578046, -14.499999899999818
18.312197400828566, 19.33067453828468, -14.499999899999818
16.10516996007178, 21.18025264349141, -14.499999899999818
13.707782065407295, 22.77570767831146, -14.499999899999818
11.156465140643517, 24.111500255668386, -14.499999899999818
8.481950351565901, 25.179508452256048, -14.499999899999818
5.712073860708239, 25.967695951125812, -14.499999899999818
2.8744767995933294, 26.458392881235174, -14.499999899999818
-4.440892098500626e-16, 26.62842115448552, -14.499999899999818
3.552713678800501e-14, 26.57068612756655, -14.599999899999817
-2.868132371885906, 26.40067856851553, -14.599999899999817
-5.699387251493835, 25.91045118509973, -14.599999899999817
-8.463057941153778, 25.12357217629018, -14.599999899999817
-11.131677872091064, 24.057860326851912, -14.599999899999817
-13.677554640088639, 22.72531693002954, -14.599999899999817
-16.07000900770203, 21.13387155423943, -14.599999899999817
-18.272488967359763, 19.28872675153285, -14.599999899999817
-20.242710691661507, 17.197574509710186, -14.599999899999817
-21.96164560133143, 14.89510740715819, -14.599999899999817
-23.424315426595427, 12.421748012998103, -14.599999899999817
-24.624758480297317, 9.810962647835344, -14.599999899999817
-25.55279796815412, 7.091408927120468, -14.599999899999817
-26.19399088969126, 4.290408491144632, -14.599999899999817
-26.527478358767052, 1.4365344319570361, -14.599999899999817
-26.527478358549807, -1.4365344322847091, -14.599999899999817
-26.193990909815124, -4.290408495234253, -14.599999899999817
-25.552797958785256, -7.091408923874727, -14.599999899999817
-24.624758480583992, -9.810962647117675, -14.599999899999817
-23.42431543794368, -12.421748018859027, -14.599999899999817
-21.961645599790344, -14.895107406209304, -14.599999899999817
-20.242710691661582, -17.197574509710186, -14.599999899999817
-18.272488959677194, -19.28872674367423, -14.599999899999817
-16.07000900840527, -21.133871555353437, -14.599999899999817
-13.677554653611644, -22.725316953247994, -14.599999899999817
-11.131677871823685, -24.057860326974815, -14.599999899999817
-8.463057940875263, -25.123572176385206, -14.599999899999817
-5.699387250890935, -25.91045118222422, -14.599999899999817
-2.8681323738430855, -26.40067858662506, -14.599999899999817
0.0, -26.57068612756655, -14.599999899999817
4.440892098500626e-16, -26.57068612756655, -14.599999899999817
2.868132371849393, -26.400678568519773, -14.599999899999817
5.699387251422127, -25.91045118511611, -14.599999899999817
8.463057941049337, -25.123572176325805, -14.599999899999817
11.131677871957367, -24.05786032691336, -14.599999899999817
13.67755463993028, -22.72531693012311, -14.599999899999817
16.07000900752498, -21.133871554371257, -14.599999899999817
18.272488967172244, -19.288726751709365, -14.599999899999817
20.242710691472606, -17.197574509935897, -14.599999899999817
21.961645601148117, -14.895107407433951, -14.599999899999817
23.424315426424858, -12.421748013324102, -14.599999899999817
24.62475848014726, -9.810962648211222, -14.599999899999817
25.552797977525884, -7.091408930338058, -14.599999899999817
26.193990908383856, -4.29040849546414, -14.599999899999817
26.5274783585191, -1.4365344327989369, -14.599999899999817
26.527478363638647, 1.4365344320054232, -14.599999899999817
26.193990908863626, 4.290408494156638, -14.599999899999817
25.552797967454957, 7.0914089265766815, -14.599999899999817
24.624758480433872, 9.810962647493604, -14.599999899999817
23.424315437773085, 12.42174801918509, -14.599999899999817
21.96164559960702, 14.89510740648514, -14.599999899999817
20.24271069147263, 17.197574509935958, -14.599999899999817
18.27248895948963, 19.288726743850805, -14.599999899999817
16.070009008228286, 21.133871555485474, -14.599999899999817
13.677554653453242, 22.72531695334162, -14.599999899999817
11.131677871689957, 24.05786032703634, -14.599999899999817
8.463057940770787, 25.123572176420883, -14.599999899999817
5.699387250819192, 25.910451182240685, -14.599999899999817
2.868132373806484, 26.400678586629056, -14.599999899999817
-4.440892098500626e-16, 26.57068612756655, -14.599999899999817
3.552713678800501e-14, 26.512951100647594, -14.699999899999817
-2.861787901630061, 26.34296380110608, -14.699999899999817
-5.686700509072015, 25.853205940572135, -14.699999899999817
-8.444165475539096, 25.06763580813823, -14.699999899999817
-11.106890600189894, 24.004220356359816, -14.699999899999817
-13.647327048062525, 22.674925844671854, -14.699999899999817
-16.034847723088493, 21.087490024586444, -14.699999899999817
-18.232780479365537, 19.246778920189897, -14.699999899999817
-20.19851927780465, 17.16010855843107, -14.699999899999817
-21.91318184691591, 14.862351816768465, -14.699999899999817
-23.372189510896508, 12.394177688231293, -14.699999899999817
-24.569844991571674, 9.789073460420521, -14.699999899999817
-25.4960882700339, 7.075591348680588, -14.699999899999817
-26.136423912474452, 4.2808862423218965, -14.699999899999817
-26.469732942357556, 1.433365947408149, -14.699999899999817
-26.469732942509275, -1.4333659488482162, -14.699999899999817
-26.136423932317236, -4.280886247504739, -14.699999899999817
-25.496088259972502, -7.075591346365014, -14.699999899999817
-24.569844991458087, -9.7890734607051, -14.699999899999817
-23.372189547396015, -12.394177708973578, -14.699999899999817
-21.913181825597288, -14.862351804825076, -14.699999899999817
-20.198519279935528, -17.16010856218, -14.699999899999817
-18.232780481482145, -19.246778924665684, -14.699999899999817
-16.03484772289947, -21.087490026855463, -14.699999899999817
-13.647327069288254, -22.67492588277783, -14.699999899999817
-11.106890609975249, -24.004220378629693, -14.699999899999817
-8.444165475249136, -25.067635808237192, -14.699999899999817
-5.686700508591535, -25.85320593829588, -14.699999899999817
-2.861787903564178, -26.34296381906758, -14.699999899999817
0.0, -26.512951100647594, -14.699999899999817
4.440892098500626e-16, -26.512951100647594, -14.699999899999817
2.861787901516347, -26.342963801119406, -14.699999899999817
5.686700508848822, -25.85320594062345, -14.699999899999817
8.444165475213973, -25.06763580824921, -14.699999899999817
11.106890605998842, -24.00422037024971, -14.699999899999817
13.647327052429226, -22.674925854231642, -14.699999899999817
16.03484772381836, -21.08749002733717, -14.699999899999817
18.232780481704534, -19.24677892445631, -14.699999899999817
20.198519285870102, -17.160108566642318, -14.699999899999817
21.913181856103876, -14.862351824851746, -14.699999899999817
23.37218954752035, -12.394177708735848, -14.699999899999817
24.569844991515097, -9.789073460562307, -14.699999899999817
25.4960882797082, -7.0755913518068505, -14.699999899999817
26.136423930966508, -4.280886246525999, -14.699999899999817
26.469732942545757, -1.433365948238438, -14.699999899999817
26.469732948505577, 1.4333659487553536, -14.699999899999817
26.136423931273153, 4.280886246267388, -14.699999899999817
25.496088269167053, 7.075591349029845, -14.699999899999817
24.56984499140145, 9.789073460846955, -14.699999899999817
23.372189522040447, 12.394177695269477, -14.699999899999817
21.913181844855025, 14.862351816712199, -14.699999899999817
20.198519277216715, 17.160108559133807, -14.699999899999817
18.23278046736959, 19.246778909043186, -14.699999899999817
16.03484772310439, 21.08749002593788, -14.699999899999817
13.647327061165825, 22.67492586834938, -14.699999899999817
11.106890599495259, 24.00422035667914, -14.699999899999817
8.444165474923974, 25.06763580834824, -14.699999899999817
5.68670050836827, 25.853205938347106, -14.699999899999817
2.8617879034504807, 26.342963819081344, -14.699999899999817
-4.440892098500626e-16, 26.5129511006476, -14.699999899999817
3.552713678800501e-14, 26.455216073728625, -14.799999899999817
-2.855443386190817, 26.28524855723304, -14.799999899999817
-5.674013632900336, 25.795960218293402, -14.799999899999817
-8.425272954222672, 25.011699347403294, -14.799999899999817
-11.082103331137864, 23.95058035839794, -14.799999899999817
-13.61709927943875, 22.62453440720717, -14.799999899999817
-15.999686103670586, 21.041108052818736, -14.799999899999817
-18.193071943306478, 19.204831053209347, -14.799999899999817
-20.154327614584833, 17.122642380059688, -14.799999899999817
-21.864717626587144, 14.829595937591417, -14.799999899999817
-23.320063447069263, 12.366607318603009, -14.799999899999817
-24.5149315005262, 9.767184266769291, -14.799999899999817
-25.43937829215016, 7.059773659841644, -14.799999899999817
-26.078856361649812, 4.271363887759121, -14.799999899999817
-26.411987321888716, 1.4301974659944743, -14.799999899999817
-26.411987322493445, -1.4301974674826754, -14.799999899999817
-26.0788563813913, -4.271363892984734, -14.799999899999817
-25.439378281677214, -7.059773657427492, -14.799999899999817
-24.51493150040784, -9.76718426706584, -14.799999899999817
-23.320063420454456, -12.36660730454015, -14.799999899999817
-21.864717615585732, -14.829595929616843, -14.799999899999817
-20.15432760142867, -17.122642368867727, -14.799999899999817
-18.193071924425976, -19.20483103308755, -14.799999899999817
-15.999686102884619, -21.04110805132245, -14.799999899999817
-13.617099287992763, -22.624534421017895, -14.799999899999817
-11.082103324355822, -23.950580344243864, -14.799999899999817
-8.42527295392053, -25.01169934750645, -14.799999899999817
-5.674013632544087, -25.795960216627023, -14.799999899999817
-2.855443388099749, -26.285248575033677, -14.799999899999817
0.0, -26.455216073728625, -14.799999899999817
4.440892098500626e-16, -26.455216073728625, -14.799999899999817
2.855443386269506, -26.285248557223774, -14.799999899999817
5.674013633054713, -25.79596021825781, -14.799999899999817
8.425272954447538, -25.011699347326477, -14.799999899999817
11.082103324933778, -23.950580343978217, -14.799999899999817
13.617099274661122, -22.624534397255516, -14.799999899999817
15.999686102837716, -21.041108050273937, -14.799999899999817
18.193071940159736, -19.20483104843571, -14.799999899999817
20.154327601835167, -17.122642368381726, -14.799999899999817
21.864717617420652, -14.829595929904409, -14.799999899999817
23.320063408816885, -12.366607297651159, -14.799999899999817
24.514931500423433, -9.767184267026677, -14.799999899999817
25.439378292095878, -7.059773660032006, -14.799999899999817
26.078856361629466, -4.271363887876124, -14.799999899999817
26.411987321886347, -1.430197466033969, -14.799999899999817
26.411987322491065, 1.4301974675222422, -14.799999899999817
26.078856381370947, 4.271363893101811, -14.799999899999817
25.439378281622897, 7.05977365761793, -14.799999899999817
24.514931500305003, 9.767184267323284, -14.799999899999817
23.3200634467562, 12.366607319201822, -14.799999899999817
21.86471759630443, 14.82959591816712, -14.799999899999817
20.154327604898523, 17.12264237295399, -14.799999899999817
18.19307194287397, 19.204831053616452, -14.799999899999817
15.99968610249948, 21.04110805242606, -14.799999899999817
13.617099296619608, 22.62453443669613, -14.799999899999817
11.082103335086893, 23.950580367091337, -14.799999899999817
8.425272954145345, 25.011699347429694, -14.799999899999817
5.6740136326984425, 25.795960216591585, -14.799999899999817
2.855443388178411, 26.2852485750246, -14.799999899999817
-8.881784197001252e-16, 26.455216073728625, -14.799999899999817
3.552713678800501e-14, 26.397481046809673, -14.899999899999816
-2.849098825280687, 26.227532833288933, -14.899999899999816
-5.661326622441483, 25.738714015358383, -14.899999899999816
-8.40638037744553, 24.9557627935045, -14.899999899999816
-11.05731604535576, 23.89694028771843, -14.899999899999816
-13.586871318899941, 22.5741425858128, -14.899999899999816
-15.964524144578379, 20.994725628146096, -14.899999899999816
-18.153363349142907, 19.16288313601765, -14.899999899999816
-20.11013566141242, 17.085175937896, -14.899999899999816
-21.81625290961645, 14.796839745070677, -14.899999899999816
-23.267937113356087, 12.339036838293064, -14.899999899999816
-24.46001799067897, 9.745295061746143, -14.899999899999816
-25.382668046325968, 7.043955865090598, -14.899999899999816
-26.021288251345965, 4.261841431416001, -14.899999899999816
-26.354241496694456, 1.4270289888976386, -14.899999899999816
-26.35424150474221, -1.4270289885280827, -14.899999899999816
-26.02128825189932, -4.261841429747729, -14.899999899999816
-25.382668032384366, -7.043955859965094, -14.899999899999816
-24.460017991045586, -9.74529506082843, -14.899999899999816
-23.267937132120277, -12.339036848032679, -14.899999899999816
-21.81625290098849, -14.796839739507798, -14.899999899999816
-20.110135661412507, -17.085175937896004, -14.899999899999816
-18.153363329703335, -19.16288311605979, -14.899999899999816
-15.96452414486481, -20.994725628731533, -14.899999899999816
-13.586871332580536, -22.574142609484227, -14.899999899999816
-11.057316044673097, -23.89694028698893, -14.899999899999816
-8.406380378062211, -24.955762796113948, -14.899999899999816
-5.66132662235745, -25.738714014962035, -14.899999899999816
-2.8490988271622486, -26.227532850915345, -14.899999899999816
0.0, -26.39748104680967, -14.899999899999816
8.881784197001252e-16, -26.39748104680967, -14.899999899999816
2.8490988252807234, -26.227532833288933, -14.899999899999816
5.661326622441526, -25.73871401535839, -14.899999899999816
8.406380377445561, -24.955762793504466, -14.899999899999816
11.057316054388567, -23.896940307678573, -14.899999899999816
13.586871322177744, -22.57414259257622, -14.899999899999816
15.964524145631989, -20.99472563039544, -14.899999899999816
18.153363353267487, -19.16288314119966, -14.899999899999816
20.110135679214576, -17.085175953034547, -14.899999899999816
21.81625291891237, -14.796839752125793, -14.899999899999816
23.267937161922937, -12.33903686374949, -14.899999899999816
24.460017991164424, -9.745295060530792, -14.899999899999816
25.382668032583187, -7.0439558596724, -14.899999899999816
26.021288233487347, -4.26184142622832, -14.899999899999816
26.354241495630074, -1.427028987127126, -14.899999899999816
26.354241496694463, 1.427028988897638, -14.899999899999816
26.021288253085082, 4.2618414317278885, -14.899999899999816
25.3826680239219, 7.043955857818, -14.899999899999816
24.46001799104559, 9.745295060828479, -14.899999899999816
23.267937132120277, 12.339036848032721, -14.899999899999816
21.81625290098854, 14.796839739507858, -14.899999899999816
20.110135661412517, 17.085175937896036, -14.899999899999816
18.153363329703314, 19.162883116059785, -14.899999899999816
15.964524144864798, 20.99472562873154, -14.899999899999816
13.58687133258055, 22.574142609484284, -14.899999899999816
11.05731604467309, 23.896940286988954, -14.899999899999816
8.406380378062206, 24.955762796113966, -14.899999899999816
5.661326622357444, 25.738714014962053, -14.899999899999816
2.849098827162262, 26.227532850915473, -14.899999899999816
-8.881784197001252e-16, 26.397481046809677, -14.899999899999816
3.552713678800501e-14, 26.3397460198907, -14.999999899999816
-2.842754218196485, 26.16981662567929, -14.999999899999816
-5.648639476346661, 25.68146732902634, -14.999999899999816
-8.387487744472846, 24.899826145999203, -14.999999899999816
-11.03252877286045, 23.84330021152435, -14.999999899999816
-13.556643183641153, 22.523750414975133, -14.999999899999816
-15.929361847492162, 20.948342756745383, -14.999999899999816
-18.113654711103674, 19.120935188057256, -14.999999899999816
-20.065943477465666, 17.047709283804146, -14.999999899999816
-21.76778772984927, 14.764083266909273, -14.999999899999816
-23.215810685797162, 12.311466341363033, -14.999999899999816
-24.40510449530679, 9.723405854792597, -14.999999899999816
-25.325957505086038, 7.028137952413999, -14.999999899999816
-25.963719541909107, 4.252318861294843, -14.999999899999816
-26.296495463390276, 1.4238605120381047, -14.999999899999816
-26.29649547246349, -1.4238605132666085, -14.999999899999816
-25.96371954223012, -4.252318860912619, -14.999999899999816
-25.325957490482804, -7.02813794847032, -14.999999899999816
-24.40510449518269, -9.723405855103424, -14.999999899999816
-23.21581065468105, -12.311466324958081, -14.999999899999816
-21.767787712148717, -14.764083254443769, -14.999999899999816
-20.065943454722383, -17.047709264631145, -14.999999899999816
-18.113654682544567, -19.12093515774417, -14.999999899999816
-15.929361846648623, -20.948342754981724, -14.999999899999816
-13.55664319391301, -22.523750431666095, -14.999999899999816
-11.032528762731525, -23.84330018995307, -14.999999899999816
-8.387487745130663, -24.899826148759505, -14.999999899999816
-5.648639476404771, -25.68146732932459, -14.999999899999816
-2.8427542200482803, -26.16981664311777, -14.999999899999816
0.0, -26.3397460198907, -14.999999899999816
8.881784197001252e-16, -26.3397460198907, -14.999999899999816
2.8427542182896546, -26.169816625668307, -14.999999899999816
5.6486394765294685, -25.68146732898423, -14.999999899999816
8.387487744739099, -24.899826145908197, -14.999999899999816
11.032528763800586, -23.843300190591993, -14.999999899999816
13.556643180564656, -22.52375040758022, -14.999999899999816
15.929361846957622, -20.948342754242105, -14.999999899999816
18.11365470676734, -19.120935181683667, -14.999999899999816
20.065943455203506, -17.04770926405551, -14.999999899999816
21.767787721224362, -14.764083259288912, -14.999999899999816
23.215810635823566, -12.311466314124901, -14.999999899999816
24.405104495185068, -9.723405855097361, -14.999999899999816
25.325957490504116, -7.028137948355385, -14.999999899999816
25.963719524038815, -4.252318857558926, -14.999999899999816
26.296495461747167, -1.423860511614785, -14.999999899999816
26.29649546338745, 1.4238605120849328, -14.999999899999816
25.963719543763023, 4.252318861770558, -14.999999899999816
25.32595748187039, 7.028137945116351, -14.999999899999816
24.40510449556532, 9.72340585414552, -14.999999899999816
23.2158106551154, 12.311466324127018, -14.999999899999816
21.76778771261543, 14.764083253740607, -14.999999899999816
20.065943455203524, 17.047709264055587, -14.999999899999816
18.11365468302269, 19.120935157294443, -14.999999899999816
15.929361847099868, 20.948342754645683, -14.999999899999816
13.556643194316809, 22.52375043142784, -14.999999899999816
11.032528763072358, 23.843300189796484, -14.999999899999816
8.387487745396863, 24.89982614866856, -14.999999899999816
5.6486394765875305, 25.68146732928258, -14.999999899999816
2.842754220141388, 26.169816643106824, -14.999999899999816
-4.440892098500626e-16, 26.3397460198907, -14.999999899999816
3.552713678800501e-14, 26.282010992971752, -15.099999899999816
-2.836409564585744, 26.11209993073206, -15.099999899999816
-5.635952193959305, 25.624220156372804, -15.099999899999816
-8.368595055389493, 24.843889404326017, -15.099999899999816
-11.00774148848732, 23.789660072606313, -15.099999899999816
-13.52641486158743, 22.473357868551965, -15.099999899999816
-15.894199207642593, 20.901959428052635, -15.099999899999816
-18.073946017068522, 19.07898719270841, -15.099999899999816
-20.021751007831664, 17.0102423696166, -15.099999899999816
-21.71932205697619, 14.731326479125324, -15.099999899999816
-23.16368402086204, 12.283895751193207, -15.099999899999816
-24.35019099753525, 9.70151664162081, -15.099999899999816
-25.269246664662973, 7.012319922715798, -15.099999899999816
-25.906150229853452, 4.242796178530461, -15.099999899999816
-26.238749218569897, 1.4206920371997112, -15.099999899999816
-26.23874922064358, -1.4206920390850357, -15.099999899999816
-25.906150249235004, -4.242796184134358, -15.099999899999816
-25.26924665529792, -7.012319920704403, -15.099999899999816
-24.350190997405548, -9.701516641945643, -15.099999899999816
-23.1636839883979, -12.283895734082865, -15.099999899999816
-21.719322039502927, -14.731326466815673, -15.099999899999816
-20.021750979922697, -17.010242346229315, -15.099999899999816
-18.07394598328342, -19.078987156982816, -15.099999899999816
-15.894199206720796, -20.901959426187805, -15.099999899999816
-13.526414871723661, -22.473357885019215, -15.099999899999816
-11.007741477934466, -23.789660050132195, -15.099999899999816
-8.368595056089442, -24.843889407242226, -15.099999899999816
-5.635952194162112, -25.624220157379654, -15.099999899999816
-2.8364095664054014, -26.11209994796833, -15.099999899999816
0.0, -26.282010992971745, -15.099999899999816
4.440892098500626e-16, -26.282010992971745, -15.099999899999816
2.8364095646341463, -26.11209993072635, -15.099999899999816
5.635952194054257, -25.624220156350905, -15.099999899999816
8.368595055527777, -24.843889404278727, -15.099999899999816
11.007741478887025, -23.78966005091446, -15.099999899999816
13.526414858106373, -22.473357860863974, -15.099999899999816
15.894199206959952, -20.901959425795006, -15.099999899999816
18.07394601178058, -19.07898718577562, -15.099999899999816
20.021750980172467, -17.010242345930344, -15.099999899999816
21.719322048334703, -14.731326471984087, -15.099999899999816
23.163683968797965, -12.283895723384015, -15.099999899999816
24.350190997210102, -9.701516642434784, -15.099999899999816
25.269246664435556, -7.012319923511759, -15.099999899999816
25.906150229719564, -4.242796179297984, -15.099999899999816
26.23874921852585, -1.4206920379287955, -15.099999899999816
26.238749220684674, 1.4206920384045714, -15.099999899999816
25.906150249343845, 4.24279618351078, -15.099999899999816
25.26924665545845, 7.012319920142587, -15.099999899999816
24.350190997604276, 9.701516641448277, -15.099999899999816
23.16368398862339, 12.283895733651319, -15.099999899999816
21.719322039745144, 14.731326466450499, -15.099999899999816
20.021750980172474, 17.010242345930436, -15.099999899999816
18.073945983531715, 19.078987156749353, -15.099999899999816
15.89419920695514, 20.901959426013402, -15.099999899999816
13.526414871933348, 22.473357884895588, -15.099999899999816
11.007741478111416, 23.789660050050923, -15.099999899999816
8.368595056227631, 24.843889407195025, -15.099999899999816
5.63595219425697, 25.624220157357836, -15.099999899999816
2.836409566453715, 26.11209994796274, -15.099999899999816
-4.440892098500626e-16, 26.282010992971752, -15.099999899999816
3.552713678800501e-14, 26.224275966052797, -15.199999899999815
-2.8300648638281616, 26.054382744770052, -15.199999899999815
-5.62326477410153, 25.566972494569697, -15.199999899999815
-8.34970230959948, 24.787952568105617, -15.199999899999815
-10.982954200951816, 23.736019890847764, -15.199999899999815
-13.496186354713851, 22.42296495135418, -15.199999899999815
-15.85903622337826, 20.85557564127179, -15.199999899999815
-18.034237270240368, 19.03703915517484, -15.199999899999815
-19.977558267582484, 16.97277520913468, -15.199999899999815
-21.670855896666033, 14.69856938772105, -15.199999899999815
-23.111557165661743, 12.256325093758537, -15.199999899999815
-24.295277497474025, 9.679627421895018, -15.199999899999815
-25.212535553048156, 6.996501783738613, -15.199999899999815
-25.848580346776256, 4.233273389763479, -15.199999899999815
-26.181002764190662, 1.4175235652255587, -15.199999899999815
-26.181002766712236, -1.4175235686336443, -15.199999899999815
-25.848580365794216, -4.233273396865907, -15.199999899999815
-25.21253554290951, -6.996501783054655, -15.199999899999815
-24.29527749679443, -9.679627423596434, -15.199999899999815
-23.11155716186225, -12.25632509374484, -15.199999899999815
-21.670855867581, -14.698569370427522, -15.199999899999815
-19.97755824141304, -16.972775189830312, -15.199999899999815
-18.034237269172348, -19.03703915617937, -15.199999899999815
-15.859036221357421, -20.85557564108238, -15.199999899999815
-13.496186378982841, -22.422964994143793, -15.199999899999815
-10.982954208187081, -23.736019907715338, -15.199999899999815
-8.349702310342389, -24.787952571182885, -15.199999899999815
-5.623264774451434, -25.566972496299314, -15.199999899999815
-2.8300648656130787, -26.0543827617894, -15.199999899999815
0.0, -26.224275966052776, -15.199999899999815
4.440892098500626e-16, -26.224275966052776, -15.199999899999815
2.8300648638281976, -26.05438274477004, -15.199999899999815
5.62326477410157, -25.5669724945697, -15.199999899999815
8.349702309599511, -24.787952568105585, -15.199999899999815
10.982954190789297, -23.736019868383217, -15.199999899999815
13.496186350804487, -22.422964943367354, -15.199999899999815
15.85903622253119, -20.855575639274775, -15.199999899999815
18.03423726394982, -19.0370391476658, -15.199999899999815
19.97755823427983, -16.972775181350748, -15.199999899999815
21.670855887993397, -14.698569381089206, -15.199999899999815
23.111557111449958, -12.256325065390488, -15.199999899999815
24.29527749693013, -9.679627423256596, -15.199999899999815
25.21253556800228, -6.996501789683699, -15.199999899999815
25.848580363877307, -4.233273395031413, -15.199999899999815
26.181002766800827, -1.4175235671700654, -15.199999899999815
26.181002778301817, 1.4175235690313444, -15.199999899999815
25.84858036416154, 4.233273394641083, -15.199999899999815
25.21253555277183, 6.996501785583022, -15.199999899999815
24.295277496794426, 9.679627423596447, -15.199999899999815
23.111557161862258, 12.25632509374486, -15.199999899999815
21.67085586758101, 14.698569370427544, -15.199999899999815
19.977558241413053, 16.972775189830333, -15.199999899999815
18.034237269172362, 19.03703915617939, -15.199999899999815
15.859036221357428, 20.85557564108239, -15.199999899999815
13.496186378982868, 22.422964994143822, -15.199999899999815
10.982954208187095, 23.73601990771535, -15.199999899999815
8.349702310342401, 24.787952571182903, -15.199999899999815
5.623264774451449, 25.56697249629933, -15.199999899999815
2.8300648656130787, 26.054382761789288, -15.199999899999815
-4.440892098500626e-16, 26.224275966052797, -15.199999899999815
3.552713678800501e-14, 26.166540939133828, -15.299999899999815
-2.8237201152729012, 25.99666506408253, -15.299999899999815
-5.61057721553986, 25.50972434077778, -15.299999899999815
-8.330809506436848, 24.732015636978794, -15.299999899999815
-10.958166909850808, 23.682379666209872, -15.299999899999815
-13.465957661609893, 22.37257166147215, -15.299999899999815
-15.823872891860386, 20.809191393409368, -15.299999899999815
-17.994528425057183, 18.99509102958745, -15.299999899999815
-19.933365253898057, 16.935307801081326, -15.299999899999815
-21.622389245195077, 14.665811991736394, -15.299999899999815
-23.05943011866396, 12.22875436970937, -15.299999899999815
-24.24036399468292, 9.657738196655659, -15.299999899999815
-25.155824169620875, 6.980683536352931, -15.299999899999815
-25.791009887774553, 4.223750495328392, -15.299999899999815
-26.123256108612427, 1.414355100196161, -15.299999899999815
-26.12325611267566, -1.414355101299702, -15.299999899999815
-25.79100988776651, -4.223750496431857, -15.299999899999815
-25.155824153647067, -6.980683533634796, -15.299999899999815
-24.24036399397638, -9.65773819842439, -15.299999899999815
-23.059430114666036, -12.228754369668943, -15.299999899999815
-21.622389216540427, -14.665811974822073, -15.299999899999815
-19.933365223288238, -16.935307778237945, -15.299999899999815
-17.994528423948676, -18.995091030629908, -15.299999899999815
-15.82387288973753, -20.8091913931803, -15.299999899999815
-13.465957686538012, -22.372571705452707, -15.299999899999815
-10.958166917279598, -23.68237968354827, -15.299999899999815
-8.330809507223652, -24.732015640222254, -15.299999899999815
-5.610577216039398, -25.509724343244436, -15.299999899999815
-2.823720117020498, -25.996665080869743, -15.299999899999815
0.0, -26.16654093913382, -15.299999899999815
8.881784197001252e-16, -26.166540939133824, -15.299999899999815
2.8237201152208318, -25.996665064088706, -15.299999899999815
5.610577215437653, -25.509724340801405, -15.299999899999815
8.330809506287938, -24.7320156370297, -15.299999899999815
10.958166909660122, -23.682379666297464, -15.299999899999815
13.465957661383898, -22.37257166160532, -15.299999899999815
15.823872891607792, -20.809191393597214, -15.299999899999815
17.994528424789646, -18.995091029839045, -15.299999899999815
19.933365253629045, -16.93530780140352, -15.299999899999815
21.622389244934354, -14.6658119921301, -15.299999899999815
23.059430118421133, -12.228754370174483, -15.299999899999815
24.240363994468815, -9.657738197191641, -15.299999899999815
25.155824169447687, -6.980683536958278, -15.299999899999815
25.791009887656948, -4.2237504960002825, -15.299999899999815
26.12325610856793, -1.4143551009293873, -15.299999899999815
26.12325611272334, 1.414355100514096, -15.299999899999815
25.791009887911247, 4.2237504956049, -15.299999899999815
25.155824153892407, 6.980683532777197, -15.299999899999815
24.24036399432681, 9.657738197547335, -15.299999899999815
23.059430083156656, 12.228754351601838, -15.299999899999815
21.62238922792679, 14.665811980142209, -15.299999899999815
19.933365261062878, 16.93530780686306, -15.299999899999815
17.9945284243556, 18.995091028551002, -15.299999899999815
15.823872890523743, 20.80919139152623, -15.299999899999815
13.465957671234175, 22.37257167760474, -15.299999899999815
10.95816689822772, 23.682379641954363, -15.299999899999815
8.330809507074715, 24.732015640273215, -15.299999899999815
5.610577215937153, 25.509724343268044, -15.299999899999815
2.823720116968443, 25.996665080876195, -15.299999899999815
-4.440892098500626e-16, 26.166540939133824, -15.299999899999815
3.552713678800501e-14, 26.108805912214873, -15.399999899999814
-2.8173753185961545, 25.938946884882505, -15.399999899999814
-5.597889517687065, 25.452475691984553, -15.399999899999814
-8.311916646187994, 24.676078610256617, -15.399999899999814
-10.933379605045836, 23.628739373860167, -15.399999899999814
-13.435728777937236, 22.322177987246967, -15.399999899999814
-15.78870921114789, 20.76280667841693, -15.399999899999814
-17.954819607824238, 18.95314294321948, -15.399999899999814
-19.889171973301288, 16.897840148040597, -15.399999899999814
-21.573922092108646, 14.633054281546274, -15.399999899999814
-23.0073028215936, 12.201183546522289, -15.399999899999814
-24.18545048941736, 9.635848965201188, -15.399999899999814
-25.09911248195878, 6.964865169720875, -15.399999899999814
-25.733438814640827, 4.214227485495193, -15.399999899999814
-26.065509228067665, 1.4111866348378392, -15.399999899999814
-26.06550923233129, -1.411186634416544, -15.399999899999814
-25.733438814856576, -4.214227485093913, -15.399999899999814
-25.099112466071084, -6.964865165458081, -15.399999899999814
-24.185450489268675, -9.635848965573576, -15.399999899999814
-23.007302875570186, -12.201183576864066, -15.399999899999814
-21.57392207213124, -14.63305427135268, -15.399999899999814
-19.889171930269026, -16.8978401157589, -15.399999899999814
-17.954819564042214, -18.95314290131234, -15.399999899999814
-15.788709209622853, -20.76280667996432, -15.399999899999814
-13.435728807903086, -22.322178041311442, -15.399999899999814
-10.933379623628694, -23.62873941590603, -15.399999899999814
-8.311916647019617, -24.676078613671482, -15.399999899999814
-5.597889518338778, -25.45247569520263, -15.399999899999814
-2.8173753203037766, -25.938946901421875, -15.399999899999814
0.0, -26.10880591221485, -15.399999899999814
4.440892098500626e-16, -26.10880591221485, -15.399999899999814
2.8173753185961874, -25.938946884882455, -15.399999899999814
5.597889517687101, -25.452475691984528, -15.399999899999814
8.31191664618803, -24.67607861025659, -15.399999899999814
10.933379605045872, -23.62873937386014, -15.399999899999814
13.435728777937266, -22.322177987246924, -15.399999899999814
15.788709211147804, -20.762806678416737, -15.399999899999814
17.954819607824277, -18.95314294321945, -15.399999899999814
19.889171973301337, -16.897840148040576, -15.399999899999814
21.573922092108685, -14.633054281546245, -15.399999899999814
23.007302821593637, -12.201183546522259, -15.399999899999814
24.185450489417416, -9.635848965201166, -15.399999899999814
25.099112465751737, -6.964865164930516, -15.399999899999814
25.733438797803437, -4.214227481726041, -15.399999899999814
26.06550921424594, -1.4111866313631813, -15.399999899999814
26.06550922806766, 1.4111866348378743, -15.399999899999814
25.733438817118873, 4.214227485941753, -15.399999899999814
25.099112455670685, 6.964865161146325, -15.399999899999814
24.18545048985438, 9.635848964107588, -15.399999899999814
23.007302843055047, 12.201183557601542, -15.399999899999814
21.57392208358019, 14.633054276058703, -15.399999899999814
19.889171973301362, 16.89784014804066, -15.399999899999814
17.9548195648295, 18.953142899008604, -15.399999899999814
15.788709210682738, 20.762806678058272, -15.399999899999814
13.435728792008673, 22.322178011879824, -15.399999899999814
10.933379604116682, 23.628739372781094, -15.399999899999814
8.31191664701958, 24.67607861367151, -15.399999899999814
5.5978895183387305, 25.452475695202654, -15.399999899999814
2.81737532030374, 25.938946901421957, -15.399999899999814
-4.440892098500626e-16, 26.10880591221485, -15.399999899999814
3.552713678800501e-14, 26.051070885295903, -15.499999899999814
-2.8110304730722286, 25.881228203392315, -15.499999899999814
-5.585201679171735, 25.395226545333507, -15.499999899999814
-8.293023728008492, 24.620141487633, -15.499999899999814
-10.908592318789337, 23.575099086548924, -15.499999899999814
-13.405499715126249, 22.271783953522977, -15.499999899999814
-15.75354518017727, 20.71642149890472, -15.499999899999814
-17.915110650523985, 18.911194727476346, -15.499999899999814
-19.84497839919605, 16.86037223180874, -15.499999899999814
-21.525454458039547, 14.6002962756359, -15.499999899999814
-22.95517544715044, 12.173612716622978, -15.499999899999814
-24.13053698274106, 9.613959724806987, -15.499999899999814
-25.042400487976753, 6.949046680099611, -15.499999899999814
-25.67586712461364, 4.204704356865315, -15.499999899999814
-26.007762132442483, 1.4080181688590199, -15.499999899999814
-26.007762130780787, -1.4080181725656016, -15.499999899999814
-25.675867143289548, -4.204704364124724, -15.499999899999814
-25.042400476651384, -6.949046679138463, -15.499999899999814
-24.130536982046497, -9.61395972654555, -15.499999899999814
-22.955175442825183, -12.17361271636488, -15.499999899999814
-21.52545443036723, -14.600296259346942, -15.499999899999814
-19.84497840522533, -16.860372238931348, -15.499999899999814
-17.915110649398557, -18.91119472853437, -15.499999899999814
-15.753545177916237, -20.716421498537876, -15.499999899999814
-13.405499741473559, -22.271783999883773, -15.499999899999814
-10.908592326694567, -23.5750991048096, -15.499999899999814
-8.293023728973353, -24.620141491194516, -15.499999899999814
-5.585201680068337, -25.395226549296897, -15.499999899999814
-2.8110304748289763, -25.88122821965674, -15.499999899999814
0.0, -26.051070885295896, -15.499999899999814
4.440892098500626e-16, -26.051070885295896, -15.499999899999814
2.811030473019378, -25.881228203398635, -15.499999899999814
5.58520167906798, -25.395226545357474, -15.499999899999814
8.293023727857344, -24.620141487684716, -15.499999899999814
10.90859230722596, -23.575099061495827, -15.499999899999814
13.405499710281333, -22.27178394431101, -15.499999899999814
15.753545179292887, -20.716421497372092, -15.499999899999814
17.915110649769478, -18.911194726174905, -15.499999899999814
19.84497840716629, -16.86037223813217, -15.499999899999814
21.525454449806592, -14.600296269777182, -15.499999899999814
22.95517538672404, -12.173612685553673, -15.499999899999814
24.130536981950577, -9.613959726785497, -15.499999899999814
25.042400504011002, -6.9490466871180825, -15.499999899999814
25.675867140798054, -4.204704362809295, -15.499999899999814
26.00776213082939, -1.4080181717680558, -15.499999899999814
26.007762135301437, 1.4080181697068372, -15.499999899999814
25.675867141249093, 4.204704360788762, -15.499999899999814
25.04240048823405, 6.949046681198485, -15.499999899999814
24.130536982402223, 9.613959725655247, -15.499999899999814
22.95517540874249, 12.173612696909087, -15.499999899999814
21.52545444129931, 14.600296264305584, -15.499999899999814
19.844978407166302, 16.860372238132264, -15.499999899999814
17.915110650034137, 18.911194726518755, -15.499999899999814
15.753545178741783, 20.716421496758283, -15.499999899999814
13.405499724520942, 22.27178396911449, -15.499999899999814
10.908592306325831, 23.575099060302573, -15.499999899999814
8.293023728822156, 24.62014149124629, -15.499999899999814
5.585201679964529, 25.395226549320903, -15.499999899999814
2.8110304747760813, 25.881228219663125, -15.499999899999814
-8.881784197001252e-16, 26.051070885295903, -15.499999899999814
3.552713678800501e-14, 25.99333585837695, -15.599999899999814
-2.804685578265951, 25.823509015761687, -15.599999899999814
-5.572513699197238, 25.337976897811025, -15.599999899999814
-8.274130751902364, 24.564204268507492, -15.599999899999814
-10.88380500688226, 23.52145870506971, -15.599999899999814
-13.37527045479619, 22.221389521266193, -15.599999899999814
-15.718380794542327, 20.67003584384672, -15.599999899999814
-17.875401680687883, 18.86924650867086, -15.599999899999814
-19.800784561908063, 16.822904073229758, -15.599999899999814
-21.476986307862557, 14.567537946170185, -15.599999899999814
-22.903047758050317, 12.146041754766127, -15.599999899999814
-24.075623472808896, 9.592070480028307, -15.599999899999814
-24.985688217622027, 6.933228081080728, -15.599999899999814
-25.618294846277678, 4.195181120588021, -15.599999899999814
-25.95001481667216, 1.4048497079977613, -15.599999899999814
-25.95001481503544, -1.4048497102233113, -15.599999899999814
-25.618294865105423, -4.195181126373577, -15.599999899999814
-24.98568820630166, -6.933228078528905, -15.599999899999814
-24.07562347268469, -9.592070480339348, -15.599999899999814
-22.903047815781914, -12.146041787082089, -15.599999899999814
-21.476986288391007, -14.567537936373386, -15.599999899999814
-19.800784559612662, -16.822904074374616, -15.599999899999814
-17.87540168004111, -18.869246511376517, -15.599999899999814
-15.718380792731912, -20.670035845055214, -15.599999899999814
-13.37527048670288, -22.221389578689386, -15.599999899999814
-10.883805026787156, -23.521458749888204, -15.599999899999814
-8.274130752925728, -24.564204272246766, -15.599999899999814
-5.572513700263461, -25.337976902552466, -15.599999899999814
-2.804685579989621, -25.823509031743654, -15.599999899999814
0.0, -25.99333585837695, -15.599999899999814
8.881784197001252e-16, -25.99333585837695, -15.599999899999814
2.8046855782114664, -25.823509015768153, -15.599999899999814
5.57251369909027, -25.337976897835667, -15.599999899999814
8.274130751746563, -24.564204268560804, -15.599999899999814
10.883805018472083, -23.5214587312342, -15.599999899999814
13.37527045942786, -22.22138953123789, -15.599999899999814
15.718380794828802, -20.670035845668778, -15.599999899999814
17.875401680921208, -18.86924651054923, -15.599999899999814
19.800784552978335, -16.82290406725741, -15.599999899999814
21.476986315327242, -14.567537952695085, -15.599999899999814
22.90304782005611, -12.146041787876088, -15.599999899999814
24.07562347317561, -9.592070479110573, -15.599999899999814
24.985688217879197, -6.933228080183472, -15.599999899999814
25.618294846429727, -4.195181119722797, -15.599999899999814
25.950014816722383, -1.4048497071757131, -15.599999899999814
25.950014814988545, 1.404849710990565, -15.599999899999814
25.618294864981873, 4.195181127076593, -15.599999899999814
24.985688206120127, 6.933228079162287, -15.599999899999814
24.075623472460624, 9.592070480900224, -15.599999899999814
22.90304781552797, 12.146041787568915, -15.599999899999814
21.476986288118347, 14.567537936785532, -15.599999899999814
19.80078455933131, 16.82290407471195, -15.599999899999814
17.875401679761048, 18.869246511639755, -15.599999899999814
15.718380792467427, 20.670035845251647, -15.599999899999814
13.375270486466269, 22.221389578828642, -15.599999899999814
10.883805026587547, 23.52145874997986, -15.599999899999814
8.274130752769876, 24.564204272300152, -15.599999899999814
5.572513700156449, 25.337976902577232, -15.599999899999814
2.8046855799350827, 25.823509031750202, -15.599999899999814
-4.440892098500626e-16, 25.99333585837695, -15.599999899999814
3.552713678800501e-14, 25.935600831457975, -15.699999899999813
-2.798340633438438, 25.76578931813703, -15.699999899999813
-5.559825576375706, 25.28072674651475, -15.699999899999813
-8.255237717024093, 24.508266952566355, -15.699999899999813
-10.859017702816628, 23.46781830490183, -15.699999899999813
-13.345041009104312, 22.17099471668876, -15.699999899999813
-15.683216052922527, 20.623649715497297, -15.699999899999813
-17.835692655300726, 18.82729824737141, -15.699999899999813
-19.756590433477466, 16.785435653328552, -15.699999899999813
-21.428517661350508, 14.534779311363614, -15.699999899999813
-22.850919932993463, 12.11847075675269, -15.699999899999813
-24.02070996065567, 9.570181228212046, -15.699999899999813
-24.928975671337255, 6.917409369753908, -15.699999899999813
-25.56072197519221, 4.185657773145312, -15.699999899999813
-25.892267278771005, 1.4016812499439508, -15.699999899999813
-25.892267283369364, -1.401681249387351, -15.699999899999813
-25.56072197525523, -4.185657772603999, -15.699999899999813
-24.92897565443882, -6.91740936512458, -15.699999899999813
-24.020709960528585, -9.570181228530235, -15.699999899999813
-22.85091999263801, -12.118470790120625, -15.699999899999813
-21.42851764211492, -14.53477930180396, -15.699999899999813
-19.756590431098083, -16.785435654491273, -15.699999899999813
-17.835692654650515, -18.827298250170262, -15.699999899999813
-15.68321605093041, -20.62364971655289, -15.699999899999813
-13.345041041971625, -22.17099477585861, -15.699999899999813
-10.859017723362452, -23.467818351161583, -15.699999899999813
-8.255237718107578, -24.508266956488438, -15.699999899999813
-5.559825577614977, -25.280726752049237, -15.699999899999813
-2.798340635126881, -25.765789333819207, -15.699999899999813
0.0, -25.935600831457975, -15.699999899999813
4.440892098500626e-16, -25.935600831457975, -15.699999899999813
2.798340633438473, -25.765789318137017, -15.699999899999813
5.559825576375734, -25.280726746514702, -15.699999899999813
8.255237717024123, -24.508266952566327, -15.699999899999813
10.859017702816654, -23.467818304901805, -15.699999899999813
13.345041009104333, -22.170994716688725, -15.699999899999813
15.683216052922583, -20.623649715497308, -15.699999899999813
17.83569265530074, -18.827298247371367, -15.699999899999813
19.756590433477506, -16.78543565332854, -15.699999899999813
21.428517661350536, -14.5347793113636, -15.699999899999813
22.85091993299349, -12.118470756752675, -15.699999899999813
24.020709960655672, -9.570181228212023, -15.699999899999813
24.928975653838062, -6.917409364575044, -15.699999899999813
25.560721959168973, -4.185657769464293, -15.699999899999813
25.892267280379006, -1.4016812492941122, -15.699999899999813
25.892267278771005, 1.4016812499439932, -15.699999899999813
25.560721978164835, 4.185657773682659, -15.699999899999813
24.928975642535626, 6.9174093603368965, -15.699999899999813
24.020709961137282, 9.570181227006909, -15.699999899999813
22.850919956143617, 12.118470768668493, -15.699999899999813
21.428517652887205, 14.534779305924857, -15.699999899999813
19.756590433477534, 16.78543565332861, -15.699999899999813
17.835692655820495, 18.82729824798396, -15.699999899999813
15.683216052060382, 20.623649714454547, -15.699999899999813
13.34504102355445, 22.170994741941264, -15.699999899999813
10.859017701824182, 23.46781830354092, -15.699999899999813
8.255237718107571, 24.50826695648846, -15.699999899999813
5.559825577614968, 25.280726752049254, -15.699999899999813
2.798340635126832, 25.765789333818947, -15.699999899999813
-4.440892098500626e-16, 25.935600831457975, -15.699999899999813
3.552713678800501e-14, 25.877865804539024, -15.799999899999813
-2.7919956381334052, 25.70806910702745, -15.799999899999813
-5.547137307636863, 25.223476078324836, -15.799999899999813
-8.236344624832284, 24.452329544527483, -15.799999899999813
-10.834230403278646, 23.414177878431364, -15.799999899999813
-13.314811381625718, 22.120599543977335, -15.799999899999813
-15.648050951503055, 20.57726310684815, -15.799999899999813
-17.79598357476007, 18.785349942554863, -15.799999899999813
-19.712396010368803, 16.747966967731156, -15.799999899999813
-21.38004852104995, 14.502020371630266, -15.799999899999813
-22.798791977332428, 12.090899724243558, -15.799999899999813
-23.96579645860839, 9.548291972776315, -15.799999899999813
-24.87226278810705, 6.901590526399112, -15.799999899999813
-25.503148480000394, 4.176134304731588, -15.799999899999813
-25.83451952007878, 1.3985127910016917, -15.799999899999813
-25.834519524524243, -1.3985127934706234, -15.799999899999813
-25.503148473483304, -4.176134306107624, -15.799999899999813
-24.872262801508015, -6.901590532797442, -15.799999899999813
-23.96579645883672, -9.548291975347588, -15.799999899999813
-22.79879197270024, -12.090899724651766, -15.799999899999813
-21.380048488560174, -14.50202035327906, -15.799999899999813
-19.712396017638223, -16.747966976819807, -15.799999899999813
-17.795983573102042, -18.78534994411279, -15.799999899999813
-15.64805095168791, -20.577263110726545, -15.799999899999813
-13.314811406302233, -22.120599588805597, -15.799999899999813
-10.834230420532764, -23.414177917049248, -15.799999899999813
-8.236344622906795, -24.452329539024046, -15.799999899999813
-5.547137310911709, -25.223476093452298, -15.799999899999813
-2.7919956397394365, -25.70806912196162, -15.799999899999813
0.0, -25.877865804539002, -15.799999899999813
8.881784197001252e-16, -25.877865804539024, -15.799999899999813
2.7919956381334337, -25.708069107027388, -15.799999899999813
5.547137307636871, -25.223476078324705, -15.799999899999813
8.236344624832316, -24.45232954452746, -15.799999899999813
10.834230403278694, -23.414177878431378, -15.799999899999813
13.314811381625745, -22.1205995439773, -15.799999899999813
15.648050951503084, -20.577263106848118, -15.799999899999813
17.79598357476011, -18.785349942554838, -15.799999899999813
19.712396010368863, -16.74796696773114, -15.799999899999813
21.380048521050128, -14.50202037163033, -15.799999899999813
22.798791977332467, -12.09089972424353, -15.799999899999813
23.96579645860842, -9.54829197277628, -15.799999899999813
24.872262788107058, -6.901590526399072, -15.799999899999813
25.503148480000394, -4.176134304731543, -15.799999899999813
25.83451952007876, -1.3985127910016486, -15.799999899999813
25.83451952452423, 1.3985127934706687, -15.799999899999813
25.50314847348328, 4.1761343061076674, -15.799999899999813
24.872262801508057, 6.901590532797509, -15.799999899999813
23.9657964588367, 9.548291975347635, -15.799999899999813
22.79879197270022, 12.090899724651816, -15.799999899999813
21.38004848856027, 14.50202035327918, -15.799999899999813
19.712396017638206, 16.747966976819857, -15.799999899999813
17.795983573102014, 18.785349944112824, -15.799999899999813
15.648050951687868, 20.577263110726573, -15.799999899999813
13.314811406302203, 22.12059958880563, -15.799999899999813
10.834230420532732, 23.414177917049283, -15.799999899999813
8.236344622906763, 24.452329539024078, -15.799999899999813
5.54713731091168, 25.22347609345233, -15.799999899999813
2.791995639739355, 25.708069121961277, -15.799999899999813
-4.440892098500626e-16, 25.877865804539024, -15.799999899999813
3.552713678800501e-14, 25.82013077762005, -15.899999899999813
-2.7856505917215317, 25.65034837764611, -15.899999899999813
-5.534448896347658, 25.16622491060247, -15.899999899999813
-8.217451471956972, 24.396392033572443, -15.899999899999813
-10.809443086240352, 23.360537374795243, -15.899999899999813
-13.284581544748043, 22.070203952637108, -15.899999899999813
-15.61288549133897, 20.530876018644456, -15.899999899999813
-17.756274435581993, 18.743401589720172, -15.899999899999813
-19.668201319399124, 16.710498038063466, -15.899999899999813
-21.331578842782342, 14.469261097729305, -15.899999899999813
-22.74666373412479, 12.063328575705144, -15.899999899999813
-23.910882943908714, 9.526402708717526, -15.899999899999813
-24.81554964073178, 6.885771575644862, -15.899999899999813
-25.445574342411053, 4.166610717696941, -15.899999899999813
-25.776771538477686, 1.3953443369099492, -15.899999899999813
-25.776771536775495, -1.3953443367684266, -15.899999899999813
-25.445574358010095, -4.166610720507839, -15.899999899999813
-24.815549640193833, -6.885771575648853, -15.899999899999813
-23.910882920114563, -9.526402699266045, -15.899999899999813
-22.74666373493262, -12.063328576052566, -15.899999899999813
-21.33157883536621, -14.469261092752607, -15.899999899999813
-19.668201319399163, -16.71049803806353, -15.899999899999813
-17.75627443705943, -18.74340159132575, -15.899999899999813
-15.612885490722288, -20.530876017865594, -15.899999899999813
-13.284581547716963, -22.07020395835348, -15.899999899999813
-10.809443082647487, -23.360537367187806, -15.899999899999813
-8.21745146992977, -24.396392027783154, -15.899999899999813
-5.534448899730249, -25.166224926229425, -15.899999899999813
-2.785650593284547, -25.650348392214088, -15.899999899999813
0.0, -25.82013077762005, -15.899999899999813
8.881784197001252e-16, -25.820130777620054, -15.899999899999813
2.7856505917235785, -25.65034837764584, -15.899999899999813
5.5344488963516705, -25.16622491060165, -15.899999899999813
8.217451471962764, -24.396392033570443, -15.899999899999813
10.809443093152854, -23.360537390170204, -15.899999899999813
13.28458155427899, -22.070203969313056, -15.899999899999813
15.612885490191937, -20.53087601679948, -15.899999899999813
17.756274436803235, -18.743401590950512, -15.899999899999813
19.66820130932872, -16.7104980295767, -15.899999899999813
21.33157885695151, -14.469261106864252, -15.899999899999813
22.746663759779477, -12.063328589396034, -15.899999899999813
23.910882943895164, -9.526402708751446, -15.899999899999813
24.81554964072226, -6.885771575678021, -15.899999899999813
25.445574342405397, -4.166610717728919, -15.899999899999813
25.776771538475803, -1.3953443369403333, -15.899999899999813
25.776771536777225, 1.395344336740062, -15.899999899999813
25.44557435801467, 4.166610720481846, -15.899999899999813
24.81554964020057, 6.885771575625435, -15.899999899999813
23.910882920122813, 9.526402699245285, -15.899999899999813
22.746663734942008, 12.063328576034559, -15.899999899999813
21.33157883537628, 14.469261092737348, -15.899999899999813
19.668201319409576, 16.710498038051043, -15.899999899999813
17.756274437069806, 18.743401591315997, -15.899999899999813
15.612885490732104, 20.530876017858336, -15.899999899999813
13.284581547725667, 22.070203958348184, -15.899999899999813
10.809443082654909, 23.36053736718441, -15.899999899999813
8.217451469935583, 24.396392027781175, -15.899999899999813
5.534448899734262, 25.166224926228512, -15.899999899999813
2.785650593286608, 25.65034839221374, -15.899999899999813
-4.440892098500626e-16, 25.820130777620054, -15.899999899999813
3.552713678800501e-14, 25.7623957507011, -15.999999899999812
-2.779305493732424, 25.59262712639465, -15.999999899999812
-5.521760339373964, 25.108973229941913, -15.999999899999812
-8.198558259776627, 24.34045442415718, -15.999999899999812
-10.784655780225998, 23.30689685706205, -15.999999899999812
-13.25435153490864, 22.01980800560874, -15.999999899999812
-15.57771966593441, 20.484488440246093, -15.999999899999812
-17.716565242250812, 18.70145319303204, -15.999999899999812
-19.624006318985796, 16.673028828839627, -15.999999899999812
-21.283108679351535, 14.43650152362615, -15.999999899999812
-22.69453534372248, 12.035757384336625, -15.999999899999812
-23.85596942484209, 9.50451343593939, -15.999999899999812
-24.758836187117474, 6.869952502122644, -15.999999899999812
-25.38799960437143, 4.157087015613026, -15.999999899999812
-25.719023328871657, 1.3921758836055358, -15.999999899999812
-25.71902332710125, -1.3921758833478632, -15.999999899999812
-25.387999619703564, -4.157087018263594, -15.999999899999812
-24.758836186582773, -6.869952502009152, -15.999999899999812
-23.855969423589347, -9.504513435206658, -15.999999899999812
-22.6945353399118, -12.035757382565118, -15.999999899999812
-21.283108648422143, -14.436501503539384, -15.999999899999812
-19.62400632864409, -16.6730288368743, -15.999999899999812
-17.716565242295182, -18.70145319299046, -15.999999899999812
-15.577719668214748, -20.484488443007734, -15.999999899999812
-13.254351527875556, -22.0198079935999, -15.999999899999812
-10.78465577680016, -23.306896849790835, -15.999999899999812
-8.198558257645288, -24.340454418075065, -15.999999899999812
-5.521760342866961, -25.108973246079714, -15.999999899999812
-2.7793054952499965, -25.592627140575615, -15.999999899999812
0.0, -25.7623957507011, -15.999999899999812
4.440892098500626e-16, -25.7623957507011, -15.999999899999812
2.7793054937345487, -25.592627126394458, -15.999999899999812
5.521760339378059, -25.10897322994084, -15.999999899999812
8.198558259782608, -24.340454424155123, -15.999999899999812
10.784655780233647, -23.306896857058526, -15.999999899999812
13.2543515349177, -22.0198080056034, -15.999999899999812
15.577719665944539, -20.484488440238568, -15.999999899999812
17.71656524226154, -18.70145319302198, -15.999999899999812
19.62400631899655, -16.673028828826723, -15.999999899999812
21.28310867936199, -14.436501523610417, -15.999999899999812
22.694535343732195, -12.035757384318034, -15.999999899999812
23.855969424850663, -9.504513435917971, -15.999999899999812
24.75883618712442, -6.869952502098458, -15.999999899999812
25.38799960437612, -4.1570870155861765, -15.999999899999812
25.719023328873448, -1.3921758835762381, -15.999999899999812
25.719023327099304, 1.3921758833792495, -15.999999899999812
25.387999619697723, 4.15708701829662, -15.999999899999812
24.758836186572932, 6.869952502043391, -15.999999899999812
23.855969401139443, 9.504513426445724, -15.999999899999812
22.694535317830162, 12.035757370392169, -15.999999899999812
21.283108657540193, 14.4365015093257, -15.999999899999812
19.62400632958708, 16.673028837708472, -15.999999899999812
17.7165652426887, 18.701453193539887, -15.999999899999812
15.5777196665463, 20.48448844136966, -15.999999899999812
13.254351528121541, 22.019807994232302, -15.999999899999812
10.78465576935348, 23.306896833243382, -15.999999899999812
8.198558257651232, 24.340454418073044, -15.999999899999812
5.521760342871042, 25.108973246078786, -15.999999899999812
2.779305495252023, 25.592627140574972, -15.999999899999812
-8.881784197001252e-16, 25.7623957507011, -15.999999899999812
3.197442310920451e-14, 25.704660723782126, -16.099999899999812
-2.772960343488464, 25.53490534925188, -16.099999899999812
-5.509071635468079, 25.05172103330535, -16.099999899999812
-8.179664987697501, 24.284516715865234, -16.099999899999812
-10.759868464241864, 23.253256278988125, -16.099999899999812
-13.224121322228555, 21.96941165071254, -16.099999899999812
-15.542553475919803, 20.43810037377851, -16.099999899999812
-17.676855990205006, 18.659504748688192, -16.099999899999812
-19.579811036455627, 16.63555936390462, -16.099999899999812
-21.234637984448927, 14.403741620627152, -16.099999899999812
-22.642406727710316, 12.008186109431074, -16.099999899999812
-23.801055903427024, 9.48262415618536, -16.099999899999812
-24.70212243362002, 6.854133308133058, -16.099999899999812
-25.33042424099038, 4.147563194593613, -16.099999899999812
-25.66127489081383, 1.3890074321108243, -16.099999899999812
-25.66127488896129, -1.3890074319171766, -16.099999899999812
-25.33042425602028, -4.147563197260946, -16.099999899999812
-24.702122433037864, -6.854133308075458, -16.099999899999812
-23.80105587977693, -9.482624146747293, -16.099999899999812
-22.64240670071813, -12.008186094927622, -16.099999899999812
-21.234637962390114, -14.403741606191254, -16.099999899999812
-19.579811047575845, -16.6355593732098, -16.099999899999812
-17.676855990803354, -18.65950474936927, -16.099999899999812
-15.542553476586185, -20.438100374985485, -16.099999899999812
-13.224121315186883, -21.969411638930726, -16.099999899999812
-10.759868452970423, -23.25325625432386, -16.099999899999812
-8.1796649854594, -24.2845167094834, -16.099999899999812
-5.509071639074155, -25.051721049966332, -16.099999899999812
-2.7729603449578457, -25.534905363024095, -16.099999899999812
0.0, -25.704660723782126, -16.099999899999812
4.440892098500626e-16, -25.70466072378213, -16.099999899999812
2.7729603434863526, -25.5349053492521, -16.099999899999812
5.509071635463906, -25.051721033306286, -16.099999899999812
8.179664987691412, -24.28451671586732, -16.099999899999812
10.759868464234051, -23.2532562789917, -16.099999899999812
13.224121322219284, -21.969411650717973, -16.099999899999812
15.542553475909427, -20.43810037378618, -16.099999899999812
17.67685599019402, -18.6595047486985, -16.099999899999812
19.579811036444625, -16.63555936391786, -16.099999899999812
21.234637984438276, -14.403741620643334, -16.099999899999812
22.642406727700383, -12.00818610945018, -16.099999899999812
23.801055903418252, -9.48262415620737, -16.099999899999812
24.70212243361287, -6.8541333081578975, -16.099999899999812
25.330424240985465, -4.147563194621183, -16.099999899999812
25.661274890811942, -1.3890074321409243, -16.099999899999812
25.661274888963277, 1.389007431884932, -16.099999899999812
25.330424256026276, 4.147563197227007, -16.099999899999812
24.702122433047986, 6.85413330804027, -16.099999899999812
23.801055902136543, 9.48262415547211, -16.099999899999812
22.64240672375468, 12.008186107620087, -16.099999899999812
21.234637953662503, 14.403741600673008, -16.099999899999812
19.57981104657708, 16.635559372342936, -16.099999899999812
17.676855990239638, 18.65950474865577, -16.099999899999812
15.542553478303962, 20.438100376688134, -16.099999899999812
13.224121315008114, 21.96941163840732, -16.099999899999812
10.759868460771068, 23.25325627166003, -16.099999899999812
8.179664985453265, 24.284516709485516, -16.099999899999812
5.509071639069941, 25.051721049967334, -16.099999899999812
2.772960344955658, 25.534905363024134, -16.099999899999812
-8.881784197001252e-16, 25.70466072378213, -16.099999899999812
3.552713678800501e-14, 25.646925696863175, -16.199999899999813
-2.7666151403771093, 25.477183042146788, -16.199999899999813
-5.496382783515747, 24.994468317598997, -16.199999899999813
-8.160771655332077, 24.228578908205236, -16.199999899999813
-10.735081137621284, 23.199615638891178, -16.199999899999813
-13.193890904624784, 21.919014883676414, -16.199999899999813
-15.507386919380274, 20.39171181635204, -16.199999899999813
-17.63714667875312, 18.6175562560603, -16.199999899999813
-19.535615470832067, 16.59808964247693, -16.199999899999813
-21.186166754675128, 14.370981386996336, -16.199999899999813
-22.5902778815179, 11.98061474893426, -16.199999899999813
-23.746142379630765, 9.460734869472123, -16.199999899999813
-24.6454083785876, 6.838313992949464, -16.199999899999813
-25.272848248022452, 4.138039253658019, -16.199999899999813
-25.603526222257273, 1.3858389824401984, -16.199999899999813
-25.603526220319452, -1.3858389823140447, -16.199999899999813
-25.272848262745867, -4.138039256344929, -16.199999899999813
-24.645408377956223, -6.838313992951003, -16.199999899999813
-23.746142356017906, -9.460734860128094, -16.199999899999813
-22.590277882479025, -11.980614749367762, -16.199999899999813
-21.186166746451907, -14.37098138149178, -16.199999899999813
-19.53561547083213, -16.598089642476967, -16.199999899999813
-17.637146680876775, -18.61755625834253, -16.199999899999813
-15.507386918366194, -20.391711815003227, -16.199999899999813
-13.193890907939343, -21.91901489009083, -16.199999899999813
-10.735081133511251, -23.199615630185477, -16.199999899999813
-8.16077165298468, -24.22857890151678, -16.199999899999813
-5.4963827872376, -24.994468334795247, -16.199999899999813
-2.7666151417955738, -25.47718305548811, -16.199999899999813
0.0, -25.646925696863175, -16.199999899999813
8.881784197001252e-16, -25.646925696863175, -16.199999899999813
2.7666151403793426, -25.477183042146528, -16.199999899999813
5.496382783520089, -24.994468317597974, -16.199999899999813
8.160771655338392, -24.22857890820307, -16.199999899999813
10.735081145191154, -23.199615655714904, -16.199999899999813
13.193890915238953, -21.919014902282374, -16.199999899999813
15.50738691764292, -20.391711813708778, -16.199999899999813
17.63714668010763, -18.61755625747647, -16.199999899999813
19.535615459172984, -16.598089632718175, -16.199999899999813
21.18616676874935, -14.370981396055635, -16.199999899999813
22.590277910597234, -11.980614764442327, -16.199999899999813
23.746142379616007, -9.460734869509094, -16.199999899999813
24.64540837857721, -6.838313992985599, -16.199999899999813
25.272848248016214, -4.138039253692849, -16.199999899999813
25.603526222255212, -1.3858389824733015, -16.199999899999813
25.60352622032136, 1.3858389822831472, -16.199999899999813
25.272848262750877, 4.1380392563166195, -16.199999899999813
24.645408377963555, 6.838313992925495, -16.199999899999813
23.746142356026827, 9.460734860105461, -16.199999899999813
22.59027788248923, 11.98061474934814, -16.199999899999813
21.186166746462877, 14.370981381475175, -16.199999899999813
19.53561547084346, 16.59808964246337, -16.199999899999813
17.637146680888062, 18.617556258331945, -16.199999899999813
15.507386918376856, 20.391711814995343, -16.199999899999813
13.193890907948967, 21.91901489008541, -16.199999899999813
10.735081133519287, 23.1996156301818, -16.199999899999813
8.160771652990956, 24.22857890151464, -16.199999899999813
5.4963827872419015, 24.99446833479426, -16.199999899999813
2.7666151417977756, 25.47718305548795, -16.199999899999813
-4.440892098500626e-16, 25.646925696863175, -16.199999899999813
3.197442310920451e-14, 25.589190669944205, -16.299999899999815
-2.7602698837905693, 25.419460200966313, -16.299999899999815
-5.483693782417257, 24.9372150796987, -16.299999899999815
-8.141878262326555, 24.17264100066999, -16.299999899999815
-10.710293815297508, 23.14597496966647, -16.299999899999815
-13.163660301978252, 21.868617738656766, -16.299999899999815
-15.472219990562776, 20.34532275920792, -16.299999899999815
-17.597437310034564, 18.57560771742573, -16.299999899999815
-19.491419596817284, 16.560619643369737, -16.299999899999815
-21.13769501474043, 14.33822083899827, -16.299999899999815
-22.53814886099186, 11.95304333291537, -16.299999899999815
-23.69122885342429, 9.438845575806484, -16.299999899999815
-24.588694020363295, 6.822494555816076, -16.299999899999815
-25.215271621191384, 4.12851519177829, -16.299999899999815
-25.545777321134107, 1.3826705345573784, -16.299999899999815
-25.545777319111867, -1.3826705344362504, -16.299999899999815
-25.215271635615895, -4.12851519442258, -16.299999899999815
-24.588694019699194, -6.822494555816492, -16.299999899999815
-23.691228829871918, -9.438845566498578, -16.299999899999815
-22.538148862008075, -11.953043333379643, -16.299999899999815
-21.137695006254038, -14.338220833321916, -16.299999899999815
-19.491419596817366, -16.56061964336978, -16.299999899999815
-17.597437312399325, -18.575607719960317, -16.299999899999815
-15.472219989411146, -20.345322757660416, -16.299999899999815
-13.163660305419262, -21.86861774532514, -16.299999899999815
-10.710293811005823, -23.14597496057506, -16.299999899999815
-8.141878259867324, -24.172640993668058, -16.299999899999815
-5.483693786257653, -24.937215097442554, -16.299999899999815
-2.7602698851552727, -25.419460213853725, -16.299999899999815
0.0, -25.5891906699442, -16.299999899999815
4.440892098500626e-16, -25.589190669944205, -16.299999899999815
2.7602698837883617, -25.419460200966643, -16.299999899999815
5.483693782412891, -24.93721507969975, -16.299999899999815
8.141878262320162, -24.17264100067218, -16.299999899999815
10.710293815289312, -23.145974969670238, -16.299999899999815
13.16366030196851, -21.86861773866247, -16.299999899999815
15.47221999055192, -20.345322759216035, -16.299999899999815
17.597437310023036, -18.57560771743656, -16.299999899999815
19.491419596805727, -16.56061964338365, -16.299999899999815
21.137695014729232, -14.33822083901526, -16.299999899999815
22.53814886098141, -11.953043332935433, -16.299999899999815
23.691228853415065, -9.438845575829605, -16.299999899999815
24.588694020355778, -6.822494555842174, -16.299999899999815
25.21527162118621, -4.128515191807261, -16.299999899999815
25.545777321132128, -1.3826705345890102, -16.299999899999815
25.545777319113952, 1.3826705344023555, -16.299999899999815
25.215271635622216, 4.1285151943869165, -16.299999899999815
24.588694019709873, 6.822494555779515, -16.299999899999815
23.691228852050983, 9.438845575151321, -16.299999899999815
22.53814888701755, 11.95304334714491, -16.299999899999815
21.13769499831161, 14.338220828342559, -16.299999899999815
19.491419595699917, 16.560619642432695, -16.299999899999815
17.597437311461675, 18.5756077188848, -16.299999899999815
15.472219991224183, 20.345322759488415, -16.299999899999815
13.163660305376826, 21.868617745022544, -16.299999899999815
10.710293819540121, 23.14597497954604, -16.299999899999815
8.1418782598609, 24.17264099367027, -16.299999899999815
5.48369378625325, 24.937215097443595, -16.299999899999815
2.760269885152999, 25.419460213853753, -16.299999899999815
-8.881784197001252e-16, 25.589190669944205, -16.299999899999815
3.197442310920451e-14, 25.53145564302525, -16.399999899999816
-2.7539245731011928, 25.361736821557237, -16.399999899999816
-5.471004631039633, 24.879961316461575, -16.399999899999816
-8.122984808291063, 24.11670299276035, -16.399999899999816
-10.685506497949538, 23.092334272583603, -16.399999899999816
-13.133429514414674, 21.818220215292616, -16.399999899999816
-15.437052684225936, 20.298933194945846, -16.399999899999816
-17.557727882195376, 18.533659130953097, -16.399999899999816
-19.447223410126824, 16.523149363051473, -16.399999899999816
-21.089222761000432, 14.305459974622147, -16.399999899999816
-22.486019668598736, 11.925471862963535, -16.399999899999816
-23.63631532237766, 9.416956273949626, -16.399999899999816
-24.53197934750559, 6.806674993120799, -16.399999899999816
-25.15769437234435, 4.118991010856931, -16.399999899999816
-25.48802818535496, 1.3795020883791251, -16.399999899999816
-25.488028188454496, -1.3795020883741158, -16.399999899999816
-25.157694367478683, -4.118991010179463, -16.399999899999816
-24.53197936244242, -6.806674997657476, -16.399999899999816
-23.63631530133697, -9.41695626579771, -16.399999899999816
-22.486019638182235, -11.92547184664822, -16.399999899999816
-21.089222727246057, -14.305459952575427, -16.399999899999816
-19.447223421743058, -16.523149372799992, -16.399999899999816
-17.557727884806212, -18.533659133762537, -16.399999899999816
-15.437052687178134, -20.298933199191563, -16.399999899999816
-13.133429506619745, -21.818220202251275, -16.399999899999816
-10.685506485449753, -23.09233424525352, -16.399999899999816
-8.122984805717453, -24.116702985438085, -16.399999899999816
-5.471004635001334, -24.879961334765305, -16.399999899999816
-2.7539245744092002, -25.361736833966855, -16.399999899999816
0.0, -25.531455643025232, -16.399999899999816
8.881784197001252e-16, -25.53145564302525, -16.399999899999816
2.7539245730981383, -25.361736821557628, -16.399999899999816
5.471004631033585, -24.879961316462904, -16.399999899999816
8.122984808282256, -24.11670299276336, -16.399999899999816
10.685506489916461, -23.092334254745694, -16.399999899999816
13.133429503033081, -21.81822019532583, -16.399999899999816
15.437052688455287, -20.29893320095384, -16.399999899999816
17.55772788217078, -18.533659130976183, -16.399999899999816
19.447223421727077, -16.523149372819084, -16.399999899999816
21.08922274638718, -14.305459965187922, -16.399999899999816
22.486019637105276, -11.92547184615904, -16.399999899999816
23.63631532239847, -9.416956273897528, -16.399999899999816
24.531979347520256, -6.806674993069879, -16.399999899999816
25.157694372353063, -4.118991010807822, -16.399999899999816
25.488028185357866, -1.3795020883324518, -16.399999899999816
25.488028188451757, 1.3795020884176807, -16.399999899999816
25.157694367471546, 4.11899101021936, -16.399999899999816
24.531979362432093, 6.806674997693441, -16.399999899999816
23.636315301324235, 9.416956265829556, -16.399999899999816
22.48601963816785, 11.92547184667588, -16.399999899999816
21.089222727230606, 14.305459952598854, -16.399999899999816
19.447223421727113, 16.52314937281918, -16.399999899999816
17.557727884790307, 18.533659133777483, -16.399999899999816
15.43705268716309, 20.298933199202686, -16.399999899999816
13.13342950660627, 21.81822020225913, -16.399999899999816
10.685506485438413, 23.09233424525873, -16.399999899999816
8.122984805708608, 24.116702985441147, -16.399999899999816
5.471004634995255, 24.879961334766733, -16.399999899999816
2.753924574406095, 25.361736833967253, -16.399999899999816
-4.440892098500626e-16, 25.53145564302525, -16.399999899999816
3.197442310920451e-14, 25.472645277118694, -16.499999899999818
-2.747466525773572, 25.30295517762442, -16.499999899999818
-5.4580938155482075, 24.821686992713683, -16.499999899999818
-8.103763899136922, 24.0597884973304, -16.499999899999818
-10.660286620301468, 23.037760787023117, -16.499999899999818
-13.102660286235775, 21.76693306072045, -16.499999899999818
-15.401242116637214, 20.2517018739989, -16.499999899999818
-17.517279055120923, 18.49093095713468, -16.499999899999818
-19.402214040006015, 16.484985891625104, -16.499999899999818
-21.039883696726257, 14.272107809230649, -16.499999899999818
-22.432979103419004, 11.897414968683485, -16.499999899999818
-23.580447369737293, 9.39468702844941, -16.499999899999818
-24.474265949161968, 6.79058062794157, -16.499999899999818
-25.099076190910424, 4.109299113210675, -16.499999899999818
-25.429208465398407, 1.376276915247351, -16.499999899999818
-25.429208468502765, -1.3762769153096852, -16.499999899999818
-25.099076185664178, -4.109299112552396, -16.499999899999818
-24.474265964235677, -6.790580632624273, -16.499999899999818
-23.580447348746233, -9.394687020425604, -16.499999899999818
-22.432979104539093, -11.897414969232214, -16.499999899999818
-21.039883677721917, -14.272107796745708, -16.499999899999818
-19.402214040006097, -16.484985891625147, -16.499999899999818
-17.517279058001552, -18.490930960209067, -16.499999899999818
-15.401242115205694, -20.251701872044947, -16.499999899999818
-13.102660289942857, -21.766933067921208, -16.499999899999818
-10.660286615638398, -23.037760777143184, -16.499999899999818
-8.103763896449992, -24.059788489691034, -16.499999899999818
-5.458093819630138, -24.82168701157186, -16.499999899999818
-2.747466527023417, -25.302955189544704, -16.499999899999818
0.0, -25.47264527711869, -16.499999899999818
0.0, -25.47264527711869, -16.499999899999818
2.7474665257704682, -25.302955177624785, -16.499999899999818
5.458093815542079, -24.82168699271507, -16.499999899999818
8.103763899127994, -24.059788497333464, -16.499999899999818
10.66028662854084, -23.03776080537736, -16.499999899999818
13.102660297972637, -21.766933081385865, -16.499999899999818
15.401242112062416, -20.251701867585627, -16.499999899999818
17.517279055106513, -18.490930957148215, -16.499999899999818
19.40221402783482, -16.484985881463594, -16.499999899999818
21.039883711390488, -14.272107818761414, -16.499999899999818
22.432979136096773, -11.897414986186282, -16.499999899999818
23.58044737213851, -9.394687029756449, -16.499999899999818
24.474265959188738, -6.790580630940197, -16.499999899999818
25.09907617495871, -4.109299110382665, -16.499999899999818
25.429208465389802, -1.3762769153851009, -16.499999899999818
25.42920846540135, 1.3762769152001244, -16.499999899999818
25.099076192933413, 4.109299113502415, -16.499999899999818
24.474265958502347, 6.790580630784485, -16.499999899999818
23.580447370750136, 9.394687028993243, -16.499999899999818
22.432979131580126, 11.897414984084206, -16.499999899999818
21.03988368134851, 14.272107799310767, -16.499999899999818
19.402214040049923, 16.48498589157239, -16.499999899999818
17.517279055173326, 18.49093095708563, -16.499999899999818
15.401242113547038, 20.25170186914015, -16.499999899999818
13.10266029003331, 21.76693306784139, -16.499999899999818
10.6602866249254, 23.03776079779972, -16.499999899999818
8.103763896441032, 24.05978848969412, -16.499999899999818
5.458093819623992, 24.82168701157331, -16.499999899999818
2.747466527020261, 25.30295518954496, -16.499999899999818
-8.881784197001252e-16, 25.472645277118712, -16.499999899999818
3.197442310920451e-14, 25.411641085043843, -16.59999989999982
-2.7407784932838193, 25.24201500049374, -16.59999989999982
-5.444730814000608, 24.761330775548107, -16.59999989999982
-8.08387478544994, 24.000881358544436, -16.59999989999982
-10.634184050417302, 22.981283848089905, -16.59999989999982
-13.070792638867205, 21.71383107283101, -16.59999989999982
-15.364119506896092, 20.202753593678374, -16.59999989999982
-17.475321826649452, 18.4466123662383, -16.59999989999982
-19.355545850436886, 16.4454084269273, -16.59999989999982
-20.988776589054474, 14.237549569594233, -16.59999989999982
-22.37807910137175, 11.868367673314925, -16.59999989999982
-23.522631649364843, 9.37164240237125, -16.59999989999982
-24.414514834675266, 6.773925586648899, -16.59999989999982
-25.03833483261249, 4.099265106267033, -16.59999989999982
-25.3682048412596, 1.3729359893696271, -16.59999989999982
-25.368204841264955, -1.372935989284177, -16.59999989999982
-25.038334850461144, -4.099265109467285, -16.59999989999982
-24.414514833931065, -6.773925586578461, -16.59999989999982
-23.52263162602299, -9.37164239310812, -16.59999989999982
-22.378079068695836, -11.868367655806008, -16.59999989999982
-20.988776555453214, -14.237549547664987, -16.59999989999982
-19.355545863114674, -16.445408437527547, -16.59999989999982
-17.47532182979311, -18.446612369577828, -16.59999989999982
-15.364119510193909, -20.2027535983658, -16.59999989999982
-13.070792630589205, -21.713831058982112, -16.59999989999982
-10.634184037108438, -22.981283819003647, -16.59999989999982
-8.083874782654696, -24.000881350602263, -16.59999989999982
-5.444730818197345, -24.761330794935244, -16.59999989999982
-2.740778494475907, -25.242015011928647, -16.59999989999982
0.0, -25.411641085043843, -16.59999989999982
4.440892098500626e-16, -25.411641085043843, -16.59999989999982
2.7407784932806827, -25.242015000494096, -16.59999989999982
5.44473081399442, -24.76133077554952, -16.59999989999982
8.083874785440921, -24.00088135854754, -16.59999989999982
10.634184041937244, -22.98128382926537, -16.59999989999982
13.070792626738049, -21.713831051529443, -16.59999989999982
15.364119511743713, -20.202753600526282, -16.59999989999982
17.47532182663821, -18.44661236624884, -16.59999989999982
19.3555458630983, -16.44540843754713, -16.59999989999982
20.98877657429133, -14.237549560071175, -16.59999989999982
22.378079067505304, -11.868367655254655, -16.59999989999982
23.52263164691828, -9.37164240112104, -16.59999989999982
24.41451482436642, -6.773925583646766, -16.59999989999982
25.038334848331104, -4.099265109147522, -16.59999989999982
25.368204841262155, -1.3729359893287163, -16.59999989999982
25.368204844377413, 1.3729359892760842, -16.59999989999982
25.038334842740714, 4.099265108329178, -16.59999989999982
24.41451483961942, 6.773925588296849, -16.59999989999982
23.522631647937178, 9.371642401640354, -16.59999989999982
22.378079096696855, 11.868367671179527, -16.59999989999982
20.988776559195806, 14.237549550314352, -16.59999989999982
19.355545863153047, 16.445408437481348, -16.59999989999982
17.475321826700682, 18.446612366190315, -16.59999989999982
15.364119508409285, 20.202753595288755, -16.59999989999982
13.070792630743679, 21.713831059006047, -16.59999989999982
10.634184046754854, 22.981283840461536, -16.59999989999982
8.083874782645625, 24.00088135060541, -16.59999989999982
5.444730818191104, 24.761330794936722, -16.59999989999982
2.740778494472712, 25.242015011929052, -16.59999989999982
-8.881784197001252e-16, 25.411641085043843, -16.59999989999982
3.197442310920451e-14, 25.348374744814375, -16.69999989999982
-2.733853244459842, 25.178848916546947, -16.69999989999982
-5.430901359710263, 24.698827263188956, -16.69999989999982
-8.063296318906358, 23.93991860386104, -16.69999989999982
-10.607170858389004, 22.922843181996495, -16.69999989999982
-13.037792009753932, 21.658857035693273, -16.69999989999982
-15.325643903171153, 20.152034668739155, -16.69999989999982
-17.431809227744086, 18.400653811530024, -16.69999989999982
-19.307167126008437, 16.404372942591632, -16.69999989999982
-20.93584590523158, 14.201747450850386, -16.69999989999982
-22.321260837662322, 11.838298689876858, -16.69999989999982
-23.462806522382497, 9.347797850731395, -16.69999989999982
-24.352661752436873, 6.75669213949967, -16.69999989999982
-24.975403865309893, 4.088878223734062, -16.69999989999982
-25.304949267401046, 1.3694756727070718, -16.69999989999982
-25.304949267405906, -1.3694756726295805, -16.69999989999982
-24.97540388305198, -4.088878226924914, -16.69999989999982
-24.352661751660737, -6.756692139426474, -16.69999989999982
-23.462806499105433, -9.34779784150397, -16.69999989999982
-22.321260803940277, -11.838298671815926, -16.69999989999982
-20.93584587172408, -14.201747428990677, -16.69999989999982
-19.307167139189104, -16.404372953595264, -16.69999989999982
-17.43180923114683, -18.40065381512796, -16.69999989999982
-15.325643906631493, -20.15203467363415, -16.69999989999982
-13.037792001255873, -21.658857021476678, -16.69999989999982
-10.60717084470631, -22.922843152098935, -16.69999989999982
-8.063296316008293, -23.939918595631838, -16.69999989999982
-5.430901364015725, -24.698827283076938, -16.69999989999982
-2.733853245594976, -25.17884892750432, -16.69999989999982
0.0, -25.348374744814375, -16.69999989999982
0.0, -25.348374744814375, -16.69999989999982
2.7338532444598758, -25.17884891654697, -16.69999989999982
5.430901359710279, -24.698827263188882, -16.69999989999982
8.063296318906385, -23.939918603861024, -16.69999989999982
10.607170858389063, -22.922843181996548, -16.69999989999982
13.037792009753954, -21.658857035693256, -16.69999989999982
15.325643903171168, -20.152034668739127, -16.69999989999982
17.431809227744107, -18.400653811530002, -16.69999989999982
19.307167126008444, -16.4043729425916, -16.69999989999982
20.93584590523153, -14.201747450850318, -16.69999989999982
22.321260837662333, -11.838298689876828, -16.69999989999982
23.462806522382493, -9.347797850731363, -16.69999989999982
24.352661752436862, -6.756692139499635, -16.69999989999982
24.97540386530992, -4.088878223734038, -16.69999989999982
25.304949267401035, -1.369475672707043, -16.69999989999982
25.304949267405885, 1.3694756726296067, -16.69999989999982
24.975403883051957, 4.088878226924939, -16.69999989999982
24.35266175166072, 6.756692139426502, -16.69999989999982
23.462806499105373, 9.347797841503981, -16.69999989999982
22.321260803940277, 11.83829867181596, -16.69999989999982
20.935845871724055, 14.201747428990693, -16.69999989999982
19.30716713918907, 16.40437295359527, -16.69999989999982
17.431809231146772, 18.400653815127956, -16.69999989999982
15.325643906631427, 20.15203467363412, -16.69999989999982
13.037792001255925, 21.65885702147684, -16.69999989999982
10.607170844706275, 22.92284315209896, -16.69999989999982
8.06329631600826, 23.93991859563187, -16.69999989999982
5.430901364015689, 24.698827283076962, -16.69999989999982
2.7338532455949247, 25.178848927504223, -16.69999989999982
-8.881784197001252e-16, 25.348374744814375, -16.69999989999982
3.197442310920451e-14, 25.28277272188706, -16.799999899999822
-2.726682995621994, 25.11338440312121, -16.799999899999822
-5.416590094882271, 24.6341060542812, -16.799999899999822
-8.042005739491236, 23.876832462525286, -16.799999899999822
-10.579217022937735, 22.862374003486114, -16.799999899999822
-13.003621245062224, 21.601949447418384, -16.799999899999822
-15.28577120367853, 20.09948728268066, -16.799999899999822
-17.38669070494225, 18.35300196543041, -16.799999899999822
-19.257022149471325, 16.361832005846036, -16.799999899999822
-20.881031925774273, 14.164660796438143, -16.799999899999822
-22.26246113128997, 11.807174415296844, -16.799999899999822
-23.400905669403013, 9.3231269657677, -16.799999899999822
-24.2886375754335, 6.738861211517248, -16.799999899999822
-24.910211727768047, 4.078126867009364, -16.799999899999822
-25.239368503029343, 1.3658920500517087, -16.799999899999822
-25.239368503033262, -1.3658920499892977, -16.799999899999822
-24.9102117454057, -4.078126870198277, -16.799999899999822
-24.288637574538498, -6.738861211419865, -16.799999899999822
-23.40090564688259, -9.323126956747219, -16.799999899999822
-22.262461103310393, -11.807174400381617, -16.799999899999822
-20.881031905677844, -14.164660783314272, -16.799999899999822
-19.257022163216615, -16.36183201713176, -16.799999899999822
-17.386690708693195, -18.353001969187968, -16.799999899999822
-15.285771207400217, -20.099487287693346, -16.799999899999822
-13.003621239039287, -21.601949437566493, -16.799999899999822
-10.579217002918037, -22.862373959550588, -16.799999899999822
-8.042005733927168, -23.876832446088898, -16.799999899999822
-5.416590099485097, -24.63410607549819, -16.799999899999822
-2.72668299670153, -25.11338441361275, -16.799999899999822
0.0, -25.28277272188706, -16.799999899999822
0.0, -25.28277272188706, -16.799999899999822
2.726682995614506, -25.113384403122105, -16.799999899999822
5.416590094867546, -24.6341060542846, -16.799999899999822
8.042005739469781, -23.876832462532654, -16.799999899999822
10.579217011861239, -22.86237397909511, -16.799999899999822
13.003621232918874, -21.601949426184746, -16.799999899999822
15.285771209177328, -20.09948729023381, -16.799999899999822
17.386690705018083, -18.353001965359265, -16.799999899999822
19.25702216317787, -16.36183201717828, -16.799999899999822
20.8810319140967, -14.164660788858992, -16.799999899999822
22.262461098202024, -11.807174397677146, -16.799999899999822
23.400905659273448, -9.323126961430075, -16.799999899999822
24.288637562619982, -6.738861207750685, -16.799999899999822
24.91021174974037, -4.078126871083783, -16.799999899999822
25.239368503026615, -1.3658920500950238, -16.799999899999822
25.23936850614664, 1.3658920498638842, -16.799999899999822
24.91021173679716, 4.078126868813617, -16.799999899999822
24.28863758784047, 6.738861215298424, -16.799999899999822
23.400905669487525, 9.323126965571209, -16.799999899999822
22.2624611241475, 11.807174411885846, -16.799999899999822
20.88103189949757, 14.164660779458364, -16.799999899999822
19.257022163217897, 16.361832017130187, -16.799999899999822
17.386690705063792, 18.353001965316512, -16.799999899999822
15.285771205347821, 20.099487284307873, -16.799999899999822
13.00362123736281, 21.601949434478552, -16.799999899999822
10.579217014398893, 22.862373985244787, -16.799999899999822
8.04200573390573, 23.87683244609628, -16.799999899999822
5.41659009947041, 24.634106075501656, -16.799999899999822
2.7266829966939854, 25.11338441361301, -16.799999899999822
-8.881784197001252e-16, 25.28277272188706, -16.799999899999822
3.197442310920451e-14, 25.214755704305308, -16.899999899999823
-2.7192593505673703, 25.045543230542467, -16.899999899999823
-5.401780452899315, 24.56709120951504, -16.899999899999823
-8.019978488958316, 23.81154981230287, -16.899999899999823
-10.550290129115425, 22.799806359580387, -16.899999899999823
-12.968240245139558, 21.543041926711947, -16.899999899999823
-15.244453846135801, 20.045049082649218, -16.899999899999823
-17.339911732162513, 18.30359930958428, -16.899999899999823
-19.20505084833237, 16.31773447532643, -16.899999899999823
-20.82427021206563, 14.126245738317335, -16.899999899999823
-22.201611772925585, 11.774958573136278, -16.899999899999823
-23.336857511842776, 9.29760124481326, -16.899999899999823
-24.222367728997668, 6.720412223423938, -16.899999899999823
-24.842681242543843, 4.066998527120627, -16.899999899999823
-25.17138354914158, 1.3621808984866424, -16.899999899999823
-25.171383549145045, -1.362180898431496, -16.899999899999823
-24.84268126008173, -4.066998530300301, -16.899999899999823
-24.22236772806999, -6.72041222332279, -16.899999899999823
-23.33685751187882, -9.297601244753546, -16.899999899999823
-22.201611799576867, -11.774958587730037, -16.899999899999823
-20.824270197698542, -14.126245729078715, -16.899999899999823
-19.205050848367755, -16.317734475283952, -16.899999899999823
-17.3399117322029, -18.303599309546513, -16.899999899999823
-15.244453842079967, -20.045049076402837, -16.899999899999823
-12.968240249752377, -21.54304193532116, -16.899999899999823
-10.550290131724525, -22.799806365904978, -16.899999899999823
-8.019978483229947, -23.81154979538998, -16.899999899999823
-5.401780457601717, -24.567091231187845, -16.899999899999823
-2.719259351593206, -25.045543240584, -16.899999899999823
0.0, -25.214755704305304, -16.899999899999823
0.0, -25.214755704305308, -16.899999899999823
2.7192593505749274, -25.04554323054153, -16.899999899999823
5.401780452914077, -24.567091209511425, -16.899999899999823
8.019978488979856, -23.811549812295464, -16.899999899999823
10.550290140270437, -22.799806384145256, -16.899999899999823
12.968240257566547, -21.54304194845334, -16.899999899999823
15.244453840378537, -20.045049074743922, -16.899999899999823
17.339911732081156, -18.30359930966057, -16.899999899999823
19.205050834173285, -16.317734463631325, -16.899999899999823
20.82427022377576, -14.126245745914371, -16.899999899999823
22.20161180689403, -11.774958591217962, -16.899999899999823
23.3368575117921, -9.29760124493998, -16.899999899999823
24.222367728961878, -6.720412223547758, -16.899999899999823
24.84268124252248, -4.066998527240034, -16.899999899999823
25.17138354913442, -1.362180898600133, -16.899999899999823
25.1713835491517, 1.362180898325579, -16.899999899999823
24.842681260099056, 4.066998530203295, -16.899999899999823
24.22236772809522, 6.720412223235401, -16.899999899999823
23.336857511909773, 9.297601244676134, -16.899999899999823
22.20161179961181, 11.774958587662779, -16.899999899999823
20.82427019773602, 14.126245729021726, -16.899999899999823
19.205050848406454, 16.317734475237295, -16.899999899999823
17.339911732241582, 18.303599309510222, -16.899999899999823
15.244453842116522, 20.045049076375825, -16.899999899999823
12.968240249785048, 21.54304193530202, -16.899999899999823
10.550290131752053, 22.799806365892376, -16.899999899999823
8.019978483251421, 23.811549795382625, -16.899999899999823
5.401780457616445, 24.56709123118442, -16.899999899999823
2.7192593516006913, 25.045543240583086, -16.899999899999823
-4.440892098500626e-16, 25.214755704305308, -16.899999899999823
3.197442310920451e-14, 25.144237955813086, -16.999999899999825
-2.7115732321540076, 24.97524082307683, -16.999999899999825
-5.386454522081048, 24.49770062588, -16.999999899999825
-7.997188027425378, 23.7439916301205, -16.999999899999825
-10.520355185227702, 22.73506473753333, -16.999999899999825
-12.931605694555659, 21.482062770141937, -16.999999899999825
-15.201640391558332, 19.988652632301335, -16.999999899999825
-17.291413365489618, 18.252383666006136, -16.999999899999825
-19.15118823589802, 16.272025026729146, -16.999999899999825
-20.76549112257059, 14.086454865773915, -16.999999899999825
-22.13863911867033, 11.741611996596923, -16.999999899999825
-23.27058470860914, 9.271189890536114, -16.999999899999825
-24.153771578268273, 6.70132292287783, -16.999999899999825
-24.772728991156875, 4.0554796838091045, -16.999999899999825
-25.10090900377422, 1.3583376530473024, -16.999999899999825
-25.100909006861798, -1.35833765299387, -16.999999899999825
-24.772728977276593, -4.055479681583231, -16.999999899999825
-24.15377160372622, -6.701322930740632, -16.999999899999825
-23.270584696271605, -9.271189885981107, -16.999999899999825
-22.138639123965632, -11.741611999485507, -16.999999899999825
-20.765491114483314, -14.086454860530226, -16.999999899999825
-19.151188235898072, -16.27202502672921, -16.999999899999825
-17.291413369584195, -18.252383670350007, -16.999999899999825
-15.201640389525645, -19.98865262946471, -16.999999899999825
-12.931605700846116, -21.482062781951534, -16.999999899999825
-10.520355175767598, -22.735064716933962, -16.999999899999825
-7.9971880215457345, -23.743991612769314, -16.999999899999825
-5.386454526874814, -24.49770064797088, -16.999999899999825
-2.7115732331284543, -24.975240832688254, -16.999999899999825
0.0, -25.14423795581308, -16.999999899999825
0.0, -25.144237955813082, -16.999999899999825
2.7115732321389694, -24.975240823078703, -16.999999899999825
5.386454522051497, -24.49770062588685, -16.999999899999825
7.997188027382329, -23.743991630135298, -16.999999899999825
10.520355185172505, -22.735064737558606, -16.999999899999825
12.931605694490152, -21.482062770180253, -16.999999899999825
15.20164039148506, -19.988652632355432, -16.999999899999825
17.291413365412097, -18.252383666078803, -16.999999899999825
19.151188235820456, -16.272025026822586, -16.999999899999825
20.76549112249552, -14.086454865888063, -16.999999899999825
22.138639118600306, -11.741611996731615, -16.999999899999825
23.270584718672307, -9.271189894879365, -16.999999899999825
24.15377159153121, -6.701322926828952, -16.999999899999825
24.77272896929439, -4.055479679812369, -16.999999899999825
25.100909003771644, -1.3583376530880393, -16.999999899999825
25.100909003774696, 1.3583376530397935, -16.999999899999825
24.772728986735807, 4.055479682982869, -16.999999899999825
24.153771590572564, 6.701322926724201, -16.999999899999825
23.27058471871021, 9.271189894829273, -16.999999899999825
22.138639145900193, 11.741612011679225, -16.999999899999825
20.765491108347568, 14.086454856802268, -16.999999899999825
19.15118823585143, 16.272025026785425, -16.999999899999825
17.29141336544746, 18.25238366604577, -16.999999899999825
15.20164038721751, 19.988652625809426, -16.999999899999825
12.931605699259869, 21.482062779082636, -16.999999899999825
10.52035518784693, 22.735064744043516, -16.999999899999825
7.9971880215026525, 23.743991612784136, -16.999999899999825
5.386454526845244, 24.497700647977826, -16.999999899999825
2.711573233113355, 24.975240832689913, -16.999999899999825
-4.440892098500626e-16, 25.144237955813082, -16.999999899999825
3.197442310920451e-14, 25.071126571846808, -17.099999899999826
-2.703614803136437, 24.90238552397657, -17.099999899999826
-5.370592890145883, 24.42584532638553, -17.099999899999826
-7.9736055910319665, 23.674072274020627, -17.099999899999826
-10.489374243795943, 22.668067244770658, -17.099999899999826
-12.893670626666477, 21.418934227310846, -17.099999899999826
-15.1572751045623, 19.930224863797054, -17.099999899999826
-17.241131731537827, 18.199287657434724, -17.099999899999826
-19.095363915165922, 16.224643729802946, -17.099999899999826
-20.704619160662197, 14.045236784382746, -17.099999899999826
-22.07346329458241, 11.707092207257153, -17.099999899999826
-23.202003475459247, 9.243859541061255, -17.099999899999826
-24.082761793899827, 6.681569210470213, -17.099999899999826
-24.700264479377662, 4.043555667750333, -17.099999899999826
-25.027852320439354, 1.3543573673229345, -17.099999899999826
-25.027852320455242, -1.3543573670714388, -17.099999899999826
-24.700264496762795, -4.0435556707047695, -17.099999899999826
-24.08276179297056, -6.681569210160169, -17.099999899999826
-23.20200347557676, -9.243859540824973, -17.099999899999826
-22.07346328698572, -11.70709220357465, -17.099999899999826
-20.70461913500541, -14.045236767776792, -17.099999899999826
-19.095363930193805, -16.224643742075468, -17.099999899999826
-17.24113173169106, -18.199287657291176, -17.099999899999826
-15.157275106344999, -19.930224865486, -17.099999899999826
-12.89367061868974, -21.418934213832024, -17.099999899999826
-10.4893742352726, -22.668067226535683, -17.099999899999826
-7.9736055850151, -23.674072256272037, -17.099999899999826
-5.370592895022196, -24.425845348853652, -17.099999899999826
-2.7036148040624015, -24.902385533181743, -17.099999899999826
0.0, -25.071126571846808, -17.099999899999826
0.0, -25.071126571846808, -17.099999899999826
2.7036148031364724, -24.902385523976587, -17.099999899999826
5.37059289014587, -24.42584532638534, -17.099999899999826
7.973605591031993, -23.674072274020617, -17.099999899999826
10.48937424379593, -22.668067244770565, -17.099999899999826
12.89367062666648, -21.4189342273108, -17.099999899999826
15.157275104562313, -19.930224863797026, -17.099999899999826
17.241131731537834, -18.19928765743469, -17.099999899999826
19.095363915165887, -16.22464372980288, -17.099999899999826
20.70461916066225, -14.045236784382748, -17.099999899999826
22.073463294582403, -11.707092207257114, -17.099999899999826
23.20200347545925, -9.243859541061221, -17.099999899999826
24.082761793899813, -6.681569210470174, -17.099999899999826
24.700264479377637, -4.04355566775029, -17.099999899999826
25.027852320439347, -1.3543573673229, -17.099999899999826
25.027852320455217, 1.3543573670714668, -17.099999899999826
24.700264496762777, 4.043555670704798, -17.099999899999826
24.08276179297055, 6.681569210160199, -17.099999899999826
23.202003475576735, 9.243859540824998, -17.099999899999826
22.0734632869857, 11.707092203574684, -17.099999899999826
20.704619135005373, 14.04523676777681, -17.099999899999826
19.095363930193763, 16.224643742075486, -17.099999899999826
17.241131731691006, 18.199287657291187, -17.099999899999826
15.157275106344946, 19.930224865486014, -17.099999899999826
12.893670618689672, 21.418934213832014, -17.099999899999826
10.489374235272528, 22.668067226535666, -17.099999899999826
7.973605585015056, 23.674072256272066, -17.099999899999826
5.370592895022147, 24.425845348853684, -17.099999899999826
2.7036148040623478, 24.90238553318168, -17.099999899999826
-4.440892098500626e-16, 25.071126571846808, -17.099999899999826
-4.440892098500626e-16, 24.995320619910295, -17.199999899999828
2.695373376067078, 24.826877755063748, -17.199999899999828
5.354174469325993, 24.35142865720145, -17.199999899999828
7.949199922571339, 23.601698679296664, -17.199999899999828
10.457306046299754, 22.59872484060184, -17.199999899999828
12.85438397793689, 21.353571760170915, -17.199999899999828
15.111297441907945, 19.86968640496789, -17.199999899999828
17.188997437437358, 18.144238082766755, -17.199999899999828
19.037501447330836, 16.17552550814036, -17.199999899999828
20.641572246808433, 14.002535619643108, -17.199999899999828
22.00599743871841, 11.671353010285886, -17.199999899999828
23.131022723060145, 9.215573922750798, -17.199999899999828
24.009243422022166, 6.661124879943694, -17.199999899999828
24.62518952486979, 4.0312105655186725, -17.199999899999828
24.952112954466735, 1.3502346664170146, -17.199999899999828
24.952112951381615, -1.3502346669258112, -17.199999899999828
24.62518951484114, -4.031210563924104, -17.199999899999828
24.009243396226825, -6.661124872416468, -17.199999899999828
23.131022712875367, -9.215573918815338, -17.199999899999828
22.005997446447505, -11.67135301402632, -17.199999899999828
20.641572272279188, -14.002535636116843, -17.199999899999828
19.037501431957015, -16.175525495583308, -17.199999899999828
17.18899743728426, -18.144238082910167, -17.199999899999828
15.11129744010455, -19.86968640325922, -17.199999899999828
12.854383985993367, -21.35357177378317, -17.199999899999828
10.45730605482079, -22.598724858819143, -17.199999899999828
7.949199928710542, -23.601698697398998, -17.199999899999828
5.354174464376577, -24.35142863439907, -17.199999899999828
2.6953733751863242, -24.82687774623678, -17.199999899999828
4.440892098500626e-16, -24.995320619910295, -17.199999899999828
0.0, -24.995320619910277, -17.199999899999828
-2.6953733760599317, -24.826877755064626, -17.199999899999828
-5.354174469311937, -24.35142865720472, -17.199999899999828
-7.94919992255085, -23.601698679303706, -17.199999899999828
-10.457306046273514, -22.598724840613936, -17.199999899999828
-12.854383977905748, -21.353571760189226, -17.199999899999828
-15.111297441873061, -19.869686404993644, -17.199999899999828
-17.18899743740046, -18.144238082801387, -17.199999899999828
-19.037501447293916, -16.175525508184887, -17.199999899999828
-20.641572246772686, -14.002535619697491, -17.199999899999828
-22.005997438685093, -11.671353010350074, -17.199999899999828
-23.131022723030615, -9.215573922824666, -17.199999899999828
-24.009243421997997, -6.661124880027052, -17.199999899999828
-24.625189524853226, -4.031210565611224, -17.199999899999828
-24.952112954460365, -1.3502346665180667, -17.199999899999828
-24.952112951388468, 1.3502346668175405, -17.199999899999828
-24.625189514861585, 4.031210563810199, -17.199999899999828
-24.009243396261017, 6.661124872298356, -17.199999899999828
-23.131022712923773, 9.215573918694474, -17.199999899999828
-22.00599741027565, 11.671352994797532, -17.199999899999828
-20.64157226052375, 14.002535628507554, -17.199999899999828
-19.037501447270696, 16.175525508212747, -17.199999899999828
-17.188997437373935, 18.14423808282614, -17.199999899999828
-15.111297446513493, 19.86968641206727, -17.199999899999828
-12.854383972862793, 21.353571750776574, -17.199999899999828
-10.457306043487813, 22.598724833855865, -17.199999899999828
-7.949199928689991, 23.601698697406068, -17.199999899999828
-5.354174464362504, 24.35142863440258, -17.199999899999828
-2.6953733751791096, 24.82687774623765, -17.199999899999828
3.197442310920451e-14, 24.9953206199103, -17.199999899999828
3.197442310920451e-14, 24.916710141517484, -17.29999989999983
-2.6868373028549573, 24.748608986619335, -17.29999989999983
-5.337176262243237, 24.274345216134538, -17.29999989999983
-7.923936992239645, 23.52676952793983, -17.29999989999983
-10.424105702077611, 22.526940646081666, -17.29999989999983
-12.813690173518648, 21.285883364810186, -17.29999989999983
-15.063641418346428, 19.806950751371488, -17.29999989999983
-17.13493488247324, 18.087155195034182, -17.29999989999983
-18.977517457574987, 16.124599384104958, -17.29999989999983
-20.57626107940624, 13.958290578179293, -17.29999989999983
-21.93614702074311, 11.63434413299672, -17.29999989999983
-23.057543255241686, 9.186293536653238, -17.29999989999983
-23.933113016030063, 6.639961380809933, -17.29999989999983
-24.547397029572185, 4.018427015744155, -17.29999989999983
-24.873581352776846, 1.3459636967967907, -17.29999989999983
-24.87358135276556, -1.3459636969750108, -17.29999989999983
-24.5473970467057, -4.018427019092326, -17.29999989999983
-23.933113014934097, -6.639961380896551, -17.29999989999983
-23.057543233003727, -9.186293528009271, -17.29999989999983
-21.93614702629876, -11.634344136010384, -17.29999989999983
-20.576261058023185, -13.958290564047099, -17.29999989999983
-18.977517457575043, -16.124599384105014, -17.29999989999983
-17.134934887138144, -18.087155199974017, -17.29999989999983
-15.063641416051778, -19.80695074814594, -17.29999989999983
-12.813690180046006, -21.285883377097875, -17.29999989999983
-10.424105692048343, -22.526940624240755, -17.29999989999983
-7.923936985994111, -23.526769509530034, -17.29999989999983
-5.337176267255764, -24.2743452392248, -17.29999989999983
-2.6868373036944764, -24.74860899510023, -17.29999989999983
0.0, -24.916710141517484, -17.29999989999983
0.0, -24.916710141517484, -17.29999989999983
2.6868373028549923, -24.748608986619377, -17.29999989999983
5.337176262243266, -24.274345216134517, -17.29999989999983
7.923936992239669, -23.526769527939816, -17.29999989999983
10.424105713423634, -22.52694067114448, -17.29999989999983
12.813690186798826, -21.285883388159835, -17.29999989999983
15.063641411727835, -19.806950742350466, -17.29999989999983
17.13493488234298, -18.087155195156267, -17.29999989999983
18.977517441916394, -16.124599371273654, -17.29999989999983
20.576261091123232, -13.958290585838698, -17.29999989999983
21.936147057450082, -11.634344152587051, -17.29999989999983
23.05754325516386, -9.18629353684778, -17.29999989999983
23.933113015971816, -6.639961381011206, -17.29999989999983
24.54739702953519, -4.018427015950389, -17.29999989999983
24.873581352763598, -1.3459636970058948, -17.29999989999983
24.87358135277879, 1.345963696765904, -17.29999989999983
24.547397046742674, 4.018427018886087, -17.29999989999983
23.933113014992337, 6.639961380695284, -17.29999989999983
23.057543255283846, 9.186293536627113, -17.29999989999983
21.936147049605452, 11.634344148796185, -17.29999989999983
20.576261065831233, 13.958290569491167, -17.29999989999983
18.977517457594807, 16.12459938408115, -17.29999989999983
17.13493488249589, 18.087155195013032, -17.29999989999983
15.06364141354829, 19.806950744075085, -17.29999989999983
12.813690178675364, 21.285883374435485, -17.29999989999983
10.424105704908417, 22.52694065295091, -17.29999989999983
7.923936985994104, 23.526769509530048, -17.29999989999983
5.33717626725576, 24.27434523922482, -17.29999989999983
2.6868373036945186, 24.74860899510058, -17.29999989999983
-8.881784197001252e-16, 24.916710141517484, -17.29999989999983
3.197442310920451e-14, 24.835174987358414, -17.39999989999983
-2.6779938601157642, 24.66746067485646, -17.39999989999983
-5.319573167617662, 24.194479962939887, -17.39999989999983
-7.897779575348454, 23.449173992279174, -17.39999989999983
-10.389724127717457, 22.452608734634694, -17.39999989999983
-12.771528459513924, 21.215768462095816, -17.39999989999983
-15.01423492336008, 19.741923362532344, -17.39999989999983
-17.07886145919757, 18.027951854509983, -17.39999989999983
-18.91532090239387, 16.07178784874014, -17.39999989999983
-20.508587932240136, 13.912435136623646, -17.39999989999983
-21.863808768674772, 11.596010656514949, -17.39999989999983
-22.981456657906577, 9.155975210937852, -17.39999989999983
-23.854257580306754, 6.618047527596305, -17.39999989999983
-24.466770020917778, 4.005186057836379, -17.39999989999983
-24.792137823655533, 1.3415380602455764, -17.39999989999983
-24.79213782669315, -1.3415380599167084, -17.39999989999983
-24.466770030841452, -4.005186059621783, -17.39999989999983
-23.85425760617236, -6.618047535373301, -17.39999989999983
-22.98145666795181, -9.155975215055001, -17.39999989999983
-21.86380879791687, -11.596010672521329, -17.39999989999983
-20.508587918825437, -13.912435128046098, -17.39999989999983
-18.91532090241077, -16.071787848719886, -17.39999989999983
-17.078861459216874, -18.027951854491995, -17.39999989999983
-15.014234918425917, -19.741923355043934, -17.39999989999983
-12.771528464767712, -21.215768471902475, -17.39999989999983
-10.389724130586025, -22.452608741597032, -17.39999989999983
-7.897779569013401, -23.449173973610982, -17.39999989999983
-5.319573172682558, -24.194479986269094, -17.39999989999983
-2.677993860918332, -24.667460683027237, -17.39999989999983
0.0, -24.83517498735841, -17.39999989999983
0.0, -24.83517498735841, -17.39999989999983
2.6779938601301123, -24.66746067485469, -17.39999989999983
5.319573167645742, -24.194479962933134, -17.39999989999983
7.897779575389394, -23.449173992265074, -17.39999989999983
10.389724139144214, -22.452608759736425, -17.39999989999983
12.771528473007223, -21.21576848568034, -17.39999989999983
15.014234916661696, -19.741923353255586, -17.39999989999983
17.078861459137865, -18.027951854565888, -17.39999989999983
18.915320886546343, -16.071787835610042, -17.39999989999983
20.508587944018206, -13.912435144165592, -17.39999989999983
21.863808805925274, -11.596010676226458, -17.39999989999983
22.981456657887914, -9.155975210984746, -17.39999989999983
23.854257580296693, -6.618047527630918, -17.39999989999983
24.466770020913934, -4.005186057857653, -17.39999989999983
24.79213782365507, -1.341538060252755, -17.39999989999983
24.79213782669268, 1.3415380599239202, -17.39999989999983
24.466770030837605, 4.005186059643094, -17.39999989999983
23.8542576061624, 6.61804753540798, -17.39999989999983
22.981456645806684, 9.155975206319425, -17.39999989999983
21.863808774358567, 11.596010659432832, -17.39999989999983
20.508587910893013, 13.912435122362089, -17.39999989999983
18.915320902467556, 16.071787848651333, -17.39999989999983
17.078861464085357, 18.0279518595366, -17.39999989999983
15.014234921068427, 19.741923359155937, -17.39999989999983
12.771528466160666, 21.215768474462873, -17.39999989999983
10.389724117601256, 22.45260871246567, -17.39999989999983
7.897779569054352, 23.449173973596917, -17.39999989999983
5.31957317271068, 24.194479986262515, -17.39999989999983
2.677993860932706, 24.667460683025645, -17.39999989999983
-4.440892098500626e-16, 24.835174987358418, -17.39999989999983
3.197442310920451e-14, 24.75058345020517, -17.499999899999832
-2.668829095237417, 24.583302823029744, -17.499999899999832
-5.301337644195082, 24.11170667954889, -17.499999899999832
-7.870686889482216, 23.368790654097662, -17.499999899999832
-10.354107516093887, 22.37561298224162, -17.499999899999832
-12.727832224401917, 21.143116770679395, -17.499999899999832
-14.962998914479474, 19.674500613333095, -17.499999899999832
-17.02068661203634, 17.966532538307245, -17.499999899999832
-18.850811956958697, 16.01700591832678, -17.499999899999832
-20.438445736914336, 13.864896411091724, -17.499999899999832
-21.788869384509155, 11.556292329850498, -17.499999899999832
-22.902644123106704, 9.124571636201011, -17.499999899999832
-23.772553244519358, 6.595349131418574, -17.499999899999832
-24.38318024346908, 3.9914668993642497, -17.499999899999832
-24.70765114345954, 1.3369507434704115, -17.499999899999832
-24.70765114346096, -1.3369507434480277, -17.499999899999832
-24.383180260473114, -3.99146690248579, -17.499999899999832
-23.772553243444154, -6.595349131298934, -17.499999899999832
-22.902644123150658, -9.124571636186428, -17.499999899999832
-21.788869414053742, -11.55629234602165, -17.499999899999832
-20.43844572364336, -13.86489640261288, -17.499999899999832
-18.850811956973097, -16.01700591830954, -17.499999899999832
-17.0206866120528, -17.966532538291947, -17.499999899999832
-14.962998909432518, -19.674500605685786, -17.499999899999832
-12.72783222973481, -21.143116780633846, -17.499999899999832
-10.354107518992459, -22.37561298927803, -17.499999899999832
-7.870686883075502, -23.368790635222844, -17.499999899999832
-5.301337649301174, -24.111706703065675, -17.499999899999832
-2.6688290960079097, -24.583302830930393, -17.499999899999832
0.0, -24.75058345020517, -17.499999899999832
4.440892098500626e-16, -24.75058345020517, -17.499999899999832
2.6688290952517333, -24.583302823027985, -17.499999899999832
5.301337644223132, -24.111706679542277, -17.499999899999832
7.870686889523077, -23.368790654083586, -17.499999899999832
10.354107516146255, -22.375612982217618, -17.499999899999832
12.727832224464061, -21.143116770643026, -17.499999899999832
14.962998914548931, -19.674500613281715, -17.499999899999832
17.020686612109856, -17.96653253823829, -17.499999899999832
18.85081195703217, -16.017005918238066, -17.499999899999832
20.438445736985418, -13.864896410983372, -17.499999899999832
21.78886938457547, -11.556292329722698, -17.499999899999832
22.902644113197237, -9.124571631930937, -17.499999899999832
23.772553230505217, -6.5953491272610085, -17.499999899999832
24.383180239666466, -3.991466898814838, -17.499999899999832
24.707651143460502, -1.3369507434551398, -17.499999899999832
24.707651146467224, 1.3369507433230918, -17.499999899999832
24.383180249511515, 3.99146690079689, -17.499999899999832
23.772553256340743, 6.59534913525079, -17.499999899999832
22.902644101083837, 9.124571627481643, -17.499999899999832
21.788869390241512, 11.556292332794072, -17.499999899999832
20.438445715552092, 13.864896396822656, -17.499999899999832
18.850811957032214, 16.01700591823817, -17.499999899999832
17.020686617048817, 17.96653254346439, -17.499999899999832
14.962998912132495, 19.67450060987425, -17.499999899999832
12.727832231093092, 21.143116783137394, -17.499999899999832
10.354107505865965, 22.375612959829187, -17.499999899999832
7.8706868831163375, 23.36879063520881, -17.499999899999832
5.301337649329207, 24.111706703059113, -17.499999899999832
2.6688290960221974, 24.58330283092856, -17.499999899999832
-8.881784197001252e-16, 24.75058345020517, -17.499999899999832
3.197442310920451e-14, 24.662790650776717, -17.599999899999833
-2.659327659592443, 24.495992430831482, -17.599999899999833
-5.28243939743589, 24.02588653514143, -17.599999899999833
-7.842614063351366, 23.285485923928885, -17.599999899999833
-10.317196679139075, 22.29582565141097, -17.599999899999833
-12.682528194298886, 21.067806977683478, -17.599999899999833
-14.90984643073943, 19.604568495149476, -17.599999899999833
-16.960310727930167, 17.90279216899058, -17.599999899999833
-18.78388080620989, 15.960160103886462, -17.599999899999833
-20.36571668825958, 13.815594210443779, -17.599999899999833
-21.71120426095666, 11.515122889056281, -17.599999899999833
-22.82097489142772, 9.092030742401617, -17.599999899999833
-23.68786366389682, 6.57182855873718, -17.599999899999833
-24.296486584668138, 3.9772466644254676, -17.599999899999833
-24.619976963024293, 1.332194032171574, -17.599999899999833
-24.619976963025504, -1.3321940321523955, -17.599999899999833
-24.29648660159281, -3.977246667536225, -17.599999899999833
-23.687863662808553, -6.5718285586157545, -17.599999899999833
-22.82097489147226, -9.092030742391342, -17.599999899999833
-21.711204290722335, -11.515122905347795, -17.599999899999833
-20.365716675115014, -13.815594202051273, -17.599999899999833
-18.78388080622222, -15.960160103871695, -17.599999899999833
-16.960310727944268, -17.902792168977474, -17.599999899999833
-14.909846425604812, -19.604568487379094, -17.599999899999833
-12.682528199691738, -21.06780698775001, -17.599999899999833
-10.317196682059514, -22.295825658501563, -17.599999899999833
-7.842614056891759, -23.285485904901982, -17.599999899999833
-5.282439402571216, -24.025886558791125, -17.599999899999833
-2.659327660336162, -24.495992438505688, -17.599999899999833
0.0, -24.662790650776717, -17.599999899999833
0.0, -24.662790650776717, -17.599999899999833
2.659327659613842, -24.495992430828817, -17.599999899999833
5.282439397477819, -24.02588653513147, -17.599999899999833
7.842614063412471, -23.285485923907846, -17.599999899999833
10.31719669061283, -22.295825676548347, -17.599999899999833
12.682528208027726, -21.06780700161959, -17.599999899999833
14.909846423858895, -19.604568485551134, -17.599999899999833
16.9603107279023, -17.90279216901663, -17.599999899999833
18.783880790024106, -15.960160090413753, -17.599999899999833
20.36571670003163, -13.815594217901838, -17.599999899999833
21.71120429889809, -11.515122909047577, -17.599999899999833
22.820974881505084, -9.092030738266415, -17.599999899999833
23.687863649781477, -6.571828554677821, -17.599999899999833
24.296486580639506, -3.9772466639544413, -17.599999899999833
24.619976963018217, -1.332194032266947, -17.599999899999833
24.619976966020914, 1.3321940319174168, -17.599999899999833
24.296486590477336, 3.977246665722015, -17.599999899999833
23.687863675676965, 6.571828562470768, -17.599999899999833
22.820974869514973, 9.092030733644771, -17.599999899999833
21.711204266756834, 11.515122891954585, -17.599999899999833
20.36571666693833, 13.815594196126488, -17.599999899999833
18.783880806319846, 15.960160103753866, -17.599999899999833
16.960310733077247, 17.90279217421594, -17.599999899999833
14.909846428384181, 19.60456849160097, -17.599999899999833
12.682528201051937, 21.067806990187496, -17.599999899999833
10.317196668854917, 22.295825628807265, -17.599999899999833
7.842614056952864, 23.285485904880975, -17.599999899999833
5.282439402613161, 24.025886558781288, -17.599999899999833
2.6593276603576, 24.495992438503375, -17.599999899999833
-4.440892098500626e-16, 24.662790650776717, -17.599999899999833
3.197442310920451e-14, 24.571636619548716, -17.699999899999835
-2.649472604090052, 24.405371590398836, -17.699999899999835
-5.262844972565112, 23.93686622259329, -17.699999899999835
-7.813511547829055, 23.199112288274815, -17.699999899999835
-10.278926260368271, 22.213105691147373, -17.699999899999835
-12.635535456374518, 20.98970512077598, -17.699999899999835
-14.854681444479999, 19.532001111690377, -17.699999899999835
-16.89762381705827, 17.836614723415014, -17.699999899999835
-18.714406189603906, 15.901147172868951, -17.699999899999835
-20.290270695751918, 13.764439982339539, -17.699999899999835
-21.6306758007515, 11.472429163716763, -17.699999899999835
-22.736304608978095, 9.058295046521945, -17.699999899999835
-23.600038325415106, 6.547444264620983, -17.699999899999835
-24.20653322852004, 3.962500091928479, -17.699999899999835
-24.528955892744616, 1.3272594079300206, -17.699999899999835
-24.528955895730835, -1.327259407573853, -17.699999899999835
-24.20653323831289, -3.9625000936870967, -17.699999899999835
-23.6000383512856, -6.547444272408698, -17.699999899999835
-22.736304618919956, -9.05829505060835, -17.699999899999835
-21.63067583065281, -11.472429180082019, -17.699999899999835
-20.2902706827157, -13.76443997402041, -17.699999899999835
-18.714406189614692, -15.901147172856051, -17.699999899999835
-16.8976238170706, -17.83661472340357, -17.699999899999835
-14.854681439284471, -19.532001103835054, -17.699999899999835
-12.635535461807036, -20.989705130916676, -17.699999899999835
-10.278926263302118, -22.21310569827136, -17.699999899999835
-7.81351154133631, -23.199112269153137, -17.699999899999835
-5.262844977717164, -23.936866246318736, -17.699999899999835
-2.6494726048127286, -24.405371597893943, -17.699999899999835
0.0, -24.571636619548716, -17.699999899999835
4.440892098500626e-16, -24.571636619548716, -17.699999899999835
2.6494726040829804, -24.40537159039971, -17.699999899999835
5.2628449725512, -23.93686622259651, -17.699999899999835
7.8135115478087815, -23.199112288281782, -17.699999899999835
10.278926260342264, -22.213105691159257, -17.699999899999835
12.635535456343634, -20.98970512079399, -17.699999899999835
14.854681444445381, -19.532001111715733, -17.699999899999835
16.89762381702171, -17.83661472344921, -17.699999899999835
18.71440618956735, -15.901147172912959, -17.699999899999835
20.290270695716526, -13.764439982393302, -17.699999899999835
21.630675800718492, -11.472429163780207, -17.699999899999835
22.73630461884578, -9.058295050688425, -17.699999899999835
23.6000383395565, -6.547444268725, -17.699999899999835
24.20653323269454, -3.962500092446229, -17.699999899999835
24.528955892750336, -1.3272594078396278, -17.699999899999835
24.5289558927514, 1.3272594078229842, -17.699999899999835
24.206533249542346, 3.9625000955458085, -17.699999899999835
23.600038338459445, 6.547444268602429, -17.699999899999835
22.7363046188907, 9.058295050681476, -17.699999899999835
21.630675830619825, 11.472429180145571, -17.699999899999835
20.290270682680386, 13.764439974074323, -17.699999899999835
18.714406189578117, 15.901147172900153, -17.699999899999835
16.897623817033992, 17.83661472343783, -17.699999899999835
14.854681439249854, 19.53200110386052, -17.699999899999835
12.635535461776135, 20.989705130934784, -17.699999899999835
10.27892626327609, 22.213105698283357, -17.699999899999835
7.813511541315983, 23.199112269160143, -17.699999899999835
5.262844977703208, 23.936866246322033, -17.699999899999835
2.6494726048056014, 24.405371597894792, -17.699999899999835
-4.440892098500626e-16, 24.571636619548716, -17.699999899999835
-8.881784197001252e-16, 24.476944001233168, -17.799999899999836
2.6392451363286087, 24.31126522565962, -17.799999899999836
5.24251727874802, 23.844475779238113, -17.799999899999836
7.783324397421559, 23.10950617102284, -17.799999899999836
10.239223785589264, 22.127296687637656, -17.799999899999836
12.586764303108545, 20.90866267557059, -17.799999899999836
14.797397479509593, 19.456658866652404, -17.799999899999836
16.832503939559132, 17.767871572996935, -17.799999899999836
18.642253659936344, 15.839852666791295, -17.799999899999836
20.21196349274224, 13.711335526776368, -17.799999899999836
21.547131445262746, 11.428130028743574, -17.799999899999836
22.64847323116415, 9.023300817843761, -17.799999899999836
23.508910397725558, 6.522150199612354, -17.799999899999836
24.113147425361124, 3.9471991742646426, -17.799999899999836
24.434411217500525, 1.322137425684043, -17.799999899999836
24.434411214529533, -1.3221374260440244, -17.799999899999836
24.11314741561253, -3.947199172514505, -17.799999899999836
23.50891037190857, -6.522150191839203, -17.799999899999836
22.64847324306041, -9.023300822424519, -17.799999899999836
21.547131477605692, -11.428130045940344, -17.799999899999836
20.211963525692706, -13.711335548453759, -17.799999899999836
18.642253643490342, -15.839852653332592, -17.799999899999836
16.832503934274758, -17.767871567687596, -17.799999899999836
14.797397474934831, -19.456658860541527, -17.799999899999836
12.586764310129983, -20.908662687079087, -17.799999899999836
10.239223807387198, -22.127296735465887, -17.799999899999836
7.783324403926662, -23.109506190179136, -17.799999899999836
5.242517273592372, -23.844475755497086, -17.799999899999836
2.6392451356207665, -24.31126521829297, -17.799999899999836
0.0, -24.476944001233168, -17.799999899999836
0.0, -24.476944001233168, -17.799999899999836
-2.63924513632149, -24.31126522566047, -17.799999899999836
-5.242517278734103, -23.844475779241357, -17.799999899999836
-7.783324397401303, -23.109506171029793, -17.799999899999836
-10.239223785563322, -22.127296687649554, -17.799999899999836
-12.586764303077734, -20.908662675588552, -17.799999899999836
-14.79739747947516, -19.456658866677795, -17.799999899999836
-16.83250393952274, -17.767871573031098, -17.799999899999836
-18.642253659899964, -15.839852666835236, -17.799999899999836
-20.211963492707046, -13.711335526830036, -17.799999899999836
-21.547131445229898, -11.428130028806859, -17.799999899999836
-22.648473231135103, -9.023300817916615, -17.799999899999836
-23.508910397701825, -6.522150199694553, -17.799999899999836
-24.113147425344742, -3.947199174355875, -17.799999899999836
-24.434411217494223, -1.3221374257836627, -17.799999899999836
-24.43441121453632, 1.3221374259372933, -17.799999899999836
-24.11314741563274, 3.9471991724022337, -17.799999899999836
-23.50891037194231, 6.522150191722787, -17.799999899999836
-22.64847324310814, 9.023300822305385, -17.799999899999836
-21.54713143950319, 11.428130025704547, -17.799999899999836
-20.211963514059157, 13.71133554093334, -17.799999899999836
-18.6422536598999, 15.839852666835199, -17.799999899999836
-16.83250393437816, 17.767871567590763, -17.799999899999836
-14.797397481979864, 19.456658870218764, -17.799999899999836
-12.586764296399377, 20.90866266298902, -17.799999899999836
-10.239223795995647, 22.12729671036997, -17.799999899999836
-7.7833244039064144, 23.109506190186124, -17.799999899999836
-5.242517273578435, 23.84447575550023, -17.799999899999836
-2.6392451356136637, 24.31126521829386, -17.799999899999836
3.197442310920451e-14, 24.476944001233168, -17.799999899999836
3.197442310920451e-14, 24.378515286786467, -17.899999899999838
-2.6286243233064392, 24.21347832061641, -17.899999899999838
-5.2214149831931875, 23.748525811654975, -17.899999899999838
-7.751991444010744, 23.016485473475388, -17.899999899999838
-10.198008582709312, 22.038224534078736, -17.899999899999838
-12.536114796929779, 20.824514171185566, -17.899999899999838
-14.737875960101718, 19.378386300449336, -17.899999899999838
-16.764815276234888, 17.696419448861352, -17.899999899999838
-18.567273483489014, 15.776149114079141, -17.899999899999838
-20.130634488665294, 13.656171532707221, -17.899999899999838
-21.460401261422398, 11.382135121577116, -17.899999899999838
-22.557302541798933, 8.986977087905396, -17.899999899999838
-23.4142939374058, 6.495895033964067, -17.899999899999838
-24.01613672664084, 3.9313127083107395, -17.899999899999838
-24.336146122804198, 1.3168175682581678, -17.899999899999838
-24.33614612279205, -1.316817568449386, -17.899999899999838
-24.016136743305758, -3.931312711588738, -17.899999899999838
-23.41429393624778, -6.495895034038587, -17.899999899999838
-22.557302520054645, -8.986977079473805, -17.899999899999838
-21.460401267138305, -11.382135124673416, -17.899999899999838
-20.130634467384255, -13.656171518651252, -17.899999899999838
-18.56727348348907, -15.77614911407919, -17.899999899999838
-16.76481528138482, -17.696419454307065, -17.899999899999838
-14.737875957595552, -19.378386296905468, -17.899999899999838
-12.536114803593478, -20.824514183758648, -17.899999899999838
-10.198008572292519, -22.03822451139209, -17.899999899999838
-7.751991437514985, -23.016485454347425, -17.899999899999838
-5.221414988338571, -23.74852583534835, -17.899999899999838
-2.6286243240059606, -24.21347832790833, -17.899999899999838
0.0, -24.378515286786467, -17.899999899999838
4.440892098500626e-16, -24.37851528678647, -17.899999899999838
2.628624323306464, -24.213478320616378, -17.899999899999838
5.221414983193209, -23.748525811654943, -17.899999899999838
7.751991444010762, -23.01648547347537, -17.899999899999838
10.198008582709317, -22.038224534078697, -17.899999899999838
12.536114796929777, -20.824514171185513, -17.899999899999838
14.737875960101691, -19.37838630044926, -17.899999899999838
16.76481527623486, -17.69641944886128, -17.899999899999838
18.567273483488993, -15.776149114079072, -17.899999899999838
20.130634488665233, -13.656171532707132, -17.899999899999838
21.46040126142238, -11.382135121577063, -17.899999899999838
22.557302531979115, -8.986977083843822, -17.899999899999838
23.414293923268097, -6.49589502994998, -17.899999899999838
24.016136722327328, -3.931312707861937, -17.899999899999838
24.336146122792034, -1.3168175684493175, -17.899999899999838
24.33614612574941, 1.3168175680884926, -17.899999899999838
24.01613673203335, 3.931312709604226, -17.899999899999838
23.41429394900184, 6.495895037698794, -17.899999899999838
22.55730254184403, 8.986977087901437, -17.899999899999838
21.460401291321595, 11.382135137940748, -17.899999899999838
20.130634475788632, 13.656171524493917, -17.899999899999838
18.56727348349827, 15.776149114068073, -17.899999899999838
16.764815276245443, 17.696419448851504, -17.899999899999838
14.737875954871122, 19.378386292547745, -17.899999899999838
12.536114802376249, 20.82451418135238, -17.899999899999838
10.19800858564304, 22.03822454120319, -17.899999899999838
7.7519914375149845, 23.016485454347446, -17.899999899999838
5.221414988338577, 23.748525835348378, -17.899999899999838
2.6286243240059295, 24.213478327908067, -17.899999899999838
-8.881784197001252e-16, 24.37851528678647, -17.899999899999838
-4.440892098500626e-16, 24.2761294480367, -17.99999989999984
2.6175867421932213, 24.111792675082903, -17.99999989999984
5.199491862771777, 23.648804526607243, -17.99999989999984
7.71944418159296, 22.91984625608952, -17.99999989999984
10.155190304087421, 21.94569423893642, -17.99999989999984
12.48347513847983, 20.737074503352495, -17.99999989999984
14.675984158908458, 19.29700939463321, -17.99999989999984
16.69440586641082, 17.622098054540277, -17.99999989999984
18.48929808776773, 15.709893856206461, -17.99999989999984
20.046103802220816, 13.59882556263335, -17.99999989999984
21.370295130255005, 11.334343347228996, -17.99999989999984
22.462592993389894, 8.94924439464532, -17.99999989999984
23.315980987438234, 6.468621364090458, -17.99999989999984
23.915285804369105, 3.914805782132539, -17.99999989999984
24.23394037297181, 1.3112880637372708, -17.99999989999984
24.2339403700264, -1.3112880640958837, -17.99999989999984
23.91528579470357, -3.914805780397428, -17.99999989999984
23.315980961818926, -6.468621356376267, -17.99999989999984
22.462592983566076, -8.949244390604845, -17.99999989999984
21.370295100502187, -11.334343330945362, -17.99999989999984
20.046103815048053, -13.598825570815405, -17.99999989999984
18.48929808775837, -15.709893856217548, -17.99999989999984
16.694405866400135, -17.62209805455012, -17.99999989999984
14.675984164110147, -19.297009402491664, -17.99999989999984
12.483475133061335, -20.737074493237827, -17.99999989999984
10.15519030116809, -21.945694231846904, -17.99999989999984
7.719444188056637, -22.919846275123103, -17.99999989999984
5.199491857651144, -23.648804503027478, -17.99999989999984
2.61758674149521, -24.11179266780942, -17.99999989999984
0.0, -24.2761294480367, -17.99999989999984
0.0, -24.276129448036695, -17.99999989999984
-2.6175867421862633, -24.111792675084082, -17.99999989999984
-5.199491862758016, -23.648804526610444, -17.99999989999984
-7.719444181572915, -22.9198462560964, -17.99999989999984
-10.155190304061719, -21.945694238948185, -17.99999989999984
-12.483475138449347, -20.73707450337037, -17.99999989999984
-14.675984158874332, -19.29700939465839, -17.99999989999984
-16.69440586637473, -17.62209805457413, -17.99999989999984
-18.48929808773166, -15.709893856250021, -17.99999989999984
-20.046103802185865, -13.598825562686518, -17.99999989999984
-21.37029513022245, -11.334343347291748, -17.99999989999984
-22.462592993360996, -8.94924439471752, -17.99999989999984
-23.31598097477115, -6.468621360330175, -17.99999989999984
-23.915285815600413, -3.914805783994696, -17.99999989999984
-24.23394037003313, -1.311288063990064, -17.99999989999984
-24.23394037003221, 1.311288064004593, -17.99999989999984
-23.91528579896859, 3.914805780932519, -17.99999989999984
-23.31598097586615, 6.468621360452895, -17.99999989999984
-22.4625929933161, 8.949244394721767, -17.99999989999984
-21.37029510046964, 11.334343331008226, -17.99999989999984
-20.04610381501315, 13.59882557086871, -17.99999989999984
-18.489298087722293, 15.7098938562612, -17.99999989999984
-16.694405866364022, 17.622098054584047, -17.99999989999984
-14.675984164076018, 19.297009402516945, -17.99999989999984
-12.4834751330308, 20.737074493255733, -17.99999989999984
-10.155190301142351, 21.94569423185872, -17.99999989999984
-7.719444188036548, 22.919846275130027, -17.99999989999984
-5.199491857637347, 23.64880450303074, -17.99999989999984
-2.6175867414881613, 24.111792667810306, -17.99999989999984
3.197442310920451e-14, 24.2761294480367, -17.99999989999984
3.197442310920451e-14, 24.169537808949393, -18.09999989999984
-2.606106031498855, 24.005962715146396, -18.09999989999984
-5.176695861307654, 23.545073412949883, -18.09999989999984
-7.685605582324522, 22.819359212668772, -18.09999989999984
-10.110667338013293, 21.849486497012084, -18.09999989999984
-12.42871949457335, 20.64613531873552, -18.09999989999984
-14.611572759284147, 19.212332384004817, -18.09999989999984
-16.621104716576887, 17.54472701745101, -18.09999989999984
-18.4081389126851, 15.640926369139516, -18.09999989999984
-19.95816918695364, 13.539159954408337, -18.09999989999984
-21.276599020988396, 11.28464089596541, -18.09999989999984
-22.36412013459004, 8.910013358293707, -18.09999989999984
-23.213737427805903, 6.440264557644644, -18.09999989999984
-23.810352317361037, 3.8976390992874026, -18.09999989999984
-24.12754615145875, 1.3055356689478093, -18.09999989999984
-24.127546154393954, -1.3055356685944948, -18.09999989999984
-23.81035232698817, -3.897639101015898, -18.09999989999984
-23.21373745327809, -6.440264565313297, -18.09999989999984
-22.364120122841236, -8.910013353768846, -18.09999989999984
-21.276598989125546, -11.284640879023275, -18.09999989999984
-19.95816915443808, -13.539159933016341, -18.09999989999984
-18.408138928878113, -15.640926382391848, -18.09999989999984
-16.621104721769697, -17.54472702266826, -18.09999989999984
-14.611572763787334, -19.21233239002086, -18.09999989999984
-12.428719487656263, -20.646135307398257, -18.09999989999984
-10.11066731652217, -21.84948644985685, -18.09999989999984
-7.685605575916816, -22.819359193798444, -18.09999989999984
-5.176695866388492, -23.545073436346787, -18.09999989999984
-2.6061060322027307, -24.005962722461035, -18.09999989999984
0.0, -24.169537808949393, -18.09999989999984
0.0, -24.169537808949393, -18.09999989999984
2.6061060314988875, -24.00596271514641, -18.09999989999984
5.176695861307675, -23.54507341294984, -18.09999989999984
7.685605582324543, -22.819359212668747, -18.09999989999984
10.110667338013291, -21.849486497012016, -18.09999989999984
12.42871949457334, -20.64613531873545, -18.09999989999984
14.611572759284128, -19.212332384004746, -18.09999989999984
16.621104716576852, -17.544727017450928, -18.09999989999984
18.40813891268504, -15.640926369139425, -18.09999989999984
19.95816918695372, -13.539159954408346, -18.09999989999984
21.276599020988357, -11.284640895965342, -18.09999989999984
22.36412013459003, -8.91001335829366, -18.09999989999984
23.213737427805864, -6.44026455764459, -18.09999989999984
23.810352317361012, -3.8976390992873573, -18.09999989999984
24.127546151458745, -1.3055356689477722, -18.09999989999984
24.127546154393947, 1.3055356685945219, -18.09999989999984
23.810352326988166, 3.8976391010159146, -18.09999989999984
23.213737453278018, 6.440264565313292, -18.09999989999984
22.36412012284115, 8.910013353768823, -18.09999989999984
21.276598989125546, 11.284640879023277, -18.09999989999984
19.958169154438053, 13.53915993301632, -18.09999989999984
18.4081389288781, 15.640926382391827, -18.09999989999984
16.62110472176971, 17.54472702266826, -18.09999989999984
14.61157276378734, 19.212332390020848, -18.09999989999984
12.42871948765626, 20.646135307398225, -18.09999989999984
10.110667316522184, 21.849486449856837, -18.09999989999984
7.685605575916844, 22.819359193798444, -18.09999989999984
5.176695866388524, 23.545073436346804, -18.09999989999984
2.606106032202716, 24.005962722460662, -18.09999989999984
-4.440892098500626e-16, 24.169537808949393, -18.09999989999984
3.197442310920451e-14, 24.05845893004462, -18.199999899999842
-2.5941523587113022, 23.895710548030483, -18.199999899999842
-5.152968094367201, 23.437062685862493, -18.199999899999842
-7.650388412117588, 22.714764660000093, -18.199999899999842
-10.064324636844322, 21.74935300552175, -18.199999899999842
-12.371705427227186, 20.55146076910371, -18.199999899999842
-14.544472751304003, 19.124133676468603, -18.199999899999842
-16.544718309238366, 17.464102204594745, -18.199999899999842
-18.323582611046533, 15.569065026044893, -18.199999899999842
-19.866601572101505, 13.477018795822454, -18.199999899999842
-21.179070722505454, 11.232898978536717, -18.199999899999842
-22.261629927899822, 8.869182817224857, -18.199999899999842
-23.10729839874805, 6.410751498064119, -18.199999899999842
-23.701062023703393, 3.8797681908193615, -18.199999899999842
-24.01668300602518, 1.2995453932627943, -18.199999899999842
-24.016683008938916, -1.299545393120967, -18.199999899999842
-23.701062033257575, -3.8797681927418983, -18.199999899999842
-23.107298423982474, -6.410751505871239, -18.199999899999842
-22.26162991612676, -8.86918281290572, -18.199999899999842
-21.179070728085374, -11.232898981560258, -18.199999899999842
-19.86660155117904, -13.477018782001444, -18.199999899999842
-18.32358261104657, -15.56906502604494, -18.199999899999842
-16.544718314190874, -17.46410220983322, -18.199999899999842
-14.544472748888015, -19.1241336730565, -18.199999899999842
-12.371705433742424, -20.551460781390755, -18.199999899999842
-10.064324626695523, -21.749352983419104, -18.199999899999842
-7.6503884057906495, -22.71476464136516, -18.199999899999842
-5.152968099392368, -23.43706270900435, -18.199999899999842
-2.5941523594283393, -23.89571055544683, -18.199999899999842
0.0, -24.058458930044598, -18.199999899999842
-4.440892098500626e-16, -24.058458930044615, -18.199999899999842
2.5941523587043784, -23.895710548031328, -18.199999899999842
5.152968094353569, -23.437062685865595, -18.199999899999842
7.650388412097737, -22.71476466000691, -18.199999899999842
10.064324636818858, -21.749353005533383, -18.199999899999842
12.371705427196945, -20.55146076912132, -18.199999899999842
14.544472751270149, -19.12413367649345, -18.199999899999842
16.54471830920257, -17.464102204628198, -18.199999899999842
18.323582611010718, -15.569065026087937, -18.199999899999842
19.866601572066845, -13.477018795875056, -18.199999899999842
21.179070722473135, -11.232898978598806, -18.199999899999842
22.261629937563207, -8.869182821305042, -18.199999899999842
23.107298412547294, -6.4107515020689485, -18.199999899999842
23.701062027702665, -3.8797681913116073, -18.199999899999842
24.016683006030703, -1.2995453931755532, -18.199999899999842
24.016683006018944, 1.2995453933607435, -18.199999899999842
23.70106204416714, 3.8797681945456985, -18.199999899999842
23.1072984114235, 6.410751502144941, -18.199999899999842
22.261629916098194, 8.86918281297732, -18.199999899999842
21.179070728053095, 11.232898981622453, -18.199999899999842
19.866601551144413, 13.47701878205415, -18.199999899999842
18.323582611010774, 15.569065026088074, -18.199999899999842
16.544718314155038, 17.464102209866716, -18.199999899999842
14.544472748854123, 19.12413367308138, -18.199999899999842
12.371705433712059, 20.55146078140823, -18.199999899999842
10.064324626670045, 21.74935298343076, -18.199999899999842
7.650388405770788, 22.71476464137201, -18.199999899999842
5.152968099378752, 23.437062709007588, -18.199999899999842
2.594152359421403, 23.895710555447668, -18.199999899999842
-4.440892098500626e-16, 24.058458930044615, -18.199999899999842
3.197442310920451e-14, 23.942572200657278, -18.299999899999843
-2.58169173265692, 23.7807195503727, -18.299999899999843
-5.128241449958685, 23.32446487641796, -18.299999899999843
-7.6136933137329, 22.6057668293549, -18.299999899999843
-10.01603118910549, 21.6450110047721, -18.299999899999843
-12.312270722504078, 20.45278225950921, -18.299999899999843
-14.474491566161818, 19.032160790107266, -18.299999899999843
-16.46502619053562, 17.379991070001488, -18.299999899999843
-18.2353860261356, 15.494102826424184, -18.299999899999843
-19.771140107507044, 13.412224542524456, -18.299999899999843
-21.077434394830096, 11.178970924318143, -18.299999899999843
-22.154832921198768, 8.82663750701667, -18.299999899999843
-22.996362050595142, 6.379998852736316, -18.299999899999843
-23.587102445403463, 3.8611423848798143, -18.299999899999843
-23.90103142930082, 1.2933001605518404, -18.299999899999843
-23.901031432207336, -1.2933001604209862, -18.299999899999843
-23.587102454920615, -3.86114238679559, -18.299999899999843
-22.996362075612645, -6.379998860473803, -18.299999899999843
-22.1548329094785, -8.82663750271273, -18.299999899999843
-21.077434400327604, -11.178970927297817, -18.299999899999843
-19.771140086757338, -13.412224528815813, -18.299999899999843
-18.235386026135657, -15.494102826424205, -18.299999899999843
-16.46502619534709, -17.379991075092146, -18.299999899999843
-14.474491563809421, -19.03216078678881, -18.299999899999843
-12.312270728932656, -20.452782271627253, -18.299999899999843
-10.016031179125328, -21.645010983036947, -18.299999899999843
-7.613693307512745, -22.6057668110306, -18.299999899999843
-5.128241454911813, -23.324464899229614, -18.299999899999843
-2.581691733394774, -23.780719557953184, -18.299999899999843
0.0, -23.942572200657256, -18.299999899999843
0.0, -23.942572200657256, -18.299999899999843
2.5816917326638613, -23.78071955037183, -18.299999899999843
5.128241449972292, -23.32446487641485, -18.299999899999843
7.613693313752678, -22.605766829348067, -18.299999899999843
10.016031200165477, -21.645011029136505, -18.299999899999843
12.312270735681963, -20.452782282620618, -18.299999899999843
14.474491559495258, -19.032160780948864, -18.299999899999843
16.465026190438945, -17.379991070091968, -18.299999899999843
18.235386010499735, -15.494102813549972, -18.299999899999843
19.77114011885187, -13.412224549861147, -18.299999899999843
21.077434431323265, -11.178970943704597, -18.299999899999843
22.154832921152234, -8.826637507133015, -18.299999899999843
22.996362050562198, -6.379998852849974, -18.299999899999843
23.587102445383742, -3.8611423849894253, -18.299999899999843
23.901031429294196, -1.2933001606560386, -18.299999899999843
23.90103143221351, 1.293300160323741, -18.299999899999843
23.587102454936602, 3.861142386706535, -18.299999899999843
22.996362075635922, 6.379998860393597, -18.299999899999843
22.154832909507025, 8.82663750264169, -18.299999899999843
21.07743440035966, 11.178970927236042, -18.299999899999843
19.771140086791707, 13.412224528763446, -18.299999899999843
18.23538602617116, 15.494102826381319, -18.299999899999843
16.465026195382595, 17.37999107505881, -18.299999899999843
14.474491563842985, 19.032160786764003, -18.299999899999843
12.312270728962629, 20.45278227160964, -18.299999899999843
10.016031179150602, 21.645010983025355, -18.299999899999843
7.613693307532466, 22.60576681102383, -18.299999899999843
5.128241454925346, 23.324464899226474, -18.299999899999843
2.5816917334016365, 23.780719557952157, -18.299999899999843
-4.440892098500626e-16, 23.942572200657278, -18.299999899999843
-8.881784197001252e-16, 23.821509715235326, -18.399999899999845
2.568685145444605, 23.660626385072643, -18.399999899999845
5.102438915855658, 23.20692717355808, -18.399999899999845
7.57540624709363, 22.492026250368827, -18.399999899999845
9.96563660038805, 21.53613589819398, -18.399999899999845
12.250229172075112, 20.349791455758183, -18.399999899999845
14.401408232204554, 18.936123999827668, -18.399999899999845
16.38177538488036, 17.29212676114663, -18.399999899999845
18.143270190425262, 15.415802283258449, -18.399999899999845
19.671485353814038, 13.344573391573235, -18.399999899999845
20.971373370770944, 11.122688357879634, -18.399999899999845
22.043396954792506, 8.782245155918508, -18.399999899999845
22.880582014107077, 6.347910996241847, -18.399999899999845
23.4681150078222, 3.8417035319957766, -18.399999899999845
23.7802247760317, 1.2867803739522872, -18.399999899999845
23.78022477603014, -1.2867803739769883, -18.399999899999845
23.468114991441716, -3.8417035289925745, -18.399999899999845
22.880582015124244, -6.347910996354631, -18.399999899999845
22.043396954750932, -8.782245155937066, -18.399999899999845
20.971373342679605, -11.122688342503183, -18.399999899999845
19.671485366666904, -13.344573399790724, -18.399999899999845
18.143270190409318, -15.415802283277463, -18.399999899999845
16.381775384862152, -17.292126761163516, -18.399999899999845
14.401408236950093, -18.93612400702845, -18.399999899999845
12.25022916702548, -20.3497914463326, -18.399999899999845
9.965636597632301, -21.536135891505378, -18.399999899999845
7.575406253179999, -22.49202626830381, -18.399999899999845
5.102438910991901, -23.20692715115546, -18.399999899999845
2.5686851446783012, -23.66062637726457, -18.399999899999845
0.0, -23.82150971523532, -18.399999899999845
0.0, -23.8215097152353, -18.399999899999845
-2.5686851454651785, -23.660626385069836, -18.399999899999845
-5.1024389158960926, -23.206927173548547, -18.399999899999845
-7.575406247152549, -22.492026250348545, -18.399999899999845
-9.965636587938645, -21.536135870195697, -18.399999899999845
-12.25022917343742, -20.34979145819056, -18.399999899999845
-14.401408234779419, -18.936124003756245, -18.399999899999845
-16.381775389599795, -17.292126765966465, -18.399999899999845
-18.143270190515445, -15.415802283149729, -18.399999899999845
-19.67148534622241, -13.34457338605752, -18.399999899999845
-20.97137334817049, -11.122688345244326, -18.399999899999845
-22.04339693357219, -8.782245147465817, -18.399999899999845
-22.880582026546016, -6.347910999964574, -18.399999899999845
-23.468114997509193, -3.841703530323219, -18.399999899999845
-23.78022477893741, -1.2867803737459147, -18.399999899999845
-23.780224776024706, 1.2867803740627282, -18.399999899999845
-23.468114987996305, 3.84170352861196, -18.399999899999845
-22.88058200172715, 6.347910992501927, -18.399999899999845
-22.043396945163927, 8.782245151941826, -18.399999899999845
-20.97137337849552, 11.122688361377111, -18.399999899999845
-19.671485377997552, 13.344573406972104, -18.399999899999845
-18.143270175218042, 15.415802270620018, -18.399999899999845
-16.381775384839948, 17.292126761184445, -18.399999899999845
-14.40140823054428, 18.93612399808635, -18.399999899999845
-12.250229180015387, 20.34979146896831, -18.399999899999845
-9.965636608626426, 21.53613591559012, -18.399999899999845
-7.57540625323889, 22.492026268283585, -18.399999899999845
-5.102438911032355, 23.206927151146196, -18.399999899999845
-2.5686851446988843, 23.660626377262076, -18.399999899999845
3.197442310920451e-14, 23.821509715235322, -18.399999899999845
3.197442310920451e-14, 23.69484583485948, -18.499999899999846
-2.555087460120526, 23.535010640099813, -18.499999899999846
-5.075471362072678, 23.084041267523702, -18.499999899999846
-7.535395286989919, 22.373150217986183, -18.499999899999846
-9.91296687264548, 21.422352139861516, -18.499999899999846
-12.185365335239748, 20.242131610141843, -18.499999899999846
-14.32496708965663, 18.835688098071202, -18.499999899999846
-16.294673216620076, 17.20020054739596, -18.499999899999846
-18.046912311419337, 15.333888603135415, -18.499999899999846
-19.56729092465168, 13.273829587712154, -18.499999899999846
-20.860521213923338, 11.06385644160089, -18.499999899999846
-21.926937678072346, 8.735852707749222, -18.499999899999846
-22.7595574877422, 6.31437727079716, -18.499999899999846
-23.34368475102234, 3.821384334631101, -18.499999899999846
-23.65383885521474, 1.2799633603734484, -18.499999899999846
-23.653838855216637, -1.2799633603434522, -18.499999899999846
-23.343684767347998, -3.8213843376176633, -18.499999899999846
-22.75955748675861, -6.314377270688453, -18.499999899999846
-21.926937656988915, -8.735852699339189, -18.499999899999846
-20.860521184369823, -11.063856425873832, -18.499999899999846
-19.567290893205485, -13.273829567008628, -18.499999899999846
-18.04691232626468, -15.333888615300873, -18.499999899999846
-16.294673221156224, -17.200200551953305, -18.499999899999846
-14.324967093754747, -18.835688103564646, -18.499999899999846
-12.185365328833338, -20.242131599647433, -18.499999899999846
-9.912966852347408, -21.422352095321152, -18.499999899999846
-7.535395281065647, -22.37315020052242, -18.499999899999846
-5.075471366829232, -23.084041289435188, -18.499999899999846
-2.55508746092295, -23.535010648198135, -18.499999899999846
0.0, -23.694845834859475, -18.499999899999846
0.0, -23.694845834859475, -18.499999899999846
2.55508746011373, -23.53501064010062, -18.499999899999846
5.0754713620593, -23.084041267526743, -18.499999899999846
7.535395286970438, -22.373150217992855, -18.499999899999846
9.912966861836468, -21.42235211605152, -18.499999899999846
12.185365322607666, -20.242131588001953, -18.499999899999846
14.324967095892791, -18.835688106640372, -18.499999899999846
16.29467321670838, -17.20020054731304, -18.499999899999846
18.04691232622949, -15.333888615343053, -18.499999899999846
19.567290913483664, -13.273829580485037, -18.499999899999846
20.860521179065866, -11.063856423074645, -18.499999899999846
21.926937668571505, -8.735852703685564, -18.499999899999846
22.75955747463595, -6.3143772669564715, -18.499999899999846
23.343684747982707, -3.821384334275055, -18.499999899999846
23.65383885521055, -1.2799633604393887, -18.499999899999846
23.65383885811654, 1.279963360141778, -18.499999899999846
23.34368475744941, 3.82138433597998, -18.499999899999846
22.75955749916033, 6.314377274325404, -18.499999899999846
21.92693767815829, 8.735852707608537, -18.499999899999846
20.86052120644842, 11.0638564380642, -18.499999899999846
19.567290900563215, 13.273829572214797, -18.499999899999846
18.046912326248755, 15.33388861532005, -18.499999899999846
16.294673216730374, 17.200200547292607, -18.499999899999846
14.32496709135173, 18.835688099732884, -18.499999899999846
12.18536532749605, 20.2421315971263, -18.499999899999846
9.912966864522119, 21.42235212256824, -18.499999899999846
7.535395281046148, 22.373150200529146, -18.499999899999846
5.075471366815851, 23.08404128943836, -18.499999899999846
2.5550874609161527, 23.53501064819918, -18.499999899999846
-4.440892098500626e-16, 23.694845834859482, -18.499999899999846
3.197442310920451e-14, 23.56208357098384, -18.599999899999847
-2.5408459729116304, 23.40338145131739, -18.599999899999847
-5.047234734549037, 22.955330501752503, -18.599999899999847
-7.49350633580878, 22.248680035637012, -18.599999899999847
-9.857818794191019, 21.303221130857008, -18.599999899999847
-12.117427614278329, 20.12938609711987, -18.599999899999847
-14.244869597054395, 18.730461644035543, -18.599999899999847
-16.203377947039947, 17.103851942823898, -18.599999899999847
-17.945935531789544, 15.248040967962272, -18.599999899999847
-19.458152197130282, 13.199717749652141, -18.599999899999847
-20.744450053672054, 11.00224767991986, -18.599999899999847
-21.805006290128713, 8.687281440653706, -18.599999899999847
-22.632820461652486, 6.279268460702663, -18.599999899999847
-23.213327229410833, 3.800106224551963, -18.599999899999847
-23.521378357594784, 1.2728226444339992, -18.599999899999847
-23.52137836048035, -1.2728226443560386, -18.599999899999847
-23.213327238785233, -3.800106226443227, -18.599999899999847
-22.632820485785864, -6.2792684681539015, -18.599999899999847
-21.80500627857513, -8.687281436389805, -18.599999899999847
-20.74445005879993, -11.002247682703317, -18.599999899999847
-19.458152177088582, -13.199717736402445, -18.599999899999847
-17.945935531789598, -15.248040967962291, -18.599999899999847
-16.20337795119521, -17.10385194722737, -18.599999899999847
-14.244869595001717, -18.73046164115884, -18.599999899999847
-12.117427620327645, -20.12938610849452, -18.599999899999847
-9.857818784977876, -21.303221110794045, -18.599999899999847
-7.493506330076019, -22.24868001873011, -18.599999899999847
-5.047234739179757, -22.95533052308758, -18.599999899999847
-2.5408459737577545, -23.40338145976878, -18.599999899999847
0.0, -23.56208357098384, -18.599999899999847
0.0, -23.562083570983837, -18.599999899999847
2.540845972904895, -23.40338145131822, -18.599999899999847
5.04723473453579, -22.95533050175558, -18.599999899999847
7.49350633578946, -22.248680035643616, -18.599999899999847
9.857818804796057, -21.303221154348368, -18.599999899999847
12.117427626501026, -20.129386118669697, -18.599999899999847
14.244869591032817, -18.73046163589829, -18.599999899999847
16.20337794688745, -17.103851942966738, -18.599999899999847
17.945935517440827, -15.248040956266786, -18.599999899999847
19.458152208123753, -13.199717756915383, -18.599999899999847
20.744450087412165, -11.002247698012324, -18.599999899999847
21.80500629952111, -8.68728144483358, -18.599999899999847
22.632820474395157, -6.279268464608288, -18.599999899999847
23.2133272319343, -3.8001062250024087, -18.599999899999847
23.521378357586478, -1.2728226445654067, -18.599999899999847
23.52137835760122, 1.272822644332053, -18.599999899999847
23.213327248243985, 3.8001062277774107, -18.599999899999847
22.632820473505667, 6.2792684643146846, -18.599999899999847
21.805006299632637, 8.687281444615552, -18.599999899999847
20.744450080186514, 11.002247694513143, -18.599999899999847
19.458152184081936, 13.199717741361267, -18.599999899999847
17.94593553177793, 15.248040967976312, -18.599999899999847
16.20337794703166, 17.10385194283173, -18.599999899999847
14.244869592722516, 18.730461637499218, -18.599999899999847
12.11742761894677, 20.129386105905535, -18.599999899999847
9.85781879676887, 21.303221137181655, -18.599999899999847
7.493506330056642, 22.248680018736785, -18.599999899999847
5.047234739166457, 22.95533052309075, -18.599999899999847
2.540845973750995, 23.403381459769907, -18.599999899999847
-4.440892098500626e-16, 23.56208357098384, -18.599999899999847
3.197442310920451e-14, 23.42263651972431, -18.69999989999985
-2.5258984880524924, 23.265159571917586, -18.69999989999985
-5.017606219013288, 22.82023230412432, -18.69999989999985
-7.449557577447269, 22.11807450578627, -18.69999989999985
-9.799952627366961, 21.178225432405842, -18.69999989999985
-12.046119178029446, 20.011063381872958, -18.69999989999985
-14.160763458437977, 18.619982711047335, -18.69999989999985
-16.107486350760365, 17.002655602322484, -18.69999989999985
-17.839895076056475, 15.157880746148715, -18.69999989999985
-19.34359183361302, 13.121913008172303, -18.69999989999985
-20.62265508434402, 10.937593673577975, -18.69999989999985
-21.6770732077938, 8.636320464137947, -18.69999989999985
-22.49981869612797, 6.242432090188134, -18.69999989999985
-23.07647071931669, 3.7777764727533536, -18.69999989999985
-23.382258847843413, 1.2653269860012168, -18.69999989999985
-23.382258850730757, -1.2653269857519422, -18.69999989999985
-23.076470728650925, -3.7777764744393, -18.69999989999985
-22.499818719936147, -6.242432097327778, -18.69999989999985
-21.677073217267484, -8.636320467996736, -18.69999989999985
-20.622655109919805, -10.937593687581153, -18.69999989999985
-19.343591820476327, -13.12191299973825, -18.69999989999985
-17.839895076084442, -15.157880746115083, -18.69999989999985
-16.107486350792318, -17.00265560229261, -18.69999989999985
-14.160763454419222, -18.61998270488784, -18.69999989999985
-12.046119182506825, -20.01106339022951, -18.69999989999985
-9.799952629872962, -21.178225438482404, -18.69999989999985
-7.449557571936677, -22.118074489525508, -18.69999989999985
-5.017606223498766, -22.820232324793885, -18.69999989999985
-2.5258984889496237, -23.265159580782598, -18.69999989999985
0.0, -23.422636519724303, -18.69999989999985
-4.440892098500626e-16, -23.422636519724307, -18.69999989999985
2.5258984880525186, -23.26515957191758, -18.69999989999985
5.01760621901332, -22.820232304124342, -18.69999989999985
7.449557577447282, -22.118074505786222, -18.69999989999985
9.799952627366963, -21.17822543240577, -18.69999989999985
12.046119178029425, -20.011063381872862, -18.69999989999985
14.160763458437962, -18.619982711047253, -18.69999989999985
16.10748635076032, -17.002655602322367, -18.69999989999985
17.83989507605642, -15.157880746148587, -18.69999989999985
19.34359183361294, -13.121913008172168, -18.69999989999985
20.622655084343986, -10.93759367357787, -18.69999989999985
21.67707321723166, -8.636320468041735, -18.69999989999985
22.49981870858144, -6.242432093720391, -18.69999989999985
23.076470721313495, -3.7777764728280325, -18.69999989999985
23.38225884785298, -1.2653269858494285, -18.69999989999985
23.382258847843403, 1.2653269860012675, -18.69999989999985
23.076470737507616, 3.7777764759724564, -18.69999989999985
22.499818707627327, 6.2424320938100335, -18.69999989999985
21.677073196298917, 8.636320459885408, -18.69999989999985
20.622655089305237, 10.937593676273048, -18.69999989999985
19.34359181388114, 13.121912995123116, -18.69999989999985
17.83989507605648, 15.157880746148727, -18.69999989999985
16.107486354620438, 17.002655606416884, -18.69999989999985
14.160763456523158, 18.61998270837342, -18.69999989999985
12.04611918391148, 20.01106339291849, -18.69999989999985
9.799952618502177, 21.178225413102453, -18.69999989999985
7.449557571936661, 22.118074489525537, -18.69999989999985
5.017606223498759, 22.820232324793924, -18.69999989999985
2.52589848894963, 23.26515958078271, -18.69999989999985
-4.440892098500626e-16, 23.422636519724307, -18.69999989999985
3.197442310920451e-14, 23.275804425127664, -18.79999989999985
-2.5101707275601233, 23.119653262709626, -18.79999989999985
-4.986439141373216, 22.678074836486754, -18.79999989999985
-7.403331861489181, 21.980687264847838, -18.79999989999985
-9.739082023712399, 21.046746996756127, -18.79999989999985
-11.971085491576707, 19.886576360621667, -18.79999989999985
-14.072227969106434, 18.50369966820464, -18.79999989999985
-16.006516912916638, 16.89610359452513, -18.79999989999985
-17.728259847010207, 15.062955822655406, -18.79999989999985
-19.223039706417435, 13.04002735097223, -18.79999989999985
-20.4945333278889, 10.86957383140366, -18.79999989999985
-21.54250592748567, 8.582717900449092, -18.79999989999985
-22.359892617034227, 6.203686041342006, -18.79999989999985
-22.932432446994493, 3.754284333779486, -18.79999989999985
-23.235782406071394, 1.2574390769357775, -18.79999989999985
-23.235782408943464, -1.2574390767156904, -18.79999989999985
-22.93243245622787, -3.7542843354504885, -18.79999989999985
-22.359892640415623, -6.20368604834479, -18.79999989999985
-21.54250591612361, -8.582717896027262, -18.79999989999985
-20.494533301501537, -10.869573817341987, -18.79999989999985
-19.22303967627707, -13.040027331105216, -18.79999989999985
-17.728259860019985, -15.062955833342503, -18.79999989999985
-16.00651691654862, -16.896103598176065, -18.79999989999985
-14.072227972640071, -18.503699672971667, -18.79999989999985
-11.971085485885276, -19.886576351308907, -18.79999989999985
-9.739082004987111, -21.04674695566229, -18.79999989999985
-7.4033318562326755, -21.980687249326365, -18.79999989999985
-4.986439145693205, -22.678074856397778, -18.79999989999985
-2.510170728515167, -23.119653272045873, -18.79999989999985
0.0, -23.275804425127657, -18.79999989999985
-4.440892098500626e-16, -23.27580442512766, -18.79999989999985
2.5101707275468996, -23.119653262711218, -18.79999989999985
4.98643914134724, -22.67807483649279, -18.79999989999985
7.403331861451326, -21.980687264860812, -18.79999989999985
9.739082013405792, -21.046746974121053, -18.79999989999985
11.971085480133445, -19.88657634066735, -18.79999989999985
14.072227974332705, -18.503699675461636, -18.79999989999985
16.0065169129515, -16.89610359449225, -18.79999989999985
17.728259859951663, -15.062955833424502, -18.79999989999985
19.22303969558884, -13.04002734402565, -18.79999989999985
20.494533296668422, -10.869573814865943, -18.79999989999985
21.54250592750302, -8.582717900405646, -18.79999989999985
22.359892617043446, -6.203686041309862, -18.79999989999985
22.932432446997982, -3.7542843337596974, -18.79999989999985
23.235782406071813, -1.257439076929049, -18.79999989999985
23.23578240894386, 1.2574390767090888, -18.79999989999985
22.93243245623136, 3.7542843354308317, -18.79999989999985
22.359892640425016, 6.2036860483128216, -18.79999989999985
21.542505936914992, 8.58271790422822, -18.79999989999985
20.494533321134803, 10.86957382826358, -18.79999989999985
19.223039682300506, 13.040027335478593, -18.79999989999985
17.728259859985094, 15.06295583338448, -18.79999989999985
16.006516912989653, 16.896103594456672, -18.79999989999985
14.072227970632095, 18.50369966975746, -18.79999989999985
11.971085484359753, 19.88657634855514, -18.79999989999985
9.73908201580066, 21.04674697992596, -18.79999989999985
7.403331856194805, 21.980687249339415, -18.79999989999985
4.986439145667217, 22.6780748564039, -18.79999989999985
2.5101707285019206, 23.119653272047454, -18.79999989999985
-4.440892098500626e-16, 23.275804425127664, -18.79999989999985
3.197442310920451e-14, 23.120739383332936, -18.89999989999985
-2.4935727426332917, 22.96602488611076, -18.89999989999985
-4.953555878128138, 22.52804453174337, -18.89999989999985
-7.354566215768151, 21.835735570251913, -18.89999989999985
-9.674860189588184, 20.908037304548696, -18.89999989999985
-11.891897193862322, 19.75521400183713, -18.89999989999985
-13.978753701711987, 18.380944542827553, -18.89999989999985
-15.899886589066206, 16.78358088708239, -18.89999989999985
-17.610386776562404, 14.962718766791065, -18.89999989999985
-19.095805375100223, 12.95359089440634, -18.89999989999985
-20.3593544954086, 10.797799880326876, -18.89999989999985
-21.400538504499966, 8.526168731998895, -18.89999989999985
-22.21224352059976, 6.162809774351136, -18.89999989999985
-22.7803856115395, 3.7294956944389925, -18.89999989999985
-23.081103939898572, 1.2491137402103014, -18.89999989999985
-23.08110393989806, -1.249113740218422, -18.89999989999985
-22.780385627680342, -3.729495697422525, -18.89999989999985
-22.212243519861104, -6.162809774357204, -18.89999989999985
-21.400538483224818, -8.52616872365011, -18.89999989999985
-20.359354496549482, -10.797799880883593, -18.89999989999985
-19.095805359138257, -12.95359088381547, -18.89999989999985
-17.610386776562464, -14.962718766791056, -18.89999989999985
-15.899886592230304, -16.783580890447883, -18.89999989999985
-13.97875370013309, -18.380944540645665, -18.89999989999985
-11.891897212498012, -19.75521403531076, -18.89999989999985
-9.674860184429358, -20.90803729500917, -18.89999989999985
-7.35456621253258, -21.83573556285476, -18.89999989999985
-4.953555879944407, -22.528044541376737, -18.89999989999985
-2.4935727436526296, -22.966024895971234, -18.89999989999985
0.0, -23.120739383332936, -18.89999989999985
-4.440892098500626e-16, -23.120739383332936, -18.89999989999985
2.4935727426333143, -22.966024886110738, -18.89999989999985
4.953555878128171, -22.528044531743408, -18.89999989999985
7.35456621576816, -21.83573557025187, -18.89999989999985
9.674860189588177, -20.90803730454863, -18.89999989999985
11.891897193862297, -19.755214001837036, -18.89999989999985
13.97875370171201, -18.380944542827528, -18.89999989999985
15.899886589066151, -16.783580887082266, -18.89999989999985
17.61038677656233, -14.962718766790928, -18.89999989999985
19.095805375100138, -12.9535908944062, -18.89999989999985
20.35935449540853, -10.797799880326757, -18.89999989999985
21.400538504499938, -8.526168731998798, -18.89999989999985
22.21224352059971, -6.1628097743510395, -18.89999989999985
22.780385611539423, -3.7294956944388953, -18.89999989999985
23.081103939898565, -1.2491137402102201, -18.89999989999985
23.08110393989805, 1.2491137402184989, -18.89999989999985
22.780385627680335, 3.729495697422593, -18.89999989999985
22.21224351986109, 6.162809774357262, -18.89999989999985
21.4005384832247, 8.526168723650125, -18.89999989999985
20.35935449654947, 10.797799880883654, -18.89999989999985
19.09580535913821, 12.95359088381551, -18.89999989999985
17.610386776562404, 14.962718766791072, -18.89999989999985
15.899886592230224, 16.783580890447876, -18.89999989999985
13.978753700133021, 18.380944540645658, -18.89999989999985
11.891897212497975, 19.7552140353108, -18.89999989999985
9.674860184429305, 20.908037295009173, -18.89999989999985
7.354566212532548, 21.83573556285479, -18.89999989999985
4.953555879944386, 22.528044541376794, -18.89999989999985
2.4935727436525807, 22.966024895971064, -18.89999989999985
0.0, 23.120739383332953, -18.89999989999985
3.197442310920451e-14, 22.95639788486665, -18.999999899999853
-2.4759938227299405, 22.803243511712207, -18.999999899999853
-4.918737790860867, 22.36914000622536, -18.999999899999853
-7.302936966981563, 21.682256019910916, -18.999999899999853
-9.606860356727097, 20.761175218087903, -18.999999899999853
-11.80802589840726, 19.616101277753312, -18.999999899999853
-13.879713632846387, 18.250895155271316, -18.999999899999853
-15.786877826162417, 16.66433055947938, -18.999999899999853
-17.485484326545624, 14.85649576597356, -18.999999899999853
-18.9610391054171, 12.862025354761514, -18.999999899999853
-20.216219927347105, 10.721794037133773, -18.999999899999853
-21.250228197318286, 8.466297535344763, -18.999999899999853
-22.05588829131168, 6.119531820944933, -18.999999899999853
-22.619312586888952, 3.7032454811898132, -18.999999899999853
-22.91718337963887, 1.2402953735037408, -18.999999899999853
-22.91718338244934, -1.2402953734701194, -18.999999899999853
-22.61931259661287, -3.703245483076122, -18.999999899999853
-22.05588828979553, -6.119531821329757, -18.999999899999853
-21.25022819802138, -8.466297536360468, -18.999999899999853
-20.216219953185607, -10.721794051902739, -18.999999899999853
-18.96103909140996, -12.862025346408114, -18.999999899999853
-17.48548432621869, -14.856495766367097, -18.999999899999853
-15.786877825789345, -16.66433055982948, -18.999999899999853
-13.879713629425392, -18.25089515098556, -18.999999899999853
-11.808025901467046, -19.616101284714304, -18.999999899999853
-9.606860360495986, -20.761175228340594, -18.999999899999853
-7.302936963925179, -21.682256013004967, -18.999999899999853
-4.91873779240264, -22.369140014606035, -18.999999899999853
-2.475993823819048, -22.803243522143518, -18.999999899999853
0.0, -22.956397884866643, -18.999999899999853
-4.440892098500626e-16, -22.95639788486665, -18.999999899999853
2.475993822747621, -22.803243511710026, -18.999999899999853
4.91873779089553, -22.369140006217243, -18.999999899999853
7.302936967032042, -21.682256019893536, -18.999999899999853
9.606860356791772, -20.761175218058185, -18.999999899999853
11.808025898483967, -19.616101277708246, -18.999999899999853
13.879713632932196, -18.250895155207786, -18.999999899999853
15.786877826253146, -16.66433055939403, -18.999999899999853
17.4854843266365, -14.856495765863967, -18.999999899999853
18.961039105505048, -12.862025354627649, -18.999999899999853
20.216219927429126, -10.721794036975835, -18.999999899999853
21.250228199616146, -8.46629753624278, -18.999999899999853
22.055888300628062, -6.119531823384699, -18.999999899999853
22.619312587386776, -3.7032454809194664, -18.999999899999853
22.917183379654144, -1.24029537325927, -18.999999899999853
22.917183379622198, 1.2402953737700833, -18.999999899999853
22.61931260341012, 3.7032454843904468, -18.999999899999853
22.055888299800486, 6.119531823889596, -18.999999899999853
21.250228198094003, 8.466297536178848, -18.999999899999853
20.216219953267647, 10.721794051744977, -18.999999899999853
18.961039091498048, 12.862025346274516, -18.999999899999853
17.48548432630958, 14.85649576625768, -18.999999899999853
15.78687782588008, 16.664330559744297, -18.999999899999853
13.879713629511159, 18.250895150922137, -18.999999899999853
11.808025901543695, 19.61610128466931, -18.999999899999853
9.606860360560587, 20.761175228310915, -18.999999899999853
7.302936963975603, 21.682256012987672, -18.999999899999853
4.918737792437248, 22.369140014598003, -18.999999899999853
2.475993823836669, 22.803243522141376, -18.999999899999853
0.0, 22.95639788486665, -18.999999899999853
3.197442310920451e-14, 22.78147067212907, -19.099999899999855
-2.457295048235804, 22.630015596380453, -19.099999899999855
-4.881710528647171, 22.200104760037373, -19.099999899999855
-7.248037950007198, 21.519039695025747, -19.099999899999855
-9.534546963052641, 20.605004763654872, -19.099999899999855
-11.718808548521993, 19.468140113989, -19.099999899999855
-13.774321030684128, 18.112519894697364, -19.099999899999855
-15.666590330449749, 16.53740292089227, -19.099999899999855
-17.35255939250117, 14.74344142514007, -19.099999899999855
-18.817674580738647, 12.76460506905079, -19.099999899999855
-20.06400184742303, 10.640956715078842, -19.099999899999855
-21.090392029093245, 8.402633217830468, -19.099999899999855
-21.889593378986945, 6.07351154951847, -19.099999899999855
-22.447936491472383, 3.675326553455901, -19.099999899999855
-22.742715759038962, 1.230914209170567, -19.099999899999855
-22.742715761772363, -1.2309142096864245, -19.099999899999855
-22.447936500802605, -3.675326555797515, -19.099999899999855
-21.889593376528488, -6.073511550147469, -19.099999899999855
-21.090392029606534, -8.402633219303363, -19.099999899999855
-20.0640018429723, -10.640956714305805, -19.099999899999855
-18.81767458958106, -12.764605076073575, -19.099999899999855
-17.35255940256515, -14.743441434243339, -19.099999899999855
-15.666590330074643, -16.537402921244393, -19.099999899999855
-13.774321031489503, -18.112519896396638, -19.099999899999855
-11.71880854108347, -19.468140102458026, -19.099999899999855
-9.534546959321876, -20.6050047571824, -19.099999899999855
-7.248037947149667, -21.51903968866638, -19.099999899999855
-4.8817105298805865, -22.20010476700985, -19.099999899999855
-2.4572950493990713, -22.630015607420592, -19.099999899999855
0.0, -22.781470672129068, -19.099999899999855
-4.440892098500626e-16, -22.78147067212905, -19.099999899999855
2.4572950482534424, -22.6300155963783, -19.099999899999855
4.881710528681732, -22.200104760029223, -19.099999899999855
7.248037950057547, -21.51903969500841, -19.099999899999855
9.534546963117169, -20.605004763625278, -19.099999899999855
11.718808548598481, -19.46814011394402, -19.099999899999855
13.774321030769652, -18.11251989463393, -19.099999899999855
15.666590330540233, -16.53740292080714, -19.099999899999855
17.352559392591825, -14.743441425030788, -19.099999899999855
18.81767458082641, -12.764605068917314, -19.099999899999855
20.064001847504848, -10.640956714921328, -19.099999899999855
21.090392031334076, -8.402633218705367, -19.099999899999855
21.88959338779381, -6.073511551811666, -19.099999899999855
22.447936490898435, -3.6753265530098513, -19.099999899999855
22.742715759053258, -1.2309142089406693, -19.099999899999855
22.74271575899041, 1.2309142099497472, -19.099999899999855
22.44793650681338, 3.6753265569648184, -19.099999899999855
21.889593386881515, 6.073511552812024, -19.099999899999855
21.090392029678977, 8.4026332191222, -19.099999899999855
20.064001843054164, 10.64095671414845, -19.099999899999855
18.81767458966895, 12.76460507594031, -19.099999899999855
17.352559402655857, 14.743441434134214, -19.099999899999855
15.666590330165171, 16.53740292115941, -19.099999899999855
13.774321031575045, 18.11251989633332, -19.099999899999855
11.71880854115995, 19.468140102413134, -19.099999899999855
9.534546959386354, 20.605004757152813, -19.099999899999855
7.248037947199995, 21.51903968864913, -19.099999899999855
4.881710529915142, 22.200104767001847, -19.099999899999855
2.457295049416683, 22.630015607418496, -19.099999899999855
-4.440892098500626e-16, 22.78147067212907, -19.099999899999855
2.842170943040401e-14, 22.59427638464496, -19.199999899999856
-2.437297999097551, 22.444679874607033, -19.199999899999856
-4.842121713745996, 22.019325006086262, -19.199999899999856
-7.189347495356861, 21.344533912337376, -19.199999899999856
-9.457232146755508, 20.43804122488174, -19.199999899999856
-11.623393538524134, 19.3099201527964, -19.199999899999856
-13.661565515594733, 17.96449386979682, -19.199999899999856
-15.537867933899733, 16.401578362217265, -19.199999899999856
-17.210336591435418, 14.622470062207194, -19.199999899999856
-18.66434237963948, 12.660398115775736, -19.199999899999856
-19.901251720052137, 10.554517806330015, -19.199999899999856
-20.919510620823345, 8.334570719261869, -19.199999899999856
-21.71177442342663, 6.024311441095469, -19.199999899999856
-22.26461740056708, 3.6454728622162653, -19.199999899999856
-22.55602519837567, 1.220880643532677, -19.199999899999856
-22.55602519630797, -1.2208806490280844, -19.199999899999856
-22.264617412501867, -3.6454728701053227, -19.199999899999856
-21.71177442022094, -6.024311444216725, -19.199999899999856
-20.91951061838265, -8.334570721812579, -19.199999899999856
-19.901251714836548, -10.554517807712287, -19.199999899999856
-18.66434238666165, -12.66039812432673, -19.199999899999856
-17.21033659904113, -14.622470072252835, -19.199999899999856
-15.537867931852563, -16.401578364139397, -19.199999899999856
-13.661565515522273, -17.964493874206177, -19.199999899999856
-11.623393562294957, -19.30992019725582, -19.199999899999856
-9.457232163297586, -20.438041263404415, -19.199999899999856
-7.189347492718645, -21.344533906582072, -19.199999899999856
-4.842121714634964, -22.01932501148367, -19.199999899999856
-2.43729800033795, -22.444679886282202, -19.199999899999856
0.0, -22.594276384644953, -19.199999899999856
-4.440892098500626e-16, -22.59427638464496, -19.199999899999856
2.4372979990014407, -22.444679874618632, -19.199999899999856
4.8421217135573675, -22.01932500613005, -19.199999899999856
7.189347495082087, -21.34453391243159, -19.199999899999856
9.457232139699796, -20.43804121012595, -19.199999899999856
11.623393528701373, -19.30992013653315, -19.199999899999856
13.66156551669968, -17.96449387250689, -19.199999899999856
15.537867932215093, -16.401578361413744, -19.199999899999856
17.210336601308413, -14.622470071457112, -19.199999899999856
18.664342402309526, -12.660398132130645, -19.199999899999856
19.90125164876134, -10.554517771689131, -19.199999899999856
20.91951061728156, -8.334570721828774, -19.199999899999856
21.711774414145324, -6.024311442575677, -19.199999899999856
22.264617417783334, -3.645472869488903, -19.199999899999856
22.556025196397865, -1.2208806475783136, -19.199999899999856
22.556025200996757, 1.22088064489229, -19.199999899999856
22.264617411198774, 3.6454728656414286, -19.199999899999856
21.71177441169758, 6.024311439729141, -19.199999899999856
20.91951059940835, 8.334570712500915, -19.199999899999856
19.901251694382104, 10.554517794307396, -19.199999899999856
18.664342395027607, 12.660398127256991, -19.199999899999856
17.21033660130849, 14.622470071457291, -19.199999899999856
15.537867934122005, 16.401578363462185, -19.199999899999856
13.661565515785325, 17.964493871288504, -19.199999899999856
11.623393545953734, 19.309920167388402, -19.199999899999856
9.457232135518442, 20.438041202635187, -19.199999899999856
7.189347492443818, 21.344533906676368, -19.199999899999856
4.8421217144463045, 22.01932501152762, -19.199999899999856
2.4372980002417672, 22.444679886293763, -19.199999899999856
0.0, 22.59427638464496, -19.199999899999856
2.842170943040401e-14, 22.392593083977946, -19.299999899999857
-2.4157668657257645, 22.24504085272748, -19.299999899999857
-4.799505604624254, 21.82466788320641, -19.299999899999857
-7.126176110643083, 21.156686526393692, -19.299999899999857
-9.37400679834898, 20.25832232432829, -19.299999899999857
-11.520655376293334, 19.13957742148403, -19.299999899999857
-13.540111757217664, 17.805066067327306, -19.299999899999857
-15.399182732057602, 16.255245142482977, -19.299999899999857
-17.057130391764655, 14.492146871763056, -19.299999899999857
-18.499232545262856, 12.548172810333345, -19.299999899999857
-19.72605508409102, 10.461459519705453, -19.299999899999857
-20.73557582757407, 8.261310344432381, -19.299999899999857
-21.520337401960965, 5.971353224904175, -19.299999899999857
-22.06718797919269, 3.6133327874644348, -19.299999899999857
-22.354896961226117, 1.210076265926762, -19.299999899999857
-22.354896965389514, -1.2100762660733022, -19.299999899999857
-22.067187973132135, -3.6133327865714095, -19.299999899999857
-21.520337397707486, -5.971353224437675, -19.299999899999857
-20.735575828281508, -8.261310345381023, -19.299999899999857
-19.72605514453248, -10.461459553742591, -19.299999899999857
-18.499232529183974, -12.548172803079321, -19.299999899999857
-17.05713038922211, -14.492146873110517, -19.299999899999857
-15.399182731208374, -16.255245145430106, -19.299999899999857
-13.540111755852271, -17.80506606952286, -19.299999899999857
-11.520655406970343, -19.139577477896328, -19.299999899999857
-9.37400681985853, -20.25832237384843, -19.299999899999857
-7.1261761082451685, -21.156686521301754, -19.299999899999857
-4.7995056051298475, -21.824667886848097, -19.299999899999857
-2.4157668670442853, -22.245040865048374, -19.299999899999857
0.0, -22.392593083977946, -19.299999899999857
-8.881784197001252e-16, -22.392593083977946, -19.299999899999857
2.4157668656348195, -22.24504085273839, -19.299999899999857
4.79950560444577, -21.824667883247795, -19.299999899999857
7.126176110383076, -21.156686526482755, -19.299999899999857
9.374006804202176, -20.25832233825484, -19.299999899999857
11.520655384471855, -19.1395774367444, -19.299999899999857
13.540111755609736, -17.80506606584137, -19.299999899999857
15.399182732677426, -16.255245144050008, -19.299999899999857
17.057130382110007, -14.492146864622494, -19.299999899999857
18.499232522239257, -12.548172795768927, -19.299999899999857
19.726055148937835, -10.461459553176768, -19.299999899999857
20.7355758302173, -8.261310343900467, -19.299999899999857
21.520337409950304, -5.971353225562358, -19.299999899999857
22.067187961682748, -3.613332782806507, -19.299999899999857
22.354896962853083, -1.2100762646733276, -19.299999899999857
22.35489696114714, 1.2100762672070493, -19.299999899999857
22.06718797451946, 3.6133327878292185, -19.299999899999857
21.52033740800104, 5.971353226079072, -19.299999899999857
20.735575809367, 8.26131033619439, -19.299999899999857
19.72605512618166, 10.461459541599588, -19.299999899999857
18.499232538140614, 12.548172806550609, -19.299999899999857
17.057130391295587, 14.492146872326272, -19.299999899999857
15.399182733043508, 16.255245144494793, -19.299999899999857
13.540111756131024, 17.80506606682189, -19.299999899999857
11.520655392599334, 19.139577451527416, -19.299999899999857
9.374006794224627, 20.258322317808627, -19.299999899999857
7.126176107985153, 21.156686521390917, -19.299999899999857
4.799505604951366, 21.824667886889607, -19.299999899999857
2.415766866953321, 22.24504086505926, -19.299999899999857
0.0, 22.392593083977946, -19.299999899999857
2.842170943040401e-14, 22.17337647364038, -19.39999989999986
-2.3923785302205394, 22.028090316760625, -19.39999989999986
-4.753223991269718, 21.613210832805052, -19.39999989999986
-7.0575789811662775, 20.95268551395973, -19.39999989999986
-9.283625197299322, 20.063159193633936, -19.39999989999986
-11.4090518778148, 18.9545577903545, -19.39999989999986
-13.408130114041136, 17.631837242702566, -19.39999989999986
-15.248441335126408, 16.096194993544156, -19.39999989999986
-16.89063133445917, 14.3505059417969, -19.39999989999986
-18.319864945780996, 12.42624143556097, -19.39999989999986
-19.53578876530391, 10.360387297378855, -19.39999989999986
-20.535835931651047, 8.181756268825742, -19.39999989999986
-21.312413001897838, 5.913844489521578, -19.39999989999986
-21.85267842326814, 3.578424474800472, -19.39999989999986
-22.13629657518286, 1.1983388115994427, -19.39999989999986
-22.136296573829235, -1.1983388114712155, -19.39999989999986
-21.852678436996325, -3.578424477258439, -19.39999989999986
-21.312413001133546, -5.913844487740101, -19.39999989999986
-20.535835911907274, -8.181756258855494, -19.39999989999986
-19.535788804359303, -10.360387316748493, -19.39999989999986
-18.319864939832247, -12.426241431562795, -19.39999989999986
-16.890631334459187, -14.350505941796873, -19.39999989999986
-15.248441336123651, -16.096194994638168, -19.39999989999986
-13.408130113693668, -17.631837242292214, -19.39999989999986
-11.409051893913519, -18.954557819026288, -19.39999989999986
-9.283625193930519, -20.063159187847766, -19.39999989999986
-7.057578979030119, -20.95268550959182, -19.39999989999986
-4.753223991349505, -21.613210834492676, -19.39999989999986
-2.3923785316156256, -22.028090329716864, -19.39999989999986
0.0, -22.17337647364036, -19.39999989999986
-8.881784197001252e-16, -22.17337647364036, -19.39999989999986
2.3923785302205602, -22.028090316760608, -19.39999989999986
4.753223991269726, -21.61321083280499, -19.39999989999986
7.057578981166275, -20.952685513959658, -19.39999989999986
9.283625197299298, -20.063159193633833, -19.39999989999986
11.409051877814758, -18.954557790354375, -19.39999989999986
13.408130114041006, -17.631837242702332, -19.39999989999986
15.2484413351263, -16.096194993543975, -19.39999989999986
16.89063133445905, -14.35050594179672, -19.39999989999986
18.31986494578087, -12.426241435560794, -19.39999989999986
19.535788765303835, -10.36038729737871, -19.39999989999986
20.535835931651025, -8.18175626882563, -19.39999989999986
21.312413001897784, -5.913844489521463, -19.39999989999986
21.852678423268102, -3.5784244748003657, -19.39999989999986
22.13629657518285, -1.1983388115993479, -19.39999989999986
22.13629657382923, 1.198338811471303, -19.39999989999986
21.85267843699633, 3.5784244772585208, -19.39999989999986
21.312413001133542, 5.913844487740171, -19.39999989999986
20.535835911907462, 8.181756258855636, -19.39999989999986
19.53578880435928, 10.360387316748541, -19.39999989999986
18.31986493983223, 12.426241431562834, -19.39999989999986
16.890631334459147, 14.350505941796882, -19.39999989999986
15.248441336123607, 16.09619499463816, -19.39999989999986
13.408130113693618, 17.631837242292193, -19.39999989999986
11.40905189391348, 18.954557819026267, -19.39999989999986
9.283625193930487, 20.063159187847738, -19.39999989999986
7.057578979030112, 20.952685509591852, -19.39999989999986
4.753223991349519, 21.61321083449275, -19.39999989999986
2.3923785316156443, 22.028090329716893, -19.39999989999986
0.0, 22.17337647364038, -19.39999989999986
2.842170943040401e-14, 21.93225472341445, -19.49999989999986
-2.366668922453409, 21.789508041540966, -19.49999989999986
-4.702360218376093, 21.380756400464342, -19.49999989999986
-6.982199079563126, 20.728492070226938, -19.49999989999986
-9.18429814986156, 19.84868985542186, -19.49999989999986
-11.286368094170758, 18.751192839425347, -19.49999989999986
-13.262992939581848, 17.44136166497768, -19.49999989999986
-15.082637466391835, 15.921256659113567, -19.49999989999986
-16.70752277910393, 14.194724033635119, -19.49999989999986
-18.122677660975132, 12.292180173704692, -19.49999989999986
-19.32668497518141, 10.249298115309642, -19.49999989999986
-20.31633869289647, 8.09433458758972, -19.49999989999986
-21.083880118940467, 5.85064709656173, -19.49999989999986
-21.616823674231714, 3.540055893969566, -19.49999989999986
-21.895866233233644, 1.1854352532529278, -19.49999989999986
-21.89586623683284, -1.1854352528976797, -19.49999989999986
-21.616823674405822, -3.5400558936310227, -19.49999989999986
-21.083880105532316, -5.850647092965106, -19.49999989999986
-20.316338692770522, -8.094334587905157, -19.49999989999986
-19.32668494407074, -10.249298098932034, -19.49999989999986
-18.122677646941565, -12.29218016380986, -19.49999989999986
-16.707522785718115, -14.194724038519878, -19.49999989999986
-15.082637466099039, -15.921256658097395, -19.49999989999986
-13.262992938587749, -17.441361663132916, -19.49999989999986
-11.286368102284461, -18.751192852602514, -19.49999989999986
-9.184298139791707, -19.848689833982732, -19.49999989999986
-6.982199080270417, -20.72849207312702, -19.49999989999986
-4.7023602189506, -21.38075640330058, -19.49999989999986
-2.3666689238795695, -21.789508055378782, -19.49999989999986
0.0, -21.93225472341442, -19.49999989999986
-8.881784197001252e-16, -21.932254723414438, -19.49999989999986
2.3666689224199664, -21.789508041544885, -19.49999989999986
4.702360218310447, -21.380756400479456, -19.49999989999986
6.982199079467494, -20.72849207025959, -19.49999989999986
9.184298149739062, -19.848689855477986, -19.49999989999986
11.286368094025562, -18.751192839510704, -19.49999989999986
13.262992939419526, -17.441361665098096, -19.49999989999986
15.08263746621989, -15.921256659274906, -19.49999989999986
16.70752277893108, -14.19472403384183, -19.49999989999986
18.122677660807483, -12.292180173957243, -19.49999989999986
19.32668497502544, -10.249298115608159, -19.49999989999986
20.316338692758954, -8.094334587933751, -19.49999989999986
21.083880105136867, -5.850647092902937, -19.49999989999986
21.616823660069365, -3.5400558912416002, -19.49999989999986
21.89586622129355, -1.1854352507457313, -19.49999989999986
21.89586623326433, 1.1854352527485126, -19.49999989999986
21.61682367643176, 3.5400558938183506, -19.49999989999986
21.083880110694125, 5.850647094386349, -19.49999989999986
20.316338692814256, 8.094334587795732, -19.49999989999986
19.32668497230303, 10.249298113928463, -19.49999989999986
18.122677638205136, 12.29218015863094, -19.49999989999986
16.70752274977956, 14.194724009583165, -19.49999989999986
15.082637466575914, 15.92125665894044, -19.49999989999986
13.262992938995088, 17.441361663776885, -19.49999989999986
11.28636810882318, 18.75119286373143, -19.49999989999986
9.184298138578791, 19.848689831632672, -19.49999989999986
6.982199080174765, 20.72849207315977, -19.49999989999986
4.702360218884947, 21.380756403315818, -19.49999989999986
2.366668923846091, 21.78950805538261, -19.49999989999986
0.0, 21.93225472341445, -19.49999989999986
2.842170943040401e-14, 21.662535254416806, -19.59999989999986
-2.3379275489579023, 21.52268012766021, -19.59999989999986
-4.645510820918592, 21.120878264859005, -19.59999989999986
-6.897958700005107, 20.477922599531897, -19.59999989999986
-9.07328629336889, 19.609001334570742, -19.59999989999986
-11.149212933050567, 18.523866085555998, -19.59999989999986
-13.100677491726263, 17.228364073284244, -19.59999989999986
-14.89716900137772, 15.725575435052368, -19.59999989999986
-16.50272728350957, 14.020479089480698, -19.59999989999986
-17.902217302342553, 12.142278167856523, -19.59999989999986
-19.092974957913455, 10.12512524654621, -19.59999989999986
-20.071033061339755, 7.996635575677151, -19.59999989999986
-20.82842918837055, 5.780018454151628, -19.59999989999986
-21.35309390816428, 3.497167478032263, -19.59999989999986
-21.626934724249743, 1.1710088304839013, -19.59999989999986
-21.626934725764908, -1.171008830383232, -19.59999989999986
-21.35309392443044, -3.497167481011668, -19.59999989999986
-20.828429192553244, -5.7800184556790555, -19.59999989999986
-20.07103306123622, -7.996635575936541, -19.59999989999986
-19.09297495190056, -10.125125243439095, -19.59999989999986
-17.90221730562215, -12.142278170032519, -19.59999989999986
-16.50272728888514, -14.0204790938581, -19.59999989999986
-14.897169005887028, -15.72557543979631, -19.59999989999986
-13.100677492290549, -17.228364073969228, -19.59999989999986
-11.149212951389144, -18.5238661167914, -19.59999989999986
-9.073286291953073, -19.60900133212463, -19.59999989999986
-6.897958700559373, -20.477922601849194, -19.59999989999986
-4.645510821009002, -21.120878265312168, -19.59999989999986
-2.337927550470822, -21.52268014193547, -19.59999989999986
0.0, -21.662535254416785, -19.59999989999986
-8.881784197001252e-16, -21.662535254416806, -19.59999989999986
2.337927548974702, -21.522680127658177, -19.59999989999986
4.645510820951533, -21.12087826485136, -19.59999989999986
6.897958700053076, -20.47792259951542, -19.59999989999986
9.07328629343028, -19.609001334542395, -19.59999989999986
11.149212933123286, -18.523866085512903, -19.59999989999986
13.10067749180746, -17.228364073223442, -19.59999989999986
14.89716900146377, -15.725575434971104, -19.59999989999986
16.502727283596126, -14.02047908937673, -19.59999989999986
17.902217302426397, -12.142278167729497, -19.59999989999986
19.09297495799165, -10.125125246396257, -19.59999989999986
20.07103306140867, -7.9966355755043645, -19.59999989999986
20.82842918842618, -5.780018453956481, -19.59999989999986
21.353093908201934, -3.497167477815686, -19.59999989999986
21.626934724263986, -1.1710088302476032, -19.59999989999986
21.626934725749646, 1.1710088306363924, -19.59999989999986
21.353093924383987, 3.4971674812781606, -19.59999989999986
20.828429192474342, 5.780018455955415, -19.59999989999986
20.071033061123355, 7.9966355762191235, -19.59999989999986
19.09297492809351, 10.125125230997645, -19.59999989999986
17.90221731480262, 12.142278175771317, -19.59999989999986
16.502727283596226, 14.020479089376927, -19.59999989999986
14.897168980740627, 15.725575413682714, -19.59999989999986
13.100677491882944, 17.228364073502924, -19.59999989999986
11.149212944449832, 18.523866105169702, -19.59999989999986
9.07328629281756, 19.609001333867443, -19.59999989999986
6.897958700607341, 20.47792260183283, -19.59999989999986
4.6455108210419525, 21.12087826530466, -19.59999989999986
2.337927550487641, 21.522680141933705, -19.59999989999986
0.0, 21.662535254416813, -19.59999989999986
2.842170943040401e-14, 21.352981845339027, -19.699999899999863
-2.304961427517563, 21.216501912572635, -19.699999899999863
-4.580319141421265, 20.822786033264208, -19.699999899999863
-6.801369008339726, 20.190593946431708, -19.699999899999863
-8.945989926644685, 19.334164993534547, -19.699999899999863
-10.991892492881133, 18.263146845856472, -19.699999899999863
-12.914429580315542, 16.98398716470759, -19.699999899999863
-14.684309289149917, 15.501000591195485, -19.699999899999863
-16.26772004917831, 13.820514644154242, -19.699999899999863
-17.649327328993405, 11.970304813254277, -19.699999899999863
-18.824972365893903, 9.982719423098663, -19.699999899999863
-19.789758362783502, 7.884612904816775, -19.699999899999863
-20.535465826521254, 5.699032481367715, -19.699999899999863
-21.050525412131762, 3.447980099580733, -19.699999899999863
-21.31830154516368, 1.1544605368221446, -19.699999899999863
-21.318301548878807, -1.154460536494812, -19.699999899999863
-21.05052541244042, -3.447980098937633, -19.699999899999863
-20.53546576697752, -5.699032465217461, -19.699999899999863
-19.789758362852773, -7.884612904643504, -19.699999899999863
-18.824972365980443, -9.982719422933334, -19.699999899999863
-17.649327304312052, -11.97030479644875, -19.699999899999863
-16.267720048902664, -13.820514643500662, -19.699999899999863
-14.684309289454074, -15.50100059090909, -19.699999899999863
-12.914429580240858, -16.983987163942732, -19.699999899999863
-10.991892500834314, -18.2631468584998, -19.699999899999863
-8.945989928324149, -19.334164997780256, -19.699999899999863
-6.801369008120959, -20.1905939465063, -19.699999899999863
-4.5803191408898885, -20.822786030723588, -19.699999899999863
-2.304961429094917, -21.21650192714283, -19.699999899999863
0.0, -21.352981845339, -19.699999899999863
-1.3322676295501878e-15, -21.352981845339, -19.699999899999863
2.3049614275032715, -21.21650191257425, -19.699999899999863
4.5803191413931925, -20.822786033270596, -19.699999899999863
6.80136900829882, -20.190593946445574, -19.699999899999863
8.945989926592304, -19.334164993558492, -19.699999899999863
10.99189249281907, -18.26314684589296, -19.699999899999863
12.91442958024618, -16.98398716475908, -19.699999899999863
14.68430928907637, -15.501000591264376, -19.699999899999863
16.267720049104167, -13.82051464424235, -19.699999899999863
17.649327328921387, -11.970304813361942, -19.699999899999863
18.82497236582702, -9.9827194232261, -19.699999899999863
19.789758362724704, -7.884612904963776, -19.699999899999863
20.535465767546274, -5.699032465753244, -19.699999899999863
21.050525396970638, -3.447980096645958, -19.699999899999863
21.31830154550959, -1.1544605367363827, -19.699999899999863
21.3183015452014, 1.1544605361895197, -19.699999899999863
21.05052541327356, 3.4479800991264815, -19.699999899999863
20.53546577004619, 5.699032466291483, -19.699999899999863
19.789758362794004, 7.884612904790726, -19.699999899999863
18.82497236591363, 9.982719423061011, -19.699999899999863
17.649327304240323, 11.970304796556798, -19.699999899999863
16.267720048828643, 13.820514643589037, -19.699999899999863
14.684309289380614, 15.50100059097822, -19.699999899999863
12.914429580171552, 16.98398716399442, -19.699999899999863
10.991892500772245, 18.263146858536388, -19.699999899999863
8.945989928271752, 19.334164997804287, -19.699999899999863
6.801369008080052, 20.190593946520302, -19.699999899999863
4.580319140861824, 20.82278603073012, -19.699999899999863
2.30496142908059, 21.216501927144243, -19.699999899999863
4.440892098500626e-16, 21.352981845339027, -19.699999899999863
2.842170943040401e-14, 20.981745935690935, -19.799999899999865
-2.265450575667926, 20.84937960369237, -19.799999899999865
-4.502201988526963, 20.465495697467055, -19.799999899999865
-6.685644942438047, 19.846313387863507, -19.799999899999865
-8.793463709727538, 19.00487178477408, -19.799999899999865
-10.80333381877754, 17.950694826551647, -19.799999899999865
-12.691115086961227, 16.691006842936694, -19.799999899999865
-14.429034143810092, 15.231683269434852, -19.799999899999865
-15.985924072273864, 13.580720195749999, -19.799999899999865
-17.346200886038783, 11.764143615778332, -19.799999899999865
-18.503839503069692, 9.812066690940151, -19.799999899999865
-19.45275440482452, 7.750397364403539, -19.799999899999865
-20.18438638633511, 5.6019984331875206, -19.799999899999865
-20.68779755987755, 3.3890337682087863, -19.799999899999865
-20.94818720867346, 1.1346255115609563, -19.799999899999865
-20.948187206602782, -1.1346255111606736, -19.799999899999865
-20.687797576044165, -3.3890337707614266, -19.799999899999865
-20.184386389459885, -5.601998434024487, -19.799999899999865
-19.452754404848143, -7.750397364344645, -19.799999899999865
-18.50383950243992, -9.812066690433928, -19.799999899999865
-17.346200878542444, -11.76414361045414, -19.799999899999865
-15.98592407020972, -13.580720193654544, -19.799999899999865
-14.429034143424335, -15.231683268541921, -19.799999899999865
-12.691115088665839, -16.6910068446239, -19.799999899999865
-10.80333382983977, -17.950694844581765, -19.799999899999865
-8.79346370971217, -19.004871784587984, -19.799999899999865
-6.685644942798154, -19.84631338868556, -19.799999899999865
-4.502201986098062, -20.465495685397542, -19.799999899999865
-2.265450577279104, -20.849379618381978, -19.799999899999865
-3.552713678800501e-15, -20.981745935690913, -19.799999899999865
-1.7763568394002505e-15, -20.981745935690906, -19.799999899999865
2.2654505756877046, -20.84937960369004, -19.799999899999865
4.5022019885657585, -20.465495697458127, -19.799999899999865
6.685644942494534, -19.846313387844173, -19.799999899999865
8.793463709799793, -19.00487178474067, -19.799999899999865
10.803333818863033, -17.950694826500722, -19.799999899999865
12.691115087056696, -16.69100684286495, -19.799999899999865
14.429034143911307, -15.231683269339088, -19.799999899999865
15.985924072375992, -13.580720195627798, -19.799999899999865
17.34620088613802, -11.76414361562914, -19.799999899999865
18.503839503161995, -9.812066690763748, -19.799999899999865
19.452754404905637, -7.7503973642001265, -19.799999899999865
20.184386414079814, -5.6019984403689085, -19.799999899999865
20.687797575520158, -3.3890337709912752, -19.799999899999865
20.948187206585278, -1.1346255114585537, -19.799999899999865
20.94818720684794, 1.1346255106731633, -19.799999899999865
20.68779757580255, 3.389033770872571, -19.799999899999865
20.18438638663368, 5.601998432965197, -19.799999899999865
19.45275440492924, 7.750397364141487, -19.799999899999865
18.503839502532283, 9.812066690257817, -19.799999899999865
17.34620087864178, 11.76414361030526, -19.799999899999865
15.98592407031198, 13.580720193532663, -19.799999899999865
14.429034143525639, 15.231683268446433, -19.799999899999865
12.691115088761352, 16.691006844552376, -19.799999899999865
10.803333829925277, 17.950694844530997, -19.799999899999865
8.793463709784406, 19.00487178455467, -19.799999899999865
6.685644942854641, 19.84631338866636, -19.799999899999865
4.502201986136884, 20.465495685388845, -19.799999899999865
2.265450577298883, 20.84937961837972, -19.799999899999865
0.0, 20.981745935690927, -19.799999899999865
2.842170943040401e-14, 20.49258670888751, -19.899999899999866
-2.213422381950582, 20.36572539726339, -19.899999899999866
-4.399359684487005, 19.994985443790146, -19.899999899999866
-6.533317893308192, 19.393094368135863, -19.899999899999866
-8.592677746718842, 18.57140983418546, -19.899999899999866
-10.555030578809324, 17.539293534047356, -19.899999899999866
-12.396923243963618, 16.30508286075986, -19.899999899999866
-14.092669341192568, 14.876826280314729, -19.899999899999866
-15.614666702682245, 13.264772783601542, -19.899999899999866
-16.946996153600505, 11.49260264622204, -19.899999899999866
-18.08107828847701, 9.587386370846561, -19.899999899999866
-19.009147832227434, 7.573729304842888, -19.899999899999866
-19.72214778670375, 5.474265243919846, -19.899999899999866
-20.21002392307534, 3.311420785739712, -19.899999899999866
-20.46052784410619, 1.1085050139231087, -19.899999899999866
-20.46052783792004, -1.1085050143769573, -19.899999899999866
-20.21002392632548, -3.3114207864865643, -19.899999899999866
-19.72214778772328, -5.474265244504189, -19.899999899999866
-19.00914783212316, -7.573729305104534, -19.899999899999866
-18.08107828477679, -9.587386369030241, -19.899999899999866
-16.94699615329815, -11.492602646015095, -19.899999899999866
-15.614666702682207, -13.26477278360137, -19.899999899999866
-14.09266938760004, -14.876826328096858, -19.899999899999866
-12.39692325967431, -16.305082880169717, -19.899999899999866
-10.555030591659223, -17.539293550512784, -19.899999899999866
-8.592677748855328, -18.57140983321254, -19.899999899999866
-6.5333178955273485, -19.393094367377454, -19.899999899999866
-4.3993596868555604, -19.99498544196307, -19.899999899999866
-2.2134223817136576, -20.365725391204865, -19.899999899999866
-3.552713678800501e-15, -20.492586708887497, -19.899999899999866
-1.9984014443252818e-15, -20.492586708887497, -19.899999899999866
2.2134223820406778, -20.36572539725304, -19.899999899999866
4.399359684663915, -19.994985443750245, -19.899999899999866
6.533317893565733, -19.3930943680483, -19.899999899999866
8.59267774716341, -18.57140983428412, -19.899999899999866
10.555030580032003, -17.539293535429493, -19.899999899999866
12.39692323632584, -16.305082850335427, -19.899999899999866
14.092669336121944, -14.876826274832753, -19.899999899999866
15.614666649578805, -13.264772740610308, -19.899999899999866
16.946996141604497, -11.492602640472443, -19.899999899999866
18.08107828797697, -9.58738637252714, -19.899999899999866
19.009147831622627, -7.573729306358458, -19.899999899999866
19.72214778628508, -5.474265245403011, -19.899999899999866
20.2100239228325, -3.3114207871696824, -19.899999899999866
20.460527844027997, -1.1085050152806364, -19.899999899999866
20.46052783799303, 1.1085050131099325, -19.899999899999866
20.21002392652276, 3.3114207853247164, -19.899999899999866
19.722147788018745, 5.474265243457256, -19.899999899999866
19.009147832492555, 7.5737293041783, -19.899999899999866
18.08107828519874, 9.587386368227913, -19.899999899999866
16.946996153752238, 11.492602645337282, -19.899999899999866
15.614666703149254, 13.264772783046572, -19.899999899999866
14.092669388061553, 14.87682632766136, -19.899999899999866
12.396923260109102, 16.30508287984295, -19.899999899999866
10.555030592048682, 17.53929355028095, -19.899999899999866
8.59267774918458, 18.57140983306069, -19.899999899999866
6.533317895784831, 19.393094367290033, -19.899999899999866
4.399359687032412, 19.994985441923294, -19.899999899999866
2.213422381803714, 20.365725391194697, -19.899999899999866
8.881784197001252e-16, 20.49258670888752, -19.899999899999866
