-0.0, -0.16614297813328366, 0.9861016736711298
-0.017598718758669276, -0.16608116890816016, 0.985955034690808
-0.03578953149134282, -0.16482477911025292, 0.9856733239907056
-0.05403383750757805, -0.16111109848368224, 0.9854560154312245
-0.07155583290973115, -0.1543048890739896, 0.985428720904997
-0.08752840242949914, -0.1446331153811258, 0.9856064329656588
-0.1017131183208485, -0.13295899022095195, 0.9858886085561969
-0.1144126468620735, -0.12056257447565112, 0.9860904684022748
-0.12677819773778748, -0.1081903842853134, 0.9860132500765669
-0.138966563494583, -0.09484650945702429, 0.9857446088487244
-0.14978524931131568, -0.07976533612718593, 0.985495748464327
-0.15810314403038792, -0.062936504640207, 0.9854148325610792
-0.16333098387136102, -0.04495645276066045, 0.9855465017252062
-0.16569551934120752, -0.02662837281343477, 0.9858173890896611
-0.16616309834499596, -0.008727944728888437, 0.9860596572871242
-0.16616309834499765, 0.008727944728888553, 0.9860596572871239
-0.1656955184274752, 0.026628372669534696, 0.9858173892471276
-0.16333098449969158, 0.04495645292419637, 0.9855465016136153
-0.15810314203824724, 0.06293650383850195, 0.985414832931908
-0.14978524453243913, 0.07976533356624389, 0.9854957493979479
-0.13896656490796128, 0.09484651042805511, 0.9857446085560408
-0.12677819773779195, 0.1081903842853175, 0.9860132500765659
-0.11441264686208016, 0.12056257447565685, 0.9860904684022732
-0.10171311832085542, 0.13295899022095867, 0.9858886085561952
-0.0875283995189893, 0.14463311059005737, 0.9856064339271982
-0.07155583045666412, 0.154304883785031, 0.9854287219113035
-0.05403383751836887, 0.1611110985118983, 0.9854560154260199
-0.0357895320844934, 0.1648247818775211, 0.9856733235064244
-0.017598718758670952, 0.1660811689081642, 0.9859550346908074
0.0, 0.16614297813328377, 0.9861016736711298
1.394188270328516e-17, 0.16614297813328435, 0.9861016736711297
0.017598718758669328, 0.16608116890816432, 0.9859550346908073
0.03578953149134303, 0.16482477911025453, 0.9856733239907054
0.05403383750757848, 0.16111109848368405, 0.9854560154312243
0.07155583290973379, 0.15430488907399503, 0.9854287209049959
0.08752840242949961, 0.14463311538112553, 0.9856064329656588
0.10171311832085173, 0.1329589902209558, 0.985888608556196
0.11441264686207486, 0.12056257447565114, 0.9860904684022745
0.12677819773778748, 0.10819038428531196, 0.9860132500765671
0.13896656349458283, 0.0948465094570235, 0.9857446088487245
0.14978524931131207, 0.07976533612718292, 0.9854957484643277
0.15810314403039114, 0.06293650464020636, 0.9854148325610786
0.16333098387136002, 0.044956452760658405, 0.9855465017252064
0.1656955193412076, 0.02662837281343393, 0.9858173890896611
0.16616309834499976, 0.00872794472888775, 0.9860596572871235
0.16616309834499882, -0.008727944728888559, 0.9860596572871236
0.16569551842747915, -0.026628372669533246, 0.9858173892471269
0.1633309844996862, -0.04495645292419128, 0.9855465016136165
0.1581031420382392, -0.06293650383849445, 0.9854148329319097
0.14978524453242903, -0.07976533356623425, 0.9854957493979504
0.1389665649079501, -0.09484651042804389, 0.9857446085560435
0.12677819773777824, -0.10819038428530427, 0.9860132500765693
0.1144126468620682, -0.1205625744756461, 0.9860904684022759
0.1017131183208432, -0.13295899022094843, 0.9858886085561978
0.08752839951897722, -0.14463311059004844, 0.9856064339272005
0.07155583045665387, -0.1543048837850222, 0.9854287219113057
0.05403383751836307, -0.16111109851189168, 0.9854560154260213
0.03578953208448925, -0.16482478187751737, 0.9856733235064252
0.017598718758667562, -0.16608116890816596, 0.9859550346908071
-2.2560709267376763e-16, -0.16614297813328366, 0.9861016736711298
-0.0, -0.2858144474702596, 0.9582849793340551
-0.029709150960793913, -0.2855521295623137, 0.9579025773279954
-0.060861445525232684, -0.28308586632054544, 0.9571615729531381
-0.09240407650430482, -0.2764116514552201, 0.9565866848253662
-0.1228692265409312, -0.2645438854258248, 0.956514341687066
-0.1506814673688146, -0.24794166999283612, 0.9569848607333056
-0.1752658124987058, -0.22811883647315584, 0.9577284016960664
-0.1969486642684849, -0.20726012567783506, 0.9582559490798206
-0.217696580303987, -0.18638436540959757, 0.9580548352024593
-0.2382952331450913, -0.16339253680205149, 0.9573496021713891
-0.2567596786721745, -0.13716766727137547, 0.9566919558894028
-0.27113667207850894, -0.10786869007076255, 0.9564775223478119
-0.28036305953770596, -0.07668066379596, 0.9568263325423625
-0.28474253371583624, -0.04512717494295076, 0.9575412406652541
-0.2858038338787319, -0.014669426381652799, 0.9581758588431726
-0.2858038338787303, 0.014669426381653, 0.958175858843173
-0.2847425361828499, 0.0451271753261821, 0.9575412399135811
-0.28036305960439256, 0.07668066381414061, 0.9568263325213654
-0.2711366724987681, 0.1078686902392613, 0.9564775222096764
-0.2567596781621284, 0.13716766699817728, 0.9566919560654606
-0.23829523933316185, 0.16339254108920703, 0.9573495998994114
-0.21769658030399647, 0.1863843654096065, 0.9580548352024553
-0.19694866426849367, 0.20726012567784255, 0.958255949079817
-0.17526581249871437, 0.22811883647316403, 0.957728401696063
-0.15068146768778837, 0.2479416705121642, 0.956984860548531
-0.12286922660331127, 0.26454388556089214, 0.9565143416416974
-0.09240407666280438, 0.27641165193636136, 0.9565866846710268
-0.06086144562799377, 0.2830858668087331, 0.9571615728022198
-0.029709150960795672, 0.285552129562316, 0.9579025773279948
5.334189878820458e-18, 0.2858144474702586, 0.9582849793340553
0.0, 0.2858144474702584, 0.9582849793340553
0.02970915096079301, 0.28555212956231635, 0.9579025773279947
0.06086144552523184, 0.2830858663205459, 0.957161572953138
0.09240407650430343, 0.2764116514552187, 0.9565866848253668
0.12286922654092598, 0.2645438854258149, 0.9565143416870695
0.15068146736881358, 0.24794166999283437, 0.9569848607333062
0.17526581249870735, 0.22811883647315792, 0.9577284016960658
0.1969486642684895, 0.20726012567783775, 0.9582559490798189
0.21769658030399056, 0.1863843654095984, 0.9580548352024583
0.23829523314509735, 0.16339253680205504, 0.9573496021713869
0.2567596786721813, 0.13716766727137783, 0.9566919558894005
0.2711366720785164, 0.10786869007076286, 0.9564775223478097
0.2803630595377097, 0.07668066379595884, 0.9568263325423616
0.284742533715846, 0.045127174942951376, 0.9575412406652511
0.28580383387873576, 0.014669426381651985, 0.9581758588431716
0.2858038338787357, -0.014669426381652959, 0.9581758588431715
0.28474253618284473, -0.04512717532617793, 0.9575412399135829
0.2803630596043894, -0.07668066381413423, 0.956826332521367
0.2711366724987592, -0.10786869023925102, 0.9564775222096802
0.25675967816211714, -0.13716766699816474, 0.9566919560654655
0.23829523933314506, -0.16339254108918996, 0.9573495998994184
0.21769658030397615, -0.18638436540958678, 0.9580548352024639
0.1969486642684757, -0.20726012567782653, 0.9582559490798244
0.17526581249869483, -0.22811883647314707, 0.9577284016960705
0.15068146768776966, -0.24794167051215033, 0.9569848605485377
0.12286922660329744, -0.264543885560883, 0.9565143416417017
0.09240407666279585, -0.276411651936351, 0.9565866846710306
0.06086144562798598, -0.2830858668087188, 0.9571615728022245
0.029709150960790236, -0.2855521295623167, 0.9579025773279947
-3.799400255211415e-16, -0.2858144474702596, 0.9582849793340551
-4.802353025171204e-16, -0.3662900715736077, 0.9305007165320193
0.03760401208775563, -0.36577078966132975, 0.9299449810098613
0.07737830465087302, -0.36225080540249543, 0.9288632579419858
0.11788553210117844, -0.3533817054295909, 0.9280217516787501
0.15716551612384308, -0.3380403772894413, 0.9279157848983594
0.1930977200259955, -0.3168698440533046, 0.9286047450074745
0.22480371055751883, -0.2917836932480788, 0.9296911143353379
0.25250197912811295, -0.26549837871658244, 0.9304586833574354
0.27864066713267177, -0.23905952917309548, 0.9301666088026368
0.30464390138658065, -0.2095100250140398, 0.9291381182400062
0.3280877855421669, -0.17563552095826157, 0.9281759363158243
0.3465271005412048, -0.13780909836835742, 0.9278618544791063
0.3585872984412846, -0.0976691968967986, 0.9283727039148207
0.3645600983477561, -0.05725457281028632, 0.9294180160643466
0.3662239085859861, -0.01851721129744703, 0.9303424969685997
0.3662239085860259, 0.018517211293613587, 0.9303424969686604
0.36456010087578145, 0.05725457319295528, 0.9294180150491664
0.35858729659673994, 0.0976691964047319, 0.9283727046790505
0.3465270992409937, 0.1378090978504826, 0.9278618550416105
0.32808778492646373, 0.1756355206253593, 0.9281759365964545
0.3046439061609736, 0.20951002833360852, 0.9291381159260633
0.27864066713537666, 0.23905952917029344, 0.9301666088025466
0.2525019791308066, 0.265498378713935, 0.9304586833574598
0.22480371060853926, 0.2917836933070226, 0.9296911143045014
0.19309771880243587, 0.31686984208347313, 0.9286047459340762
0.15716551540290485, 0.3380403757544445, 0.9279157855796685
0.11788553194732629, 0.3533817049592345, 0.928021751877401
0.07737830448838534, 0.3622508046224671, 0.9288632582597278
0.037604012087758966, 0.36577078966133014, 0.9299449810098609
0.0, 0.3662900715736091, 0.9305007165320187
0.0, 0.36629007157360705, 0.9305007165320195
-0.03760401208776254, 0.36577078966133075, 0.9299449810098607
-0.0773783046508789, 0.36225080540249815, 0.9288632579419842
-0.11788553210118688, 0.35338170542959996, 0.9280217516787457
-0.1571655161238609, 0.33804037728945624, 0.9279157848983508
-0.19309772002601724, 0.3168698440533204, 0.9286047450074646
-0.22480371055754214, 0.29178369324809983, 0.9296911143353257
-0.25250197912814015, 0.2654983787166078, 0.9304586833574209
-0.27864066713269486, 0.23905952917311774, 0.930166608802624
-0.3046439013866006, 0.2095100250140595, 0.9291381182399953
-0.3280877855421845, 0.1756355209582787, 0.928175936315815
-0.34652710054121566, 0.1378090983683694, 0.9278618544791004
-0.35858729844128834, 0.09766919689680585, 0.9283727039148186
-0.36456009834775593, 0.05725457281029014, 0.9294180160643464
-0.36622390858598264, 0.01851721129744714, 0.9303424969686012
-0.3662239085860227, -0.018517211293614527, 0.9303424969686617
-0.36456010087577595, -0.0572545731929553, 0.9294180150491687
-0.35858729659673433, -0.09766919640473297, 0.9283727046790525
-0.3465270992409851, -0.13780909785048248, 0.9278618550416138
-0.32808778492645985, -0.1756355206253586, 0.928175936596456
-0.30464390616097037, -0.20951002833360738, 0.9291381159260645
-0.2786406671353721, -0.23905952917029283, 0.9301666088025482
-0.25250197913080313, -0.26549837871393467, 0.9304586833574607
-0.22480371060853827, -0.29178369330702136, 0.929691114304502
-0.1930977188024351, -0.3168698420834727, 0.9286047459340766
-0.1571655154029072, -0.3380403757544488, 0.9279157855796666
-0.11788553194732622, -0.35338170495923077, 0.9280217518774024
-0.07737830448838601, -0.362250804622466, 0.9288632582597282
-0.03760401208776018, -0.36577078966132964, 0.929944981009861
-0.0, -0.3662900715736077, 0.9305007165320194
-0.0, -0.43017705023342656, 0.9027445405276445
-0.043744844662580364, -0.42936614544405954, 0.902070452742998
-0.09030136066257004, -0.4248366944460091, 0.9007549318847368
-0.1379135995162672, -0.4140839739485224, 0.8997301270867093
-0.184232131790859, -0.39595005674314326, 0.89960106390605
-0.2266956679392001, -0.3712365079198328, 0.9004401864227783
-0.26414394869286273, -0.34213054797976666, 0.9017619766368545
-0.2966272498032736, -0.3116992115628471, 0.902693677935791
-0.32691278424578685, -0.28091167553916074, 0.9023395491955614
-0.3570368786809019, -0.24609446757649597, 0.9010894407826783
-0.38430472882485806, -0.2060524033245802, 0.899917930973162
-0.4059422647513066, -0.16139071552935358, 0.8995353882029897
-0.4203458547231679, -0.11413003183252954, 0.9001575963413047
-0.4277532499724843, -0.06671763162570549, 0.9014299278192588
-0.43004193559261206, -0.02149851447003059, 0.9025529056555863
-0.43004193559254456, 0.02149851447444151, 0.9025529056555133
-0.42775324747227145, 0.06671763125087755, 0.9014299290334206
-0.42034585642737166, 0.11413003228450778, 0.9001575954881882
-0.4059422659520892, 0.16139071600786412, 0.8995353875752484
-0.3843047293706445, 0.20605240362053, 0.8999179306723242
-0.357036874103787, 0.2460944643841656, 0.9010894434681095
-0.32691278424272135, 0.2809116755424393, 0.9023395491956514
-0.29662724980020483, 0.31169921156590663, 0.902693677935743
-0.2641439486546962, 0.3421305479384706, 0.9017619766637021
-0.22669566924558276, 0.37123651001350455, 0.9004401852306961
-0.18423213245217487, 0.3959500581470904, 0.8996010631526844
-0.137913599657238, 0.41408397438200756, 0.8997301268655974
-0.09030136086598056, 0.42483669542910174, 0.9007549314006738
-0.04374484466258254, 0.4293661454440599, 0.9020704527429978
0.0, 0.43017705023342806, 0.9027445405276437
0.0, 0.43017705023342806, 0.9027445405276437
0.04374484466257907, 0.4293661454440598, 0.902070452742998
0.09030136066256916, 0.424836694446009, 0.9007549318847369
0.1379135995162662, 0.4140839739485236, 0.8997301270867089
0.18423213179086262, 0.39595005674315276, 0.8996010639060452
0.22669566793920143, 0.37123650791983426, 0.9004401864227773
0.26414394869286323, 0.3421305479797669, 0.9017619766368543
0.29662724980327754, 0.3116992115628474, 0.9026936779357897
0.3269127842457916, 0.28091167553916147, 0.9023395491955594
0.3570368786809062, 0.24609446757649803, 0.901089440782676
0.38430472882486294, 0.206052403324581, 0.8999179309731598
0.40594226475131656, 0.16139071552935397, 0.8995353882029851
0.42034585472317537, 0.11413003183252847, 0.9001575963413013
0.4277532499724895, 0.06671763162570528, 0.9014299278192563
0.43004193559261766, 0.02149851447002992, 0.9025529056555835
0.43004193559255044, -0.021498514474441704, 0.9025529056555105
0.42775324747227267, -0.06671763125087407, 0.9014299290334202
0.4203458564273679, -0.11413003228450044, 0.9001575954881907
0.40594226595207666, -0.16139071600785113, 0.8995353875752563
0.38430472937061927, -0.20605240362050883, 0.8999179306723396
0.3570368741037644, -0.24609446438414395, 0.9010894434681243
0.32691278424269526, -0.28091167554241425, 0.9023395491956686
0.29662724980017713, -0.3116992115658811, 0.902693677935761
0.2641439486546694, -0.34213054793844555, 0.9017619766637193
0.22669566924555787, -0.3712365100134853, 0.9004401852307105
0.18423213245215636, -0.39595005814707573, 0.8996010631526947
0.13791359965722952, -0.4140839743819988, 0.8997301268656027
0.09030136086597403, -0.4248366954290976, 0.9007549314006765
0.04374484466257482, -0.4293661454440562, 0.9020704527429999
-5.581277738351427e-16, -0.43017705023342717, 0.9027445405276443
-6.229130623078143e-16, -0.4841161840862186, 0.8750037258810951
0.048855739841942525, -0.48299077029265186, 0.8742614211416441
0.10109262971035099, -0.4774741980040673, 0.8728107873179722
0.1546814317264149, -0.46502411408895117, 0.8716801179302259
0.20695533016245166, -0.44451256536643985, 0.8715377619751752
0.2549856628182171, -0.4168809153830151, 0.8724635317000786
0.2973496370537813, -0.38450565389549274, 0.8739213897521814
0.3338939185019535, -0.350686748442358, 0.8749478016740982
0.3675980334172865, -0.31625957087837075, 0.8745579281303053
0.4010745798763511, -0.27694089534061833, 0.8731797763719366
0.4314648005991333, -0.23162611482718845, 0.8718873027943533
0.4557731946651823, -0.18116002803506054, 0.871465340255727
0.4722230032907343, -0.12789367336626173, 0.8721517319113476
0.4809728128288522, -0.07460788435561437, 0.8735552741020348
0.48390355660665146, -0.02397394645050885, 0.8747928885142021
0.4839035566067493, 0.02397394644562902, 0.8747928885142818
0.4809728152685865, 0.07460788471925577, 0.8735552727276783
0.47222300171442183, 0.1278936729499687, 0.8721517328258813
0.4557731935643705, 0.1811600275961604, 0.8714653409226859
0.4314648000985364, 0.23162611455526924, 0.8718873031143185
0.40107458423658415, 0.2769408983876222, 0.8731797734027672
0.36759803342069314, 0.3162595708747453, 0.8745579281301845
0.3338939185053842, 0.35068674843901515, 0.8749478016741289
0.29734963708316337, 0.38450565392464, 0.8739213897293601
0.2549856614715087, 0.41688091323218596, 0.8724635331213768
0.206955329555278, 0.4445125640807899, 0.871537762775078
0.15468143160023584, 0.46502411369898305, 0.8716801181606569
0.10109262947975699, 0.477474196884954, 0.8728107879568954
0.048855739841946584, 0.48299077029265375, 0.8742614211416428
0.0, 0.4841161840862207, 0.8750037258810939
0.0, 0.4841161840862198, 0.8750037258810944
-0.04885573984195081, 0.48299077029265464, 0.8742614211416422
-0.10109262971035596, 0.4774741980040641, 0.8728107873179735
-0.15468143172642432, 0.46502411408896327, 0.8716801179302178
-0.20695533016247158, 0.44451256536645606, 0.8715377619751622
-0.2549856628182426, 0.41688091538303446, 0.8724635317000617
-0.2973496370538076, 0.3845056538955165, 0.873921389752162
-0.33389391850198274, 0.35068674844238573, 0.874947801674076
-0.3675980334173149, 0.3162595708783975, 0.8745579281302838
-0.401074579876374, 0.2769408953406405, 0.873179776371919
-0.4314648005991518, 0.23162611482720633, 0.8718873027943393
-0.4557731946651946, 0.18116002803507333, 0.871465340255718
-0.47222300329073963, 0.12789367336626983, 0.8721517319113435
-0.48097281282884996, 0.0746078843556182, 0.8735552741020357
-0.4839035566066449, 0.02397394645050905, 0.8747928885142058
-0.48390355660674506, -0.023973946445629977, 0.874792888514284
-0.4809728152685815, -0.07460788471925583, 0.873555272727681
-0.47222300171441434, -0.12789367294996995, 0.8721517328258853
-0.45577319356435814, -0.18116002759615957, 0.8714653409226927
-0.4314648000985299, -0.2316261145552677, 0.8718873031143219
-0.40107458423657966, -0.2769408983876197, 0.87317977340277
-0.367598033420689, -0.31625957087474477, 0.8745579281301865
-0.33389391850538197, -0.3506867484390164, 0.8749478016741292
-0.29734963708316364, -0.3845056539246403, 0.8739213897293598
-0.25498566147151114, -0.41688091323218973, 0.8724635331213744
-0.2069553295552788, -0.44451256408078926, 0.8715377627750781
-0.15468143160023715, -0.4650241136989826, 0.8716801181606568
-0.10109262947975829, -0.4774741968849552, 0.8728107879568947
-0.04885573984194811, -0.4829907702926537, 0.8742614211416428
-0.0, -0.48411618408621826, 0.8750037258810953
-0.0, -0.5311681118253918, 0.8472664498136628
-0.05327093903331815, -0.5297131546505953, 0.8465023218188021
-0.11042811437931972, -0.5232267818721296, 0.8450085007184027
-0.16920400534726712, -0.5092119559517628, 0.843844291614408
-0.22667053362120992, -0.48661533040117644, 0.8436978069228518
-0.27958983362019835, -0.4565023635857262, 0.8446508846718123
-0.32629533928343396, -0.42137615227656167, 0.846152167080194
-0.3664080884291708, -0.3846844732442794, 0.8472089286465602
-0.40304125639769345, -0.347094489133134, 0.8468076294264107
-0.43934374150207606, -0.30380157474135266, 0.8453884787407687
-0.47236857579098585, -0.25384006102961165, 0.8440575525529518
-0.4989775316788376, -0.19829556839180332, 0.8436233107470811
-0.5172631688077332, -0.13980699101328312, 0.8443298049096658
-0.5272889267251171, -0.08142964373784645, 0.8457751479405159
-0.530872304165319, -0.026109798552259575, 0.8470495115928971
-0.5308723041651819, 0.02610979855780987, 0.8470495115928118
-0.5272889272621669, 0.08142964383239738, 0.8457751475965951
-0.5172631702667826, 0.1398069913974835, 0.8443298039521888
-0.4989775326846288, 0.19829556879305008, 0.8436233100578724
-0.4723685762587192, 0.25384006128390274, 0.8440575522147143
-0.43934374081879823, 0.30380157427217186, 0.8453884792644708
-0.40304125639387367, 0.3470944891373164, 0.8468076294265144
-0.36640808842529704, 0.384684473248096, 0.8472089286465025
-0.32629533932595933, 0.4213761523403327, 0.846152167032038
-0.27958983497445433, 0.4565023657427446, 0.8446508830577488
-0.2266705341792667, 0.48661533157990305, 0.8436978060930743
-0.1692040054590734, 0.5092119562988285, 0.8438442913825548
-0.11042811462650015, 0.5232267830740658, 0.8450084999418651
-0.053270939033320454, 0.5297131546505954, 0.8465023218188018
7.901903487764039e-18, 0.5311681118253926, 0.8472664498136624
0.0, 0.5311681118253933, 0.847266449813662
0.053270939033315784, 0.5297131546505952, 0.8465023218188024
0.1104281143793181, 0.5232267818721301, 0.8450085007184027
0.16920400534726474, 0.5092119559517628, 0.8438442916144084
0.2266705336212106, 0.48661533040118193, 0.8436978069228485
0.279589833620197, 0.4565023635857249, 0.8446508846718134
0.326295339283433, 0.42137615227656194, 0.8461521670801944
0.36640808842917244, 0.38468447324427835, 0.8472089286465599
0.40304125639769695, 0.34709448913313434, 0.8468076294264089
0.43934374150208116, 0.3038015747413563, 0.8453884787407647
0.47236857579099095, 0.25384006102961293, 0.8440575525529483
0.4989775316788446, 0.19829556839180257, 0.8436233107470772
0.5172631688077391, 0.13980699101328142, 0.8443298049096624
0.5272889267251248, 0.08142964373784684, 0.845775147940511
0.5308723041653249, 0.026109798552258725, 0.8470495115928933
0.5308723041651863, -0.02610979855780975, 0.8470495115928092
0.5272889272621664, -0.08142964383239353, 0.8457751475965958
0.5172631702667784, -0.13980699139747602, 0.8443298039521925
0.498977532684616, -0.19829556879303728, 0.8436233100578829
0.47236857625869955, -0.25384006128388453, 0.8440575522147308
0.4393437408187743, -0.3038015742721492, 0.8453884792644916
0.4030412563938457, -0.3470944891372904, 0.8468076294265384
0.3664080884252681, -0.3846844732480694, 0.8472089286465272
0.32629533932593185, -0.4213761523403075, 0.8461521670320611
0.27958983497442874, -0.45650236574272574, 0.8446508830577675
0.2266705341792469, -0.4866153315798876, 0.8436978060930886
0.16920400545906314, -0.509211956298813, 0.8438442913825661
0.11042811462649349, -0.5232267830740612, 0.8450084999418689
0.053270939033312495, -0.5297131546505975, 0.8465023218188011
-6.788778110607683e-16, -0.5311681118253915, 0.8472664498136632
-0.0, -0.5730456550649852, 0.819523445186983
-0.057177820573355805, -0.5712519178532389, 0.8187807662515513
-0.11868740605845529, -0.563813238241487, 0.8173297572135519
-0.182051775844687, -0.5483386080621473, 0.8161996825656469
-0.24412813110208398, -0.5238810811889422, 0.8160576379012139
-0.3014184754091767, -0.49161619681458596, 0.8169825075921575
-0.35203122553568617, -0.45412456481106256, 0.8184405267843265
-0.39534845444190725, -0.41493679094421193, 0.8194675460878938
-0.43455540441464263, -0.37453126019836586, 0.81907749061261
-0.4732952206875443, -0.32765896374021997, 0.8176987449880391
-0.5085893339536366, -0.27352732110275413, 0.8164065739562287
-0.5372175586380301, -0.21345974569976803, 0.815985435934236
-0.5571758676178133, -0.15034579898870318, 0.8166707985907083
-0.5684225512296143, -0.08746587545384882, 0.8180742777307621
-0.5726629991029283, -0.027999207479248545, 0.8193125983646129
-0.5726629991027546, 0.027999207485192683, 0.8193125983645312
-0.5684225518437251, 0.08746587556143395, 0.8180742772925569
-0.5571758689683255, 0.15034579934367978, 0.8166707976039681
-0.5372175595556138, 0.2134597460660514, 0.8159854352343108
-0.5085893343943159, 0.27352732134235785, 0.8164065736014263
-0.47329522016934905, 0.32765896338740474, 0.8176987454293535
-0.4345554044105742, 0.37453126020287386, 0.8190774906127073
-0.39534845443775357, 0.41493679094828634, 0.8194675460878348
-0.35203122556754085, 0.454124564861916, 0.8184405267424083
-0.3014184767452289, 0.4916161989381868, 0.816982505821364
-0.2441281316153107, 0.523881082270428, 0.8160576370534023
-0.18205177594339209, 0.5483386083697431, 0.8161996823369821
-0.11868740631384365, 0.5638132394833592, 0.8173297563197934
-0.05717782057335874, 0.5712519178532409, 0.8187807662515496
0.0, 0.5730456550649847, 0.8195234451869833
0.0, 0.5730456550649857, 0.8195234451869827
0.05717782057335421, 0.571251917853239, 0.8187807662515513
0.11868740605845447, 0.563813238241487, 0.8173297572135518
0.18205177584468518, 0.548338608062146, 0.8161996825656481
0.24412813110207385, 0.5238810811889225, 0.8160576379012294
0.30141847540917144, 0.49161619681457736, 0.8169825075921647
0.352031225535685, 0.45412456481106167, 0.8184405267843275
0.3953484544419103, 0.4149367909442119, 0.8194675460878924
0.43455540441464746, 0.37453126019836763, 0.8190774906126067
0.4732952206875493, 0.3276589637402235, 0.8176987449880346
0.5085893339536431, 0.27352732110275624, 0.816406573956224
0.5372175586380382, 0.21345974569976706, 0.8159854359342309
0.5571758676178199, 0.15034579898870112, 0.8166707985907043
0.5684225512296197, 0.08746587545384849, 0.8180742777307585
0.5726629991029314, 0.027999207479247716, 0.8193125983646107
0.5726629991027585, -0.02799920748519252, 0.8193125983645286
0.5684225518437243, -0.08746587556143016, 0.8180742772925579
0.5571758689683197, -0.15034579934367204, 0.8166707976039734
0.537217559555602, -0.21345974606603932, 0.8159854352343215
0.5085893343942969, -0.27352732134234037, 0.8164065736014441
0.4732952201693248, -0.32765896338738243, 0.8176987454293766
0.4345554044105466, -0.3745312602028488, 0.8190774906127334
0.3953484544377242, -0.4149367909482591, 0.8194675460878627
0.3520312255675145, -0.4541245648618916, 0.8184405267424331
0.30141847674520367, -0.49161619893816816, 0.8169825058213845
0.24412813161529137, -0.5238810822704139, 0.8160576370534172
0.18205177594338334, -0.5483386083697314, 0.816199682336992
0.11868740631383642, -0.5638132394833509, 0.8173297563198
0.057177820573349705, -0.5712519178532368, 0.8187807662515532
-7.284229461491516e-16, -0.5730456550649857, 0.8195234451869827
-7.730537908441696e-16, -0.6108215813341564, 0.7917682715141094
0.06069396542130753, -0.6086843818164627, 0.7910875842118543
0.12610907782205832, -0.6003129636146283, 0.7897599927871074
0.19358362357371667, -0.5834676628122817, 0.7887273718696741
0.25980011284308246, -0.5573306482198619, 0.7885977744842743
0.32104337844388836, -0.5231746014694212, 0.7894425156619364
0.3752157641480649, -0.4836179997723132, 0.7907760496063413
0.4214532844823616, -0.4422231496638117, 0.7917170043016933
0.46296327371988416, -0.3992684108643559, 0.7913594273605513
0.5038398596268431, -0.34912962127699126, 0.7900974012096151
0.5411163816666025, -0.29121160310679867, 0.7889162589958532
0.5715390550752997, -0.227069318333332, 0.7885319481132452
0.5930355917223716, -0.15980932638970619, 0.7891576307363217
0.6054534269675793, -0.09289429039565276, 0.7904408887355856
0.6103499094480046, -0.029700567116745475, 0.7915749265544965
0.6103499094482132, 0.02970056711044709, 0.7915749265545718
0.6054534263081834, 0.09289429027966638, 0.7904408892542935
0.5930355904731882, 0.15980932606162632, 0.7891576317414954
0.5715390542386234, 0.2270693179991182, 0.7885319488159216
0.5411163812506192, 0.29121160288075776, 0.7889162593646137
0.5038398600172003, 0.3491296215393581, 0.790097400844752
0.46296327372420504, 0.3992684108595801, 0.791359427360433
0.4214532844867985, 0.4422231496595336, 0.791717004301721
0.375215764124327, 0.48361799973115316, 0.7907760496427769
0.3210433771461791, 0.5231745994099359, 0.7894425175545268
0.2598001123709672, 0.5573306472272622, 0.7885977753413166
0.193583623486556, 0.5834676625397065, 0.7887273720927064
0.12610907756512785, 0.6003129623674553, 0.7897599937761361
0.060693965421311634, 0.6086843818164618, 0.7910875842118549
0.0, 0.6108215813341572, 0.7917682715141089
0.0, 0.610821581334157, 0.791768271514109
-0.06069396542131622, 0.6086843818164616, 0.7910875842118545
-0.12610907782206415, 0.6003129636146308, 0.7897599927871047
-0.19358362357372405, 0.5834676628122916, 0.788727371869665
-0.2598001128431009, 0.5573306482198754, 0.7885977744842585
-0.32104337844391406, 0.5231746014694402, 0.7894425156619134
-0.3752157641480909, 0.4836179997723375, 0.7907760496063139
-0.42145328448239056, 0.44222314966383924, 0.7917170043016626
-0.4629632737199117, 0.3992684108643806, 0.7913594273605226
-0.5038398596268668, 0.3491296212770128, 0.7900974012095906
-0.5411163816666154, 0.291211603106812, 0.7889162589958394
-0.5715390550753114, 0.22706931833334357, 0.7885319481132331
-0.5930355917223762, 0.1598093263897131, 0.7891576307363171
-0.6054534269675814, 0.09289429039565668, 0.7904408887355834
-0.6103499094480028, 0.029700567116745555, 0.7915749265544977
-0.6103499094482113, -0.029700567110448103, 0.7915749265545732
-0.6054534263081793, -0.09289429027966657, 0.7904408892542967
-0.5930355904731855, -0.159809326061629, 0.7891576317414969
-0.5715390542386207, -0.22706931799912147, 0.7885319488159226
-0.5411163812506156, -0.29121160288075676, 0.7889162593646165
-0.5038398600171962, -0.3491296215393548, 0.7900974008447559
-0.462963273724202, -0.3992684108595793, 0.7913594273604352
-0.42145328448679914, -0.4422231496595367, 0.791717004301719
-0.37521576412432994, -0.48361799973115505, 0.7907760496427745
-0.3210433771461837, -0.5231745994099428, 0.7894425175545203
-0.259800112370973, -0.5573306472272719, 0.7885977753413079
-0.19358362348655803, -0.583467662539707, 0.7887273720927054
-0.12610907756512846, -0.6003129623674534, 0.7897599937761376
-0.060693965421313674, -0.6086843818164595, 0.7910875842118563
-0.0, -0.6108215813341569, 0.7917682715141091
-8.13786953652017e-16, -0.6452195240822757, 0.7639972288843996
0.06389884204905495, -0.6427379097188298, 0.7634166080162648
0.13285462249722987, -0.6334561184482362, 0.7622880002214469
0.20404273981257645, -0.615319693911959, 0.7614120005712218
0.27400628759826534, -0.5876557939346106, 0.7613023198517781
0.33885143871865375, -0.5518220551062187, 0.7620184525171603
0.39629365107529074, -0.5104422198688484, 0.7631514150499742
0.4452205961795986, -0.46706936825886786, 0.76395341871854
0.4888202180176444, -0.4217773376945301, 0.7636482644938682
0.5315935751808671, -0.36863033491492786, 0.7625745517698135
0.5706198248117675, -0.30724756236658307, 0.7615720261088772
0.6026507423704008, -0.23940673318760625, 0.7612466740977218
0.6255698286983128, -0.16840025517760981, 0.7617767018480412
0.6391112182397052, -0.09783509044740502, 0.7628664010148225
0.6446578573360862, -0.031253314113465776, 0.7638321002234532
0.6446578573342595, 0.03125331416288962, 0.7638321002229727
0.6391112175537668, 0.09783509038743006, 0.7628664015971769
0.6255698275285121, 0.1684002549370209, 0.7617767028618649
0.6026507415831613, 0.23940673294415798, 0.7612466747975127
0.5706198243883982, 0.3072475622108182, 0.7615720264889349
0.5315935754381741, 0.3686303351591888, 0.7625745514723675
0.4888202179840399, 0.4217773377323285, 0.763648264494502
0.44522059614483683, 0.46706936829245893, 0.7639534187182615
0.39629365101105735, 0.5104422198724375, 0.7631514150809291
0.33885143742096374, 0.5518220531686991, 0.7620184544972832
0.27400628710446673, 0.5876557930519059, 0.7613023207108724
0.2040427397728335, 0.6153196938187784, 0.7614120006571742
0.13285462170554918, 0.6334561146189521, 0.7622880035415331
0.06389884204905939, 0.6427379097188328, 0.7634166080162619
0.0, 0.6452195240822762, 0.763997228884399
0.0, 0.6452195240822762, 0.763997228884399
-0.06389884204906401, 0.6427379097188335, 0.7634166080162609
-0.13285462249723654, 0.633456118448244, 0.7622880002214393
-0.2040427398125829, 0.6153196939119674, 0.7614120005712134
-0.27400628759828344, 0.5876557939346232, 0.7613023198517619
-0.33885143871867845, 0.5518220551062367, 0.7620184525171363
-0.39629365107531594, 0.5104422198688716, 0.7631514150499455
-0.4452205961796256, 0.4670693682588928, 0.7639534187185091
-0.48882021801767145, 0.42177733769455433, 0.7636482644938375
-0.5315935751808905, 0.3686303349149487, 0.7625745517697872
-0.5706198248117861, 0.3072475623665996, 0.7615720261088568
-0.602650742370414, 0.23940673318761818, 0.7612466740977077
-0.6255698286983199, 0.1684002551776174, 0.7617767018480336
-0.6391112182397096, 0.09783509044740918, 0.7628664010148182
-0.6446578573360848, 0.03125331411346591, 0.7638321002234543
-0.6446578573342578, -0.03125331416289064, 0.763832100222974
-0.6391112175537659, -0.09783509038743102, 0.7628664015971776
-0.6255698275285071, -0.16840025493702399, 0.7617767028618683
-0.6026507415831547, -0.2394067329441606, 0.7612466747975173
-0.5706198243883925, -0.3072475622108174, 0.7615720264889394
-0.5315935754381707, -0.3686303351591863, 0.7625745514723711
-0.4888202179840372, -0.42177733773232884, 0.7636482644945036
-0.4452205961448375, -0.4670693682924626, 0.763953418718259
-0.39629365101105996, -0.51044221987244, 0.763151415080926
-0.3388514374209614, -0.5518220531686958, 0.7620184544972868
-0.2740062871044669, -0.5876557930519039, 0.761302320710874
-0.2040427397728354, -0.6153196938187794, 0.7614120006571728
-0.1328546217055503, -0.6334561146189528, 0.7622880035415324
-0.06389884204906136, -0.6427379097188302, 0.7634166080162639
-0.0, -0.6452195240822757, 0.7639972288843996
-8.513461685811517e-16, -0.6767540568634012, 0.7362091730744249
0.06684906391251116, -0.6739302203048301, 0.7357644057807526
0.13903926416539533, -0.6637634448139877, 0.7349055533529555
0.2136028562388561, -0.6444094143489977, 0.7342413271568038
0.2869751361316935, -0.6153507573223955, 0.7341585092505231
0.35511869438230603, -0.5780184512684889, 0.7347008798779158
0.41558151624260675, -0.5350143877120026, 0.7355621036313975
0.4670045427842229, -0.48984938832744435, 0.7361754775691238
0.5125213967292339, -0.4423934087663569, 0.7359414988807184
0.5569954487950661, -0.38645816423921675, 0.7351232259386432
0.5975782081903075, -0.32188844246445436, 0.7343623871794287
0.6310590197299438, -0.25067380922463284, 0.7341165813318036
0.6552978947036194, -0.17626330348999597, 0.7345174722495017
0.6699157836020883, -0.10237397191831463, 0.735345097729269
0.6761023940347255, -0.0326855258206731, 0.7360823385887878
0.6761023940326685, 0.03268552587135473, 0.7360823385884266
0.669915782919239, 0.1023739718587368, 0.7353450983596542
0.655297893623053, 0.17626330327455123, 0.734517473265227
0.6310590190090388, 0.2506738090096066, 0.7341165820249294
0.5975782077906339, 0.32188844232412234, 0.7343623875661691
0.5569954489810778, 0.3864581644349449, 0.7351232256948088
0.5125213966949399, 0.4423934088053032, 0.7359414988811896
0.4670045427485165, 0.48984938836180464, 0.7361754775689116
0.4155815161813012, 0.5350143877215827, 0.735562103659066
0.35511869314845623, 0.5780184494369921, 0.7347008819152104
0.2869751356711487, 0.6153507565159708, 0.7341585101064676
0.21360285620428532, 0.6444094142725612, 0.7342413272339455
0.1390392634336131, 0.6637634412926722, 0.7349055566718404
0.06684906391251531, 0.6739302203048282, 0.7357644057807542
0.0, 0.6767540568634013, 0.7362091730744247
0.0, 0.6767540568634013, 0.7362091730744247
-0.06684906391251991, 0.6739302203048295, 0.7357644057807525
-0.13903926416540102, 0.6637634448139936, 0.734905553352949
-0.21360285623886224, 0.6444094143490068, 0.7342413271567938
-0.286975136131711, 0.6153507573224076, 0.734158509250506
-0.35511869438233024, 0.5780184512685058, 0.734700879877891
-0.4155815162426314, 0.5350143877120256, 0.7355621036313669
-0.467004542784249, 0.4898493883274684, 0.7361754775690913
-0.5125213967292606, 0.4423934087663809, 0.7359414988806852
-0.5569954487950891, 0.3864581642392369, 0.7351232259386152
-0.5975782081903258, 0.3218884424644702, 0.7343623871794069
-0.6310590197299584, 0.2506738092246447, 0.7341165813317871
-0.6552978947036278, 0.17626330349000346, 0.7345174722494926
-0.6699157836020931, 0.10237397191831853, 0.7353450977292642
-0.6761023940347277, 0.032685525820673224, 0.7360823385887858
-0.6761023940326703, -0.03268552587135578, 0.7360823385884251
-0.6699157829192396, -0.10237397185873783, 0.7353450983596534
-0.6552978936230549, -0.17626330327455572, 0.7345174732652242
-0.6310590190090335, -0.2506738090096093, 0.7341165820249329
-0.5975782077906305, -0.3218884423241225, 0.7343623875661717
-0.5569954489810757, -0.38645816443494274, 0.7351232256948116
-0.5125213966949389, -0.4423934088053043, 0.7359414988811896
-0.4670045427485165, -0.48984938836180647, 0.7361754775689103
-0.4155815161813043, -0.5350143877215853, 0.7355621036590626
-0.35511869314846395, -0.5780184494370036, 0.7347008819151977
-0.28697513567115723, -0.6153507565159858, 0.7341585101064516
-0.21360285620428715, -0.6444094142725629, 0.7342413272339435
-0.13903926343361397, -0.6637634412926734, 0.7349055566718393
-0.06684906391251734, -0.673930220304827, 0.7357644057807551
-0.0, -0.6767540568634012, 0.7362091730744248
-8.862673362585446e-16, -0.7058058638178192, 0.7084053095512356
0.0695865767791071, -0.7026447058922293, 0.7081300202743759
0.14474850827465238, -0.6916213695666319, 0.7076070593988159
0.22239308278500455, -0.6711193651966397, 0.7072058500800465
0.29887650505538094, -0.6407829271812815, 0.7071563299291531
0.37005008339911416, -0.6021052182951762, 0.7074830329258976
0.4333139359345452, -0.5576435903733284, 0.7080061151151565
0.4870671408817748, -0.5108398787153983, 0.7083842308996514
0.5343593363115412, -0.461364862132539, 0.7082390582890162
0.5803711411824637, -0.4028334248611814, 0.7077390552295216
0.6223470859406641, -0.3353224119373681, 0.7072785764277535
0.6571403553518544, -0.26102058048506377, 0.7071313950966105
0.682605504508025, -0.18350595005286854, 0.7073721025814764
0.6982524827853555, -0.10657447365704145, 0.7078738248083561
0.7050650297812425, -0.03401799514902451, 0.708326252362297
0.7050650297789591, 0.034017995200962485, 0.7083262523620757
0.6982524821235582, 0.10657447360043926, 0.7078738254696803
0.6826055035120492, 0.18350594986108032, 0.7073721035923346
0.6571403546912793, 0.26102058029595615, 0.7071313957802906
0.6223470855653441, 0.33532241181277284, 0.7072785768170752
0.5803711413186206, 0.4028334250234044, 0.7077390550255335
0.53435933627656, 0.4613648621726226, 0.7082390582892977
0.487067140845122, 0.5108398787505335, 0.7083842308995159
0.43331393587501454, 0.5576435903873906, 0.7080061151405147
0.3700500822377167, 0.6021052165823948, 0.7074830349910355
0.29887650462571724, 0.6407829264456433, 0.7071563307773401
0.22239308275417388, 0.6711193651325531, 0.7072058501505584
0.14474850759865562, 0.6916213663359446, 0.7076070626948003
0.06958657677911169, 0.7026447058922309, 0.7081300202743738
0.0, 0.7058058638178198, 0.7084053095512349
0.0, 0.7058058638178188, 0.708405309551236
-0.06958657677911635, 0.7026447058922312, 0.7081300202743731
-0.1447485082746578, 0.6916213695666377, 0.7076070593988091
-0.22239308278501058, 0.6711193651966502, 0.7072058500800349
-0.2988765050553971, 0.6407829271812918, 0.7071563299291369
-0.37005008339913714, 0.6021052182951917, 0.7074830329258724
-0.43331393593456763, 0.5576435903733494, 0.7080061151151263
-0.4870671408817997, 0.5108398787154209, 0.7083842308996178
-0.5343593363115657, 0.46136486213256145, 0.7082390582889829
-0.5803711411824862, 0.4028334248612007, 0.7077390552294921
-0.6223470859406846, 0.33532241193738505, 0.7072785764277277
-0.6571403553518674, 0.2610205804850757, 0.7071313950965941
-0.6826055045080353, 0.18350595005287662, 0.7073721025814645
-0.698252482785363, 0.10657447365704598, 0.707873824808348
-0.7050650297812462, 0.034017995149024975, 0.7083262523622934
-0.7050650297789613, -0.03401799520096354, 0.7083262523620734
-0.6982524821235597, -0.10657447360044041, 0.7078738254696785
-0.6826055035120506, -0.18350594986108526, 0.707372103592332
-0.6571403546912776, -0.2610205802959609, 0.7071313957802904
-0.6223470855653422, -0.3353224118127737, 0.7072785768170765
-0.5803711413186193, -0.4028334250234029, 0.7077390550255351
-0.5343593362765598, -0.4613648621726244, 0.7082390582892966
-0.4870671408451251, -0.5108398787505382, 0.7083842308995101
-0.4333139358750191, -0.5576435903873944, 0.708006115140509
-0.3700500822377186, -0.6021052165823976, 0.7074830349910318
-0.29887650462572096, -0.6407829264456479, 0.7071563307773344
-0.22239308275417596, -0.6711193651325554, 0.7072058501505555
-0.14474850759865635, -0.6916213663359442, 0.7076070626948006
-0.06958657677911334, -0.7026447058922283, 0.7081300202743764
-0.0, -0.7058058638178182, 0.7084053095512367
-9.189595247087073e-16, -0.7326654253370454, 0.6805889908863398
0.0721434155837022, -0.7291742130278532, 0.6805147277194874
0.15004776197811975, -0.7173256628318678, 0.6803892728197434
0.23051235809304485, -0.6957427867753753, 0.6802984840615319
0.30984062888544195, -0.6642339627511731, 0.6802881943851056
0.3838025710300136, -0.6243437811445892, 0.6803605142987272
0.4496701826971639, -0.5785660234295515, 0.6804837127558712
0.5056083333197795, -0.5302519689889027, 0.6805828844901894
0.5545573846441635, -0.47888122881896505, 0.6805430741852153
0.6019697632661027, -0.417924682210428, 0.6804199909707715
0.6451989113738341, -0.3476937028667968, 0.6803142316230015
0.6811834067087248, -0.2705620785749994, 0.6802832704556769
0.7077881504435538, -0.19021049016519812, 0.6803351405908771
0.7244159621970164, -0.11048515522872537, 0.6804517206887314
0.731836956510741, -0.0352665970655896, 0.6805666287855356
0.7318369565082283, 0.03526659711888609, 0.6805666287854759
0.7244159615702961, 0.11048515517727836, 0.6804517213642977
0.7077881495278577, 0.1902104899958489, 0.6803351415908706
0.6811834061030673, 0.2705620784096752, 0.6802832711278887
0.6451989110234101, 0.3476937027582946, 0.6803142320107909
0.6019697633696374, 0.417924682351352, 0.6804199907926165
0.5545573846084277, 0.47888122886025764, 0.6805430741852787
0.5056083332821038, 0.5302519690248877, 0.6805828844901427
0.44967018263845815, 0.5785660234470269, 0.6804837127798063
0.383802569946846, 0.6243437795591417, 0.6803605163646714
0.3098406284844373, 0.6642339620814866, 0.6802881952216275
0.23051235806483267, 0.6957427867202314, 0.6802984841274872
0.15004776135392886, 0.717325659874134, 0.6803892760756983
0.07214341558370668, 0.7291742130278551, 0.680514727719485
0.0, 0.7326654253370463, 0.6805889908863388
0.0, 0.7326654253370448, 0.6805889908863405
-0.07214341558371157, 0.7291742130278555, 0.6805147277194842
-0.15004776197812553, 0.7173256628318747, 0.6803892728197348
-0.23051235809305062, 0.6957427867753847, 0.6802984840615203
-0.30984062888545955, 0.6642339627511861, 0.6802881943850849
-0.3838025710300356, 0.6243437811446034, 0.6803605142987017
-0.44967018269718656, 0.5785660234295723, 0.6804837127558385
-0.5056083333198031, 0.530251968988924, 0.6805828844901552
-0.5545573846441871, 0.4788812288189858, 0.6805430741851815
-0.6019697632661242, 0.4179246822104461, 0.6804199909707416
-0.6451989113738531, 0.34769370286681206, 0.6803142316229758
-0.6811834067087401, 0.27056207857501136, 0.6802832704556572
-0.7077881504435654, 0.1902104901652063, 0.6803351405908629
-0.7244159621970248, 0.11048515522872922, 0.680451720688722
-0.7318369565107462, 0.035266597065589746, 0.6805666287855301
-0.7318369565082329, -0.03526659711888746, 0.6805666287854708
-0.7244159615702986, -0.11048515517727986, 0.6804517213642947
-0.7077881495278601, -0.1902104899958546, 0.6803351415908665
-0.6811834061030658, -0.27056207840968066, 0.680283271127888
-0.6451989110234086, -0.34769370275829586, 0.6803142320107918
-0.6019697633696377, -0.4179246823513515, 0.6804199907926166
-0.5545573846084282, -0.4788812288602589, 0.6805430741852775
-0.5056083332821057, -0.5302519690248905, 0.6805828844901388
-0.44967018263846203, -0.5785660234470298, 0.6804837127798014
-0.38380256994684564, -0.6243437795591399, 0.6803605163646733
-0.30984062848443783, -0.6642339620814844, 0.6802881952216292
-0.23051235806483425, -0.695742786720233, 0.680298484127485
-0.15004776135393016, -0.7173256598741352, 0.6803892760756967
-0.07214341558370874, -0.7291742130278548, 0.680514727719485
-0.0, -0.7326654253370454, 0.68058899088634
-9.497426261320912e-16, -0.7575600108781612, 0.652765524455972
0.07454464221780807, -0.7537480984810236, 0.6529218179482597
0.15498828261849373, -0.7411084375438075, 0.6532510360132208
0.23803838578648068, -0.7185101304639556, 0.6535142839394071
0.3199698941069214, -0.6859252241145496, 0.6535486621427743
0.3964994487321404, -0.6449393396881209, 0.6533310303955868
0.46479075918199303, -0.5979667347211911, 0.6529971932144144
0.5227845657165632, -0.5482508565909437, 0.6527766050463518
0.5732903828804207, -0.49509089794992567, 0.6528576718274488
0.6219866677308055, -0.43186420251699287, 0.6531660552642723
0.6663477039090725, -0.35911568243425546, 0.6534651208173899
0.7034150700253091, -0.27938871173414515, 0.6535665130779147
0.731077924274144, -0.1964414896968747, 0.6534032520309963
0.7486372181808814, -0.11414403203778256, 0.6530799763463501
0.7566460648067518, -0.03644374922560473, 0.6528082304588676
0.7566460648040073, 0.03644374928043621, 0.6528082304589875
0.7486372175996713, 0.11414403199329495, 0.6530799770203769
0.7310779234346182, 0.19644148954893675, 0.6534032530147991
0.7034150694697446, 0.2793887115907966, 0.653566513737132
0.6663477035838055, 0.35911568234212643, 0.6534651211996995
0.6219866678152247, 0.4318642026462726, 0.653166055098405
0.5732903828438141, 0.49509089799255535, 0.6528576718272662
0.5227845656777365, 0.5482508566279038, 0.6527766050464048
0.46479075912331563, 0.5979667347413321, 0.6529971932377362
0.39649944773057316, 0.6449393382351608, 0.6533310324377247
0.3199698937324775, 0.6859252235064819, 0.6535486629642894
0.23803838576001676, 0.7185101304151421, 0.6535142840027147
0.15498828204241244, 0.7411084348419332, 0.6532510392151564
0.07454464221781286, 0.7537480984810252, 0.6529218179482572
0.0, 0.7575600108781619, 0.6527655244559711
7.84505692546545e-18, 0.7575600108781619, 0.6527655244559712
-0.07454464221781743, 0.7537480984810253, 0.6529218179482567
-0.15498828261849892, 0.7411084375438128, 0.6532510360132135
-0.23803838578648517, 0.718510130463963, 0.6535142839393975
-0.3199698941069369, 0.6859252241145593, 0.6535486621427569
-0.39649944873216114, 0.6449393396881342, 0.6533310303955613
-0.4647907591820133, 0.5979667347212103, 0.6529971932143824
-0.5227845657165844, 0.5482508565909635, 0.6527766050463184
-0.5732903828804428, 0.4950908979499455, 0.6528576718274144
-0.6219866677308222, 0.43186420251700836, 0.6531660552642461
-0.6663477039090917, 0.35911568243427094, 0.6534651208173619
-0.7034150700253238, 0.2793887117341574, 0.6535665130778938
-0.7310779242741559, 0.19644148969688355, 0.6534032520309804
-0.7486372181808912, 0.11414403203778717, 0.6530799763463379
-0.7566460648067596, 0.036443749225605344, 0.6528082304588586
-0.7566460648040146, -0.036443749280437705, 0.652808230458979
-0.7486372175996763, -0.11414403199329663, 0.653079977020371
-0.7310779234346213, -0.19644148954894267, 0.6534032530147937
-0.7034150694697465, -0.2793887115908031, 0.6535665137371276
-0.6663477035838059, -0.3591156823421288, 0.6534651211996977
-0.6219866678152259, -0.4318642026462725, 0.6531660550984036
-0.5732903828438151, -0.49509089799255723, 0.6528576718272638
-0.522784565677739, -0.5482508566279066, 0.6527766050464004
-0.4647907591233203, -0.5979667347413358, 0.6529971932377294
-0.39649944773057305, -0.6449393382351596, 0.653331032437726
-0.3199698937324774, -0.6859252235064789, 0.6535486629642921
-0.23803838576001823, -0.7185101304151448, 0.6535142840027112
-0.15498828204241272, -0.7411084348419337, 0.6532510392151556
-0.07454464221781457, -0.7537480984810239, 0.6529218179482585
-0.0, -0.757560010878161, 0.6527655244559721
-0.0, -0.7806711904762427, 0.6249419911963078
-0.07681025011250814, -0.776549783724286, 0.6253563934872806
-0.15961103667922763, -0.7631556678785035, 0.6261930561377197
-0.2450334357597018, -0.7396062698815573, 0.6268502061192012
-0.32934647617558527, -0.7060342814247237, 0.6269342007609718
-0.40823961432097183, -0.6640563005076978, 0.6263941626923852
-0.478788127193396, -0.6159937320030117, 0.6255506785158517
-0.5387208384774808, -0.5649685265615452, 0.62497233713581
-0.590698076043525, -0.5101125139153934, 0.6251887763751005
-0.6405782389913984, -0.44475798058785704, 0.6259791198067953
-0.6859650612265052, -0.3696793383546644, 0.6267289059634752
-0.7240173917919003, -0.2875730031183735, 0.6269773395110337
-0.7526609266430776, -0.20225062315097328, 0.6265749874834032
-0.7711011578976964, -0.11758145204001198, 0.6257616210866516
-0.7796744715959995, -0.03755935844256269, 0.6250576076929888
-0.7796744715989858, 0.037559358385975274, 0.6250576076926638
-0.7711011584262071, 0.11758145207609699, 0.6257616204286086
-0.7526609274104393, 0.2022506232784083, 0.6265749865204904
-0.7240173923016526, 0.28757300324128204, 0.6269773388660108
-0.685965061526742, 0.369679338430315, 0.6267289055902382
-0.6405782389158848, 0.44475798046286985, 0.6259791199728735
-0.5906980760811676, 0.5101125138712794, 0.6251887763755288
-0.5387208385176339, 0.5649685265234689, 0.6249723371356191
-0.4787881272527218, 0.6159937319807219, 0.6255506784923937
-0.40823961523962515, 0.664056301825979, 0.6263941606961286
-0.3293464765254623, 0.7060342819751061, 0.6269341999573476
-0.24503343578509035, 0.7396062699260234, 0.6268502060568124
-0.15961103721055292, 0.7631556703405763, 0.6261930530017059
-0.07681025011251108, 0.776549783724288, 0.6253563934872779
0.0, 0.7806711904762434, 0.6249419911963068
0.0, 0.7806711904762437, 0.6249419911963064
0.0768102501125066, 0.7765497837242877, 0.6253563934872788
0.1596110366792273, 0.763155667878503, 0.6261930561377207
0.24503343575970105, 0.739606269881556, 0.6268502061192031
0.3293464761755832, 0.7060342814247214, 0.6269342007609756
0.40823961432096983, 0.6640563005076964, 0.626394162692388
0.47878812719339037, 0.6159937320030074, 0.6255506785158601
0.5387208384774762, 0.56496852656154, 0.6249723371358186
0.5906980760435221, 0.5101125139153903, 0.6251887763751061
0.6405782389913949, 0.4447579805878557, 0.6259791198068
0.6859650612265009, 0.3696793383546604, 0.6267289059634823
0.7240173917918997, 0.28757300311836737, 0.6269773395110372
0.7526609266430732, 0.20225062315096734, 0.6265749874834102
0.7711011578976875, 0.11758145204000912, 0.6257616210866631
0.7796744715959902, 0.03755935844256153, 0.6250576076930003
0.779674471598975, -0.037559358385974385, 0.6250576076926775
0.7711011584261951, -0.11758145207609236, 0.6257616204286243
0.7526609274104262, -0.20225062327839993, 0.6265749865205089
0.7240173923016363, -0.28757300324126955, 0.6269773388660353
0.6859650615267251, -0.3696793384303004, 0.6267289055902653
0.6405782389158651, -0.44475798046285353, 0.6259791199729052
0.5906980760811464, -0.5101125138712614, 0.6251887763755634
0.5387208385176134, -0.5649685265234503, 0.6249723371356534
0.4787881272527029, -0.6159937319807043, 0.6255506784924255
0.4082396152396054, -0.6640563018259669, 0.626394160696154
0.32934647652544696, -0.7060342819750969, 0.626934199957366
0.24503343578508596, -0.7396062699260137, 0.6268502060568255
0.15961103721054842, -0.7631556703405721, 0.6261930530017121
0.07681025011250153, -0.7765497837242875, 0.6253563934872797
-9.788717597045844e-16, -0.780671190476243, 0.6249419911963072
-1.0065537242001419e-15, -0.8021466557145341, 0.5971270741860467
0.07895644881734272, -0.7977286055788508, 0.5978251843401853
0.16394930789520834, -0.7836190318336467, 0.5992176878136861
0.2515482623629058, -0.7591821250480643, 0.6003048997881895
0.33803749946327544, -0.7247060682926688, 0.60044297275961
0.41910384385225175, -0.6818287045242725, 0.5995511535765901
0.49175395199359684, -0.6327675061483199, 0.5981499259061352
0.5535188430384521, -0.5805123372728337, 0.5971786304577594
0.6068941654143223, -0.5240426706925216, 0.5975439325099892
0.657871877969077, -0.45669251004568345, 0.5988627083444195
0.7041909745295313, -0.3794590098446666, 0.600104933523175
0.7431389938211269, -0.2951741426007281, 0.6005136646259169
0.7726890279554963, -0.20767994136843232, 0.5998505714179113
0.791958458237073, -0.12082203717835462, 0.5985013247761701
0.8010703522175149, -0.03862145835280743, 0.5973229225074231
0.8010703522142805, 0.038621458411388185, 0.597322922507973
0.7919584577655877, 0.12082203715177894, 0.5985013254054212
0.7726890272563686, 0.2076799412606661, 0.5998505723557935
0.7431389933534694, 0.2951741424969708, 0.600513665255646
0.7041909742538459, 0.37945900978542507, 0.6001049338841368
0.6578718780430834, 0.456692510171745, 0.5988627081669862
0.6068941653755227, 0.5240426707383276, 0.5975439325092243
0.5535188429968321, 0.5805123373122226, 0.597178630458047
0.49175395193309895, 0.632767506172452, 0.5981499259303434
0.4191038430161597, 0.6818287033403734, 0.5995511555074106
0.3380374991361229, 0.7247060677963707, 0.6004429735427984
0.25154826233808936, 0.7591821250064834, 0.6003048998511739
0.16394930740566535, 0.7836190295965607, 0.5992176908731476
0.07895644881734852, 0.7977286055788518, 0.5978251843401833
0.0, 0.8021466557145348, 0.5971270741860458
9.04798262114609e-18, 0.802146655714535, 0.5971270741860456
-0.07895644881735214, 0.797728605578852, 0.5978251843401825
-0.16394930789521286, 0.7836190318336513, 0.5992176878136789
-0.2515482623629095, 0.7591821250480724, 0.6003048997881775
-0.3380374994632893, 0.7247060682926759, 0.6004429727595937
-0.41910384385226995, 0.6818287045242827, 0.5995511535765656
-0.491753951993614, 0.6327675061483355, 0.5981499259061048
-0.5535188430384723, 0.5805123372728522, 0.5971786304577227
-0.6068941654143423, 0.5240426706925382, 0.5975439325099544
-0.6578718779690953, 0.4566925100456988, 0.5988627083443876
-0.7041909745295485, 0.37945900984468045, 0.6001049335231458
-0.7431389938211435, 0.2951741426007402, 0.6005136646258905
-0.7726890279555115, 0.20767994136844067, 0.5998505714178888
-0.7919584582370867, 0.12082203717835852, 0.5985013247761513
-0.8010703522175269, 0.03862145835280722, 0.5973229225074069
-0.8010703522142913, -0.03862145841139054, 0.5973229225079583
-0.7919584577655985, -0.12082203715178254, 0.5985013254054061
-0.7726890272563759, -0.20767994126067427, 0.5998505723557813
-0.7431389933534747, -0.2951741424969805, 0.6005136652556347
-0.7041909742538502, -0.37945900978543085, 0.6001049338841279
-0.6578718780430871, -0.45669251017174795, 0.59886270816698
-0.6068941653755252, -0.5240426707383311, 0.5975439325092187
-0.5535188429968363, -0.5805123373122284, 0.5971786304580378
-0.491753951933103, -0.6327675061724574, 0.5981499259303343
-0.4191038430161636, -0.6818287033403826, 0.5995511555073972
-0.33803749913612524, -0.7247060677963766, 0.6004429735427902
-0.2515482623380892, -0.7591821250064869, 0.6003048998511697
-0.16394930740566394, -0.7836190295965619, 0.5992176908731464
-0.07895644881734824, -0.7977286055788511, 0.5978251843401844
-0.0, -0.802146655714534, 0.5971270741860469
-1.0329584622566404e-15, -0.8221084670390115, 0.5693308953699654
0.08099655939384433, -0.8174080842544631, 0.5703363754503196
0.16803050968639618, -0.8026241414108071, 0.5723287826407952
0.2576248387259913, -0.7773627744393816, 0.5738785231974743
0.34609863379557737, -0.7420606587940768, 0.574074659216844
0.429159155857001, -0.698367485605809, 0.572804743339933
0.5037641563694304, -0.6483876752172639, 0.5708021525745571
0.5672626381473852, -0.5949710107822441, 0.5694054756417639
0.6219726231394782, -0.5369612812204583, 0.5699321350258121
0.6739729695567036, -0.4677395091830434, 0.571821814778104
0.7211413723268715, -0.3885163860704169, 0.5735940540777069
0.7609030405102484, -0.3022411620847225, 0.5741749235937909
0.7912880652897827, -0.21276415017909653, 0.5732317281244292
0.8113338328128179, -0.12388603684149342, 0.5713052263098689
0.8209561954156102, -0.03963665437998917, 0.5696137821702418
0.8209561954121184, 0.039636654440798426, 0.5696137821710429
0.8113338324001662, 0.1238860368252058, 0.5713052268994244
0.7912880646549624, 0.21276415009018776, 0.5732317290337339
0.7609030400813942, 0.302241161998991, 0.5741749242072418
0.7211413720748349, 0.38851638602725597, 0.5735940544238101
0.673972969634089, 0.46773950931372477, 0.5718218145799993
0.6219726230993496, 0.5369612812681147, 0.5699321350247055
0.5672626381041099, 0.5949710108230938, 0.5694054756421927
0.5037641563073029, 0.6483876752430148, 0.570802152600137
0.42915915510163166, 0.6983674845538297, 0.5728047451884544
0.3460986334893818, 0.7420606583484878, 0.5740746599774209
0.2576248387013657, 0.7773627743996127, 0.5738785232623994
0.16803050923600665, 0.8026241393851357, 0.5723287856137926
0.08099655939384992, 0.8174080842544632, 0.5703363754503188
0.0, 0.8221084670390125, 0.569330895369964
0.0, 0.8221084670390116, 0.5693308953699653
-0.08099655939385397, 0.8174080842544637, 0.5703363754503175
-0.1680305096864002, 0.8026241414108111, 0.5723287826407886
-0.25762483872599334, 0.7773627744393867, 0.5738785231974665
-0.3460986337955906, 0.7420606587940838, 0.5740746592168269
-0.42915915585701836, 0.6983674856058182, 0.5728047433399088
-0.5037641563694459, 0.6483876752172789, 0.5708021525745266
-0.5672626381474029, 0.5949710107822609, 0.5694054756417289
-0.6219726231394967, 0.5369612812204742, 0.5699321350257771
-0.6739729695567203, 0.4677395091830579, 0.5718218147780725
-0.7211413723268882, 0.3885163860704306, 0.5735940540776765
-0.7609030405102646, 0.3022411620847345, 0.5741749235937632
-0.7912880652897976, 0.21276415017910555, 0.5732317281244054
-0.8113338328128323, 0.12388603684149846, 0.5713052263098474
-0.8209561954156251, 0.03963665437999005, 0.5696137821702204
-0.8209561954121316, -0.0396366544407998, 0.5696137821710239
-0.811333832400178, -0.1238860368252087, 0.571305226899407
-0.7912880646549721, -0.2127641500901956, 0.5732317290337176
-0.7609030400814032, -0.30224116199900086, 0.5741749242072248
-0.7211413720748406, -0.38851638602726146, 0.5735940544237992
-0.6739729696340951, -0.46773950931372743, 0.5718218145799903
-0.6219726230993545, -0.5369612812681184, 0.5699321350246966
-0.5672626381041153, -0.594971010823099, 0.569405475642182
-0.5037641563073084, -0.648387675243019, 0.5708021526001273
-0.4291591551016349, -0.6983674845538336, 0.5728047451884473
-0.3460986334893849, -0.7420606583484917, 0.5740746599774139
-0.2576248387013674, -0.7773627743996152, 0.5738785232623952
-0.16803050923600732, -0.8026241393851359, 0.5723287856137921
-0.08099655939385236, -0.817408084254463, 0.5703363754503185
-0.0, -0.822108467039011, 0.5693308953699662
-1.0582272746834738e-15, -0.8406589698900572, 0.541564858852001
0.08294165614269647, -0.8356918541034742, 0.5428994443369822
0.17187749444037265, -0.8202764889161157, 0.5455314918832359
0.2632983192985015, -0.7942532761984098, 0.5475725781142414
0.35357668099132195, -0.7581988572860816, 0.547830287104721
0.43846195792112985, -0.7137657005808122, 0.5461589842988503
0.5148825473084183, -0.662937749602392, 0.5435158715523498
0.5800227225659806, -0.6084189290719251, 0.54166414691589
0.6360122220637294, -0.5489354285887256, 0.5423636682390051
0.688969879210022, -0.4779593089552253, 0.5448627391594799
0.7369135381992361, -0.3969033760567122, 0.5471984532995933
0.7774129645056322, -0.30881521611456775, 0.5479619009700195
0.8085637363144891, -0.21753224756727232, 0.5467215064230456
0.8293319710993499, -0.12679029901737546, 0.5441807620520517
0.8394347249295638, -0.04061044146921822, 0.5419410804009073
0.8394347249258048, 0.04061044153246034, 0.5419410804019907
0.8293319707452054, 0.1267902990118443, 0.544180762593057
0.8085637357400798, 0.21753224749640132, 0.5467215073007563
0.7774129641127192, 0.30881521604587026, 0.547961901566175
0.7369135379696351, 0.3969033760290892, 0.5471984536288335
0.6889698792936108, 0.47795930909255635, 0.5448627389333147
0.6360122220221387, 0.548935428638382, 0.5423636682375191
0.5800227225209003, 0.608418929114381, 0.5416641469164749
0.5148825472443266, 0.6629377496296326, 0.5435158715798394
0.43846195724348713, 0.7137656996564943, 0.5461589860508436
0.35357668070445, 0.758198856888025, 0.5478302878407835
0.26329831927380315, 0.7942532761597284, 0.5475725781822248
0.17187749402684627, 0.8202764870894645, 0.5455314947601274
0.0829416561427016, 0.8356918541034738, 0.5428994443369823
0.0, 0.8406589698900574, 0.5415648588520009
0.0, 0.8406589698900572, 0.5415648588520011
-0.08294165614270607, 0.8356918541034739, 0.5428994443369815
-0.17187749444037687, 0.8202764889161192, 0.5455314918832294
-0.26329831929850384, 0.7942532761984165, 0.5475725781142304
-0.3535766809913344, 0.7581988572860867, 0.5478302871047059
-0.4384619579211465, 0.7137657005808206, 0.5461589842988259
-0.514882547308433, 0.6629377496024055, 0.5435158715523196
-0.5800227225659967, 0.6084189290719394, 0.5416641469158568
-0.6360122220637474, 0.54893542858874, 0.5423636682389695
-0.6889698792100385, 0.4779593089552387, 0.5448627391594469
-0.7369135381992516, 0.3969033760567251, 0.547198453299563
-0.7774129645056485, 0.3088152161145789, 0.5479619009699903
-0.8085637363145047, 0.2175322475672808, 0.5467215064230192
-0.8293319710993664, 0.12679029901738037, 0.5441807620520251
-0.83943472492958, 0.04061044146921849, 0.5419410804008823
-0.8394347249258205, -0.0406104415324626, 0.5419410804019661
-0.8293319707452192, -0.12679029901184827, 0.5441807625930348
-0.8085637357400906, -0.21753224749641015, 0.5467215073007368
-0.7774129641127271, -0.3088152160458805, 0.5479619015661579
-0.7369135379696424, -0.39690337602909576, 0.5471984536288187
-0.6889698792936176, -0.4779593090925603, 0.5448627389333027
-0.6360122220221442, -0.5489354286383867, 0.5423636682375078
-0.5800227225209056, -0.608418929114386, 0.5416641469164638
-0.514882547244332, -0.6629377496296376, 0.5435158715798281
-0.43846195724349246, -0.7137656996565028, 0.5461589860508282
-0.3535766807044533, -0.75819885688803, 0.5478302878407741
-0.2632983192738034, -0.7942532761597302, 0.5475725781822219
-0.17187749402684602, -0.8202764870894644, 0.5455314947601276
-0.08294165614270345, -0.8356918541034735, 0.5428994443369826
-0.0, -0.8406589698900571, 0.5415648588520012
-1.0824788486121475e-15, -0.8578851399784914, 0.5138414994957922
0.08480103762266222, -0.852668019351725, 0.5155250069520647
0.17550950882322466, -0.836665784025153, 0.5188321290689373
0.26859848163919753, -0.809942944184198, 0.5213897609536944
0.36051147070800665, -0.7732062985533067, 0.5217120847416178
0.44706034635535896, -0.728102354757542, 0.5196190986801283
0.5251634789249896, -0.6764886318221676, 0.5163007373796532
0.5918590260003083, -0.6209192898597627, 0.5139670503271726
0.649079861940524, -0.560022195297156, 0.5148499525083249
0.7029376237037385, -0.48740334277752595, 0.5179929329933324
0.7515900873243654, -0.4046642157744945, 0.5209215037866705
0.7927566671432507, -0.3149312560303262, 0.5218765856743205
0.8246059193030861, -0.22200872507800593, 0.5203241334394845
0.8460418938066356, -0.12954898304369167, 0.5171365147777005
0.8565932486278005, -0.041547437848414644, 0.5143168447693535
0.8565932486237727, 0.04154743791424382, 0.5143168447707441
0.8460418935089039, 0.1295489830490893, 0.5171365152634412
0.8246059187852282, 0.2220087250243195, 0.5203241342830887
0.7927566667837849, 0.314931255977755, 0.5218765862520917
0.7515900871157176, 0.4046642157616478, 0.520921504097689
0.7029376237946401, 0.48740334292224774, 0.5179929327337999
0.64907986189737, 0.5600221953489208, 0.5148499525064233
0.5918590259533085, 0.6209192899039363, 0.5139670503279296
0.5251634788587147, 0.6764886318508233, 0.5163007374095194
0.44706034575150805, 0.7281023539551269, 0.5196191003240213
0.360511470438959, 0.7732062981997619, 0.5217120854515068
0.2685984816142573, 0.8099429441461539, 0.5213897610256418
0.17550950844457136, 0.8366657823861611, 0.5188321318400566
0.08480103762266704, 0.8526680193517244, 0.5155250069520645
0.0, 0.857885139978491, 0.5138414994957927
0.0, 0.857885139978491, 0.5138414994957927
-0.0848010376226711, 0.8526680193517253, 0.5155250069520625
-0.17550950882322786, 0.8366657840251556, 0.5188321290689322
-0.26859848163919886, 0.8099429441842033, 0.5213897609536856
-0.36051147070801765, 0.7732062985533108, 0.5217120847416041
-0.447060346355374, 0.7281023547575491, 0.5196190986801054
-0.5251634789250024, 0.6764886318221796, 0.5163007373796246
-0.5918590260003221, 0.6209192898597762, 0.5139670503271404
-0.64907986194054, 0.5600221952971689, 0.5148499525082907
-0.7029376237037535, 0.48740334277753883, 0.5179929329932997
-0.7515900873243813, 0.4046642157745078, 0.5209215037866374
-0.7927566671432668, 0.31493125603033906, 0.5218765856742884
-0.8246059193031036, 0.22200872507801586, 0.5203241334394528
-0.8460418938066536, 0.12954898304369755, 0.5171365147776694
-0.8565932486278183, 0.04154743784841572, 0.5143168447693238
-0.8565932486237894, -0.04154743791424525, 0.5143168447707162
-0.8460418935089197, -0.12954898304909312, 0.5171365152634143
-0.8246059187852405, -0.22200872502432878, 0.5203241342830652
-0.7927566667837948, -0.31493125597776606, 0.5218765862520699
-0.7515900871157272, -0.4046642157616556, 0.5209215040976691
-0.7029376237946481, -0.4874033429222524, 0.5179929327337846
-0.6490798618973767, -0.5600221953489267, 0.5148499525064083
-0.5918590259533143, -0.6209192899039419, 0.5139670503279161
-0.5251634788587195, -0.6764886318508285, 0.5163007374095074
-0.4470603457515079, -0.7281023539551275, 0.5196191003240206
-0.36051147043895876, -0.7732062981997619, 0.521712085451507
-0.2685984816142576, -0.8099429441461551, 0.5213897610256394
-0.17550950844457122, -0.8366657823861607, 0.5188321318400572
-0.08480103762266887, -0.8526680193517229, 0.5155250069520667
-0.0, -0.8578851399784914, 0.5138414994957923
-1.0958325489481148e-15, -0.8660254037844347, 0.5000000000000069
0.08580706204835897, -0.8606781693192874, 0.5018667521960675
0.17736594189009797, -0.8443856189312783, 0.5055237375232547
0.27117113751532945, -0.8173434844569687, 0.50834618381019
0.3637539593496022, -0.7803242040344917, 0.5087014779371344
0.45101524711651536, -0.7349501178495339, 0.5063927044709322
0.5299107063408929, -0.6829800277771816, 0.5027254966308913
0.5974210916946113, -0.6268560969091573, 0.5001394535189521
0.6553251290304148, -0.5651804057655173, 0.5011188324140246
0.7096253369778811, -0.49174596943710575, 0.5045966534385558
0.7585763304548975, -0.40825336606027984, 0.5078298336785988
0.8000107874627038, -0.3178381520924471, 0.5088827458440335
0.8321635100188297, -0.2242356820563828, 0.5071708306733047
0.8539179100809775, -0.1309995762315505, 0.5036499914326314
0.8646977826639031, -0.042068911879653254, 0.5005276728707329
0.8646977826596919, 0.04206891194750863, 0.5005276728723049
0.8539179100716822, 0.13099957628360212, 0.5036499914348528
0.8321635099953866, 0.2242356821375376, 0.507170830675889
0.8000107874308687, 0.3178381521720716, 0.5088827458443491
0.7585763304135027, 0.4082533661398453, 0.5078298336764687
0.7096253369401979, 0.49174596949433474, 0.5045966534357788
0.6553251289860128, 0.5651804058188922, 0.5011188324118921
0.5974210916461045, 0.6268560969546937, 0.5001394535198205
0.5299107062830644, 0.6829800278199545, 0.5027254966337376
0.4510152470335955, 0.7349501178980034, 0.5063927044744384
0.36375395926198584, 0.7803242040746412, 0.5087014779381982
0.2711711375039754, 0.8173434844608622, 0.5083461838099861
0.17736594185506854, 0.8443856189391822, 0.5055237375223431
0.08580706204836443, 0.8606781693192868, 0.5018667521960676
0.0, 0.8660254037844352, 0.500000000000006
0.0, 0.8660254037844352, 0.500000000000006
-0.0858070620483682, 0.8606781693192871, 0.5018667521960664
-0.17736594189010077, 0.8443856189312771, 0.5055237375232559
-0.27117113751532895, 0.8173434844569667, 0.5083461838101931
-0.36375395934960936, 0.7803242040344865, 0.5087014779371373
-0.45101524711652263, 0.734950117849528, 0.5063927044709341
-0.5299107063408951, 0.6829800277771798, 0.5027254966308915
-0.5974210916946122, 0.6268560969091569, 0.5001394535189514
-0.6553251290304165, 0.5651804057655183, 0.5011188324140213
-0.7096253369778831, 0.49174596943710996, 0.5045966534385486
-0.7585763304549024, 0.4082533660602877, 0.5078298336785851
-0.8000107874627128, 0.3178381520924566, 0.5088827458440134
-0.8321635100188434, 0.22423568205639155, 0.5071708306732786
-0.853917910080995, 0.13099957623155553, 0.5036499914326004
-0.8646977826639228, 0.042068911879653885, 0.5005276728706987
-0.8646977826597115, -0.04206891194751071, 0.5005276728722711
-0.8539179100717008, -0.13099957628360673, 0.5036499914348198
-0.8321635099954011, -0.22423568213754805, 0.5071708306758606
-0.8000107874308793, -0.3178381521720839, 0.5088827458443246
-0.7585763304135118, -0.4082533661398532, 0.5078298336764486
-0.7096253369402055, -0.49174596949433963, 0.5045966534357634
-0.6553251289860178, -0.5651804058188971, 0.5011188324118803
-0.597421091646108, -0.6268560969546981, 0.5001394535198107
-0.5299107062830677, -0.6829800278199578, 0.5027254966337296
-0.45101524703359624, -0.7349501178980066, 0.506392704474433
-0.36375395926198567, -0.7803242040746435, 0.5087014779381949
-0.2711711375039742, -0.8173434844608638, 0.5083461838099845
-0.17736594185506738, -0.8443856189391827, 0.5055237375223425
-0.08580706204836558, -0.8606781693192869, 0.5018667521960676
-0.0, -0.8660254037844347, 0.5000000000000069
-1.0990084205727887e-15, -0.8660254037844347, 0.5000000000000068
0.08602029914576295, -0.8606546013950254, 0.5018706658417519
0.17759872445579153, -0.844333900094611, 0.5055283950706422
0.27128050649727525, -0.8173065231083776, 0.5083472573734187
0.3636895249171046, -0.7803539729798852, 0.5087018835428853
0.4508276929258726, -0.7350625005746725, 0.5063965951110304
0.5297213911167528, -0.6831233760606987, 0.5027302466261259
0.5973685560028079, -0.6269057965970268, 0.5001399109171025
0.6554411438661483, -0.5650434056376193, 0.5011215986892561
0.709764591195878, -0.4915397012291934, 0.504601770904605
0.7586491503528698, -0.4081155914430809, 0.5078317936974142
0.8000019127383974, -0.31786041509481733, 0.5088827921345502
0.832112204711769, -0.22441934000007113, 0.5071737755480378
0.8538771881214432, -0.13124494040035875, 0.5036551530810777
0.8646904766319087, -0.04220086975986065, 0.5005291861755855
0.8646904766276078, 0.04220086982899129, 0.5005291861771869
0.8538771881117675, 0.13124494045448595, 0.5036551530833767
0.832112204688, 0.22441934008229006, 0.5071737755506542
0.8000019127061895, 0.3178604151753687, 0.5088827921348692
0.7586491503110272, 0.4081155915235436, 0.5078317936952594
0.7097645911578141, 0.49153970128704566, 0.5046017709017903
0.6554411438209504, 0.565043405691974, 0.5011215986870844
0.5973685559533533, 0.6269057966434454, 0.5001399109179876
0.5297213910579522, 0.6831233761041664, 0.5027302466290183
0.4508276928420036, 0.7350625006236738, 0.5063965951145678
0.36368952482856026, 0.7803539730204514, 0.5087018835439601
0.2712805064857655, 0.817306523112326, 0.5083472573732128
0.17759872442080982, 0.8443339001025124, 0.5055283950697347
0.08602029914576796, 0.8606546013950246, 0.5018706658417524
0.0, 0.8660254037844352, 0.500000000000006
0.0, 0.8660254037844352, 0.500000000000006
-0.0860202991457725, 0.8606546013950248, 0.5018706658417516
-0.17759872445579375, 0.8443339000946097, 0.5055283950706433
-0.27128050649727464, 0.817306523108376, 0.5083472573734217
-0.36368952491711126, 0.7803539729798805, 0.5087018835428876
-0.4508276929258791, 0.735062500574667, 0.5063965951110324
-0.5297213911167551, 0.6831233760606973, 0.5027302466261255
-0.5973685560028088, 0.6269057965970267, 0.5001399109171016
-0.6554411438661498, 0.5650434056376205, 0.5011215986892528
-0.7097645911958801, 0.49153970122919793, 0.5046017709045978
-0.7586491503528744, 0.4081155914430898, 0.5078317936974004
-0.8000019127384057, 0.31786041509482765, 0.5088827921345311
-0.8321122047117824, 0.22441934000008043, 0.5071737755480119
-0.8538771881214596, 0.1312449404003648, 0.5036551530810484
-0.8646904766319272, 0.042200869759861884, 0.5005291861755533
-0.8646904766276258, -0.042200869828992814, 0.5005291861771555
-0.8538771881117845, -0.13124494045448987, 0.503655153083347
-0.8321122046880133, -0.22441934008229966, 0.5071737755506284
-0.8000019127061997, -0.31786041517537955, 0.5088827921348466
-0.7586491503110362, -0.40811559152355087, 0.5078317936952402
-0.7097645911578221, -0.4915397012870494, 0.5046017709017755
-0.6554411438209561, -0.5650434056919782, 0.5011215986870726
-0.597368555953358, -0.6269057966434491, 0.5001399109179772
-0.5297213910579558, -0.6831233761041692, 0.5027302466290111
-0.4508276928420059, -0.7350625006236766, 0.5063965951145617
-0.3636895248285621, -0.780353973020453, 0.5087018835439563
-0.27128050648576696, -0.8173065231123273, 0.5083472573732098
-0.17759872442081046, -0.844333900102513, 0.5055283950697336
-0.08602029914577107, -0.8606546013950244, 0.5018706658417522
-0.0, -0.8660254037844347, 0.5000000000000068
-1.102212902209806e-15, -0.8660254037844348, 0.5000000000000068
0.08623529038320346, -0.8606307923611658, 0.5018745998078766
0.17783301798668513, -0.8442817875078982, 0.5055330661749197
0.2713904792016344, -0.8172693438998383, 0.5083483326619997
0.3636247376121615, -0.7803838995066005, 0.5087022897406291
0.4506389472698714, -0.7351755419267085, 0.5064004954147185
0.529530570284058, -0.6832677927060654, 0.5027350182603371
0.5973154991262162, -0.6269559818287498, 0.5001403716485479
0.6555581496556344, -0.5649051840819796, 0.5011243811843378
0.7099047568726927, -0.4913319720791435, 0.5046069058012809
0.7587223661656693, -0.40797701654123797, 0.5078337573006333
0.799992989688771, -0.3178827978042986, 0.5088828384893062
0.8320605595341354, -0.22460408097419512, 0.5071767266717576
0.8538361064538749, -0.13149209140010518, 0.5036603351614197
0.8646830846560128, -0.042334053005561145, 0.5005307094134034
0.8646830846516025, 0.04233405307627503, 0.5005307094150415
0.853836106435981, 0.1314920915013025, 0.5036603351653348
0.832060559510094, 0.22460408105728513, 0.5071767266744025
0.7999929896562624, 0.31788279788559665, 0.5088828384896272
0.7587223661234661, 0.40797701662243097, 0.5078337572984586
0.7099047568459032, 0.49133197212037666, 0.5046069057988213
0.655558149609442, 0.5649051841375553, 0.5011243811821164
0.5973154990755918, 0.6269559818762593, 0.5001403716494524
0.5295305702236104, 0.683267792750731, 0.5027350182633016
0.45063894718521613, 0.7351755419761464, 0.5064004954182797
0.36362473752287083, 0.7803838995474999, 0.5087022897417123
0.27139047918998904, 0.8172693439038351, 0.508348332661791
0.17783301795179432, 0.8442817875157878, 0.505533066174017
0.08623529038320817, 0.8606307923611655, 0.5018745998078767
0.0, 0.8660254037844353, 0.5000000000000058
0.0, 0.8660254037844353, 0.5000000000000058
-0.08623529038321309, 0.8606307923611652, 0.5018745998078761
-0.17783301798668777, 0.8442817875078968, 0.5055330661749207
-0.2713904792016341, 0.8172693438998366, 0.5083483326620026
-0.36362473761216807, 0.7803838995065959, 0.5087022897406311
-0.450638947269879, 0.7351755419267033, 0.5064004954147193
-0.5295305702840599, 0.683267792706064, 0.502735018260337
-0.5973154991262177, 0.62695598182875, 0.5001403716485455
-0.6555581496556362, 0.5649051840819812, 0.5011243811843338
-0.7099047568726946, 0.4913319720791485, 0.5046069058012732
-0.7587223661656733, 0.4079770165412471, 0.5078337573006199
-0.799992989688779, 0.31788279780430917, 0.5088828384892871
-0.8320605595341474, 0.22460408097420473, 0.5071767266717339
-0.8538361064538894, 0.13149209140011142, 0.5036603351613934
-0.8646830846560297, 0.042334053005562707, 0.5005307094133741
-0.8646830846516194, -0.04233405307627683, 0.5005307094150122
-0.8538361064359967, -0.13149209150130645, 0.5036603351653071
-0.8320605595101072, -0.22460408105729446, 0.5071767266743772
-0.7999929896562716, -0.317882797885608, 0.5088828384896059
-0.7587223661234743, -0.4079770166224381, 0.5078337572984405
-0.7099047568459103, -0.4913319721203806, 0.5046069057988073
-0.6555581496094468, -0.5649051841375595, 0.5011243811821054
-0.5973154990755957, -0.6269559818762632, 0.5001403716494427
-0.5295305702236136, -0.683267792750734, 0.5027350182632938
-0.4506389471852171, -0.7351755419761499, 0.5064004954182744
-0.3636247375228715, -0.7803838995475018, 0.508702289741709
-0.2713904791899892, -0.8172693439038364, 0.5083483326617889
-0.17783301795179382, -0.8442817875157885, 0.5055330661740157
-0.0862352903832093, -0.8606307923611651, 0.501874599807877
-0.0, -0.8660254037844348, 0.5000000000000068
-1.1054463822106891e-15, -0.8660254037844348, 0.5000000000000067
0.08645205684360606, -0.8606067387157804, 0.5018785541786959
0.17806883673951648, -0.8442292768568784, 0.5055377507960681
0.27150106052203826, -0.8172319449446195, 0.5083494096558417
0.36355959458853215, -0.7804139848397219, 0.5087026965224467
0.4504489991108153, -0.7352892474795399, 0.5064044053333627
0.5293382263715698, -0.6834132892661132, 0.5027398115887309
0.5972619134345261, -0.627006659601036, 0.5001408357417729
0.6556761587808583, -0.5647657251289813, 0.5011271799911822
0.7100458426163622, -0.4911227669248524, 0.5046120581112755
0.7587959810251329, -0.40783763454123917, 0.5078357244541908
0.7999840179256638, -0.3179053011697861, 0.508882884907381
0.8320085712108134, -0.22478991429819076, 0.5071796839992241
0.8537946605276134, -0.1317410482492228, 0.5036655376941461
0.8646756053049109, -0.042468478349507593, 0.5005322426550195
0.8646756053004323, 0.04246847842112833, 0.5005322426566795
0.8537946605096098, 0.13174104835085498, 0.5036655376980816
0.8320085711865585, 0.22478991438195178, 0.5071796840018893
0.7999840178929293, 0.3179053012516429, 0.5088828849077042
0.7587959809826597, 0.407837634622989, 0.5078357244520009
0.7100458425890623, 0.49112276696688584, 0.5046120581087797
0.6556761587341146, 0.564765725185245, 0.501127179988933
0.5972619133832147, 0.6270066596491829, 0.5001408357426885
0.5293382263104299, 0.6834132893112645, 0.5027398115917278
0.45044899902554203, 0.7352892475293143, 0.506404405336942
0.36355959449868364, 0.7804139848808681, 0.5087026965235363
0.27150106051028, 0.817231944948657, 0.5083494096556309
0.17806883670476462, 0.8442292768647454, 0.5055377507951717
0.08645205684361272, 0.8606067387157798, 0.501878554178696
0.0, 0.8660254037844352, 0.5000000000000059
0.0, 0.8660254037844352, 0.5000000000000059
-0.08645205684361588, 0.8606067387157803, 0.5018785541786946
-0.17806883673951943, 0.8442292768568774, 0.5055377507960689
-0.27150106052203793, 0.8172319449446177, 0.5083494096558449
-0.36355959458853926, 0.7804139848397171, 0.5087026965224488
-0.4504489991108223, 0.7352892474795351, 0.5064044053333634
-0.529338226371572, 0.6834132892661119, 0.5027398115887302
-0.5972619134345281, 0.6270066596010362, 0.5001408357417705
-0.6556761587808605, 0.5647657251289829, 0.5011271799911774
-0.7100458426163644, 0.4911227669248574, 0.5046120581112676
-0.7587959810251369, 0.40783763454124766, 0.5078357244541778
-0.7999840179256711, 0.3179053011697959, 0.5088828849073632
-0.8320085712108245, 0.2247899142981993, 0.5071796839992022
-0.8537946605276278, 0.13174104824922805, 0.5036655376941203
-0.8646756053049268, 0.042468478349508045, 0.500532242654992
-0.8646756053004482, -0.04246847842113073, 0.5005322426566522
-0.8537946605096242, -0.13174104835086003, 0.5036655376980562
-0.8320085711865696, -0.2247899143819617, 0.5071796840018665
-0.7999840178929374, -0.3179053012516551, 0.5088828849076839
-0.7587959809826669, -0.4078376346229971, 0.5078357244519837
-0.7100458425890688, -0.4911227669668909, 0.5046120581087655
-0.6556761587341189, -0.5647657251852494, 0.5011271799889223
-0.5972619133832182, -0.6270066596491871, 0.5001408357426793
-0.5293382263104325, -0.6834132893112688, 0.5027398115917194
-0.4504489990255426, -0.7352892475293183, 0.5064044053369359
-0.36355959449868397, -0.7804139848808702, 0.5087026965235326
-0.27150106051027967, -0.8172319449486583, 0.5083494096556292
-0.17806883670476392, -0.8442292768647461, 0.5055377507951706
-0.08645205684361378, -0.86060673871578, 0.5018785541786956
-0.0, -0.8660254037844347, 0.5000000000000067
-1.1087092559875377e-15, -0.8660254037844349, 0.5000000000000066
0.08667061993894427, -0.8605824368919477, 0.5018825290369412
0.17830619514358473, -0.8441763637667122, 0.5055424488913166
0.27161225540301376, -0.817194324334917, 0.508350488334266
0.3634940929694689, -0.7804442302169573, 0.5087031038802142
0.45025783727830515, -0.7354036228673481, 0.506408324816094
0.5291443416467966, -0.6835598774529603, 0.5027446266641467
0.5972077911506737, -0.6270578370429362, 0.5001413032253665
0.6557951838253113, -0.564625012536043, 0.501129995201045
0.7101878571383599, -0.49091207050368546, 0.5046172278143197
0.7588699980947545, -0.4076974385544887, 0.5078376951229361
0.7999749970567652, -0.31792792615017984, 0.5088829313878334
0.8319562364258158, -0.22497684939519433, 0.5071826474835316
0.8537528457428213, -0.13199183008714402, 0.5036707606922213
0.8646680371168406, -0.04260416282307152, 0.5005337859711922
0.8646680371123057, 0.042604162895420954, 0.5005337859728681
0.8537528457247412, 0.1319918301890195, 0.5036707606961708
0.8319562364014043, 0.22497684947942717, 0.5071826474862108
0.7999749970238784, 0.3179279262324104, 0.5088829313881582
0.758869998052101, 0.4076974386366226, 0.5078376951207361
0.7101878571106603, 0.49091207054635255, 0.5046172278117952
0.6557951837781333, 0.5646250125928546, 0.501129995198774
0.5972077910988014, 0.6270578370916012, 0.5001413032262917
0.5291443415851181, 0.6835598774984835, 0.5027446266671681
0.45025783719258294, 0.7354036229173603, 0.5064083248196839
0.36349409287924933, 0.7804442302582646, 0.5087031038813077
0.27161225539116074, 0.8171943243389885, 0.5083504883340535
0.17830619510901502, 0.8441763637745465, 0.5055424488904274
0.08667061993894949, 0.8605824368919468, 0.5018825290369416
0.0, 0.8660254037844353, 0.5000000000000059
0.0, 0.8660254037844353, 0.5000000000000059
-0.08667061993895411, 0.8605824368919467, 0.5018825290369413
-0.17830619514358764, 0.844176363766711, 0.5055424488913175
-0.2716122554030135, 0.817194324334916, 0.5083504883342675
-0.3634940929694756, 0.7804442302169531, 0.5087031038802159
-0.45025783727831203, 0.7354036228673437, 0.5064083248160941
-0.529144341646799, 0.6835598774529593, 0.5027446266641454
-0.5972077911506756, 0.6270578370429367, 0.5001413032253635
-0.6557951838253133, 0.5646250125360456, 0.5011299952010394
-0.7101878571383619, 0.49091207050369173, 0.504617227814311
-0.758869998094758, 0.407697438554498, 0.5078376951229235
-0.7999749970567719, 0.3179279261501904, 0.5088829313878163
-0.8319562364258257, 0.22497684939520404, 0.5071826474835107
-0.8537528457428339, 0.1319918300871501, 0.5036707606921984
-0.8646680371168549, 0.04260416282307314, 0.5005337859711674
-0.8646680371123199, -0.04260416289542218, 0.5005337859728433
-0.8537528457247551, -0.13199183018902308, 0.5036707606961462
-0.8319562364014144, -0.2249768494794364, 0.5071826474861899
-0.7999749970238866, -0.31792792623242105, 0.5088829313881387
-0.7588699980521082, -0.40769743863662933, 0.5078376951207199
-0.710187857110667, -0.4909120705463566, 0.504617227811782
-0.6557951837781386, -0.5646250125928582, 0.5011299951987627
-0.597207791098806, -0.627057837091605, 0.5001413032262815
-0.5291443415851217, -0.6835598774984866, 0.5027446266671599
-0.4502578371925852, -0.7354036229173628, 0.5064083248196782
-0.36349409287925155, -0.7804442302582661, 0.5087031038813038
-0.2716122553911615, -0.8171943243389893, 0.5083504883340519
-0.17830619510901585, -0.844176363774547, 0.5055424488904264
-0.086670619938952, -0.8605824368919466, 0.5018825290369415
-0.0, -0.8660254037844349, 0.5000000000000066
-1.1120019261742204e-15, -0.866025403784435, 0.5000000000000064
0.08689100141670277, -0.8605578832562673, 0.5018865244637427
0.17854510780369046, -0.844123043800851, 0.5055471604150846
0.2717240688412941, -0.817156480141334, 0.5083515686760072
0.3634282298481908, -0.7804746368883971, 0.5087035118055853
0.4500654504683339, -0.7355186737847691, 0.50641225380971
0.5289488981090114, -0.6837075691423141, 0.5027494635370291
0.597153124346941, -0.6271095214193192, 0.5001417741280161
0.6559152375777563, -0.5644830297821819, 0.5011328269044485
0.7103308092549658, -0.4906998673493976, 0.5046224148870808
0.7589444205700938, -0.4075564216162471, 0.5078396692706119
0.7999659266856776, -0.31795067371422525, 0.5088829779296961
0.831903551821817, -0.22516489579290042, 0.5071856170760541
0.8537106574170937, -0.13224445636233914, 0.5036760041672653
0.864660378598725, -0.04274112376393685, 0.5005353394325973
0.864660378594145, 0.042741123836824026, 0.5005353394342853
0.8537106573989747, 0.13224445646425378, 0.5036760041712178
0.8319035517973085, 0.22516489587739394, 0.5071856170787431
0.7999659266527175, 0.3179506737966327, 0.508882977930021
0.7589444205273552, 0.4075564216985826, 0.5078396692684062
0.7103308092269833, 0.4906998673925212, 0.5046224148845364
0.6559152375302704, 0.56448302983939, 0.501132826902161
0.5971531242946435, 0.6271095214683753, 0.5001417741289478
0.5289488980469583, 0.6837075691880873, 0.5027494635400671
0.45006545038234286, 0.7355186738349124, 0.5064122538133043
0.3634282297577991, 0.780474636929775, 0.5087035118066793
0.27172406882937233, 0.8171564801454313, 0.5083515686757932
0.17854510776935667, 0.8441230438086401, 0.5055471604142046
0.08689100141670919, 0.8605578832562668, 0.5018865244637426
0.0, 0.8660254037844353, 0.5000000000000058
0.0, 0.8660254037844353, 0.5000000000000058
-0.08689100141671278, 0.8605578832562669, 0.5018865244637417
-0.17854510780369387, 0.8441230438008499, 0.5055471604150852
-0.2717240688412942, 0.8171564801413334, 0.5083515686760083
-0.36342822984819784, 0.7804746368883929, 0.5087035118055867
-0.45006545046834157, 0.7355186737847641, 0.5064122538097103
-0.5289488981090142, 0.6837075691423133, 0.5027494635370271
-0.597153124346943, 0.6271095214193202, 0.5001417741280124
-0.6559152375777589, 0.5644830297821842, 0.5011328269044423
-0.7103308092549682, 0.49069986734940324, 0.5046224148870718
-0.7589444205700973, 0.4075564216162563, 0.5078396692705992
-0.7999659266856842, 0.3179506737142352, 0.5088829779296793
-0.8319035518218258, 0.22516489579290877, 0.5071856170760358
-0.8537106574171057, 0.13224445636234464, 0.5036760041672436
-0.8646603785987386, 0.04274112376393763, 0.5005353394325738
-0.8646603785941581, -0.042741123836826385, 0.5005353394342625
-0.8537106573989865, -0.13224445646425873, 0.5036760041711962
-0.8319035517973179, -0.22516489587740457, 0.5071856170787228
-0.799965926652724, -0.3179506737966452, 0.5088829779300029
-0.7589444205273611, -0.4075564216985914, 0.5078396692683903
-0.7103308092269888, -0.49069986739252675, 0.5046224148845235
-0.655915237530274, -0.5644830298393954, 0.5011328269021502
-0.5971531242946464, -0.6271095214683803, 0.500141774128938
-0.5289488980469605, -0.6837075691880917, 0.5027494635400589
-0.45006545038234264, -0.7355186738349166, 0.5064122538132984
-0.3634282297577981, -0.7804746369297775, 0.5087035118066762
-0.27172406882937095, -0.8171564801454334, 0.5083515686757907
-0.1785451077693546, -0.8441230438086414, 0.505547160414203
-0.08689100141670943, -0.8605578832562667, 0.5018865244637427
-0.0, -0.866025403784435, 0.5000000000000064
-1.1153248027920042e-15, -0.8660254037844349, 0.5000000000000063
0.08711322336621792, -0.8605330741073783, 0.5018905405385249
0.1787855895025729, -0.8440693124600172, 0.5055518853188973
0.2718365058863095, -0.8171184104126474, 0.5083526506591963
0.36336200228728927, -0.7805052061167599, 0.5087039202899918
0.44987182724111574, -0.7356344059877923, 0.506416192258628
0.5287518774848875, -0.6838563763757851, 0.5027543222553009
0.5970979049414525, -0.6271617201339692, 0.5001422484784991
0.6560363330363735, -0.564339760062087, 0.5011356751911148
0.7104747078887692, -0.49048614178882444, 0.504627619303067
0.7590192516791525, -0.40741457668463316, 0.5078416468598264
0.7999568064118381, -0.31797354484069973, 0.5088830245319768
0.831850513999493, -0.2253540631250688, 0.5071885927264155
0.8536680907920583, -0.1324989467903735, 0.503681268127855
0.8646526282253795, -0.04287937882258149, 0.5005369031097838
0.8646526282207656, 0.04287937889581121, 0.5005369031114809
0.853668090773936, 0.13249894689212127, 0.5036812681318037
0.8318505139749496, 0.22535406320961096, 0.507188592729106
0.7999568063788839, 0.3179735449230866, 0.508883024532301
0.7590192516364248, 0.4074145767669861, 0.5078416468576196
0.7104747078606221, 0.49048614183222483, 0.5046276193005118
0.6560363329887067, 0.5643397601195385, 0.5011356751888181
0.5970979048888688, 0.6271617201832859, 0.5001422484794353
0.528751877422626, 0.6838563764216855, 0.5027543222583474
0.44987182715503693, 0.7356344060379609, 0.5064161922622191
0.36336200219692294, 0.7805052061581168, 0.5087039202910852
0.27183650587434255, 0.8171184104167625, 0.5083526506589807
0.17878558946852627, 0.8440693124677494, 0.5055518853180277
0.08711322336622394, 0.8605330741073773, 0.5018905405385257
0.0, 0.8660254037844353, 0.5000000000000058
0.0, 0.8660254037844353, 0.5000000000000058
-0.08711322336622791, 0.8605330741073769, 0.5018905405385254
-0.17878558950257614, 0.8440693124600163, 0.5055518853188975
-0.2718365058863096, 0.8171184104126468, 0.508352650659197
-0.3633620022872968, 0.7805052061167558, 0.5087039202899927
-0.44987182724112335, 0.7356344059877876, 0.5064161922586281
-0.5287518774848903, 0.6838563763757846, 0.5027543222552988
-0.5970979049414548, 0.6271617201339704, 0.500142248478495
-0.6560363330363763, 0.5643397600620897, 0.5011356751911079
-0.7104747078887712, 0.4904861417888304, 0.5046276193030585
-0.7590192516791558, 0.40741457668464254, 0.5078416468598136
-0.7999568064118444, 0.31797354484070944, 0.508883024531961
-0.8318505139995013, 0.22535406312507708, 0.5071885927263982
-0.8536680907920688, 0.13249894679037888, 0.5036812681278354
-0.8646526282253912, 0.04287937882258196, 0.5005369031097637
-0.8646526282207778, -0.042879378895814155, 0.5005369031114595
-0.8536680907739468, -0.1324989468921267, 0.5036812681317838
-0.8318505139749577, -0.2253540632096218, 0.5071885927290879
-0.7999568063788898, -0.3179735449230986, 0.5088830245322845
-0.7590192516364305, -0.4074145767669945, 0.5078416468576046
-0.7104747078606277, -0.4904861418322296, 0.5046276193004995
-0.6560363329887106, -0.5643397601195435, 0.5011356751888073
-0.5970979048888726, -0.6271617201832901, 0.5001422484794253
-0.5287518774226283, -0.6838563764216895, 0.5027543222583397
-0.4498718271550374, -0.7356344060379645, 0.5064161922622138
-0.36336200219692266, -0.7805052061581189, 0.5087039202910822
-0.2718365058743417, -0.817118410416764, 0.5083526506589789
-0.17878558946852538, -0.8440693124677506, 0.5055518853180261
-0.08711322336622457, -0.8605330741073773, 0.5018905405385257
-0.0, -0.8660254037844349, 0.5000000000000063
-1.118678303419762e-15, -0.866025403784435, 0.5000000000000062
0.08733730822521102, -0.8605080056744175, 0.5018945773389181
0.17902765520349137, -0.8440151651811392, 0.5055566235513033
0.27194957164085304, -0.8170801131755058, 0.50835373426135
0.36329540731833365, -0.7805359391775466, 0.5087043293246394
0.44967695601912533, -0.7357508252945327, 0.5064201401048222
0.5285532612234881, -0.6840063113636584, 0.5027592028642509
0.5970421246944674, -0.6272144407328707, 0.5001427263056701
0.6561584834129353, -0.5641951862801263, 0.5011385401498972
0.7106195620701684, -0.49027087793855467, 0.5046328410325281
0.7590944946827581, -0.4072718966395981, 0.5078436278520313
0.7999476358304642, -0.31799654051854337, 0.5088830711936578
0.831797119516891, -0.22554436113294057, 0.5071915743824387
0.8536251410318864, -0.13275532135831972, 0.5036865525794207
0.8646447844386724, -0.04301894596922436, 0.5005384770731406
0.8646447844340382, 0.0430189460425961, 0.5005384770748397
0.8536251410137985, 0.13275532145969007, 0.5036865525833573
0.831797119492375, 0.22554436121731566, 0.507191574385124
0.7999476357975959, 0.3179965406007092, 0.5088830711939811
0.7590944946401381, 0.40727189672178093, 0.5078436278498298
0.7106195620419781, 0.4902708779820484, 0.5046328410299699
0.6561584833652191, 0.5641951863376632, 0.5011385401475974
0.5970421246417414, 0.6272144407823126, 0.5001427263066073
0.5285532611611901, 0.684006311409559, 0.5027592028672973
0.4496769559331459, 0.735750825344617, 0.5064201401084029
0.36329540722819664, 0.7805359392187896, 0.5087043293257298
0.2719495716288654, 0.8170801131796296, 0.5083537342611347
0.17902765516978675, 0.8440151651888024, 0.5055566235504454
0.08733730822521606, 0.8605080056744169, 0.5018945773389182
0.0, 0.8660254037844354, 0.5000000000000057
0.0, 0.8660254037844354, 0.5000000000000057
-0.08733730822522077, 0.8605080056744162, 0.5018945773389185
-0.1790276552034951, 0.8440151651811383, 0.5055566235513036
-0.27194957164085276, 0.8170801131755049, 0.5083537342613517
-0.36329540731834103, 0.7805359391775427, 0.5087043293246402
-0.44967695601913305, 0.7357508252945283, 0.5064201401048218
-0.528553261223491, 0.684006311363658, 0.5027592028642485
-0.5970421246944694, 0.6272144407328721, 0.5001427263056656
-0.6561584834129378, 0.5641951862801299, 0.5011385401498902
-0.7106195620701706, 0.4902708779385613, 0.5046328410325185
-0.7590944946827614, 0.4072718966396079, 0.5078436278520188
-0.7999476358304698, 0.31799654051855364, 0.5088830711936428
-0.8317971195168987, 0.2255443611329494, 0.507191574382422
-0.8536251410318957, 0.1327553213583253, 0.5036865525794032
-0.8646447844386832, 0.043018945969225696, 0.5005384770731218
-0.8646447844340487, -0.04301894604259812, 0.5005384770748214
-0.8536251410138086, -0.132755321459694, 0.5036865525833389
-0.8317971194923826, -0.22554436121732502, 0.5071915743851072
-0.7999476357976015, -0.3179965406007198, 0.5088830711939657
-0.7590944946401439, -0.4072718967217879, 0.5078436278498155
-0.7106195620419837, -0.4902708779820528, 0.5046328410299573
-0.6561584833652235, -0.5641951863376675, 0.5011385401475866
-0.5970421246417453, -0.6272144407823164, 0.500142726306598
-0.528553261161193, -0.6840063114095624, 0.5027592028672897
-0.44967695593314727, -0.7357508253446204, 0.5064201401083968
-0.36329540722819775, -0.7805359392187912, 0.5087043293257267
-0.27194957162886546, -0.8170801131796308, 0.5083537342611327
-0.17902765516978714, -0.8440151651888027, 0.5055566235504444
-0.08733730822521799, -0.8605080056744163, 0.5018945773389186
-0.0, -0.866025403784435, 0.5000000000000062
-1.1220628533689064e-15, -0.8660254037844352, 0.500000000000006
0.08756327878646786, -0.8604826741154509, 0.501898634940648
0.17927132005285257, -0.8439605973362633, 0.5055613750577918
0.272063271261754, -0.8170415864341279, 0.5083548194593583
0.36322844194148, -0.780566837359196, 0.5087047389005015
0.4494808250851141, -0.7358679375860068, 0.5064240972877594
0.528353030491152, -0.684157386487715, 0.5027641054064177
0.5969857752045619, -0.6272676909075817, 0.5001432076384511
0.6562817021370828, -0.5640492910442024, 0.5011414218687033
0.7107653809388945, -0.4900540597015406, 0.5046380800423478
0.7591701528749544, -0.4071283742818867, 0.507845612207496
0.7999384145324986, -0.3180196617469869, 0.5088831179136958
0.8317433648887819, -0.22573579966666493, 0.5071945619901086
0.8535818032217791, -0.13301360032925014, 0.5036918575241277
0.8646368456466658, -0.043159843500953296, 0.5005400613928491
0.8646368456420241, 0.04315984357425553, 0.5005400613945465
0.8535818032037661, 0.1330136004300224, 0.503691857528042
0.8317433648643582, 0.22573579975064814, 0.5071945619927822
0.7999384144997997, 0.3180196618287224, 0.5088831179140173
0.7591701528325436, 0.4071283743637031, 0.5078456122053048
0.7107653809107867, 0.49005405974493543, 0.5046380800397962
0.6562817020894556, 0.5640492911016585, 0.5011414218664064
0.5969857751518454, 0.6272676909570065, 0.5001432076393875
0.5283530304289961, 0.6841573865334835, 0.5027641054094555
0.4494808249994287, 0.7358679376358929, 0.5064240972913223
0.3632284418517836, 0.7805668374002281, 0.5087047389015864
0.27206327124977514, 0.8170415864382502, 0.5083548194591437
0.17927132001955096, 0.8439605973438435, 0.5055613750569464
0.0875632787864742, 0.86048267411545, 0.5018986349406487
0.0, 0.8660254037844354, 0.5000000000000056
0.0, 0.8660254037844354, 0.5000000000000056
-0.08756327878647799, 0.8604826741154497, 0.5018986349406483
-0.17927132005285637, 0.8439605973362624, 0.505561375057792
-0.2720632712617545, 0.817041586434127, 0.5083548194593593
-0.3632284419414874, 0.780566837359192, 0.5087047389005023
-0.4494808250851218, 0.7358679375860026, 0.5064240972877586
-0.5283530304911547, 0.6841573864877148, 0.5027641054064148
-0.5969857752045644, 0.6272676909075834, 0.5001432076384461
-0.6562817021370858, 0.5640492910442056, 0.501141421868696
-0.7107653809388969, 0.49005405970154725, 0.5046380800423382
-0.7591701528749575, 0.407128374281896, 0.5078456122074838
-0.7999384145325039, 0.3180196617469968, 0.5088831179136811
-0.831743364888789, 0.2257357996666731, 0.5071945619900933
-0.8535818032217874, 0.13301360032925533, 0.5036918575241125
-0.8646368456466753, 0.04315984350095435, 0.5005400613928325
-0.8646368456420336, -0.04315984357425813, 0.5005400613945301
-0.8535818032037742, -0.13301360043002727, 0.5036918575280273
-0.8317433648643647, -0.2257357997506579, 0.5071945619927674
-0.7999384144998044, -0.31801966182873376, 0.5088831179140028
-0.7591701528325486, -0.4071283743637107, 0.507845612205291
-0.7107653809107916, -0.4900540597449404, 0.5046380800397844
-0.6562817020894595, -0.5640492911016631, 0.5011414218663961
-0.596985775151849, -0.6272676909570108, 0.5001432076393779
-0.5283530304289981, -0.6841573865334877, 0.5027641054094476
-0.44948082499942826, -0.7358679376358973, 0.5064240972913162
-0.36322844185178293, -0.7805668374002306, 0.5087047389015832
-0.27206327124977386, -0.817041586438252, 0.5083548194591414
-0.17927132001954948, -0.8439605973438448, 0.5055613750569449
-0.08756327878647459, -0.86048267411545, 0.5018986349406487
-0.0, -0.8660254037844352, 0.5000000000000061
-1.1254788858632092e-15, -0.8660254037844353, 0.500000000000006
0.08779115820466864, -0.8604570755158559, 0.5019027134174344
0.1795165993828822, -0.8439056042314466, 0.5055661397807046
0.27217760996056745, -0.8170028281699949, 0.5083559062294674
0.36316110312506944, -0.780597901963239, 0.5087051490083152
0.4492834225800864, -0.7359857488069198, 0.5064280637443396
0.5281511661662681, -0.6843096143041071, 0.5027690299214691
0.5969288479047092, -0.6273214784987049, 0.5001436925058191
0.6564060028607037, -0.5639020566594514, 0.5011443204344181
0.7109121737455586, -0.48983567076364004, 0.5046433362959425
0.7592462295833985, -0.40698400233197596, 0.50784759988528
0.799929142104557, -0.31804290953567776, 0.5088831646910205
0.8316892465860058, -0.2259283886867491, 0.5071975554935286
0.853538072366418, -0.13327380424680807, 0.5036971829607577
0.864628810222725, -0.043302090049034056, 0.5005416561388475
0.8646288102180896, 0.043302090122047276, 0.5005416561405385
0.8535380723485203, 0.1332738043467557, 0.5036971829646408
0.8316892465617417, 0.2259283887701099, 0.5071975554961837
0.7999291420721133, 0.3180429096167693, 0.5088831646913389
0.759246229541301, 0.4069840024132267, 0.5078475998831036
0.7109121737176621, 0.48983567080673834, 0.5046433362934075
0.6564060028133077, 0.563902056716655, 0.5011443204321309
0.5969288478521589, 0.6273214785479654, 0.5001436925067522
0.5281511661044386, 0.6843096143496082, 0.5027690299244894
0.4492834224948949, 0.7359857488564918, 0.5064280637478761
0.3631611030360288, 0.7805979020039616, 0.5087051490093928
0.27217760994862683, 0.817002828174106, 0.5083559062292534
0.17951659935004566, 0.843905604238929, 0.5055661397798742
0.08779115820467652, 0.8604570755158548, 0.501902713417435
0.0, 0.8660254037844355, 0.5000000000000056
0.0, 0.8660254037844355, 0.5000000000000056
-0.08779115820467889, 0.8604570755158553, 0.5019027134174341
-0.17951659938288594, 0.8439056042314459, 0.5055661397807043
-0.2721776099605676, 0.817002828169994, 0.5083559062294686
-0.3631611031250769, 0.780597901963235, 0.5087051490083159
-0.449283422580094, 0.735985748806916, 0.5064280637443386
-0.528151166166271, 0.6843096143041073, 0.5027690299214659
-0.5969288479047119, 0.6273214784987067, 0.5001436925058138
-0.656406002860707, 0.5639020566594546, 0.50114432043441
-0.7109121737455609, 0.4898356707636468, 0.5046433362959327
-0.7592462295834016, 0.40698400233198545, 0.5078475998852677
-0.7999291421045621, 0.318042909535687, 0.5088831646910067
-0.8316892465860128, 0.22592838868675713, 0.5071975554935139
-0.8535380723664254, 0.13327380424681326, 0.5036971829607433
-0.8646288102227339, 0.04330209004903422, 0.5005416561388324
-0.8646288102180982, -0.043302090122049997, 0.500541656140523
-0.8535380723485279, -0.1332738043467608, 0.5036971829646266
-0.8316892465617478, -0.22592838877011995, 0.5071975554961693
-0.799929142072117, -0.31804290961678133, 0.5088831646913256
-0.7592462295413053, -0.4069840024132346, 0.5078475998830908
-0.7109121737176669, -0.4898356708067436, 0.5046433362933956
-0.6564060028133109, -0.5639020567166603, 0.501144320432121
-0.5969288478521617, -0.62732147854797, 0.5001436925067428
-0.5281511661044402, -0.6843096143496128, 0.5027690299244816
-0.44928342249489445, -0.7359857488564958, 0.5064280637478703
-0.3631611030360278, -0.7805979020039645, 0.5087051490093888
-0.27217760994862505, -0.8170028281741079, 0.5083559062292513
-0.1795165993500442, -0.8439056042389301, 0.5055661397798727
-0.08779115820467658, -0.8604570755158553, 0.5019027134174343
-0.0, -0.8660254037844353, 0.500000000000006
-1.1289268422236586e-15, -0.8660254037844353, 0.5000000000000059
0.08802097000336699, -0.8604312058866644, 0.5019068128408769
0.17976350871433777, -0.8438501811056246, 0.5055709176591499
0.27229259300426484, -0.8169638363415357, 0.5083569945472711
0.36309338780522343, -0.7806291343044585, 0.5087055596385766
0.44908473650125, -0.7361042649664651, 0.5064320394088264
0.5279476488339421, -0.6844630075462889, 0.5027739764460782
0.5968713340582411, -0.6273758114994538, 0.5001441809367949
0.6565313994624107, -0.5637534651217871, 0.5011472359328211
0.7110599498532238, -0.48961569459009857, 0.5046486097531491
0.7593227281697642, -0.4068387734290027, 0.5078495908432052
0.7999198181288731, -0.31806628490480926, 0.5088832115245335
0.8316347610348085, -0.22612213826552635, 0.5072005548348731
0.8534939433883793, -0.13353595393986947, 0.503702528884582
0.8646206765046047, -0.04344570458641525, 0.5005432613807816
0.8646206764999896, 0.04344570465891769, 0.5005432613824607
0.8534939433706382, 0.13353595403876473, 0.503702528888425
0.8316347610107703, 0.22612213834803505, 0.5072005548375033
0.7999198180967694, 0.31806628498504425, 0.5088832115248488
0.7593227281280829, 0.40683877350948766, 0.5078495908410496
0.7110599498256696, 0.48961569463270205, 0.504648609750639
0.6565313994153893, 0.5637534651785645, 0.5011472359305511
0.596871334006017, 0.6273758115484003, 0.5001441809377212
0.5279476487726256, 0.6844630075913857, 0.502773976449071
0.4490847364167541, 0.7361042650156051, 0.5064320394123286
0.3630933877170547, 0.7806291343447733, 0.5087055596396433
0.27229259299238956, 0.8169638363456262, 0.5083569945470585
0.17976350868202767, 0.843850181112995, 0.5055709176583362
0.0880209700033734, 0.8604312058866632, 0.5019068128408777
0.0, 0.8660254037844355, 0.5000000000000056
0.0, 0.8660254037844355, 0.5000000000000056
-0.08802097000337694, 0.860431205886663, 0.5019068128408773
-0.17976350871434116, 0.8438501811056236, 0.5055709176591502
-0.27229259300426517, 0.8169638363415349, 0.5083569945472722
-0.36309338780523054, 0.7806291343044549, 0.5087055596385771
-0.449084736501258, 0.7361042649664613, 0.5064320394088248
-0.5279476488339445, 0.6844630075462893, 0.5027739764460747
-0.5968713340582437, 0.6273758114994563, 0.5001441809367887
-0.6565313994624136, 0.5637534651217911, 0.5011472359328127
-0.711059949853226, 0.48961569459010545, 0.5046486097531391
-0.7593227281697669, 0.40683877342901265, 0.5078495908431934
-0.7999198181288776, 0.3180662849048194, 0.5088832115245204
-0.8316347610348142, 0.22612213826553398, 0.5072005548348606
-0.8534939433883857, 0.1335359539398742, 0.5037025288845698
-0.8646206765046125, 0.04344570458641598, 0.5005432613807683
-0.8646206764999973, -0.043445704658920226, 0.5005432613824474
-0.8534939433706448, -0.13353595403876906, 0.5037025288884129
-0.8316347610107753, -0.22612213834804434, 0.5072005548374912
-0.7999198180967733, -0.31806628498505446, 0.5088832115248364
-0.7593227281280869, -0.40683877350949454, 0.5078495908410378
-0.7110599498256744, -0.48961569463270604, 0.5046486097506282
-0.6565313994153933, -0.5637534651785685, 0.5011472359305416
-0.5968713340060205, -0.627375811548404, 0.5001441809377121
-0.5279476487726278, -0.6844630075913894, 0.5027739764490637
-0.44908473641675434, -0.7361042650156087, 0.506432039412323
-0.36309338771705485, -0.7806291343447755, 0.5087055596396394
-0.2722925929923894, -0.8169638363456275, 0.5083569945470563
-0.17976350868202695, -0.843850181112996, 0.5055709176583347
-0.08802097000337408, -0.8604312058866634, 0.501906812840877
-0.0, -0.8660254037844353, 0.5000000000000059
-1.1324071720585257e-15, -0.8660254037844354, 0.5000000000000059
0.08825273808212865, -0.860405061162857, 0.5019109332803456
0.18001206375926518, -0.8437943231294603, 0.5055757086289115
0.2724082257159422, -0.8169246088838119, 0.5083580843876916
0.3630252928854304, -0.7806605357110497, 0.5087059707815355
0.44888475469992584, -0.7362234921391323, 0.5064360242127811
0.5277424587805417, -0.6846175791280005, 0.5027789450137944
0.5968132247546919, -0.6274306980593265, 0.5001446729604264
0.656657906052122, -0.563603498111287, 0.5011501684485029
0.711208718738999, -0.48939411442196934, 0.5046539003701128
0.7593996520301433, -0.406692680129677, 0.5078515850378311
0.7999104421832397, -0.3180897888852599, 0.5088832584131106
0.8315799046161552, -0.22631705858865633, 0.5072035599543493
0.85344941112651, -0.13380007052729864, 0.5037078952872421
0.8646124427935026, -0.043590706435441905, 0.5005448771879613
0.8646124427889236, 0.04359070650719939, 0.5005448771896218
0.8534494111089699, 0.13380007062490315, 0.503707895291034
0.831579904592414, 0.22631705867007312, 0.5072035599569447
0.799910442151565, 0.3180897889644154, 0.5088832584134219
0.7593996519889861, 0.4066926802091866, 0.5078515850357023
0.7112087187119227, 0.4893941144638695, 0.5046539003676382
0.6566579060056276, 0.5636034981674545, 0.5011501684462577
0.5968132247029636, 0.6274306981078002, 0.5001446729613427
0.5277424587199343, 0.6846175791725488, 0.502778945016751
0.44888475461633737, 0.736223492187717, 0.506436024216241
0.36302529279835954, 0.7806605357508534, 0.5087059707825886
0.27240822570416595, 0.81692460888787, 0.5083580843874808
0.18001206372755124, 0.8437943231367033, 0.5055757086281152
0.08825273808213514, 0.8604050611628562, 0.5019109332803456
0.0, 0.8660254037844356, 0.5000000000000054
0.0, 0.8660254037844356, 0.5000000000000054
-0.08825273808213865, 0.860405061162856, 0.5019109332803454
-0.18001206375926893, 0.8437943231294593, 0.5055757086289119
-0.2724082257159423, 0.8169246088838111, 0.5083580843876927
-0.36302529288543745, 0.7806605357110463, 0.5087059707815356
-0.4488847546999336, 0.7362234921391286, 0.5064360242127792
-0.5277424587805448, 0.6846175791280013, 0.5027789450137902
-0.5968132247546943, 0.6274306980593295, 0.5001446729604199
-0.656657906052125, 0.5636034981112914, 0.5011501684484942
-0.7112087187390015, 0.48939411442197667, 0.5046539003701024
-0.7593996520301456, 0.40669268012968723, 0.5078515850378197
-0.7999104421832436, 0.3180897888852696, 0.5088832584130986
-0.8315799046161604, 0.2263170585886642, 0.507203559954337
-0.8534494111265158, 0.1338000705273036, 0.5037078952872309
-0.8646124427935092, 0.04359070643544319, 0.5005448771879495
-0.8646124427889299, -0.04359070650720129, 0.5005448771896107
-0.8534494111089757, -0.13380007062490695, 0.5037078952910234
-0.8315799045924183, -0.22631705867008192, 0.5072035599569342
-0.7999104421515684, -0.31808978896442563, 0.5088832584134102
-0.7593996519889895, -0.4066926802091936, 0.5078515850356916
-0.7112087187119276, -0.48939411446387365, 0.5046539003676276
-0.6566579060056313, -0.5636034981674588, 0.501150168446248
-0.5968132247029668, -0.6274306981078039, 0.5001446729613339
-0.5277424587199365, -0.6846175791725526, 0.5027789450167436
-0.4488847546163374, -0.7362234921877209, 0.5064360242162356
-0.36302529279835943, -0.780660535750856, 0.5087059707825846
-0.2724082257041648, -0.8169246088878718, 0.5083580843874782
-0.18001206372755038, -0.8437943231367041, 0.5055757086281142
-0.08825273808213574, -0.8604050611628562, 0.5019109332803455
-0.0, -0.8660254037844353, 0.5000000000000058
-1.1359203334588065e-15, -0.8660254037844354, 0.5000000000000058
0.0884864867238303, -0.8603786372016208, 0.5019150748028549
0.18026228042380416, -0.84373802540417, 0.5055805126223538
0.2725245134755332, -0.8168851437081912, 0.5083591757249708
0.3629568152361287, -0.7806921075247832, 0.5087063824271906
0.4486834648794276, -0.736343436465527, 0.5064400180849946
0.5275355759881322, -0.6847733421463114, 0.5027839356549098
0.5967545109055268, -0.6274861464878756, 0.5001451686057777
0.6567855369757567, -0.5634521369854054, 0.5011531180647755
0.7113584899956592, -0.4891709132724607, 0.5046592080991711
0.7594770045954602, -0.4065457149071725, 0.5078535824244261
0.7999010138409539, -0.3181134225187209, 0.5088833053555991
0.8315246736650502, -0.22651315995663676, 0.5072065707901376
0.8534044703342739, -0.13406617542278348, 0.5037132821566102
0.8646041073530882, -0.04373711527575941, 0.5005465036293075
0.8646041073485599, 0.04373711534652843, 0.5005465036309459
0.8534044703169794, 0.13406617551885144, 0.5037132821603421
0.8315246736416776, 0.22651316003671518, 0.5072065707926927
0.7999010138098003, 0.31811342259656894, 0.5088833053559042
0.7594770045549376, 0.4065457149854917, 0.5078535824223301
0.7113584899692003, 0.4891709133134435, 0.5046592080967421
0.656785536929946, 0.5634521370407735, 0.5011531180625619
0.5967545108544696, 0.6274861465357119, 0.5001451686066813
0.5275355759284351, 0.6847733421901638, 0.5027839356578202
0.4486834647969635, 0.7363434365134311, 0.5064400180884034
0.36295681515038597, 0.7806921075639708, 0.5087063824282273
0.27252451346388956, 0.8168851437122052, 0.5083591757247625
0.18026228039275852, 0.8437380254112682, 0.5055805126215771
0.08848648672383744, 0.8603786372016199, 0.5019150748028551
0.0, 0.8660254037844356, 0.5000000000000052
0.0, 0.8660254037844356, 0.5000000000000052
-0.08848648672384034, 0.8603786372016198, 0.5019150748028548
-0.18026228042380837, 0.8437380254041694, 0.5055805126223533
-0.27252451347553386, 0.8168851437081909, 0.5083591757249708
-0.36295681523613615, 0.7806921075247798, 0.5087063824271906
-0.448683464879435, 0.7363434364655238, 0.506440018084993
-0.5275355759881349, 0.6847733421463124, 0.5027839356549056
-0.596754510905529, 0.6274861464878789, 0.500145168605771
-0.6567855369757603, 0.5634521369854092, 0.5011531180647666
-0.711358489995662, 0.48917091327246737, 0.5046592080991606
-0.7594770045954625, 0.40654571490718205, 0.5078535824244148
-0.7999010138409577, 0.3181134225187302, 0.5088833053555872
-0.8315246736650547, 0.22651315995664398, 0.5072065707901269
-0.8534044703342787, 0.13406617542278768, 0.503713282156601
-0.8646041073530939, 0.043737115275759214, 0.5005465036292978
-0.8646041073485654, -0.04373711534653105, 0.5005465036309361
-0.8534044703169842, -0.13406617551885644, 0.5037132821603326
-0.8315246736416806, -0.22651316003672467, 0.5072065707926836
-0.7999010138098024, -0.31811342259658, 0.508883305355894
-0.7594770045549405, -0.40654571498549963, 0.5078535824223196
-0.7113584899692038, -0.48917091331344875, 0.5046592080967319
-0.6567855369299482, -0.5634521370407786, 0.5011531180625531
-0.5967545108544716, -0.6274861465357167, 0.5001451686066731
-0.5275355759284356, -0.6847733421901686, 0.5027839356578133
-0.44868346479696236, -0.7363434365134353, 0.5064400180883986
-0.36295681515038414, -0.7806921075639739, 0.5087063824282239
-0.2725245134638876, -0.8168851437122076, 0.5083591757247597
-0.18026228039275607, -0.8437380254112695, 0.5055805126215756
-0.08848648672383683, -0.8603786372016201, 0.5019150748028545
-0.0, -0.8660254037844353, 0.5000000000000058
-1.1394667931992277e-15, -0.8660254037844355, 0.5000000000000056
0.08872224060212225, -0.8603519297805503, 0.5019192374729448
0.18051417481103732, -0.8436812829603226, 0.5055853295683272
0.27264146172053527, -0.816845438702023, 0.5083602685326515
0.3628879516942833, -0.7807238511011693, 0.5087067945652847
0.44848085459290693, -0.7364641041532011, 0.5064440209514166
0.5273269801287851, -0.6849303098847193, 0.502788948396321
0.596695183239739, -0.6275421652585939, 0.5001456679019124
0.6569143068200373, -0.5632993627720164, 0.5011560848635785
0.7115092733332896, -0.4889460739232181, 0.5046645328887351
0.7595547893318889, -0.40639787015000317, 0.5078555829569378
0.7998915326707609, -0.3181371868578344, 0.5088833523508156
0.8314690644698272, -0.2267104527863402, 0.5072095872783589
0.853359115678051, -0.1343342903397675, 0.5037186894766619
0.8645956684084974, -0.04388495115243602, 0.5005481407733046
0.8645956684040366, 0.0438849512219674, 0.5005481407749139
0.8533591156610484, 0.13433429043404874, 0.5037186894803232
0.8314690644468958, 0.22671045286483082, 0.5072095872808667
0.7998915326402202, 0.31813718693414444, 0.5088833523511147
0.7595547892921134, 0.40639787022691504, 0.5078555829548796
0.7115092733075898, 0.4889460739630654, 0.5046645328863619
0.65691430677507, 0.5632993628263905, 0.5011560848614048
0.5966951831895336, 0.6275421653056235, 0.5001456679028005
0.5273269800702047, 0.6849303099277249, 0.5027889483991754
0.44848085451178876, 0.7364641042002957, 0.5064440209547661
0.3628879516101027, 0.7807238511396343, 0.5087067945663022
0.27264146170905934, 0.8168454387059807, 0.5083602685324468
0.18051417478073406, 0.843681282967259, 0.5055853295675719
0.08872224060212931, 0.8603519297805493, 0.5019192374729451
0.0, 0.8660254037844357, 0.5000000000000051
0.0, 0.8660254037844357, 0.5000000000000051
-0.08872224060213266, 0.860351929780549, 0.501919237472945
-0.18051417481104126, 0.8436812829603221, 0.505585329568327
-0.27264146172053605, 0.8168454387020226, 0.5083602685326516
-0.36288795169429067, 0.7807238511011663, 0.5087067945652841
-0.4484808545929144, 0.7364641041531981, 0.5064440209514143
-0.5273269801287876, 0.6849303098847206, 0.5027889483963166
-0.5966951832397416, 0.6275421652585971, 0.5001456679019052
-0.6569143068200406, 0.563299362772021, 0.5011560848635689
-0.711509273333292, 0.48894607392322553, 0.5046645328887244
-0.7595547893318911, 0.4063978701500129, 0.5078555829569266
-0.799891532670764, 0.3181371868578437, 0.5088833523508051
-0.8314690644698304, 0.22671045278634755, 0.50720958727835
-0.8533591156780551, 0.13433429033977276, 0.5037186894766537
-0.8645956684085022, 0.043884951152436645, 0.5005481407732961
-0.8645956684040412, -0.04388495122196968, 0.5005481407749055
-0.8533591156610525, -0.1343342904340531, 0.503718689480315
-0.8314690644468989, -0.22671045286483898, 0.5072095872808581
-0.7998915326402222, -0.31813718693415444, 0.5088833523511054
-0.7595547892921161, -0.4063978702269221, 0.5078555829548701
-0.7115092733075935, -0.4889460739630698, 0.5046645328863526
-0.6569143067750735, -0.5632993628263945, 0.5011560848613958
-0.5966951831895372, -0.6275421653056271, 0.5001456679027916
-0.5273269800702063, -0.684930309927729, 0.5027889483991682
-0.4484808545117883, -0.7364641042002998, 0.5064440209547607
-0.3628879516101028, -0.7807238511396366, 0.5087067945662985
-0.2726414617090587, -0.8168454387059831, 0.5083602685324432
-0.18051417478073348, -0.8436812829672604, 0.50558532956757
-0.08872224060213028, -0.8603519297805492, 0.5019192374729451
-0.0, -0.8660254037844354, 0.5000000000000056
-1.1430470269449877e-15, -0.8660254037844355, 0.5000000000000053
0.08896002478185051, -0.8603249345967061, 0.5019234213522876
0.18076776320917373, -0.843624090760113, 0.5055901593915021
0.27275907592495685, -0.816805491735832, 0.5083613627831577
0.36281869903490577, -0.7807557678224433, 0.5087072071856319
0.44827691120869806, -0.7365855014963569, 0.5064480327363802
0.527116650521967, -0.6850884958433194, 0.5027939832631658
0.5966352322633194, -0.6275987630466285, 0.5001461708785109
0.6570442303808239, -0.5631451562065328, 0.5011590689236208
0.7116610785578443, -0.48871957895640206, 0.5046698746810262
0.7596330097075628, -0.4062491382257952, 0.5078575865864648
0.7998819982329615, -0.31816108297590484, 0.508883399397587
0.8314130732664533, -0.22690894762966182, 0.5072126093535436
0.8533133417258962, -0.13460443734933095, 0.503724117229316
0.8645871241432903, -0.04403423451553547, 0.5005497886886633
0.8645871241432905, 0.044034234515534044, 0.5005497886886633
0.8533133417303409, 0.134604437324214, 0.5037241172284987
0.8314130732493381, 0.22690894768817965, 0.5072126093554197
0.799881998204168, 0.3181610830478486, 0.5088833993978653
0.7596330097011874, 0.4062491382384353, 0.5078575865858899
0.7116610785392348, 0.4887195789842364, 0.5046698746803141
0.6570442303808232, 0.5631451562065344, 0.5011590689236202
0.5966352322633163, 0.6275987630466301, 0.5001461708785127
0.527116650521968, 0.6850884958433161, 0.5027939832631693
0.4482769111429427, 0.7365855015348826, 0.5064480327385503
0.3628186989894769, 0.7807557678432325, 0.5087072071861257
0.27275907591368487, 0.8168054917397214, 0.5083613627829563
0.1807677631796913, 0.8436240907668695, 0.5055901593907697
0.08896002478185712, 0.8603249345967051, 0.501923421352288
0.0, 0.8660254037844357, 0.500000000000005
0.0, 0.8660254037844357, 0.500000000000005
-0.08896002478186064, 0.8603249345967051, 0.5019234213522873
-0.18076776320917773, 0.8436240907601126, 0.5055901593915018
-0.27275907592495735, 0.8168054917358318, 0.5083613627831575
-0.36281869903491293, 0.7807557678224403, 0.5087072071856316
-0.4482769112087051, 0.7365855014963542, 0.506448032736378
-0.52711665052197, 0.6850884958433205, 0.5027939832631609
-0.5966352322633218, 0.6275987630466324, 0.5001461708785034
-0.6570442303808274, 0.5631451562065374, 0.5011590689236113
-0.7116610785578468, 0.4887195789564101, 0.5046698746810152
-0.7596330097075649, 0.40624913822580505, 0.507857586586454
-0.7998819982329644, 0.31816108297591383, 0.5088833993975765
-0.8314130732664561, 0.22690894762966896, 0.507212609353536
-0.8533133417258993, 0.13460443734933572, 0.5037241172293097
-0.8645871241432942, 0.04403423451553635, 0.5005497886886565
-0.8645871241432938, -0.0440342345155355, 0.5005497886886572
-0.8533133417303442, -0.13460443732421756, 0.5037241172284918
-0.8314130732493403, -0.22690894768818737, 0.5072126093554128
-0.7998819982041697, -0.31816108304785756, 0.5088833993978572
-0.7596330097011903, -0.40624913823844144, 0.5078575865858805
-0.7116610785392385, -0.48871957898423984, 0.5046698746803052
-0.6570442303808266, -0.5631451562065376, 0.5011590689236117
-0.5966352322633199, -0.6275987630466333, 0.5001461708785043
-0.5271166505219699, -0.6850884958433195, 0.5027939832631624
-0.44827691114294266, -0.7365855015348862, 0.5064480327385451
-0.36281869898947705, -0.7807557678432347, 0.5087072071861221
-0.27275907591368503, -0.8168054917397228, 0.5083613627829541
-0.18076776317969057, -0.8436240907668703, 0.5055901593907687
-0.08896002478185823, -0.8603249345967053, 0.5019234213522875
-0.0, -0.8660254037844356, 0.5000000000000053
-1.1466615194644363e-15, -0.8660254037844356, 0.5000000000000053
0.08919986475589955, -0.8602976472611056, 0.5019276265006095
0.1810230621537791, -0.8435664436820406, 0.5055950020145606
0.27287736168789534, -0.8167653006326318, 0.5083624584494221
0.3627490540836908, -0.780787859046063, 0.5087076202767685
0.44807162203889106, -0.7367076348006816, 0.5064520533572974
0.5269045662768101, -0.6852479136332315, 0.5027990402715083
0.5965746483995241, -0.6276559485971387, 0.5001466775633026
0.657175322815466, -0.5629894975464199, 0.5011620703273719
0.7118139156662909, -0.4884914106058573, 0.5046752334205852
0.7597116693286561, -0.40609951121895743, 0.5078595932672637
0.7998724100947985, -0.3181851119284517, 0.5088834464945948
0.8313566962578868, -0.22710865510624326, 0.507215636946462
0.8532671429840557, -0.1348766386723798, 0.5037295653862964
0.8645784727064656, -0.04418498610294091, 0.5005514474413577
0.8645784727064659, 0.044184986102938376, 0.5005514474413572
0.8532671429883963, 0.13487663864789332, 0.5037295653855005
0.8313566962412308, 0.22710865516313772, 0.5072156369482874
0.7998724100667843, 0.3181851119984421, 0.5088834464948657
0.7597116693224852, 0.4060995112312027, 0.507859593266703
0.7118139156480341, 0.4884914106331818, 0.5046752334198874
0.6571753228154662, 0.562989497546421, 0.5011620703273706
0.5965746483995218, 0.6276559485971398, 0.500146677563304
0.5269045662768118, 0.6852479136332283, 0.5027990402715111
0.4480716219747059, 0.7367076348382677, 0.5064520533594089
0.362749054039427, 0.7807878590663151, 0.5087076202772483
0.2728773616768675, 0.8167653006364388, 0.5083624584492246
0.18102306212520106, 0.8435664436885972, 0.5055950020138532
0.08919986475590656, 0.8602976472611046, 0.5019276265006101
0.0, 0.8660254037844357, 0.500000000000005
0.0, 0.8660254037844357, 0.500000000000005
-0.08919986475591, 0.8602976472611047, 0.5019276265006095
-0.18102306215378314, 0.84356644368204, 0.5055950020145603
-0.2728773616878962, 0.8167653006326315, 0.508362458449422
-0.36274905408369823, 0.7807878590460602, 0.5087076202767674
-0.44807162203889844, 0.7367076348006789, 0.5064520533572946
-0.5269045662768131, 0.685247913633233, 0.5027990402715034
-0.5965746483995267, 0.6276559485971424, 0.500146677563295
-0.6571753228154691, 0.5629894975464252, 0.5011620703273619
-0.7118139156662935, 0.4884914106058653, 0.504675233420574
-0.7597116693286583, 0.40609951121896726, 0.5078595932672527
-0.7998724100948005, 0.3181851119284608, 0.5088834464945858
-0.8313566962578895, 0.22710865510625014, 0.5072156369464544
-0.853267142984058, 0.13487663867238467, 0.5037295653862914
-0.8645784727064686, 0.044184986102941755, 0.5005514474413524
-0.8645784727064686, -0.04418498610294042, 0.5005514474413527
-0.8532671429883986, -0.1348766386478972, 0.5037295653854956
-0.8313566962412321, -0.2271086551631457, 0.5072156369482818
-0.7998724100667851, -0.3181851119984514, 0.5088834464948587
-0.7597116693224877, -0.4060995112312089, 0.5078595932666945
-0.7118139156480374, -0.4884914106331858, 0.5046752334198787
-0.6571753228154688, -0.562989497546425, 0.5011620703273626
-0.596574648399525, -0.6276559485971434, 0.5001466775632957
-0.5269045662768131, -0.6852479136332319, 0.5027990402715046
-0.44807162197470557, -0.7367076348382716, 0.5064520533594036
-0.36274905403942637, -0.7807878590663172, 0.5087076202772454
-0.2728773616768666, -0.8167653006364405, 0.5083624584492225
-0.18102306212519978, -0.8435664436885982, 0.5055950020138522
-0.08919986475590698, -0.8602976472611049, 0.5019276265006095
-0.0, -0.8660254037844356, 0.5000000000000053
-1.1503107648478917e-15, -0.8660254037844356, 0.5000000000000051
0.08944178640934318, -0.8602700633022371, 0.5019318529739576
0.18128008834123224, -0.8435083365408863, 0.5055998573546298
0.2729963246016087, -0.8167248632134223, 0.5083635555023882
0.3626790135457583, -0.7808201261829435, 0.5087080338279782
0.44786497413956716, -0.7368305104990098, 0.5064560827324848
0.52669070606237, -0.6854085771440935, 0.5028041194390032
0.5965134217654404, -0.6277137309343219, 0.5001471879858962
0.6573075994256318, -0.5628323668325526, 0.5011650891502524
0.7119677947067832, -0.48826155097270874, 0.5046806090410895
0.7597907717352242, -0.40594898132336166, 0.5078616029476114
0.7998627678070646, -0.31820927481164396, 0.5088834936406068
0.8312999295830074, -0.227309586009091, 0.5072186699872774
0.8532205138373395, -0.1351509170064769, 0.5037350339210632
0.8645697121991717, -0.044337227138878076, 0.5005531170989519
0.8645697121991718, 0.04433722713887615, 0.5005531170989518
0.8532205138415786, 0.13515091698260223, 0.5037350339202886
0.8312999295668674, 0.22730958606416865, 0.5072186699890467
0.7998627677799256, 0.318209274879442, 0.508883493640869
0.7597907717292768, 0.40594898133517426, 0.5078616029470671
0.7119677946888776, 0.48826155099952434, 0.5046806090404061
0.6573075994256318, 0.562832366832554, 0.5011650891502505
0.5965134217654378, 0.6277137309343239, 0.500147187985897
0.5266907060623718, 0.6854085771440904, 0.5028041194390055
0.447864974077182, 0.7368305105355233, 0.5064560827345302
0.3626790135028142, 0.7808201262025872, 0.5087080338284441
0.2729963245908643, 0.8167248632171331, 0.5083635555021964
0.1812800883136438, 0.8435083365472229, 0.5055998573539499
0.08944178640935031, 0.8602700633022362, 0.5019318529739576
0.0, 0.8660254037844358, 0.5000000000000048
0.0, 0.8660254037844358, 0.5000000000000048
-0.08944178640935371, 0.8602700633022363, 0.5019318529739568
-0.18128008834123607, 0.8435083365408859, 0.5055998573546293
-0.27299632460160933, 0.8167248632134224, 0.5083635555023877
-0.36267901354576554, 0.7808201261829409, 0.5087080338279776
-0.4478649741395743, 0.7368305104990075, 0.5064560827324819
-0.5266907060623729, 0.6854085771440953, 0.5028041194389976
-0.5965134217654426, 0.6277137309343261, 0.5001471879858884
-0.6573075994256349, 0.5628323668325579, 0.5011650891502418
-0.7119677947067853, 0.48826155097271673, 0.5046806090410785
-0.759790771735226, 0.4059489813233716, 0.507861602947601
-0.7998627678070668, 0.31820927481165284, 0.5088834936405978
-0.8312999295830092, 0.2273095860090978, 0.5072186699872712
-0.8532205138373412, 0.13515091700648185, 0.5037350339210591
-0.8645697121991738, 0.04433722713887885, 0.5005531170989483
-0.8645697121991736, -0.044337227138877555, 0.5005531170989486
-0.8532205138415805, -0.1351509169826054, 0.5037350339202847
-0.8312999295668683, -0.2273095860641761, 0.5072186699890417
-0.7998627677799263, -0.3182092748794509, 0.5088834936408625
-0.7597907717292788, -0.4059489813351799, 0.5078616029470596
-0.711967794688881, -0.48826155099952767, 0.5046806090403979
-0.6573075994256351, -0.5628323668325574, 0.5011650891502424
-0.5965134217654406, -0.6277137309343271, 0.5001471879858894
-0.5266907060623736, -0.6854085771440941, 0.5028041194389987
-0.4478649740771818, -0.7368305105355267, 0.5064560827345252
-0.36267901350281423, -0.7808201262025894, 0.5087080338284403
-0.2729963245908642, -0.8167248632171346, 0.508363555502194
-0.1812800883136431, -0.843508336547224, 0.5055998573539482
-0.08944178640935124, -0.8602700633022365, 0.501931852973957
-0.0, -0.8660254037844356, 0.5000000000000051
-1.1539952667327928e-15, -0.8660254037844358, 0.500000000000005
0.08968581605699438, -0.8602421781604072, 0.5019361008256222
0.18153885869182335, -0.8434497640721691, 0.5056047253254984
0.27311597034131024, -0.8166841772660872, 0.5083646539126603
0.36260857411981773, -0.7808525706452496, 0.5087084478279265
0.4476569544409492, -0.7369541350751966, 0.5064601207757851
0.5264750482513638, -0.6855705004373104, 0.5028092207774832
0.5964515423135275, -0.6277721192285459, 0.5001477021751818
0.6574410758116067, -0.5626737437013333, 0.5011681254676954
0.7121227258755963, -0.4880299818737718, 0.504686001473982
0.75987032053871, -0.40579754057731277, 0.5078636155758772
0.7998530709196969, -0.318233572723332, 0.5088835408343191
0.8312427693362052, -0.2275117512364303, 0.5072217084033461
0.8531734485860452, -0.13542729531532166, 0.5037405228005504
0.8645608406817322, -0.04449097921580254, 0.5005547977275968
0.8645608406817323, 0.04449097921580039, 0.5005547977275969
0.8531734485901863, 0.13542729529203684, 0.5037405227997964
0.8312427693206411, 0.22751175128949114, 0.5072217084050528
0.7998530708935321, 0.31823357278869163, 0.5088835408345715
0.7598703205330053, 0.4057975405886533, 0.5078636155753513
0.7121227258580418, 0.48802998190007885, 0.5046860014733129
0.657441075811607, 0.5626737437013347, 0.5011681254676932
0.596451542313525, 0.6277721192285483, 0.500147702175182
0.5264750482513656, 0.6855705004373076, 0.5028092207774851
0.4476569543806006, 0.7369541351104993, 0.5064601207777575
0.36260857407835345, 0.7808525706642122, 0.5087084478283752
0.2731159703308923, 0.816684177269687, 0.5083646539124741
0.18153885866531624, 0.8434497640782644, 0.5056047253248475
0.08968581605700215, 0.8602421781604064, 0.5019361008256223
0.0, 0.8660254037844359, 0.5000000000000048
0.0, 0.8660254037844358, 0.5000000000000047
-0.08968581605700487, 0.8602421781604062, 0.5019361008256221
-0.18153885869182743, 0.8434497640721684, 0.5056047253254978
-0.27311597034131097, 0.8166841772660871, 0.50836465391266
-0.36260857411982467, 0.780852570645247, 0.5087084478279253
-0.4476569544409563, 0.7369541350751944, 0.5064601207757818
-0.5264750482513666, 0.6855705004373123, 0.5028092207774779
-0.5964515423135299, 0.6277721192285503, 0.5001477021751737
-0.6574410758116104, 0.5626737437013382, 0.5011681254676846
-0.7121227258755986, 0.4880299818737797, 0.5046860014739712
-0.7598703205387116, 0.40579754057732276, 0.5078636155758669
-0.799853070919699, 0.3182335727233403, 0.5088835408343106
-0.8312427693362068, 0.2275117512364364, 0.5072217084033407
-0.8531734485860463, 0.13542729531532582, 0.5037405228005475
-0.8645608406817336, 0.04449097921580297, 0.5005547977275944
-0.8645608406817334, -0.044490979215802307, 0.5005547977275947
-0.853173448590187, -0.1354272952920404, 0.5037405227997942
-0.8312427693206413, -0.22751175128949852, 0.5072217084050489
-0.799853070893532, -0.3182335727887004, 0.508883540834566
-0.7598703205330068, -0.4057975405886592, 0.507863615575344
-0.7121227258580446, -0.48802998190008245, 0.5046860014733058
-0.6574410758116095, -0.5626737437013384, 0.5011681254676856
-0.5964515423135277, -0.6277721192285518, 0.5001477021751745
-0.5264750482513664, -0.6855705004373119, 0.5028092207774786
-0.44765695438059955, -0.7369541351105031, 0.5064601207777528
-0.3626085740783522, -0.7808525706642152, 0.5087084478283717
-0.2731159703308907, -0.8166841772696892, 0.5083646539124714
-0.18153885866531416, -0.843449764078266, 0.5056047253248457
-0.08968581605700178, -0.8602421781604065, 0.5019361008256221
-0.0, -0.8660254037844357, 0.500000000000005
-1.157715538535414e-15, -0.8660254037844358, 0.5000000000000048
0.08993198044437214, -0.8602139871866102, 0.5019403701057201
0.18179939033774867, -0.8433907209344034, 0.5056096058369246
0.273236304643561, -0.8166432405527699, 0.5083657536500684
0.36253773246889154, -0.7808851938597451, 0.5087088622649922
0.44744754971177203, -0.7370785150843592, 0.5064641673978204
0.5262575708761662, -0.6857336977771239, 0.5028143442946202
0.5963889997897455, -0.627831122835284, 0.5001482201599577
0.657575767840263, -0.5625136074220604, 0.5011711793532313
0.7122787194949202, -0.4877966848746484, 0.5046914106461294
0.7599503193879686, -0.40564518092858215, 0.5078656310989572
0.7998433189777782, -0.31825800677302707, 0.5088835880743966
0.8311852115615026, -0.22771516181090196, 0.5072247521197035
0.8531259414343024, -0.13570579688847653, 0.5037460319870506
0.8645518561704274, -0.0446462643356143, 0.5005564893926989
0.8645518561704276, 0.04464626433561264, 0.5005564893926987
0.8531259414383493, 0.13570579686576056, 0.5037460319863165
0.8311852115465748, 0.2277151618617439, 0.5072247521213408
0.7998433189526878, 0.31825800683569716, 0.5088835880746385
0.7599503193825269, 0.4056451809394103, 0.5078656310984516
0.7122787194777165, 0.48779668490044675, 0.5046914106454743
0.6575757678402635, 0.5625136074220624, 0.5011711793532286
0.5963889997897428, 0.6278311228352867, 0.5001482201599574
0.526257570876168, 0.6857336977771217, 0.5028143442946215
0.4474475496537041, 0.7370785151183098, 0.5064641673997121
0.3625377324290705, 0.7808851938779523, 0.5087088622654224
0.27323630463351295, 0.8166432405562435, 0.508365753649889
0.18179939031241632, 0.8433907209402354, 0.5056096058363051
0.08993198044437938, 0.8602139871866095, 0.5019403701057202
0.0, 0.8660254037844359, 0.5000000000000044
0.0, 0.8660254037844359, 0.5000000000000044
-0.08993198044438268, 0.8602139871866095, 0.5019403701057199
-0.1817993903377525, 0.8433907209344028, 0.5056096058369238
-0.2732363046435615, 0.81664324055277, 0.5083657536500678
-0.36253773246889814, 0.7808851938597428, 0.5087088622649911
-0.44744754971177936, 0.737078515084357, 0.5064641673978172
-0.5262575708761688, 0.685733697777126, 0.5028143442946146
-0.5963889997897475, 0.6278311228352889, 0.5001482201599492
-0.6575757678402666, 0.5625136074220658, 0.5011711793532205
-0.7122787194949226, 0.48779668487465605, 0.5046914106461183
-0.7599503193879703, 0.4056451809285921, 0.5078656310989471
-0.7998433189777799, 0.318258006773035, 0.5088835880743889
-0.8311852115615038, 0.22771516181090773, 0.5072247521196992
-0.8531259414343028, 0.13570579688848047, 0.5037460319870489
-0.8645518561704274, 0.04464626433561496, 0.5005564893926986
-0.8645518561704277, -0.04464626433561437, 0.5005564893926983
-0.8531259414383496, -0.13570579686576378, 0.5037460319863151
-0.8311852115465744, -0.22771516186175084, 0.5072247521213381
-0.7998433189526875, -0.31825800683570604, 0.5088835880746335
-0.7599503193825282, -0.40564518093941554, 0.5078656310984454
-0.7122787194777191, -0.48779668490045003, 0.5046914106454671
-0.6575757678402657, -0.5625136074220661, 0.501171179353221
-0.5963889997897455, -0.6278311228352901, 0.5001482201599499
-0.5262575708761689, -0.6857336977771252, 0.5028143442946156
-0.4474475496537032, -0.7370785151183135, 0.5064641673997076
-0.3625377324290697, -0.7808851938779549, 0.508708862265419
-0.27323630463351184, -0.8166432405562452, 0.5083657536498868
-0.18179939031241524, -0.8433907209402369, 0.505609605836303
-0.08993198044438014, -0.8602139871866098, 0.5019403701057197
-0.0, -0.8660254037844358, 0.5000000000000048
-1.1614721036893626e-15, -0.8660254037844359, 0.5000000000000046
0.09018030675624311, -0.8601854856404229, 0.5019446608610356
0.18206170062625066, -0.8433312017077511, 0.5056144987945241
0.2733573333070586, -0.8166020508095135, 0.5083668546836532
0.3624664852198539, -0.7809179972679712, 0.508709277127267
0.44723674655690404, -0.737203657153774, 0.5064682225059105
0.5260382516223395, -0.6858981836340841, 0.5028194899937518
0.5963257837283054, -0.6278907512997312, 0.5001487419689082
0.6577116916505908, -0.56235193688884, 0.501174250878363
0.7124357860146585, -0.4875616412855703, 0.5046968364796797
0.7600307719697168, -0.40549189423317916, 0.5078676494622437
0.7998335115214731, -0.31828257808205107, 0.5088836353594726
0.8311272522517743, -0.22791982888124726, 0.5072278010590098
0.8530779864881299, -0.1359864453468942, 0.5037515614380504
0.8645427566362816, -0.0448031049191986, 0.5005581921588523
0.8645427566362814, 0.04480310491919742, 0.5005581921588527
0.8530779864920863, 0.13598644532472517, 0.5037515614373351
0.8311272522375441, 0.22791982892966398, 0.5072278010605711
0.7998335114975601, 0.3182825781417759, 0.5088836353597024
0.7600307719645576, 0.4054918942434544, 0.5078676494617608
0.7124357859978043, 0.4875616413108614, 0.504696836479039
0.6577116916505912, 0.5623519368888424, 0.5011742508783595
0.5963257837283024, 0.6278907512997346, 0.5001487419689074
0.526038251622341, 0.6858981836340823, 0.5028194899937525
0.4472367465013683, 0.7372036571862269, 0.5064682225077135
0.3624664851818447, 0.780917997285346, 0.5087092771276771
0.27335733329742684, 0.8166020508128445, 0.5083668546834816
0.1820617006021924, 0.8433312017132966, 0.5056144987939376
0.09018030675625, 0.860185485640422, 0.5019446608610355
0.0, 0.866025403784436, 0.5000000000000046
0.0, 0.866025403784436, 0.5000000000000046
-0.09018030675625362, 0.8601854856404216, 0.5019446608610354
-0.18206170062625462, 0.843331201707751, 0.505614498794523
-0.273357333307059, 0.8166020508095139, 0.5083668546836524
-0.3624664852198611, 0.7809179972679692, 0.5087092771272651
-0.4472367465569115, 0.7372036571537719, 0.5064682225059068
-0.5260382516223416, 0.6858981836340867, 0.5028194899937457
-0.5963257837283072, 0.6278907512997361, 0.5001487419688997
-0.6577116916505941, 0.5623519368888459, 0.5011742508783519
-0.712435786014661, 0.48756164128557805, 0.5046968364796689
-0.7600307719697182, 0.4054918942331888, 0.5078676494622337
-0.7998335115214743, 0.3182825780820591, 0.5088836353594656
-0.8311272522517745, 0.22791982888125284, 0.5072278010590071
-0.8530779864881295, 0.13598644534689838, 0.5037515614380502
-0.8645427566362808, 0.044803104919199484, 0.5005581921588537
-0.8645427566362809, -0.04480310491919837, 0.5005581921588536
-0.8530779864920854, -0.13598644532472778, 0.5037515614373359
-0.831127252237543, -0.22791982892967044, 0.5072278010605699
-0.7998335114975597, -0.3182825781417838, 0.5088836353596984
-0.7600307719645588, -0.4054918942434592, 0.5078676494617551
-0.7124357859978072, -0.48756164131086427, 0.5046968364790321
-0.6577116916505936, -0.5623519368888459, 0.5011742508783527
-0.5963257837283052, -0.6278907512997376, 0.5001487419689005
-0.5260382516223419, -0.6858981836340861, 0.5028194899937467
-0.4472367465013675, -0.7372036571862306, 0.506468222507709
-0.36246648518184427, -0.7809179972853484, 0.5087092771276739
-0.2733573332974259, -0.8166020508128466, 0.5083668546834786
-0.1820617006021911, -0.8433312017132975, 0.5056144987939366
-0.0901803067562505, -0.8601854856404224, 0.501944660861035
-0.0, -0.866025403784436, 0.5000000000000047
-1.165265495891085e-15, -0.866025403784436, 0.5000000000000044
0.09043082262586444, -0.8601566686877782, 0.5019489731348727
0.1823258071164321, -0.8432712008941207, 0.5056194040994957
0.27347906219249135, -0.8165606057462205, 0.5083679569816346
0.36239482895756814, -0.7809509823288892, 0.50870969240261
0.44702453141007586, -0.7373295679865974, 0.5064722860041799
0.5258170678177903, -0.686063972691676, 0.5028246578739118
0.596261883442744, -0.6279510143648486, 0.5001492676306439
0.6578488636564107, -0.5621887106158658, 0.5011773401122993
0.7125939360117849, -0.4873248321609701, 0.5047022788917387
0.7601116820070104, -0.40533767225794026, 0.5078696706094864
0.7998236480844487, -0.3183072877874765, 0.5088836826881606
0.8310688873468896, -0.22812576372763696, 0.5072308551416064
0.853029577752818, -0.1362692646519496, 0.5037571111062016
0.8645335400036134, -0.044961523819317825, 0.5005599060898361
0.8645335400040021, 0.044961523813376036, 0.5005599060896987
0.8530295777577982, 0.13626926462426647, 0.5037571111052572
0.8310688873351766, 0.22812576376743157, 0.5072308551429001
0.7998236480641603, 0.31830728783814566, 0.5088836826883547
0.7601116820050186, 0.4053376722620614, 0.5078696706091783
0.712593935998653, 0.4873248321805672, 0.5047022788913577
0.6578488636602264, 0.5621887106112397, 0.5011773401124803
0.5962618834470556, 0.6279510143608161, 0.5001492676305666
0.525817067822711, 0.6860639726880801, 0.5028246578736726
0.44702453136271814, 0.7373295680142831, 0.5064722860056736
0.36239482892726016, 0.7809509823427447, 0.5087096924029302
0.2734790621848749, 0.816560605748859, 0.5083679569814936
0.1823258071008643, 0.8432712008977062, 0.5056194040991296
0.09043082262587206, 0.8601566686877774, 0.5019489731348726
0.0, 0.8660254037844362, 0.5000000000000044
0.0, 0.8660254037844362, 0.5000000000000044
-0.09043082262587497, 0.8601566686877773, 0.5019489731348724
-0.18232580711643612, 0.8432712008941203, 0.5056194040994946
-0.273479062192492, 0.8165606057462209, 0.5083679569816335
-0.36239482895757474, 0.780950982328887, 0.5087096924026085
-0.447024531410083, 0.7373295679865957, 0.506472286004176
-0.5258170678177929, 0.6860639726916784, 0.5028246578739058
-0.5962618834427461, 0.6279510143648537, 0.500149267630635
-0.6578488636564144, 0.5621887106158714, 0.5011773401122884
-0.7125939360117877, 0.48732483216097755, 0.5047022788917278
-0.7601116820070118, 0.40533767225794914, 0.5078696706094771
-0.7998236480844498, 0.31830728778748396, 0.508883682688154
-0.8310688873468896, 0.22812576372764168, 0.5072308551416044
-0.8530295777528168, 0.13626926465195333, 0.5037571111062025
-0.8645335400036123, 0.044961523819318096, 0.5005599060898379
-0.8645335400040008, -0.044961523813378104, 0.5005599060897006
-0.8530295777577968, -0.13626926462426972, 0.5037571111052586
-0.8310688873351748, -0.22812576376743818, 0.5072308551428998
-0.7998236480641588, -0.318307287838154, 0.5088836826883517
-0.7601116820050191, -0.4053376722620671, 0.507869670609173
-0.7125939359986548, -0.48732483218057093, 0.5047022788913514
-0.6578488636602283, -0.5621887106112433, 0.5011773401124736
-0.5962618834470573, -0.6279510143608196, 0.5001492676305599
-0.5258170678227108, -0.686063972688084, 0.5028246578736673
-0.4470245313627166, -0.7373295680142872, 0.5064722860056692
-0.3623948289272591, -0.7809509823427475, 0.5087096924029267
-0.27347906218487317, -0.8165606057488614, 0.5083679569814911
-0.18232580710086238, -0.8432712008977076, 0.5056194040991276
-0.09043082262587172, -0.8601566686877774, 0.5019489731348727
-0.0, -0.866025403784436, 0.5000000000000044
-1.169096259352634e-15, -0.8660254037844362, 0.5000000000000044
0.09068355614260652, -0.8601275313989021, 0.5019533069668548
0.18259172760979725, -0.8432107129094422, 0.5056243216492061
0.2736014972292952, -0.8165189030442315, 0.508369060511488
0.3623227602487198, -0.7809841505079708, 0.5087101080783553
0.44681089055413, -0.7374562543496312, 0.5064763577925798
0.5255939964454489, -0.686231079835723, 0.5028298479286996
0.5961972880375638, -0.6280119219601558, 0.5001497971733724
0.6579873005673623, -0.5620239067104758, 0.5011804471225609
0.7127531801936572, -0.4870862382926725, 0.5047077377945793
0.7601930532707084, -0.4051825066579243, 0.5078716944833204
0.7998137282003346, -0.31833213702598123, 0.5088837300589923
0.8310101127376583, -0.22833297774719105, 0.507233914284963
0.8529807091345157, -0.13655427909108617, 0.5037626809384478
0.8645242041496922, -0.04512154431624828, 0.5005616312481991
0.8645242041496924, 0.045121544316246195, 0.500561631248199
0.8529807091319108, 0.13655427910668866, 0.5037626809386292
0.8310101127256834, 0.22833297778792072, 0.507233914286247
0.7998137281812601, 0.31833213707361396, 0.508883730059175
0.7601930532659907, 0.4051825066673085, 0.5078716944828952
0.7127531801857133, 0.4870862383044033, 0.5047077377944764
0.6579873005673631, 0.5620239067104782, 0.5011804471225574
0.5961972880375612, 0.6280119219601601, 0.5001497971733702
0.5255939964454511, 0.6862310798357216, 0.5028298479286991
0.44681089051040057, 0.7374562543751781, 0.50647635779396
0.3623227602188957, 0.7809841505215988, 0.5087101080786752
0.2736014972220992, 0.816518903046726, 0.5083690605113542
0.1825917275952331, 0.8432107129128001, 0.5056243216488655
0.09068355614261389, 0.860127531398901, 0.501953306966855
0.0, 0.8660254037844362, 0.5000000000000042
0.0, 0.8660254037844362, 0.5000000000000042
-0.09068355614261671, 0.860127531398901, 0.5019533069668547
-0.18259172760980114, 0.8432107129094415, 0.5056243216492059
-0.2736014972292965, 0.8165189030442319, 0.5083690605114863
-0.36232276024872717, 0.7809841505079685, 0.5087101080783534
-0.44681089055413736, 0.7374562543496296, 0.5064763577925757
-0.5255939964454517, 0.6862310798357255, 0.502829847928693
-0.5961972880375661, 0.6280119219601609, 0.5001497971733632
-0.6579873005673662, 0.562023906710481, 0.5011804471225499
-0.7127531801936601, 0.48708623829267933, 0.5047077377945687
-0.7601930532707099, 0.40518250665793293, 0.5078716944833112
-0.7998137282003356, 0.3183321370259873, 0.5088837300589867
-0.8310101127376586, 0.22833297774719477, 0.507233914284961
-0.8529807091345144, 0.13655427909108878, 0.5037626809384493
-0.8645242041496904, 0.045121544316248166, 0.5005616312482023
-0.8645242041496902, -0.045121544316248895, 0.5005616312482024
-0.852980709131909, -0.1365542791066917, 0.5037626809386313
-0.8310101127256815, -0.22833297778792766, 0.5072339142862472
-0.7998137281812584, -0.3183321370736218, 0.5088837300591725
-0.7601930532659913, -0.40518250666731337, 0.5078716944828904
-0.7127531801857154, -0.48708623830440667, 0.5047077377944705
-0.6579873005673649, -0.562023906710482, 0.5011804471225507
-0.5961972880375632, -0.6280119219601631, 0.5001497971733637
-0.5255939964454508, -0.6862310798357258, 0.5028298479286937
-0.44681089051039863, -0.737456254375182, 0.5064763577939562
-0.3623227602188943, -0.7809841505216015, 0.5087101080786721
-0.27360149722209737, -0.8165189030467281, 0.5083690605113519
-0.1825917275952311, -0.8432107129128014, 0.5056243216488642
-0.09068355614261352, -0.8601275313989013, 0.5019533069668548
-0.0, -0.8660254037844362, 0.5000000000000044
-1.1729649490619408e-15, -0.8660254037844362, 0.5000000000000042
0.09093853586125587, -0.8600980687460227, 0.5019576623927289
0.18285948010844108, -0.8431497320927094, 0.5056292513358608
0.2737246444020659, -0.8164769403609251, 0.508370165239685
0.3622502755982376, -0.7810175032970517, 0.5087105241418155
0.44659581007631466, -0.7375837230987097, 0.5064804377684555
0.5253690141009788, -0.6863995201839062, 0.5028350601478273
0.5961319863689327, -0.6280734842381644, 0.5001503306254658
0.6581270193636453, -0.5618575029022899, 0.5011835719733115
0.7129135294191956, -0.48684584017686605, 0.50471321309586
0.76027488955561, -0.4050263890222732, 0.5078737210240192
0.7998037513918034, -0.3183571269611061, 0.5088837774705227
0.8309509242566834, -0.22854148248416623, 0.5072369784044763
0.8529313744299383, -0.13684151332986155, 0.5037682708772455
0.8645147469016585, -0.04528319015483355, 0.5005633676958017
0.8645147469016584, 0.045283190154831954, 0.5005633676958022
0.8529313744273217, 0.1368415133455051, 0.503768270877426
0.8309509242455474, 0.22854148252200612, 0.5072369784056698
0.7998037513740721, 0.3183571270053823, 0.5088837774706916
0.7602748895512461, 0.40502638903096155, 0.5078737210236228
0.7129135294110457, 0.48684584018891386, 0.5047132130957508
0.6581270193636464, 0.5618575029022923, 0.5011835719733072
0.5961319863689303, 0.6280734842381688, 0.5001503306254633
0.5253690141009812, 0.686399520183905, 0.5028350601478262
0.4465958100355521, 0.7375837231225106, 0.506480437769737
0.36225027557046846, 0.7810175033097378, 0.508710524142113
0.27372464439533434, 0.8164769403632598, 0.5083701652395601
0.1828594800949629, 0.843149732095821, 0.5056292513355464
0.09093853586126367, 0.860098068746022, 0.501957662392729
0.0, 0.8660254037844363, 0.5000000000000041
0.0, 0.8660254037844363, 0.5000000000000041
-0.0909385358612664, 0.8600980687460221, 0.5019576623927282
-0.18285948010844502, 0.843149732092709, 0.5056292513358599
-0.27372464440206656, 0.8164769403609257, 0.508370165239684
-0.3622502755982445, 0.7810175032970498, 0.5087105241418136
-0.4465958100763217, 0.7375837230987083, 0.5064804377684511
-0.5253690141009815, 0.6863995201839092, 0.5028350601478204
-0.5961319863689343, 0.6280734842381702, 0.5001503306254567
-0.6581270193636485, 0.5618575029022959, 0.5011835719733005
-0.7129135294191979, 0.48684584017687405, 0.5047132130958493
-0.7602748895556111, 0.4050263890222822, 0.5078737210240105
-0.799803751391804, 0.31835712696111307, 0.5088837774705174
-0.8309509242566827, 0.22854148248417025, 0.5072369784044755
-0.8529313744299359, 0.13684151332986505, 0.5037682708772483
-0.864514746901656, 0.04528319015483426, 0.5005633676958061
-0.864514746901656, -0.0452831901548333, 0.5005633676958062
-0.8529313744273196, -0.1368415133455076, 0.5037682708774291
-0.8309509242455447, -0.2285414825220119, 0.5072369784056716
-0.7998037513740701, -0.3183571270053896, 0.5088837774706901
-0.7602748895512463, -0.4050263890309662, 0.5078737210236186
-0.7129135294110474, -0.4868458401889164, 0.5047132130957457
-0.658127019363648, -0.5618575029022957, 0.5011835719733011
-0.5961319863689322, -0.6280734842381719, 0.5001503306254573
-0.5253690141009808, -0.6863995201839089, 0.5028350601478213
-0.4465958100355508, -0.7375837231225144, 0.5064804377697327
-0.3622502755704673, -0.7810175033097402, 0.5087105241421102
-0.2737246443953326, -0.8164769403632615, 0.5083701652395584
-0.18285948009496122, -0.843149732095822, 0.5056292513355453
-0.09093853586126374, -0.8600980687460223, 0.5019576623927284
-0.0, -0.8660254037844362, 0.5000000000000042
-1.1768721310508565e-15, -0.8660254037844364, 0.5000000000000039
0.09119579081410291, -0.8600682756006728, 0.5019620394442946
0.1831290828489112, -0.8430882526974041, 0.5056341930472611
0.2738485097671485, -0.8164347153238826, 0.5083712711319581
0.36217737148168005, -0.7810510421995138, 0.508710940579888
0.44637927590061655, -0.7377119811594283, 0.5064845258250964
0.5251420970139361, -0.6865693090688982, 0.5028402945155264
0.596065967068477, -0.628135711551775, 0.5001508680149088
0.6582680373316876, -0.5616894764983302, 0.5011867147266771
0.7130749946568072, -0.48660361807567815, 0.5047187046968379
0.7603571947060357, -0.40486931082429095, 0.5078757501706805
0.7997937171778506, -0.3183822587650716, 0.5088838249212558
0.8308913176837601, -0.2287512896104008, 0.507240047412784
0.8528815673328639, -0.13713099236861334, 0.5037738808590981
0.864505166036587, -0.04544648553315709, 0.500565115493217
0.8645051660369037, 0.04544648552835383, 0.5005651154931061
0.8528815673311335, 0.1371309923794488, 0.5037738808590781
0.8308913176749312, 0.22875128964036287, 0.5072400474137341
0.7997937171634282, 0.31838225880108345, 0.5088838249213923
0.7603571947043282, 0.4048693108278057, 0.5078757501704347
0.71307499465115, 0.48660361808388336, 0.5047187046969199
0.6582680373347634, 0.5616894764945971, 0.5011867147268211
0.5960659670719713, 0.6281357115485106, 0.5001508680148441
0.5251420970178932, 0.6865693090660135, 0.5028402945153325
0.4463792758673707, 0.7377119811788544, 0.5064845258261018
0.3621773714606835, 0.7810510422091071, 0.5087109405801072
0.2738485097620187, 0.8164347153256646, 0.5083712711318593
0.1831290828410714, 0.843088252699213, 0.5056341930470842
0.09119579081411042, 0.8600682756006718, 0.5019620394442948
0.0, 0.8660254037844364, 0.5000000000000039
0.0, 0.8660254037844364, 0.5000000000000039
-0.0911957908141131, 0.8600682756006718, 0.5019620394442944
-0.18312908284891516, 0.8430882526974038, 0.5056341930472598
-0.2738485097671495, 0.816434715323883, 0.5083712711319567
-0.36217737148168716, 0.7810510421995122, 0.5087109405798858
-0.44637927590062365, 0.7377119811594269, 0.5064845258250921
-0.5251420970139383, 0.6865693090689016, 0.5028402945155198
-0.5960659670684784, 0.6281357115517812, 0.5001508680148993
-0.6582680373316911, 0.5616894764983363, 0.5011867147266658
-0.7130749946568097, 0.4866036180756857, 0.5047187046968271
-0.7603571947060365, 0.40486931082429983, 0.5078757501706722
-0.7997937171778514, 0.31838225876507786, 0.5088838249212507
-0.830891317683759, 0.22875128961040467, 0.5072400474127841
-0.8528815673328615, 0.13713099236861598, 0.5037738808591017
-0.8645051660365838, 0.04544648553315769, 0.5005651154932226
-0.8645051660369003, -0.045446485528355264, 0.5005651154931119
-0.8528815673311304, -0.1371309923794508, 0.5037738808590828
-0.8308913176749286, -0.2287512896403678, 0.5072400474137361
-0.7997937171634262, -0.31838225880109006, 0.5088838249213915
-0.7603571947043286, -0.4048693108278097, 0.5078757501704312
-0.713074994651152, -0.48660361808388564, 0.5047187046969149
-0.6582680373347652, -0.5616894764946, 0.5011867147268158
-0.5960659670719732, -0.6281357115485134, 0.5001508680148382
-0.5251420970178932, -0.6865693090660174, 0.5028402945153274
-0.4463792758673693, -0.7377119811788578, 0.5064845258260983
-0.3621773714606825, -0.7810510422091097, 0.5087109405801041
-0.2738485097620176, -0.8164347153256664, 0.5083712711318571
-0.18312908284106982, -0.8430882526992142, 0.5056341930470828
-0.09119579081411038, -0.8600682756006722, 0.5019620394442943
-0.0, -0.8660254037844364, 0.500000000000004
-1.1808183826712369e-15, -0.8660254037844365, 0.5000000000000038
0.0914553505172477, -0.8600381467316838, 0.501966438149104
0.1834005543140119, -0.8430262688880757, 0.5056391466668329
0.2739730994506035, -0.8163922255315, 0.508372378153214
0.36210404434980054, -0.7810847687281759, 0.5087113573789854
0.4461612737868014, -0.737841035527191, 0.5064886218515686
0.5249132210426868, -0.6867404620406371, 0.5028455510102515
0.595999218535824, -0.628198614460903, 0.5001514093692917
0.6584103720666767, -0.5615198043783082, 0.5011898754423983
0.7132375870220397, -0.48635955195827124, 0.5047242124942372
0.760439972610427, -0.4047112634314387, 0.5078777818609335
0.7997836250759925, -0.3184075336132772, 0.5088838724096236
0.8308312887460853, -0.22896241092359548, 0.5072431212195723
0.8528312814291845, -0.13742274156517686, 0.5037795108145682
0.8644954592801093, -0.04561145511292417, 0.5005668746996295
0.8644954592801094, 0.04561145511292372, 0.5005668746996293
0.8528312814291843, 0.13742274156517506, 0.503779510814569
0.8308312887374142, 0.22896241095304223, 0.507243121220483
0.7997836250629081, 0.31840753364594593, 0.508883872409747
0.7604399726068931, 0.404711263438476, 0.5078777818606167
0.713237587022041, 0.4863595519582746, 0.5047242124942322
0.6584103720666775, 0.5615198043783122, 0.5011898754423931
0.5959992185358208, 0.6281986144609089, 0.500151409369288
0.5249132210426886, 0.6867404620406374, 0.5028455510102494
0.4461612737572645, 0.737841035544434, 0.506488621852468
0.36210404432956284, 0.7810847687374178, 0.5087113573792005
0.27397309944592363, 0.8163922255331265, 0.5083723781531239
0.18340055430702545, 0.8430262688896896, 0.5056391466666763
0.09145535051725384, 0.8600381467316831, 0.5019664381491041
0.0, 0.8660254037844366, 0.5000000000000037
0.0, 0.8660254037844366, 0.5000000000000037
-0.09145535051725785, 0.8600381467316828, 0.5019664381491037
-0.18340055431401592, 0.8430262688880757, 0.5056391466668316
-0.2739730994506044, 0.8163922255315005, 0.5083723781532125
-0.36210404434980736, 0.7810847687281745, 0.5087113573789827
-0.4461612737868083, 0.7378410355271897, 0.5064886218515644
-0.5249132210426888, 0.6867404620406405, 0.502845551010245
-0.5959992185358254, 0.6281986144609093, 0.5001514093692822
-0.6584103720666803, 0.5615198043783143, 0.5011898754423867
-0.7132375870220421, 0.4863595519582787, 0.5047242124942268
-0.7604399726104277, 0.4047112634314471, 0.5078777818609254
-0.7997836250759933, 0.31840753361328306, 0.5088838724096186
-0.8308312887460837, 0.2289624109235988, 0.5072431212195733
-0.8528312814291813, 0.13742274156517986, 0.5037795108145727
-0.864495459280106, 0.04561145511292503, 0.5005668746996353
-0.8644954592801056, -0.04561145511292478, 0.5005668746996358
-0.8528312814291811, -0.13742274156517642, 0.5037795108145742
-0.8308312887374112, -0.2289624109530468, 0.507243121220486
-0.799783625062906, -0.31840753364595153, 0.5088838724097465
-0.7604399726068934, -0.40471126343847946, 0.5078777818606134
-0.713237587022043, -0.48635955195827635, 0.5047242124942277
-0.6584103720666796, -0.5615198043783145, 0.5011898754423878
-0.5959992185358227, -0.6281986144609114, 0.5001514093692827
-0.5249132210426889, -0.6867404620406402, 0.5028455510102451
-0.44616127375726383, -0.7378410355444369, 0.5064886218524643
-0.3621040443295621, -0.7810847687374198, 0.5087113573791976
-0.2739730994459229, -0.8163922255331282, 0.5083723781531215
-0.18340055430702462, -0.8430262688896906, 0.5056391466666748
-0.09145535051725454, -0.8600381467316833, 0.5019664381491035
-0.0, -0.8660254037844365, 0.5000000000000038
-1.1848042928793453e-15, -0.8660254037844366, 0.5000000000000037
0.09171724498168372, -0.860007676802557, 0.5019708585302923
0.1836739132035115, -0.8429637747464553, 0.5056441120726279
0.2740984196380054, -0.8163494685564172, 0.5083734862673337
0.3620302906257321, -0.781118684406584, 0.5087117745250009
0.4459417892974891, -0.7379708932856907, 0.5064927257338189
0.5246823616387314, -0.6869129948908367, 0.5028508296058632
0.5959317289067321, -0.628262203761903, 0.5001519547162345
0.6585540414564776, -0.5613484630124993, 0.5011930541765764
0.7134013177798266, -0.4861136214975093, 0.504729736378374
0.7605232271870901, -0.40455223813260904, 0.5078798160301614
0.7997734745953894, -0.3184329527014694, 0.5088839199340471
0.8307708331117204, -0.22917485836841622, 0.5072461997321166
0.8527805101921611, -0.1377167866551901, 0.5037851606684802
0.8644856243036066, -0.045778124051046296, 0.5005686453732101
0.8644856243036068, 0.0457781240510453, 0.5005686453732099
0.8527805101912109, 0.13771678665961498, 0.5037851606688789
0.8307708331024835, 0.2291748583997592, 0.5072461997330844
0.799773474580911, 0.3184329527376087, 0.5088839199341878
0.7605232271614153, 0.40455223818236136, 0.5078798160289779
0.7134013177695079, 0.4861136215133494, 0.5047297363777034
0.6585540414564793, 0.5613484630125026, 0.5011930541765705
0.5959317289067299, 0.6282622037619083, 0.5001519547162306
0.524682361638734, 0.6869129948908362, 0.5028508296058609
0.44594178926656897, 0.7379708933037035, 0.5064927257347976
0.36203029057253105, 0.781118684430808, 0.5087117745256665
0.2740984195659973, 0.8163494685813995, 0.5083734862660414
0.18367391319220516, 0.8429637747491211, 0.5056441120722909
0.09171724498169144, 0.8600076768025562, 0.5019708585302921
0.0, 0.8660254037844365, 0.5000000000000037
0.0, 0.8660254037844365, 0.5000000000000037
-0.09171724498169417, 0.8600076768025561, 0.501970858530292
-0.18367391320351573, 0.842963774746455, 0.5056441120726268
-0.27409841963800635, 0.8163494685564181, 0.508373486267332
-0.3620302906257392, 0.7811186844065826, 0.5087117745249982
-0.4459417892974958, 0.7379708932856899, 0.5064927257338144
-0.5246823616387333, 0.6869129948908401, 0.5028508296058565
-0.5959317289067334, 0.6282622037619091, 0.5001519547162253
-0.6585540414564812, 0.5613484630125052, 0.5011930541765651
-0.7134013177798292, 0.48611362149751636, 0.5047297363783638
-0.760523227187091, 0.4045522381326168, 0.5078798160301539
-0.7997734745953896, 0.3184329527014746, 0.5088839199340438
-0.8307708331117191, 0.22917485836841894, 0.5072461997321176
-0.8527805101921574, 0.1377167866551925, 0.5037851606684859
-0.8644856243036025, 0.04577812405104618, 0.5005686453732172
-0.8644856243036023, -0.04577812405104662, 0.5005686453732173
-0.8527805101912067, -0.1377167866596167, 0.5037851606688855
-0.8307708331024795, -0.2291748583997645, 0.5072461997330885
-0.7997734745809081, -0.3184329527376154, 0.5088839199341879
-0.7605232271614147, -0.4045522381823654, 0.5078798160289754
-0.7134013177695087, -0.48611362151335197, 0.5047297363776996
-0.6585540414564802, -0.5613484630125057, 0.5011930541765659
-0.5959317289067309, -0.6282622037619112, 0.5001519547162255
-0.5246823616387329, -0.6869129948908402, 0.502850829605857
-0.44594178926656647, -0.7379708933037071, 0.5064927257347944
-0.36203029057252906, -0.7811186844308105, 0.5087117745256639
-0.2740984195659948, -0.816349468581402, 0.508373486266039
-0.1836739131922028, -0.8429637747491225, 0.5056441120722893
-0.0917172449816902, -0.8600076768025565, 0.5019708585302917
-0.0, -0.8660254037844365, 0.5000000000000036
-1.188830462528878e-15, -0.8660254037844366, 0.5000000000000034
0.09198150472248415, -0.8599768603690139, 0.5019753006063559
0.18394917845468378, -0.8429007642659643, 0.5056490891376153
0.2742244765796693, -0.8163064419436168, 0.508374595437222
0.3619561065974971, -0.7811527908178071, 0.5087121920048044
0.4457208078114779, -0.738101561598627, 0.5064968373539482
0.5244494938672132, -0.6870869236364963, 0.5028561302700402
0.5958634860720589, -0.6283264904694478, 0.5001525040829049
0.658699063710744, -0.5611754284246269, 0.5011962509826123
0.7135661983163005, -0.48586580610863417, 0.5047352762338186
0.7606069623998671, -0.4043922261073528, 0.5078818526121865
0.7997632652353603, -0.3184585172494105, 0.5088839674929655
0.8307099463901518, -0.22938864403344217, 0.5072492828550573
0.8527292469818256, -0.1380131537458519, 0.5037908303402638
0.8644756587241481, -0.045946517989162924, 0.5005704275705085
0.864475658724282, 0.045946517987147474, 0.5005704275704623
0.8527292469813501, 0.13801315374767748, 0.5037908303405685
0.8307099463825292, 0.22938864405928067, 0.5072492828558561
0.7997632652232936, 0.31845851727952834, 0.508883967493082
0.7606069623773205, 0.4043922261510516, 0.507881852611158
0.7135661983074123, 0.4858658061222873, 0.5047352762332417
0.6586990637120315, 0.5611754284230656, 0.5011962509826684
0.5958634860735273, 0.6283264904680795, 0.5001525040828743
0.5244494938688656, 0.6870869236352959, 0.5028561302699568
0.44572080778585976, 0.7381015616135501, 0.5064968373547455
0.36195610655133675, 0.781152790838818, 0.5087121920053846
0.27422447651344883, 0.8163064419666043, 0.5083745954360306
0.1839491784455352, 0.8429007642681436, 0.5056490891373107
0.09198150472249221, 0.859976860369013, 0.5019753006063558
0.0, 0.8660254037844366, 0.5000000000000036
0.0, 0.8660254037844366, 0.5000000000000036
-0.09198150472249454, 0.8599768603690131, 0.5019753006063552
-0.18394917845468797, 0.8429007642659642, 0.5056490891376144
-0.27422447657967, 0.8163064419436176, 0.5083745954372201
-0.3619561065975035, 0.7811527908178054, 0.508712192004802
-0.44572080781148443, 0.7381015615986264, 0.5064968373539434
-0.524449493867215, 0.6870869236365, 0.502856130270033
-0.5958634860720599, 0.6283264904694547, 0.5001525040828952
-0.6586990637107478, 0.561175428424633, 0.5011962509826007
-0.7135661983163029, 0.48586580610864116, 0.5047352762338085
-0.7606069623998679, 0.40439222610736064, 0.5078818526121791
-0.7997632652353603, 0.3184585172494157, 0.5088839674929623
-0.8307099463901497, 0.22938864403344425, 0.5072492828550599
-0.8527292469818215, 0.13801315374585368, 0.5037908303402705
-0.8644756587241432, 0.04594651798916273, 0.5005704275705167
-0.8644756587242772, -0.045946517987148744, 0.5005704275704705
-0.8527292469813459, -0.13801315374767892, 0.5037908303405755
-0.8307099463825253, -0.22938864405928516, 0.5072492828558604
-0.7997632652232907, -0.3184585172795341, 0.508883967493083
-0.7606069623773198, -0.40439222615105513, 0.5078818526111563
-0.7135661983074134, -0.4858658061222897, 0.5047352762332376
-0.6586990637120324, -0.5611754284230688, 0.5011962509826636
-0.5958634860735281, -0.6283264904680824, 0.5001525040828697
-0.5244494938688641, -0.6870869236352997, 0.5028561302699532
-0.44572080778585693, -0.7381015616135539, 0.5064968373547423
-0.36195610655133453, -0.7811527908388205, 0.5087121920053821
-0.2742244765134461, -0.8163064419666068, 0.5083745954360281
-0.18394917844553255, -0.8429007642681451, 0.5056490891373094
-0.09198150472249121, -0.8599768603690137, 0.5019753006063549
-0.0, -0.8660254037844367, 0.5000000000000034
-1.1928975046729142e-15, -0.8660254037844368, 0.5000000000000033
0.09224816076050793, -0.8599456918774651, 0.5019797643906488
0.18422636928127267, -0.8428372313417043, 0.5056540777307058
0.2743512766111635, -0.8162631432031981, 0.5083757056251411
0.3618814886117771, -0.781187089516283, 0.5087126098036133
0.44549831454401756, -0.73823304769749, 0.5065009565891411
0.524214592401233, -0.6872622645225779, 0.5028614529638428
0.5957944776726922, -0.6283914858208863, 0.5001530574959456
0.6588454573668847, -0.5610006761828938, 0.5011994659108849
0.7137322401968654, -0.4856160848608387, 0.5047408319405066
0.7606911822583421, -0.40423121842495263, 0.5078838915392808
0.7997529964969212, -0.31848422847210206, 0.5088840150847003
0.8306486241347253, -0.22960378014181607, 0.5072523704899529
0.8526774850436661, -0.13831186932145118, 0.503796519742261
0.8644655601022152, -0.046116663076454296, 0.5005722213465867
0.8644655601035918, 0.046116663055653546, 0.5005722213461258
0.8526774850466688, 0.13831186930586134, 0.5037965197414589
0.8306486241316017, 0.2296037801522304, 0.507252370490354
0.7997529964899714, 0.31848422848945257, 0.5088840150847636
0.7606911822582828, 0.40423121842515664, 0.5078838915392072
0.7137322401729284, 0.4856160848970352, 0.5047408319395298
0.6588454573686081, 0.5610006761806637, 0.5011994659111157
0.5957944776811979, 0.628391485812922, 0.5001530574958197
0.5242145924253248, 0.6872622645048242, 0.5028614529629921
0.4454983145237341, 0.7382330477092774, 0.5065009565898012
0.3618814886001839, 0.7811870895215731, 0.5087126098037367
0.2743512766084172, 0.8162631432041461, 0.5083757056251013
0.1842263692926358, 0.842837231339246, 0.5056540777306635
0.09224816076271303, 0.8599456918771793, 0.501979764390733
0.0, 0.8660254037844368, 0.5000000000000033
0.0, 0.8660254037844368, 0.5000000000000033
-0.09224816076051831, 0.8599456918774643, 0.5019797643906483
-0.18422636928127664, 0.8428372313417045, 0.5056540777307038
-0.27435127661116454, 0.816263143203199, 0.5083757056251392
-0.361881488611784, 0.7811870895162815, 0.5087126098036103
-0.4454983145440244, 0.7382330476974894, 0.506500956589136
-0.5242145924012347, 0.6872622645225819, 0.5028614529638358
-0.5957944776726928, 0.6283914858208933, 0.5001530574959362
-0.6588454573668883, 0.5610006761829, 0.5011994659108735
-0.7137322401968681, 0.4856160848608452, 0.5047408319404965
-0.760691182258343, 0.40423121842496024, 0.5078838915392735
-0.7997529964969212, 0.3184842284721064, 0.5088840150846975
-0.8306486241347232, 0.22960378014181795, 0.5072523704899555
-0.8526774850436617, 0.13831186932145265, 0.5037965197422681
-0.8644655601022101, 0.04611666307645403, 0.5005722213465956
-0.8644655601035863, -0.04611666305565514, 0.500572221346135
-0.8526774850466639, -0.13831186930586298, 0.503796519741467
-0.8306486241315971, -0.2296037801522345, 0.5072523704903596
-0.799752996489968, -0.31848422848945823, 0.5088840150847656
-0.7606911822582824, -0.40423121842515947, 0.5078838915392058
-0.7137322401729296, -0.48561608489703684, 0.5047408319395265
-0.6588454573686097, -0.5610006761806657, 0.5011994659111115
-0.5957944776811993, -0.6283914858129239, 0.5001530574958156
-0.5242145924253242, -0.6872622645048273, 0.5028614529629886
-0.44549831452373256, -0.7382330477092802, 0.5065009565897983
-0.36188148860018277, -0.7811870895215751, 0.5087126098037341
-0.2743512766084162, -0.816263143204148, 0.5083757056250987
-0.18422636929263453, -0.8428372313392472, 0.5056540777306618
-0.09224816076271294, -0.8599456918771798, 0.5019797643907322
-0.0, -0.8660254037844368, 0.5000000000000033
-1.1970060448751038e-15, -0.8660254037844368, 0.5000000000000031
0.09251724467734937, -0.859914165656676, 0.5019842498926577
0.1845055050850694, -0.8427731697905598, 0.5056590777139036
0.274478826133689, -0.816219569817055, 0.5083768167923611
0.3618064329796509, -0.7812215820707118, 0.5087130279061814
0.4452742945069714, -0.7383653589037517, 0.5065050833133392
0.5239776314922014, -0.6874390340414698, 0.5028667976432265
0.5957246910709746, -0.6284572013024847, 0.5001536149818774
0.6589932412854627, -0.5608241814033027, 0.5012026990084902
0.7138994550694796, -0.4853644366213617, 0.5047464033697796
0.7607758908155203, -0.40406920604868957, 0.5078859327418245
0.7997426678725852, -0.3185100876052235, 0.5088840627075611
0.8305868618454588, -0.22982027904015387, 0.5072554625350213
0.852625217508644, -0.13861296023521355, 0.5038022287794772
0.8644553259414894, -0.04628858596025019, 0.5005740267544787
0.8644553259414895, 0.04628858596024844, 0.5005740267544789
0.8526252175086441, 0.13861296023521016, 0.5038022287794781
0.8305868618454616, 0.22982027904014715, 0.50725546253502
0.7997426678725891, 0.31851008760522087, 0.5088840627075565
0.7607758908155224, 0.4040692060486928, 0.5078859327418188
0.7138994550694824, 0.4853644366213636, 0.5047464033697739
0.6589932412854652, 0.5608241814033059, 0.5012026990084836
0.5957246910709729, 0.6284572013024906, 0.500153614981872
0.5239776314922051, 0.6874390340414701, 0.5028667976432224
0.44527429450697503, 0.7383653589037512, 0.5065050833133367
0.36180643297965376, 0.7812215820707112, 0.5087130279061806
0.2744788261336938, 0.8162195698170537, 0.5083768167923607
0.18450550508507824, 0.8427731697905584, 0.5056590777139028
0.09251724467735793, 0.859914165656675, 0.5019842498926578
0.0, 0.8660254037844368, 0.5000000000000031
0.0, 0.8660254037844368, 0.5000000000000031
-0.09251724467735971, 0.8599141656566749, 0.5019842498926577
-0.18450550508507368, 0.8427731697905598, 0.5056590777139022
-0.2744788261336903, 0.8162195698170558, 0.5083768167923591
-0.3618064329796581, 0.7812215820707106, 0.5087130279061783
-0.445274294506978, 0.7383653589037512, 0.5065050833133342
-0.5239776314922029, 0.6874390340414737, 0.5028667976432195
-0.5957246910709756, 0.6284572013024914, 0.5001536149818679
-0.6589932412854661, 0.5608241814033089, 0.5012026990084789
-0.7138994550694822, 0.48536443662136786, 0.50474640336977
-0.7607758908155213, 0.40406920604869623, 0.5078859327418178
-0.799742667872585, 0.3185100876052271, 0.5088840627075587
-0.8305868618454567, 0.22982027904015476, 0.5072554625350245
-0.8526252175086391, 0.13861296023521444, 0.5038022287794853
-0.8644553259414838, 0.04628858596024955, 0.5005740267544887
-0.8644553259414838, -0.046288585960250185, 0.5005740267544887
-0.8526252175086388, -0.13861296023521194, 0.5038022287794863
-0.8305868618454566, -0.22982027904015181, 0.5072554625350258
-0.7997426678725853, -0.31851008760522637, 0.5088840627075588
-0.7607758908155213, -0.40406920604869606, 0.5078859327418178
-0.7138994550694828, -0.4853644366213658, 0.504746403369771
-0.6589932412854659, -0.5608241814033084, 0.5012026990084798
-0.5957246910709735, -0.6284572013024933, 0.5001536149818682
-0.523977631492203, -0.687439034041474, 0.5028667976432192
-0.44527429450697215, -0.7383653589037549, 0.5065050833133343
-0.3618064329796508, -0.781221582070714, 0.5087130279061782
-0.2744788261336912, -0.8162195698170558, 0.5083768167923586
-0.18450550508507493, -0.8427731697905598, 0.5056590777139017
-0.0925172446773563, -0.8599141656566754, 0.5019842498926573
-0.0, -0.8660254037844368, 0.5000000000000031
-1.2011567215304367e-15, -0.8660254037844372, 0.5000000000000029
0.09278878854144515, -0.8598822759257596, 0.5019887571148848
0.18478660555324503, -0.8427085733278346, 0.5056640889443061
0.27460713153315935, -0.8161757192669772, 0.5083779288975502
0.3617309359355948, -0.7812562700826056, 0.508713446297396
0.4450487325094282, -0.7384985026282954, 0.5065092173964032
0.5237385849388391, -0.68761724895518, 0.5028721642580473
0.5956541133471348, -0.6285236486524699, 0.5001541765668113
0.6591424346768713, -0.5606459187158294, 0.5012059503193573
0.7140678547721744, -0.48511083989181075, 0.5047519903878803
0.7608610921352156, -0.4039061798981637, 0.5078879761471806
0.7997322788518455, -0.3185360958914279, 0.508884110359796
0.8305246549528122, -0.23003815325306323, 0.5072585588863261
0.8525724373759518, -0.13891645379437506, 0.5038079573528231
0.864444953681127, -0.046462313891687354, 0.5005758438469287
0.8644449536788538, 0.046462313924885666, 0.5005758438477727
0.8525724373732632, 0.13891645380609405, 0.5038079573541417
0.8305246549531384, 0.23003815325196386, 0.5072585588862906
0.7997322788522749, 0.31853609589036436, 0.5088841103597869
0.7608610921357374, 0.40390617989715366, 0.5078879761472025
0.7140678547817876, 0.485110839877359, 0.5047519903881702
0.6591424346542077, 0.5606459187434639, 0.5012059503182505
0.5956541133050058, 0.6285236486917695, 0.5001541765675983
0.5237385848772506, 0.6876172490001474, 0.5028721642607036
0.44504873251042004, 0.7384985026277266, 0.5065092173963611
0.3617309359366361, 0.7812562700821323, 0.5087134462973824
0.2746071315342409, 0.8161757192666012, 0.5083779288975697
0.18478660555436366, 0.8427085733275635, 0.5056640889443488
0.09278878854984222, 0.8598822759247419, 0.5019887571150761
0.0, 0.866025403784437, 0.5000000000000029
0.0, 0.866025403784437, 0.5000000000000029
-0.09278878854145547, 0.8598822759257589, 0.5019887571148841
-0.18478660555324883, 0.8427085733278347, 0.5056640889443046
-0.2746071315331602, 0.8161757192669783, 0.5083779288975481
-0.36173093593560135, 0.7812562700826046, 0.5087134462973928
-0.4450487325094344, 0.7384985026282955, 0.5065092173963976
-0.5237385849388404, 0.6876172489551844, 0.50287216425804
-0.5956541133471357, 0.6285236486524767, 0.500154176566802
-0.6591424346768744, 0.5606459187158357, 0.5012059503193462
-0.7140678547721768, 0.4851108398918171, 0.5047519903878708
-0.7608610921352161, 0.4039061798981709, 0.5078879761471742
-0.7997322788518452, 0.3185360958914316, 0.5088841103597941
-0.8305246549528097, 0.23003815325306412, 0.5072585588863298
-0.8525724373759467, 0.13891645379437628, 0.5038079573528313
-0.8644449536811207, 0.04646231389168722, 0.5005758438469391
-0.8644449536788475, -0.0464623139248872, 0.5005758438477835
-0.8525724373732574, -0.13891645380609532, 0.5038079573541511
-0.8305246549531334, -0.23003815325196766, 0.507258558886297
-0.7997322788522709, -0.3185360958903691, 0.5088841103597901
-0.7608610921357362, -0.40390617989715577, 0.5078879761472023
-0.7140678547817885, -0.4851108398773602, 0.5047519903881676
-0.6591424346542083, -0.5606459187434664, 0.5012059503182471
-0.5956541133050065, -0.6285236486917717, 0.5001541765675948
-0.5237385848772491, -0.6876172490001509, 0.5028721642607007
-0.44504873251041727, -0.7384985026277299, 0.5065092173963587
-0.3617309359366336, -0.7812562700821346, 0.5087134462973805
-0.27460713153423855, -0.816175719266603, 0.5083779288975677
-0.18478660555436074, -0.8427085733275649, 0.5056640889443476
-0.09278878854984074, -0.8598822759247423, 0.5019887571150755
-0.0, -0.866025403784437, 0.5000000000000029
-1.2053501861959221e-15, -0.8660254037844372, 0.5000000000000026
0.09306282502524917, -0.8598500167777382, 0.5019932860563407
0.185069690658844, -0.8426434355654211, 0.5056691112752922
0.27473619951752, -0.8161315889171472, 0.5083790419030295
0.3616549936721689, -0.7812911551704014, 0.508713864961909
0.44482161324038744, -0.7386324863228502, 0.5065133587011735
0.5234974261461482, -0.687796926248809, 0.5028775527512125
0.5955827313077735, -0.6285908398523804, 0.5001547422764794
0.6592930570328023, -0.5604658623459774, 0.5012092198804029
0.7142374513123495, -0.48485527283680235, 0.5047575928554112
0.7609467904068399, -0.4037421306271015, 0.5078900216840427
0.7997218289196159, -0.31856225458422466, 0.5088841580396075
0.8304619988385278, -0.23025741541087763, 0.5072616594356602
0.8525191375409524, -0.13922237760001976, 0.5038137053533063
0.8644344407057661, -0.04663787455567275, 0.5005776726729216
0.8644344407057662, 0.046637874555671276, 0.5005776726729215
0.8525191375409527, 0.1392223776000168, 0.5038137053533066
0.8304619988385307, 0.23025741541087133, 0.5072616594356583
0.7997218289196198, 0.3185622545842225, 0.5088841580396027
0.7609467904068418, 0.40374213062710557, 0.5078900216840367
0.7142374513123525, 0.4848552728368051, 0.5047575928554044
0.6592930570328043, 0.5604658623459813, 0.5012092198803958
0.5955827313077714, 0.6285908398523875, 0.5001547422764729
0.5234974261461515, 0.6877969262488103, 0.5028775527512073
0.44482161324039027, 0.7386324863228506, 0.5065133587011703
0.36165499367217024, 0.7812911551704018, 0.5087138649619075
0.27473619951752387, 0.8161315889171462, 0.5083790419030287
0.18506969065885204, 0.8426434355654198, 0.5056691112752913
0.09306282502525659, 0.8598500167777378, 0.5019932860563403
0.0, 0.8660254037844372, 0.5000000000000027
0.0, 0.8660254037844372, 0.5000000000000027
-0.09306282502525946, 0.8598500167777379, 0.5019932860563396
-0.18506969065884812, 0.8426434355654213, 0.5056691112752905
-0.2747361995175207, 0.8161315889171482, 0.5083790419030274
-0.36165499367217513, 0.7812911551704007, 0.5087138649619055
-0.4448216132403939, 0.7386324863228501, 0.5065133587011681
-0.5234974261461498, 0.6877969262488132, 0.5028775527512052
-0.5955827313077742, 0.6285908398523873, 0.5001547422764697
-0.6592930570328055, 0.560465862345983, 0.5012092198803922
-0.7142374513123523, 0.484855272836808, 0.504757592855402
-0.7609467904068404, 0.40374213062710806, 0.5078900216840367
-0.7997218289196156, 0.31856225458422704, 0.5088841580396065
-0.8304619988385251, 0.23025741541087755, 0.5072616594356644
-0.8525191375409472, 0.1392223776000204, 0.503813705353315
-0.8644344407057598, 0.04663787455567196, 0.5005776726729324
-0.8644344407057596, -0.04663787455567272, 0.5005776726729331
-0.8525191375409469, -0.13922237760001788, 0.5038137053533163
-0.830461998838525, -0.23025741541087497, 0.5072616594356657
-0.7997218289196155, -0.31856225458422727, 0.5088841580396065
-0.7609467904068401, -0.40374213062710806, 0.5078900216840371
-0.7142374513123528, -0.4848552728368063, 0.5047575928554029
-0.6592930570328053, -0.5604658623459832, 0.5012092198803927
-0.5955827313077722, -0.6285908398523893, 0.5001547422764698
-0.5234974261461499, -0.6877969262488135, 0.5028775527512046
-0.4448216132403879, -0.7386324863228536, 0.5065133587011682
-0.3616549936721683, -0.7812911551704038, 0.5087138649619054
-0.27473619951752154, -0.8161315889171483, 0.5083790419030269
-0.1850696906588494, -0.842643435565421, 0.5056691112752906
-0.09306282502525592, -0.859850016777738, 0.5019932860563397
-0.0, -0.8660254037844372, 0.5000000000000026
-1.2095871039315618e-15, -0.8660254037844373, 0.5000000000000023
0.09333938728858668, -0.8598173821932208, 0.5019978367074782
0.1853547805395458, -0.8425777500409108, 0.5056741445507504
0.2748660365697171, -0.8160871762043895, 0.5083801557645621
0.3615786023223765, -0.7813262389776477, 0.5087142838840288
0.4445929210863208, -0.7387673175845385, 0.506517507090207
0.5232541280861767, -0.6879780831591021, 0.5028829630575116
0.5955105314848832, -0.6286587871278474, 0.5001553121356761
0.6594451282715872, -0.5602839859346088, 0.5012125077291038
0.7144082567892441, -0.4845977133995622, 0.5047632106238222
0.7610329897647188, -0.40357704897245816, 0.507892069275014
0.7997113175450766, -0.3185885649758098, 0.508884205745248
0.8303988888109479, -0.2304780783317255, 0.5072647640730213
0.8524653107575365, -0.1395307597536418, 0.5038194726661805
0.864423784331625, -0.04681529627780221, 0.5005795132805714
0.8644237843316251, 0.04681529627780169, 0.5005795132805712
0.8524653107575368, 0.13953075975363924, 0.5038194726661809
0.8303988888109509, 0.2304780783317192, 0.5072647640730192
0.7997113175450804, 0.3185885649758079, 0.5088842057452433
0.7610329897647206, 0.40357704897246277, 0.5078920692750079
0.7144082567892464, 0.4845977133995654, 0.5047632106238159
0.6594451282715892, 0.5602839859346134, 0.5012125077290962
0.5955105314848809, 0.6286587871278552, 0.5001553121356691
0.5232541280861794, 0.687978083159104, 0.5028829630575061
0.4445929210863232, 0.7387673175845397, 0.5065175070902033
0.36157860232237765, 0.7813262389776484, 0.5087142838840271
0.2748660365697205, 0.8160871762043891, 0.5083801557645611
0.18535478053955312, 0.8425777500409094, 0.5056741445507499
0.09333938728859371, 0.8598173821932198, 0.5019978367074787
0.0, 0.8660254037844373, 0.5000000000000024
0.0, 0.8660254037844373, 0.5000000000000024
-0.09333938728859655, 0.8598173821932199, 0.501997836707478
-0.18535478053954965, 0.8425777500409112, 0.5056741445507485
-0.2748660365697178, 0.816087176204391, 0.5083801557645595
-0.3615786023223829, 0.781326238977647, 0.5087142838840254
-0.44459292108632686, 0.738767317584539, 0.5065175070902014
-0.523254128086178, 0.6879780831591066, 0.502882963057504
-0.5955105314848835, 0.628658787127855, 0.5001553121356664
-0.6594451282715904, 0.5602839859346145, 0.5012125077290932
-0.7144082567892464, 0.48459771339956814, 0.5047632106238134
-0.7610329897647191, 0.4035770489724644, 0.5078920692750082
-0.7997113175450762, 0.3185885649758123, 0.5088842057452472
-0.8303988888109453, 0.2304780783317252, 0.507264764073026
-0.8524653107575307, 0.13953075975364213, 0.5038194726661901
-0.8644237843316185, 0.04681529627780197, 0.5005795132805828
-0.8644237843316182, -0.046815296277803405, 0.5005795132805831
-0.8524653107575303, -0.13953075975364027, 0.5038194726661914
-0.8303988888109451, -0.2304780783317225, 0.5072647640730271
-0.7997113175450762, -0.31858856497581184, 0.5088842057452474
-0.7610329897647187, -0.40357704897246505, 0.5078920692750084
-0.714408256789247, -0.4845977133995663, 0.5047632106238144
-0.6594451282715893, -0.5602839859346151, 0.501212507729094
-0.5955105314848814, -0.6286587871278568, 0.5001553121356666
-0.5232541280861773, -0.687978083159107, 0.502882963057504
-0.4445929210863208, -0.7387673175845425, 0.5065175070902016
-0.3615786023223755, -0.7813262389776507, 0.5087142838840253
-0.2748660365697182, -0.8160871762043911, 0.5083801557645592
-0.18535478053955085, -0.8425777500409108, 0.5056741445507487
-0.09333938728859245, -0.8598173821932206, 0.5019978367074779
-0.0, -0.8660254037844373, 0.5000000000000023
-1.2138681536519634e-15, -0.8660254037844374, 0.5000000000000022
0.09361850910217698, -0.8597843660224079, 0.5020024090549083
0.1856418956755571, -0.8425115101735379, 0.5056791886118016
0.2749966493958479, -0.8160424784820789, 0.5083812704396996
0.3615017580128546, -0.7813615231485936, 0.5087147030473222
0.44436264032424894, -0.7389030040439234, 0.5065216624182303
0.5230086633014271, -0.6881607371688246, 0.5028883951046337
0.5954375000952504, -0.6287275029858017, 0.5001558861690595
0.6595986686467221, -0.5601002626487295, 0.5012158138968641
0.7145802834929107, -0.4843381391499637, 0.5047688435392401
0.7611196944396319, -0.4034109254602848, 0.5078941188430891
0.7997007442004558, -0.3186150283501861, 0.5088842534748419
0.8303353201189981, -0.2307001549740212, 0.5072678726844857
0.8524109496551164, -0.1398416287489628, 0.5038252591691884
0.8644129818108587, -0.04699460793452222, 0.5005813657158453
0.8644129818108588, 0.04699460793452055, 0.5005813657158453
0.8524109496551168, 0.13984162874895897, 0.5038252591691887
0.8303353201190011, 0.23070015497401364, 0.5072678726844839
0.79970074420046, 0.31861502835018274, 0.5088842534748376
0.7611196944396342, 0.40341092546028845, 0.5078941188430827
0.7145802834929139, 0.4843381391499655, 0.5047688435392336
0.6595986686467255, 0.5601002626487328, 0.501215813896856
0.5954375000952494, 0.6287275029858087, 0.5001558861690519
0.5230086633014316, 0.6881607371688256, 0.5028883951046278
0.44436264032425266, 0.7389030040439241, 0.5065216624182262
0.3615017580128572, 0.781361523148594, 0.5087147030473199
0.2749966493958527, 0.8160424784820782, 0.5083812704396982
0.185641895675566, 0.8425115101735362, 0.5056791886118012
0.09361850910218554, 0.8597843660224072, 0.5020024090549083
0.0, 0.8660254037844373, 0.5000000000000023
0.0, 0.8660254037844373, 0.5000000000000023
-0.0936185091021871, 0.859784366022407, 0.5020024090549081
-0.18564189567556114, 0.8425115101735381, 0.5056791886117998
-0.27499664939584856, 0.8160424784820802, 0.508381270439697
-0.36150175801286105, 0.7813615231485931, 0.5087147030473186
-0.4443626403242551, 0.7389030040439235, 0.5065216624182249
-0.5230086633014284, 0.6881607371688292, 0.5028883951046265
-0.595437500095251, 0.6287275029858093, 0.5001558861690494
-0.6595986686467253, 0.5601002626487351, 0.5012158138968535
-0.7145802834929128, 0.48433813914996937, 0.5047688435392316
-0.7611196944396329, 0.40341092546029056, 0.507894118843083
-0.7997007442004553, 0.3186150283501877, 0.5088842534748419
-0.830335320118995, 0.2307001549740203, 0.507267872684491
-0.8524109496551108, 0.13984162874896228, 0.5038252591691981
-0.8644129818108517, 0.046994607934521274, 0.5005813657158572
-0.8644129818108515, -0.04699460793452217, 0.5005813657158577
-0.8524109496551101, -0.13984162874895986, 0.5038252591691997
-0.8303353201189952, -0.2307001549740171, 0.5072678726844922
-0.7997007442004557, -0.31861502835018685, 0.5088842534748419
-0.7611196944396325, -0.4034109254602905, 0.5078941188430837
-0.7145802834929137, -0.48433813914996693, 0.5047688435392326
-0.6595986686467249, -0.5601002626487351, 0.5012158138968538
-0.5954375000952491, -0.6287275029858111, 0.5001558861690494
-0.5230086633014281, -0.6881607371688294, 0.5028883951046262
-0.44436264032424927, -0.7389030040439275, 0.5065216624182243
-0.3615017580128541, -0.7813615231485965, 0.508714703047318
-0.27499664939584956, -0.8160424784820802, 0.5083812704396965
-0.18564189567556183, -0.8425115101735381, 0.5056791886117997
-0.09361850910218293, -0.8597843660224078, 0.5020024090549075
-0.0, -0.8660254037844374, 0.5000000000000022
-1.2181940284890084e-15, -0.8660254037844374, 0.5000000000000021
0.09390022482793332, -0.859750961986693, 0.5020070030788608
0.18593105678599958, -0.8424447092883559, 0.5056842432926885
0.2751280447562087, -0.8159974930788424, 0.5083823858845524
0.3614244568117214, -0.7813970093519275, 0.5087151224351559
0.44413075494735277, -0.7390395534651902, 0.5065258245379662
0.5227610038184524, -0.6883449060685805, 0.502893848815196
0.5953636230557589, -0.6287970001997608, 0.5001564644005935
0.6597536987888597, -0.5599146651271388, 0.5012191384115161
0.7147535438999022, -0.4840765272887884, 0.5047744914420275
0.7612069087022352, -0.4032437505152234, 0.5078961703088568
0.7996901083500039, -0.31864164601066, 0.5088843012264931
0.8302712879512691, -0.23092365843595097, 0.5072709851531989
0.8523560467366714, -0.14015501347521644, 0.5038310647322125
0.864402030327752, -0.04717583900065111, 0.5005832300225855
0.8644020303277522, 0.047175839000649804, 0.5005832300225853
0.852356046736672, 0.1401550134752129, 0.503831064732213
0.8302712879512724, 0.23092365843594362, 0.5072709851531971
0.7996901083500081, 0.31864164601065686, 0.5088843012264884
0.7612069087022375, 0.40324375051522715, 0.5078961703088501
0.7147535438999055, 0.484076527288791, 0.5047744914420205
0.6597536987888627, 0.5599146651271429, 0.5012191384115076
0.5953636230557573, 0.6287970001997686, 0.5001564644005858
0.5227610038184559, 0.6883449060685823, 0.5028938488151896
0.44413075494735577, 0.7390395534651919, 0.5065258245379615
0.3614244568117229, 0.7813970093519282, 0.5087151224351538
0.27512804475621255, 0.815997493078842, 0.5083823858845512
0.18593105678600758, 0.8424447092883548, 0.5056842432926872
0.09390022482794129, 0.8597509619866925, 0.5020070030788604
0.0, 0.8660254037844374, 0.5000000000000023
0.0, 0.8660254037844374, 0.5000000000000023
-0.09390022482794337, 0.8597509619866922, 0.5020070030788605
-0.18593105678600352, 0.8424447092883562, 0.5056842432926865
-0.2751280447562093, 0.815997493078844, 0.5083823858845498
-0.3614244568117277, 0.781397009351927, 0.5087151224351524
-0.4441307549473589, 0.7390395534651907, 0.5065258245379602
-0.5227610038184537, 0.6883449060685851, 0.5028938488151884
-0.5953636230557586, 0.6287970001997686, 0.500156464400584
-0.6597536987888628, 0.5599146651271447, 0.5012191384115053
-0.7147535438999045, 0.48407652728879347, 0.5047744914420192
-0.7612069087022358, 0.4032437505152282, 0.5078961703088518
-0.7996901083500035, 0.3186416460106609, 0.5088843012264933
-0.8302712879512659, 0.23092365843594934, 0.5072709851532049
-0.8523560467366653, 0.1401550134752162, 0.5038310647322229
-0.8644020303277447, 0.04717583900065068, 0.5005832300225981
-0.8644020303277448, -0.04717583900065106, 0.5005832300225979
-0.8523560467366652, -0.14015501347521328, 0.5038310647322242
-0.8302712879512663, -0.230923658435946, 0.507270985153206
-0.7996901083500036, -0.3186416460106606, 0.5088843012264932
-0.7612069087022357, -0.4032437505152286, 0.507896170308852
-0.7147535438999051, -0.4840765272887917, 0.5047744914420204
-0.6597536987888624, -0.5599146651271447, 0.501219138411506
-0.5953636230557567, -0.6287970001997707, 0.5001564644005836
-0.522761003818453, -0.6883449060685856, 0.5028938488151882
-0.4441307549473528, -0.7390395534651943, 0.5065258245379602
-0.36142445681172025, -0.7813970093519305, 0.5087151224351522
-0.2751280447562102, -0.815997493078844, 0.5083823858845493
-0.18593105678600422, -0.8424447092883564, 0.5056842432926862
-0.09390022482793979, -0.8597509619866931, 0.5020070030788596
-0.0, -0.8660254037844374, 0.5000000000000021
-1.2225654361659673e-15, -0.8660254037844375, 0.5000000000000019
0.09418456945023326, -0.8597171636737297, 0.5020116187522674
0.1862222848274608, -0.8423773406157369, 0.5056893084204955
0.27526022948157486, -0.8159522172927864, 0.5083835020540461
0.36134669474315423, -0.7814326992741006, 0.5087155420305054
0.44389724881467024, -0.7391769736587452, 0.5065299932950322
0.5225111212622602, -0.6885306078711563, 0.5028993241015859
0.5952888860196092, -0.628867291775372, 0.5001570468529278
0.6599102396093772, -0.5597271655968997, 0.5012224812910481
0.7149280505957276, -0.4838128547638639, 0.5047801541628129
0.7612946368604068, -0.4030755144649246, 0.5078982235905318
0.7996794094516225, -0.31866841927576905, 0.5088843489982641
0.8302067874305479, -0.2311486019754206, 0.5072741013584842
0.8523005943706476, -0.14047094325829287, 0.503836889216705
0.8643909270120438, -0.04735901933155292, 0.5005851062379035
0.8643909270111371, 0.04735901934519007, 0.5005851062381791
0.8523005943675126, 0.14047094327544948, 0.503836889217225
0.8302067874288935, 0.23114860198094142, 0.507274101358676
0.7996794094528096, 0.3186684192728167, 0.5088843489982475
0.761294636862889, 0.4030755144601516, 0.507898223590599
0.7149280505873311, 0.4838128547769088, 0.5047801541622018
0.6599102396033213, 0.5597271656043489, 0.5012224812907029
0.59528888601612, 0.6288672917786433, 0.5001570468529676
0.5225111212594432, 0.6885306078732332, 0.5028993241016692
0.44389724881596826, 0.7391769736579542, 0.5065299932950491
0.36134669474604453, 0.781432699272788, 0.5087155420304683
0.2752602294845736, 0.8159522172917406, 0.5083835020541008
0.18622228484870115, 0.8423773406108518, 0.505689308420811
0.09418456945137964, 0.8597171636736516, 0.5020116187521857
0.0, 0.8660254037844376, 0.5000000000000019
0.0, 0.8660254037844376, 0.5000000000000019
-0.09418456945024294, 0.8597171636737287, 0.5020116187522667
-0.18622228482746445, 0.8423773406157372, 0.5056893084204934
-0.2752602294815754, 0.8159522172927878, 0.5083835020540434
-0.3613466947431602, 0.7814326992741003, 0.5087155420305016
-0.443897248814676, 0.7391769736587454, 0.5065299932950268
-0.5225111212622612, 0.688530607871161, 0.5028993241015779
-0.5952888860196092, 0.6288672917753797, 0.5001570468529181
-0.6599102396093801, 0.5597271655969052, 0.5012224812910382
-0.71492805059573, 0.483812854763869, 0.5047801541628046
-0.7612946368604071, 0.4030755144649293, 0.5078982235905275
-0.7996794094516215, 0.3186684192757702, 0.5088843489982647
-0.8302067874305445, 0.23114860197541867, 0.5072741013584906
-0.8523005943706413, 0.1404709432582923, 0.5038368892167161
-0.8643909270120365, 0.047359019331552135, 0.5005851062379164
-0.8643909270111295, -0.04735901934519128, 0.500585106238192
-0.8523005943675053, -0.14047094327544993, 0.5038368892172372
-0.8302067874288876, -0.23114860198094342, 0.5072741013586849
-0.7996794094528049, -0.3186684192728197, 0.5088843489982527
-0.7612946368628869, -0.40307551446015283, 0.5078982235906012
-0.7149280505873309, -0.48381285477690944, 0.5047801541622017
-0.6599102396033207, -0.5597271656043504, 0.501222481290702
-0.5952888860161192, -0.628867291778645, 0.5001570468529662
-0.5225111212594401, -0.6885306078732361, 0.5028993241016682
-0.4438972488159649, -0.7391769736579568, 0.5065299932950481
-0.36134669474604175, -0.7814326992727905, 0.5087155420304666
-0.2752602294845708, -0.8159522172917427, 0.5083835020540992
-0.18622228484869782, -0.8423773406108536, 0.5056893084208096
-0.09418456945137807, -0.8597171636736523, 0.5020116187521851
-0.0, -0.8660254037844375, 0.5000000000000019
-1.2269830993834949e-15, -0.8660254037844377, 0.5000000000000016
0.09447157846703683, -0.8596829645469932, 0.5020162560412159
0.18651560111848736, -0.8423093972612252, 0.5056943838177766
0.27539321048978826, -0.8159066483855764, 0.5083846189022072
0.3612684677869985, -0.7814685946194626, 0.5087159618159396
0.44366210554454133, -0.7393152725421643, 0.5065341685312941
0.5222589867544541, -0.6887178608840865, 0.5029048208691769
0.5952132742050389, -0.6289383911101422, 0.5001576335495669
0.6600683125415648, -0.5595377355741373, 0.501225842557123
0.7151038163171429, -0.48354709820357816, 0.5047858315241792
0.7613828832793684, -0.40290620750059053, 0.5079002786046556
0.7996686469582273, -0.31869534947586853, 0.5088843967881628
0.8301418136113893, -0.2313749990151873, 0.5072772211766615
0.8522445847850159, -0.1407894478821992, 0.5038427324767536
0.8643796688935195, -0.047544179832327636, 0.5005869944051693
0.864379668892563, 0.047544179846697496, 0.5005869944054558
0.8522445847816212, 0.14078944790089265, 0.503842732477272
0.8301418136087002, 0.2313749990242608, 0.5072772211769235
0.7996686469594863, 0.3186953494727372, 0.5088843967881452
0.7613828832816069, 0.4029062074963203, 0.5079002786046874
0.7151038163238903, 0.4835470981938093, 0.5047858315239785
0.6600683125342413, 0.5595377355831318, 0.5012258425567266
0.595213274201574, 0.6289383911133902, 0.5001576335496061
0.5222589867542504, 0.6887178608842345, 0.5029048208691858
0.44366210553866936, 0.7393152725456302, 0.5065341685313786
0.36126846779006416, 0.7814685946180709, 0.5087159618159002
0.2753932104929689, 0.815906648384467, 0.5083846189022648
0.1865156011338116, 0.8423093972576923, 0.5056943838180092
0.09447157846751018, 0.8596829645470132, 0.5020162560410928
0.0, 0.8660254037844377, 0.5000000000000018
0.0, 0.8660254037844377, 0.5000000000000018
-0.09447157846704646, 0.8596829645469922, 0.5020162560412157
-0.18651560111849091, 0.8423093972612258, 0.5056943838177743
-0.27539321048978893, 0.8159066483855782, 0.5083846189022043
-0.36126846778700406, 0.7814685946194622, 0.508715961815936
-0.44366210554454694, 0.7393152725421649, 0.5065341685312885
-0.5222589867544549, 0.6887178608840913, 0.5029048208691695
-0.5952132742050381, 0.62893839111015, 0.5001576335495579
-0.6600683125415676, 0.559537735574143, 0.5012258425571129
-0.7151038163171449, 0.4835470982035832, 0.5047858315241714
-0.7613828832793688, 0.4029062075005954, 0.5079002786046513
-0.7996686469582265, 0.31869534947586925, 0.5088843967881636
-0.8301418136113857, 0.23137499901518563, 0.507277221176668
-0.8522445847850094, 0.14078944788219871, 0.5038427324767647
-0.8643796688935118, 0.047544179832327366, 0.5005869944051825
-0.8643796688925552, -0.04754417984669805, 0.5005869944054693
-0.852244584781614, -0.14078944790089204, 0.5038427324772842
-0.8301418136086942, -0.23137499902426145, 0.507277221176933
-0.799668646959482, -0.3186953494727387, 0.5088843967881508
-0.7613828832816052, -0.40290620749632033, 0.50790027860469
-0.7151038163238903, -0.48354709819380864, 0.5047858315239789
-0.6600683125342413, -0.559537735583132, 0.5012258425567264
-0.5952132742015739, -0.628938391113391, 0.5001576335496054
-0.5222589867542484, -0.6887178608842366, 0.5029048208691851
-0.4436621055386667, -0.739315272545632, 0.5065341685313783
-0.3612684677900628, -0.7814685946180723, 0.5087159618158992
-0.275393210492967, -0.8159066483844684, 0.5083846189022637
-0.18651560113380983, -0.8423093972576935, 0.505694383818008
-0.09447157846750989, -0.8596829645470137, 0.5020162560410921
-0.0, -0.8660254037844377, 0.5000000000000016
-1.2314477562179377e-15, -0.8660254037844379, 0.5000000000000012
0.09476128806829205, -0.8596483579241673, 0.5020209149048682
0.18681102715194042, -0.842240872248384, 0.5056994692984345
0.27552699475816983, -0.8158607835919502, 0.5083857363815989
0.3611897718727085, -0.7815046971129674, 0.508716381773685
0.4434253085507792, -0.7394544581186243, 0.5065383500833259
0.5220045709400248, -0.6889066836876672, 0.5029103390149988
0.5951367725916258, -0.629010311809136, 0.5001582245120006
0.6602279393183682, -0.559346346136047, 0.5012292222204076
0.7152808540271819, -0.4832792338007827, 0.5047915233431258
0.7614716523577352, -0.4027358197229838, 0.5079023352649964
0.7996578203132024, -0.3187224379644572, 0.5088844445941835
0.8300763614827891, -0.23160286313284545, 0.5072803444804089
0.8521880100720252, -0.1411105575551638, 0.5038485943574247
0.864368252950693, -0.04773135170822337, 0.5005888945582718
0.8643682529501051, 0.0477313517170405, 0.5005888945584461
0.8521880100703249, 0.14111055756456523, 0.5038485943576676
0.8300763614835338, 0.23160286313042505, 0.5072803444802955
0.799657820319146, 0.3187224379496465, 0.50888444459412
0.7614716523648002, 0.40273581970925915, 0.5079023352652868
0.7152808540326325, 0.4832792337927297, 0.5047915233431122
0.6602279393133167, 0.5593463461422479, 0.5012292222201414
0.5951367725896027, 0.6290103118110352, 0.5001582245120195
0.5220045709409944, 0.6889066836869476, 0.5029103390149781
0.44342530855425394, 0.7394544581168067, 0.5065383500829375
0.3611897718872143, 0.7815046971063783, 0.5087163817735083
0.2755269947732549, 0.8158607835866807, 0.5083857363818797
0.18681102717827666, 0.8422408722421123, 0.5056994692991512
0.09476128806767818, 0.8596483579242985, 0.5020209149047594
0.0, 0.8660254037844377, 0.5000000000000016
0.0, 0.8660254037844378, 0.5000000000000016
-0.09476128806830153, 0.8596483579241662, 0.5020209149048683
-0.18681102715194373, 0.8422408722483847, 0.5056994692984319
-0.27552699475817044, 0.8158607835919517, 0.5083857363815961
-0.36118977187271467, 0.7815046971129674, 0.5087163817736811
-0.4434253085507845, 0.739454458118625, 0.5065383500833203
-0.5220045709400253, 0.6889066836876723, 0.5029103390149915
-0.5951367725916249, 0.6290103118091437, 0.5001582245119921
-0.6602279393183711, 0.5593463461360523, 0.501229222220398
-0.7152808540271842, 0.4832792338007872, 0.5047915233431186
-0.7614716523577353, 0.40273581972298794, 0.507902335264993
-0.7996578203132017, 0.31872243796445754, 0.5088844445941847
-0.8300763614827853, 0.23160286313284276, 0.5072803444804165
-0.8521880100720186, 0.14111055755516275, 0.5038485943574361
-0.8643682529506853, 0.047731351708223076, 0.500588894558285
-0.8643682529500973, -0.047731351717041175, 0.5005888945584596
-0.8521880100703173, -0.141110557564565, 0.5038485943576804
-0.8300763614835275, -0.23160286313042602, 0.5072803444803053
-0.7996578203191413, -0.3187224379496486, 0.5088844445941263
-0.7614716523647981, -0.4027358197092595, 0.5079023352652896
-0.715280854032632, -0.48327923379272947, 0.5047915233431133
-0.6602279393133162, -0.5593463461422483, 0.5012292222201418
-0.5951367725896021, -0.6290103118110362, 0.5001582245120191
-0.5220045709409917, -0.6889066836869494, 0.5029103390149784
-0.44342530855425083, -0.7394544581168087, 0.5065383500829372
-0.36118977188721235, -0.7815046971063797, 0.5087163817735075
-0.2755269947732532, -0.8158607835866822, 0.5083857363818782
-0.18681102717827436, -0.8422408722421137, 0.5056994692991498
-0.09476128806767746, -0.8596483579242988, 0.5020209149047589
-0.0, -0.8660254037844379, 0.5000000000000012
-1.2359601605324267e-15, -0.866025403784438, 0.5000000000000011
0.09505373504705754, -0.8596133369850192, 0.5020255952947854
0.187108584806422, -0.8421717584678463, 0.5057045646728072
0.27566158938967844, -0.8158146200964744, 0.5083868544445275
0.36111060292064917, -0.7815410084813647, 0.5087168018851124
0.4431868410613383, -0.7395945384654626, 0.5065425377815089
0.5217478439821103, -0.6890970951368677, 0.5029158784269494
0.595059365793961, -0.6290830678025969, 0.5001588197612455
0.6603891421027185, -0.5591529677571112, 0.5012326202884747
0.7154591768288054, -0.4830092374399808, 0.5047972294289029
0.7615609485662691, -0.402564341065709, 0.5079043934848132
0.7996469289694846, -0.31874968607058024, 0.5088844924141218
0.8300104259706703, -0.2318322080512429, 0.5072834711382498
0.8521308621815046, -0.14143430293887427, 0.5038544746948274
0.8643566760806893, -0.04792056690071581, 0.5005908067300641
0.8643566760770497, 0.04792056695364197, 0.5005908067312819
0.8521308621750444, 0.141434302973456, 0.5038544746960456
0.8300104259451135, 0.23183220813651045, 0.5072834711410977
0.799646928958051, 0.3187496860990926, 0.5088844924142293
0.7615609485516752, 0.40256434109476485, 0.5079043934836658
0.7154591768046522, 0.4830092374773657, 0.5047972294273643
0.660389142096943, 0.5591529677645085, 0.5012326202878321
0.5950593657678478, 0.6290830678270107, 0.5001588197616067
0.5217478439664031, 0.6890970951483595, 0.5029158784274989
0.4431868409488029, 0.7395945385304425, 0.5065425377850928
0.36111060289271435, 0.7815410084940572, 0.5087168018854422
0.27566158936146395, 0.8158146201063455, 0.5083868544439861
0.18710858476448022, 0.8421717584780292, 0.5057045646713679
0.09505373504937907, 0.8596133369848253, 0.5020255952946778
0.0, 0.866025403784438, 0.5000000000000012
0.0, 0.866025403784438, 0.5000000000000012
-0.09505373504467399, 0.8596133369853342, 0.5020255952946975
-0.18710858480179496, 0.8421717584689836, 0.505704564672625
-0.2756615893830075, 0.8158146200988086, 0.5083868544443995
-0.3611106029120752, 0.7815410084852622, 0.508716801885211
-0.4431868410162622, 0.7395945384916197, 0.5065425377827555
-0.5217478439735113, 0.6890970951432277, 0.502915878427156
-0.5950593657726376, 0.6290830678225459, 0.5001588197615237
-0.6603891421083288, 0.5591529677505085, 0.5012326202884487
-0.7154591768129048, 0.4830092374643, 0.5047972294281694
-0.7615609485659904, 0.40256434106638195, 0.5079043934846978
-0.7996469289683129, 0.31874968607349896, 0.508884492414135
-0.8300104259611705, 0.23183220808307653, 0.5072834711392454
-0.8521308621810716, 0.14143430294059844, 0.5038544746950756
-0.8643566760779342, 0.04792056694066407, 0.5005908067309971
-0.8643566760786211, -0.04792056693115742, 0.500590806730721
-0.852130862174824, -0.14143430297496487, 0.5038544746959949
-0.8300104259475846, -0.23183220812843505, 0.5072834711407449
-0.7996469289568753, -0.3187496861020134, 0.5088844924142473
-0.7615609485519995, -0.4025643410939218, 0.5079043934838476
-0.7154591767996469, -0.4830092374848237, 0.5047972294273222
-0.6603891420904489, -0.5591529677721442, 0.5012326202878703
-0.5950593657763278, -0.6290830678190539, 0.5001588197615255
-0.5217478439670532, -0.689097095147791, 0.5029158784276033
-0.4431868409633629, -0.7395945385220225, 0.506542537784648
-0.3611106028841323, -0.7815410084979564, 0.5087168018855439
-0.2756615893547905, -0.8158146201086796, 0.5083868544438592
-0.1871085847598468, -0.842171758479167, 0.5057045646711872
-0.09505373504698422, -0.8596133369851412, 0.5020255952945902
-0.0, -0.866025403784438, 0.5000000000000011
-1.2405210824012264e-15, -0.866025403784438, 0.5000000000000009
0.09534895686006747, -0.8595778947625777, 0.5020302971546955
0.18740829608672596, -0.8421020487392734, 0.5057096697384661
0.27579700146530295, -0.8157681550850212, 0.5083879730402053
0.36103095671344093, -0.781577530511602, 0.5087172221322603
0.44294668597095865, -0.7397355218183365, 0.5065467314547577
0.5214887755203781, -0.6892891143894974, 0.5029214389846582
0.5949810380573567, -0.629156673349306, 0.5001594193177062
0.6605519434600795, -0.5589575703420084, 0.5012360367615947
0.7156387978996838, -0.48273708479785715, 0.5048029495769237
0.761650776379146, -0.40239176143131467, 0.507906453171495
0.7996359723409917, -0.31877709521991626, 0.5088845402460455
0.8299440019230677, -0.2320630476862062, 0.5072866010161441
0.8520731329178791, -0.14176071515433122, 0.5038603733163016
0.8643449351035987, -0.04811185800390999, 0.5005927309501882
0.8643449350998091, 0.048111858059033, 0.5005927309514333
0.8520731329079817, 0.14176071520863828, 0.5038603733177599
0.8299440018951583, 0.23206304777947737, 0.5072866010191375
0.7996359723281425, 0.31877709525195463, 0.5088845402461666
0.76165077636102, 0.4023917614671797, 0.5079064531702624
0.7156387978864213, 0.48273708481882804, 0.5048029495756711
0.6605519434432442, 0.5589575703627058, 0.5012360367607
0.5949810380495374, 0.6291566733565997, 0.5001594193178329
0.5214887755119895, 0.6892891143955537, 0.5029214389850558
0.4429466859010661, 0.7397355218585563, 0.5065467314571397
0.3610309566913233, 0.7815775305216494, 0.5087172221325207
0.2757970014439599, 0.8157681550925023, 0.5083879730397792
0.1874082960592205, 0.8421020487460716, 0.505709669737339
0.0953489568623934, 0.8595778947623977, 0.5020302971545622
0.0, 0.866025403784438, 0.5000000000000011
0.0, 0.866025403784438, 0.5000000000000011
-0.0953489568593608, 0.8595778947626714, 0.5020302971546691
-0.18740829608534684, 0.8421020487396138, 0.5057096697384104
-0.27579700146331393, 0.8157681550857186, 0.5083879730401651
-0.3610309567108878, 0.7815775305127638, 0.5087172221322873
-0.44294668596788905, 0.7397355218200955, 0.5065467314548732
-0.5214887755168763, 0.6892891143920283, 0.5029214389848201
-0.5949810380535814, 0.6291566733528307, 0.5001594193177633
-0.6605519434564061, 0.5589575703465173, 0.5012360367614074
-0.7156387978962087, 0.48273708480328353, 0.5048029495766607
-0.7616507763759477, 0.4023917614375857, 0.5079064531713228
-0.7996359723381099, 0.31877709522709685, 0.5088845402460758
-0.8299440019124523, 0.23206304772184078, 0.5072866010172099
-0.8520731329150575, 0.1417607151696522, 0.5038603733167629
-0.8643449351005562, 0.0481118580480876, 0.5005927309511954
-0.8643449351013834, -0.04811185803645857, 0.5005927309508847
-0.852073132910265, -0.14176071519543884, 0.5038603733176124
-0.8299440019002026, -0.23206304776274025, 0.5072866010185413
-0.7996359723290544, -0.3187770952496707, 0.5088845402461646
-0.7616507763642597, -0.4023917614606317, 0.5079064531705916
-0.715638797884562, -0.4827370848214915, 0.5048029495757601
-0.6605519434313235, -0.5589575703768787, 0.5012360367606047
-0.5949810380541088, -0.6291566733522722, 0.5001594193178385
-0.5214887755054982, -0.6892891144000934, 0.5029214389855647
-0.442946685922094, -0.7397355218464262, 0.506546731456466
-0.3610309566887623, -0.7815775305228126, 0.5087172221325506
-0.27579700144196884, -0.8157681550931997, 0.5083879730397406
-0.18740829605783543, -0.8421020487464128, 0.5057096697372842
-0.09534895686167656, -0.8595778947624927, 0.5020302971545354
-0.0, -0.866025403784438, 0.5000000000000009
-1.245131308547848e-15, -0.8660254037844383, 0.5000000000000008
0.0956469916145691, -0.8595420241422792, 0.5020350204203651
0.1877101834485326, -0.8420317357312268, 0.5057147842916753
0.2759332382656091, -0.8157213856672053, 0.5083890921188506
0.3609508290996986, -0.7816142649582192, 0.5087176424953855
0.4427048261873383, -0.7398774163703928, 0.5065509309195977
0.5212273347068185, -0.68948276087711, 0.5029270205583549
0.59490177334014, -0.629231142958875, 0.5001600232
0.6607163663271531, -0.5587601232579604, 0.5012394716342599
0.7158197307251705, -0.482462750983489, 0.5048086835802137
0.7617411403494911, -0.40221807053934755, 0.5079085142332833
0.7996249498580495, -0.3188046667965705, 0.5088845880877506
0.8298770841217851, -0.23229539610670116, 0.507289733975718
0.8520148139354604, -0.14208982580002766, 0.5038662900399675
0.8643330267588623, -0.04830525830087044, 0.5005946672452177
0.8643330267566927, 0.048305258332661895, 0.5005946672458959
0.8520148139338845, 0.14208982580966156, 0.5038662900399155
0.8298770841022283, 0.23229539617222658, 0.5072897339777056
0.7996249498603498, 0.3188046667908457, 0.5088845880877225
0.7617411403484332, 0.4022180705417182, 0.5079085142329923
0.7158197307265185, 0.48246275098148284, 0.5048086835802196
0.6607163663271566, 0.5587601232579654, 0.5012394716342498
0.594901773332886, 0.629231142965663, 0.5001600232000886
0.5212273347049518, 0.6894827608784804, 0.502927020558411
0.44270482614703793, 0.7398774163936661, 0.5065509309208249
0.3609508290678547, 0.7816142649726797, 0.5087176424957619
0.2759332382325963, 0.815721385678761, 0.5083890921182272
0.18771018340824366, 0.8420317357409838, 0.5057147842903841
0.09564699161635146, 0.8595420241422134, 0.502035020420138
0.0, 0.8660254037844382, 0.5000000000000009
0.0, 0.8660254037844382, 0.5000000000000009
-0.09564699161167443, 0.859542024142663, 0.502035020420259
-0.18771018344294538, 0.842031735732604, 0.505714784291456
-0.2759332382575756, 0.8157213856700188, 0.5083890921186965
-0.3609508290893729, 0.7816142649629099, 0.508717642495505
-0.44270482614822804, 0.7398774163930929, 0.5065509309206221
-0.5212273347112371, 0.6894827608741398, 0.5029270205578474
-0.5949017733263571, 0.6292311429718199, 0.5001600232001081
-0.6607163663469486, 0.5587601232341194, 0.501239471634743
-0.7158197307171299, 0.48246275099554947, 0.5048086835800886
-0.7617411403470115, 0.40221807054467923, 0.5079085142327798
-0.7996249498617497, 0.3188046667873442, 0.5088845880877163
-0.8298770841146755, 0.2322953961307012, 0.5072897339763583
-0.8520148139348603, 0.1420898258044542, 0.5038662900397337
-0.8643330267567872, 0.04830525833117982, 0.5005946672458758
-0.864333026756968, -0.0483052583288732, 0.5005946672457859
-0.8520148139289283, -0.14208982583581728, 0.5038662900409204
-0.8298770841137606, -0.2322953961335357, 0.5072897339765571
-0.7996249498487127, -0.3188046668198393, 0.5088845880878442
-0.7617411403355203, -0.40221807056703246, 0.5079085142323121
-0.7158197307124614, -0.4824627510034221, 0.5048086835791843
-0.6607163663122497, -0.5587601232762398, 0.501239471633528
-0.5949017733175477, -0.6292311429799513, 0.5001600232003569
-0.5212273346907613, -0.6894827608887062, 0.5029270205590988
-0.4427048261346071, -0.7398774164007679, 0.5065509309213161
-0.36095082905752146, -0.7816142649773717, 0.5087176424958847
-0.2759332382245607, -0.815721385681574, 0.5083890921180749
-0.1877101834026503, -0.8420317357423618, 0.5057147842901658
-0.09564699161344611, -0.8595420241425985, 0.5020350204200318
-0.0, -0.8660254037844383, 0.5000000000000008
-1.2497916427974458e-15, -0.8660254037844384, 0.5000000000000003
0.09594787808525346, -0.8595057178581539, 0.5020397650187451
0.18801426958062073, -0.8419608120132882, 0.505719908119099
0.2760703070703982, -0.8156743089462173, 0.5083902116280042
0.36087021580185463, -0.7816512136305998, 0.5087180629552417
0.442461244108143, -0.7400202305746318, 0.5065551359946348
0.5209634901943627, -0.6896780543131444, 0.5029326230056502
0.5948215551432421, -0.6293064915508494, 0.5001606314264806
0.6608824342043976, -0.5585605951008792, 0.5012429248983189
0.7160019889090231, -0.4821862108231139, 0.5048144312223756
0.7618320450931466, -0.40204325796113954, 0.5079105765754307
0.7996138609712891, -0.3188324021333789, 0.5088846359367195
0.8298096673005477, -0.23252926747225944, 0.5072928698723932
0.8519558967526395, -0.14242166686915322, 0.5038722246707176
0.8643209477090781, -0.04850080169084894, 0.5005966156364086
0.8643209476988604, 0.04850080183876795, 0.5005966156397187
0.8519558967312628, 0.14242166698244801, 0.503872224674838
0.8298096672522631, 0.2325292676337599, 0.5072928698773477
0.7996138609361513, 0.3188324022209584, 0.50888463593706
0.7618320450502477, 0.40204325804531277, 0.5079105765731479
0.7160019888726828, 0.4821862108805492, 0.5048144312190579
0.6608824341518835, 0.5585605951653918, 0.5012429248956684
0.594821555101242, 0.6293064915899743, 0.500160631427202
0.5209634901492894, 0.6896780543456078, 0.502932623007822
0.4424612440204502, 0.7400202306250324, 0.5065551359976023
0.3608702157651989, 0.7816512136472409, 0.5087180629556751
0.2760703070323947, 0.8156743089595272, 0.5083902116272864
0.18801426953491987, 0.8419608120243931, 0.5057199081176014
0.09594787808731454, 0.8595057178580816, 0.5020397650184751
0.0, 0.8660254037844383, 0.5000000000000006
0.0, 0.8660254037844383, 0.5000000000000006
-0.09594787808526267, 0.8595057178581531, 0.5020397650187448
-0.18801426958062384, 0.8419608120132889, 0.5057199081190967
-0.2760703070703981, 0.8156743089462192, 0.5083902116280009
-0.36087021580186, 0.7816512136306002, 0.5087180629552376
-0.4424612441294304, 0.7400202305621771, 0.5065551359942356
-0.5209634901664529, 0.6896780543329952, 0.502932623007339
-0.5948215551354308, 0.6293064915580138, 0.5001606314267562
-0.6608824341592201, 0.558560595155764, 0.5012429248967237
-0.716001988895951, 0.48218621084402363, 0.504814431220944
-0.7618320450768447, 0.4020432579926596, 0.5079105765749322
-0.799613860951153, 0.3188324021835582, 0.5088846359369203
-0.8298096672849797, 0.23252926752428246, 0.5072928698740127
-0.8519558967422072, 0.1424216669235824, 0.5038722246729717
-0.8643209477051312, 0.048500801747571896, 0.5005966156377271
-0.8643209477027906, -0.048500801782044266, 0.5005966156384286
-0.8519558967416804, -0.14242166692801575, 0.5038722246726094
-0.8298096672678205, -0.23252926758173226, 0.5072928698757476
-0.7996138609562814, -0.31883240217077774, 0.5088846359368694
-0.7618320450786306, -0.40204325798948, 0.5079105765747705
-0.7160019889017785, -0.4821862108351546, 0.5048144312211501
-0.6608824341592207, -0.5585605951557632, 0.5012429248967238
-0.594821555126852, -0.62930649156603, 0.5001606314268723
-0.5209634901641077, -0.6896780543347081, 0.5029326230074194
-0.44246124408419424, -0.7400202305882513, 0.5065551359956569
-0.3608702157651974, -0.7816512136472418, 0.5087180629556748
-0.27607030703239294, -0.8156743089595284, 0.5083902116272855
-0.1880142695349175, -0.8419608120243942, 0.5057199081176003
-0.09594787808731364, -0.8595057178580822, 0.5020397650184745
-0.0, -0.8660254037844385, 0.5000000000000003
-1.2545029065440483e-15, -0.8660254037844386, 0.5000000000000001
0.09625165574081032, -0.8594689684872742, 0.502044530868103
0.18832057746243408, -0.841889270040894, 0.5057250409997772
0.2762082152776013, -0.8156269219772129, 0.5083913315145526
0.3607891125271696, -0.7816883783424994, 0.5087184834917353
0.4422159221253819, -0.7401639728499074, 0.5065593464874968
0.5206972100174876, -0.6898750147738248, 0.5029382461802039
0.5947403666274982, -0.629382734343392, 0.500161244014592
0.6610501708286853, -0.5583589540883098, 0.5012463965324586
0.7161855862002394, -0.481907438822126, 0.5048201922733659
0.7619234952263408, -0.401867313237909, 0.5079126400996735
0.7996027050528616, -0.3188603027580963, 0.5088846837910941
0.8297417460672731, -0.23276467629147632, 0.5072960085632026
0.8518963726981712, -0.14275627102007152, 0.5038781770112124
0.864308694519204, -0.04869852297004048, 0.5005985761456436
0.8643086945088653, 0.04869852311962417, 0.5005985761489424
0.8518963726753095, 0.14275627114201084, 0.5038781770153166
0.8297417460159091, 0.2327646764632694, 0.5072960085683903
0.7996027050125125, 0.3188603028586538, 0.5088846837914857
0.761923495176855, 0.40186731333506254, 0.5079126400970386
0.7161855861541342, 0.48190743889480625, 0.5048201922693939
0.6610501707683375, 0.5583589541625, 0.5012463965294025
0.5947403665851272, 0.6293827343828526, 0.5001612440153196
0.520697209972057, 0.6898750148065202, 0.5029382461823908
0.44221592203742344, 0.7401639729003644, 0.5065593464905567
0.3607891124778854, 0.7816883783648665, 0.5087184834923193
0.2762082152265548, 0.8156269219951015, 0.5083913315135868
0.1883205774294847, 0.841889270049121, 0.5057250409983509
0.09625165574214598, 0.8594689684873783, 0.5020445308676682
0.0, 0.8660254037844386, 0.5000000000000002
0.0, 0.8660254037844386, 0.5000000000000002
-0.09625165574081967, 0.8594689684872733, 0.5020445308681026
-0.18832057746243755, 0.8418892700408944, 0.5057250409997748
-0.27620821527760175, 0.8156269219772148, 0.5083913315145493
-0.3607891125271751, 0.7816883783424998, 0.508718483491731
-0.44221592212538685, 0.7401639728499085, 0.5065593464874908
-0.5206972100174876, 0.68987501477383, 0.502938246180197
-0.5947403666274967, 0.6293827343433995, 0.5001612440145841
-0.6610501708286873, 0.558358954088314, 0.5012463965324512
-0.7161855862002411, 0.4819074388221289, 0.504820192273361
-0.7619234952263407, 0.4018673132379114, 0.5079126400996722
-0.7996027050528605, 0.31886030275809396, 0.5088846837910972
-0.8297417460672697, 0.2327646762914712, 0.5072960085632108
-0.8518963726981643, 0.14275627102006885, 0.5038781770112247
-0.8643086945191959, 0.04869852297003925, 0.5005985761456577
-0.8643086945088567, -0.04869852311962504, 0.500598576148957
-0.8518963726753022, -0.14275627114201003, 0.5038781770153298
-0.8297417460159024, -0.23276467646326907, 0.5072960085684013
-0.7996027050125075, -0.3188603028586539, 0.5088846837914935
-0.7619234951768523, -0.4018673133350615, 0.5079126400970433
-0.7161855861541327, -0.4819074388948051, 0.5048201922693971
-0.6610501707683358, -0.5583589541624999, 0.5012463965294047
-0.5947403665851254, -0.629382734382853, 0.5001612440153215
-0.520697209972053, -0.6898750148065216, 0.5029382461823929
-0.4422159220374199, -0.7401639729003657, 0.506559346490558
-0.3607891124778828, -0.7816883783648676, 0.5087184834923195
-0.2762082152265526, -0.8156269219951027, 0.508391331513586
-0.18832057742948213, -0.8418892700491223, 0.5057250409983497
-0.09625165574214462, -0.8594689684873789, 0.5020445308676676
-0.0, -0.8660254037844386, 0.5000000000000001
-1.259265939233187e-15, -0.8660254037844388, 0.49999999999999983
0.09655836474621805, -0.8594317684473619, 0.5020493178772144
0.18862913037085235, -0.8418171021529439, 0.5057301827045287
0.2763469703419555, -0.8155792217885864, 0.5083924517236128
0.36070751490498315, -0.78172576094048, 0.5087189040846614
0.4419688422866214, -0.7403086517772812, 0.5065635622027387
0.5204284617151481, -0.6900736626090744, 0.5029438899222277
0.5946581905475279, -0.62945988691515, 0.5001618609805297
0.661219600463468, -0.558155167704652, 0.5012498865112324
0.716370536537861, -0.4816264090890628, 0.5048259664958133
0.7620154954413143, -0.40169022573495555, 0.5079147047057494
0.7995914815021337, -0.3188883701299326, 0.5088847316486299
0.8296733149803106, -0.23300163716527997, 0.5072991498986388
0.8518362329595331, -0.14309367131858794, 0.5038841468491343
0.8642962636740125, -0.048898457561983556, 0.5006005487883537
0.8642962636698892, 0.04889845762179484, 0.5006005487896301
0.8518362329564105, 0.14309367133611056, 0.5038841468494369
0.8296733149601384, 0.23300163723295425, 0.5072991499005469
0.7995914815038685, 0.3188883701256184, 0.5088847316486074
0.7620154954353524, 0.4016902257469644, 0.5079147047051968
0.7163705365377221, 0.4816264090893443, 0.5048259664957417
0.6612196004634727, 0.5581551677046556, 0.5012498865112224
0.5946581905399938, 0.6294598869221952, 0.5001618609806207
0.5204284617136803, 0.6900736626101234, 0.5029438899223073
0.4419688422829901, 0.7403086517794367, 0.5065635622027568
0.36070751489763037, 0.781725760943819, 0.508718904084744
0.2763469703343523, 0.8155792217912552, 0.5083924517234646
0.18862913036531276, 0.8418171021541988, 0.5057301827045061
0.09655836474556145, 0.8594317684476153, 0.5020493178769069
0.0, 0.8660254037844386, 0.4999999999999999
0.0, 0.8660254037844386, 0.4999999999999999
-0.09655836474622709, 0.8594317684473614, 0.5020493178772136
-0.1886291303708556, 0.8418171021529449, 0.505730182704526
-0.27634697034195593, 0.8155792217885884, 0.5083924517236094
-0.3607075149049888, 0.7817257609404803, 0.5087189040846568
-0.4419688422866265, 0.7403086517772822, 0.5065635622027328
-0.5204284617151479, 0.6900736626090795, 0.5029438899222208
-0.594658190547526, 0.6294598869151575, 0.5001618609805222
-0.66121960046347, 0.5581551677046559, 0.5012498865112257
-0.7163705365378626, 0.4816264090890648, 0.504825966495809
-0.7620154954413139, 0.4016902257349574, 0.5079147047057486
-0.7995914815021328, 0.3188883701299296, 0.5088847316486332
-0.8296733149803074, 0.23300163716527414, 0.5072991498986468
-0.8518362329595264, 0.14309367131858514, 0.5038841468491467
-0.8642962636740045, 0.04889845756198199, 0.5006005487883673
-0.8642962636698809, -0.04889845762179617, 0.5006005487896442
-0.8518362329564028, -0.14309367133610978, 0.5038841468494505
-0.8296733149601319, -0.23300163723295436, 0.5072991499005578
-0.7995914815038634, -0.31888837012561894, 0.5088847316486154
-0.7620154954353495, -0.40169022574696317, 0.5079147047052018
-0.7163705365377203, -0.4816264090893431, 0.5048259664957453
-0.6612196004634704, -0.5581551677046559, 0.5012498865112252
-0.5946581905399915, -0.6294598869221953, 0.5001618609806231
-0.5204284617136758, -0.6900736626101248, 0.5029438899223099
-0.441968842282986, -0.740308651779438, 0.5065635622027583
-0.3607075148976276, -0.78172576094382, 0.5087189040847444
-0.2763469703343497, -0.8155792217912564, 0.5083924517234639
-0.1886291303653094, -0.8418171021542001, 0.505730182704505
-0.09655836474555934, -0.8594317684476159, 0.5020493178769064
-0.0, -0.8660254037844388, 0.49999999999999983
-1.2640815988605306e-15, -0.8660254037844389, 0.49999999999999956
0.0968680459935612, -0.859394109990458, 0.5020541259456972
0.18893995192544377, -0.8417443005590547, 0.5057353329981591
0.27648657985978536, -0.8155312053521233, 0.5083935722000734
0.3606254185814014, -0.7817633632608999, 0.5087193247125524
0.44171998646052185, -0.740454276003591, 0.5065677829366119
0.5201572123379202, -0.6902740184352644, 0.5029495540569411
0.5945750093021596, -0.6295379651575671, 0.5001624823380965
0.6613907479600935, -0.5579492026228127, 0.5012533948068136
0.7165568540940896, -0.4813430952658946, 0.504831753647321
0.7621080505155677, -0.4015119846223273, 0.5079167702921423
0.7995801897688855, -0.31891660558178236, 0.5088847795064684
0.8296043685715432, -0.23324016470871678, 0.5073022937200872
0.8517754685927089, -0.1434339011687632, 0.5038901339569773
0.8642836515764117, -0.049100641519962344, 0.5006025335733646
0.8642836515722842, 0.04910064157993179, 0.5006025335746092
0.8517754685891228, 0.14343390118917101, 0.5038901339572304
0.8296043685513763, 0.23324016477639814, 0.5073022937219492
0.799580189771311, 0.318916605575748, 0.5088847795064392
0.7621080505083715, 0.4015119846367535, 0.507916770291536
0.7165568540940365, 0.48134309526604696, 0.5048317536472513
0.6613907479600978, 0.5579492026228173, 0.5012533948068032
0.5945750092925011, 0.6295379651665949, 0.5001624823382153
0.5201572123364002, 0.6902740184363422, 0.502949554057034
0.44171998646251365, 0.740454276002374, 0.506567782936654
0.3606254185664331, 0.7817633632676918, 0.508719324712726
0.27648657984424246, 0.8155312053575783, 0.5083935721997759
0.1889399519183369, 0.8417443005607471, 0.5057353329979971
0.09686804599267616, 0.8593941099907935, 0.5020541259452937
0.0, 0.8660254037844387, 0.4999999999999997
0.0, 0.8660254037844387, 0.4999999999999997
-0.09686804599274801, 0.8593941099905671, 0.5020541259456671
-0.1889399519238796, 0.8417443005594439, 0.5057353329980957
-0.2764865798575455, 0.815531205352911, 0.5083935722000281
-0.36062541857852665, 0.7817633632622065, 0.5087193247125825
-0.44171998645704563, 0.7404542760055748, 0.5065677829367433
-0.5201572123339093, 0.690274018438151, 0.5029495540571279
-0.5945750092977655, 0.6295379651616623, 0.5001624823381655
-0.6613907479558662, 0.5579492026280143, 0.5012533948066018
-0.716556854090151, 0.48134309527206776, 0.5048317536470256
-0.76210805051197, 0.40151198462939913, 0.5079167702919505
-0.7995801897656424, 0.3189166055898569, 0.5088847795065038
-0.8296043685622233, 0.2332401647400368, 0.5073022937209286
-0.8517754685871387, 0.14343390119941232, 0.503890133957669
-0.864283651571447, 0.049100641591755985, 0.5006025335748945
-0.8642836515746202, -0.04910064154640897, 0.5006025335738639
-0.8517754685889359, -0.1434339011896103, 0.5038901339574209
-0.8296043685706499, -0.2332401647116756, 0.5073022937201878
-0.7995801897680634, -0.31891660558382595, 0.5088847795064794
-0.7621080505047715, -0.40151198464382126, 0.5079167702913503
-0.7165568540900952, -0.48134309527221564, 0.504831753646964
-0.6613907479558666, -0.557949202628014, 0.5012533948066016
-0.5945750092881072, -0.6295379651706811, 0.5001624823382953
-0.5201572123323862, -0.6902740184392235, 0.5029495540572309
-0.44171998645902977, -0.7404542760043568, 0.5065677829367934
-0.36062541856355124, -0.7817633632689984, 0.5087193247127608
-0.27648657984200115, -0.8155312053583648, 0.5083935721997331
-0.1889399519167678, -0.8417443005611364, 0.5057353329979356
-0.09686804599185285, -0.859394109990904, 0.5020541259452633
-0.0, -0.8660254037844389, 0.49999999999999956
-1.2689507624871287e-15, -0.8660254037844389, 0.4999999999999994
0.09718074109127653, -0.8593559852023416, 0.5020589549623262
0.18925306603072647, -0.8416708573535312, 0.5057404916355238
0.27662705142592653, -0.8154828696329606, 0.5083946928859404
0.36054281904220853, -0.7818011872101911, 0.5087197453547806
0.4414693361896833, -0.7406008543240602, 0.5065720084832092
0.5198834282547421, -0.6904761032703974, 0.5029552384045959
0.5944908047814291, -0.629616985416053, 0.5001631081016774
0.6615636384670952, -0.5577410250555933, 0.5012569213767675
0.7167445531299169, -0.481057470753411, 0.5048375534673774
0.7622011651900371, -0.4013325791118713, 0.5079188367508763
0.7995688291951447, -0.31894501071429904, 0.5088848273626965
0.829534901212045, -0.23348027399738697, 0.5073054398734829
0.8517140704307811, -0.14377699479490108, 0.5038961381058379
0.864270854518416, -0.04930511192760224, 0.5006045305106754
0.8642708545214347, 0.04930511188460647, 0.5006045305096982
0.8517140704504846, 0.14377699469217747, 0.5038961381018437
0.8295349012334221, 0.23348027392674928, 0.5073054398710375
0.7995688292455491, 0.31894501058874053, 0.5088848273621944
0.7622011652402192, 0.4013325790132763, 0.5079188367534759
0.7167445532152236, 0.48105747062034343, 0.5048375534730621
0.6615636385174514, 0.557741024993468, 0.5012569213794328
0.5944908048275532, 0.6296169853731484, 0.500163108100864
0.5198834283038056, 0.6904761032351894, 0.5029552384022159
0.44146933622883655, 0.7406008543019925, 0.5065720084813503
0.3605428191127541, 0.7818011871782108, 0.5087197453539307
0.27662705149770567, 0.8154828696078292, 0.5083946928871956
0.18925306609549766, 0.8416708573373838, 0.5057404916381586
0.0971807410946405, 0.859355985201786, 0.5020589549626261
0.0, 0.8660254037844389, 0.4999999999999995
0.0, 0.8660254037844389, 0.4999999999999995
-0.09718074108920646, 0.8593559852026201, 0.5020589549622501
-0.18925306602677913, 0.8416708573545125, 0.5057404916353676
-0.2766270514202865, 0.8154828696349422, 0.5083946928858306
-0.36054281903496194, 0.7818011872134797, 0.508719745354863
-0.4414693361864971, 0.7406008543258434, 0.5065720084833788
-0.5198834282705237, 0.6904761032588934, 0.5029552384040765
-0.5944908048127812, 0.6296169853867948, 0.5001631081012438
-0.6615636384693463, 0.5577410250519985, 0.5012569213777959
-0.7167445531627076, 0.4810574707021991, 0.504837553469622
-0.7622011652135632, 0.40133257906547654, 0.5079188367522313
-0.7995688292085013, 0.3189450106810183, 0.508884827362569
-0.8295349012218568, 0.23348027396470833, 0.5073054398724786
-0.851714070437038, 0.1437769947624741, 0.5038961381045143
-0.864270854520665, 0.049305111895519005, 0.5006045305099522
-0.8642708545193203, -0.04930511191455097, 0.5006045305103997
-0.8517140704453879, -0.14377699471852026, 0.5038961381029421
-0.8295349012264868, -0.23348027394981105, 0.5073054398717639
-0.7995688292373807, -0.3189450106090758, 0.5088848273622832
-0.7622011652311615, -0.4013325790310817, 0.5079188367529995
-0.7167445532052887, -0.4810574706359129, 0.504837553472331
-0.6615636385067533, -0.5577410250066203, 0.5012569213789178
-0.5944908048164177, -0.6296169853835061, 0.5001631081010611
-0.5198834282936676, -0.6904761032424633, 0.5029552384027093
-0.441469336220059, -0.7406008543069864, 0.5065720084816986
-0.36054281910550134, -0.7818011871814987, 0.5087197453540181
-0.276627051492064, -0.8154828696098094, 0.5083946928870888
-0.18925306609154546, -0.8416708573383653, 0.5057404916380043
-0.09718074109256025, -0.8593559852020658, 0.50205895496255
-0.0, -0.8660254037844389, 0.4999999999999994
-1.2738743267719363e-15, -0.8660254037844392, 0.4999999999999991
0.09749649241188534, -0.8593173859936187, 0.5020638048061952
0.18956849691872046, -0.841596764503082, 0.5057456583638865
0.27676839282646376, -0.8154342115220846, 0.5083958137235322
0.36045971186697384, -0.7818392346495642, 0.5087201659884952
0.44121687293723794, -0.7407483955413714, 0.5065762386239304
0.5196070753749679, -0.6906799383714705, 0.5029609427693706
0.5944055586121995, -0.6296969642604404, 0.5001637382818797
0.6617382976652545, -0.5575306004632691, 0.5012604661751788
0.7169336482056182, -0.480769508377077, 0.5048433656941989
0.7622948443841331, -0.40115199803475965, 0.5079209039782575
0.7995573992208169, -0.3189735868835697, 0.5088848752142994
0.8294649072867649, -0.2337219799834417, 0.5073085881910321
0.8516520292059611, -0.14412298657845451, 0.5039021590438717
0.8642578687187406, -0.04951190633187772, 0.5006065395988384
0.864257868722923, 0.049511906272545064, 0.5006065395974864
0.8516520292284584, 0.14412298646150618, 0.5039021590392976
0.8294649073153778, 0.23372197988877758, 0.5073085881878618
0.7995573992767863, 0.3189735867441635, 0.5088848752137417
0.762294844442293, 0.40115199792037753, 0.5079209039813087
0.7169336482984731, 0.48076950823203474, 0.5048433657004603
0.661738297722091, 0.5575306003930885, 0.501260466178205
0.5944055586642679, 0.6296969642120185, 0.5001637382809628
0.5196070754301259, 0.6906799383319219, 0.5029609427666963
0.4412168729898377, 0.7407483955116217, 0.5065762386216189
0.36045971194474935, 0.7818392346143164, 0.508720165987558
0.27676839290575095, 0.8154342114942963, 0.5083958137249394
0.1895684969907695, 0.8415967644851026, 0.5057456583667992
0.09749649241602286, 0.8593173859929454, 0.5020638048065441
0.0, 0.866025403784439, 0.4999999999999993
0.0, 0.866025403784439, 0.4999999999999993
-0.09749649241189436, 0.8593173859936182, 0.5020638048061945
-0.189568496918723, 0.841596764503083, 0.505745658363884
-0.27676839282646337, 0.815434211522087, 0.5083958137235286
-0.3604597118669787, 0.781839234649565, 0.5087201659884906
-0.44121687293724243, 0.7407483955413728, 0.5065762386239245
-0.5196070753749674, 0.6906799383714755, 0.5029609427693642
-0.5944055586121968, 0.6296969642604485, 0.5001637382818728
-0.6617382976652556, 0.5575306004632729, 0.5012604661751731
-0.7169336482056192, 0.48076950837707855, 0.504843365694196
-0.7622948443841321, 0.40115199803476104, 0.5079209039782583
-0.7995573992208158, 0.3189735868835657, 0.5088848752143034
-0.8294649072867611, 0.23372197998343547, 0.5073085881910409
-0.8516520292059544, 0.14412298657845177, 0.5039021590438839
-0.8642578687187328, 0.049511906331877305, 0.500606539598852
-0.864257868722915, -0.04951190627254524, 0.5006065395974999
-0.8516520292284511, -0.1441229864615037, 0.5039021590393106
-0.8294649073153716, -0.2337219798887756, 0.5073085881878726
-0.7995573992767814, -0.31897358674416193, 0.5088848752137505
-0.7622948444422903, -0.40115199792037454, 0.5079209039813148
-0.7169336482984716, -0.48076950823203196, 0.5048433657004653
-0.6617382977220889, -0.5575306003930869, 0.5012604661782097
-0.5944055586642665, -0.6296969642120164, 0.5001637382809673
-0.5196070754301225, -0.6906799383319214, 0.5029609427667003
-0.4412168729898353, -0.7407483955116213, 0.5065762386216216
-0.36045971194474813, -0.781839234614316, 0.5087201659875591
-0.2767683929057502, -0.8154342114942967, 0.508395813724939
-0.1895684969907681, -0.8415967644851033, 0.5057456583667986
-0.09749649241602258, -0.8593173859929458, 0.5020638048065436
-0.0, -0.8660254037844393, 0.4999999999999991
-1.2788532085222784e-15, -0.8660254037844394, 0.49999999999999867
0.09781534308189133, -0.8592783040989682, 0.5020686753448906
0.189886269140344, -0.8415220138481089, 0.5057508329216908
0.2769106118592612, -0.8153852278987689, 0.5083969346526415
0.36037609247205504, -0.7818775075114937, 0.508720586591684
0.44096257778528836, -0.7408969086366768, 0.5065804731388382
0.5193281189391566, -0.6908855453840897, 0.5029666669456794
0.5943192518511677, -0.6297779187706641, 0.5001643728895123
0.6619147517349376, -0.5573178935930587, 0.5012640291469876
0.7171241540274907, -0.48047918062501005, 0.5048491900521133
0.76238909300438, -0.4009702302177769, 0.5079229718639058
0.799545899227993, -0.31900233558897595, 0.5088849230587191
0.8293943810559135, -0.23396529795593446, 0.5073117385052992
0.8515893354363677, -0.14447191165433695, 0.5039081965139951
0.8642446902813051, -0.04972106332243094, 0.5006085608363662
0.8642446902798018, 0.049721063344069706, 0.5006085608368122
0.8515893354374268, 0.1444719116480431, 0.5039081965140095
0.8293943810521021, 0.23396529796897197, 0.5073117385055176
0.7995458992352044, 0.3190023355710235, 0.5088849230586423
0.7623890930034564, 0.4009702302196794, 0.5079229718637899
0.7171241540183833, 0.48047918063884987, 0.5048491900518782
0.6619147517349422, 0.5573178935930629, 0.501264029146977
0.5943192518982436, 0.6297779187267645, 0.5001643728888502
0.5193281189936484, 0.6908855453444769, 0.502966666943828
0.4409625778542187, 0.7408969085974967, 0.5065804731361392
0.3603760925497171, 0.7818775074763071, 0.5087205865907484
0.27691061193634764, 0.8153852278717351, 0.5083969346540125
0.18988626920919416, 0.8415220138308986, 0.5057508329244769
0.09781534307696386, 0.8592783040993955, 0.5020686753451192
0.0, 0.8660254037844393, 0.499999999999999
0.0, 0.8660254037844393, 0.499999999999999
-0.09781534308190051, 0.8592783040989674, 0.50206867534489
-0.18988626914034676, 0.8415220138481099, 0.5057508329216881
-0.27691061185926097, 0.8153852278987713, 0.5083969346526379
-0.3603760924721192, 0.7818775075114673, 0.508720586591679
-0.4409625777824456, 0.7408969086382797, 0.5065804731389685
-0.5193281189347637, 0.6908855453872805, 0.5029666669458324
-0.5943192518441652, 0.6297779187771956, 0.500164372889609
-0.6619147517241808, 0.5573178936072067, 0.5012640291454618
-0.7171241539831908, 0.4804791806944943, 0.5048491900489097
-0.7623890929703688, 0.4009702302847855, 0.5079229718620575
-0.7995458992034525, 0.31900233565009056, 0.5088849230589658
-0.8293943810367542, 0.23396529801955224, 0.5073117385072826
-0.8515893354232914, 0.1444719117216904, 0.5039081965167831
-0.86424469027623, 0.0497210633939849, 0.500608560838021
-0.8642446902848615, -0.04972106327251562, 0.5006085608351839
-0.8515893354504892, -0.1444719115806853, 0.5039081965112462
-0.8293943810712516, -0.23396529790534598, 0.5073117385035539
-0.7995458992597385, -0.3190023355099036, 0.5088849230584092
-0.7623890930288506, -0.40097023016962524, 0.5079229718651878
-0.7171241540707248, -0.4804791805576336, 0.5048491900548243
-0.6619147517773508, -0.5573178935410122, 0.5012640291488476
-0.5943192518974939, -0.6297779187276061, 0.5001643728886814
-0.5193281189910159, -0.690885545346974, 0.5029666669431161
-0.44096257784779846, -0.740896908601183, 0.5065804731363366
-0.36037609254974595, -0.7818775074762929, 0.5087205865907496
-0.2769106119363444, -0.8153852278717362, 0.5083969346540125
-0.18988626920919066, -0.8415220138309002, 0.5057508329244756
-0.09781534307696135, -0.8592783040993961, 0.5020686753451185
-0.0, -0.8660254037844394, 0.49999999999999883
-1.2838883452629788e-15, -0.8660254037844395, 0.4999999999999985
0.09813733701120295, -0.8592387310706174, 0.5020735664347455
0.1902064075765156, -0.8414465970987423, 0.5057560150386582
0.2770537164353403, -0.8153359155951191, 0.5083980556119732
0.36029195625729293, -0.7819160077331384, 0.5087210071414032
0.44070643159906536, -0.7410464026749377, 0.50658471180026
0.5190465235997053, -0.6910929462804064, 0.5029724107150689
0.5942318651259212, -0.6298598664040475, 0.5001650119335063
0.6620930273122714, -0.5571028685312159, 0.501267610223085
0.7173160853445094, -0.4801864598072323, 0.5048550262439959
0.7624839159052162, -0.40078726455951097, 0.507925040289167
0.799534328521103, -0.31903125852254893, 0.5088849708940396
0.8293233166455473, -0.23421024356946865, 0.5073148906499388
0.851525979441714, -0.14482380580705867, 0.503914250252351
0.8642313152062543, -0.049932622346301705, 0.5006105942171917
0.8642313152105446, 0.04993262228631974, 0.5006105942157676
0.8515259794574449, 0.14482380572533043, 0.5039142502492572
0.829323316667533, 0.23421024349680797, 0.5073148906475433
0.7995343285563273, 0.31903125843483515, 0.5088849708936865
0.7624839159433943, 0.40078726448430974, 0.5079250402911936
0.7173160853849037, 0.4801864597433757, 0.5048550262473387
0.6620930273255751, 0.5571028685139088, 0.5012676102247478
0.5942318651820546, 0.6298598663517192, 0.5001650119327128
0.5190465236658566, 0.6910929462323637, 0.5029724107128148
0.44070643168343243, 0.7410464026269955, 0.5065847117969956
0.3602919563433791, 0.7819160076941466, 0.5087210071403656
0.2770537165214689, 0.8153359155648796, 0.5083980556135332
0.19020640765370264, 0.8414465970794271, 0.5057560150417646
0.09813733700728065, 0.8592387310708972, 0.5020735664350335
0.0, 0.8660254037844394, 0.49999999999999867
0.0, 0.8660254037844394, 0.49999999999999867
-0.09813733701121168, 0.8592387310706169, 0.5020735664347448
-0.19020640757651755, 0.8414465970987433, 0.5057560150386555
-0.2770537164353396, 0.8153359155951216, 0.5083980556119694
-0.36029195625729743, 0.7819160077331393, 0.5087210071413987
-0.4407064315990698, 0.741046402674939, 0.5065847118002539
-0.5190465235997046, 0.6910929462804112, 0.5029724107150629
-0.5942318651259186, 0.6298598664040549, 0.5001650119335003
-0.6620930273122722, 0.5571028685312187, 0.5012676102230808
-0.7173160853445102, 0.4801864598072325, 0.5048550262439946
-0.7624839159052151, 0.4007872645595112, 0.5079250402891682
-0.7995343285211017, 0.31903125852254427, 0.5088849708940446
-0.8293233166461909, 0.23421024356725317, 0.5073148906499096
-0.8515259794426602, 0.1448238058013218, 0.5039142502524008
-0.86423131520478, 0.04993262236733632, 0.5006105942176384
-0.8642313152198788, -0.04993262215396097, 0.5006105942128555
-0.8515259794763037, -0.1448238056270485, 0.5039142502456351
-0.8293233166922601, -0.2342102434146037, 0.507314890645072
-0.7995343285839441, -0.3190312583660444, 0.508884970893423
-0.7624839159738369, -0.4007872644242592, 0.5079250402928779
-0.7173160854413609, -0.4801864596556095, 0.5048550262505999
-0.6620930273734221, -0.5571028684551128, 0.5012676102268947
-0.5942318651863698, -0.6298598663478565, 0.5001650119324503
-0.5190465236631973, -0.6910929462349559, 0.5029724107119974
-0.4407064316805912, -0.7410464026286167, 0.5065847117970959
-0.3602919563434069, -0.7819160076941328, 0.5087210071403673
-0.2770537165214681, -0.8153359155648797, 0.5083980556135334
-0.19020640765370098, -0.8414465970794278, 0.505756015041764
-0.09813733700727993, -0.8592387310708975, 0.5020735664350326
-0.0, -0.8660254037844395, 0.4999999999999985
-1.2889806958248876e-15, -0.8660254037844397, 0.4999999999999983
0.09846251890169691, -0.8591986582745731, 0.5020784779202412
0.1905289375133045, -0.8413705058151096, 0.5057612044379025
0.27719771460111936, -0.8152862713879913, 0.5083991765396392
0.36020729860037876, -0.7819547372588634, 0.5087214276138162
0.44044841502655374, -0.7411968868044778, 0.5065889543722275
0.5187622534240192, -0.691302163354033, 0.5029781738450168
0.5941433786335959, -0.6299428249956849, 0.500165655420593
0.6622731516087202, -0.5568854885433521, 0.501271209334912
0.7175094573887105, -0.47989131736188273, 0.5048608739825605
0.7625793182148283, -0.4006030893879582, 0.5079271091444432
0.799522686550022, -0.3190603570133156, 0.5088850187167733
0.8292517082180204, -0.23445683227659825, 0.5073180444418651
0.8514619514250886, -0.14517870504298577, 0.503920319968764
0.8642177394042297, -0.05014662348282043, 0.5006126397248826
0.8642177394032812, 0.05014662349633289, 0.5006126397251667
0.85146195142613, 0.14517870503636504, 0.5039203199689122
0.829251708223568, 0.23445683225825337, 0.507318044441275
0.7995226865558374, 0.3190603569988437, 0.5088850187167103
0.7625793182189459, 0.40060308937981554, 0.5079271091446835
0.7175094573884291, 0.47989131736202784, 0.5048608739828224
0.6622731516051648, 0.5568854885473105, 0.501271209335212
0.5941433786583068, 0.6299428249726668, 0.5001656554202294
0.518762253425948, 0.691302163352664, 0.5029781738449086
0.44044841504560306, 0.7411968867935779, 0.5065889543716132
0.3602072986146719, 0.7819547372523946, 0.5087214276136388
0.2771977146117775, 0.8152862713842609, 0.50839917653981
0.19052893749689132, 0.8413705058189265, 0.505761204437736
0.0984625188861403, 0.8591986582765183, 0.5020784779199634
0.0, 0.8660254037844396, 0.4999999999999984
0.0, 0.8660254037844396, 0.4999999999999984
-0.09846251890174229, 0.8591986582745677, 0.502078477920242
-0.19052893751337624, 0.8413705058150934, 0.5057612044379026
-0.2771977146012181, 0.8152862713879588, 0.5083991765396372
-0.3602072986003547, 0.7819547372588785, 0.5087214276138102
-0.4404484150276887, 0.741196886803916, 0.5065889543720625
-0.5187622534258911, 0.6913021633527398, 0.5029781738448632
-0.5941433786388068, 0.62994282499084, 0.5001656554205051
-0.6622731516053506, 0.5568854885470743, 0.5012712093352287
-0.717509457391068, 0.47989131735799584, 0.5048608739829047
-0.7625793182175088, 0.40060308938268374, 0.5079271091445788
-0.7995226865497873, 0.31906035701389235, 0.5088850187167806
-0.8292517082178443, 0.23445683227716324, 0.507318044441892
-0.8514619514249708, 0.1451787050435553, 0.5039203199687993
-0.8642177394041818, 0.050146623483394284, 0.5006126397249078
-0.864217739403312, -0.050146623495796745, 0.5006126397251668
-0.8514619514262141, -0.14517870503589742, 0.5039203199689049
-0.8292517082236841, -0.23445683225784741, 0.5073180444412733
-0.7995226865559751, -0.31906035699848645, 0.5088850187167179
-0.762579318219101, -0.4006030893795002, 0.5079271091446993
-0.7175094573886018, -0.4798913173617495, 0.5048608739828414
-0.6622731516053526, -0.5568854885470732, 0.5012712093352274
-0.5941433786585045, -0.6299428249724782, 0.5001656554202324
-0.5187622534261231, -0.6913021633525348, 0.5029781738449056
-0.4404484150457542, -0.7411968867934892, 0.5065889543716113
-0.3602072986147976, -0.7819547372523367, 0.5087214276136394
-0.27719771461187487, -0.8152862713842266, 0.5083991765398119
-0.19052893749695896, -0.8413705058189097, 0.5057612044377383
-0.09846251888617606, -0.8591986582765138, 0.5020784779199641
-0.0, -0.8660254037844397, 0.4999999999999982
-1.2941312409535845e-15, -0.8660254037844398, 0.499999999999998
0.09879093427726941, -0.8591580768845338, 0.5020834096329948
0.1908538843480191, -0.8412937314786539, 0.5057664008255153
0.277342614345974, -0.8152362920665039, 0.5084002973695023
0.3601221147098864, -0.7819936981067368, 0.5087218479859392
0.4401885083649589, -0.741348370331728, 0.5065932006155666
0.5184752717874314, -0.6915132192941182, 0.502983956092472
0.594053772047009, -0.6300268128449148, 0.5001663033563923
0.6624551522628551, -0.5566657162642625, 0.5012748263940581
0.7177042853013906, -0.4795937247530999, 0.5048667329478818
0.7626753049016981, -0.4004176933137866, 0.5079291783057637
0.7995109726055285, -0.3190896327857309, 0.5088850665248779
0.829179549747953, -0.2347050800693873, 0.5073211997042941
0.8513972413437809, -0.1455366462413657, 0.5039264053738552
0.8642039586584278, -0.050363107955258495, 0.5006146973433653
0.8642039586615877, 0.05036310791116752, 0.5006146973423464
0.8513972413443219, 0.1455366462386055, 0.5039264053737386
0.8291795497536331, 0.23470508005068422, 0.5073211997036632
0.7995109726117098, 0.31908963277034924, 0.5088850665248112
0.7626753049072439, 0.4004176933027959, 0.5079291783061006
0.7177042853014869, 0.4795937247526555, 0.5048667329481673
0.662455152260243, 0.5566657162671046, 0.501274826394354
0.5940537720695281, 0.6300268128239478, 0.5001663033560569
0.5184752717896602, 0.6915132192925377, 0.5029839560923476
0.4401885083888053, 0.7413483703180712, 0.5065932006148314
0.360122114725057, 0.7819936980998731, 0.5087218479857507
0.27734261435823687, 0.8152362920621903, 0.5084002973697296
0.19085388433123662, 0.8412937314825687, 0.5057664008253361
0.0987909342613719, 0.8591580768865292, 0.5020834096327081
0.0, 0.8660254037844397, 0.4999999999999982
0.0, 0.8660254037844397, 0.4999999999999982
-0.098790934277357, 0.8591580768845224, 0.5020834096329971
-0.19085388434816924, 0.8412937314786177, 0.5057664008255186
-0.27734261434618407, 0.8152362920664323, 0.5084002973695023
-0.36012211471004685, 0.7819936981066683, 0.5087218479859311
-0.4401885083649654, 0.7413483703318366, 0.5065932006154017
-0.518475271790154, 0.6915132192922148, 0.5029839560922824
-0.5940537720527681, 0.6300268128395629, 0.5001663033562938
-0.6624551522606463, 0.5566657162665994, 0.5012748263943818
-0.7177042853042203, 0.4795937247484656, 0.5048667329482617
-0.7626753049037437, 0.40041769330978455, 0.5079291783058472
-0.7995109726054304, 0.3190896327859673, 0.5088850665248837
-0.8291795497478954, 0.23470508006956, 0.5073211997043086
-0.8513972413437524, 0.14553664624147816, 0.503926405373871
-0.864203958658418, 0.05036310795529911, 0.5006146973433783
-0.8642039586615777, -0.0503631079112081, 0.5006146973423594
-0.8513972413442931, -0.1455366462387182, 0.5039264053737548
-0.8291795497535728, -0.23470508005086183, 0.5073211997036798
-0.799510972611608, -0.3190896327705886, 0.508885066524821
-0.7626753049077809, -0.4004176933015965, 0.5079291783062401
-0.7177042853087388, -0.4795937247420027, 0.5048667329479778
-0.6624551522562936, -0.5566657162720363, 0.5012748263940966
-0.5940537720465444, -0.6300268128453517, 0.500166303356394
-0.5184752717868853, -0.6915132192945139, 0.5029839560924909
-0.4401885083962703, -0.741348370313749, 0.5065932006146697
-0.3601221147253984, -0.7819936980997165, 0.5087218479857497
-0.2773426143584451, -0.8152362920621165, 0.5084002973697341
-0.19085388433138184, -0.8412937314825327, 0.5057664008253414
-0.09879093426144853, -0.8591580768865191, 0.5020834096327106
-0.0, -0.8660254037844397, 0.49999999999999795
-1.2993409839390755e-15, -0.8660254037844399, 0.49999999999999767
0.09912262949209553, -0.8591169778772614, 0.5020883613923091
0.19118127405031998, -0.8412162653770977, 0.5057716039058585
0.2774884239072782, -0.8151859743246586, 0.5084014180367831
0.36003639986826885, -0.782032892258413, 0.5087222682327142
0.4399266917492401, -0.7415008626133441, 0.506597450280038
0.5181855414956459, -0.6917261370944995, 0.5029897571970883
0.5939630245951474, -0.6301118486394472, 0.5001669557437421
0.6626390575257857, -0.5564435134581059, 0.5012784613084198
0.7179005845920525, -0.4792936527467619, 0.5048726028208065
0.7627718811129193, -0.40023106456316004, 0.5079312476527685
0.7994991860641353, -0.3191190873499473, 0.5088851143153255
0.8291068351793586, -0.23495500295732652, 0.5073243562497177
0.8513318390000386, -0.14589766668428575, 0.5039325061562246
0.8641899686537291, -0.050582117695488475, 0.5006167670461175
0.864189968656781, 0.05058211765300951, 0.5006167670451407
0.8513318390014196, 0.1458976666772171, 0.5039325061559383
0.8291068351881441, 0.23495500292831506, 0.507324356248796
0.7994991860700504, 0.31911908733523003, 0.5088851143152617
0.762771881124123, 0.4002310645407849, 0.5079312476535744
0.7179005845977667, 0.4792936527381288, 0.5048726028208765
0.6626390575205592, 0.5564435134642869, 0.5012784613084676
0.5939630245956988, 0.6301118486389459, 0.5001669557437192
0.5181855414957888, 0.6917261370944114, 0.5029897571970624
0.43992669179439103, 0.7415008625873377, 0.5065974502788944
0.360036399882321, 0.7820328922520559, 0.5087222682325414
0.27748842391844, 0.8151859743206997, 0.5084014180370383
0.19118127402748325, 0.8412162653825352, 0.505771603905447
0.09912262947573898, 0.8591169778793228, 0.5020883613920109
0.0, 0.86602540378444, 0.49999999999999784
0.0, 0.86602540378444, 0.49999999999999784
-0.09912262949210365, 0.859116977877261, 0.5020883613923081
-0.1911812740503222, 0.8412162653770989, 0.5057716039058557
-0.2774884239072776, 0.8151859743246611, 0.5084014180367794
-0.3600363998682735, 0.782032892258414, 0.5087222682327093
-0.43992669174924465, 0.7415008626133457, 0.5065974502800319
-0.5181855414956452, 0.6917261370945043, 0.5029897571970827
-0.5939630245951439, 0.630111848639454, 0.5001669557437378
-0.6626390575257864, 0.5564435134581074, 0.5012784613084174
-0.7179005845920525, 0.4792936527467612, 0.504872602820807
-0.7627718811129178, 0.4002310645631594, 0.5079312476527714
-0.7994991860641338, 0.31911908734994165, 0.5088851143153312
-0.8291068351793557, 0.23495500295731822, 0.5073243562497264
-0.8513318390000326, 0.14589766668428236, 0.5039325061562355
-0.8641899686537224, 0.05058211769548808, 0.5006167670461289
-0.8641899686567747, -0.05058211765300971, 0.5006167670451519
-0.8513318390014134, -0.14589766667721493, 0.5039325061559492
-0.829106835188138, -0.23495500292831337, 0.5073243562488067
-0.7994991860700452, -0.31911908733522826, 0.5088851143152708
-0.7627718811241194, -0.4002310645407824, 0.5079312476535819
-0.7179005845977634, -0.47929365273812596, 0.5048726028208842
-0.662639057520555, -0.5564435134642857, 0.501278461308475
-0.5939630245956947, -0.6301118486389438, 0.5001669557437266
-0.5181855414957834, -0.6917261370944103, 0.5029897571970693
-0.43992669179438754, -0.7415008625873367, 0.5065974502788991
-0.36003639988231884, -0.7820328922520554, 0.5087222682325436
-0.27748842391843775, -0.8151859743207001, 0.5084014180370391
-0.19118127402748034, -0.8412162653825364, 0.5057716039054462
-0.09912262947573648, -0.8591169778793232, 0.5020883613920105
-0.0, -0.86602540378444, 0.49999999999999767
-1.3046109512673194e-15, -0.8660254037844402, 0.4999999999999973
0.09945765174708292, -0.8590753520281275, 0.5020933330036408
0.19151113285529947, -0.841138098678896, 0.5057768133706128
0.2776351515617661, -0.815135314834461, 0.5084025384741893
0.3599501492506824, -0.7820723217411338, 0.5087226883291565
0.439662945013321, -0.7416543731338535, 0.5066017031096955
0.517893024681953, -0.6919409401241959, 0.5029955768849482
0.5938711149870738, -0.6301979515250852, 0.5001676125836179
0.6628248961665687, -0.5562188411336771, 0.5012821139734456
0.718098370925794, -0.47899107174171385, 0.5048784832664641
0.7628690520232275, -0.40004319127431653, 0.5079333170606577
0.79948732626823, -0.3191487223002742, 0.5088851620852969
0.8290335583612753, -0.23520661717762786, 0.5073275138869354
0.851265733999962, -0.14626180424745727, 0.5039386219925839
0.8641757649548063, -0.050803695625974525, 0.5006188488016794
0.864175764957332, 0.050803695590904314, 0.5006188488008786
0.8512657340013144, 0.14626180424054472, 0.5039386219923055
0.8290335583727594, 0.23520661713967558, 0.5073275138857646
0.7994873262743767, 0.3191487222849825, 0.5088851620852307
0.7628690520318147, 0.4000431912571909, 0.5079333170612489
0.7180983709301878, 0.4789910717346593, 0.5048784832669071
0.6628248961681894, 0.5562188411314164, 0.5012821139738111
0.5938711150057707, 0.6301979515077009, 0.5001676125833221
0.5178930246865745, 0.6919409401209199, 0.5029955768846966
0.4396629450523906, 0.7416543731113849, 0.506601703108682
0.3599501492657579, 0.7820723217343173, 0.5087226883289688
0.27763515157564744, 0.8151353148295167, 0.5084025384745356
0.19151113283206203, 0.8411380986844436, 0.5057768133701857
0.09945765173033945, 0.8590753520302462, 0.5020933330033321
0.0, 0.86602540378444, 0.49999999999999745
0.0, 0.86602540378444, 0.49999999999999745
-0.09945765174696015, 0.8590753520281448, 0.5020933330036355
-0.19151113285505764, 0.8411380986789582, 0.5057768133706008
-0.2776351515614205, 0.815135314834585, 0.5084025384741788
-0.3599501492502439, 0.7820723217413352, 0.5087226883291571
-0.4396629450127844, 0.741654373134161, 0.5066017031097111
-0.5178930246813169, 0.691940940124654, 0.5029955768849732
-0.5938711149863555, 0.6301979515257554, 0.5001676125836264
-0.6628248961658945, 0.5562188411345121, 0.5012821139734109
-0.7180983709251807, 0.4789910717426798, 0.5048784832664197
-0.7628690520226731, 0.40004319127540755, 0.5079333170606315
-0.7994873262677303, 0.3191487223015094, 0.5088851620853075
-0.8290335583505056, 0.23520661721394243, 0.5073275138876984
-0.8512657339996719, 0.14626180425010785, 0.5039386219923047
-0.8641757649556803, 0.05080369561361484, 0.500618848801425
-0.8641757649549472, -0.050803695623932284, 0.5006188488016434
-0.8512657340004113, -0.1462618042450986, 0.5039386219925094
-0.8290335583531648, -0.23520661720533306, 0.5073275138873444
-0.7994873262745301, -0.31914872228458574, 0.5088851620852384
-0.7628690520396243, -0.40004319124160237, 0.5079333170617969
-0.7180983709312196, -0.4789910717335176, 0.5048784832665231
-0.6628248961620766, -0.5562188411390007, 0.5012821139734784
-0.5938711149878357, -0.6301979515243823, 0.500167612583599
-0.5178930246822727, -0.6919409401239784, 0.5029955768849184
-0.4396629450303611, -0.7416543731240772, 0.5066017031092194
-0.3599501492661995, -0.7820723217341073, 0.5087226883289789
-0.27763515157530116, -0.8151353148296384, 0.5084025384745299
-0.19151113283181576, -0.8411380986845053, 0.5057768133701761
-0.09945765173020704, -0.859075352030265, 0.5020933330033265
-0.0, -0.8660254037844403, 0.49999999999999734
-1.3099421932944884e-15, -0.8660254037844403, 0.49999999999999706
0.099796049116051, -0.8590331899045555, 0.5020983242585366
0.19184348735858844, -0.8410592224084061, 0.5057820289016429
0.27778280569726427, -0.8150843102204451, 0.5084036586133275
0.359863357985919, -0.782111988600072, 0.5087231082496046
0.4393972477251171, -0.741808911485, 0.5066059588408246
0.5175976828082407, -0.692157652123411, 0.5030014148673413
0.5937780214079799, -0.6302851411083158, 0.5001682738747981
0.6630126975111241, -0.555991659491776, 0.5012857842734059
0.7182976601739121, -0.4786859516869237, 0.5048843739375061
0.7629668228858757, -0.3998540613964369, 0.5079353864028449
0.7994753925541056, -0.3191785392453755, 0.5088852098318902
0.8289597130439459, -0.23545993920719488, 0.5073306724205063
0.8511989157496135, -0.1466290974152958, 0.5039447525452151
0.8641613430083834, -0.051027885600082805, 0.5006209425714551
0.8641613430075157, 0.051027885612193694, 0.5006209425717184
0.8511989157497079, 0.14662909741357077, 0.5039447525455578
0.8289597130460739, 0.23545993920036692, 0.5073306724201979
0.7994753925605038, 0.31917853922945905, 0.5088852098318214
0.7629668228806074, 0.39985406140664265, 0.5079353864027241
0.7182976601789596, 0.4786859516793223, 0.5048843739375316
0.663012697507252, 0.555991659496407, 0.5012857842733909
0.5937780214084766, 0.6302851411078656, 0.5001682738747757
0.5175976828080165, 0.6921576521235883, 0.5030014148673277
0.4393972477421183, 0.7418089114752611, 0.5066059588403395
0.3598633580021424, 0.7821119885927288, 0.5087231082494181
0.2777828057014938, 0.8150843102190094, 0.5084036586133186
0.19184348733486192, 0.8410592224140859, 0.5057820289011975
0.09979604909888667, 0.8590331899067378, 0.5020983242582147
0.0, 0.8660254037844404, 0.4999999999999972
0.0, 0.8660254037844404, 0.4999999999999972
-0.09979604911608078, 0.8590331899045519, 0.5020983242585367
-0.19184348735863116, 0.8410592224083971, 0.5057820289016418
-0.27778280569732106, 0.8150843102204276, 0.5084036586133247
-0.3598633579861156, 0.7821119885999852, 0.5087231082495991
-0.4393972477255566, 0.7418089114849078, 0.5066059588405785
-0.5175976828140281, 0.692157652119333, 0.5030014148669975
-0.5937780214165778, 0.6302851411003363, 0.5001682738746465
-0.663012697514195, 0.5559916594877906, 0.5012857842737644
-0.7182976601788086, 0.47868595167901207, 0.5048843739380405
-0.7629668228899552, 0.39985406138838897, 0.5079353864030524
-0.7994753925544066, 0.3191785392446169, 0.5088852098318936
-0.8289597130572072, 0.23545993916248245, 0.5073306724195895
-0.8511989157495561, 0.1466290974143605, 0.503944752545584
-0.8641613430074853, 0.051027885612534005, 0.5006209425717362
-0.8641613430093948, -0.051027885586045256, 0.5006209425711398
-0.8511989157508887, -0.1466290974075559, 0.5039447525453132
-0.8289597130477532, -0.23545993919464722, 0.507330672420109
-0.7994753925603628, -0.3191785392297958, 0.508885209831832
-0.7629668228698142, -0.3998540614281377, 0.5079353864020154
-0.7182976601785906, -0.47868595167940287, 0.5048843739379802
-0.6630126975141956, -0.5559916594877915, 0.5012857842737627
-0.59377802142271, -0.6302851410946261, 0.5001682738745624
-0.5175976828130063, -0.6921576521200329, 0.5030014148670857
-0.4393972477391316, -0.7418089114770163, 0.5066059588403599
-0.3598633580020544, -0.782111988592768, 0.5087231082494202
-0.2777828057015499, -0.8150843102189893, 0.50840365861332
-0.19184348733490014, -0.8410592224140767, 0.5057820289011985
-0.09979604909890658, -0.8590331899067354, 0.5020983242582147
-0.0, -0.8660254037844403, 0.49999999999999706
-1.315335784944878e-15, -0.8660254037844406, 0.4999999999999968
0.10013787055618023, -0.8589904818616464, 0.5021033349337269
0.19217836447566347, -0.8409796274544634, 0.5057872501694868
0.2779313947639086, -0.8150329570772273, 0.5084047783828738
0.3597760211618372, -0.7821518948958217, 0.5087235279676308
0.4391295791927603, -0.7419644873610528, 0.5066102172015873
0.5172994766689752, -0.692376297197394, 0.5030072708393292
0.5936837215154782, -0.63037343745864, 0.5001689396135169
0.663202491459569, -0.5557619278994382, 0.501289472081072
0.7184984684061492, -0.4783782620899869, 0.5048902744733567
0.7630651989334123, -0.3996636628853303, 0.5079374555452602
0.7994633842589942, -0.3192085397907298, 0.5088852575520593
0.8288852929322541, -0.23571498558087112, 0.5073338316466004
0.8511313734591313, -0.1469995852420382, 0.5039508974614906
0.8641466981370813, -0.05125473246034692, 0.5006230483100019
0.8641466981336772, 0.05125473250733664, 0.500623048311067
0.8511313734525334, 0.14699958527425588, 0.5039508974632357
0.8288852929267952, 0.23571498559904963, 0.507333831647073
0.7994633842560167, 0.3192085397981482, 0.5088852575520837
0.7630651989125973, 0.3996636629266937, 0.5079374555439837
0.7184984684219564, 0.4783782620653257, 0.5048902744742282
0.6632024914655914, 0.5557619278918989, 0.5012894720814631
0.5936837215273619, 0.630373437447619, 0.5001689396133017
0.5172994766759498, 0.6923762971924526, 0.5030072708389579
0.43912957920390966, 0.741964487354715, 0.5066102172012049
0.3597760211548809, 0.7821518948989685, 0.5087235279677118
0.27793139475634776, 0.815032957079898, 0.5084047783827257
0.19217836448168957, 0.840979627452995, 0.5057872501696387
0.10013787053873456, 0.8589904818638747, 0.5021033349333939
0.0, 0.8660254037844405, 0.49999999999999684
0.0, 0.8660254037844405, 0.49999999999999684
-0.10013787055513117, 0.8589904818617915, 0.5021033349336878
-0.19217836447370584, 0.8409796274549582, 0.5057872501694076
-0.2779313947611438, 0.8150329570782051, 0.5084047783828176
-0.3597760211582886, 0.7821518948974292, 0.5087235279676686
-0.43912957918841744, 0.7419644873635098, 0.506610217201753
-0.5172994766638427, 0.6923762972010531, 0.5030072708395711
-0.5936837215096591, 0.6303734374640431, 0.5001689396136144
-0.6632024914541063, 0.5557619279061965, 0.5012894720808065
-0.7184984684012206, 0.4783782620977744, 0.5048902744729923
-0.7630651989289796, 0.39966366289409017, 0.5079374555450268
-0.7994633842549944, 0.31920853980067404, 0.5088852575521052
-0.8288852929467818, 0.23571498553165482, 0.5073338316457316
-0.8511313734556305, 0.14699958525857948, 0.5039508974625779
-0.8641466981348751, 0.05125473249075233, 0.5006230483106969
-0.8641466981363691, -0.051254732470017605, 0.500623048310241
-0.8511313734576268, -0.14699958524843992, 0.503950897462164
-0.8288852929262882, -0.23571498560053922, 0.5073338316472092
-0.7994633842520136, -0.3192085398080968, 0.5088852575521321
-0.7630651989081635, -0.39966366293545114, 0.5079374555437538
-0.7184984684170249, -0.47837826207311146, 0.5048902744738692
-0.6632024914601239, -0.5557619278986541, 0.5012894720812073
-0.5936837215215423, -0.6303734374530127, 0.5001689396134117
-0.5172994766708128, -0.6923762971961052, 0.5030072708392134
-0.43912957919955986, -0.741964487357168, 0.5066102172013829
-0.35977602115132706, -0.7821518949005736, 0.5087235279677575
-0.2779313947535827, -0.815032957080873, 0.5084047783826743
-0.1921783644797273, -0.8409796274534896, 0.5057872501695618
-0.1001378705376757, -0.858990481864021, 0.502103334933355
-0.0, -0.8660254037844406, 0.4999999999999968
-1.3207928264334543e-15, -0.8660254037844408, 0.49999999999999645
0.10048316594655898, -0.8589472180338382, 0.5021083647911935
0.19251579160354043, -0.8408993045296596, 0.5057924768368913
0.2780809273468005, -0.8149812519427853, 0.5084058977113799
0.35968813376061015, -0.782192042733598, 0.5087239474568213
0.4388599184124701, -0.7421211105875594, 0.5066144779132232
0.5169983663546763, -0.6925968998391139, 0.5030131444801859
0.5935881924182708, -0.6304628611272355, 0.5001696097933883
0.6633943085058496, -0.5555296048611256, 0.5012931772574681
0.718700811957517, -0.4780679719101589, 0.5048961845026297
0.7631641855562964, -0.3994719833501592, 0.5079395243554934
0.7994513006831575, -0.31923872563298944, 0.5088853052429718
0.8288102915847805, -0.2359717732275196, 0.5073369913607834
0.8510630961196421, -0.14737330746415075, 0.5039570563751693
0.8641318255350686, -0.05148428206868078, 0.5006251659648187
0.8641318255315359, 0.05148428211722929, 0.500625165965924
0.8510630961123442, 0.1473733074998299, 0.5039570563770598
0.8288102915788857, 0.23597177324713162, 0.5073369913612911
0.7994513006799421, 0.3192387256409993, 0.5088853052429982
0.7631641855296479, 0.3994719834025472, 0.5079395243543313
0.7187008119377282, 0.4780679719420084, 0.5048961845006411
0.6633943084742246, 0.5555296049002684, 0.5012931772559419
0.5935881923812477, 0.6304628611615932, 0.5001696097940184
0.5169983663179503, 0.6925968998652275, 0.5030131444819773
0.4388599184065141, 0.7421211105905396, 0.5066144779140168
0.3596881337540758, 0.7821920427365368, 0.5087239474569227
0.27808092733863554, 0.8149812519456712, 0.5084058977112195
0.19251579160804855, 0.8408993045285601, 0.5057924768370031
0.10048316592864966, 0.8589472180361377, 0.5021083647908438
0.0, 0.8660254037844407, 0.49999999999999667
0.0, 0.8660254037844407, 0.49999999999999667
-0.10048316594421015, 0.8589472180341636, 0.5021083647911072
-0.19251579159918336, 0.840899304530761, 0.5057924768367185
-0.2780809273406606, 0.8149812519449555, 0.5084058977112591
-0.3596881337527238, 0.7821920427371659, 0.5087239474569112
-0.43885991840280864, 0.7421211105930157, 0.5066144779135997
-0.5169983663432357, 0.6925968998472575, 0.5030131444807316
-0.5935881924052555, 0.6304628611393133, 0.5001696097936102
-0.6633943084936595, 0.555529604876216, 0.5012931772568767
-0.7187008119465561, 0.4780679719274971, 0.5048961845018151
-0.7631641855464564, 0.3994719833696236, 0.5079395243549698
-0.7994513006742767, 0.3192387256550792, 0.5088853052430657
-0.8288102915778284, 0.23597177325018212, 0.5073369913615996
-0.8510630961128812, 0.14737330749716296, 0.5039570563769332
-0.864131825531621, 0.05148428211599193, 0.5006251659659041
-0.8641318255348852, -0.051484282070934605, 0.5006251659649036
-0.8510630961212797, -0.14737330745464366, 0.5039570563751841
-0.8288102915836923, -0.2359717732311071, 0.507336991360892
-0.7994513006827627, -0.31923872563396705, 0.5088853052429788
-0.7631641855448229, -0.39947198337274803, 0.5079395243549671
-0.7187008119462401, -0.47806797192803974, 0.504896184501751
-0.6633943084936604, -0.5555296048762168, 0.5012931772568746
-0.5935881924008369, -0.6304628611434248, 0.5001696097936714
-0.5169983663415402, -0.6925968998484439, 0.5030131444808407
-0.43885991841311806, -0.7421211105869416, 0.5066144779135666
-0.35968813374484365, -0.7821920427407282, 0.5087239474570058
-0.2780809273324948, -0.8149812519478382, 0.5084058977111043
-0.19251579160368734, -0.8408993045296611, 0.5057924768368325
-0.10048316592629036, -0.858947218036464, 0.5021083647907578
-0.0, -0.8660254037844407, 0.49999999999999645
-1.3263144440140501e-15, -0.8660254037844409, 0.49999999999999606
0.10083198607407172, -0.8589033883336998, 0.5021134135763031
0.19285579638030656, -0.8408182442274293, 0.5057977085523623
0.2782314120996458, -0.8149291913224586, 0.5084070165247141
0.35959969073542325, -0.7822324342285008, 0.5087243666898039
0.4385882441011577, -0.742278791100697, 0.5066187406900293
0.5166943112034837, -0.6928194849599612, 0.5030190354546948
0.5934914105883665, -0.6305534332271527, 0.5001702844065022
0.6635881796776839, -0.5552946480884068, 0.5012968996477338
0.7189047072461002, -0.4777550498389535, 0.5049021036327519
0.7632637881004257, -0.39927901045031755, 0.507941592693888
0.799439141160604, -0.3192690983839318, 0.5088853529013261
0.8287347025114564, -0.23623031914262144, 0.507340151349194
0.850994072530614, -0.14775030434435035, 0.5039632289005935
0.8641167202702876, -0.051716581246554545, 0.5006272954738786
0.864116720263789, 0.05171658133546381, 0.5006272954759109
0.8509940725155446, 0.14775030441917777, 0.503963228904102
0.8287347024950806, 0.23623031919669138, 0.5073401513507675
0.7994391411444953, 0.3192690984240216, 0.5088853529014802
0.7632637880807914, 0.3992790104892025, 0.5079415926928252
0.7189047072398375, 0.477755049849669, 0.5049021036315295
0.663588179652399, 0.5552946481198257, 0.5012968996464016
0.5934914105590856, 0.6305534332543243, 0.5001702844069917
0.5166943111722163, 0.6928194849822121, 0.5030190354561657
0.4385882441035153, 0.7422787910990551, 0.506618740690394
0.35959969072746756, 0.7822324342320931, 0.5087243666899038
0.27823141209079033, 0.8149291913255899, 0.5084070165245407
0.19285579638315808, 0.8408182442267349, 0.5057977085524299
0.10083198605565502, 0.8589033883360775, 0.5021134135759344
0.0, 0.8660254037844408, 0.4999999999999963
0.0, 0.8660254037844408, 0.4999999999999963
-0.10083198607280278, 0.8589033883338766, 0.5021134135762558
-0.19285579637795458, 0.8408182442280261, 0.5057977085522674
-0.27823141209633445, 0.8149291913236311, 0.5084070165246468
-0.3595996907311726, 0.7822324342304248, 0.50872436668985
-0.4385882440959435, 0.742278791103641, 0.5066187406902298
-0.5166943111972907, 0.6928194849643667, 0.5030190354549885
-0.5934914105812947, 0.630553433233714, 0.500170284406622
-0.6635881796710791, 0.5552946480965879, 0.5012968996474151
-0.718904707240181, 0.4777550498483228, 0.504902103632314
-0.7632637880951196, 0.3992790104608163, 0.5079415926936087
-0.7994391411558152, 0.31926909839583734, 0.5088853529013797
-0.8287347025080765, 0.23623031915349796, 0.5073401513496507
-0.8509940725262866, 0.1477503043650101, 0.5039632289018438
-0.8641167202680946, 0.05171658127648881, 0.5006272954745716
-0.8641167202650218, -0.051716581318204925, 0.5006272954755661
-0.8509940725212463, -0.14775030439044196, 0.5039632289028988
-0.8287347024944312, -0.23623031919860193, 0.5073401513509386
-0.7994391411397032, -0.31926909843593154, 0.5088853529015362
-0.7632637880754841, -0.39927901049969994, 0.5079415926925485
-0.7189047072339156, -0.47775504985903716, 0.5049021036310969
-0.6635881796457891, -0.5552946481280048, 0.5012968996460914
-0.5934914105520127, -0.6305534332608769, 0.500170284407124
-0.5166943111660185, -0.6928194849866107, 0.5030190354564735
-0.4385882440982939, -0.742278791101994, 0.5066187406906081
-0.3595996907232121, -0.7822324342340136, 0.508724366689959
-0.27823141208747915, -0.814929191326759, 0.5084070165244793
-0.19285579638080214, -0.8408182442273303, 0.505797708552338
-0.1008319860543763, -0.8589033883362547, 0.5021134135758881
-0.0, -0.8660254037844409, 0.49999999999999606
-1.3319017907542748e-15, -0.8660254037844412, 0.4999999999999958
0.10118438268644996, -0.8588589824413685, 0.5021184810183144
0.19319840687376622, -0.8407364369745108, 0.5058029449546957
0.2783828577964371, -0.8148767716702086, 0.5084081347474956
0.3595106869852928, -0.7822730715168582, 0.5087247856385052
0.4383145347299887, -0.7424375389290904, 0.5066230052350059
0.5163872699050504, -0.6930440778126087, 0.5030249434062684
0.5933933520077406, -0.63064517529603, 0.5001709634403593
0.6637841366939896, -0.5550570143003023, 0.5013006390874132
0.7191101710467176, -0.477439463868251, 0.5049080314654915
0.7633640120577728, -0.3990847315218942, 0.5079436604202853
0.7994269049677433, -0.31929965979778385, 0.508885400524238
0.8286585190933581, -0.2364906406508411, 0.5073433113962943
0.8509242912505179, -0.14813061690867638, 0.5039694146414629
0.8641013772655248, -0.0519516780034909, 0.5006294367697977
0.8641013772645803, 0.05195167801592394, 0.5006294367701377
0.8509242912532999, 0.14813061689464566, 0.5039694146408895
0.8286585190892257, 0.2364906406647416, 0.5073433113965646
0.7994269049640902, 0.3192996598068813, 0.5088854005242688
0.7633640120662832, 0.3990847315053554, 0.5079436604204897
0.7191101710661036, 0.47743946383800634, 0.5049080314664801
0.6637841367073261, 0.5550570142840452, 0.5013006390877547
0.5933933520028305, 0.6306451753006552, 0.5001709634403527
0.5163872699142532, 0.6930440778061102, 0.5030249434057743
0.43831453475085136, 0.7424375389171509, 0.5066230052344531
0.3595106869759138, 0.7822730715211227, 0.5087247856385758
0.2783828577880903, 0.8148767716731559, 0.5084081347473418
0.1931984068742605, 0.8407364369743918, 0.5058029449547048
0.10118438266747821, 0.8588589824438314, 0.5021184810179247
0.0, 0.866025403784441, 0.4999999999999959
0.0, 0.866025403784441, 0.4999999999999959
-0.10118438268949229, 0.8588589824409459, 0.5021184810184238
-0.1931984068793478, 0.8407364369730986, 0.5058029449549111
-0.2783828578042745, 0.8148767716674408, 0.5084081347476399
-0.3595106869953706, 0.7822730715123091, 0.508724785638379
-0.4383145347423637, 0.7424375389221224, 0.506623005234511
-0.5163872699197662, 0.693044077802161, 0.5030249434055558
-0.593393352024598, 0.6306451752803994, 0.5001709634400678
-0.6637841367097019, 0.5550570142808205, 0.5013006390881789
-0.7191101710607467, 0.4774394638460044, 0.504908031466547
-0.7633640120703249, 0.3990847314970164, 0.5079436604209676
-0.799426904979077, 0.3192996597695762, 0.5088854005241323
-0.8286585191021022, 0.2364906406224322, 0.5073433113952548
-0.8509242912601641, 0.14813061686121495, 0.5039694146391264
-0.8641013772697893, 0.051951677945360555, 0.5006294367684693
-0.8641013772620072, -0.05195167805139523, 0.5006294367708979
-0.8509242912414764, -0.14813061695408686, 0.5039694146433817
-0.8286585190835024, -0.2364906406837137, 0.5073433113970692
-0.7994269049604789, -0.31929965981585207, 0.508885400524313
-0.7633640120492355, -0.3990847315388328, 0.507943660419807
-0.7191101710501693, -0.47743946386355285, 0.5049080314650182
-0.6637841366810878, -0.5550570143164887, 0.5013006390865747
-0.5933933519896702, -0.6306451753127895, 0.5001709634406662
-0.5163872698826124, -0.6930440778285638, 0.50302494340732
-0.43831453474667403, -0.7424375389192497, 0.5066230052349916
-0.35951068698687016, -0.7822730715161335, 0.5087247856385053
-0.27838285779592775, -0.8148767716703846, 0.5084081347474921
-0.19319840687983889, -0.8407364369729787, 0.5058029449549231
-0.10118438267051101, -0.85885898244341, 0.5021184810180344
-0.0, -0.866025403784441, 0.49999999999999567
-1.3375560473382726e-15, -0.8660254037844413, 0.49999999999999556
0.10154040850532979, -0.8588139897993596, 0.5021235668293975
0.19354365154134315, -0.8406538730391873, 0.5058081856714629
0.2785352733321573, -0.814823989388214, 0.5084092523029612
0.35942111737664306, -0.7823139567463934, 0.5087252042739061
0.43803876850320334, -0.7425973642032188, 0.5066272712425073
0.5160772004305948, -0.6932707040368159, 0.5030308679594296
0.5932939920694932, -0.630738109386504, 0.5001716468791314
0.6639822119236494, -0.5548166592694344, 0.5013043953987258
0.7193172203403504, -0.4771211815215889, 0.5049139675878207
0.7634648629893419, -0.3988891337259784, 0.5079457273922128
0.7994145914305387, -0.3193304115045558, 0.5088854481081925
0.8285817346612236, -0.23675275514722377, 0.5073464712757904
0.8508537406610902, -0.1485142866148419, 0.503975613174204
0.8640857913218895, -0.05218962118432503, 0.5006315897706224
0.8640857913173432, 0.05218962124595813, 0.5006315897720439
0.850853740649825, 0.148514286670189, 0.5039756131769128
0.8285817346539468, 0.23675275517131, 0.5073464712764348
0.7994145914265445, 0.31933041151450053, 0.5088854481082264
0.7634648629538647, 0.39888913379579793, 0.507945727390707
0.7193172203096806, 0.477121181570782, 0.5049139675850287
0.663982211878512, 0.5548166593253364, 0.5013043953966417
0.5932939920181365, 0.6307381094341087, 0.5001716468800183
0.51607720037764, 0.6932707040743867, 0.5030308679619783
0.43803876849399104, 0.7425973642078544, 0.5066272712436778
0.35942111736780336, 0.7823139567503523, 0.5087252042740635
0.27853527332309097, 0.8148239893914168, 0.5084092523027952
0.19354365153975903, 0.8406538730395797, 0.5058081856714168
0.10154040848574787, 0.858813989801917, 0.5021235668289833
0.0, 0.8660254037844413, 0.49999999999999556
0.0, 0.8660254037844413, 0.49999999999999556
-0.10154040850204266, 0.8588139897998188, 0.5021235668292767
-0.19354365153530403, 0.8406538730407214, 0.5058081856712243
-0.2785352733236839, 0.8148239893912133, 0.5084092523027967
-0.3594211173657588, 0.7823139567513118, 0.5087252042740326
-0.43803876848981926, 0.7425973642107561, 0.5066272712430314
-0.5160772004146262, 0.6932707040481491, 0.5030308679601935
-0.5932939920511255, 0.6307381094035316, 0.5001716468794465
-0.6639822119065827, 0.5548166592906053, 0.5013043953979002
-0.7193172203251611, 0.47712118154568606, 0.5049139675866892
-0.7634648629757707, 0.3988891337528756, 0.5079457273914882
-0.7994145914182861, 0.3193304115350252, 0.5088854481083205
-0.8285817346517464, 0.23675275517795225, 0.5073464712769286
-0.850853740650539, 0.14851428666671118, 0.5039756131767322
-0.864085791317468, 0.052189621244219365, 0.5006315897720102
-0.8640857913190848, -0.05218962122167011, 0.50063158977157
-0.8508537406624392, -0.1485142866068944, 0.5039756131742684
-0.8285817346601263, -0.23675275515081, 0.5073464712759091
-0.7994145914304382, -0.31933041150480135, 0.5088854481081961
-0.7634648629723602, -0.3988891337594328, 0.5079457273914654
-0.7193172203270342, -0.4771211815429441, 0.5049139675866116
-0.663982211906584, -0.5548166592906062, 0.5013043953978977
-0.593293992024664, -0.6307381094281356, 0.5001716468798079
-0.516077200411065, -0.6932707040506745, 0.5030308679603664
-0.4380387684968749, -0.742597364206509, 0.5066272712431562
-0.3594211173559308, -0.7823139567557511, 0.5087252042741495
-0.27853527331461897, -0.814823989394412, 0.5084092523026363
-0.1935436515337178, -0.8406538730411126, 0.505808185671181
-0.10154040848245219, -0.858813989802377, 0.5021235668288628
-0.0, -0.8660254037844413, 0.49999999999999545
-1.3432784228984883e-15, -0.8660254037844415, 0.49999999999999506
0.10190011721950591, -0.8587683996100495, 0.502128670702884
0.19389155918403428, -0.8405705425414732, 0.5058134303166708
0.27868866763620864, -0.814770840857296, 0.5084103691112619
0.35933097662646696, -0.7823550921288358, 0.508725622567559
0.4377609231691945, -0.7427582772609633, 0.5066315384047665
0.5157640598198763, -0.6934993898067101, 0.5030368087285857
0.5931933053107663, -0.6308322583124459, 0.5001723347076561
0.6641824381838882, -0.5545735380649772, 0.5013081683816839
0.7195258721557728, -0.47680017010216647, 0.5049199115592685
0.7635663463637926, -0.3986922043667519, 0.5079477934569936
0.7994021998205829, -0.3193613552686285, 0.5088854956500507
0.8285043424141545, -0.237016680358679, 0.507349630760328
0.8507824088684153, -0.148901355824818, 0.503981824070658
0.8640699570678836, -0.052430461128818155, 0.5006337543938936
0.8640699570697796, 0.052430461102921475, 0.5006337543933334
0.8507824088712468, 0.14890135581060854, 0.503981824070076
0.828504342409316, 0.23701668037489818, 0.5073496307606523
0.7994021998162034, 0.3193613552795293, 0.5088854956500893
0.7635663463738833, 0.39869220434712244, 0.5079477934572324
0.7195258721748273, 0.4768001700723768, 0.504919911560246
0.6641824381929088, 0.5545735380536797, 0.5013081683822306
0.5931933053259147, 0.630832258298422, 0.5001723347073778
0.5157640598285061, 0.6934993898006386, 0.503036808728108
0.4377609231895978, 0.7427582772493097, 0.506631538404222
0.3593309766151859, 0.7823550921339608, 0.5087256225676452
0.2786886676263204, 0.8147708408607911, 0.508410369111081
0.19389155918018988, 0.8405705425424245, 0.5058134303165636
0.10190011719925557, 0.8587683996127109, 0.502128670702442
0.0, 0.8660254037844414, 0.49999999999999517
0.0, 0.8660254037844414, 0.49999999999999517
-0.10190011722308356, 0.8587683996095499, 0.5021286707030125
-0.1938915591905625, 0.8405705425398156, 0.505813430316923
-0.2786886676453504, 0.8147708408540634, 0.5084103691114314
-0.35933097663822006, 0.7823550921235328, 0.5087256225674126
-0.4377609231836643, 0.7427582772528297, 0.5066315384041885
-0.5157640598371737, 0.6934993897944516, 0.5030368087277506
-0.5931933053307307, 0.6308322582939448, 0.500172334707313
-0.6641824382023939, 0.5545735380419972, 0.5013081683825876
-0.7195258721721831, 0.4768001700760925, 0.5049199115605052
-0.7635663463784276, 0.3986922043377074, 0.5079477934577912
-0.7994021998338015, 0.3193613552357385, 0.5088854956499266
-0.8285043424244053, 0.23701668032544942, 0.5073496307591124
-0.8507824088799116, 0.14890135576827848, 0.5039818240679553
-0.8640699570777207, 0.052430460996330246, 0.5006337543907903
-0.8640699570636999, -0.052430461185404065, 0.5006337543951882
-0.8507824088577991, -0.14890135587786846, 0.5039818240729055
-0.8285043424026437, -0.23701668039698442, 0.5073496307612302
-0.7994021998119927, -0.31936135528998993, 0.508885495650139
-0.7635663463538431, -0.39869220438652203, 0.5079477934564327
-0.7195258721559669, -0.4768001701026028, 0.5049199115585801
-0.664182438171518, -0.5545735380807826, 0.5013081683805886
-0.5931933052893661, -0.6308322583322798, 0.5001723347080209
-0.5157640597932318, -0.6934993898256221, 0.5030368087298319
-0.4377609231880941, -0.7427582772498291, 0.5066315384047597
-0.3593309766280307, -0.7823550921281147, 0.5087256225675633
-0.2786886676354628, -0.8147708408575545, 0.5084103691112567
-0.19389155918671439, -0.8405705425407659, 0.5058134303168186
-0.10190011720282337, -0.858768399612212, 0.5021286707025712
-0.0, -0.8660254037844414, 0.49999999999999506
-1.3490701558776782e-15, -0.8660254037844416, 0.4999999999999947
0.10226356356660753, -0.8587222008206934, 0.502133792314681
0.19424215906154182, -0.8404864354223587, 0.5058186784947034
0.2788430498366786, -0.8147173223786298, 0.5084114850925139
0.35924025950846944, -0.7823964798470052, 0.5087260404886922
0.4374809764243246, -0.7429202884198414, 0.5066358063944941
0.5154478046095818, -0.6937301615231776, 0.5030427652955444
0.593091266031629, -0.6309276450735686, 0.5001730269006124
0.6643848492349915, -0.5543276044375511, 0.5013119578321702
0.7197361440342979, -0.47647639595383434, 0.5049258629437446
0.7636684679501416, -0.3984939301180299, 0.5079498584681074
0.7993897294198864, -0.31939249282751203, 0.5088855431464214
0.8284263354697432, -0.23728243418206038, 0.5073527896137054
0.850710283792264, -0.14929186735844058, 0.5039880468728553
0.864053869017675, -0.05267424884788414, 0.5006359305362506
0.8640538690157188, 0.05267424887434643, 0.5006359305368427
0.8507102837896204, 0.14929186737039635, 0.503988046873776
0.828426335476216, 0.23728243416113434, 0.5073527896129228
0.7993897294338533, 0.31939249279278453, 0.5088855431462773
0.7636684679467501, 0.39849393012453166, 0.5079498584681055
0.7197361440361951, 0.4764763959510573, 0.5049258629436609
0.6643848492349979, 0.5543276044375539, 0.5013119578321588
0.5930912660305461, 0.6309276450745835, 0.5001730269006162
0.5154478046069678, 0.6937301615250536, 0.5030427652956357
0.4374809764315001, 0.7429202884155283, 0.5066358063946227
0.3592402594992262, 0.7823964798511848, 0.5087260404887912
0.2788430498285474, 0.8147173223815037, 0.5084114850923683
0.19424215905812825, 0.8404864354231841, 0.5058186784946426
0.10226356354878958, 0.8587222008230249, 0.5021337923143224
0.0, 0.8660254037844417, 0.49999999999999484
0.0, 0.8660254037844416, 0.4999999999999947
-0.10226356356479158, 0.858722200820949, 0.5021337923146136
-0.19424215905821982, 0.8404864354232061, 0.5058186784945707
-0.278843049832029, 0.8147173223802786, 0.5084114850924217
-0.35924025950250005, 0.7823964798497023, 0.5087260404887594
-0.4374809764169654, 0.7429202884239798, 0.5066358063947799
-0.5154478046007525, 0.6937301615294327, 0.5030427652959655
-0.5930912660213951, 0.6309276450830489, 0.5001730269007887
-0.6643848492255353, 0.5543276044492954, 0.5013119578317159
-0.7197361440259392, 0.47647639596711594, 0.5049258629431258
-0.7636684679426969, 0.3984939301327985, 0.5079498584677138
-0.7993897294131643, 0.3193924928442189, 0.5088855431464951
-0.8284263354652176, 0.2372824341964645, 0.5073527896143584
-0.8507102837848071, 0.14929186739462613, 0.5039880468747234
-0.8640538690137128, 0.05267424890136224, 0.5006359305374624
-0.8640538690201071, -0.05267424881489339, 0.5006359305355244
-0.850710283798301, -0.14929186732713665, 0.5039880468719379
-0.8284263354749505, -0.23728243416499809, 0.5073527896131825
-0.7993897294271288, -0.3193924928094957, 0.5088855431463523
-0.7636684679393061, -0.3984939301392977, 0.5079498584677128
-0.7197361440278345, -0.4764763959643381, 0.5049258629430459
-0.6643848492255369, -0.5543276044492962, 0.5013119578317131
-0.5930912660203109, -0.6309276450840545, 0.5001730269008059
-0.5154478045981339, -0.6937301615313006, 0.5030427652960726
-0.43748097642413486, -0.7429202884196597, 0.5066358063949243
-0.3592402594932543, -0.7823964798538766, 0.5087260404888684
-0.2788430498238998, -0.8147173223831479, 0.5084114850922822
-0.19424215905480396, -0.8404864354240305, 0.5058186784945127
-0.1022635635469649, -0.8587222008232813, 0.5021337923142555
-0.0, -0.8660254037844418, 0.4999999999999947
-1.3549325149224556e-15, -0.8660254037844419, 0.4999999999999944
0.10263080328929587, -0.8586753821258215, 0.5021389313200761
0.1945954807765421, -0.8404015414716066, 0.505823929795234
0.27899842908855743, -0.8146634302343086, 0.5084126001634763
0.35914896063585844, -0.7824381221524895, 0.5087264580073151
0.43719890543564505, -0.7430834082431567, 0.5066400748851281
0.5151283903100606, -0.693963046180484, 0.5030487372337489
0.5929878474946536, -0.6310242935962534, 0.5001737234351747
0.664589479258273, -0.554078811457668, 0.5013157635192369
0.7199480534826259, -0.4761498253223001, 0.5049318212710711
0.7637712333586861, -0.3982942979246447, 0.5079519222667297
0.7993771795064185, -0.31942382592782437, 0.5088855905937936
0.8283477068521481, -0.23755003471545738, 0.5073559475944605
0.8506373530867877, -0.14968586485978205, 0.5039942811130727
0.8640375215008566, -0.052921036937239666, 0.5006381180934428
0.864037521503274, 0.05292103690449987, 0.5006381180927315
0.8506373530903534, 0.14968586484199423, 0.5039942811123372
0.828347706847517, 0.23755003473100006, 0.507355947594744
0.7993771795024888, 0.3194238259376044, 0.5088855905938278
0.7637712333166355, 0.3982942980075206, 0.5079519222649738
0.7199480534454556, 0.47614982538196465, 0.5049318212678063
0.6645894792047435, 0.554078811524251, 0.5013157635166097
0.5929878474287757, 0.6310242936572752, 0.5001737234362919
0.515128390247951, 0.6939630462244433, 0.5030487372367074
0.4371989054268991, 0.743083408247378, 0.5066400748864841
0.35914896062751256, 0.7824381221562121, 0.5087264580074815
0.27899842908014144, 0.8146634302372844, 0.5084126001633267
0.19459548077129754, 0.8404015414728818, 0.505823929795133
0.10263080327159989, 0.8586753821281472, 0.502138931319716
0.0, 0.8660254037844418, 0.4999999999999944
0.0, 0.8660254037844418, 0.4999999999999944
-0.10263080328930278, 0.8586753821258213, 0.5021389313200754
-0.19459548077654276, 0.8404015414716081, 0.5058239297952315
-0.2789984290885553, 0.8146634302343119, 0.5084126001634726
-0.3591489606365061, 0.7824381221521712, 0.5087264580073473
-0.4371989054193595, 0.7430834082521836, 0.5066400748859418
-0.5151283902962838, 0.6939630461902108, 0.5030487372344383
-0.5929878474741976, 0.6310242936151945, 0.5001737234355305
-0.6645894792468761, 0.5540788114719696, 0.501315763518539
-0.7199480534639991, 0.47614982535171674, 0.50493182126989
-0.7637712333419256, 0.39829429795721705, 0.5079519222663906
-0.7993771795252598, 0.3194238258809599, 0.5088855905936137
-0.828347706865799, 0.2375500346712439, 0.507355947592874
-0.8506373531007762, 0.14968586479105003, 0.5039942811098763
-0.8640375215073944, 0.0529210368493001, 0.5006381180914553
-0.864037521496395, -0.0529210369971551, 0.5006381180948095
-0.8506373530763607, -0.14968586491159233, 0.5039942811152838
-0.8283477068425955, -0.23755003474736813, 0.5073559475951157
-0.7993771795024847, -0.31942382593760205, 0.5088855905938355
-0.7637712333166315, -0.39829429800751615, 0.5079519222649831
-0.7199480534454501, -0.47614982538196016, 0.5049318212678188
-0.6645894792047365, -0.5540788115242462, 0.5013157635166241
-0.5929878474287702, -0.6310242936572688, 0.5001737234363061
-0.5151283902479454, -0.6939630462244382, 0.50304873723672
-0.43719890542689704, -0.7430834082473723, 0.5066400748864941
-0.359148960627513, -0.7824381221562084, 0.5087264580074872
-0.27899842908014116, -0.814663430237283, 0.5084126001633288
-0.19459548077129532, -0.8404015414728822, 0.5058239297951335
-0.10263080327159728, -0.8586753821281479, 0.5021389313197154
-0.0, -0.8660254037844419, 0.4999999999999944
-1.3608667998097275e-15, -0.8660254037844421, 0.4999999999999941
0.10300189319804257, -0.8586279319546182, 0.5021440873543713
0.19495155436694994, -0.8403158503028029, 0.5058291837960593
0.27915481467082565, -0.8146091606527913, 0.5084137142393504
0.3590570745807045, -0.7824800213119276, 0.508726875092354
0.4369146871488328, -0.7432476473665163, 0.506644343536742
0.5148057717180674, -0.6941980711405397, 0.5030547240912455
0.5928830224200379, -0.6311222282727703, 0.5001744242822638
0.6647963632102694, -0.5538271110717649, 0.5013195851992047
0.7201616183491193, -0.4758204237563176, 0.5049377860619425
0.7638746483560253, -0.39809329438289853, 0.5079539846938201
0.799364549339655, -0.3194553563611976, 0.5088856379886846
0.8282684494704107, -0.23781950033285568, 0.5073591044549342
0.850563604187978, -0.1500833925623771, 0.5040005262970703
0.8640209087063115, -0.053170878947329685, 0.5006403169444986
0.8640209087063581, 0.05317087894680418, 0.5006403169444741
0.8505636041898722, 0.15008339255190675, 0.5040005262969917
0.8282684494689323, 0.23781950033769667, 0.5073591044550781
0.7993645493384036, 0.3194553563643228, 0.5088856379886882
0.7638746483567622, 0.39809329438143326, 0.5079539846938602
0.7201616183540018, 0.4758204237487558, 0.5049377860621042
0.664796363210277, 0.5538271110717659, 0.5013195851991936
0.5928830224198522, 0.6311222282729506, 0.5001744242822563
0.5148057717165704, 0.6941980711416259, 0.5030547240912785
0.43691468714305043, 0.7432476473697028, 0.506644343537054
0.35905707457655744, 0.7824800213138134, 0.5087268750923807
0.279154814671533, 0.8146091606525604, 0.508413714239332
0.19495155434833034, 0.8403158503073797, 0.5058291837956322
0.10300189318110307, 0.8586279319568542, 0.5021440873540226
0.0, 0.866025403784442, 0.49999999999999417
0.0, 0.866025403784442, 0.49999999999999417
-0.10300189319811949, 0.8586279319546082, 0.5021440873543728
-0.1949515543670775, 0.8403158503027719, 0.5058291837960615
-0.2791548146710016, 0.8146091606527315, 0.5084137142393498
-0.35905707458013814, 0.7824800213121693, 0.508726875092382
-0.43691468715306864, 0.7432476473639431, 0.5066443435368638
-0.5148057717216624, 0.6941980711380336, 0.503054724091025
-0.5928830224217156, 0.6311222282712119, 0.5001744242822417
-0.6647963632172466, 0.5538271110632383, 0.501319585199372
-0.7201616183453459, 0.47582042376192357, 0.5049377860620414
-0.7638746483460732, 0.39809329440238145, 0.507953984693517
-0.7993645493392325, 0.3194553563622361, 0.5088856379886962
-0.8282684494700915, 0.23781950033388627, 0.5073591044549719
-0.850563604187762, 0.150083392563443, 0.5040005262971176
-0.8640209087062269, 0.053170878948451836, 0.5006403169445255
-0.8640209087064358, -0.053170878945758636, 0.5006403169444513
-0.8505636041900451, -0.15008339255103864, 0.5040005262969585
-0.828268449469154, -0.23781950033696328, 0.50735910445506
-0.7993645493386567, -0.3194553563636826, 0.5088856379886927
-0.763874648357042, -0.39809329438086505, 0.5079539846938851
-0.7201616183543158, -0.475820423748242, 0.5049377860621408
-0.6647963632106342, -0.5538271110713072, 0.5013195851992265
-0.5928830224202432, -0.6311222282725769, 0.5001744242822646
-0.5148057717169039, -0.6941980711413807, 0.5030547240912758
-0.43691468714333026, -0.7432476473695385, 0.5066443435370536
-0.3590570745767862, -0.7824800213137059, 0.5087268750923845
-0.2791548146717105, -0.8146091606524954, 0.5084137142393385
-0.19495155434845585, -0.8403158503073477, 0.505829183795637
-0.10300189318117099, -0.8586279319568446, 0.5021440873540249
-0.0, -0.8660254037844419, 0.499999999999994
-1.366874342407438e-15, -0.8660254037844421, 0.4999999999999938
0.1033768912027303, -0.8585798384624973, 0.5021492600322843
0.19531041027100227, -0.8402293513601047, 0.5058344400619144
0.27931221603040657, -0.8145545097931375, 0.5084148272344594
0.3589645959195799, -0.7825221795862606, 0.5087272917112476
0.43662829826379346, -0.7434130165099894, 0.5066486119972917
0.5144799028866099, -0.6944352641500336, 0.50306072539074
0.592776762906381, -0.6312214740332363, 0.5001751294072314
0.6650055368315375, -0.5535724540848378, 0.5013234226144722
0.7203768567792627, -0.47548815617239343, 0.5049437568250618
0.7639787188181514, -0.3978909058312021, 0.5079560455883968
0.7993518381715929, -0.3194870859368815, 0.5088856853275152
0.8281885561425613, -0.23809084959693289, 0.5073622599412675
0.8504890242677393, -0.15048449548763965, 0.5040067819166119
0.8640040246464445, -0.05342382982766692, 0.5006425269603957
0.8640040246466045, 0.05342382982564614, 0.5006425269603353
0.8504890242698907, 0.15048449547594203, 0.5040067819164744
0.8281885561415013, 0.23809084960040633, 0.5073622599413676
0.799351838173228, 0.3194870859328251, 0.5088856853274939
0.76397871880507, 0.3978909058569588, 0.507956045587896
0.720376856785599, 0.4754881561627693, 0.5049437568250846
0.6650055368330873, 0.5535724540829347, 0.5013234226145182
0.5927767629088975, 0.6312214740309162, 0.500175129407177
0.5144799028973334, 0.6944352641424608, 0.503060725390227
0.4366282982604209, 0.7434130165118223, 0.5066486119975087
0.35896459591485586, 0.7825221795883881, 0.5087272917113083
0.2793122160311308, 0.8145545097929022, 0.5084148272344384
0.19531041025084248, 0.8402293513650699, 0.5058344400614507
0.1033768911861238, 0.8585798384647, 0.502149260031937
0.0, 0.8660254037844421, 0.4999999999999938
0.0, 0.8660254037844421, 0.4999999999999938
-0.10337689120288754, 0.8585798384624758, 0.5021492600322892
-0.19531041027127344, 0.8402293513600368, 0.5058344400619225
-0.27931221603078216, 0.8145545097930067, 0.5084148272344623
-0.3589645959200688, 0.7825221795860433, 0.5087272917112367
-0.4366282982643984, 0.7434130165096535, 0.5066486119972631
-0.5144799028873354, 0.694435264149523, 0.503060725390703
-0.5927767629072284, 0.6312214740324497, 0.5001751294072199
-0.6650055368323156, 0.5535724540838616, 0.5013234226145181
-0.7203768567799406, 0.4754881561713004, 0.5049437568251239
-0.7639787188187507, 0.39789090582999675, 0.5079560455884398
-0.7993518381743693, 0.3194870859299679, 0.5088856853274951
-0.8281885561413985, 0.2380908496009336, 0.5073622599412883
-0.850489024270488, 0.15048449547260756, 0.5040067819164621
-0.8640040246465984, 0.05342382982572392, 0.5006425269603377
-0.8640040246469993, -0.05342382982008647, 0.5006425269602471
-0.8504890242676736, -0.15048449548708073, 0.5040067819168899
-0.8281885561413292, -0.2380908496008086, 0.5073622599414597
-0.7993518381706254, -0.3194870859392911, 0.5088856853275229
-0.7639787188194094, -0.3978909058286841, 0.5079560455884771
-0.7203768567851363, -0.4754881561632474, 0.5049437568252947
-0.665005536832317, -0.5535724540838629, 0.5013234226145149
-0.5927767629073136, -0.6312214740323681, 0.5001751294072218
-0.5144799028858789, -0.6944352641505752, 0.50306072539074
-0.4366282982579303, -0.7434130165132048, 0.5066486119976263
-0.3589645959155113, -0.7825221795881077, 0.5087272917112776
-0.27931221603150896, -0.8145545097927663, 0.5084148272344483
-0.19531041025111232, -0.8402293513650005, 0.505834440061462
-0.10337689118627133, -0.8585798384646793, 0.5021492600319419
-0.0, -0.8660254037844421, 0.4999999999999938
-1.3729565076711161e-15, -0.8660254037844425, 0.49999999999999345
0.10375585630165404, -0.8585310895285145, 0.5021544489458319
0.19567207935200479, -0.8401420339109259, 0.505839698143666
0.27947064265853483, -0.8144994737885365, 0.5084159390599617
0.35887151908721404, -0.7825645992966755, 0.5087277078316738
0.43633971506788577, -0.7435795265704759, 0.5066528799086245
0.5141507369264701, -0.6946746534762767, 0.5030667406374454
0.5926690402066734, -0.6313220565513065, 0.5001758387730555
0.6652170364761812, -0.5533147903661503, 0.5013272754837004
0.7205937870639662, -0.4751529870924956, 0.5049497330446766
0.7640834506123052, -0.3976871185818733, 0.5079581047827075
0.7993390452487908, -0.31951901647663067, 0.508885732606602
0.8281080195789738, -0.23836410131549282, 0.5073654137927095
0.8504136002569554, -0.15088921932619884, 0.5040130474393827
0.8639868631690781, -0.05367994572545692, 0.5006447479981874
0.8639868631691846, 0.053679945724165824, 0.5006447479981421
0.8504136002589654, 0.15088921931525695, 0.5040130474392671
0.8281080195777804, 0.23836410131939836, 0.5073654137928224
0.7993390452501836, 0.31951901647317626, 0.5088857326065833
0.7640834505980015, 0.3976871186100532, 0.5079581047821612
0.7205937870700084, 0.4751529870833293, 0.5049497330446792
0.6652170364773282, 0.5533147903647494, 0.5013272754837244
0.5926690402087358, 0.6313220565494069, 0.5001758387730092
0.5141507369375496, 0.694674653468465, 0.5030667406369087
0.43633971506413566, 0.7435795265725091, 0.5066528799088703
0.35887151908204884, 0.7825645992990005, 0.5087277078317414
0.2794706426592729, 0.8144994737882983, 0.5084159390599373
0.19567207933021455, 0.8401420339163029, 0.5058396981431644
0.10375585628546496, 0.8585310895306727, 0.5021544489454873
0.0, 0.8660254037844424, 0.49999999999999334
0.0, 0.8660254037844424, 0.49999999999999334
-0.10375585630166072, 0.858531089528514, 0.5021544489458318
-0.19567207935200479, 0.8401420339109278, 0.5058396981436634
-0.27947064265853283, 0.8144994737885399, 0.5084159390599572
-0.35887151908721726, 0.7825645992966774, 0.508727707831669
-0.43633971506788954, 0.7435795265704771, 0.5066528799086195
-0.5141507369264693, 0.6946746534762782, 0.503066740637444
-0.5926690402066692, 0.631322056551307, 0.5001758387730594
-0.6652170364761788, 0.5533147903661451, 0.5013272754837096
-0.7205937870639609, 0.47515298709249115, 0.5049497330446882
-0.7640834506122991, 0.3976871185818713, 0.5079581047827181
-0.7993390452487881, 0.3195190164766255, 0.50888573260661
-0.8281080195789735, 0.23836410131548594, 0.5073654137927134
-0.8504136002569547, 0.15088921932619867, 0.5040130474393841
-0.8639868631690786, 0.05367994572545864, 0.5006447479981867
-0.8639868631691857, -0.05367994572416588, 0.5006447479981402
-0.8504136002589651, -0.15088921931525628, 0.504013047439268
-0.8281080195777781, -0.23836410131939742, 0.5073654137928266
-0.79933904525018, -0.3195190164731746, 0.5088857326065903
-0.7640834505979966, -0.3976871186100494, 0.5079581047821712
-0.7205937870700022, -0.4751529870833246, 0.5049497330446926
-0.6652170364773203, -0.5533147903647445, 0.5013272754837405
-0.5926690402087296, -0.6313220565493997, 0.5001758387730258
-0.5141507369375441, -0.6946746534684586, 0.5030667406369234
-0.4363397150641343, -0.7435795265725017, 0.5066528799088823
-0.35887151908205056, -0.7825645992989949, 0.5087277078317487
-0.27947064265927435, -0.8144994737882959, 0.5084159390599405
-0.19567207933021372, -0.8401420339163029, 0.5058396981431651
-0.10375585628546302, -0.858531089530673, 0.5021544489454872
-0.0, -0.8660254037844424, 0.49999999999999334
-1.3660658112063e-15, -0.8578851565683571, 0.5138414717981467
0.10316273331310712, -0.8504796000430611, 0.5157924973920844
0.19423011078794777, -0.8323357236351113, 0.5191260995404847
0.2770845823360594, -0.8070372498261962, 0.5214547071650819
0.3555200524406626, -0.775497592571653, 0.52173650076275
0.4320589300848588, -0.7369324397402505, 0.5198611931971933
0.5090498716304538, -0.6884576567641002, 0.5166181210874266
0.5869953382583052, -0.6254915132257574, 0.5140008168724736
0.6592050195451546, -0.5478857135312176, 0.5150436749586009
0.7141624748098593, -0.4704411192637971, 0.5183214377963573
0.7572241172726013, -0.39386292808647017, 0.5210409101979248
0.7920699869522071, -0.31664978620522805, 0.5218793430149481
0.8204650865672631, -0.23645580972454724, 0.5205052274201306
0.8424683253163249, -0.14989163501412706, 0.5174742685308117
0.855868884772181, -0.05342992217904375, 0.5144255976278441
0.8558688847724424, 0.05342992217554121, 0.5144255976277731
0.8424683259664082, 0.1498916351163217, 0.517474267442849
0.8204650865418903, 0.23645580972191246, 0.5205052274613227
0.7920699869015987, 0.31664978618173145, 0.5218793431060144
0.7572241182697079, 0.3938629286426734, 0.5210409083283959
0.7141624742653309, 0.4704411188948803, 0.5183214388814664
0.6592050195472887, 0.547885713528556, 0.5150436749587007
0.5869953382609745, 0.6254915132232881, 0.5140008168724302
0.5090498715153357, 0.6884576565911242, 0.5166181214313701
0.43205893022621533, 0.7369324399911081, 0.519861192724106
0.355520052608185, 0.7754975929520368, 0.5217365000832035
0.2770845822433285, 0.8070372495541468, 0.5214547076353976
0.19423011092247863, 0.8323357243137905, 0.5191260984019963
0.10316273335041559, 0.8504796004768632, 0.5157924966693352
0.0, 0.8578851565683571, 0.5138414717981467
0.0, 0.8578851565683573, 0.5138414717981462
-0.10316273331322383, 0.8504796000430446, 0.5157924973920885
-0.19423011078814523, 0.8323357236350615, 0.5191260995404905
-0.27708458233633115, 0.8070372498260978, 0.5214547071650897
-0.3555200527376299, 0.775497593220141, 0.5217364995964933
-0.4320589305185985, 0.7369324404698748, 0.5198611918024265
-0.5090498714611349, 0.6884576565349828, 0.5166181215595923
-0.586995338258986, 0.6254915132251039, 0.5140008168724914
-0.659205019109352, 0.5478857131524958, 0.5150436759192564
-0.7141624753306829, 0.4704411196156892, 0.5183214367593612
-0.7572241184292227, 0.39386292871923156, 0.5210409080387032
-0.7920699869515471, 0.3166497862068373, 0.5218793430149733
-0.8204650865667631, 0.23645580972614968, 0.5205052274201912
-0.8424683253159844, 0.14989163501579283, 0.5174742685308835
-0.8558688847720461, 0.05342992218081523, 0.5144255976278844
-0.8558688847725655, -0.05342992217389005, 0.5144255976277395
-0.8424683259666805, -0.14989163511496664, 0.5174742674427982
-0.8204650865422363, -0.23645580972077523, 0.5205052274612938
-0.792069986901992, -0.31664978618074197, 0.5218793431060178
-0.7572241182701455, -0.39386292864179473, 0.521040908328424
-0.7141624742658333, -0.4704411188940877, 0.5183214388814933
-0.6592050195478562, -0.5478857135278378, 0.5150436749587385
-0.586995338261598, -0.6254915132226989, 0.5140008168724349
-0.5090498715158626, -0.6884576565907427, 0.5166181214313591
-0.43205893022665237, -0.7369324399908548, 0.519861192724102
-0.35552005260853975, -0.7754975929518713, 0.5217365000832076
-0.2770845822436053, -0.807037249554047, 0.5214547076354047
-0.19423011092267692, -0.8323357243137417, 0.5191260984020004
-0.10316273335052505, -0.8504796004768552, 0.5157924966693267
-0.0, -0.8578851565683571, 0.5138414717981467
-1.3440021527530644e-15, -0.8406589877650366, 0.5415648311050713
0.10144249059838278, -0.8335072073291881, 0.543116153719897
0.19073789041414657, -0.815937477335692, 0.5457701807898889
0.27184708536017815, -0.7913314897321584, 0.5476254518733209
0.3485501369834522, -0.7605083694712457, 0.5478501820507173
0.42336237772563484, -0.7226754661763866, 0.5463556238506557
0.4986649952119557, -0.6750139670115367, 0.5437732679064026
0.5751217420064401, -0.6130297054106961, 0.5416913901434588
0.6462254675138103, -0.5367161592120802, 0.5425204231890173
0.7002968248291626, -0.46088853579607325, 0.5451294476598608
0.7425963331546055, -0.38602880913548826, 0.547295573253403
0.7767215415237949, -0.31054619881345724, 0.5479641460309355
0.8044067849974414, -0.23208696965569567, 0.5468686887783174
0.8257577922564036, -0.14728525527150546, 0.5444548852820019
0.8387129003290342, -0.05258590486304039, 0.5420289599563796
0.8387129003292441, 0.05258590486017635, 0.5420289599563329
0.8257577929689917, 0.14728525538762677, 0.5444548841698287
0.8044067849669698, 0.2320869696518969, 0.5468686888247513
0.7767215406097149, 0.3105461984518453, 0.54796414753155
0.7425963318299542, 0.3860288084150495, 0.5472955755589053
0.7002968235068555, 0.46088853490200776, 0.5451294501144557
0.646225468041768, 0.5367161596641885, 0.5425204221128668
0.575121742145586, 0.6130297055562565, 0.5416913898309954
0.4986649953547201, 0.6750139672055068, 0.5437732675346959
0.4233623773824244, 0.7226754656168268, 0.5463556248567449
0.34855013644092503, 0.760508368299054, 0.5478501840230805
0.27184708524895446, 0.7913314894075348, 0.5476254523976222
0.19073789057631546, 0.8159374781286103, 0.5457701795477847
0.10144249063874869, 0.8335072077720387, 0.5431161530327255
0.0, 0.8406589877650359, 0.541564831105072
0.0, 0.8406589877650371, 0.5415648311050703
-0.1014424905982779, 0.8335072073292016, 0.5431161537198957
-0.190737890413947, 0.8159374773357411, 0.5457701807898853
-0.27184708535989904, 0.791331489732255, 0.5476254518733198
-0.3485501366380108, 0.760508368715897, 0.5478501833190432
-0.4233623772177345, 0.7226754653160494, 0.546355625382205
-0.4986649954238331, 0.6750139672985693, 0.5437732673557927
-0.5751217420062313, 0.6130297054108648, 0.5416913901434895
-0.6462254680411745, 0.5367161596648967, 0.5425204221128732
-0.7002968242448139, 0.4608885354046709, 0.5451294487414577
-0.7425963317813955, 0.3860288083912591, 0.5472955756415724
-0.7767215414261447, 0.31054619876638473, 0.5479641461960286
-0.8044067845789866, 0.23208696953922153, 0.5468686894432668
-0.8257577928792371, 0.14728525537511952, 0.5444548843093399
-0.8387129003291213, 0.052585904861837326, 0.542028959956362
-0.8387129004556978, -0.052585904858495985, 0.542028959760827
-0.8257577926406506, -0.14728525534224632, 0.5444548846800895
-0.804406785189781, -0.23208696971591136, 0.5468686884698437
-0.7767215414662877, -0.31054619878603507, 0.5479641461279909
-0.742596332967041, -0.3860288090452205, 0.5472955735715688
-0.70029682365958, -0.46088853501236543, 0.5451294498249555
-0.6462254680429296, -0.5367161596627372, 0.5425204221129191
-0.575121742008424, -0.6130297054088484, 0.5416913901434437
-0.4986649952742797, -0.6750139670781747, 0.5437732677665275
-0.42336237739017846, -0.7226754656221642, 0.5463556248436766
-0.3485501368383322, -0.760508369169514, 0.5478501825618989
-0.2718470852486805, -0.791331489407631, 0.5476254523976192
-0.19073789057611548, -0.8159374781286626, 0.5457701795477764
-0.1014424906386341, -0.8335072077720543, 0.543116153032723
-0.0, -0.8406589877650366, 0.5415648311050713
-1.3189602518552608e-15, -0.8221084862795525, 0.569330867586804
0.09951071716261242, -0.8152456777893575, 0.5705016231489212
0.18690371664816482, -0.7983092574367604, 0.572511423636132
0.26617881370468544, -0.7744453855867274, 0.5739191440248285
0.3410710114448051, -0.7443730755022974, 0.5740899664854531
0.4140651833717606, -0.7072992700390737, 0.5729552919046161
0.48755561190540075, -0.6604922045486874, 0.5709987504627003
0.5623583315830257, -0.5995890398414155, 0.5694261060060428
0.6322061581463365, -0.5247444575588115, 0.5700514256303182
0.6853286632199036, -0.45067839651827124, 0.5720258790307828
0.7268358604975493, -0.3776426977917599, 0.5736685669437959
0.7602115723609763, -0.30397293096078404, 0.5741766474627497
0.7871452988392978, -0.22732872115843938, 0.5733445134050391
0.8077876819438871, -0.1443947219839995, 0.5715148512181334
0.8202433602911272, -0.05162315108159497, 0.5696805071008899
0.8202433602912705, 0.05162315107958704, 0.5696805071008653
0.8077876827216857, 0.14439472211491752, 0.5715148500857044
0.7871452987992885, 0.22732872115227273, 0.5733445134624129
0.7602115723621905, 0.3039729309590656, 0.5741766474620518
0.7268358616567857, 0.3776426984265928, 0.5736685650571411
0.6853286625927797, 0.45067839610207006, 0.5720258801100325
0.632206158147566, 0.5247444575572892, 0.5700514256303559
0.5623583315845574, 0.5995890398399941, 0.569426106006027
0.4875556117182224, 0.6604922042765651, 0.5709987509372977
0.41406518358119976, 0.7072992704109972, 0.5729552912941274
0.3410710115619709, 0.744373075774517, 0.5740899660628805
0.2661788134586875, 0.774445384851738, 0.5739191451307132
0.18690371684874735, 0.798309258389744, 0.5725114222418103
0.09951071720554168, 0.8152456782377442, 0.5705016225006896
0.0, 0.8221084862795534, 0.5693308675868028
0.0, 0.8221084862795535, 0.5693308675868027
-0.09951071716313359, 0.8152456777892872, 0.5705016231489306
-0.18690371664908614, 0.7983092574365299, 0.5725114236361527
-0.26617881370595853, 0.7744453855862764, 0.5739191440248463
-0.3410710114464416, 0.7443730755015497, 0.5740899664854504
-0.41406518337378817, 0.7072992700379139, 0.5729552919045824
-0.4875556119078594, 0.6604922045469057, 0.5709987504626618
-0.562358331585959, 0.5995890398386675, 0.5694261060060395
-0.6322061581490186, 0.5247444575554675, 0.570051425630422
-0.6853286632222253, 0.4506783965145758, 0.5720258790309128
-0.7268358604995879, 0.3776426977877002, 0.5736685669438856
-0.7602115719222053, 0.3039729307764075, 0.5741766481412938
-0.7871452982688487, 0.2273287209952303, 0.573344514252921
-0.807787682916345, 0.1443947221484598, 0.5715148498020954
-0.8202433602912508, 0.051623151079861374, 0.569680507100869
-0.8202433604303959, -0.051623151079282566, 0.5696805069005761
-0.8077876823204402, -0.14439472205774634, 0.5715148506672753
-0.7871452993771824, -0.22732872132037593, 0.5733445126023695
-0.7602115713875262, -0.30397293057419683, 0.5741766489562624
-0.7268358607252516, -0.37764269791101496, 0.5736685665767932
-0.685328662861173, -0.4506783962734581, 0.5720258796534476
-0.6322061581490269, -0.5247444575554752, 0.5700514256304056
-0.562358331760865, -0.5995890400229773, 0.5694261056392318
-0.4875556118204854, -0.6604922044291102, 0.5709987506735253
-0.4140651836552918, -0.7072992705394257, 0.5729552910820405
-0.34107101104414933, -0.7443730746320275, 0.5740899678518899
-0.26617881345996663, -0.7744453848512882, 0.573919145130727
-0.1869037168496684, -0.7983092583895154, 0.5725114222418285
-0.09951071720605213, -0.8152456782376682, 0.5705016225007089
-0.0, -0.822108486279553, 0.5693308675868032
-1.290779640371779e-15, -0.8021466764146774, 0.5971270463786469
0.09735552449335264, -0.7956067815073958, 0.5979395881442096
0.1827057969663563, -0.7793614564210259, 0.5993449023727371
0.2600488549010691, -0.75628990205608, 0.6003333883040719
0.333043479623697, -0.7270057461949353, 0.6004537331715788
0.40412100236577314, -0.6907233669482005, 0.5996561062797778
0.47566923768579056, -0.6448194392733785, 0.5982864423121961
0.5486458980154948, -0.5851055665496074, 0.5971927281736058
0.6170785045431451, -0.5119150553995868, 0.5976262170337188
0.6691810616470999, -0.4397612033944032, 0.5990048336382328
0.7098591898455993, -0.3686616733737554, 0.600157063756657
0.7424522620855681, -0.29689480593607837, 0.6005148730316353
0.7685910067378814, -0.22215461930059086, 0.599929320407879
0.7884689129289478, -0.14120308164669312, 0.5986471941620711
0.8003728890683032, -0.05053526775706317, 0.5973687514066831
0.800372889068934, 0.050535267748040534, 0.5973687514066013
0.78846891377605, 0.14120308178615798, 0.5986471930134705
0.7685910066930702, 0.22215461928667293, 0.5999293204704419
0.7424522620893552, 0.29689480592936646, 0.6005148730302717
0.7098591894853216, 0.3686616731922374, 0.6001570642942914
0.6691810604120754, 0.4397612025766092, 0.599004835618332
0.6170785052782662, 0.5119150560107028, 0.5976262157511999
0.5486458980212228, 0.5851055665442767, 0.5971927281735664
0.47566923776819703, 0.6448194393596539, 0.5982864421536929
0.40412100197894163, 0.6907233663017912, 0.5996561072850489
0.33304347921841404, 0.7270057453259091, 0.6004537344485529
0.2600488546155191, 0.7562899012088432, 0.6003333894950993
0.1827057972001995, 0.7793614575061467, 0.5993449008904088
0.09735552453849737, 0.7956067819593875, 0.597939587535448
0.0, 0.802146676414678, 0.5971270463786462
0.0, 0.802146676414678, 0.5971270463786462
-0.09735552449335923, 0.7956067815073963, 0.597939588144208
-0.1827057969663539, 0.7793614564210161, 0.5993449023727508
-0.260048854901066, 0.7562899020560778, 0.6003333883040761
-0.3330434796236955, 0.7270057461949252, 0.6004537331715917
-0.404121002365772, 0.6907233669481896, 0.5996561062797913
-0.4756692376857841, 0.6448194392733669, 0.5982864423122135
-0.5486458980154818, 0.5851055665495948, 0.5971927281736299
-0.6170785045431297, 0.5119150553995695, 0.5976262170337495
-0.6691810616470861, 0.4397612033943943, 0.5990048336382544
-0.709859189845583, 0.36866167337375133, 0.6001570637566788
-0.7424522620855598, 0.29689480593607276, 0.6005148730316485
-0.7685910067378752, 0.2221546193005836, 0.5999293204078896
-0.7884689129289424, 0.14120308164669362, 0.5986471941620781
-0.8003728890683025, 0.050535267757066384, 0.5973687514066838
-0.800372889068934, -0.05053526774804144, 0.5973687514066011
-0.7884689137760507, -0.1412030817861585, 0.5986471930134695
-0.7685910066930696, -0.22215461928667463, 0.599929320470442
-0.7424522620893522, -0.2968948059293674, 0.600514873030275
-0.7098591894853196, -0.3686616731922368, 0.6001570642942942
-0.6691810604120714, -0.4397612025766091, 0.5990048356183366
-0.6170785052782599, -0.5119150560107025, 0.5976262157512067
-0.5486458980212174, -0.5851055665442721, 0.5971927281735754
-0.4756692377681919, -0.6448194393596505, 0.5982864421537006
-0.40412100197893924, -0.6907233663017852, 0.599656107285057
-0.33304347921841454, -0.727005745325903, 0.6004537344485599
-0.26004885461552074, -0.7562899012088423, 0.6003333894951001
-0.18270579720019772, -0.7793614575061493, 0.599344900890406
-0.09735552453849208, -0.795606781959386, 0.5979395875354508
-0.0, -0.8021466764146775, 0.5971270463786468
-1.2592773919285487e-15, -0.7806712127473557, 0.6249419633754583
0.0949632139092203, -0.7744866004240799, 0.6254218526463422
0.17811865752238487, -0.7589885347262071, 0.6262668345015474
0.253420885228569, -0.7367602356206281, 0.6268669796202421
0.32442137901070595, -0.7083052226932093, 0.6269405716224747
0.39347514165505276, -0.672853078541078, 0.6264551441223306
0.4629438455572045, -0.6279099716869756, 0.625629333804585
0.5339146470162061, -0.5695041365015842, 0.624980150252106
0.6007619554036849, -0.4981623323639141, 0.6252354464945873
0.6517635622210152, -0.42807848542185406, 0.6260615539065661
0.6915680590921556, -0.359035134314311, 0.6267594370820543
0.7233402649373565, -0.2892704391643817, 0.6269780491739729
0.7486383837071301, -0.21653364943084824, 0.6266208974368268
0.76769654878942, -0.13769062741636168, 0.6258460674147457
0.778998626657153, -0.049314979759021965, 0.625083332394679
0.7789986266567264, 0.049314979765305175, 0.6250833323947153
0.7676965497048803, 0.1376906275845773, 0.6258460662547839
0.7486383836519895, 0.2165336494268165, 0.6266208975040979
0.7233402637797828, 0.28927043870909963, 0.6269780507195122
0.6915680593838849, 0.3590351344705439, 0.6267594366706623
0.651763561088264, 0.42807848466742643, 0.6260615556016715
0.600761955403685, 0.498162332363907, 0.6252354464945931
0.5339146472695394, 0.5695041367696237, 0.6249801497914385
0.46294384543233896, 0.6279099715156835, 0.6256293340688976
0.39347514201275113, 0.6728530791801592, 0.6264551432112466
0.3244213784864652, 0.7083052215541071, 0.6269405731806876
0.2534208849023866, 0.7367602346586501, 0.6268669808827243
0.1781186577908194, 0.7589885359464974, 0.6262668329463005
0.09496321395648515, 0.7744866008800189, 0.625421852074557
0.0, 0.7806712127473563, 0.6249419633754576
0.0, 0.7806712127473562, 0.624941963375458
-0.09496321390922703, 0.7744866004240788, 0.6254218526463428
-0.17811865752238454, 0.7589885347262053, 0.6262668345015495
-0.2534208852285662, 0.7367602356206258, 0.626866979620246
-0.3244213796069665, 0.7083052239988761, 0.6269405698388124
-0.3934751423659985, 0.6728530797644101, 0.6264551423618498
-0.46294384519996606, 0.6279099712058281, 0.6256293345518301
-0.5339146470114143, 0.5695041365060315, 0.6249801502521467
-0.6007619545623878, 0.49816233166613416, 0.6252354478589165
-0.6517635628408178, 0.4280784858320531, 0.6260615529808392
-0.6915680610165597, 0.3590351353356551, 0.6267594343735912
-0.7233402649351357, 0.2892704391698967, 0.6269780491739905
-0.7486383837053937, 0.21653364943668574, 0.6266208974368841
-0.7676965487882002, 0.13769062742281898, 0.6258460674148213
-0.7789986266566535, 0.04931497976639235, 0.6250833323947201
-0.7789986266572259, -0.04931497975793877, 0.6250833323946738
-0.7676965497060946, -0.13769062757812175, 0.6258460662547146
-0.7486383836537207, -0.21653364942097414, 0.6266208975040484
-0.7233402649392028, -0.2892704391638904, 0.6269780491720696
-0.691568060609153, -0.3590351351307987, 0.6267594349404753
-0.6517635615048334, -0.42807848495360284, 0.6260615549723232
-0.6007619554043486, -0.4981623323630908, 0.6252354464946055
-0.5339146470170297, -0.5695041365008088, 0.6249801502521088
-0.4629438452904114, -0.62790997130355, 0.6256293343868259
-0.3934751419368019, -0.6728530790421312, 0.6264551434072013
-0.3244213791650356, -0.7083052230485493, 0.6269405711411576
-0.2534208849023902, -0.736760234658649, 0.6268669808827243
-0.17811865779081915, -0.7589885359465001, 0.6262668329462975
-0.09496321395648478, -0.7744866008800514, 0.6254218520745168
-0.0, -0.7806712127473557, 0.6249419633754584
-0.0, -0.7575600348539712, 0.6527654966311025
-0.09231777200895279, -0.7517611693962832, 0.6529414775913961
-0.17311214666968253, -0.7370646728680139, 0.6532747145614791
-0.24625170930943083, -0.7157315398547276, 0.6535200521172735
-0.31514969905287876, -0.6881510569850736, 0.6535509084663611
-0.38206229088621496, -0.6535756923322736, 0.6533507635835184
-0.44930522249656535, -0.6096617979957738, 0.6530216758285075
-0.5180812142164469, -0.5526952391560339, 0.6527785444469405
-0.5831606373328843, -0.4834077803089446, 0.6528710355056987
-0.6329684846233138, -0.41556034201451575, 0.6531925440621964
-0.6718454850512116, -0.3487027235753859, 0.6534753666263252
-0.7027525014339155, -0.28105055855332184, 0.653566756548434
-0.7271616808771266, -0.21042899500076093, 0.6534183406722844
-0.7453454376849128, -0.13383414585455877, 0.6531068824669256
-0.755997877597913, -0.047953877760189195, 0.6528151611866961
-0.7559978774206724, 0.047953877760256565, 0.6528151613919457
-0.7453454371106955, 0.13383414574602737, 0.6531068831444801
-0.7271616793917084, 0.21042899455860437, 0.6534183424677372
-0.7027525021195006, 0.2810505588164161, 0.6535667556981167
-0.6718454847259498, 0.34870272340242253, 0.6534753670530261
-0.6329684858650977, 0.4155603428358036, 0.6531925423363579
-0.5831606373328768, 0.483407780308936, 0.6528710355057118
-0.5180812139242259, 0.552695238846167, 0.6527785449412218
-0.44930522263983824, 0.6096617981934515, 0.6530216755453777
-0.3820622904894928, 0.6535756916229086, 0.6533507645251201
-0.3151496996385084, 0.6881510582603719, 0.6535509068411489
-0.24625170967625062, 0.715731540930965, 0.6535200508003638
-0.1731121463661419, 0.7370646715126353, 0.6532747161711361
-0.09231777195930009, 0.7517611689330435, 0.6529414781317654
0.0, 0.7575600348539712, 0.6527654966311025
0.0, 0.7575600348539712, 0.6527654966311025
0.09231777200872585, 0.7517611693962981, 0.6529414775914111
0.17311214666927074, 0.737064672868109, 0.6532747145614808
0.24625170930885873, 0.7157315398549255, 0.6535200521172725
0.31514969981091084, 0.688151058657846, 0.6535509063394976
0.3820622908065373, 0.6535756921892537, 0.653350763773181
0.44930522233264125, 0.6096617977554901, 0.653021676165623
0.5180812139235047, 0.5526952388468644, 0.6527785449412037
0.5831606373321465, 0.48340778030984594, 0.6528710355056903
0.6329684850988799, 0.4155603423400556, 0.6531925433942467
0.6718454864228846, 0.34870272431145927, 0.6534753648233147
0.7027525026897012, 0.2810505590495792, 0.6535667549847379
0.7271616801366025, 0.21042899477879745, 0.6534183415678643
0.7453454383223351, 0.1338341459562914, 0.653106881718633
0.7559978774209137, 0.04795387775654411, 0.6528151613919391
0.7559978774203967, -0.047953877764492746, 0.6528151613919542
0.745345437330838, -0.13383414578461755, 0.6531068828853386
0.7271616801951268, -0.21042899479639593, 0.6534183414970676
0.702752502685372, -0.2810505590549826, 0.6535667549870693
0.6718454868775331, -0.34870272453978224, 0.6534753642340492
0.6329684865402131, -0.41556034328206176, 0.6531925413982366
0.583160636384173, -0.48340777952820463, 0.6528710369311975
0.5180812139180457, -0.5526952388519752, 0.6527785449412091
0.44930522223440084, -0.6096617976463617, 0.6530216763350987
0.3820622912781986, -0.6535756929880387, 0.6533507626983058
0.31514970029061307, -0.6881510596922504, 0.6535509050190118
0.24625170967568435, -0.7157315409311643, 0.6535200508003587
0.17311214636572905, -0.7370646715127283, 0.6532747161711406
0.09231777195906316, -0.7517611689330747, 0.6529414781317632
-1.224241668607283e-15, -0.7575600348539713, 0.6527654966311025
-1.1854229606373502e-15, -0.7326654511805636, 0.6805889630653595
0.0894001865102446, -0.7272805400981506, 0.6804929262280952
0.16765008043152438, -0.7134378443387017, 0.6803674689435482
0.23848927713793497, -0.6930531156669826, 0.6802942330745668
0.30516200862040616, -0.6663979164556232, 0.6802866788629359
0.3698034108868696, -0.6327552017504425, 0.6803427753376924
0.43466337882951817, -0.5899518138108787, 0.6804591130154414
0.5010445994706519, -0.5345706953031885, 0.6805795185460399
0.5641588062321438, -0.46755617957607715, 0.6805263112407524
0.6126658930381164, -0.402122090155857, 0.680395714357823
0.6505503129167272, -0.3375914758839354, 0.6803060236205869
0.6805404463563149, -0.2721757233019716, 0.6802830855740837
0.7040090404273331, -0.20379636197253084, 0.6803222132514466
0.7212642749756204, -0.12960589489187277, 0.6804264527876395
0.7312221867387073, -0.04644207612974754, 0.680556571627827
0.7312221867391758, 0.046442076122224556, 0.6805565716278372
0.7212642760436068, 0.12960589508040732, 0.6804264516196428
0.704009040362304, 0.2037963619530713, 0.6803222133245691
0.6805404463608797, 0.27217572329707146, 0.6802830855714777
0.6505503124162547, 0.3375914756327498, 0.6803060242238165
0.6126658914861572, 0.402122089146731, 0.6803957163516985
0.564158807281054, 0.4675561804379273, 0.680526309779067
0.5010445994759376, 0.5345706952982217, 0.6805795185460498
0.4346633789351905, 0.589951813931221, 0.6804591128436044
0.3698034103734931, 0.6327552008761134, 0.6803427764299136
0.30516200810199473, 0.6663979153347888, 0.6802866801934357
0.2384892767317616, 0.6930531144805969, 0.6802942344255946
0.16765008076967733, 0.7134378458253308, 0.6803674673013343
0.0894001865630648, 0.7272805405756927, 0.6804929257107801
0.0, 0.7326654511805637, 0.6805889630653591
0.0, 0.7326654511805641, 0.6805889630653589
-0.08940018651047467, 0.727280540098122, 0.6804929262280955
-0.16765008043192375, 0.713437844338606, 0.68036746894355
-0.2384892771384838, 0.69305311566679, 0.6802942330745707
-0.3051620079113314, 0.6663979148969967, 0.6802866807078173
-0.36980341002201095, 0.6327552002482009, 0.6803427772049556
-0.434663379278844, 0.5899518144207532, 0.6804591121996655
-0.5010445994767772, 0.5345706952974126, 0.6805795185460672
-0.5641588072818793, 0.46755618043691144, 0.6805263097790809
-0.6126658923057985, 0.40212208967474394, 0.6803957153015862
-0.650550310544222, 0.3375914746366043, 0.6803060265082909
-0.6805404457442538, 0.27217572304517024, 0.6802830862891208
-0.7040090395467117, 0.20379636171093737, 0.6803222142410913
-0.7212642747138127, 0.1296058948452829, 0.6804264530740343
-0.7312221867389518, 0.04644207612582475, 0.6805565716278322
-0.7312221869292943, -0.04644207612666909, 0.6805565714232615
-0.7212642753326164, -0.12960589496318506, 0.6804264523956336
-0.7040090411616462, -0.2037963621933961, 0.6803222124254049
-0.6805404450041653, -0.27217572275992763, 0.6802830871436124
-0.6505503109021552, -0.3375914748257864, 0.6803060260721344
-0.6126658909545154, -0.40212208878647393, 0.6803957170433343
-0.5641588072818887, -0.4675561804369208, 0.6805263097790669
-0.5010445998047107, -0.5345706956459022, 0.6805795180309157
-0.4346633791185966, -0.5899518141986863, 0.6804591124945581
-0.36980341045702764, -0.6327552010263374, 0.6803427762447916
-0.30516200726652687, -0.6663979134901238, 0.6802866823752126
-0.2384892767323171, -0.6930531144804062, 0.6802942344255943
-0.16765008077007648, -0.7134378458252402, 0.6803674673013308
-0.0894001865632842, -0.7272805405756808, 0.680492925710764
-0.0, -0.7326654511805639, 0.6805889630653592
-1.14252192028156e-15, -0.7058058917311122, 0.7084052817403677
0.08618749791944352, -0.7008605150542622, 0.7080722093404458
0.1616883652574956, -0.6879215772716424, 0.7075455999894666
0.23006991667029655, -0.6685402951556598, 0.7071928359340939
0.29437686554872056, -0.6428677781421545, 0.7071515260934395
0.35660140698974346, -0.6102250023850188, 0.7074325996143656
0.418907534247869, -0.5686291249982954, 0.7079388363086486
0.48268050359262354, -0.5149976588571417, 0.7083762720639606
0.543614501702627, -0.45049026013588583, 0.7081961586038902
0.5906965707785741, -0.3876595776939985, 0.7076705540663281
0.6275096463100741, -0.325611852070288, 0.707254243945671
0.656522146047937, -0.26257313659572745, 0.7071308363286759
0.6789943043724072, -0.19658165147248785, 0.7073347078534885
0.69526733360456, -0.12497218628584596, 0.7078031417543589
0.7044890843727368, -0.04476773834142229, 0.7083014750820846
0.7044890843727627, 0.04476773834095762, 0.7083014750820883
0.695267334751001, 0.12497218649757773, 0.7078031405908385
0.6789943043000669, 0.19658165145662668, 0.7073347079273387
0.6565221460506602, 0.26257313659622855, 0.7071308363259616
0.6275096483455771, 0.3256118531449548, 0.7072542416449111
0.5906965699006224, 0.38765957712816485, 0.707670555109121
0.5436145017029189, 0.4504902601355267, 0.7081961586038947
0.4826805035929756, 0.5149976588568034, 0.7083762720639668
0.41890753387391627, 0.5686291244635768, 0.7079388369594224
0.3566014073730242, 0.6102250030677188, 0.7074325988322713
0.294376865757084, 0.6428677786169458, 0.7071515255750703
0.23006991622765208, 0.6685402938676221, 0.7071928372957368
0.16168836562855016, 0.6879215788812154, 0.7075455983397423
0.08618749797676976, 0.700860515557509, 0.7080722088353467
0.0, 0.7058058917311124, 0.7084052817403673
0.0, 0.7058058917311124, 0.7084052817403673
-0.08618749791945005, 0.7008605150542598, 0.7080722093404473
-0.1616883652574975, 0.6879215772716457, 0.7075455999894631
-0.23006991667029367, 0.6685402951556552, 0.7071928359340991
-0.29437686554872056, 0.6428677781421445, 0.7071515260934484
-0.35660140698974263, 0.6102250023850054, 0.7074325996143774
-0.41890753424786703, 0.5686291249982852, 0.7079388363086578
-0.482680503592611, 0.5149976588571265, 0.7083762720639804
-0.543614501702614, 0.45049026013586935, 0.7081961586039106
-0.5906965707785565, 0.38765957769398923, 0.7076705540663477
-0.6275096463100593, 0.3256118520702882, 0.7072542439456837
-0.6565221460479295, 0.2625731365957238, 0.7071308363286843
-0.678994304372402, 0.1965816514724814, 0.7073347078534954
-0.6952673336045544, 0.12497218628584875, 0.707803141754364
-0.704489084372738, 0.04476773834142693, 0.7083014750820829
-0.7044890843727657, -0.044767738340958575, 0.7083014750820852
-0.6952673347510044, -0.124972186497579, 0.7078031405908348
-0.6789943043000697, -0.1965816514566303, 0.7073347079273352
-0.6565221460506598, -0.2625731365962309, 0.7071308363259612
-0.6275096483455783, -0.3256118531449553, 0.70725424164491
-0.5906965699006074, -0.387659577128158, 0.7076705551091375
-0.543614501702915, -0.4504902601355292, 0.7081961586038962
-0.48268050359297354, -0.514997658856802, 0.7083762720639689
-0.4189075338739137, -0.5686291244635758, 0.7079388369594247
-0.3566014073730242, -0.6102250030677162, 0.7074325988322734
-0.2943768657570871, -0.6428677786169433, 0.7071515255750712
-0.23006991622765657, -0.6685402938676205, 0.707192837295737
-0.16168836562855107, -0.6879215788812197, 0.707545598339738
-0.0861874979767674, -0.7008605155575356, 0.7080722088353207
-0.0, -0.7058058917311125, 0.7084052817403673
-0.0, -0.6767540871018001, 0.736209145278031
-0.08265144588625176, -0.6722707905930994, 0.7356770504835943
-0.15517230895069067, -0.660283117037373, 0.7348113770828009
-0.22091438081855289, -0.6419628365981975, 0.734221051710145
-0.28269269245301276, -0.6173387945634389, 0.7341509751819625
-0.3423349238055448, -0.585777431092472, 0.7346234417480537
-0.4018989246476683, -0.545505463858032, 0.7354597495907449
-0.4628332030277149, -0.4938100133878616, 0.7361637704023379
-0.5213504442981963, -0.43206303665213763, 0.7358771953179462
-0.5668619954449344, -0.3720424854793793, 0.7350182767241323
-0.6025080247001138, -0.31265206348460556, 0.734324701593774
-0.6304708113219857, -0.25215209180839676, 0.7341157120424865
-0.651885260700824, -0.18871762645236248, 0.7344598452925833
-0.667122604657479, -0.11989136063895851, 0.7352370311669294
-0.6755702510815073, -0.0429164001516714, 0.7360455274313478
-0.6755702508622276, 0.0429164001605391, 0.7360455276320939
-0.6671226039425422, 0.11989136051268429, 0.7352370318362231
-0.6518852588298416, 0.18871762590171517, 0.7344598470947004
-0.6304708106053045, 0.2521520915242498, 0.7341157127555823
-0.6025080252805963, 0.31265206377609517, 0.7343247009933854
-0.5668619972386034, 0.37204248663686623, 0.7350182747549332
-0.5213504430834653, 0.43206303565961984, 0.7358771967612996
-0.46283320302283776, 0.4938100133924559, 0.7361637704023224
-0.4018989245288935, 0.5455054637168447, 0.735459749760372
-0.34233492439579594, 0.5857774321069594, 0.7346234406640597
-0.28269269305073785, 0.6173387958620334, 0.7341509738598295
-0.2209143812928912, 0.6419628379741495, 0.7342210503643674
-0.15517230854989705, 0.6602831153184867, 0.7348113787119859
-0.08265144582240744, 0.672270790047869, 0.7356770509890053
0.0, 0.6767540871018006, 0.7362091452780306
0.0, 0.6767540871018006, 0.7362091452780306
0.08265144588584443, 0.6722707905931434, 0.7356770504836001
0.15517230894994866, 0.6602831170375334, 0.7348113770828134
0.22091438081752418, 0.6419628365985445, 0.734221051710151
0.2826926924517073, 0.6173387945640425, 0.7341509751819577
0.34233492380394603, 0.5857774310934297, 0.7346234417480351
0.40189892464573307, 0.545505463859499, 0.7354597495907143
0.4628332030253647, 0.49381001339008596, 0.7361637704023234
0.5213504442959813, 0.43206303665475715, 0.7358771953179776
0.5668619954429943, 0.3720424854822744, 0.7350182767241632
0.6025080246984155, 0.3126520634878135, 0.7343247015938016
0.6304708113205267, 0.2521520918120555, 0.7341157120424828
0.6518852597751644, 0.18871762618087293, 0.7344598461839303
0.6671226054793099, 0.11989136078909417, 0.7352370303967531
0.6755702508625976, 0.042916400153879396, 0.7360455276321425
0.6755702508625712, -0.042916400154366145, 0.7360455276321383
0.6671226042501754, -0.11989136055988138, 0.7352370315493938
0.6518852598520892, -0.18871762619842314, 0.7344598461111447
0.6304708113176752, -0.25215209181152337, 0.7341157120451146
0.6025080225208506, -0.31265206234375964, 0.7343247038675791
0.5668619963878807, -0.37204248608952717, 0.7350182756880745
0.5213504442956746, -0.43206303665513246, 0.7358771953179746
0.46283320302499703, -0.4938100133904424, 0.7361637704023153
0.40189892504325736, -0.5455054644276246, 0.7354597489520931
0.34233492339519084, -0.5857774303653189, 0.7346234425190995
0.28269269222841126, -0.6173387940567684, 0.734150975694501
0.22091438129186983, -0.6419628379745, 0.7342210503643681
0.15517230854915728, -0.6602831153186618, 0.7348113787119848
0.08265144582198727, -0.6722707900479186, 0.7356770509890075
-1.0951719994546025e-15, -0.6767540871018002, 0.736209145278031
-1.0429138489026772e-15, -0.6452195569757986, 0.7639972011047907
0.07875647463531682, -0.6412173996062484, 0.7633070575759257
0.14803265363849197, -0.6302259104931637, 0.7621690332201967
0.21092199581897078, -0.6130277276550452, 0.7613861811235044
0.26998015682773224, -0.5895287445564902, 0.7612926994664546
0.32684913220948364, -0.5591482553868021, 0.7619205163741183
0.38346015015715207, -0.5203410162107686, 0.7630226340615323
0.4413035173567739, -0.47079563504522215, 0.7639389213745466
0.49714058237107445, -0.4120864696168747, 0.7635679294721913
0.5409094643848888, -0.35510437482040297, 0.7624420203020448
0.5752713385742605, -0.2985696280588642, 0.7615241717869303
0.6020979030395415, -0.240797221419681, 0.761245567022855
0.6223862450071991, -0.18011898761650227, 0.7617036906342552
0.6365342364318204, -0.1143108013030745, 0.762730100727386
0.644173988179979, -0.04086997224465704, 0.7637863040936395
0.6441739881800097, 0.040869972244033645, 0.7637863040936468
0.636534237747084, 0.11431080155012184, 0.7627300995927115
0.622386244927262, 0.18011898759763484, 0.7617036907040332
0.6020979030423496, 0.24079722142005744, 0.7612455670205148
0.575271340863804, 0.2985696292567085, 0.7615241695877241
0.5409094633633688, 0.3551043741651477, 0.7624420213319378
0.4971405823714674, 0.4120864696163981, 0.7635679294721929
0.4413035173572434, 0.4707956350447657, 0.7639389213745567
0.3834601497468046, 0.5203410156245293, 0.7630226346675384
0.32684913263597337, 0.5591482561462604, 0.761920515633821
0.2699801570628964, 0.589528745089155, 0.7612926989705734
0.2109219953199418, 0.6130277262111467, 0.7613861824242977
0.14803265406416014, 0.6302259123014852, 0.7621690316422475
0.07875647470844743, 0.6412174002149456, 0.7633070570570432
0.0, 0.6452195569757987, 0.7639972011047907
0.0, 0.6452195569757987, 0.7639972011047907
-0.07875647463532326, 0.6412173996062458, 0.7633070575759272
-0.14803265363849377, 0.6302259104931655, 0.7621690332201949
-0.21092199581896814, 0.6130277276550388, 0.7613861811235104
-0.26998015682773185, 0.5895287445564792, 0.7612926994664634
-0.32684913220948236, 0.5591482553867864, 0.7619205163741305
-0.3834601501571412, 0.5203410162107456, 0.7630226340615536
-0.44130351735676165, 0.4707956350452059, 0.7639389213745637
-0.4971405823710598, 0.4120864696168572, 0.7635679294722105
-0.5409094643848696, 0.35510437482039353, 0.7624420203020625
-0.5752713385742447, 0.298569628058866, 0.7615241717869414
-0.6020979030395344, 0.24079722141967833, 0.7612455670228614
-0.6223862450071929, 0.180118987616496, 0.7617036906342616
-0.636534236431815, 0.11431080130307888, 0.7627301007273898
-0.6441739881799791, 0.040869972244663016, 0.7637863040936389
-0.6441739881800124, -0.040869972244033693, 0.7637863040936446
-0.6365342377470871, -0.11431080155012277, 0.7627300995927087
-0.6223862449272642, -0.1801189875976389, 0.7617036907040302
-0.6020979030423532, -0.24079722142006083, 0.761245567020511
-0.5752713408638064, -0.29856962925670893, 0.7615241695877221
-0.5409094633633627, -0.3551043741651465, 0.7624420213319427
-0.4971405823714644, -0.4120864696164014, 0.7635679294721931
-0.4413035173572433, -0.47079563504476507, 0.7639389213745571
-0.3834601497468029, -0.5203410156245283, 0.7630226346675398
-0.3268491326359716, -0.5591482561462542, 0.7619205156338263
-0.26998015706289774, -0.5895287450891472, 0.7612926989705788
-0.21092199531994837, -0.6130277262111455, 0.7613861824242967
-0.14803265406416216, -0.63022591230149, 0.7621690316422431
-0.07875647470844066, -0.641217400214942, 0.7633070570570467
-0.0, -0.6452195569757986, 0.7639972011047909
-9.851560457464937e-16, -0.610821617321213, 0.7917682437513502
0.07445667479707642, -0.6073156578119514, 0.7909639026874736
0.14017948618948767, -0.5973626352996342, 0.7896249702229075
0.19996165096122667, -0.5813526786282013, 0.7886979150452191
0.2560704526643333, -0.5590695966421456, 0.7885867798680575
0.3099415434926984, -0.5299928246944989, 0.7893312646726405
0.36335873190360324, -0.4928225706505039, 0.7906303471324854
0.41783025686896486, -0.4456767597245309, 0.7917007656218716
0.4706893440958449, -0.3903139627415807, 0.7912689503851312
0.5125091963794763, -0.33662734373136116, 0.7899470584025436
0.5454421423221826, -0.28317839687021895, 0.7888617527330125
0.5710270884479435, -0.228358104114777, 0.7885306845924065
0.5901113431169197, -0.1706748046152492, 0.7890745933017306
0.6031154762361188, -0.10816235220043406, 0.7902864214264022
0.6099182007987559, -0.038605211218989625, 0.791523484175388
0.6099182010491925, 0.0386052112221658, 0.7915234839822561
0.603115477050699, 0.10816235235347094, 0.7902864207838011
0.5901113452131268, 0.170674805240757, 0.7890745915987812
0.5710270892652634, 0.22835810444434534, 0.7885306839050885
0.545442144682262, 0.283178398100634, 0.7888617506595013
0.5125091952691115, 0.3366273430198259, 0.7899470594261493
0.4706893440963919, 0.3903139627409279, 0.7912689503851279
0.41783025686961245, 0.44567675972389853, 0.7917007656218856
0.3633587314943677, 0.49282257006604807, 0.7906303476848704
0.3099415439265832, 0.5299928254665299, 0.789331263983893
0.25607045290707964, 0.5590695971903886, 0.7885867794005551
0.19996165044719713, 0.5813526771437604, 0.7886979162697312
0.1401794866331714, 0.5973626371701805, 0.7896249687290466
0.07445667488292539, 0.6073156585108506, 0.7909639021427655
0.0, 0.6108216173212122, 0.791768243751351
0.0, 0.6108216173212122, 0.791768243751351
-0.07445667479708318, 0.6073156578119489, 0.7909639026874747
-0.14017948618948708, 0.5973626352996236, 0.7896249702229156
-0.19996165096122426, 0.5813526786281946, 0.7886979150452247
-0.25607045266433315, 0.5590695966421332, 0.7885867798680662
-0.3099415434926968, 0.5299928246944824, 0.7893312646726522
-0.3633587319035885, 0.49282257065047425, 0.7906303471325109
-0.4178302568689513, 0.4456767597245132, 0.7917007656218885
-0.4706893440958301, 0.3903139627415625, 0.7912689503851491
-0.5125091963794571, 0.33662734373135267, 0.7899470584025595
-0.545442142322167, 0.28317839687022156, 0.7888617527330223
-0.5710270892627451, 0.2283581044443342, 0.788530683906915
-0.5901113442362561, 0.1706748049439797, 0.7890745923935285
-0.6031154764959636, 0.108162352241399, 0.7902864212224923
-0.6099182007989906, 0.038605211214092924, 0.791523484175446
-0.6099182007987565, -0.03860521121899729, 0.7915234841753872
-0.6031154779004899, -0.10816235251172203, 0.7902864201136152
-0.5901113441540781, -0.17067480492895953, 0.7890745924582344
-0.5710270874681469, -0.2283581037308371, 0.7885306854131308
-0.5454421427759377, -0.28317839710617637, 0.788861752334571
-0.5125091946222331, -0.33662734259455396, 0.789947060027062
-0.4706893440958371, -0.3903139627415698, 0.7912689503851412
-0.4178302572506139, -0.44567676013304264, 0.7917007651904855
-0.36335873171506256, -0.49282257038762173, 0.7906303473829972
-0.3099415440452239, -0.5299928256799333, 0.7893312637940184
-0.2560704518592352, -0.5590695948764602, 0.7885867813812745
-0.19996165044720404, -0.5813526771437599, 0.7886979162697297
-0.14017948663317392, -0.5973626371701859, 0.789624968729042
-0.0744566748829199, -0.6073156585108609, 0.790963902142758
-0.0, -0.6108216173212131, 0.7917682437513502
-9.211118401636783e-16, -0.5730456947483479, 0.8195234174386863
0.06969085734814508, -0.5700463741193655, 0.8186515227833177
0.13149240726941272, -0.5611715291809712, 0.8171880210007886
0.18785725459467284, -0.5464232916271452, 0.816168633471973
0.24073633243588838, -0.5254663563015965, 0.8160460321822789
0.29133902763540775, -0.4978474853309924, 0.8168656268481754
0.3412805011290084, -0.4625282031023561, 0.8182880182943159
0.39206019330535846, -0.41807821462058237, 0.8194506765419327
0.441598084197079, -0.36641203309294357, 0.8189831219495096
0.48121732673856443, -0.31631719428354826, 0.8175410185716516
0.5125396682049436, -0.26622751930554334, 0.8163491878361753
0.5367521333583596, -0.21463246471194494, 0.8159841005968961
0.5545410363207, -0.16023629475251014, 0.8165834733083635
0.5663448855056971, -0.10135493248775417, 0.8179123720313451
0.5722866703397635, -0.036091258323686225, 0.8192590481795363
0.5722866703400472, 0.03609125831712433, 0.8192590481796274
0.5663448870063231, 0.10135493276673138, 0.8179123709577002
0.5545410362422881, 0.16023629472832468, 0.8165834733663587
0.5367521333618372, 0.21463246470725955, 0.815984100595841
0.5125396675691056, 0.26622751898472957, 0.8163491883400058
0.4812173245118634, 0.3163171928535267, 0.8175410204356164
0.44159808547566537, 0.3664120341330126, 0.8189831207947665
0.39206019330937425, 0.418078214616716, 0.8194506765419839
0.3412805012580435, 0.46252820326350735, 0.8182880181494108
0.2913390269693993, 0.4978474841766948, 0.8168656277892095
0.2407363317190869, 0.5254663547352202, 0.816046033402355
0.18785725407847415, 0.5464232901383831, 0.8161686345875098
0.13149240772195528, 0.5611715310779664, 0.8171880196252844
0.06969085745074917, 0.5700463749399288, 0.8186515222032056
0.0, 0.573045694748347, 0.819523417438687
0.0, 0.573045694748347, 0.819523417438687
-0.06969085734849861, 0.5700463741193293, 0.8186515227833128
-0.13149240727004294, 0.5611715291808502, 0.8171880210007701
-0.18785725459553923, 0.5464232916268538, 0.816168633471969
-0.24073633243698672, 0.5254663563010685, 0.8160460321822949
-0.2913390276367389, 0.49784748533014195, 0.816865626848219
-0.3412805011306005, 0.46252820310107273, 0.8182880182943771
-0.39206019330728914, 0.4180782146187027, 0.819450676541968
-0.4415980841989544, 0.36641203309076603, 0.8189831219494725
-0.4812173267402345, 0.31631719428114013, 0.8175410185716003
-0.5125396682063953, 0.2662275193028532, 0.8163491878361411
-0.5367521324913442, 0.21463246435797853, 0.8159841012603222
-0.5545410351796893, 0.16023629441264553, 0.8165834741499136
-0.5663448853253736, 0.10135493245635835, 0.8179123721600967
-0.5722866703398092, 0.036091258322678496, 0.819259048179549
-0.5722866706064672, -0.03609125832920163, 0.8192590479929897
-0.566344886187961, -0.10135493261924114, 0.8179123715426332
-0.5545410373701376, -0.16023629506653767, 0.8165834725340705
-0.5367521314475127, -0.21463246394264723, 0.8159841020561984
-0.5125396656551372, -0.2662275179857765, 0.816349189867457
-0.48121732389205957, -0.31631719244371265, 0.8175410209590047
-0.44159808547678847, -0.36641203413173146, 0.818983120794734
-0.39206019366800715, -0.4180782149989847, 0.8194506761753679
-0.34128050147258915, -0.4625282035725132, 0.8182880178852688
-0.29133902710701554, -0.4978474844195365, 0.8168656275921256
-0.24073633066774366, -0.5254663524110944, 0.8160460352090503
-0.1878572540793512, -0.5464232901380977, 0.8161686345874989
-0.13149240772258652, -0.5611715310778467, 0.817188019625265
-0.06969085745109141, -0.5700463749399073, 0.8186515222031913
-0.0, -0.5730456947483497, 0.8195234174386851
-8.4969082959030475e-16, -0.5311681560716865, 0.8472664220747831
0.06437412066355616, -0.5286805305431171, 0.8463763165480483
0.12180368469518867, -0.5209213309715749, 0.8448697114546585
0.1743627470314905, -0.5075194004743844, 0.8438137771983543
0.2236594904048122, -0.4880263372699953, 0.8436863910735389
0.2706582669679049, -0.4620632730423714, 0.8445363427510396
0.3167837857445712, -0.42886655247751326, 0.8460032584188963
0.3634963814906042, -0.38747276255486546, 0.847192563070131
0.4093073859393477, -0.33991155332104434, 0.8467157726972924
0.4464122755141221, -0.2937606719689577, 0.8452341379018302
0.4758911391357045, -0.24736527296856944, 0.8440012117416104
0.498564509079057, -0.19933729616618742, 0.8436219963016093
0.5149476572496475, -0.14859585099519107, 0.8442441491417718
0.5254910346438557, -0.09376188455988008, 0.845616864491662
0.5305538220041613, -0.033285426524129774, 0.8469974748119875
0.5305538222861289, 0.03328542652396476, 0.8469974746353712
0.525491035633621, 0.09376188473787664, 0.8456168638568566
0.5149476571898307, 0.1485958509840131, 0.8442441491802248
0.4985645072137634, 0.19933729542600456, 0.8436219975788583
0.475891139247596, 0.24736527302518796, 0.844001211661926
0.4464122739188673, 0.2937606709390446, 0.845234139102313
0.4093073859393412, 0.3399115533210281, 0.846715772697302
0.36349638180410015, 0.3874727628912736, 0.8471925627817627
0.3167837855882452, 0.4288665522604229, 0.8460032585874825
0.27065826884169686, 0.46206327633778715, 0.8445363403475337
0.22365948994838716, 0.488026336304239, 0.8436863917531733
0.17436274675694496, 0.5075193997281598, 0.8438137777039089
0.12180368491516494, 0.5209213319158281, 0.8448697108407466
0.06437412078729149, 0.5286805315202424, 0.8463763159282855
0.0, 0.5311681560716847, 0.8472664220747843
0.0, 0.5311681560716847, 0.8472664220747843
-0.06437412066356288, 0.5286805305431129, 0.8463763165480506
-0.1218036846951902, 0.5209213309715706, 0.844869711454661
-0.17436274703148866, 0.5075194004743765, 0.8438137771983595
-0.2236594904048111, 0.48802633726998024, 0.843686391073548
-0.2706582669679026, 0.4620632730423529, 0.8445363427510503
-0.31678378574456484, 0.42886655247749417, 0.8460032584189086
-0.36349638149059194, 0.38747276255484825, 0.8471925630701441
-0.4093073859393326, 0.3399115533210261, 0.8467157726973071
-0.44641227551410145, 0.29376067196894945, 0.8452341379018439
-0.4758911391356884, 0.24736527296857413, 0.8440012117416181
-0.49856450907905575, 0.19933729616618778, 0.8436219963016099
-0.5149476572496425, 0.14859585099518471, 0.8442441491417763
-0.5254910346438477, 0.09376188455988524, 0.8456168644916664
-0.530553822004161, 0.03328542652413707, 0.8469974748119874
-0.5305538222861312, -0.033285426523964406, 0.8469974746353698
-0.525491035633626, -0.09376188473787767, 0.8456168638568534
-0.5149476571898339, -0.14859585098401787, 0.8442441491802221
-0.49856450721377843, -0.1993372954260123, 0.8436219975788476
-0.4758911392475999, -0.24736527302518807, 0.8440012116619239
-0.4464122739188717, -0.2937606709390495, 0.8452341391023093
-0.40930738593933996, -0.33991155332103307, 0.8467157726973005
-0.36349638180410015, -0.3874727628912723, 0.8471925627817631
-0.3167837855882453, -0.4288665522604233, 0.8460032585874822
-0.2706582688416991, -0.46206327633778893, 0.8445363403475321
-0.22365948994839094, -0.48802633630423414, 0.8436863917531752
-0.17436274675695426, -0.5075193997281585, 0.8438137777039078
-0.12180368491516949, -0.5209213319158348, 0.8448697108407419
-0.06437412078728272, -0.5286805315202238, 0.846376315928298
-0.0, -0.5311681560716865, 0.8472664220747831
-7.692980295992209e-16, -0.4841162342193368, 0.8750036981437783
0.05838221167371295, -0.48213896077114105, 0.8741473216035213
0.1108669690031529, -0.475531492039407, 0.8726845451036872
0.15911564360734423, -0.46357798014785656, 0.8716522633949012
0.20436985200509333, -0.445727577989279, 0.8715273316490008
0.24733208245249153, -0.42168254611406863, 0.8723592558645035
0.2892140082135986, -0.39096375893234675, 0.8737863564135767
0.3314018489654301, -0.35307927165807923, 0.8749330502545292
0.3729895785961394, -0.31011684992675886, 0.8744748787988014
0.40717634158255517, -0.26834578670716147, 0.8730394983114801
0.43450398552877767, -0.22607170605127105, 0.8718359193579235
0.4554186928547037, -0.1820551375177627, 0.8714641364404512
0.47025664125190036, -0.13544808278121995, 0.8720736827982905
0.47947225121655657, -0.08519750009150034, 0.8734115560785111
0.4836445439552207, -0.03012538981600177, 0.8747459151037977
0.48364454395483075, 0.030125389827742006, 0.874745915103609
0.4794722529228781, 0.08519750042583622, 0.8734115551091876
0.47025664118743704, 0.13544808277680756, 0.872073682833737
0.45541869271499136, 0.18205513747212257, 0.8714641365229983
0.4345039881262924, 0.22607170740920707, 0.8718359177112586
0.4071763400916296, 0.26834578576373236, 0.8730394992968133
0.37298957858851034, 0.31011684993521466, 0.8744748787990567
0.3314018489567079, 0.3530792716665134, 0.8749330502544294
0.2892140079151735, 0.39096375852831194, 0.8737863566931322
0.24733208279989186, 0.42168254675265926, 0.8723592554573252
0.20436985243265865, 0.44572757896740894, 0.8715273310484909
0.15911564335308634, 0.46357797945564716, 0.871652263809458
0.11086696917269377, 0.4755314927705169, 0.8726845446837619
0.05838221182280555, 0.4821389619405126, 0.8741473209485928
0.0, 0.48411623421933475, 0.8750036981437794
0.0, 0.48411623421933475, 0.8750036981437794
-0.05838221167253252, 0.48213896077122786, 0.8741473216035522
-0.11086696900098482, 0.47553149203980033, 0.8726845451037483
-0.15911564360432523, 0.4635779801488081, 0.8716522633949462
-0.20436985276848035, 0.44572757968187343, 0.8715273306043413
-0.24733208353134412, 0.4216825480110648, 0.872359254641653
-0.28921400780096945, 0.3909637583689565, 0.873786356802234
-0.33140184895919694, 0.35307927166409125, 0.874933050254464
-0.37298957747565453, 0.3101168490214408, 0.8744748795977765
-0.40717633909403095, 0.26834578510750456, 0.8730394999637874
-0.4345039885411068, 0.22607170760325854, 0.8718359174542057
-0.4554186926184528, 0.18205513742085389, 0.8714641365841587
-0.4702566403248973, 0.13544808251005, 0.8720736833402846
-0.4794722512829109, 0.08519750011022206, 0.8734115560402586
-0.4836445439550551, 0.030125389821031596, 0.874745915103716
-0.48364454424762926, -0.030125389837139162, 0.874745914941398
-0.47947225228419504, -0.08519750030225885, 0.8734115554718566
-0.47025664009836415, -0.1354480824592019, 0.8720736834703376
-0.45541869062726953, -0.18205513663994483, 0.8714641377878692
-0.4345039856237772, -0.2260717061111313, 0.8718359192950558
-0.40717633997444647, -0.2683457856806207, 0.8730394993770125
-0.372989578589593, -0.3101168499340162, 0.87447487879902
-0.331401849207576, -0.353079271931578, 0.8749330500524402
-0.2892140080866272, -0.3909637587687809, 0.8737863565287886
-0.24733208436342294, -0.42168254947813116, 0.8723592536965882
-0.20436985157618423, -0.4457275770905712, 0.871527332209207
-0.15911564335007844, -0.4635779794566064, 0.8716522638094969
-0.11086696917052832, -0.47553149277092205, 0.8726845446838162
-0.0583822118216107, -0.48213896194060424, 0.8741473209486219
-0.0, -0.4841162342193372, 0.8750036981437781
-6.774184159894887e-16, -0.4301771084604024, 0.9027445127812449
0.051519198402232194, -0.4287010028277323, 0.901976287033361
0.09829255810738863, -0.4232820958103276, 0.9006502319919327
0.14154075577010575, -0.4129087515827208, 0.8997069396878219
0.18211957008367696, -0.3969458754867443, 0.8995923710918177
0.2204564049132252, -0.3751830620143, 0.9003536213679102
0.25752628539620886, -0.347428881754827, 0.9016503670784041
0.294599546546055, -0.3136512563254623, 0.9026815587904286
0.33132566670634445, -0.27591689540024417, 0.9022711174665224
0.3620500491168874, -0.239096285123375, 0.900973211796367
0.3868007453261134, -0.20151875958535406, 0.899875198541633
0.4056527412665779, -0.16212265074390683, 0.8995343793422684
0.41875860527603725, -0.12030912374967798, 0.9000927425825924
0.42656548055188626, -0.07536847272907111, 0.9013109808051966
0.42984307165643665, -0.02651304042478485, 0.9025142616249303
0.42984307148183365, 0.026513040412408193, 0.9025142617084526
0.4265654820604629, 0.07536847301279105, 0.9013109800675043
0.41875860509383694, 0.12030912366490565, 0.9000927426786899
0.4056527389274126, 0.16212264976641144, 0.8995343805733085
0.3868007501449322, 0.2015187620411935, 0.8998751959203578
0.36205004835098464, 0.23909628462726382, 0.9009732122357957
0.33132566670633545, 0.27591689540022474, 0.9022711174665317
0.29459954671090827, 0.31365125650283615, 0.9026815586749956
0.2575262853256868, 0.3474288816583778, 0.9016503671357107
0.220456406844626, 0.37518306539155283, 0.9003536194876736
0.1821195697113112, 0.3969458746984099, 0.8995923715150551
0.14154075555005027, 0.41290875098351726, 0.8997069399974376
0.09829255819927954, 0.42328209621629953, 0.9006502317911079
0.051519198579879744, 0.42870100422074525, 0.901976286361128
0.0, 0.4301771084604018, 0.9027445127812451
0.0, 0.4301771084604013, 0.9027445127812455
-0.05151919840223962, 0.4287010028277328, 0.9019762870333604
-0.0982925581073914, 0.4232820958103252, 0.9006502319919335
-0.14154075577010414, 0.4129087515827115, 0.8997069396878266
-0.1821195707957635, 0.39694587705468776, 0.899592370255802
-0.2204564058933836, 0.37518306372316873, 0.9003536204158165
-0.25752628525502697, 0.34742888155544405, 0.9016503671955554
-0.29459954666718036, 0.31365125645472297, 0.9026815587059843
-0.3313256656564524, 0.2759168945395082, 0.9022711181152717
-0.3620500465193829, 0.23909628343858225, 0.9009732132872597
-0.38680075273568454, 0.2015187633668759, 0.8998751945098792
-0.4056527412840925, 0.1621226506993666, 0.8995343793423974
-0.4187586052873813, 0.12030912370227395, 0.9000927425836508
-0.42656548055777405, 0.07536847267781453, 0.9013109808066964
-0.42984307165798186, 0.0265130403684186, 0.9025142616258502
-0.4298430714802895, -0.026513040468782178, 0.9025142617075319
-0.4265654820545712, -0.07536847306405484, 0.901310980066006
-0.4187586050824892, -0.12030912371230709, 0.9000927426776335
-0.405652741131491, -0.16212265069839293, 0.8995343794113899
-0.3868007523350468, -0.20151876323161846, 0.8998751947123781
-0.36205004742180935, -0.239096284092031, 0.9009732127512162
-0.3313256665735966, -0.27591689536254405, 0.902271117526798
-0.2945995466255728, -0.3136512564953341, 0.9026815587054523
-0.25752628542309414, -0.3474288818726119, 0.9016503670253397
-0.22045640852898193, -0.37518306836697973, 0.9003536178353708
-0.18211957261855255, -0.3969458810974232, 0.8995923681029236
-0.14154075555005996, -0.4129087509835169, 0.8997069399974363
-0.09829255819928431, -0.4232820962163094, 0.9006502317911029
-0.051519198579873, -0.42870100422076324, 0.9019762863611198
-0.0, -0.4301771084604024, 0.9027445127812449
-5.696105280029952e-16, -0.3662901421143871, 0.9305006887637548
0.04343918341709098, -0.3652959155497848, 0.9298773744030451
0.08339047323320266, -0.3611087124290477, 0.9287876650676288
0.12061649232147252, -0.35250318171956346, 0.9280049399963605
0.15557681966558387, -0.3387917684669222, 0.9279094733872468
0.18841807714357417, -0.31985630212626476, 0.9285421768533888
0.21985373882536086, -0.2957837046679209, 0.9296108506130026
0.25098561203062025, -0.2669625119223037, 0.9304500200342568
0.2819628865618581, -0.23532583717556002, 0.9301175629775661
0.30843527562168194, -0.20426893632883508, 0.9290542946476613
0.3299752185191563, -0.17223021407589967, 0.9281449824906692
0.3463094894999824, -0.13835999425309084, 0.9278611154006542
0.35740968146566765, -0.10232091384585411, 0.9283257780458105
0.3636984057850975, -0.06375628759391827, 0.9293323439015884
0.36608481430922013, -0.022275400385681127, 0.930314847387615
0.3660848147382405, 0.02227540041284508, 0.9303148472181424
0.3636984057983574, 0.06375628759852528, 0.929332343896083
0.3574096798361364, 0.10232091337924608, 0.9283257787246174
0.34630948949519913, 0.1383599942652995, 0.927861115400619
0.32997521410237934, 0.17223021180398604, 0.9281449844825124
0.3084352772748956, 0.20426893739837723, 0.9290542938636558
0.2819628865618469, 0.2353258371755382, 0.9301175629775751
0.25098560767219313, 0.2669625072788188, 0.9304500225422248
0.21985373878675651, 0.29578370461885284, 0.9296108506377451
0.18841807859589968, 0.3198563046480645, 0.9285421756899974
0.15557681960153916, 0.3387917683392865, 0.9279094734445863
0.12061649243659184, 0.352503182064684, 0.9280049398503037
0.08339047331425788, 0.361108712771781, 0.928787664927098
0.04343918362679653, 0.3652959172169107, 0.9298773737383298
0.0, 0.3662901421143823, 0.9305006887637567
0.0, 0.3662901421143823, 0.9305006887637567
-0.04343918341709694, 0.365295915549777, 0.9298773744030479
-0.08339047323320359, 0.36110871242903836, 0.9287876650676323
-0.12061649232147031, 0.3525031817195526, 0.9280049399963649
-0.15557681966558262, 0.3387917684669063, 0.9279094733872528
-0.18841807714357164, 0.3198563021262456, 0.9285421768533958
-0.2198537388253567, 0.2957837046679041, 0.9296108506130089
-0.25098561203060726, 0.2669625119222856, 0.9304500200342656
-0.28196288656184154, 0.2353258371755401, 0.9301175629775761
-0.30843527562166717, 0.2042689363288317, 0.9290542946476669
-0.3299752185191383, 0.17223021407590527, 0.9281449824906746
-0.3463094894999791, 0.13835999425308987, 0.9278611154006556
-0.3574096814656599, 0.10232091384584484, 0.9283257780458144
-0.3636984057850848, 0.06375628759392318, 0.9293323439015929
-0.36608481430921846, 0.02227540038568884, 0.9303148473876154
-0.36608481473824606, -0.022275400412845113, 0.9303148472181402
-0.3636984057983673, -0.06375628759852767, 0.929332343896079
-0.35740967983613875, -0.10232091337925198, 0.9283257787246159
-0.34630948949519835, -0.13835999426530177, 0.927861115400619
-0.3299752141023824, -0.17223021180398523, 0.9281449844825115
-0.30843527727490355, -0.20426893739838564, 0.9290542938636513
-0.2819628865618444, -0.2353258371755445, 0.9301175629775742
-0.25098560767219774, -0.26696250727882503, 0.9304500225422218
-0.21985373878675946, -0.29578370461885883, 0.9296108506377424
-0.18841807859589602, -0.31985630464806286, 0.9285421756899986
-0.15557681960153955, -0.338791768339281, 0.9279094734445883
-0.12061649243660233, -0.3525031820646837, 0.9280049398503025
-0.08339047331426402, -0.3611087127717933, 0.9287876649270927
-0.04343918362679239, -0.3652959172169518, 0.9298773737383138
-0.0, -0.36629014211438626, 0.9305006887637551
-4.3634572093241467e-16, -0.28581454068450096, 0.9582849515323235
0.03340050902277747, -0.2852686637471988, 0.9578654370426501
0.06467732750117133, -0.28238026127639343, 0.9571197581017654
0.09413946089004946, -0.2758578756726458, 0.9565773331689947
0.12186100782113812, -0.26502253730946557, 0.9565108203731254
0.1477211401139839, -0.24984950779425233, 0.9569502015352703
0.17214567292890462, -0.23066599204770816, 0.9576842211316323
0.1959939723859692, -0.20818496430146627, 0.9582512110230621
0.21980473674014886, -0.1840335108835195, 0.9580279456145732
0.24071504613876338, -0.1600832861276623, 0.9573032999342381
0.2579647045119817, -0.13500965268569057, 0.9566747644355083
0.2709986823339112, -0.10821864845555564, 0.9564770976347196
0.27962712853389887, -0.07963573522120423, 0.9568003023952619
0.2842180481352647, -0.04924782949756488, 0.9574939960145751
0.2857229313478142, -0.01704190512995561, 0.9581607276295317
0.2857229318189399, 0.017041905152594742, 0.9581607274886398
0.2842180481608517, 0.049247829492787, 0.9574939960072256
0.2796271207763523, 0.07963573297182298, 0.956800304849642
0.2709986823347917, 0.10821864845330967, 0.9564770976347242
0.2579647045131921, 0.13500965268361564, 0.9566747644354747
0.24071504289492626, 0.16008328400387933, 0.9573033011050505
0.21980473668090747, 0.18403351082864342, 0.9580279456387065
0.19599397239033353, 0.2081849642971191, 0.958251211023114
0.17214567288282653, 0.23066599197566615, 0.9576842211572669
0.1477211410992586, 0.2498495094769804, 0.9569502009438345
0.12186100806761534, 0.2650225378562746, 0.9565108201902183
0.09413946088718292, 0.2758578756735053, 0.9565773331690289
0.06467732742377451, 0.2823802609473629, 0.9571197582040699
0.03340050925479673, 0.28526866561771885, 0.9578654364774869
0.0, 0.2858145406844945, 0.9582849515323255
0.0, 0.2858145406844945, 0.9582849515323255
-0.03340050902298457, 0.285268663747188, 0.957865437042646
-0.0646773275015493, 0.2823802612763189, 0.9571197581017619
-0.09413946089058241, 0.2758578756724763, 0.9565773331689912
-0.12186100782180506, 0.2650225373091259, 0.9565108203731346
-0.1477211401147614, 0.24984950779369472, 0.956950201535296
-0.1721456729297922, 0.2306659920469063, 0.9576842211316658
-0.1959939723870127, 0.20818496430040237, 0.9582512110230799
-0.21980473674125445, 0.1840335108823141, 0.958027945614551
-0.24071504613982406, 0.1600832861262851, 0.9573032999342017
-0.2579647045129125, 0.1350096526840867, 0.9566747644354836
-0.27099868233465435, 0.1082186484536518, 0.9564770976347243
-0.27962712853437666, 0.07963573521899005, 0.9568003023953067
-0.2842180481354796, 0.049247829495035124, 0.9574939960146415
-0.2857229313478536, 0.01704190512705426, 0.9581607276295717
-0.2857229318188959, -0.017041905155711266, 0.9581607274885975
-0.2842180481605711, -0.04924782949590661, 0.9574939960071486
-0.2796271207756694, -0.07963573297495205, 0.9568003048495811
-0.27099868233357705, -0.10821864845642755, 0.9564770976347156
-0.2579647022438102, -0.13500965153700015, 0.9566747652092221
-0.24071504489633416, -0.1600832853066814, 0.9573033003839355
-0.21980473650287213, -0.18403351068063534, 0.9580279457079858
-0.19599397157739734, -0.2081849634305009, 0.9582512113776634
-0.17214567284843105, -0.23066599193044984, 0.9576842211743402
-0.14772114016102672, -0.24984950786670895, 0.9569502015090909
-0.12186100810908247, -0.2650225379452752, 0.9565108201602758
-0.09413946088772801, -0.27585787567334236, 0.9565773331690223
-0.06467732742415987, -0.2823802609473189, 0.9571197582040568
-0.0334005092549898, -0.285268665617735, 0.9578654364774752
-0.0, -0.2858145406844992, 0.9582849515323242
