-0.0, -0.16614297813328366, 0.9861016736711298
-0.018074504597520167, -0.16720821511128794, 0.9857114956119664
-0.03635171121358294, -0.16709108548831833, 0.9851881879141889
-0.05455328403525203, -0.16457126853969506, 0.984727251072822
-0.07214764337112631, -0.15910277477433327, 0.9844480280130395
-0.08863724500478423, -0.15079125734311302, 0.984368627627747
-0.10386202723452194, -0.14019641143338696, 0.984411365290663
-0.11818346526193943, -0.12816449659066786, 0.9844087362628147
-0.13237836020934193, -0.11563348905167296, 0.9841259880590983
-0.14615992670274108, -0.10236612872089063, 0.9836089611971301
-0.15847928296561042, -0.0875871167936334, 0.9830887880798888
-0.16845021133029547, -0.07106895881236765, 0.9827269455056831
-0.1755850570085306, -0.05309927819913141, 0.9825832534393779
-0.17993948116373218, -0.03418590020630663, 0.9826132848983683
-0.1821641650967575, -0.014764995061960476, 0.9826720558075119
-0.18346112936279727, 0.004953561298253934, 0.9825136801152076
-0.18419212728456272, 0.024915354344923667, 0.9820469945889487
-0.18320922985288166, 0.04499791623078289, 0.9814844065971896
-0.17947851734487658, 0.0648193513376798, 0.9810367644699169
-0.17260136988948083, 0.08382331369264627, 0.9808107033915421
-0.16278238780706467, 0.10156318468806327, 0.9808020187123512
-0.1506757568948356, 0.11798164976882453, 0.9808958047265535
-0.13725283959182177, 0.13359689350872414, 0.9808610710067232
-0.12324376389014849, 0.14898842861224332, 0.9804897285892308
-0.10820535395749178, 0.1636054929959656, 0.9799121216576161
-0.09147092962762911, 0.17637334229867566, 0.9793830537906763
-0.07294028504697993, 0.18645058103282708, 0.979060685320974
-0.05297561373685919, 0.19344306975140688, 0.9789875525231031
-0.0321099912364303, 0.1975253475532202, 0.979086886318717
-0.010775484976164436, 0.19953647666070107, 0.9791566951209278
0.010837548883969771, 0.20068906363426944, 0.9789197920073133
0.03266777638417462, 0.2009632241856093, 0.9783664536183974
0.05451713156335086, 0.19907679930024474, 0.9777689942884438
0.07592829296157128, 0.19408932365639284, 0.9773421395593765
0.09632133350399637, 0.18572222450290937, 0.9771808100373072
0.11527272046523843, 0.17428426677763462, 0.9772542943452742
0.1328294999213309, 0.1605706359912324, 0.9773971187098245
0.14964820921994385, 0.14566312432457917, 0.977315415036641
0.1661716835286322, 0.13012259443691235, 0.9768379622182772
0.18157050065311703, 0.11329266650358283, 0.9761948181869857
0.1947242715703559, 0.09457012789249383, 0.9756626008868371
0.20482970452819763, 0.07397238431279327, 0.9753931557204785
0.2115527607445247, 0.05195115470279544, 0.9754088706467541
0.2152202707121176, 0.029102531784913805, 0.9755886602098514
0.21690398933054716, 0.0058536523525389425, 0.9756581242495019
0.21786891212335902, -0.01765030494519938, 0.9753128097710616
0.21764956652635806, -0.04133787688429188, 0.9746576287535871
0.21478681096142188, -0.06494681498573482, 0.9740276077144177
0.20843579288662847, -0.08793969053096004, 0.9736354633548356
0.1984241729663434, -0.10967490119965087, 0.9735627489243929
0.18521617560851084, -0.12973971194979791, 0.9737413393123693
0.16978930067820097, -0.14832618506068007, 0.973936306027147
0.15338836831113928, -0.16633175569926678, 0.9737718734406015
0.1363435353583525, -0.18401080469178505, 0.9731509189632185
0.1176640225028174, -0.2001446524318258, 0.9724401879313527
0.09686643233592963, -0.21360508377041484, 0.9719174441312508
0.0741073713333881, -0.2235886316549981, 0.9717288107714657
0.04997312400663471, -0.2297887536973913, 0.9718688434556987
0.025148590065234813, -0.23283435113444653, 0.9721402044755828
-3.157196726277789e-16, -0.23419276861251032, 0.972190180535479
-0.0, -0.2341927686125103, 0.972190180535479
-0.02536655094204559, -0.2348582169480503, 0.9716643875833385
-0.050842757180515986, -0.23379340463559534, 0.9709019705150488
-0.07605021535686352, -0.2294533431361358, 0.9702612166234005
-0.10026967569868352, -0.221108485418298, 0.9699573997308293
-0.1228660213487049, -0.20898778903277607, 0.9700111828281238
-0.1436315938003189, -0.19383940207482556, 0.970279262706288
-0.16301846500940642, -0.17677118732990002, 0.9704638169451846
-0.18202622937635188, -0.15902134426991163, 0.9701468524250795
-0.20027918214107052, -0.14029952102303073, 0.9694155072129689
-0.21640775568050769, -0.1196207627489653, 0.968689319044544
-0.22930237728056505, -0.09674389802617739, 0.968244955018293
-0.2383851950152346, -0.07207707927048342, 0.9681754313375109
-0.24374916377888983, -0.0462848143767386, 0.9683993316301716
-0.24621782377585757, -0.019938760316703177, 0.9686698062752087
-0.2473211254831881, 0.0066713711417724884, 0.968569022950193
-0.24753710025372297, 0.0334599892362232, 0.9679425914379753
-0.24540367370866337, 0.06025199308535922, 0.9671632373797976
-0.2396583375048255, 0.08654588866615619, 0.966583733724798
-0.22986145622292728, 0.11164070410183452, 0.966371868263684
-0.21630465584765435, 0.13498224471405207, 0.9665142458304878
-0.19981440606025946, 0.15648729145767515, 0.9668221280331722
-0.18161560161597107, 0.17678265965188777, 0.9669189019499956
-0.16264678932673796, 0.1965913312097933, 0.9664622811512253
-0.14236583415421267, 0.21521191461971864, 0.9656762138904815
-0.11997894491764063, 0.23131416325370444, 0.9649771554847815
-0.09540933149900593, 0.24389392651493852, 0.9646111434394169
-0.06912995351147072, 0.25249943192295965, 0.964638419541898
-0.0418092775282949, 0.2573479933752633, 0.9649360333193262
-0.013998658846311423, 0.25945926318958107, 0.9651864656130105
0.014045598730279659, 0.2603332348213685, 0.9649498057475114
0.04223093868763299, 0.25995133846226826, 0.9642174932368646
0.0702945139434258, 0.25675877833520455, 0.9634253907927277
0.09766622141557507, 0.24966411963734336, 0.9629021122160416
0.12364528650705792, 0.23837838982865364, 0.9627860808801005
0.14771614730854926, 0.2232916535503173, 0.9630274193028829
0.16991430174432795, 0.20536864924042106, 0.9633743306310936
0.19101617918696234, 0.18593429599888248, 0.9633760262866484
0.21155305714396413, 0.16568919457682277, 0.9627719160888832
0.23051398541797666, 0.14385786021717473, 0.9619249041108109
0.2465744000296314, 0.1197613783027871, 0.9612512633201602
0.25881040539048916, 0.09345900642291616, 0.9609708579809371
0.26684089219039, 0.0655058746242574, 0.9611128430317994
0.27104360146704515, 0.036626026196917134, 0.9614981860339094
0.27268472874389127, 0.007352208596831753, 0.9617189829705649
0.2732856691063567, -0.02212073852090133, 0.961319544113909
0.27229191071267866, -0.05169044185073475, 0.9604685394068323
0.2680120657839745, -0.08102613846968394, 0.9596622288589738
0.25950438752319227, -0.10948730471721538, 0.9592047308926215
0.24659881989109758, -0.13632182113159425, 0.959208987471607
0.22984333086403733, -0.16103175417508375, 0.9595765508269415
0.21038878784617362, -0.18381512180282927, 0.9599682212879704
0.18972133495491045, -0.20571455188341897, 0.9598346024711931
0.16823988207723475, -0.22701567255399557, 0.9590450707501543
0.14481879976748166, -0.24629706555241618, 0.9581353904302041
0.11894219555288825, -0.2622744610134804, 0.9574974409749111
0.09081969636456387, -0.2740458958311913, 0.9573321578206209
0.061136266127854465, -0.2812237746028283, 0.9576322762190985
0.030716236002904546, -0.2845924402539788, 0.9581141139207237
-3.8163916471489756e-16, -0.2858144474702596, 0.9582849793340551
-0.0, -0.2858144474702596, 0.9582849793340551
-0.029687695714568012, -0.28619138765843144, 0.9576390711891631
-0.057029559243977776, -0.28438208195467624, 0.9566690078151753
-0.08164093289610336, -0.27866559389881973, 0.9558723222973162
-0.10286472901839831, -0.2681829103579148, 0.9555483034596552
-0.1202721855529946, -0.2532664304597993, 0.9557170472870795
-0.1339094810388945, -0.23477419898623822, 0.9561802646106086
-0.14440986161055774, -0.21396746688536186, 0.9565292270673016
-0.15278525486836242, -0.19227083667988612, 0.9561831430963412
-0.1588344445110989, -0.16936932037848795, 0.9552634349835122
-0.16169424697748663, -0.14416178088276713, 0.9543587972748211
-0.16091848254065244, -0.11642049260705709, 0.9538442318873874
-0.15658069206814412, -0.08664107913204772, 0.9538388137758376
-0.14923759046806945, -0.05558842985442598, 0.954229969625378
-0.1398333135644289, -0.023924939282277964, 0.9546851953945121
-0.12954985019427623, 0.00799704791434186, 0.9546361198331796
-0.11881832047681354, 0.04006091279311996, 0.9538690205046725
-0.10713141470087639, 0.07204469041845413, 0.9529012853208167
-0.09429266063098249, 0.10335947004842339, 0.9522088601526985
-0.08059331647066155, 0.13320918566949347, 0.9520095846252516
-0.06662118900208337, 0.1609678976811162, 0.952281852706146
-0.05306642627631902, 0.18652059737113957, 0.9527755728905101
-0.04058217506314467, 0.21053983722075134, 0.9529884737031148
-0.02956309538600045, 0.23382603703779992, 0.9524567162219699
-0.020007818066853325, 0.25557434992069045, 0.9514889129412647
-0.011956095612587384, 0.27429378417640243, 0.9506437473496341
-0.0056245396067939255, 0.2888861492670961, 0.9502407172240642
-0.0012698072646331604, 0.2988660009799039, 0.9503540672989368
0.0009214419324652563, 0.30446330743755057, 0.9508229501916273
0.0008700738872127259, 0.30679040154914794, 0.9512316281841606
-0.0014313473097524723, 0.30751840118383594, 0.9509952474440269
-0.0059665725692087945, 0.30662910046739456, 0.9501063610042861
-0.012677106266836546, 0.3024042866469887, 0.9491464809946472
-0.02141280204138704, 0.29367573466463925, 0.9485409109418543
-0.03191835284491947, 0.28015910320152704, 0.9484635808724458
-0.0438754785259199, 0.2622908491799174, 0.948849224843122
-0.05703336007696093, 0.24113333007246424, 0.9493738411941697
-0.07138704200168583, 0.2181647068414596, 0.9494489271552733
-0.0869709325700606, 0.19418220840836675, 0.9487335081613846
-0.10328630507382017, 0.16834681414444239, 0.9477102969945013
-0.11957239940366374, 0.13995187949871712, 0.9469157015810352
-0.1350765250327379, 0.10909694522593347, 0.9466258496352119
-0.14917268525755945, 0.0764067142318286, 0.9468758600613809
-0.16156834944102327, 0.0426912461888859, 0.9474392102139446
-0.1725411849289965, 0.008562898906179933, 0.9477926244138609
-0.18273617342129428, -0.02573797828619435, 0.9473451134505586
-0.19167380739199363, -0.060077696524215594, 0.9463243908339326
-0.19805435175973252, -0.09406893130357669, 0.945367055351137
-0.20089066562951258, -0.12699780918686404, 0.9448536871389404
-0.19962465607341304, -0.15803656666895097, 0.9449233877097312
-0.19421459829720805, -0.1866193548925381, 0.9454537433438657
-0.1851962935993415, -0.2129265264842575, 0.9460169789533781
-0.17358105169314603, -0.23807855595067612, 0.9459095996552357
-0.15962028279634105, -0.26237305225407315, 0.9449734751610461
-0.14223741349242608, -0.2842569292145834, 0.9438930769992259
-0.1207954932412382, -0.30234966058984886, 0.9431567598984482
-0.0952867025227477, -0.3156877162358448, 0.943010950864474
-0.06619838762427523, -0.32380518207086606, 0.9434488159658592
-0.0342887856985378, -0.32759716751080703, 0.944111908827874
0.0, -0.32883143900428585, 0.944388630131881
-4.338755029948907e-16, -0.32883143900428585, 0.944388630131881
0.0354789029439705, -0.3289555789247835, 0.9436376640873697
0.07094913903267071, -0.3264840568601624, 0.9424890657815436
0.10590336317528459, -0.3196017119701561, 0.941558591908698
0.13939214787338666, -0.3073540652844347, 0.9412180765544653
0.17064075573922172, -0.2901645516282151, 0.9414850560302976
0.19936633165760634, -0.2689593121132132, 0.9421155348690304
0.226059731438415, -0.24509414245235112, 0.9426071530854458
0.25190139111617577, -0.22011497167885893, 0.9422364248709733
0.2764036433476945, -0.1936983902422985, 0.9411532125976594
0.29785051801716866, -0.16468315666938405, 0.940095698233866
0.31492056104158217, -0.13287048393703904, 0.9395219676153919
0.3269648636564396, -0.0988249451829354, 0.9395713505916059
0.33409827276061127, -0.0633812109410145, 0.9401052735609199
0.33727238615944016, -0.0272678255144855, 0.9407198017546714
0.33831094996241295, 0.009109810926583528, 0.9407163459711831
0.33780636426233007, 0.04560338706427829, 0.9398270046154249
0.3339797733877774, 0.08194676121637624, 0.938697509656899
0.3253785524986218, 0.11748217002734676, 0.9379094155972871
0.3115659028511229, 0.15134662275907834, 0.9377211409274825
0.2929301783999868, 0.18286275569485985, 0.9381038573176477
0.27045340411575036, 0.2118812542643604, 0.9387569331802452
0.24560862495480545, 0.2390843859143807, 0.9390708832492807
0.21956247550588942, 0.26530911437668925, 0.938473826098315
0.1916959844291129, 0.2896759334068598, 0.9373496264531563
0.1611343561711146, 0.3105901714275313, 0.9363803546851559
0.12787289315790346, 0.3268996657450607, 0.9359462726193293
0.09251965075396854, 0.33809966538272773, 0.9361325543712278
0.05589220766453048, 0.34441724422690867, 0.9367475344387111
0.018690741022503024, 0.3470073178252515, 0.9372928965351426
-0.01872461910734017, 0.34764100497130185, 0.9370567824163487
-0.056196252271414546, 0.3463001813410817, 0.9360328206016483
-0.09335839368416238, 0.34117163576355375, 0.9349301539825914
-0.1294978837997438, 0.33105498567321967, 0.9342552144243597
-0.16377766930222093, 0.31568003836577785, 0.9342105591723555
-0.19556375335147874, 0.295510932521149, 0.934718664764127
-0.22483030189479014, 0.27166639555906835, 0.9353958230262224
-0.2524268500432041, 0.24572293438654902, 0.9355344907762843
-0.2789494776728653, 0.21854744368683005, 0.9347227224813389
-0.30318436884336186, 0.18927398597715434, 0.933549294567066
-0.3236035317390845, 0.15719812024891178, 0.9326526146782348
-0.339173069513918, 0.12245915086935202, 0.9323547597918902
-0.3494508048784897, 0.08573186765209594, 0.9326959484011945
-0.35482134857625913, 0.04788729401316575, 0.933411217342646
-0.35670812723704026, 0.009601326038558147, 0.933879036401307
-0.35689022569693285, -0.028842302142831133, 0.9333895510289258
-0.35472589720234987, -0.06727778494299541, 0.9322238635429381
-0.3483188123716281, -0.10526879639890653, 0.9311389708867813
-0.336666515898864, -0.14204670580732684, 0.9305785473664707
-0.31961247822127414, -0.17673006758817686, 0.9307031192672521
-0.2977713370877896, -0.20869727744870142, 0.9313716057458765
-0.27245974365000547, -0.23809717325187035, 0.9320821108043345
-0.2454317614982802, -0.2660832506150981, 0.9319967668791606
-0.2171806190130152, -0.2929528249760704, 0.930935125888281
-0.18648390804032763, -0.3170687441885831, 0.9297104239556178
-0.15283927309629047, -0.33699347078856184, 0.9288914088174215
-0.11653673224100534, -0.35172683846156566, 0.9287616250021019
-0.07836685443002285, -0.36072999493646485, 0.9293161340663362
-0.03933910440280469, -0.36497924812944504, 0.9301328767861649
0.0, -0.3662900715736077, 0.9305007165320194
-4.802353025171204e-16, -0.3662900715736077, 0.9305007165320193
0.03946718146167486, -0.3661754573105714, 0.929659388812295
0.0788768261698134, -0.3630854333321461, 0.9283597196748855
0.11767445283746694, -0.355164556996715, 0.9273163536502753
0.1548330238048765, -0.34138777096062284, 0.9269626077413534
0.18954142158539794, -0.3222599662980766, 0.92731217856468
0.22148451222017654, -0.29874838702022954, 0.9280837079109234
0.25113740921819794, -0.27226465046629483, 0.9286970302846034
0.2797003163426694, -0.24443124126080684, 0.9283057376615337
0.3066449507869333, -0.21492733669457198, 0.9270830390203108
0.33016275845047816, -0.18257137247254832, 0.9258967824058035
0.34888737275252635, -0.14720368207923448, 0.9252740422079037
0.3621615514144064, -0.10944512973225148, 0.9253694862619368
0.37009889061039136, -0.0701801246292928, 0.9260232240767629
0.373661607796834, -0.030187051246410766, 0.9267727455607921
0.37472475090951296, 0.010082184912783263, 0.9268087546598028
0.37390296978012294, 0.050446723325838105, 0.9258150736001659
0.36934718051222326, 0.09059782805890637, 0.9245491411481124
0.35958174794826897, 0.12982173204385838, 0.9236814384570469
0.344192736653086, 0.1672075010386767, 0.9235026115441571
0.32359805004916464, 0.20203991095644003, 0.9239775969230939
0.29881081914833535, 0.23413414650338762, 0.9247648831309272
0.27136015807103653, 0.26415783143792015, 0.9251651194689474
0.242473457567004, 0.29295483925380983, 0.9245123553094725
0.21152929727737785, 0.31959162215268155, 0.9232560470276001
0.17766127013977778, 0.34241005905516564, 0.9221833093068105
0.14090716845718335, 0.360231161475059, 0.9217236844489902
0.10192044515944094, 0.37254057005667174, 0.9219706390056595
0.061562114355511795, 0.37955284366560893, 0.9227079293631473
0.02058275047389312, 0.3824318246229276, 0.9233691054453421
-0.02061294588449397, 0.38299782091313933, 0.9231332307030662
-0.06183298361271013, 0.3812326926902836, 0.9219949759239543
-0.10266726738613374, 0.3752776629961807, 0.9207731286582663
-0.14235390861427644, 0.3639309677543563, 0.9200408683970832
-0.18001605437655968, 0.34694300319057436, 0.9200232933456665
-0.2149790699682031, 0.32479360923648876, 0.9206333076101008
-0.24717784827996186, 0.29863015780183644, 0.9214388331546433
-0.27745100536350564, 0.2700885322450394, 0.9216314860648088
-0.30639297077804883, 0.24008576343834298, 0.9207379872531105
-0.3327368525313337, 0.20775630772776432, 0.9194390489151063
-0.3549115987259451, 0.17241900544886146, 0.918457975567244
-0.3718649901403527, 0.13425249690920057, 0.918153515266384
-0.383135527325609, 0.09396854898761424, 0.9185701022946042
-0.3890882166351303, 0.05248185564652446, 0.9194123701685332
-0.391159712734906, 0.010520332890603001, 0.9199768528626734
-0.39118040212575156, -0.03159023066854652, 0.9194514977027199
-0.38849502255180446, -0.07365102509379434, 0.9181645479475805
-0.38118225194331706, -0.11518224594168498, 0.9169742055369237
-0.36824793190617217, -0.1553736487989863, 0.9163750384225896
-0.34954689217232493, -0.1933055494249329, 0.916544647494045
-0.3257015184651961, -0.22830984314101904, 0.9173278316672625
-0.2980600458265853, -0.2604946513964719, 0.9181620460428254
-0.2684445476427497, -0.2910131085560399, 0.9180948241883315
-0.23738405886292566, -0.3201534365643071, 0.916928010822498
-0.20366189375398627, -0.3462297263068663, 0.9155840159472259
-0.16680621462657738, -0.3677756710700855, 0.914697070699244
-0.1271408142754809, -0.38377244794791987, 0.914580197223888
-0.08548333181092523, -0.3936140277801516, 0.9152312648267359
-0.04290737219464989, -0.398335709320639, 0.9161753624457519
0.0, -0.39975988809496205, 0.9166198949784492
-5.212159457453326e-16, -0.3997598880949634, 0.9166198949784488
0.04145647967776843, -0.399412259335787, 0.9157025699843684
0.07969414842759366, -0.39573081438753993, 0.9142779812492909
0.11420732449828166, -0.38685865376069956, 0.913141609946644
0.1441495867505869, -0.3717197249196275, 0.9127775740239528
0.16903327261263723, -0.3508922947294089, 0.9131949609780016
0.18887683375327674, -0.32536560794243213, 0.9140826674336973
0.20435284257924863, -0.2965792030681903, 0.9147974332837907
0.2166169659883932, -0.26619850927671973, 0.9143893659612838
0.22544713091163415, -0.2339134482370813, 0.9130504612388446
0.22983837289475587, -0.19855255963023266, 0.9117584398384445
0.22933179898955047, -0.160002452287961, 0.911096161835079
0.22408468762474137, -0.11893076277426748, 0.9112293901461997
0.21477318989445227, -0.0762572910417943, 0.9119812232211426
0.20250632915820843, -0.03279840277384367, 0.9128423851534841
0.18871924387597777, 0.010952463258408903, 0.9129117025288636
0.17400672453854102, 0.054781006729138285, 0.9118311184109932
0.15781841474041253, 0.09833698009495742, 0.9104529950585427
0.14000421667425078, 0.1408603415845745, 0.909520798127909
0.1209916926443344, 0.18140609120754472, 0.9093499083561383
0.10152947891815683, 0.21923093848281533, 0.9099000062651266
0.08247946006098852, 0.2541140824399488, 0.9107974639062133
0.06469278512325488, 0.2866907052383522, 0.911269537446732
0.04873670177878851, 0.3177885060674931, 0.9105704366332983
0.034655542743127904, 0.34643582394868927, 0.9092054169067583
0.022530345342176183, 0.37094168079566175, 0.9080487566844633
0.012660228632338066, 0.3901200405469298, 0.9075687418165748
0.005389575102980763, 0.4034538904179661, 0.9078648253499155
0.0009815413455624145, 0.4111388163923067, 0.9087017819768752
-0.00042970702155439335, 0.4143231484708051, 0.9094585255945811
0.0011855111530140131, 0.41483733588947735, 0.909222858781392
0.005809125214464427, 0.41266319536180474, 0.9079904644562395
0.013371634520612907, 0.4059346180950113, 0.90667190887581
0.023704040344464022, 0.3934711396646972, 0.9058936771537283
0.036519292771684544, 0.3750482628916957, 0.9058979384929815
0.051442512411224287, 0.35115318738455703, 0.9065903722931967
0.06813007764284473, 0.3229418198313029, 0.907500952064396
0.0864604865509939, 0.29207966863922474, 0.9077382058929372
0.10636601620660796, 0.25951872220914024, 0.906777270966393
0.12725633630534547, 0.2244154380677172, 0.905376465887743
0.14827022132935186, 0.18612768264786592, 0.9043277325359579
0.16854556516615787, 0.14487293544489527, 0.9040180259921401
0.18731862458730458, 0.10139042429243697, 0.9044951107401187
0.2041285477483509, 0.05662569276213662, 0.9054404613330532
0.21910062441014388, 0.011349768481792385, 0.9060843136805488
0.23279076643707447, -0.034070460382023944, 0.9055291687271487
0.24460912639626153, -0.07940229480420144, 0.904143765818225
0.2531372495918892, -0.12412681756498503, 0.9028689617949874
0.25729212166154103, -0.1674020945095992, 0.9022389463432539
0.2564089850422993, -0.2082817223347348, 0.9024443646851497
0.25032384004066455, -0.24605849022888499, 0.9033198590194443
0.23949931352295012, -0.28079333206263307, 0.9042549021054278
0.2249723949092358, -0.3136127775500025, 0.9042021265017202
0.20699597228001154, -0.34478922802792333, 0.9029498427088408
0.18444769585784082, -0.37261568337887585, 0.9015103948814164
0.1566956149739893, -0.39561849208975153, 0.9005695371257553
0.1237506893910251, -0.41277372331212625, 0.9004627282122145
0.08611490236794983, -0.42341382700642677, 0.9011911483911983
0.044684584728489345, -0.4286153556739083, 0.9022374271608384
-1.1102230246251565e-16, -0.43017705023342717, 0.9027445405276443
-0.0, -0.43017705023342656, 0.9027445405276445
-0.04457966649145233, -0.4295985467970485, 0.9017652640512922
-0.08569765206633999, -0.4253444136531729, 0.9002407926925238
-0.12282061183829619, -0.41558564804335446, 0.8990304357086532
-0.15506519721761947, -0.39921126072981333, 0.8986587939528342
-0.1819426459426416, -0.37686578189495773, 0.8991299598158138
-0.20346031932199557, -0.34954621533656355, 0.9001101065313311
-0.2202761684935708, -0.3186988373589147, 0.9009066793542672
-0.233544232931031, -0.28600551112155037, 0.9004853974891825
-0.24304489229866863, -0.2511732580286794, 0.8990528991217943
-0.2477751999075674, -0.21306501199393177, 0.8976770915058276
-0.24730021670772503, -0.17161881340235857, 0.8969841835696106
-0.24180879127131988, -0.12754152793826828, 0.8971473179002272
-0.23199910453909556, -0.0817775351716553, 0.8979765744871655
-0.2189986123479527, -0.035172079358251104, 0.8989268658823502
-0.2042734797125083, 0.011743890351643527, 0.8990233702954021
-0.18845496179437987, 0.05872176391803356, 0.8978728810504114
-0.17101889802947337, 0.10537061417454464, 0.8964058768508227
-0.15185430643304274, 0.15089190168964356, 0.8954235063123575
-0.13143115312662215, 0.19431719752979915, 0.8952590865834649
-0.11053298968536476, 0.23488255377168962, 0.8958680036225808
-0.09005298104113155, 0.27233111358554535, 0.8968525588578435
-0.07087971049869014, 0.3072520583555374, 0.8973823388065854
-0.05361990569459939, 0.34043821500877264, 0.8966460595583182
-0.03834354629558212, 0.37089264802217736, 0.8951949328755912
-0.025154725224858773, 0.3969158256104808, 0.8939729607343339
-0.01437566349819841, 0.4173296939601082, 0.8934774127704809
-0.0063698464433752655, 0.4316197474803763, 0.8938116877528227
-0.0014165360882832517, 0.439958079284856, 0.894726655577745
0.0003369866956365788, 0.44345896507857047, 0.8955593003124744
-0.00114529075295214, 0.4439317303905551, 0.8953238099370808
-0.005844765116622387, 0.4413581521565284, 0.8940168507206057
-0.01368799065974887, 0.4338955252282434, 0.8926230818039569
-0.02450009190920667, 0.42040205173729955, 0.8918096370397168
-0.03798615856430641, 0.40068156598764093, 0.8918307869881255
-0.05375820258308958, 0.37522253722113863, 0.8925870678279307
-0.07144827371560487, 0.3451741680179334, 0.8935801701020543
-0.0908968160873489, 0.3122079060248195, 0.893852851891212
-0.11199827921950575, 0.27729840991640264, 0.8928384607689734
-0.13413999717122663, 0.23964181460632222, 0.8913585043868928
-0.15644236461114122, 0.19864717493728962, 0.8902580223046025
-0.17802319893800406, 0.1545702087233161, 0.8899443925420624
-0.19808832975048718, 0.10817038988360812, 0.890467829232534
-0.21612947928583146, 0.06041419767383614, 0.8914932456578717
-0.2322122016555418, 0.012108553649063016, 0.8921996019324682
-0.24683825618901636, -0.03633932140123293, 0.8916206978353963
-0.25939327343824004, -0.08466198846809145, 0.8901588547363593
-0.26845447561112, -0.13230504662942927, 0.8888196168307207
-0.2729328337217987, -0.1784026817166019, 0.8881662867172102
-0.2721439210690007, -0.2219906790948787, 0.8883988014071166
-0.26588575801525177, -0.2623288160077287, 0.8893451363666618
-0.254580608855201, -0.2994261529925187, 0.8903587740585115
-0.23923910086961858, -0.33436136427678337, 0.8903169686982927
-0.22010843869171073, -0.36738566744735107, 0.8889983298931639
-0.19608780230140682, -0.39679337690943095, 0.8874862530115698
-0.16656782586634006, -0.4211203094719701, 0.8865048475955128
-0.1315687727072128, -0.43934792302941406, 0.8864054796987852
-0.09158577963187865, -0.4507525591871021, 0.8871928317518375
-0.04754173716754269, -0.4564373473626994, 0.888317108237324
0.0, -0.45815366740087254, 0.8888730038915181
-5.918277460937598e-16, -0.45815366740087343, 0.8888730038915177
0.04920438718917172, -0.4573448309817982, 0.887845509395324
0.09821715300330883, -0.4525321802414636, 0.8862452084299037
0.14637963909978682, -0.4419374721490142, 0.8849791150530717
0.19251544021443107, -0.4244283098021509, 0.8846023401594527
0.23577234769766722, -0.4007090736696586, 0.8851138938873104
0.27575063028804214, -0.37177355252178984, 0.8861637465530354
0.31280688405096907, -0.3390581467040006, 0.8870230700439202
0.34804036585120146, -0.30423959357974023, 0.8865919442167732
0.3808301778758171, -0.26704713068143443, 0.8850878423212376
0.4092789267937644, -0.22639797724701838, 0.8836493347108567
0.43201772961749074, -0.18228533833866334, 0.8829342211561526
0.44841754580546705, -0.13544913445010404, 0.8831197358453765
0.45856417819750617, -0.08684991246018098, 0.8840066654787577
0.46334346641820884, -0.037354558035478394, 0.8850243398103748
0.4645712250960875, 0.012471866768108138, 0.885141970455894
0.4628404891980357, 0.062345613275120546, 0.8839381521605474
0.4563030515462273, 0.11183577847983844, 0.8824047334779306
0.4435749147663872, 0.1601117686286066, 0.8813858204236915
0.424351567120098, 0.20619012441813672, 0.8812264472877636
0.3991000453514638, 0.24929200887760056, 0.8818786453078662
0.36883188287157875, 0.28912470865553136, 0.8829280908644617
0.33509436410941307, 0.3262208210886444, 0.8835017652022341
0.29916928655667757, 0.3613228009984618, 0.8827372585837389
0.2605172187863109, 0.3934190618065302, 0.8812219012427376
0.2184099631751915, 0.4208213595969217, 0.8799524072919223
0.1730231964271766, 0.44237134528343613, 0.8794459295471713
0.1250986592370698, 0.45756092907036405, 0.879807988257824
0.07556208569982269, 0.4665354818691021, 0.8807801934258708
0.025260785143137517, 0.4703607782472714, 0.8816696233324769
-0.025284049857939542, 0.4707993594131027, 0.8814342796870224
-0.07577049752205914, 0.46783298070320545, 0.8800717846299698
-0.12567242747975702, 0.45966763437596714, 0.8786234282666443
-0.1741344310105295, 0.44521379832229974, 0.8777850142374863
-0.2202216503843627, 0.42430594710394665, 0.8778183630870604
-0.2631800199819245, 0.3974292486597368, 0.8786207303872178
-0.302812982438172, 0.36571433688031224, 0.8796745458765944
-0.33981616424508315, 0.33081923448516193, 0.8799736930205015
-0.37469353355473645, 0.2937310813495102, 0.8789195105007681
-0.4061390967784716, 0.25370043011449317, 0.8773822810490004
-0.43258822253561535, 0.2101970921669373, 0.8762452436759274
-0.4530134945890474, 0.16351434520569696, 0.8759289795383446
-0.4669233580396266, 0.11442628170621412, 0.8764852864728416
-0.4745808698854705, 0.06391244409059668, 0.8775685696702793
-0.4773129890462249, 0.01280960986296533, 0.878320984630689
-0.47691099512921403, -0.03843533891964976, 0.877724285485398
-0.47275948767421117, -0.08951941861063942, 0.876207287470785
-0.46304656019317075, -0.13985586902410468, 0.8748227868524834
-0.4468884151066188, -0.18856131240934404, 0.8741533542459189
-0.42418632917107557, -0.234660772650756, 0.874404704442629
-0.3955352461280997, -0.2773861304992933, 0.8754012524745507
-0.36226172197723894, -0.31669119170457866, 0.8764718572115432
-0.3262273685995742, -0.35358921757894524, 0.8764377180058391
-0.2880457100943732, -0.38830586035366355, 0.8750712889680577
-0.24665043474719664, -0.4191552844241839, 0.8735084938240973
-0.20171449543190842, -0.44469624769952776, 0.8724993261660984
-0.15364889495793066, -0.46392389013038043, 0.8724049663761793
-0.10329648637384449, -0.47606358435328294, 0.8732335432279485
-0.05185403445791062, -0.4822325932919705, 0.874412533003337
0.0, -0.48411618408621826, 0.8750037258810953
-6.229130623078143e-16, -0.4841161840862186, 0.8750037258810951
0.05194386216285767, -0.48307691425826527, 0.8739414374875069
0.10365330910936402, -0.47771729649879724, 0.8722884730595064
0.15444365305959948, -0.46632800230066607, 0.8709841905993326
0.20310820429375434, -0.4477668155026379, 0.8706045801918348
0.24879548582240557, -0.4227921140879036, 0.8711437119194175
0.2910805356660777, -0.39238584451700703, 0.8722414339842717
0.33026548756376445, -0.35796120023891953, 0.8731449994601144
0.3673787713015745, -0.3211719186812828, 0.8727072387852283
0.40177453968969373, -0.2817736876678579, 0.8711529178922734
0.4315710337966283, -0.23875449931537537, 0.86967199587351
0.45542810367100595, -0.19216543419494414, 0.8689426801205008
0.47273677572477735, -0.14277430001265573, 0.8691433687940253
0.4835685228705244, -0.09155112671490279, 0.8700690416313208
0.4887608106922457, -0.03937854179509938, 0.8711330620701556
0.4900608406924921, 0.013147237021267993, 0.8712658386229482
0.4880324326259059, 0.0657065406961164, 0.8700248595859508
0.48087869068563677, 0.11782913438047371, 0.8684467112831922
0.46728262240674784, 0.16865784140679319, 0.8674042732453472
0.4469839347451041, 0.2172009335220912, 0.8672485675496727
0.42045723597640733, 0.2626692547574422, 0.8679291888865268
0.38869332086671593, 0.30473463027420783, 0.8690221104448645
0.3532113485527695, 0.3438646976388793, 0.8696261839191446
0.3152803862411351, 0.3807385096299546, 0.8688421961761352
0.27441021782221897, 0.4143387712348972, 0.8672838010285828
0.2299447872590087, 0.44300500909271845, 0.8659838380203263
0.1821070567734665, 0.46560787341903515, 0.8654708121211951
0.13165739195170645, 0.48164868583358933, 0.8658507192698836
0.0795287446681587, 0.49124377249771045, 0.8668601891188108
0.026587867644825798, 0.4953989685466376, 0.8677878177177477
-0.026609562164100122, 0.4958086497647207, 0.8675525937090882
-0.07972300230156548, 0.4924545740991368, 0.8661530690857197
-0.13219195051379243, 0.4836125473095486, 0.8646699618538698
-0.18314229863144918, 0.4682561349067956, 0.8638163642198065
-0.2316334306403379, 0.4462520881612283, 0.8638574507431858
-0.27689459168011954, 0.41807878664438186, 0.8646888768905618
-0.31868348233353583, 0.3848388988164472, 0.8657822764126218
-0.3576226271667645, 0.3481609197022539, 0.8660991362757996
-0.3941648260174816, 0.3090358906556953, 0.8650185127223988
-0.42702041065106067, 0.2667812136616223, 0.8634451194041639
-0.45465833138394895, 0.22093505564564986, 0.8622860751315532
-0.47607682059816936, 0.17182751290562975, 0.8619684314366358
-0.490780934701048, 0.12024282934824995, 0.8625447224330633
-0.4989915583518598, 0.06716724976873051, 0.8636644343055956
-0.5019649232582358, 0.013462241994053752, 0.8644468754996972
-0.5014321618310394, -0.040386279314280356, 0.8638382632950872
-0.4968115380644307, -0.09403903065205585, 0.8622867165662621
-0.48637088358230246, -0.14687965124811597, 0.8608753526668118
-0.4692818207578713, -0.19801241115911128, 0.8601967372806387
-0.44546398038160295, -0.24645723689833046, 0.8604590625989711
-0.4154929449626874, -0.29142246352543494, 0.8614859673676705
-0.38066155930410045, -0.3328042239590273, 0.8625925017021886
-0.3428043440457338, -0.3715357277551661, 0.8625628752475845
-0.3025582596048003, -0.4078134046057403, 0.8611666968107634
-0.2589388895996176, -0.439986807406248, 0.8595742650708349
-0.21167893278083916, -0.4666485976782919, 0.8585495940710139
-0.16121512467442528, -0.4868142240086888, 0.8584579717674085
-0.10838659808833997, -0.499662943466562, 0.8593107268561783
-0.054414393725499506, -0.5063154431326733, 0.8605219716619195
0.0, -0.5083758562583053, 0.8611352906330311
-6.51819765991065e-16, -0.5083758562583053, 0.8611352906330311
0.05449837394915571, -0.5071059036053807, 0.8600513237423507
0.10872000530334534, -0.5012093426283899, 0.8583680445776276
0.1619574546253252, -0.4890603285786601, 0.8570424726094363
0.21298095034084774, -0.4695168851835128, 0.8566621735062451
0.260944433144369, -0.4433859970545756, 0.8572166010917653
0.30539885771910397, -0.41163088894514616, 0.8583411806101112
0.34658714057290946, -0.37563070379414054, 0.859271004526456
0.3854535401286415, -0.3370011743302607, 0.858829677753792
0.42132911972235243, -0.29552799737344687, 0.8572459444556455
0.4523646476103261, -0.2502837307379801, 0.8557421468984298
0.4772589708609263, -0.20137923184100548, 0.8550062559630687
0.4954263794203403, -0.14960581614417193, 0.8552152041835444
0.5069223598428138, -0.09593761312622037, 0.8561614416676289
0.5125285395110771, -0.0412680993060094, 0.8572514382610601
0.513906130264719, 0.013777984692968884, 0.8573934745875214
0.5115813214085647, 0.06884431727595763, 0.8561310996417281
0.5038275649175554, 0.12342195265230771, 0.8545291791312138
0.4894076214702391, 0.17663186556205396, 0.8534756801573125
0.46810751196476963, 0.22747957016000508, 0.8533223058838724
0.44040633868385615, 0.27516925605152054, 0.8540171060258065
0.40726751149476725, 0.31933780804817646, 0.8551328276206369
0.3701699374887284, 0.3603812455121519, 0.8557541263924526
0.3303584221440812, 0.3989041908593015, 0.8549591997167889
0.28740021229752216, 0.4338912393655221, 0.853378312285314
0.24072057439221017, 0.4637235395811272, 0.8520642601164292
0.1905897524320712, 0.4873081820361273, 0.8515488690552069
0.1377829335364114, 0.5041582017185601, 0.8519371163931049
0.08323541224373567, 0.5143592210828212, 0.8529646170922263
0.027828645053741902, 0.5188480011633679, 0.8539123713014356
-0.027848987875537495, 0.5192327803383419, 0.8536772428132777
-0.08341748437578403, 0.515495347321022, 0.852258687872448
-0.1382837422495369, 0.5059990927805058, 0.8507599384631069
-0.19155959453041316, 0.48978931977038287, 0.8499005286744188
-0.24230330405200926, 0.4667661872019409, 0.8499450961973791
-0.28973091566530296, 0.4373986025879382, 0.8507892250707813
-0.33355420368373234, 0.40275375075521147, 0.8519017282077698
-0.3743136417407098, 0.3644170652525377, 0.8522277582224552
-0.4124029390705465, 0.32337619521265737, 0.8511337292642491
-0.4465597925719894, 0.27902593727646785, 0.8495445643371673
-0.47529800038126246, 0.23097886161907047, 0.8483774730047854
-0.49764722752722756, 0.17960109287376752, 0.8480596706161259
-0.513111545319047, 0.12568344321789215, 0.8486436017093562
-0.5218674203631959, 0.07021366344354288, 0.8497790226626555
-0.525088381244565, 0.014073419722441884, 0.8505758626137337
-0.5244277392616221, -0.0422129587654144, 0.8499611245683452
-0.5193452755660283, -0.09826918270235697, 0.8483949934341061
-0.5082041288031073, -0.15345177315557582, 0.8469744582373208
-0.49023748255223926, -0.20685700971605883, 0.8462933103685367
-0.4653843036346125, -0.25750431517624023, 0.8465591099817775
-0.43419774293379576, -0.30458221118098094, 0.8475972296202294
-0.39792765303890626, -0.34792747322113243, 0.8487192360686766
-0.3583662664940232, -0.3883810177649544, 0.8486911028609071
-0.31617248846456925, -0.4261069475279834, 0.8472827108555773
-0.2704553463394758, -0.4595033357304696, 0.8456809577205723
-0.22101094177307443, -0.48720575006973504, 0.8446525587063092
-0.16830047999492373, -0.508255279367467, 0.844561544233872
-0.11315541164856471, -0.5217896384179627, 0.8454220483232254
-0.056814714740533206, -0.5289236174525674, 0.8466438606800423
0.0, -0.5311681118253918, 0.8472664498136628
-6.788778110607682e-16, -0.5311681118253914, 0.8472664498136632
0.05689362555010678, -0.5296673444903767, 0.8461736104228064
0.11346851986433071, -0.5232429840074543, 0.8444816036381458
0.16899736672435373, -0.5103644220821453, 0.8431510358214149
0.22223349357931238, -0.48989872948323376, 0.842772065255911
0.2723399358643568, -0.4626965079394476, 0.8433299930678656
0.3188445765443288, -0.42969673206479747, 0.8444611816044205
0.36192745645386004, -0.3922355904774615, 0.8453997878995131
0.4024375393180767, -0.35187812390053447, 0.8449578396483856
0.43968424986979915, -0.30844307325273007, 0.8433649345020571
0.4718653453154254, -0.26109912056844575, 0.8418571044837292
0.49772709910955626, -0.2100181668362099, 0.8411219266053136
0.5167094334059226, -0.15601129157546348, 0.8413324905522395
0.5288505275122546, -0.1000523520016259, 0.8422818079543659
0.5348702874511587, -0.04304156371507711, 0.8433780439179941
0.5363294907233687, 0.014370194136349327, 0.8435235595398778
0.5337094615622533, 0.07178926410739299, 0.8422551547290957
0.525370223387808, 0.12866861075143227, 0.8406497304951936
0.5101647541135428, 0.1841115134201634, 0.8395971284602936
0.48792680123434284, 0.2371252546797216, 0.8394447924665489
0.45913741429670074, 0.28691032565108243, 0.8401400898031852
0.4247273202744712, 0.33306927878073106, 0.8412586302738295
0.38612507940118357, 0.37592123306474556, 0.8418843043177053
0.34454140424929436, 0.41598702353615563, 0.8410867765382165
0.2996080512264311, 0.4522596280959321, 0.8395033210239189
0.25083912705323796, 0.48317353409604974, 0.8381909380349202
0.19855189665198847, 0.5076782563855278, 0.8376771856269944
0.14353321251986878, 0.5253003071047273, 0.8380646555651343
0.08671675272117194, 0.5360934440693474, 0.8390916425034727
0.028994609759441695, 0.5409180386811014, 0.8400419512330328
-0.029013771140588583, 0.5412810270351882, 0.8398068972529046
-0.08688817376434732, 0.5371642581935143, 0.8383868159560273
-0.14400452797882862, 0.527033716724925, 0.8368908541110505
-0.1994645976440801, 0.5100133726543673, 0.8360346248199083
-0.25232929493712364, 0.4860375354462506, 0.83607860234598
-0.30180436946893996, 0.4555635727027727, 0.836919699471349
-0.3475557782099784, 0.4196171409662339, 0.8380314491565064
-0.3900346266834466, 0.3797291655584223, 0.838358317568032
-0.42956877059462595, 0.33687767452141937, 0.8372636015627892
-0.4649326993218565, 0.29054381456364514, 0.8356783812202142
-0.4946944621683832, 0.24041934807755305, 0.8345166612260257
-0.5179197682361367, 0.18690560523510943, 0.8341998871557792
-0.5341137145229591, 0.13079707696387613, 0.8347796120094009
-0.5434068084664394, 0.07307874847030008, 0.8359107034471358
-0.5468800514022273, 0.014648527602283964, 0.836706718904042
-0.546093872617371, -0.043931467376662245, 0.836091536714972
-0.5405563253807802, -0.10224728351514405, 0.8345301724933999
-0.5287388172027598, -0.15963059036092897, 0.8331175018370109
-0.5099409310024673, -0.21517336613434812, 0.8324402210426971
-0.48412175214208264, -0.26789827264408844, 0.8327023212987598
-0.45180972083324616, -0.3169772306266526, 0.8337331904756118
-0.4142040690532702, -0.3621865684135734, 0.8348507755312676
-0.3730416991979279, -0.40426466813761763, 0.8348212364276858
-0.3290023050703053, -0.44334064375182003, 0.8334176757566822
-0.2812979902476618, -0.4778722305382257, 0.8318262005387286
-0.2297910339843358, -0.5065453342461571, 0.8308054000176349
-0.17496600823633146, -0.528430984757288, 0.8307129868308449
-0.1176435861722051, -0.5426296568118498, 0.8315653930905789
-0.059075200468428124, -0.5502420672975402, 0.8327768116831893
0.0, -0.5526761139483897, 0.8333961321429962
-7.043440256410806e-16, -0.5526761139483891, 0.8333961321429968
0.05707344648371373, -0.5509446654956572, 0.8323069151163949
0.10966583509877387, -0.5440011715658563, 0.8306270503804848
0.15715724771485862, -0.5304197397844898, 0.8293072084720957
0.19858533813997678, -0.5090842474911652, 0.8289314711779415
0.23351537128313904, -0.4808842809768657, 0.8294815561008849
0.2618924965585674, -0.4467301067794409, 0.830599819650779
0.2842047672383389, -0.4079076097028939, 0.8315302267464204
0.3014005488180781, -0.3659203762278548, 0.8310904904860988
0.3133019007255368, -0.32062280811497545, 0.829508097908473
0.3191205730053366, -0.2712893749510467, 0.8280144224011605
0.3186406070621647, -0.21815377552309312, 0.8272869375824663
0.31220796908637993, -0.16204363867414032, 0.8274927264092273
0.3005630996718006, -0.10392898637695214, 0.8284282827394029
0.2847955846020054, -0.044713287091473625, 0.8295116299810669
0.2663202285375459, 0.014928629172404468, 0.8296549613036637
0.2458700075836519, 0.07456513289540048, 0.8283954957566655
0.22321847045503626, 0.13361173499415196, 0.8268061787919514
0.1985332697470973, 0.19115770181747416, 0.8257659643486055
0.17247246280806178, 0.24621581371297419, 0.825613415983627
0.1459220453392862, 0.2979852479785716, 0.8262960532519201
0.11983837986288134, 0.34603489750825117, 0.8273980903215987
0.09518955273921945, 0.3906028270209994, 0.8280156143949695
0.0727065099315384, 0.4321181551509999, 0.8272236178942769
0.052629729660319535, 0.46958780156055346, 0.8256569173406767
0.03521052029404102, 0.5015095325359419, 0.8243613822885083
0.020865235772862437, 0.5268800993341086, 0.8238531091884664
0.010015285404049556, 0.5452408289903197, 0.8242310446983772
0.0029874555563170063, 0.5566128348081605, 0.8252396219993652
-2.417750517751116e-05, 0.5617742550018874, 0.8261754079232878
0.0010446474602645497, 0.5621179296811354, 0.8259404105472213
0.006173328005167185, 0.557625797468932, 0.8245358201661153
0.015268852705856137, 0.546879107703207, 0.8230604364603833
0.028131908613630408, 0.5290860257932699, 0.8222160305937969
0.04444240522704837, 0.504215452230018, 0.8222555173844888
0.0637716306722993, 0.4727116308319613, 0.8230784289857349
0.08565745176582368, 0.4355538290826755, 0.8241701710211999
0.10975072815581285, 0.39420875538800837, 0.8244897580802687
0.13573719827993974, 0.3496394923382861, 0.8234067531576172
0.16293336253679344, 0.30142112147882655, 0.8218445505507892
0.190435301701718, 0.2493283419419988, 0.8207011174677914
0.2173267119383195, 0.19379684680511547, 0.8203865250429729
0.2427239053388704, 0.1356224744176718, 0.8209506584379753
0.2659206893482602, 0.07578392490281677, 0.8220580333491321
0.28664598968004673, 0.01519182826100621, 0.8228384039119956
0.3050170672935699, -0.045554552502257234, 0.8222283440659752
0.3203562741083905, -0.10600298925897654, 0.8206905074627759
0.33136972672091103, -0.16546239329279303, 0.8193021231404759
0.33703795365500877, -0.223023585592647, 0.81863487383671
0.33664043219302164, -0.2777155186381476, 0.8188864008863583
0.3298036331680503, -0.32869628098526293, 0.8198921956764161
0.3166848983911921, -0.37568114570620276, 0.820986022453837
0.29800403356742006, -0.4192974387177362, 0.8209522875501406
0.2739587294169079, -0.45963698187512575, 0.8195701223181066
0.24371235866749563, -0.49522663057874666, 0.8180078486720641
0.20684482772522333, -0.5248087715352815, 0.8170055538208728
0.16343282823497884, -0.5474878425087255, 0.8169098439219151
0.1138973891828353, -0.5623311211274548, 0.8177388584710578
0.059208106038393875, -0.5704180354167583, 0.818919612611188
-7.28583859910259e-16, -0.5730456550649857, 0.8195234451869827
-0.0, -0.5730456550649852, 0.819523445186983
-0.059137616439896123, -0.5710840064809009, 0.8184500318056631
-0.11361799711854291, -0.5636298251526451, 0.8168024977705118
-0.16281139929215366, -0.5493695421448044, 0.8155085591067808
-0.20575420682420298, -0.5272107049262087, 0.8151378619533046
-0.24202872703809672, -0.4980775763797059, 0.815669185391364
-0.2715669557143656, -0.4628481236704385, 0.8167556635391378
-0.29481178472440495, -0.4227518494867655, 0.8176613742570762
-0.31264450612663813, -0.3792217589944774, 0.8172265827998699
-0.32489852886877213, -0.3321501904171039, 0.8156738378740866
-0.3308564058949498, -0.28092542389369596, 0.8142118805171772
-0.3303577427177288, -0.22584328958118013, 0.8134987860279781
-0.32377816719570884, -0.1677452011497337, 0.8136936469774617
-0.3118577618153519, -0.10759444204327773, 0.81459920636601
-0.2956626542953815, -0.046294756301593826, 0.815651124396487
-0.27657036731562656, 0.0154571033837764, 0.8157867333431517
-0.25532254313076197, 0.07719094441759862, 0.814550779812471
-0.2317745829084856, 0.1382854836428083, 0.8129965495226037
-0.20615955464274216, 0.19781926663227944, 0.8119797786489832
-0.17916866349045305, 0.25481364365987147, 0.8118258092147652
-0.15169886110756925, 0.3084683953923935, 0.8124831179175037
-0.12470746903790472, 0.35831946959106536, 0.8135499595834622
-0.09916430556263289, 0.4045206694401467, 0.8141471371494011
-0.07581493826687152, 0.4474027156704672, 0.8133685972785712
-0.05493946102183009, 0.4859912212014572, 0.8118373910517531
-0.0368222738875308, 0.518855664820248, 0.8105733381056663
-0.021895261327533652, 0.5450438854764573, 0.8100742342204068
-0.010586526528433282, 0.5641130174471635, 0.8104342136953872
-0.003228157290459069, 0.5760510470538367, 0.8114071006614054
-2.106539833968135e-05, 0.5815492514241879, 0.8123117734514407
-0.001034700489970312, 0.581875622322287, 0.8120768178242044
-0.006248180430824445, 0.577012218270609, 0.8107042539806348
-0.015564709070859314, 0.5656662034872554, 0.809266632542575
-0.02878098056989771, 0.5471343058320528, 0.808442367654598
-0.045573900119705926, 0.5214202215669805, 0.8084736185379351
-0.06550997822651114, 0.4889538706934733, 0.8092637371286624
-0.08811218194371315, 0.4506642384420264, 0.8103168068239393
-0.11299398940020894, 0.4079455914734159, 0.8106212064649101
-0.13979693567405452, 0.3617415229229468, 0.8095619876153042
-0.16782932170411718, 0.3117274319672223, 0.8080412595805451
-0.19619170207682118, 0.25776381695889494, 0.8069285566904328
-0.22396957506793544, 0.20031987973982665, 0.8066172646232249
-0.25026974120025336, 0.14019093348411424, 0.807154851440911
-0.2743525271076351, 0.07834649695367035, 0.8082197521720639
-0.29587538747279185, 0.015706768464956042, 0.8089700609684288
-0.3148633402172285, -0.04709251490471243, 0.8083705665765384
-0.33063475554939636, -0.10956028251832398, 0.8068744471931437
-0.34194157244863704, -0.17098463819748433, 0.8055261931736429
-0.34779061574050035, -0.23045794056812535, 0.8048749167193834
-0.34746230208745565, -0.28701791264125665, 0.8051092719335307
-0.3405524860874073, -0.3398111943949554, 0.8060727781437375
-0.3271580531804242, -0.3884917879551608, 0.8071240627117927
-0.3079186202063814, -0.4335689492338973, 0.8070834421901838
-0.28301983339564807, -0.4750951978844003, 0.8057387646843269
-0.25169858325941874, -0.5116745133753401, 0.8042239793799077
-0.2135813723048309, -0.5421108439009737, 0.8032506992627169
-0.16875725617445358, -0.565544805337243, 0.8031498882651444
-0.11762850532017605, -0.581014267646097, 0.8039407484536171
-0.06116184268524967, -0.5895709917967741, 0.8050712251495029
0.0, -0.5923949923795934, 0.8056476729958211
-7.512805737699073e-16, -0.5923949923795923, 0.8056476729958219
0.06330497901479593, -0.590204016450328, 0.8046019276271951
0.12616665640471253, -0.5822475480997714, 0.8030062583739986
0.18781249872144787, -0.5673303674329787, 0.8017528815810591
0.2469746510008477, -0.5443897928695933, 0.8013889439095052
0.30285807438587825, -0.5143807490572594, 0.8018909852629801
0.3549264772978267, -0.47814601666998485, 0.8029274617300661
0.4031574313422498, -0.43685370801915613, 0.8037924570629792
0.4480645281198462, -0.3918585319191834, 0.8033652513007579
0.48889817414936343, -0.34309275319623395, 0.8018607453733053
0.5240649318549174, -0.2900650463283242, 0.8004474720827314
0.5524902702479817, -0.2331333531561474, 0.7997552033575347
0.5736993565307786, -0.17315049846583988, 0.7999332087266748
0.5876729428265821, -0.11107067149423233, 0.800793107961413
0.5949218601271361, -0.04779533732519882, 0.801795628208847
0.596641381172294, 0.01595872443068919, 0.8019181105082804
0.5931445707283709, 0.07968221039228562, 0.8007198450707191
0.5831261878138372, 0.14271773185145917, 0.7992190708298921
0.5657552472778575, 0.2041360764660356, 0.7982363921252594
0.5410124014077689, 0.2629696852099457, 0.798079834124859
0.5093731601788348, 0.31842046950249747, 0.7986996050968236
0.4716481749216823, 0.3699921722568337, 0.7997131658443951
0.4290696505811704, 0.4177519348595419, 0.8002781326519113
0.38270051958832396, 0.4619265043794907, 0.7995207656734583
0.33239867759923014, 0.5015642295078249, 0.7980432222166859
0.2779768260601533, 0.5353134338830142, 0.7968247701913473
0.21988995794902946, 0.5622760954417934, 0.796338385899493
0.15894581983452416, 0.5820258661193841, 0.7966723016166704
0.09605618561808224, 0.5945173563577317, 0.7975928045629139
0.03212565149800667, 0.6003513736458359, 0.7984502570669667
-0.03214198736864692, 0.6006620976209622, 0.7982153312887805
-0.09620213432852534, 0.5954317364040704, 0.7968908525028173
-0.15934664183501823, 0.5835022480844627, 0.795507598619746
-0.220666133184596, 0.5642623115318643, 0.794711487559714
-0.2792457065638137, 0.5377504354563484, 0.7947309028441714
-0.3342732267201117, 0.5043813300029545, 0.7954741384725812
-0.38527984983181174, 0.4650306108154142, 0.7964704458652851
-0.4324174869493533, 0.42101315673408074, 0.7967519675605728
-0.4757852478562834, 0.37324921659358945, 0.7957282823595287
-0.5143116226294205, 0.3215198193628057, 0.7942668917908624
-0.5467696517750941, 0.26577336785411454, 0.7931969187571358
-0.5723522567441544, 0.20651171677543978, 0.792890012015847
-0.5905766415890652, 0.14452816436426102, 0.7933905014302247
-0.6014310757445454, 0.08078067672995129, 0.7943947785119371
-0.6056765475358232, 0.01619617682457862, 0.7951010119932841
-0.6045254449320633, -0.04855382546713667, 0.7945173943915312
-0.5976619747494031, -0.11293889198140315, 0.7930806234046254
-0.5839398158939141, -0.176228150055458, 0.7917877943242055
-0.5628771107750736, -0.23751781354197926, 0.7911582210097491
-0.5344964801434996, -0.2958563758538063, 0.7913690624051056
-0.4992441880225504, -0.3503810715911837, 0.7922736539724275
-0.4581342751659796, -0.40068474898196016, 0.7932641600295942
-0.4126765308630872, -0.447152911649181, 0.793214056282657
-0.3636084011196674, -0.4897970163910241, 0.7919224906671057
-0.31049376763799885, -0.5273049004634257, 0.7904728658292537
-0.2534033722178427, -0.5585462395526896, 0.7895387361262792
-0.19288646317171823, -0.582700028609014, 0.7894311050493212
-0.12971930503998008, -0.5987782842768232, 0.7901695554881589
-0.06516429012928564, -0.6077994315128638, 0.7912307791504171
0.0, -0.6108215813341569, 0.7917682715141091
-7.730537908441696e-16, -0.6108215813341564, 0.7917682715141094
0.06522799229403667, -0.6084025635117051, 0.7907617383828834
0.12997152925757108, -0.5999522701991615, 0.7892368422266935
0.19344712068737724, -0.5843985247265236, 0.7880381833388117
0.2543877587565443, -0.5607138298841402, 0.787682650405152
0.3120153824532778, -0.529880036285154, 0.7881452707577155
0.36577371540611797, -0.4927024501911333, 0.7891141387996814
0.41557028912742633, -0.45028367425461524, 0.7899228707452428
0.461795031377782, -0.4038936484032515, 0.7895058067678271
0.5036799853080289, -0.3535063164230142, 0.7880675882350344
0.5397188351340265, -0.29875604372660325, 0.7867193932267577
0.568905589403071, -0.2400625717943296, 0.7860541439886646
0.5907951978755898, -0.17828810568739456, 0.7862095814062603
0.6053480227737884, -0.11437584628884405, 0.7870087005390216
0.6130000738349728, -0.049222780537677126, 0.7879444111721067
0.6148093091139323, 0.01643606899319474, 0.7880485031061383
0.6110242460930795, 0.08205178181246241, 0.7869017021849838
0.6004701273707588, 0.14693158440275852, 0.7854721592048685
0.5824318809915535, 0.21014118585865704, 0.7845338379259279
0.5569392515898071, 0.27072617007937977, 0.7843735657482532
0.5244631051725847, 0.32789177647581724, 0.784944026032451
0.48576913209523287, 0.3811102995118872, 0.78588680726121
0.4420129338376606, 0.43036051512223894, 0.786408034650592
0.3941967136188111, 0.47576061207185427, 0.7856793452442152
0.34226193301164387, 0.5163850894139714, 0.7842730699349603
0.2861280047096157, 0.5509671029335272, 0.7831138476076716
0.2262943126117969, 0.5786651482784603, 0.7826436046135211
0.1635721135846696, 0.5990698751239792, 0.782943644381458
0.09886187953849959, 0.612102452382834, 0.7837956330212383
0.033067189738703956, 0.618270475678729, 0.7845902392074355
-0.03308275739811732, 0.6185669371538689, 0.7843553342241949
-0.09900090369700124, 0.6129742219736267, 0.7830945246810135
-0.16395378640612462, 0.6004763887397973, 0.781781687909396
-0.22703341658365633, 0.5805566205461226, 0.7810214563889173
-0.287336752678225, 0.5532881053314213, 0.7810255721231072
-0.3440488754229634, 0.5190697162149295, 0.781708327383413
-0.3966573486418584, 0.47872129015899423, 0.7826303472203251
-0.4452074463748353, 0.4334724934377071, 0.7828815182230258
-0.4897142495329785, 0.3842169900478133, 0.781904782818795
-0.5291685499714103, 0.3308457872744605, 0.780520017067808
-0.5624220860737001, 0.27339664001042885, 0.7795043526030461
-0.5887143937419868, 0.21240320400290913, 0.7792028818756828
-0.6075689207326401, 0.148655597151857, 0.7796561044944152
-0.6189262177441077, 0.08309830930065723, 0.7805822008131627
-0.623430815134288, 0.016662412268221433, 0.7812307511058295
-0.6221617382356138, -0.04994554557288648, 0.7806681828870972
-0.614869725105553, -0.11615527400139786, 0.7793078455548142
-0.6005495982604703, -0.18121865248831834, 0.7780852127219311
-0.5787963563978732, -0.24423774760188466, 0.777482870684219
-0.5496544714407847, -0.30427341464177526, 0.7776640947595186
-0.5135414973930197, -0.3604552229568112, 0.7784937111618178
-0.47140185239550036, -0.41231526218341774, 0.779405749226984
-0.4246539254608825, -0.4601107978542147, 0.7793436503468429
-0.37405342242233497, -0.5038106740600937, 0.7781203575831641
-0.319291505065598, -0.5421921911714901, 0.7767529789279153
-0.26050996305426033, -0.5741941448066802, 0.7758677770445546
-0.19827810730346723, -0.5990356219766774, 0.7757516807444003
-0.13335504273168852, -0.6157061108389328, 0.776423958288697
-0.06699970399586877, -0.6251856672585694, 0.7773975671171052
0.0, -0.6284068269652127, 0.7778848628322275
-7.938570041235101e-16, -0.6284068269652114, 0.7778848628322284
0.06706046171210638, -0.6257614731288532, 0.7769287618513576
0.13359548442902305, -0.6168259597326027, 0.7754929384593067
0.19881242078111913, -0.6006546882600347, 0.7743626701438338
0.2614483024554336, -0.5762601636459521, 0.7740171202109661
0.320742816349667, -0.5446476820919456, 0.774430541741105
0.3761202912031891, -0.5065832840812166, 0.7753147848059383
0.42741775163000373, -0.46310071570348554, 0.7760521739377366
0.4748974347059211, -0.415379777397544, 0.7756477292047098
0.5177734411701183, -0.36343763830190295, 0.7742933060900837
0.5546332231364943, -0.307038497101091, 0.7730260292414974
0.5845423545359006, -0.24666333082100098, 0.7723937665028907
0.6070857306198526, -0.1831819995347356, 0.7725211288261611
0.6222029189808864, -0.11752521511528571, 0.7732448680460433
0.6302536297639487, -0.05058359060920311, 0.7740969046052846
0.6321531747665732, 0.01689129601014023, 0.7741774901741373
0.6280824935725522, 0.08431044053756644, 0.7730955290715806
0.6170041958374175, 0.15094643918668849, 0.7717544141340102
0.5983225665032039, 0.21586235559671424, 0.7708703522279934
0.5721161074256658, 0.27811856574604454, 0.7707052810453707
0.5388500338498772, 0.33692455176416264, 0.7712150711722904
0.4992435195840133, 0.3917219217988531, 0.7720701444988257
0.45437156545427915, 0.4423999919701219, 0.7725364439039326
0.40517147146018756, 0.4889647066185519, 0.7718437226088171
0.3516712136505774, 0.5305195625562187, 0.7705257680513986
0.2938990514761261, 0.5658875251586225, 0.7694389355209414
0.2323978610295067, 0.5942854122337071, 0.7689881337608824
0.16798117796318185, 0.6153211561845287, 0.7692467650361327
0.10153682310465628, 0.6288825664197615, 0.7700146521391767
0.03396527362909732, 0.6353820303421036, 0.770731264819698
-0.033980137563907886, 0.6356653996665564, 0.7704963743062306
-0.10166950486469961, 0.6297152645780149, 0.7693143436745209
-0.16834531843448275, 0.6166636758949492, 0.7680874376403417
-0.23310303050879033, 0.5960901546032444, 0.7673705401640767
-0.2950527320321141, 0.5681023175495704, 0.7673560188373589
-0.35337784392028804, 0.5330827862390904, 0.7679651676093717
-0.4075231654088639, 0.4917937869326503, 0.7687959327242172
-0.4574253145998687, 0.4453749458474534, 0.7690095005787771
-0.5030125714969549, 0.394690653434199, 0.7680907955058685
-0.5433419975755449, 0.33974536880862993, 0.7667993816665435
-0.5773477183199497, 0.2806670692032308, 0.7658492030593601
-0.6043171655639255, 0.21802036806991504, 0.765554184459545
-0.6237808102325133, 0.1525913158797482, 0.7659503327325832
-0.6356317391100877, 0.08530938859913303, 0.7667812701496629
-0.6403948973689909, 0.017107465520938323, 0.7673589377065838
-0.6390097246693378, -0.05127363503101913, 0.7668224460466653
-0.6312962442728965, -0.11922332512557728, 0.7655550910447608
-0.6163950455140207, -0.18597787605846497, 0.7644169240877033
-0.5939790336388102, -0.2506469297013156, 0.7638471473470945
-0.5641147186633129, -0.31230494341341375, 0.7639928738990023
-0.5271907888132509, -0.37007528870338574, 0.7647320023829728
-0.4840793720774135, -0.4234299292948146, 0.7655484290986287
-0.4361015734462199, -0.4724944887432832, 0.7654719032576683
-0.38403105867453446, -0.5171938309454207, 0.7643315833661654
-0.3276895354270869, -0.5563993139036372, 0.763062970044165
-0.2672899230868359, -0.5891215743442849, 0.7622361307527928
-0.20342097423135894, -0.61462108942024, 0.7621099897103093
-0.13682411337481956, -0.6318679255177215, 0.7627028080708144
-0.06875193921273233, -0.6417992986359721, 0.7635710373583094
0.0, -0.6452195240822757, 0.7639972288843996
-8.137869536520172e-16, -0.6452195240822758, 0.7639972288843995
0.06880999225327923, -0.6423499593592389, 0.7631024513547784
0.13705373442006666, -0.6329380260779139, 0.7617734077560344
0.20393110151869825, -0.6161672245165577, 0.7607247349235245
0.26818598954934164, -0.5910943511267379, 0.7603906877093377
0.3290762539720544, -0.5587449056012405, 0.7607454791370442
0.38600736024232973, -0.5198442961141536, 0.7615286494244986
0.4387457475665493, -0.4753547313886564, 0.7621800821476995
0.4874229027732827, -0.4263614913650676, 0.761790660630707
0.5312353044142509, -0.37292633868797986, 0.7605370002438854
0.5688697418181767, -0.3149463996060726, 0.7593659443952405
0.5994657149871381, -0.2529631074796902, 0.7587724228466204
0.6226379948361842, -0.18785252632693278, 0.758866400311822
0.6383050489329196, -0.12053171764940865, 0.7595006590073263
0.6467493182190122, -0.051883286171452624, 0.7602526953932301
0.6487393388729557, 0.01732623807811417, 0.7603048124418648
0.6443860776507627, 0.08646733877122814, 0.7593006620123592
0.6327950704190798, 0.15477877080265484, 0.7580646051574098
0.6134924930300031, 0.22132316838797428, 0.7572443590490828
0.5866050998365526, 0.2851769988817638, 0.7570734448020311
0.5525916378231776, 0.3455546571549772, 0.7575116007364184
0.5121236316057877, 0.4018678266938299, 0.7582625941981858
0.4661922579316341, 0.45391580706059115, 0.7586631212529376
0.41566654590420415, 0.5015894320436911, 0.7580134415959243
0.36066333792731264, 0.5440235300170584, 0.7568003131186103
0.30132113902335, 0.5801349482424658, 0.7557985804169065
0.2382253621408071, 0.6092001377580316, 0.755370405647505
0.17219083232101248, 0.6308444352363879, 0.7555803616893431
0.10409167869754193, 0.6449224901416597, 0.7562490858118159
0.034823437130012944, 0.6517501331213419, 0.7568730364253959
-0.03483765249064016, 0.6520214097780872, 0.7566381566671092
-0.10421851602313445, 0.64571914137129, 0.7555495419467477
-0.17253882406909143, 0.6321279856621971, 0.7544235609332864
-0.2388992815402513, 0.6109250076953463, 0.7537571927702749
-0.30242408560434214, 0.5822519066070122, 0.7537208162407856
-0.3622958930905731, 0.5464748182562339, 0.754243685213428
-0.4179176306721036, 0.5042970221820502, 0.7549667798911468
-0.46911596858783416, 0.45676416926934116, 0.7551357150488167
-0.5157301979640933, 0.40470918925992316, 0.7542857806342711
-0.5568868310226789, 0.34825266601161303, 0.7531038984292125
-0.5916053321527153, 0.2876131577443132, 0.7522299989813253
-0.6192219254125985, 0.22338540473535956, 0.7519424139689546
-0.6392747239770109, 0.1563507441208738, 0.7522720250962976
-0.6516097801019956, 0.08742243622355161, 0.7529913928786733
-0.6566302031813674, 0.017533033619458634, 0.7534853893984192
-0.6551308942944627, -0.05254317838912935, 0.752979849756038
-0.6470033019123762, -0.12215490595351654, 0.7518214964773855
-0.6315372785117599, -0.19052437347517615, 0.7507815819888262
-0.6084842351815445, -0.25677028237749455, 0.7502495175531002
-0.5779328374462103, -0.31998162716066353, 0.7503540764223837
-0.540242977563085, -0.3792768018260421, 0.7509877367128797
-0.49621244738196696, -0.43406848094722034, 0.7516919551925239
-0.44706019347737225, -0.48434822754697965, 0.7515986458271
-0.39357762590829576, -0.5299957175161991, 0.7505555391869426
-0.33571937054145967, -0.5699800473222179, 0.7494016612558398
-0.27376921763377954, -0.6033858292422507, 0.7486422900124163
-0.2083348047967077, -0.6295158721256948, 0.7485045828046647
-0.14013967203590658, -0.6473237191644322, 0.7490051197588998
-0.07042753613486068, -0.6576997790896437, 0.7497507873374264
0.0, -0.6613184040255167, 0.7501053049386756
-8.329262717926946e-16, -0.6613184040255167, 0.7501053049386757
0.07048309042622174, -0.6582271654526832, 0.7492824096073499
0.1403592983587578, -0.6483478355254437, 0.7480772798620048
0.20882260091602267, -0.6309946603098644, 0.7471229456594884
0.27462625459752316, -0.6052725211567378, 0.746801869705459
0.337046401276313, -0.5722241110836576, 0.747088933002934
0.39547012107150203, -0.5325332039894997, 0.7477551341098725
0.4495935298104218, -0.48708837256882553, 0.7483064613004545
0.49941518051252165, -0.4368768909682885, 0.7479343978709354
0.5441141677939484, -0.3820063267953177, 0.7467979258777997
0.5824812083653125, -0.32250887123401106, 0.745737871203499
0.6137315043195882, -0.25898544908898874, 0.7451886455852107
0.6375094382738784, -0.19231712519942165, 0.7452441187669668
0.653712156047578, -0.12340644461129738, 0.7457752776395894
0.6625442986203648, -0.05312659646597626, 0.7464115192128272
0.6646245769172088, 0.01774246585488235, 0.7464303652537951
0.659992180154124, 0.08853032234876858, 0.7455165884095294
0.6478999179456154, 0.158442709791285, 0.7444016629909969
0.6279975795604096, 0.22654385579967848, 0.7436544590508131
0.6004595304352703, 0.2919273122734437, 0.7434766982399322
0.5657373984119024, 0.3538128429620365, 0.7438326353195209
0.5244542885822425, 0.4115829628487351, 0.7444637217375887
0.47751501745251523, 0.464946876658551, 0.7447879806399693
0.42571771427378097, 0.5136781945838338, 0.7441881961581975
0.36926989028103707, 0.556944941404974, 0.7430958565699467
0.30842102851710906, 0.5937611019479815, 0.7421914997806205
0.2437980796241065, 0.6234636439364137, 0.7417890298586791
0.17621638325469335, 0.6456952911760041, 0.7419432976323685
0.10653560428793774, 0.6602778268809155, 0.7424983082558443
0.03564471487076974, 0.667429744165213, 0.7430154071766033
-0.03565832924744734, 0.6676897893838843, 0.7427805369524576
-0.10665702697379753, 0.6610410392473132, 0.7417995016950685
-0.17654942100402823, 0.6469242088402963, 0.7407889349981127
-0.24444306684455988, 0.6251145620843387, 0.7401800440477104
-0.30947698184897965, 0.5957874575635932, 0.7401187069771491
-0.3708337510392541, 0.5592924639384408, 0.7405430595867152
-0.4278753707831996, 0.5162730077577427, 0.7411426148069751
-0.4803179294098022, 0.46767763480376306, 0.7412601133936809
-0.5279100794795084, 0.41430608532846225, 0.7404893451345459
-0.5698502429322512, 0.35639700429621524, 0.7394326376852411
-0.6052455176620982, 0.294259432714454, 0.7386454417128346
-0.6334814847912049, 0.22851742202145503, 0.7383662369192806
-0.6541043759972036, 0.1599471611239499, 0.738620177850537
-0.6669137794854963, 0.08944478735278202, 0.7392121231044796
-0.6721895018356415, 0.01794057741510071, 0.7396100749518797
-0.670578117398254, -0.053758553393573785, 0.7391402052099282
-0.662044068543898, -0.12496023328842508, 0.7381063496049667
-0.6460289505056585, -0.1948741310240521, 0.7371780073084317
-0.6223628879725361, -0.26262928352526244, 0.7366886213055377
-0.5911567602100829, -0.32732989028175535, 0.7367465406211351
-0.5527419218385333, -0.38809036306174144, 0.7372602716309418
-0.5078403309260386, -0.4442651006424394, 0.7378362326806184
-0.4575648229326896, -0.49571008954267337, 0.7377238543553639
-0.4027244050194373, -0.5422587512759354, 0.7367917421532757
-0.3434081801195226, -0.5829807697490367, 0.7357680356160206
-0.2799702492680708, -0.61703635037314, 0.7350849201075859
-0.21303663700614486, -0.6437712663897006, 0.7349341766854272
-0.1433130722279102, -0.6621252378916781, 0.735330063049554
-0.07203213919075431, -0.6729383527342666, 0.7359365570202661
0.0, -0.6767540568634012, 0.7362091730744247
-8.513461685811519e-16, -0.6767540568634013, 0.7362091730744247
0.0720853731583867, -0.6734440836064782, 0.7354683811350011
0.14352341977778135, -0.6631066322190945, 0.7344037325900108
0.21350370945901853, -0.6451875470404412, 0.7335560354277362
0.28079106717303454, -0.61884316003666, 0.7332493540649165
0.3446797711809957, -0.5851305580079352, 0.7334599127554314
0.4045389445851079, -0.5446911942978782, 0.7339937847779234
0.4599949429410212, -0.49833841991768335, 0.7344313212782115
0.5109120002088827, -0.4469588343053438, 0.7340788854759376
0.55645199845477, -0.39070688211883314, 0.7330754842401299
0.5955132757580374, -0.3297510786515556, 0.7321407006393558
0.6273879946327432, -0.26475071394094224, 0.7316411366405862
0.6517497226928373, -0.19659087597676772, 0.7316531702696493
0.6684741331255745, -0.12615898636877756, 0.7320680758095791
0.6776879177850318, -0.054317610427946396, 0.732573253928477
0.6798578892948648, 0.018141336813379004, 0.7325541915995899
0.6749502045652908, 0.09050617581000175, 0.731742939499178
0.6623681799187321, 0.16195048196474054, 0.7307646705847077
0.6418862116401776, 0.2315419256134052, 0.73009941869677
0.6137255245569695, 0.2983918667100721, 0.7299138481978336
0.578330124283006, 0.36172570550558514, 0.7301773470975799
0.5362742387862918, 0.4208975354309603, 0.7306732342877574
0.488374403282301, 0.47552681696319676, 0.7309110822355445
0.43535589863802493, 0.5252685185713772, 0.7303678234185689
0.37751819899243844, 0.5693252957754454, 0.7294116965862891
0.31522189174992954, 0.6068107848709781, 0.7286165718828381
0.24913443231822682, 0.6371229804734203, 0.7282427822789441
0.18007109189057913, 0.6599218578973828, 0.728334591837184
0.1088765332433024, 0.6749967032658866, 0.728761836565156
0.036431734963077694, 0.6824683927985289, 0.7291583740355103
-0.03644478974907003, 0.682717954594154, 0.7289235145038979
-0.10899291535245412, 0.6757287448701866, 0.7280637464730222
-0.18039021545434064, 0.6610999162054851, 0.7271825911167016
-0.24975250450833342, 0.6387050993825099, 0.7266378889470899
-0.3162341064468216, 0.6087528306062657, 0.7265485929831985
-0.37901804409683004, 0.5715761586865753, 0.7268626153961143
-0.437426365018738, 0.5277581259901214, 0.7273233052204787
-0.49106454016417955, 0.4781477755217667, 0.7273827918821534
-0.5395894322982125, 0.42351035035183715, 0.7267012357743012
-0.5822731658570504, 0.3642038123399899, 0.7257848186325508
-0.6183121769173137, 0.3006271764121745, 0.7250943945707125
-0.6471416812888381, 0.23343300666759625, 0.7248244816297605
-0.6683163774251063, 0.16339209503082108, 0.7249939358694603
-0.681590074246797, 0.09138280823910712, 0.725443155516573
-0.6871185134687396, 0.0183313646391998, 0.7257331074211838
-0.6853972279912914, -0.054923560580968096, 0.7253034623874977
-0.6764646895874471, -0.12764818077525245, 0.7244090815194325
-0.6599157927436164, -0.19904103699847414, 0.723605178302176
-0.6356592410865118, -0.26824259430752856, 0.7231632613566022
-0.6038281353389349, -0.3343726891870057, 0.7231692571363205
-0.5647257092030684, -0.3965425406025466, 0.7235491054592018
-0.5189970764057751, -0.4540494386951955, 0.7239813094212358
-0.4676458550687983, -0.5066131078947904, 0.7238476442576381
-0.4114985578278818, -0.5540197756994422, 0.7230398482280525
-0.35077957903238827, -0.5954418005965942, 0.7221612279387308
-0.28591250213051156, -0.6301161401029908, 0.721562848203205
-0.21754129423601043, -0.657431895173999, 0.7213976439068214
-0.14635419120866136, -0.6763174738530038, 0.7216769539766988
-0.07357065858248435, -0.6875595408850739, 0.7221282223798212
0.0, -0.6915704070984503, 0.7223090557550028
-8.691084925535418e-16, -0.6915704070984491, 0.7223090557550038
0.07362172798183075, -0.6880450276326241, 0.7216602464108188
0.1465558851033008, -0.6772589928054566, 0.7207520916072091
0.2179890468637121, -0.6587898939801818, 0.7200228921212174
0.2866995548888221, -0.6318484835697656, 0.7197319891437721
0.3519994377977437, -0.5975036440551698, 0.7198575780757694
0.4132402436717505, -0.556354096949661, 0.7202442848014785
0.4699793990088834, -0.5091368412495405, 0.7205548095915794
0.521946164666268, -0.4566358810789699, 0.7202242088396192
0.5682853269187583, -0.39905348484858905, 0.7193692151870922
0.608005714597392, -0.33669494200165073, 0.7185734730031116
0.640477247671022, -0.270276640602862, 0.7181287569077871
0.6654021150224977, -0.20068691999892746, 0.7180925944366081
0.6826344265711464, -0.12879770042389024, 0.718378545416912
0.6922231101105301, -0.05545989061607659, 0.7187379131592155
0.6944818954369617, 0.018524033615812643, 0.7186764753295625
0.6893031660483597, 0.0924008119800836, 0.7179794833396702
0.6762429482216498, 0.16531274769789633, 0.7171528547304703
0.6552005803298515, 0.23633264609726656, 0.716578160237678
0.6264433058844441, 0.3045901598363917, 0.71638385714188
0.5904071371726332, 0.3693164259062121, 0.7165450515740598
0.5476172392178629, 0.4298378512727318, 0.7168909741085683
0.4988004990596584, 0.4856848895339681, 0.7170326257461674
0.44460802998609517, 0.5363930928568588, 0.7165522969374659
0.3854320908115571, 0.5812007849725875, 0.7157472704023795
0.3217439458939268, 0.6193230899380777, 0.715072826312891
0.25425049657594173, 0.6502192116163936, 0.7147305949681036
0.1837665348749784, 0.6735661393077521, 0.7147534101020279
0.11112139052490144, 0.6891210917075412, 0.7150393236015504
0.037186790730300914, 0.6969074946402908, 0.7153020711465949
-0.037199322185102725, 0.697147227329013, 0.7150672257348512
-0.11123305987583718, 0.6898239484855047, 0.714341935860374
-0.1840726557048568, 0.6746966445840099, 0.7136037071384723
-0.25484342175653396, 0.6517370472732861, 0.7131296774157077
-0.3227152738599969, 0.6211863409460634, 0.7130095261347187
-0.3868720176718823, 0.583361213147549, 0.7132018149800952
-0.4465967640715847, 0.5387841202414287, 0.7135088538701789
-0.5013848781601673, 0.48820287385957817, 0.7135039846494057
-0.5508007449611244, 0.4323473005405509, 0.7129213325236969
-0.5941913672600493, 0.3716953039044142, 0.712159801246421
-0.630843691190849, 0.30673499265501253, 0.7115758731300342
-0.6602425944032506, 0.2381466634806305, 0.7113161285167008
-0.6819514751077604, 0.16669562798055204, 0.7113925844837041
-0.6956791404560482, 0.09324206506719866, 0.7116843185261879
-0.701457143073047, 0.01870650346494086, 0.7118547374647889
-0.6996282527251826, -0.05604152371662106, 0.7114697037139873
-0.6903055075254596, -0.13022651218739473, 0.7107292592577195
-0.6732378151506336, -0.20303724541565696, 0.7100622213815242
-0.6484120220215739, -0.27362654691256705, 0.7096723933414658
-0.6159834148200818, -0.34113011261210346, 0.7096213602667842
-0.5762276567399144, -0.40465656927792915, 0.7098538701856569
-0.5297124418594961, -0.4634474003562841, 0.7101273692530913
-0.4773298457150268, -0.5170861490630536, 0.7099702638435348
-0.4199238398988425, -0.5653110240583634, 0.7092996454539005
-0.3578542402465286, -0.6073984444907863, 0.7085805162126687
-0.29161304381655506, -0.64266286940285, 0.7080750535334479
-0.22186176565651727, -0.6705368543912366, 0.7078940037537632
-0.14927168352803238, -0.6899398266842592, 0.7080452469905675
-0.07504739635392313, -0.7016023003534957, 0.7083257891084183
0.0, -0.7058058638178182, 0.7084053095512367
-8.86267336258545e-16, -0.7058058638178194, 0.7084053095512355
0.07509643807723858, -0.7020687818134049, 0.7078580154181215
0.14946527329406725, -0.6908439712244585, 0.7071218204778131
0.22229143278027705, -0.6718402862223357, 0.7065225494694912
0.29236848858452047, -0.6443255080174042, 0.7062487740950426
0.3590256241467391, -0.6093779068226659, 0.7062812304222755
0.42159715109752205, -0.5675533022031649, 0.7065064482930598
0.4795726383895766, -0.5195116175437283, 0.706677205195543
0.5325463921662893, -0.4659330301392638, 0.7063705875601425
0.5796461750493094, -0.40706846482765136, 0.705678790127648
0.6199934140381131, -0.3433596875667878, 0.7050353694449721
0.6530361702592088, -0.27557879331229257, 0.7046505166807737
0.678504574309819, -0.20461678954883447, 0.704561575482643
0.6962311336446781, -0.1313299210013951, 0.7047063111766743
0.7061874917720447, -0.05655656275618726, 0.704905640036111
0.7085339234956802, 0.01889159367540216, 0.7047975345877896
0.703088778288254, 0.09421941983143937, 0.7042261181178482
0.6895620412207133, 0.1685388669889906, 0.7035655782164105
0.6679777299503239, 0.24092942462490552, 0.7030897524590135
0.638648194081888, 0.31053931019441744, 0.7028858339280559
0.6020012000257688, 0.37660534805801327, 0.7029351998340092
0.5585129017124074, 0.4384269801427782, 0.7031169121062942
0.5088196732088994, 0.49544674119362264, 0.7031529439327733
0.45349772493629026, 0.54708059003348, 0.7027417202359411
0.3930324821018483, 0.592603189109982, 0.7021021470543185
0.3280049509382613, 0.6313323646219594, 0.7015594352013623
0.2591604000639997, 0.6627884224253616, 0.7012515468131308
0.1873128874126442, 0.6866650400995906, 0.701199056800548
0.11327626222324372, 0.7026878470754642, 0.7013305512311481
0.03791189696525929, 0.7107833841739697, 0.7014467634309649
-0.037923937054662044, 0.7110138637902434, 0.7012119377287809
-0.1133835079547906, 0.7033632690525338, 0.7006338581066103
-0.18760680956620962, 0.6877509079465831, 0.7000515988157041
-0.2597297378103069, 0.6642459582125233, 0.699654505167493
-0.3289379071776728, 0.6331216853857426, 0.699500699567158
-0.3944161019909007, 0.594678670471944, 0.6995602511736333
-0.4554095325530892, 0.5493788729411015, 0.6996993920630592
-0.5113044711844659, 0.4978677587541222, 0.6996240572725563
-0.5615725690015835, 0.4408391777376597, 0.6991496421938304
-0.6056363100680675, 0.3788910138698106, 0.698557078694477
-0.6428738386741017, 0.31259925219226453, 0.6980890362377135
-0.6728195017361775, 0.24267116102003328, 0.6978403011157879
-0.695045525858584, 0.16986663623581633, 0.697815541850336
-0.7092165693684673, 0.09502745690489203, 0.6979355677134945
-0.7152404513483348, 0.01906696899264248, 0.6979753468908257
-0.7133063780370019, -0.05711536880304222, 0.697639137934415
-0.7036020241288843, -0.13270206508490678, 0.6970665788117619
-0.6860302520510406, -0.2068734624891201, 0.6965484025601538
-0.6606553477664849, -0.2787955288493975, 0.696215116666674
-0.6276547113749229, -0.3476198546782236, 0.6961021198843629
-0.5872770993028608, -0.4124529015725458, 0.6961743246713025
-0.540012601642391, -0.4724817670236279, 0.6962747255365245
-0.486640149265968, -0.5271546030072537, 0.6960920882750712
-0.4280211627285887, -0.5761608796442861, 0.6955710474882587
-0.3646503784500996, -0.6188818151991511, 0.6950253135941665
-0.29708692154689464, -0.6547097518191136, 0.6946206583396408
-0.2260095066103838, -0.6831206180212119, 0.6944224137520687
-0.15207318126513777, -0.7030270206988743, 0.6944345275233765
-0.07646614597216378, -0.7151009382561774, 0.6945293865596476
0.0, -0.719494229268391, 0.6944984190403057
-9.028703039537612e-16, -0.71949422926839, 0.6944984190403067
0.07651328107260738, -0.7155495085148206, 0.694061821600209
0.1522591529458394, -0.7038960015510631, 0.6935125132604447
0.2264221801560021, -0.684372768659693, 0.6930541786140397
0.29781266621354874, -0.6563068969795983, 0.6927988499022069
0.3657761671102575, -0.6207838159554596, 0.6927303051165693
0.42963005573944046, -0.5783164858121038, 0.6927802137022924
0.48879733166074557, -0.5294873961416043, 0.6927989124912818
0.5427379849946834, -0.47487230279443077, 0.6925183690480181
0.5905627904507385, -0.4147715149332455, 0.692004005344565
0.631507174183835, -0.3497622851138836, 0.6915257040745664
0.6650973500287612, -0.2806709145140555, 0.6912055668024867
0.6910906124656252, -0.20839066861549288, 0.6910594339187037
0.7092978713630169, -0.13376212493308062, 0.6910511238008572
0.7196142272206174, -0.057610386567667246, 0.6910767011788055
0.722046873396848, 0.019244932667560596, 0.6909178154729514
0.7163403145113849, 0.09596658173116496, 0.6904828657642292
0.7023588565751256, 0.17163710961872916, 0.6900023324833392
0.6802503886732598, 0.24534410790254696, 0.6896334021141534
0.6503713957962707, 0.3162544410663803, 0.6894190252459949
0.6131412529388945, 0.3836104369534117, 0.6893473712796458
0.5689873638534024, 0.44668527912610556, 0.6893511416635514
0.5184551819605532, 0.5048349908359407, 0.6892724963504955
0.46204582248804804, 0.557356316311068, 0.688936320577641
0.40033784787775256, 0.6035605871728851, 0.6884760205447477
0.33402060451830884, 0.6428689731657424, 0.6880757050688566
0.26387663441842013, 0.6748625177329874, 0.6878048548786735
0.1907191480221932, 0.6992511842437432, 0.687670967187061
0.11534653019929642, 0.7157295299027239, 0.6876354239004083
0.038608834616473416, 0.7241281347650854, 0.6875928404104312
-0.038620411684436334, 0.7243498713893206, 0.6873580420671545
-0.11544960882106192, 0.7163790681834782, 0.686939423723839
-0.191001584934072, 0.7002950006152194, 0.6865257121536021
-0.2644237684014079, 0.6762632875844296, 0.6862116051114187
-0.334917419772135, 0.6445886791171402, 0.6860214396145186
-0.4016683620670005, 0.6055559880330769, 0.6859376405485058
-0.46388496003662727, 0.5595670243385991, 0.6858951735132012
-0.5208458673168355, 0.5071643601375253, 0.6857435005664836
-0.5719301481557454, 0.44900564119798225, 0.6853862923442775
-0.616635837707664, 0.3858082248499142, 0.6849762702192347
-0.6544325252533163, 0.3182344473198512, 0.6846331776816841
-0.6849036405729663, 0.24701780688288255, 0.6843962577635975
-0.7076302724865909, 0.17291298142801537, 0.6842623518110471
-0.7222338449679222, 0.09674332159191895, 0.6841969795816508
-0.7284994281765511, 0.01941362432308439, 0.6840954424289821
-0.7264627208606139, -0.058147687083951995, 0.6838120942055776
-0.7163856675268662, -0.13508089726886072, 0.6834208585219371
-0.6983243163727224, -0.21055917512201097, 0.6830631195009971
-0.6724194515874858, -0.2837622895294897, 0.6827906660762544
-0.6388704823310074, -0.3538575923309338, 0.6826109339044566
-0.5979000184779711, -0.41994964728523415, 0.6825103482236051
-0.5499207145935157, -0.4811726919750724, 0.6824238149395317
-0.49559742631458137, -0.5368409341125004, 0.6822136137125325
-0.43580904261297865, -0.5865944827967025, 0.681854087441862
-0.37118413635644065, -0.6299194937916901, 0.6814951609297103
-0.3023474787363354, -0.6662862418520217, 0.6811989194802244
-0.22999467870016582, -0.6952137615359018, 0.680982161789999
-0.15476545410296194, -0.7156098380428533, 0.6808445050057572
-0.07783027194991339, -0.7280858433333998, 0.680739261923079
0.0, -0.7326654253370454, 0.68058899088634
-9.189595247087073e-16, -0.7326654253370454, 0.6805889908863398
0.07787560807190516, -0.7285174740473467, 0.6802719160428401
0.1549442399895583, -0.7164456202610795, 0.6799238875537491
0.23039133000034118, -0.6964175533706265, 0.6796170802885911
0.3030452200936339, -0.6678216392174074, 0.6793814910747936
0.3722668895729969, -0.6317484071813407, 0.6792043639509658
0.4373570317734065, -0.5886681894440889, 0.6790656377142379
0.49767356136710145, -0.5390860135998945, 0.678920455516411
0.5525433646611942, -0.4834732097930088, 0.6786680223766446
0.6010602345862144, -0.4221801021788063, 0.6783447756748907
0.6425743408499194, -0.3559177982250577, 0.67804391660803
0.6766897250441717, -0.28556520732930557, 0.6777931904653299
0.703189984001556, -0.21201760186070046, 0.6775856188263004
0.7218644727782604, -0.1361000646036134, 0.677412853552797
0.7325327235621506, -0.05862381253293511, 0.677251480890185
0.7350499085581161, 0.019584863377923707, 0.677037885922293
0.7290872977371301, 0.09764636745059714, 0.6767498658668571
0.7146630551261927, 0.17461482369637463, 0.6764627307455073
0.6920476347823784, 0.24958722280322704, 0.6762084459746246
0.6616406392657075, 0.3217489884189917, 0.6759828076749528
0.6238530036286252, 0.39034764639284664, 0.6757812668092109
0.5790638272790934, 0.45463081334157474, 0.6755938727340363
0.527727653232936, 0.5138697002945001, 0.6753918633051417
0.4702708148062277, 0.5672427331093519, 0.6751364430030862
0.40736459835455185, 0.6140979275274056, 0.674868703398517
0.3398048589935124, 0.6539599087271886, 0.6746210692407615
0.2684103063929212, 0.6864698639239823, 0.6743898663838495
0.1939933191042045, 0.7113535725188013, 0.6741687002080777
0.11733698026603123, 0.7282750677192804, 0.6739539625344566
0.039279186698480545, 0.7369702174912893, 0.6737408102559026
-0.03929032601037512, 0.7371836652153949, 0.6735060488815496
-0.11743612055056282, 0.7289001043918879, 0.6732586594009431
-0.1942649071476663, 0.712357643101607, 0.6730256162624564
-0.2689364706937202, 0.6878170195682505, 0.6728003393980335
-0.34066752230156017, 0.65561384841727, 0.6725711983053124
-0.40864485966831354, 0.6160175858481269, 0.6723338170383978
-0.4720410721863997, 0.5693704703015472, 0.6720965684299821
-0.5300290934253101, 0.5161121551015562, 0.6718629245938017
-0.5818959247827529, 0.45686416338017066, 0.6716315254517811
-0.6272147256416447, 0.3924623106521957, 0.6714171144514931
-0.6655463730529172, 0.3236534774693771, 0.6712077184489986
-0.6965228213589876, 0.2511966694597815, 0.6709833838706368
-0.7197339689662023, 0.17584166463644824, 0.6707326771972975
-0.7347589703900738, 0.0983935210620782, 0.6704687456014559
-0.7412616158549222, 0.019747237541164957, 0.670215649720104
-0.7391249497709893, -0.05914078583109652, 0.6699890164025907
-0.7286844106162048, -0.1373684048662782, 0.6697920328281646
-0.710147807896665, -0.21410283519097656, 0.6696058941048543
-0.683731269327138, -0.28853818758492994, 0.6693984038245486
-0.6496560813820795, -0.35985728985525645, 0.6691473212603714
-0.6081195500732787, -0.42716292826042285, 0.668861934512001
-0.5594573825244511, -0.48953810039424084, 0.6685751914570119
-0.5042200533662312, -0.546165125852067, 0.6683354516458605
-0.4433039630358849, -0.596634221000151, 0.6681489120048063
-0.3774698966955269, -0.6405360602137053, 0.6679897197588502
-0.30740661075352027, -0.6774185991890755, 0.6678092206420214
-0.23382634380232334, -0.7068435464835334, 0.6675726587904721
-0.15735453870424318, -0.7277157111943549, 0.6672750062959839
-0.07914277420809604, -0.7405840770180231, 0.666955774624436
0.0, -0.7453460808177738, 0.6666777480984232
-9.345724709118351e-16, -0.745346080817774, 0.6666777480984228
0.07918640756106582, -0.7409996355387644, 0.6664886618818472
0.15752652523949975, -0.7285200503569529, 0.6663557779522279
0.23420784130527775, -0.7080015918671507, 0.6662106775441687
0.30807786549937016, -0.6788955970754126, 0.6659960979362055
0.37851190152174935, -0.6422957953292924, 0.6657030882680685
0.44479418593093867, -0.5986302903171425, 0.6653628894314878
0.5062192118475757, -0.5483269187718136, 0.6650424723190866
0.5619825050575711, -0.49175312924629044, 0.6648201323620025
0.6111608588602081, -0.42930980048804357, 0.6647011285244793
0.653219319553635, -0.3618396679651069, 0.6645895655019726
0.6878391261363807, -0.29027256432735943, 0.664412795593663
0.7148292446979606, -0.21550566388398337, 0.6641397006505602
0.733957550952149, -0.13834887564594434, 0.6637914841467862
0.7449691930156856, -0.059599027889452524, 0.6634304755610269
0.7475690162676736, 0.019912110974733593, 0.6631584298065895
0.7413560600835618, 0.09926241035136904, 0.6630273698652139
0.7265011152087246, 0.17747857228016445, 0.6629465015349816
0.7033954368367837, 0.2536681716244118, 0.6628143434336632
0.672480688896699, 0.32703495059750365, 0.662576680288501
0.6341594062427584, 0.3968312171486088, 0.6622367024006574
0.5887629942077317, 0.4622796970993024, 0.6618454261877708
0.5366554790612791, 0.5225687562161896, 0.6615117400146553
0.4781891966451941, 0.5767598801539433, 0.6613425446020595
0.41412738446242914, 0.6242374908213253, 0.6612801205778922
0.3453701787840906, 0.664629290201556, 0.6611950807713591
0.2727713417336063, 0.6976358099081379, 0.6610060512393745
0.19714255354067972, 0.7229981163141641, 0.6606919317720246
0.11925189002612847, 0.7403502919590856, 0.6602862987354797
0.03992436745375626, 0.7493350360628761, 0.6598912940477011
-0.039935091639972664, 0.7495406011266122, 0.6596565811174376
-0.11934729700377145, 0.7409520645124972, 0.6595917022165896
-0.19740386310269836, 0.7239645068539121, 0.6595509966640388
-0.2732776423337805, 0.6989321757834297, 0.6594201920189332
-0.3462004722420211, 0.6662209124049188, 0.6591495463596093
-0.41535994753861455, 0.6260852923702078, 0.6587487259176319
-0.47989396496042214, 0.5788087669838922, 0.6583040578406492
-0.5388720279366239, 0.5247285306407539, 0.6579830528761041
-0.5914899516949299, 0.4644303518015501, 0.6578856933244812
-0.6373951300230528, 0.39886701565939736, 0.6578794631162801
-0.6762391993257849, 0.3288678815839715, 0.6578121995114741
-0.7077019269700133, 0.2552167584118441, 0.65760118472443
-0.731381889264537, 0.1786589518010181, 0.6572262935421083
-0.7468169777957849, 0.09998151079949352, 0.656751166526354
-0.7535516164412613, 0.020068495544190528, 0.6563367075092263
-0.7513177907295204, -0.06009672970184676, 0.6561704576288951
-0.7405232747237509, -0.1395694185130547, 0.6561801463498483
-0.7215256087990852, -0.21751200968872042, 0.6561763655855668
-0.6946149171815503, -0.29313339240801367, 0.6560378123915699
-0.6600342082785124, -0.3656314470532522, 0.6557109153326218
-0.6179563977520416, -0.4341071675049435, 0.6552291857984737
-0.5686410239561264, -0.497594015443324, 0.6547295206467936
-0.5125244568724733, -0.5551450433193128, 0.6544583234023191
-0.45052067019377934, -0.6063001285671326, 0.6544557758399256
-0.38352053672260267, -0.6507535269327992, 0.6545087657504229
-0.3122749736227523, -0.6881303491269385, 0.6544510650887566
-0.23751262241617058, -0.7180343976021284, 0.6541934318780485
-0.1598458443188235, -0.7393692065760444, 0.6537259694843236
-0.08040634062098281, -0.7526198559227291, 0.6531793909383768
0.0, -0.757560010878161, 0.6527655244559721
-9.497426261320912e-16, -0.7575600108781612, 0.652765524455972
0.07768076421022262, -0.7530201201520689, 0.6527125289267519
0.149006264344357, -0.7401436783773897, 0.6528081299759664
0.2133467748558398, -0.719149042596146, 0.6528345089675043
0.2699002087161609, -0.6895519545458682, 0.6526421894913156
0.31844929325887, -0.6524475934022362, 0.6522262726207547
0.3587674706901409, -0.6082223848948166, 0.6516722448614705
0.39071154800017244, -0.5572275184992788, 0.6511657095058024
0.4141426694798644, -0.49972761544415534, 0.6509753938544949
0.42902734145653476, -0.4361745626663649, 0.6510731981660555
0.43576648429931236, -0.36753994472843565, 0.6511623215819193
0.4349298696988725, -0.2948027544901163, 0.6510639078590698
0.42717493634763715, -0.21886209750310423, 0.6507213646393292
0.41314648197302606, -0.1405131648525537, 0.6501871071309228
0.39350442866595164, -0.06053799406945796, 0.6496142883191026
0.36892937631248957, 0.02022732569894969, 0.6492802412202153
0.3401275043015892, 0.10081796994791571, 0.6493157353549207
0.3081179325639525, 0.18023424544144617, 0.6494534823692337
0.2739527730945841, 0.2575953921702273, 0.6494506693797062
0.23863166545640838, 0.33212309296961995, 0.6492002575965745
0.20307979641751922, 0.4030739212451825, 0.6487136030392419
0.1681550428022724, 0.4696463733697826, 0.6481062284134629
0.13469570352560636, 0.5309481829110783, 0.6476329309597719
0.10349826254882552, 0.5859257221381118, 0.6475551890013722
0.07535119888060929, 0.6339992697115691, 0.6477103031617932
0.05094115165635793, 0.674898769793244, 0.6477974052905517
0.030835422705575863, 0.7083831142712955, 0.6476529949081267
0.015490382705413294, 0.7342080757423544, 0.6472404477308992
0.005256442919725948, 0.7519783787365295, 0.6466326684025243
0.0003825839484237689, 0.7612453653078681, 0.6460450202319701
0.0009920198132995425, 0.7614434128021054, 0.6458103689937681
0.0070629836105706376, 0.7525579987028534, 0.6459387950727451
0.018458608270739016, 0.7351386439724001, 0.6461016498385108
0.03494378353180985, 0.7096312323625469, 0.6460707621258185
0.05618249679129381, 0.6764311777046381, 0.6457561673631316
0.08171870681890794, 0.6357787095432715, 0.6451824189247444
0.11095190388310236, 0.5878994626871081, 0.6445182281371655
0.14309561306076873, 0.5330290811217213, 0.6441047167913461
0.1772716039688356, 0.47171821299098726, 0.6441492516987651
0.21275549500743338, 0.40503468391382125, 0.6443632751401916
0.248798329386346, 0.3338880285148617, 0.6444462754073531
0.28458874566429004, 0.2590861723843334, 0.6442492792807734
0.3192098344885862, 0.1813704761485179, 0.6437430838047155
0.3516218984849254, 0.10151039631638889, 0.6430446473526861
0.3806562214373903, 0.020378014836892232, 0.6424594620253862
0.40514518543446987, -0.06101737532511519, 0.6423570747624749
0.4244526410107692, -0.14168828306864456, 0.6425853476738934
0.43804422497437645, -0.2207935048388271, 0.6427742832747987
0.44533199133840107, -0.2975570504883491, 0.6427084871924865
0.44569252761831346, -0.37119130386442506, 0.642301457517334
0.43844500641376716, -0.4407953273030145, 0.6416123075844251
0.4229445017781803, -0.505354826848026, 0.6408875740634307
0.39867667893957454, -0.5637967318348455, 0.6405830548172631
0.3656924070276704, -0.6156102161126107, 0.6407750358490822
0.3242575326692821, -0.6605916973161615, 0.6410521808607653
0.27457515129131277, -0.6984426623409984, 0.6411240681947044
0.21688797446619412, -0.7288082958942944, 0.6408441179163631
0.15140151587133843, -0.7505924252635972, 0.6401974351508887
0.07889702616567391, -0.7642149494630325, 0.6394106785708875
-9.575673587391975e-16, -0.7693286120715366, 0.6388532590885666
-0.0, -0.7693286120715367, 0.6388532590885665
-0.07885654765117948, -0.764600619781166, 0.6389440886843881
-0.15124212082284919, -0.7513384456299914, 0.6392809966155982
-0.21653452065683038, -0.7298816562289921, 0.6394882223881645
-0.27395291733471105, -0.6998115863082943, 0.6393193971588296
-0.32329106808508695, -0.6622232574587787, 0.6387738195568544
-0.36430955224344574, -0.6174621050595712, 0.6379940817643279
-0.3968208901190047, -0.5658034625858889, 0.6372910169498714
-0.42060089579864984, -0.5074106534875614, 0.6371346062242781
-0.4356244096309896, -0.44278694473494173, 0.6374612203268721
-0.44238972453889064, -0.3730294796032213, 0.6377619620052674
-0.44152469857867893, -0.2991645776792138, 0.6377461639766688
-0.4337039913020065, -0.22209342818612327, 0.6373304043237726
-0.41956120767873506, -0.14259708314219144, 0.6365999161456362
-0.39972102244047486, -0.06144247808266816, 0.6358036237274648
-0.3748015417460739, 0.020531092778576, 0.6354042189491981
-0.3455012837363933, 0.10231598286646615, 0.6356154211178924
-0.31293511618736103, 0.18288715197157807, 0.6359836146868489
-0.27821845801121214, 0.2613764891104968, 0.6361171083527525
-0.24237083960060965, 0.3370231161432137, 0.6358532635261884
-0.2063159511256662, 0.4090872631032647, 0.6352119970720147
-0.17090000149652884, 0.47674384406933046, 0.6343768060312509
-0.13694486451895319, 0.539022400194012, 0.6337563444094366
-0.10524619457237375, 0.5947564345471589, 0.6337750410767216
-0.07663288857944628, 0.6434012804284799, 0.6341593848843468
-0.05182211452191304, 0.6847878678362261, 0.6344278167418866
-0.03138959425024797, 0.7187322975809551, 0.6343303925532175
-0.015792151161063292, 0.7450044191101531, 0.6338141406096929
-0.0053798652039806355, 0.7631802099899239, 0.6329934097831392
-0.0004038280882510785, 0.7727217137553475, 0.6322028192560749
-0.0009910581468126033, 0.7729125731905326, 0.6319682446412526
-0.007119895963892231, 0.7637386840830924, 0.6323002775570221
-0.018650628324616003, 0.7459008462568648, 0.6326774738546218
-0.03534650877409147, 0.719934466266505, 0.6327517566173628
-0.05687127195166988, 0.6862638683123785, 0.6323908485162508
-0.0827680176416434, 0.6451155188112285, 0.6316350453068367
-0.11242893695972084, 0.5966583737006148, 0.6307397657778064
-0.1450401432570789, 0.5410278558286858, 0.6302288501358824
-0.1796846081201297, 0.4787403723722493, 0.6304227552856707
-0.2156369063195143, 0.4109764505182117, 0.6308686108289551
-0.25216322328954244, 0.33872327718574413, 0.6311097064562075
-0.28846287402705584, 0.26281222432374174, 0.6309273915232549
-0.32362017983758906, 0.1839813263556794, 0.6302830298198908
-0.3565766578201213, 0.1029829831761111, 0.629349690271537
-0.3861031034132771, 0.020676353603326494, 0.6285848615301842
-0.41093923791879106, -0.061904396694623214, 0.6285496240442856
-0.4304546285514548, -0.14372892013113325, 0.6290078867975754
-0.44417418242632933, -0.22395346536774466, 0.6293995038786192
-0.4515435096686701, -0.30181742010631163, 0.6294101325533857
-0.45195021965823723, -0.3765470073583166, 0.6289187927316816
-0.4446973264343918, -0.4472391050631802, 0.6280116027691527
-0.4290831603601428, -0.51283351180122, 0.6270502238763755
-0.40449741127225197, -0.5721346629477722, 0.6267105710586753
-0.37098269042487736, -0.62458074095241, 0.6271071478567072
-0.32888710618478584, -0.6700684552131495, 0.6276199556982618
-0.2784559262002095, -0.7083746665741455, 0.627827954528259
-0.2199445843223687, -0.7391851043168935, 0.627524457880359
-0.15354901147804015, -0.7614053219810832, 0.6266895551429611
-0.08002851617239239, -0.7753890090336176, 0.6256503027812486
0.0, -0.7806711904762427, 0.6249419911963078
-9.788717597045846e-16, -0.7806711904762431, 0.6249419911963071
0.08283512016355993, -0.7757607200091211, 0.625184008257609
0.16470766507607001, -0.7621241859897753, 0.6257745193850652
0.24481797689363025, -0.7402190965388284, 0.626171568597938
0.3220762712887596, -0.7096933675252753, 0.6260274555136698
0.39589295393447393, -0.6716403795410978, 0.625345727054986
0.465503893171154, -0.6263653831932133, 0.624328873116983
0.5300248682396133, -0.5740688819278935, 0.6234193426436482
0.5882725280404965, -0.5148148722175037, 0.6232986680187838
0.6392723853628671, -0.4491582934550541, 0.6238655274541655
0.6828294048847633, -0.3783180849716192, 0.6243883637842178
0.7188499732027591, -0.30336599464277453, 0.6244593041596619
0.7472129916664891, -0.22520556070579845, 0.6239667138391957
0.7676226161012596, -0.14460438744651538, 0.6230302004002627
0.7796097542253162, -0.06231407947523171, 0.6219992824445768
0.7824440886450931, 0.020823940107791483, 0.6215313610999657
0.775517547178505, 0.10375910492319534, 0.6219269825328362
0.7594445000167809, 0.18544209565758762, 0.6225369390499438
0.7349639811069792, 0.26501834355501064, 0.6228134487971095
0.7026372103982054, 0.34174379644004316, 0.6225355254312857
0.6628425328179215, 0.4148816474810938, 0.6217320107841434
0.615773330307854, 0.48358386232901235, 0.6206577809010222
0.5615278346554602, 0.5468044387533417, 0.6198829871002594
0.5002453374632259, 0.6032666424379713, 0.6200028618188371
0.4329570371397616, 0.6524598252458729, 0.6206275954171092
0.36085903480504855, 0.6943142546861966, 0.6210861898310163
0.2849034824353248, 0.7287019372242901, 0.6210380422760644
0.20590180501399333, 0.7554061268256813, 0.6204130011382394
0.12457995766764121, 0.7739746798797706, 0.6193689546123813
0.041720966571453494, 0.7837826258602593, 0.6183656183659277
-0.041730559937301195, 0.7839665958274772, 0.6181311369022904
-0.12466520362794722, 0.7745129210349778, 0.6186765860944305
-0.20613516952985345, 0.7562699381206358, 0.6192784675893539
-0.28535579509387726, 0.7298602419213961, 0.6194629854357006
-0.36160124335467153, 0.6957363945084942, 0.6190534794447137
-0.43405943199906, 0.6541117287676314, 0.6181068520819375
-0.5017707791644566, 0.6050998121269218, 0.6169694522562428
-0.5635117064473143, 0.5487375628778048, 0.616356483846799
-0.618212923373403, 0.4855082549911854, 0.616706852486745
-0.6657350199249493, 0.4167023978644453, 0.617395626879351
-0.7059954494385549, 0.34338210509519435, 0.617802355286986
-0.7388118426812733, 0.2664015397928542, 0.6176353485551034
-0.7638073238705504, 0.18649611299099303, 0.6168462121517313
-0.7804023577268048, 0.10440181167752542, 0.6156668928938409
-0.7877986816071111, 0.020964014851982127, 0.6147139510200004
-0.7852913510505792, -0.06275931371776368, 0.6147489548175069
-0.7734947462295543, -0.14569488833829397, 0.6154481049445721
-0.7531980091795858, -0.22699746577253144, 0.6160519795651141
-0.7249035047916409, -0.3059219913990236, 0.6161425513873359
-0.6889182832895391, -0.3817077576463213, 0.6155628615221691
-0.6453481426587759, -0.45344910093188484, 0.6144274678359081
-0.5942313257409951, -0.5200418241251308, 0.6132184376393411
-0.5356687934478228, -0.5801719442922095, 0.6128418915777676
-0.47062774098073734, -0.6332264404306307, 0.6134526581593772
-0.40037208323365414, -0.6792000260161993, 0.6142121681038704
-0.3258268281237751, -0.7179437161226663, 0.6145625451949238
-0.24776881204514958, -0.7491828420931209, 0.6142342905076842
-0.1667794950667765, -0.7718260053299184, 0.6132025589482997
-0.0839264819855749, -0.7861598461280903, 0.6118990192828844
0.0, -0.7916052363625514, 0.6110328548968451
-9.92882261863109e-16, -0.7916052363625514, 0.6110328548968452
0.08396408880409202, -0.78651817291067, 0.6114330477369849
0.16692743648726913, -0.772518876493953, 0.6122889509097497
0.24809678013942776, -0.7501792074234346, 0.612884396446196
0.3264045050899217, -0.7192144251722821, 0.6127662028247627
0.4012697304003905, -0.6807149157881323, 0.6119420982058691
0.4719124333745581, -0.634946667766278, 0.6106771855215459
0.5373931351761692, -0.5820365843459498, 0.6095517276915702
0.5964086720671086, -0.5219517187703037, 0.6094685717866553
0.6479673281250482, -0.45529890022069786, 0.6102865427413344
0.6919841491890755, -0.38341466401739255, 0.6110415005828952
0.728437645955481, -0.30741423015984976, 0.6112031700594242
0.7572278193115296, -0.22820385393568726, 0.6106302875746245
0.7780378967613695, -0.1465384867894607, 0.6094783439154282
0.7903308670988892, -0.06315424790031277, 0.6082021573752314
0.7932383122710827, 0.021106349197778665, 0.6076627598714892
0.7860873806039165, 0.1051497507467518, 0.6082510641783965
0.7696334671709627, 0.18790344334831052, 0.6091135861762709
0.7447254647016307, 0.2685272082932439, 0.609539574475224
0.711962159768027, 0.34629310622586934, 0.6092469666739253
0.6717143968640087, 0.420466521863868, 0.6082738630276916
0.6241316356012416, 0.4901770948155707, 0.6069498654813812
0.5692264329068106, 0.554306121647143, 0.6060139590539395
0.5070713176725553, 0.6114696213398922, 0.6062395033467922
0.43878319693566886, 0.6611897139465804, 0.6071152528361343
0.36565016431210035, 0.7034939877655655, 0.6077724925903281
0.28865488882212803, 0.7383089148567745, 0.6077758388840021
0.20860962881965972, 0.7654304456170602, 0.607037111641366
0.1262275935632956, 0.7843789501706915, 0.6057598223563134
0.042276984662606765, 0.794444935773289, 0.6045344365489977
-0.04228623352873099, 0.794622287873165, 0.6043000662763145
-0.12630974703584946, 0.7848977863868312, 0.6050682482007599
-0.20883449768939588, 0.7662630271809614, 0.6059047241420372
-0.2890907934265967, 0.7394252537261603, 0.6062043553740337
-0.3663655676895753, 0.7048645838650485, 0.6057440448115115
-0.4398458614634141, 0.662781889768798, 0.604598176548479
-0.5085418316208845, 0.6132367794054105, 0.6032081591488618
-0.5711389646527996, 0.5561697430563517, 0.6024887408525684
-0.6264833800746484, 0.4920322401107388, 0.60300228080022
-0.6745023172688005, 0.4222216905011345, 0.6039445710887692
-0.7151987062175702, 0.34787222170683607, 0.604524179535595
-0.7484338991204299, 0.2698601462859643, 0.604373072141472
-0.7738385029911321, 0.18891903208874122, 0.6034328012362489
-0.7907960474009736, 0.10576919378068853, 0.601996940935407
-0.7984003385995383, 0.021241456788246346, 0.6008478670633328
-0.795808198335365, -0.0635835079292477, 0.6009560057511169
-0.7836983775842572, -0.14758942483335824, 0.6019064339282068
-0.7629964123998673, -0.22993057745247653, 0.6027317577964273
-0.7342716789775572, -0.309877578589921, 0.6029056433480574
-0.6978521479644106, -0.38668192317234046, 0.6022336970546812
-0.6538234182708687, -0.45943495420938163, 0.6008603870231296
-0.6021531132697706, -0.5269904480734402, 0.5993932732185006
-0.5428342669560616, -0.5879204911841848, 0.5989781251939831
-0.47685201144709405, -0.6415607194992313, 0.5998122020782977
-0.40558753916695195, -0.6880011729731579, 0.6008289930651931
-0.3300193299785593, -0.7271656078937628, 0.6013277586705488
-0.250940052381489, -0.7588179136106561, 0.6009735476803801
-0.16892398400417563, -0.7818709481249111, 0.5997367765133979
-0.08501631381745269, -0.7965436633577295, 0.5981576717776701
0.0, -0.8021466557145341, 0.5971270741860467
-1.006553724200142e-15, -0.8021466557145343, 0.5971270741860467
0.08505257534213928, -0.7968891304171897, 0.5976920532542805
0.16906656260438455, -0.7825388913788892, 0.598824621563467
0.25125609599258375, -0.759778240346573, 0.5996266468426035
0.33057615582919014, -0.7283903610393867, 0.5995355687863808
0.40645292611305034, -0.6894614025441953, 0.598563120120834
0.4780905621904092, -0.6432191141634778, 0.5970396709726943
0.5444966896260586, -0.5897182249275326, 0.5956893014100698
0.604252199770525, -0.5288316113377797, 0.5956453990291753
0.6563480661793059, -0.46121813564689484, 0.5967247765867512
0.700807059560806, -0.3883273276464838, 0.5977214352170267
0.7376780110537351, -0.311315869040292, 0.5979776949099345
0.7668808516760098, -0.231093193803342, 0.5973212086939044
0.788078066243432, -0.14840249060878022, 0.5959448156508761
0.8006667019921005, -0.06396430641125736, 0.5944132276139922
0.8036444666329202, 0.021378756530992388, 0.5937995964579541
0.7962763320557096, 0.10649011928875254, 0.594588398334686
0.7794543767263845, 0.19027517452418374, 0.5957137772048475
0.7541337903486405, 0.271908781393728, 0.5962954630914169
0.720949751873217, 0.35067831002504923, 0.595987603691343
0.6802659862416354, 0.4258504930807542, 0.5948378606553852
0.6321892460873562, 0.4965332560518272, 0.5932538578264732
0.5766483222481886, 0.5615382150439858, 0.5921504485282909
0.5136516740778384, 0.6193774648042805, 0.5924859041523319
0.44439966994774144, 0.6696044440256745, 0.5936227642978944
0.37026860817499946, 0.7123417064670108, 0.5944867857634836
0.2922705222336145, 0.7475686237198864, 0.5945437698229497
0.21121909771675473, 0.7750930984114122, 0.593686645801714
0.1278155873198579, 0.794408661226279, 0.5921666207436144
0.04281307952386058, 0.8047239818702441, 0.5907103796080131
-0.04282199776108504, 0.8048949640461263, 0.5904761399955823
-0.12789477438276411, 0.7949088499972843, 0.5914758740213015
-0.21143582164136399, 0.7758957176826973, 0.5925564229575866
-0.29269069820538635, 0.7486447314284748, 0.5929758640314075
-0.37095829974070776, 0.7136628767340603, 0.5924626174342416
-0.4454241680795181, 0.6711392748899984, 0.591109440066369
-0.5150693311183816, 0.6210811296713419, 0.5894568433244917
-0.5784921698768682, 0.5633349162980118, 0.588626831048014
-0.6344565351320784, 0.49832179121186015, 0.589309862205127
-0.6829535508171171, 0.42754268802155426, 0.5905157775158503
-0.7240696246943217, 0.35220066228856184, 0.5912752266280834
-0.7577085514249249, 0.2731935459255119, 0.5911405737526594
-0.7835079805443433, 0.19125391533109548, 0.5900430532178352
-0.8008156467793727, 0.10708724047482078, 0.5883406040683881
-0.8086210878427387, 0.021509097515332, 0.5869878327611168
-0.8059474856856927, -0.06437824038237698, 0.5871717998501418
-0.793535254796222, -0.14941548570119412, 0.5883833901827581
-0.7724418709487989, -0.23275743131516535, 0.5894389744503128
-0.7433016393668215, -0.31369040352313593, 0.5896993981827583
-0.7064632161412083, -0.3914771431360017, 0.5889314194169735
-0.6619931522461543, -0.4652054619698064, 0.5873109281542049
-0.6097903507389729, -0.5336891322520869, 0.5855758738417322
-0.5497425635339397, -0.5953911754844511, 0.5851204652812971
-0.48285296690965535, -0.6495958157940427, 0.5861864979305969
-0.4106159054617307, -0.6964853798800181, 0.5874706909484976
-0.33406086085957903, -0.7360547723097216, 0.5881236025265242
-0.25399626497352756, -0.7681053041642693, 0.5877422490717356
-0.17099091514031747, -0.7915551963534296, 0.5862926200228316
-0.08606725544979632, -0.8065552528737213, 0.5844271862935618
0.0, -0.8123099666473499, 0.5832259580003116
-1.0199063232986439e-15, -0.81230996664735, 0.5832259580003116
0.08610222521180114, -0.8068883398268852, 0.5839619535534564
0.17112834612836236, -0.7921991859856248, 0.5853819490063078
0.25430086797459805, -0.7690310456797826, 0.5863983481227542
0.3345976791869211, -0.737235432717789, 0.5863355726788864
0.41145030147923384, -0.6978931218520885, 0.5852090671891065
0.48404711181500343, -0.6511947398100053, 0.5834170641228413
0.5513453130402414, -0.5971244466623445, 0.5818332765440303
0.6118140528762086, -0.5354640645756757, 0.5818303152888001
0.6644269069655936, -0.46692456013144035, 0.5831808214454616
0.7093116147607497, -0.39306348773864913, 0.5844283161397853
0.7465853440593568, -0.3150769304924281, 0.5847829006600804
0.7761867550158561, -0.23387804729525385, 0.5840396474472455
0.7977577903528934, -0.15019924206129748, 0.582430167695904
0.8106316555110418, -0.06474546420680516, 0.5806335545163283
0.8136768106878123, 0.021641561377567717, 0.5799431360656447
0.8060989054154759, 0.1077822223136218, 0.5809397985724389
0.7889218677276082, 0.19256093032582294, 0.5823378160840315
0.7632033421766868, 0.27516827484916695, 0.5830811788506178
0.7296137088673279, 0.3549060512433296, 0.5827575394123921
0.688510006646076, 0.43104142984615257, 0.5814243936273481
0.6399575869341312, 0.5026612252795885, 0.5795706372439218
0.5838036222463874, 0.5685105589204584, 0.5782937270723512
0.5199954976562509, 0.6270012290938056, 0.5787430843885224
0.44981455849989394, 0.6777163613515435, 0.5801506179574116
0.3747212801420987, 0.7208708040131395, 0.581229214756581
0.29575589884184766, 0.7564951471446133, 0.5813419090851943
0.2137341924939971, 0.7844084692487318, 0.580361860406774
0.12934632081127073, 0.8040781182796655, 0.5785900374010372
0.04333003588532894, 0.8146337892444735, 0.5768946353518261
-0.04333863620418165, 0.8147986286271516, 0.57666054721792
-0.12942265707848516, 0.8045603536590407, 0.5779001551757352
-0.21394309301022918, 0.7851822877935066, 0.5792338277218354
-0.2961609689608213, 0.7575326136675289, 0.579777595363838
-0.37538626187506335, 0.7221444896796616, 0.579209355322178
-0.45080232306084317, 0.6791960309517531, 0.5776411455558891
-0.5213621948426191, 0.6286437080741664, 0.5757165423125888
-0.5855812186711512, 0.5702427057000008, 0.5747720463806756
-0.6421435294816564, 0.5043855661296478, 0.5756304985815897
-0.6911010745964504, 0.43267304067383716, 0.5771096619293015
-0.7326215084138143, 0.35637386730645104, 0.5780556292018464
-0.7666497037248485, 0.2764067770183211, 0.5779379501833601
-0.7928298644156783, 0.19350427266425357, 0.5766773060495944
-0.8104750907305123, 0.10835788522654137, 0.5746987317555393
-0.8184745869858143, 0.02176731941101825, 0.5731351528163676
-0.8157229618566506, -0.06514466626774332, 0.5733974397843078
-0.8030193441711169, -0.15117577949939354, 0.574879570016142
-0.7815483121638366, -0.23548226995411825, 0.5761738487299874
-0.7520069031729747, -0.31736616561334374, 0.5765238906236132
-0.7147642128882937, -0.3961004136021888, 0.5756562309571173
-0.6698689280203294, -0.47076867936492134, 0.5737797382140843
-0.617153302960553, -0.5401468027447871, 0.57176746326731
-0.5564028314208992, -0.6025939514746332, 0.5712701850556482
-0.48863884400198504, -0.6573429384419265, 0.5725763427520517
-0.4154643993577464, -0.7046650013847159, 0.5741376036529071
-0.33795740807558794, -0.7446244334688232, 0.5749501688460796
-0.2569420224811844, -0.7770587463960447, 0.5745404974339325
-0.17298333441921637, -0.8008925360761157, 0.5728705816753734
-0.08708081978932095, -0.8162081647608191, 0.5707085669467465
0.0, -0.8221084670390111, 0.5693308953699662
-1.0329584622566406e-15, -0.8221084670390116, 0.5693308953699654
0.08711454693590528, -0.8165293116618987, 0.5702437553218326
0.17311581539650878, -0.8015134662204433, 0.5719614307083144
0.2572356291518339, -0.7779512367349137, 0.5731996112335261
0.33847499318827123, -0.7457627114247392, 0.5731663176829098
0.4162689692438057, -0.706022249924255, 0.5718802947041346
0.4897901756427002, -0.6588845593854646, 0.5698101774988744
0.5579479682413386, -0.6042650021380989, 0.5679849445752011
0.6191042590770376, -0.5418577984362032, 0.5680245653465057
0.6722151343751132, -0.4724260198126623, 0.569655347596332
0.7175101753994322, -0.3976299392928395, 0.5711623725912081
0.755172736958217, -0.31870293461662086, 0.5716188925433767
0.7851589789272992, -0.23656251190585728, 0.5707858556659487
0.8070905160182136, -0.15193134971736985, 0.568935030248142
0.8202389254436131, -0.06549883049171916, 0.5668642770097398
0.8233484166483488, 0.02189512963945643, 0.5660947230339244
0.8155684002790597, 0.10902790581686153, 0.5673061557171382
0.7980493670338069, 0.19476405246212847, 0.5689860857720999
0.7719473158332186, 0.2783104705887371, 0.5698968681318809
0.7379666200089544, 0.3589824240824054, 0.5695569587191264
0.6964581141798943, 0.43604654890356764, 0.5680339305651103
0.6474471375896379, 0.5085691451650755, 0.5659011598386772
0.5907016137534927, 0.5752321776366657, 0.5644451446862124
0.526111126583243, 0.6343510558659868, 0.5650121413206053
0.4550352946145533, 0.6855367940519204, 0.5666993794344825
0.3790145239035257, 0.729093571515224, 0.5680000056578858
0.29911608138705514, 0.765101410181773, 0.5681704125517951
0.2161585677596921, 0.7933897582702913, 0.5670630915995367
0.13082198130287165, 0.813400447311179, 0.5650308364601384
0.043828573881559876, 0.8241872258455283, 0.5630884688914849
-0.04383686796544379, 0.8243461311945146, 0.5628545543244794
-0.13089557312272523, 0.813865367241427, 0.5643418595717047
-0.21635994056553537, 0.7941358438922159, 0.5659372810974446
-0.2995066182464754, 0.7661016972966609, 0.5666097146530813
-0.3796557168406105, 0.7303215573086803, 0.5659844964685262
-0.455987642411324, 0.6869633098958663, 0.5641938726082433
-0.5274286074938579, 0.6359344697587057, 0.5619883697657327
-0.5924151951077582, 0.5769019442719618, 0.5609257560334244
-0.6495545913135781, 0.5102315118958705, 0.5619651673580174
-0.6989562333508021, 0.43761977183884604, 0.5637267173517416
-0.7408665757687298, 0.36039775118875605, 0.5648656001743344
-0.7752701263826645, 0.2795044675858568, 0.5647653785806046
-0.8018171111141867, 0.19567332958388803, 0.563335974868791
-0.8197871758414929, 0.10958290472193277, 0.5610722487291208
-0.8279733777055358, 0.022016473416602438, 0.5592912087019909
-0.8251472524880856, -0.06588384697220469, 0.5596341034522772
-0.8121634737173832, -0.1528727955835197, 0.5613956454359381
-0.7903285311479696, -0.23810899205094244, 0.5629366786792026
-0.7603998904191789, -0.3209101016062739, 0.5633792757163514
-0.7227668311227277, -0.4005581612270703, 0.5624084118994579
-0.6774613888955987, -0.476132005605318, 0.5602675390700252
-0.624251400025872, -0.5463716601189137, 0.55796934105741
-0.5628234746859141, -0.6095379638468937, 0.5574286329507421
-0.4942172096404809, -0.6648123872502033, 0.5589826080339853
-0.42013965271538023, -0.7125513924248017, 0.5608301502294633
-0.34171447465726795, -0.75288674684869, 0.5618076294992596
-0.25978152934619053, -0.7856908631810471, 0.5613684740694411
-0.1749040427511732, -0.809895638239961, 0.559471229362922
-0.08805839800457718, -0.8255148516848527, 0.5570028916081724
0.0, -0.8315543783864583, 0.5554433506545116
-1.0457269702614761e-15, -0.8315543783864583, 0.5554433506545116
0.08809092779490744, -0.825824463579389, 0.5565385388561622
0.17503175569895885, -0.8104943319741107, 0.558563639538808
0.260064548825678, -0.7865513304784281, 0.5600306252230117
0.34221353937851395, -0.7539842169599903, 0.5600279861358818
0.42091546861048706, -0.7138599834329735, 0.5585772343611651
0.49532719377853107, -0.6662987004653673, 0.5562198972224417
0.5643128954546548, -0.6111488577674054, 0.5541456711176376
0.6261320388290064, -0.5480208313300787, 0.5542294685218239
0.679723126272257, -0.47772972873408964, 0.5561490989299811
0.7254141110110449, -0.4020329305740599, 0.5579239102275348
0.7634522323845078, -0.32219895902350604, 0.5584858543820881
0.7938098946895674, -0.2391503575539155, 0.5575601621838304
0.8160886109993355, -0.15360121423341597, 0.5554601073385527
0.8295006501428243, -0.06622542587388985, 0.5531066071558675
0.8326713089358544, 0.022139797643425767, 0.5522557760493444
0.8246970508167065, 0.11022886893378231, 0.5536884335426824
0.8068492271524416, 0.1968876171657567, 0.5556590439778646
0.7803778529585899, 0.28133976908826913, 0.55674275488128
0.7460200698651624, 0.3629130357485741, 0.5563861238153863
0.7041210347004772, 0.44087248935222106, 0.5546670144370638
0.6546675406268219, 0.5142645068725349, 0.5522464542164425
0.5973508368099941, 0.58171137520359, 0.5506061250709373
0.5320062334997266, 0.6414362778422114, 0.5512942448765915
0.46006871644224645, 0.6930761682879978, 0.5532696876166024
0.3831541775458982, 0.7370213224083382, 0.5547994607469449
0.30235573029096885, 0.7733993102144077, 0.5550295133447869
0.2184955887158591, 0.802049115638165, 0.5537907504953374
0.13224458348398094, 0.8223877298013917, 0.5514898543531597
0.04430935637820995, 0.8333961367859544, 0.5492932180311143
-0.044317354998282404, 0.8335493005952899, 0.5490595003121418
-0.13231552897287502, 0.8228359224371197, 0.5508018272071938
-0.21868970653924405, 0.8027684528259282, 0.5526672003565448
-0.3027322618660277, 0.7743637657312232, 0.5534724638851607
-0.38377243078817275, 0.7382052539389048, 0.5527883543906618
-0.4609868612840926, 0.6944513814203788, 0.5507682733163757
-0.5332761057633038, 0.6429625821544578, 0.5482735110324747
-0.5990024650765071, 0.5833207666944504, 0.5470894016960326
-0.6566991403878821, 0.5158669462739026, 0.5483149172455457
-0.7065294763542975, 0.44238934891133264, 0.5503675097984307
-0.7488160816479327, 0.3642777613542525, 0.5517054281882714
-0.7835815829563831, 0.2824908812589726, 0.5516231119212356
-0.8104816552599017, 0.19776405903159047, 0.5500195478101407
-0.8287636902135859, 0.11076393653907501, 0.547462150738201
-0.837129014931852, 0.022256882564993665, 0.5454574539173739
-0.8342319890885288, -0.06659676062498882, 0.5458830395914694
-0.8209794617912006, -0.15450882866514246, 0.5479323599541469
-0.798794317521206, -0.24064119077879037, 0.5497278367238978
-0.7684920463033033, -0.3243270371944501, 0.5502657842649099
-0.730481846878643, -0.4048563068924125, 0.5491883161009004
-0.684780344107114, -0.48130225812208527, 0.5467751233545456
-0.6310933332023433, -0.5523712630779392, 0.5441828779461704
-0.5690122390273156, -0.6162316408266195, 0.5435972280737353
-0.4995950370521988, -0.6720136555170726, 0.5454062355386509
-0.42464777758615135, -0.7201550199459518, 0.5475488225322193
-0.3453371332052072, -0.7608529180963248, 0.5486962315937898
-0.2625186626816984, -0.7940132908715907, 0.5482264345093912
-0.1767556232994728, -0.8185761836537729, 0.5460952024118534
-0.08900127310886509, -0.8344867936637245, 0.543311307663795
0.0, -0.8406589698900574, 0.541564858852001
-1.058227274683474e-15, -0.8406589698900573, 0.541564858852001
0.08903264734259553, -0.8347852445257583, 0.54284745382605
0.17687873629623835, -0.8191534008655459, 0.5451892195182605
0.2627914728191028, -0.7948428689594764, 0.5468916529392172
0.3458183356154897, -0.7619110341669938, 0.5469208350119893
0.4253958292099513, -0.7214166484979216, 0.5453003899382156
0.5006650268421448, -0.6734465033230554, 0.5426471788484885
0.5704476951846236, -0.6177842837376525, 0.5403168913912944
0.6329058975232762, -0.5539605605291364, 0.5404464140650795
0.6869604559426131, -0.48284233977970537, 0.5426628888714176
0.733033909762216, -0.40627822368081484, 0.5447133069394909
0.7714349395102393, -0.3255696877181627, 0.5453840441115477
0.8021509147172554, -0.24164506277379877, 0.5443629684574656
0.82476348452793, -0.15521105138001062, 0.5420061726960521
0.8384280288843654, -0.0669261922045338, 0.5393618258014059
0.8416565841633146, 0.022375875417529063, 0.5384277834442555
0.8334961457027714, 0.11138668026652696, 0.5400876645792034
0.815332845303133, 0.19893446451794722, 0.542357219068067
0.7885061573530645, 0.2842602313618478, 0.5436191362155527
0.7537847490673371, 0.36670306019626187, 0.5432453698041946
0.7115086669321039, 0.4455253768672054, 0.5413242584040439
0.6616276957831356, 0.5197542235704348, 0.5386076172910987
0.6037591752274167, 0.5879558175883208, 0.5367781609608472
0.5376879009192073, 0.6482655101141972, 0.5375906332951965
0.4649211343222345, 0.7003441083101591, 0.5398622506056286
0.38714562926422647, 0.7446645000035391, 0.5416279541996029
0.3054791478380825, 0.7813998298572151, 0.5419195173920797
0.2207483629451589, 0.8103977573048318, 0.54054531897706
0.133615988510003, 0.8310511192274725, 0.537967995730862
0.044772995306097615, 0.8422714604425987, 0.5355102887447303
-0.044780708420845874, 0.8424190607659254, 0.5352767922717228
-0.1336843784481863, 0.8314831284165669, 0.5372809660942339
-0.2209354780304811, 0.8110912562887911, 0.5394240731902447
-0.30584216231303424, 0.7823296999533427, 0.5403661573391192
-0.38774172778458277, 0.7458058988363463, 0.539621313863337
-0.4658061983096792, 0.7016697304089814, 0.537365068246834
-0.538911651404993, 0.649736513454072, 0.5345732188254577
-0.6053507578498576, 0.589506688687629, 0.5332644929172083
-0.6635858782845676, 0.5212986283041267, 0.5346808640735354
-0.7138304558925566, 0.44698774463757807, 0.5370326741710849
-0.756480422708005, 0.36801892929493946, 0.5385754732584938
-0.7915949400824365, 0.28536995699757384, 0.5385114746921672
-0.8188345216652277, 0.19977920899690949, 0.536728581978892
-0.8374155258078535, 0.11190249444068885, 0.5338695004049592
-0.845952178689664, 0.022488845035580476, 0.5316354093257587
-0.8429879206909148, -0.06728431122585808, 0.5321455634722633
-0.8294782284805661, -0.15608600007076306, 0.5344905245239898
-0.8069565651750731, -0.24308218705442725, 0.5365477654013966
-0.7762939471651136, -0.32762143171590913, 0.5371837184831287
-0.737919219139128, -0.4090003208247964, 0.5359963669840312
-0.6918348606869318, -0.48628573680696263, 0.5333033504738118
-0.6376871379848195, -0.5581526009058526, 0.5304095112938396
-0.574976286087245, -0.622682774829931, 0.5297774557337147
-0.5047787716431973, -0.6789555190981338, 0.5318482332239088
-0.4289944230273735, -0.7274855596980517, 0.534294181038338
-0.3488300725517923, -0.7685333059632063, 0.535616293131183
-0.26515700770561534, -0.8020367861094119, 0.5351147043827987
-0.17854046512628968, -0.8269449713009883, 0.5327432074726499
-0.08991063173065206, -0.8431346062067774, 0.5296350278634067
0.0, -0.8494326659912201, 0.5276970209760978
-1.0704735502004925e-15, -0.8494326659912205, 0.5276970209760973
0.08994088912010846, -0.84342224235858, 0.5291717151256363
0.17865913383937845, -0.8275014155212792, 0.5318388817174903
0.2654199584040876, -0.8028365245985408, 0.5337830269177032
0.3492940218460311, -0.769553413914339, 0.5338451916046044
0.4297156265702486, -0.7287017951913084, 0.5320503331432426
0.5058100199704704, -0.6803366074723171, 0.5290930433109192
0.576359400076123, -0.6241789320061457, 0.5265001057669062
0.6394337054121916, -0.5596838318836599, 0.526676856633643
0.6939359800825973, -0.4877700062076713, 0.5291975964242982
0.740379273620129, -0.410371147091787, 0.5315310088415591
0.7791311345800316, -0.3288194535073141, 0.5323137895040899
0.8101925961916323, -0.24404984611173153, 0.5311947443666794
0.8331256919763621, -0.15676291201731127, 0.5285740657385803
0.8470314262843971, -0.06760200111417708, 0.5256312783097483
0.8503145152209265, 0.02260364953487984, 0.5246122985727169
0.8419761321844719, 0.11250279204781144, 0.5265049460241973
0.8235107667553226, 0.20090722389310212, 0.5290812061256046
0.7963425958028172, 0.28707561540706505, 0.5305263782168002
0.7612705504447945, 0.3703572847772953, 0.5301351004545362
0.7186301719707331, 0.45001087944944296, 0.5280063418100105
0.6683358415894722, 0.5250446942410105, 0.5249858101864325
0.6099339300010168, 0.5939726041497546, 0.5229628095312248
0.5431626866902555, 0.6548467294075858, 0.5239026088622603
0.4695983881499726, 0.7073495233349677, 0.5264778417944506
0.3909938657429328, 0.7520327708832453, 0.5284859279706481
0.3084903165434828, 0.7891131350014726, 0.528840799185333
0.22291976801499036, 0.8184460655609449, 0.5273273456520415
0.13493792053597925, 0.839400942246251, 0.5244662294907702
0.045220057162554644, 0.8508233292821482, 0.521741150731567
-0.04522749400448604, 0.8509655313214464, 0.5215079009445689
-0.13500383914724243, 0.8398172723024824, 0.5237802482924725
-0.22310011428798532, 0.8191145701993072, 0.526208453678524
-0.30884026651471863, 0.790009574962331, 0.5272911773665742
-0.39156853718488, 0.7531330476624583, 0.5264838268269373
-0.47045141150556397, 0.7086271415977952, 0.5239850425392819
-0.5443416947325375, 0.6562641094965185, 0.52088880897626
-0.6114672369549571, 0.5954666759746462, 0.5194526025305073
-0.6702228668429868, 0.5265328196214429, 0.5210641867168428
-0.7208681128704197, 0.451420490439575, 0.523722910292351
-0.7638692288913533, 0.37162591498603853, 0.5254761626018605
-0.7993202630131239, 0.28814534362384553, 0.5254308587547156
-0.8268859227966496, 0.20172132651200012, 0.5234636995685952
-0.8457527761307795, 0.11299998166725923, 0.5202954231798551
-0.8544527713301543, 0.02271263681152439, 0.5178266585658952
-0.8514250109453888, -0.06794733658183716, 0.5184230526692492
-0.8376698924843705, -0.1576062762282918, 0.5210710135965634
-0.8148253677424593, -0.24543505846085778, 0.5233969732599315
-0.7838153926706944, -0.3307974170390071, 0.5241334478343868
-0.7450881766925812, -0.4129952705576698, 0.5228330536304691
-0.6986333433879698, -0.49108827991192633, 0.5198531427295064
-0.6440402663434474, -0.563722156484605, 0.5166507406198995
-0.5807222581048086, -0.6288985926359755, 0.5159708630370986
-0.5097743883222849, -0.6856461139137451, 0.51830967126723
-0.43318482455251445, -0.734551980480298, 0.5210668508216701
-0.35219763837833695, -0.7759375119034244, 0.5225681988491696
-0.2676998885836003, -0.809771318814562, 0.5220336754588867
-0.18026078377522495, -0.8350120126328427, 0.5194160145443439
-0.09078757435874087, -0.8514681344569177, 0.5159753262502554
0.0, -0.8578851399784914, 0.5138414994957923
-1.0824788486121475e-15, -0.8578851399784914, 0.5138414994957922
0.09081675085353949, -0.8517452775520553, 0.5155125988058445
0.18037515276194463, -0.8355483369967687, 0.5185134002908159
0.2679533047177921, -0.8105421918910101, 0.5207051454406069
0.35264489997600446, -0.7769208610455275, 0.5208014493927691
0.43388003043302364, -0.7357242798500351, 0.5188276996124541
0.5107680585672063, -0.6869770270451083, 0.515558572965765
0.5820545374970317, -0.6303399042252807, 0.5126968753765656
0.6457227672192832, -0.5651970005379918, 0.5129223118454518
0.7006579154545716, -0.49251843526659295, 0.5157541623253056
0.7474592012742511, -0.41431664145767455, 0.518377526416275
0.7865503485121969, -0.33195227495077856, 0.5192754840744719
0.8179447313643473, -0.24636769348263002, 0.5180560241789903
0.8411850260710332, -0.158258699498597, 0.5151646876791509
0.8553204632839757, -0.06825366144970868, 0.5119163703666283
0.8586546419603489, 0.02282338559289363, 0.5108109352579033
0.850146706783494, 0.11357855248149927, 0.5129414357476172
0.8313927749132901, 0.2028083361331258, 0.5158316631445647
0.8038967859761545, 0.2897894079756366, 0.5174649119009623
0.768486652833195, 0.37388015091046006, 0.5170557841404386
0.7254940513181717, 0.4543342560356187, 0.5147140063046084
0.674799626534753, 0.5301418593137753, 0.5113822542238469
0.6158818833005607, 0.5997683299057277, 0.5091616878758544
0.5484366810714327, 0.661187343188635, 0.5102315337281789
0.47410589741408615, 0.7141006833088783, 0.5131172960616364
0.3947035143545072, 0.7591351063575797, 0.5153738878380106
0.31139293261740286, 0.7965486603312046, 0.5157937977134539
0.22501247555326756, 0.8262036767436545, 0.5141374419560159
0.13621198113377536, 0.8474467869585325, 0.5109855849057826
0.0456510678102009, 0.8590611577941472, 0.507987333043842
-0.04565823696163901, 0.8591981152883872, 0.5077543563515043
-0.13627550676691663, 0.8478479068345015, 0.5103007060426334
-0.22518627051370751, 0.8268479714181938, 0.5130209584060093
-0.3117302387684595, 0.7974127439415319, 0.5142479703449828
-0.39525743497731003, 0.7601955722819251, 0.5133764084550072
-0.4749278470794639, 0.7153317734687223, 0.5106290421219071
-0.5495722300300533, 0.6625526608588042, 0.5072216562697753
-0.6173585620132962, 0.6012072044554647, 0.5056553621488642
-0.6766175966268463, 0.5315753379794814, 0.5074661231069206
-0.7276507515482963, 0.45569272297219593, 0.5104389790682694
-0.7709914433288823, 0.3751030456606433, 0.5124079866338777
-0.8067668990376078, 0.29082042997488644, 0.5123817193765082
-0.8346453438876243, 0.20359277859895936, 0.5102255841102241
-0.8537848215334565, 0.11405770254077893, 0.5067411033869402
-0.8626400024115809, 0.022928514001221114, 0.5040328435328258
-0.8595525229030103, -0.06858661523712631, 0.5047169429034103
-0.8455638557333784, -0.15907148481054956, 0.5076747612866817
-0.8224101019949092, -0.24770266451090367, 0.5102760309133748
-0.7910654863472819, -0.333858831533152, 0.5111154050425197
-0.7519972940211475, -0.4168458628439379, 0.5096989270197931
-0.7051836045134638, -0.49571531289771587, 0.5064254815437259
-0.6501596498333535, -0.5690859613372291, 0.502908123209382
-0.5862563343958159, -0.6348858166891308, 0.5021790545452814
-0.5145874415977626, -0.6920930036799071, 0.5047916781805267
-0.4372238473530307, -0.741362617770912, 0.5078675176664839
-0.3554438687192267, -0.7830744583905618, 0.5095523962341885
-0.27015039538890706, -0.8172261534812567, 0.5089838018468614
-0.18191863926203233, -0.842786614000002, 0.506114453121984
-0.09163312429687372, -0.8594965354862311, 0.5023335341649686
0.0, -0.8660253957974253, 0.5000000138339126
-1.0942552123306028e-15, -0.8660253957974253, 0.5000000138339126
0.09164746565558145, -0.8596326272034005, 0.5021022841467729
0.18197482876215262, -0.8430500504299884, 0.5056635418519565
0.27027472377347905, -0.8176043690086011, 0.5083202716461713
0.3556634466008446, -0.7835572176477547, 0.5086701382686706
0.43756526622410286, -0.7419383557920992, 0.5067490772207834
0.5150753248433523, -0.6927465687176727, 0.5034169536303575
0.5869100287647075, -0.6355930628099276, 0.500542844257391
0.650984688782013, -0.5698090795170487, 0.5010450664165916
0.706176495304372, -0.49641663888444654, 0.504377393551703
0.7531605926587391, -0.41749419447440217, 0.5074733704210592
0.7924080453331277, -0.3344257485209956, 0.5086894606872853
0.8239418589537428, -0.24816062169620778, 0.5076085656704212
0.8472897794488004, -0.1593918889920265, 0.504723743816998
0.861464100229097, -0.06873703392915967, 0.5014652080091963
0.8647004771642088, 0.022982894757431642, 0.5005271218645805
0.8559397724862929, 0.11434155047786479, 0.5030663701456796
0.836856673813933, 0.2041261105251928, 0.5064128698066664
0.8090134073084417, 0.2916274225146715, 0.5084035109349053
0.7732585705250201, 0.37620989566483176, 0.5082028829522071
0.729921893364518, 0.4571232428922396, 0.5059384069246292
0.6788636355922796, 0.533346307776013, 0.5026278067055187
0.6195235323923853, 0.6033167743070741, 0.5005129434284349
0.5515805372118692, 0.664967373398391, 0.5018960874234364
0.476721042180166, 0.7180175949049988, 0.505199205914272
0.39679640304192887, 0.7631418542436685, 0.5078275899795864
0.3129835036037426, 0.8006232477893636, 0.5085064670692272
0.2261250254057881, 0.8303281264149933, 0.5069914400518964
0.13686846385718895, 0.8515918234655881, 0.503907426097703
0.04586607844457803, 0.8631685511421575, 0.5009979306658515
-0.04586607624088965, 0.8631685052290794, 0.5009979271621314
-0.13686846968180716, 0.8515918389081067, 0.5039073082632136
-0.22612507414215802, 0.8303283061954491, 0.5069913439120041
-0.3129836148143866, 0.8006235310244938, 0.5085065044824811
-0.39679651113028247, 0.7631420509642401, 0.5078274928646616
-0.47672097383058565, 0.7180175075403925, 0.5051987829089654
-0.5515801180488947, 0.6649668935758011, 0.5018958607271913
-0.6195229695064765, 0.6033162432046969, 0.5005130745663313
-0.6788638870817965, 0.5333464716693836, 0.5026272057310406
-0.7299227775626044, 0.4571237703113512, 0.5059378906751177
-0.7732595524854731, 0.3762103622061512, 0.5082029333082092
-0.8090138333082373, 0.29162755862579315, 0.5084034354710845
-0.8368560616180806, 0.2041259808487228, 0.5064120140059141
-0.8559381380061294, 0.11434139487056413, 0.5030655890822614
-0.8646987012437211, 0.022982903498608577, 0.5005274850276369
-0.8614648188379179, -0.0687371489587576, 0.5014643657883158
-0.8472921397887636, -0.1593924359518293, 0.504722627971921
-0.8239441113990389, -0.24816135748397883, 0.5076084550941263
-0.7924087868933095, -0.3344260929991188, 0.5086895474563355
-0.7531593645439265, -0.4174934651440188, 0.5074723003502553
-0.7061739769547066, -0.49641469012673833, 0.5043758942973267
-0.6509823916024956, -0.56980687781615, 0.501045324801018
-0.5869105541973152, -0.6355937314008717, 0.500542170354821
-0.515077694833041, -0.6927501822520864, 0.5034151755816163
-0.43756735188530016, -0.7419422412924037, 0.506748558521469
-0.3556640957093932, -0.7835587953091181, 0.5086704112585168
-0.2702741033752334, -0.8176022133376152, 0.5083192502695251
-0.181976543310561, -0.843056233236545, 0.5056625027975684
-0.09164854821389576, -0.8596385913168302, 0.5021001079834375
0.0, -0.8660254037844347, 0.5000000000000069
-1.0958325489481148e-15, -0.8660254037844347, 0.5000000000000069
0.09164858632778802, -0.8596388011640038, 0.5021000316391921
0.18197666829609702, -0.8430566837875395, 0.5056624272722599
0.2702740330148816, -0.8176019690159974, 0.5083191350926565
0.35566419739451244, -0.7835590425460173, 0.5086704549357967
0.43756777809869696, -0.7419430355450127, 0.5067484531338026
0.5150783015272424, -0.6927511075979964, 0.5034147217246357
0.5869107178557755, -0.6355939398443494, 0.5005419617155633
0.650981533776689, -0.5698060558528552, 0.5010454228859951
0.7061728702799484, -0.49641383395152683, 0.5043752363364067
0.7531587345967266, -0.41749309122323497, 0.5074717525054459
0.792409227033437, -0.33442629762355053, 0.5086896012721225
0.8239456572995041, -0.24816186272518542, 0.507608381137879
0.8472940047630497, -0.15939286851664225, 0.5047217492642271
0.8614654702977304, -0.06873725350640891, 0.5014636063322508
0.8646968566365815, 0.022982912300901853, 0.500527864926671
0.8559361982441903, 0.11434120987721433, 0.5030646648186223
0.8368552299213114, 0.20412580441448525, 0.506410851978468
0.8090144991132888, 0.2916277710763886, 0.5084033215745042
0.7732613294644537, 0.3762112061746848, 0.5082030287297069
0.7299246444214503, 0.4571248833140754, 0.5059368052098777
0.6788645126050056, 0.5333468790019872, 0.5026257216931558
0.61952131184233, 0.6033146786442006, 0.5005134648825776
0.5515786321519907, 0.6649651918066921, 0.5018950613947133
0.4767206773154449, 0.7180171279164337, 0.5051969404686099
0.39679711175815335, 0.7631431429870171, 0.5078269605386574
0.31298444071773573, 0.8006256329997496, 0.5085067897117574
0.2261256011143411, 0.8303302475992587, 0.506990316435824
0.13686857761856303, 0.8515921248638426, 0.5039051237579788
0.04586594790555254, 0.8631658333306547, 0.5009977295601121
-0.045865945683932346, 0.8631657871093021, 0.500997726249969
-0.13686858347093311, 0.8515921405118166, 0.5039050067409847
-0.2261256500317736, 0.830330427762668, 0.5069902215744223
-0.312984551835331, 0.8006259158148206, 0.5085068288909834
-0.3967972199628338, 0.7631433397564129, 0.5078268654255694
-0.4767206098352867, 0.7180170416946035, 0.5051965183886639
-0.551578211356042, 0.6649647098602457, 0.501894836286414
-0.6195207444033162, 0.603314143110574, 0.5005135998663099
-0.6788647673646708, 0.5333470449528738, 0.5026251213740848
-0.7299255336549044, 0.45712541336760093, 0.5059362902847157
-0.7732623116175764, 0.376211672648647, 0.5082030835694659
-0.8090149240592238, 0.2916279066876156, 0.5084032510643197
-0.8368546192962638, 0.20412567491595268, 0.5064099983946925
-0.855934559509638, 0.11434105356248499, 0.5030638859251375
-0.8646950663257239, 0.022982920809975216, 0.500528236231571
-0.8614661941838205, -0.06873736972951076, 0.5014627669942602
-0.8472963783933454, -0.15939341931816814, 0.5047206349767187
-0.8239479134723369, -0.24816260024831202, 0.5076082766106943
-0.7924099658073762, -0.33442664116255433, 0.5086896959484745
-0.7531575059236257, -0.417492362061981, 0.5074706861911398
-0.706170347354883, -0.49641188227643196, 0.5043737380017279
-0.6509792203015317, -0.5698038393698317, 0.5010456917024192
-0.5869112446867092, -0.6355946111302175, 0.5005412943566654
-0.515080684078869, -0.6927547423609782, 0.5034129448416504
-0.4375698691487351, -0.7419469329837253, 0.5067479403615931
-0.3556648447837304, -0.7835606168386744, 0.5086707394478063
-0.2702734104917313, -0.8175998082609599, 0.5083181217775546
-0.18197839048951872, -0.8430628896593613, 0.505661391878016
-0.09164967623795622, -0.8596447982468298, 0.5020978563556299
0.0, -0.8660254037844347, 0.5000000000000067
-1.097416932509394e-15, -0.8660254037844348, 0.5000000000000068
0.09164971462357553, -0.8596450093793748, 0.5020977798278782
0.18197851606888413, -0.8430633420653916, 0.5056613163189364
0.2702733400278312, -0.817599563734273, 0.5083180068489604
0.3556649464204988, -0.7835608639844932, 0.5086707841052298
0.4375702967672133, -0.7419477301133025, 0.5067478352918029
0.515081294494003, -0.6927556737367737, 0.5034124899618547
0.5869114094458326, -0.635594821048113, 0.5005410861867076
0.6509783572695065, -0.5698030125595174, 0.5010457917768735
0.7061692396760353, -0.49641102543532944, 0.5043730784511484
0.7531568768124393, -0.4174919887503002, 0.5074701382020554
0.7924104055467045, -0.33442684563645586, 0.5086897522460242
0.823949463335989, -0.2481631069528063, 0.5076082044066648
0.8472982555102377, -0.15939385505119016, 0.504719754722047
0.8614668523540435, -0.06873747532442474, 0.501462006868773
0.8646932088576099, 0.022982929625638977, 0.5005286209709958
0.8559326170321104, 0.11434086826435529, 0.5030629601761751
0.8368537923083504, 0.2041254995835563, 0.5064088348420787
0.80901559072154, 0.2916281194752721, 0.5084031402992991
0.7732640912844743, 0.3762125178589674, 0.5082031825429355
0.7299274131340192, 0.4571265334726581, 0.5059352033696289
0.6788654029232917, 0.5333474593168173, 0.5026236343423357
0.6195190751770812, 0.6033125677952819, 0.5005139964475254
0.5515767212941738, 0.6649630032181334, 0.5018940372995753
0.4767203191833172, 0.7180166713237013, 0.5051946720784846
0.3967978231195363, 0.7631444368361394, 0.5078263355827379
0.31298537812014154, 0.8006280188372876, 0.5085071200066688
0.22612618060195527, 0.8303323811222143, 0.5069891943735885
0.13686869456408413, 0.8515924421791736, 0.5039028168570283
0.045865816495857054, 0.8631631010743933, 0.5009975333330687
-0.0458658142627569, 0.8631630546738502, 0.500997529990905
-0.13686870061427786, 0.8515924588507937, 0.5039026992430153
-0.22612622993869053, 0.8303325626935247, 0.5069890990123227
-0.3129854894623051, 0.8006283022167279, 0.508507159203502
-0.39679793205256486, 0.7631446350179087, 0.5078262399530478
-0.4767202534509291, 0.7180165877966996, 0.5051942479332566
-0.5515762998836173, 0.6649625205437593, 0.501893810806245
-0.6195185045092122, 0.6033120292522579, 0.5005141318587027
-0.678865662664912, 0.533347628804545, 0.5026230308731827
-0.7299283094062584, 0.4571270675193094, 0.5059346857252311
-0.7732650761355688, 0.3762129855667332, 0.5082032370958902
-0.8090160176277631, 0.29162825576144547, 0.5084030692780587
-0.8368531867843602, 0.2041253712426398, 0.5064079773201873
-0.8559309778420788, 0.1143407118894207, 0.5030621768675886
-0.8646914080726552, 0.022982938160461864, 0.5005289934921149
-0.8614675858529958, -0.06873759291949005, 0.5014611630697305
-0.847300646871896, -0.1593944103416847, 0.5047186345169499
-0.8239517276085166, -0.2481638473208952, 0.5076080983413049
-0.7924111459089886, -0.33442718987910797, 0.5086898469382503
-0.7531556519705775, -0.4174912620068577, 0.5074690673630423
-0.7061667165259283, -0.4964090737356077, 0.5043715721655678
-0.650976031967138, -0.5698007849546931, 0.5010460608523342
-0.5869119417958585, -0.6355954992523893, 0.500540415303218
-0.5150836935400077, -0.6927593347691159, 0.5034107036197456
-0.4375723963967106, -0.7419516445788676, 0.506747318390384
-0.35566559492389427, -0.7835624408598967, 0.5086710689941508
-0.27027271769221245, -0.8175974045285954, 0.5083169897616879
-0.18198024729236267, -0.8430695773032225, 0.5056602738422324
-0.09165081269481262, -0.8596510468576098, 0.5020955930314429
0.0, -0.8660254037844348, 0.5000000000000068
-1.0990084205727887e-15, -0.8660254037844347, 0.5000000000000068
0.0916508513680845, -0.8596512594132372, 0.5020955160981809
0.18198037353074836, -0.8430700318517294, 0.505660197765727
0.2702726472502795, -0.8175971601799306, 0.5083168744046268
0.35566569673554543, -0.7835626884110546, 0.5086711137107217
0.43757282577106626, -0.7419524451938414, 0.5067472124739116
0.5150843081825908, -0.6927602728792358, 0.5034102463154058
0.5869121082806429, -0.6355957113337005, 0.5005402060329625
0.6509751645175809, -0.5697999539905803, 0.5010461610226671
0.7061656087604754, -0.49640821689260156, 0.504370909112584
0.7531550248391247, -0.4174908899435947, 0.5074685170454631
0.792411586594078, -0.33442739477194694, 0.5086899032448953
0.8239532830409676, -0.248164355981765, 0.5076080250771003
0.8473025380133336, -0.15939484962685846, 0.5047177495813999
0.8614682527506982, -0.06873769976062291, 0.5014603989007663
0.8646895397244545, 0.02298294700282541, 0.5005293794919603
0.8559290348449898, 0.11434052652264677, 0.5030612458679797
0.8368523667760734, 0.2041251974956118, 0.5064068083926512
0.8090166873677456, 0.2916284696090129, 0.50840295770943
0.773266860694739, 0.37621383301413797, 0.5082033355467968
0.729930203762682, 0.45712819606224686, 0.505933593062207
0.6788663105971735, 0.5333480519512313, 0.5026215360311772
0.6195168257729572, 0.6033104450737501, 0.5005145296960845
0.5515748076525591, 0.6649608113327046, 0.5018930069014087
0.4767199704668403, 0.718016229252366, 0.5051923925786628
0.3967985392696565, 0.7631457399730617, 0.5078257072280808
0.3129863174174412, 0.8006304094368781, 0.5085074504488
0.22612676505611223, 0.8303345313158894, 0.5069880663907759
0.13686881542219226, 0.8515927797286724, 0.5039004981748768
0.04586568440637986, 0.8631603582156819, 0.5009973352096073
-0.045865682161713314, 0.863160311634907, 0.5009973318351746
-0.13686882167257192, 0.8515927974349236, 0.5039003799595773
-0.22612681481562433, 0.8303347143057462, 0.5069879705255353
-0.31298642898473317, 0.800630693382083, 0.5085074896629167
-0.3967986489360717, 0.7631459395776053, 0.5078256110774277
-0.4767199065011135, 0.7180161484510288, 0.5051919663533692
-0.5515743856305593, 0.6649603279342662, 0.5018927790133755
-0.6195162518498651, 0.6033099034970498, 0.5005146655362777
-0.6788665753738391, 0.5333482250121452, 0.5026209293896252
-0.7299311071291503, 0.45712873413149524, 0.5059330726766345
-0.7732678482551432, 0.3762143019606655, 0.5082033898089964
-0.8090171162462725, 0.29162860657456013, 0.5084028861724206
-0.836851766414782, 0.20412507032839275, 0.5064059469046092
-0.8559273952351809, 0.11434037009223535, 0.5030604581140656
-0.8646877283788517, 0.022982955563491215, 0.5005297532336476
-0.8614689959614619, -0.06873781874318509, 0.5014595506093327
-0.8473049472459808, -0.15939540944577787, 0.5047166234115917
-0.8239555554562068, -0.24816509921103325, 0.5076079174577677
-0.7924123285492611, -0.3344277397201477, 0.5086899979518639
-0.7531538038871416, -0.4174901656512789, 0.5074674416500111
-0.7061630854403723, -0.4964062652084409, 0.5043693948221697
-0.6509728272983596, -0.5697977151810333, 0.5010464303543811
-0.5869126462053018, -0.6355963965274741, 0.5005395316006381
-0.5150867238494262, -0.6927639603947259, 0.5034084504401515
-0.4375749340288595, -0.7419563767897197, 0.5067466914042571
-0.3556663463546227, -0.7835642678720351, 0.5086713989769569
-0.270272025115217, -0.8175950025699744, 0.5083158535199732
-0.18198211384722857, -0.8430762966416413, 0.5056591481422901
-0.09165195767437714, -0.8596573376116482, 0.5020933177004817
0.0, -0.8660254037844348, 0.5000000000000068
-1.1006070610314073e-15, -0.8660254037844347, 0.5000000000000068
0.09165199663791004, -0.8596575516018091, 0.5020932403585907
0.18198224074923272, -0.8430767533462112, 0.5056590715436582
0.2702719546967332, -0.8175947584046093, 0.5083157377315777
0.3556664483413909, -0.7835645158289749, 0.5086714437527384
0.43757536516909656, -0.7419571809112863, 0.5067465846330925
0.5150873427518643, -0.6927649052939826, 0.5034079906922753
0.5869128144331146, -0.6355966107944369, 0.5005393212225157
0.6509719553977316, -0.5697968800320973, 0.5010465306195548
0.7061619776134671, -0.4964054083819166, 0.5043687282434592
0.7531531787655109, -0.41748979485348514, 0.5074668889876287
0.7924127701828358, -0.33442794503303114, 0.5086900542669274
0.8239571164870677, -0.24816560983941333, 0.5076078431224935
0.847306852521156, -0.15939585231400752, 0.5047157337579101
0.8614696716770338, -0.06873792684467664, 0.5014587823684682
0.8646858490605387, 0.022982964432691648, 0.5005301404984189
0.8559254517581452, 0.11434018466215064, 0.5030595218277649
0.8368509534713606, 0.2041248981889805, 0.5064047725637828
0.8090177890827972, 0.2916288214890187, 0.508402773792767
0.7732696377271542, 0.3762151516541711, 0.5082034877301488
0.7299330164808433, 0.4571298711750522, 0.5059319742190511
0.6788672358112893, 0.5333486570315725, 0.5026194266817667
0.6195145635258338, 0.603308310383726, 0.5005150646344406
0.5515728912416246, 0.6649586161680783, 0.5018919701561684
0.47671963126781014, 0.7180158018686185, 0.5051901018895268
0.3967992602416702, 0.7631470524662187, 0.5078250754459643
0.3129872586143688, 0.8006328048102784, 0.508507781035404
0.22612735451799845, 0.8303366983063905, 0.5069869324386405
0.13686894023963952, 0.8515931377294716, 0.5038981676272203
0.045865551632102264, 0.8631576046928439, 0.5009971351750307
-0.04586554937578507, 0.8631575579307873, 0.5009971317680789
-0.1368689466925987, 0.8515931564814568, 0.5038980488063263
-0.22612740470379694, 0.83033688272553, 0.5069868360652704
-0.31298737040735264, 0.800633089322645, 0.5085078202664759
-0.39679937064655413, 0.7631472535040272, 0.5078249787699388
-0.4767195690878414, 0.7180157238241348, 0.5051896735692374
-0.551572468611421, 0.6649581320495312, 0.5018917408636772
-0.6195139863208723, 0.6033077657488146, 0.5005152009052234
-0.6788675056766693, 0.5333488337023906, 0.502618816845275
-0.7299339269975075, 0.45713041329662873, 0.5059314510701257
-0.7732706280082715, 0.37621562184444496, 0.5082035416975969
-0.8090182199457373, 0.29162895913840453, 0.5084027017352234
-0.8368503583357243, 0.2041247722118866, 0.5064039070812406
-0.8559238117625543, 0.1143400281808212, 0.5030587295979851
-0.8646840270668116, 0.022982973019309936, 0.5005305154650284
-0.8614704246994892, -0.06873804723042584, 0.5014579295530114
-0.8473092797663004, -0.1593964167013285, 0.504714601575734
-0.8239593970883419, -0.24816635594617453, 0.5076077339332106
-0.7924135137354911, -0.3344282906886606, 0.508690148987492
-0.7531519617625124, -0.41748907304580984, 0.5074658090037427
-0.7061594541803031, -0.4964034567548893, 0.504367205894393
-0.6509696061711, -0.5697946299340724, 0.5010468002046885
-0.5869133579885686, -0.635597303049624, 0.5005386432169067
-0.5150897751671171, -0.692768619508474, 0.5034061852090762
-0.4375774821043644, -0.7419611297417243, 0.5067460593557346
-0.35566709907762967, -0.7835660978783108, 0.5086717293966826
-0.2702713327754135, -0.8175926024372514, 0.5083147130240756
-0.1819839902222122, -0.8430830478757734, 0.5056580147085051
-0.09165311125404657, -0.8596636708483077, 0.5020910302703196
0.0, -0.8660254037844348, 0.5000000000000068
-1.102212902209806e-15, -0.8660254037844347, 0.5000000000000067
0.09165315051048008, -0.8596638862845625, 0.5020909525166516
0.18198411779247312, -0.8430835067501017, 0.5056579375829938
0.2702712623818834, -0.8175923584605245, 0.5083145968014481
0.35566720123974943, -0.7835663462414697, 0.5086717742317381
0.43757791502055804, -0.7419619373912455, 0.5067459517217794
0.515090398362155, -0.6927695712522763, 0.5034057229984611
0.5869135279769961, -0.6355975195247594, 0.5005384317232698
0.6509687297855569, -0.5697937905690151, 0.5010469005636283
0.7061583463164801, -0.49640259996272673, 0.5043665357658432
0.7531513386813082, -0.4174887035308606, 0.5074652539800322
0.7924139563202703, -0.3344284964227267, 0.5086902053102887
0.823960963747423, -0.24816686855331446, 0.5076076585158515
0.8473111992878469, -0.15939686318444207, 0.5047137071661405
0.8614711093234582, -0.06873815660653831, 0.501457157211538
0.8646821366874307, 0.022982981915440414, 0.5005309039992224
0.8559218678481674, 0.11433984269310014, 0.5030577879886848
0.8368495525426679, 0.20412460170242916, 0.5064027272884104
0.8090188958978342, 0.29162917512677045, 0.5084025885370467
0.7732724224138207, 0.37621647379309825, 0.5082036390817227
0.7299358514628377, 0.4571315589036681, 0.5059303467710401
0.6788681787526423, 0.5333492746857602, 0.5026173062156011
0.6195122883304907, 0.603306163628337, 0.5005156012687828
0.5515709720762358, 0.6649564177424201, 0.501890927019434
0.47671930168906973, 0.7180153893404795, 0.5051877999306778
0.3967999860690009, 0.7631483743846367, 0.507824440207354
0.31298820171566677, 0.8006352049692653, 0.5085081117636979
0.22612794902919414, 0.8303388822209221, 0.5069857924679109
0.13686906906375312, 0.851593516401071, 0.50389582512894
0.045865418167958846, 0.86315484044373, 0.5009969332145137
-0.0458654158999062, 0.8631547934993344, 0.5009969297747907
-0.1368690757217153, 0.8515935362100149, 0.5038957056981025
-0.22612799964482255, 0.830339068080175, 0.5069856955822113
-0.3129883137349081, 0.8006354900501925, 0.5085081510113924
-0.39680009721747744, 0.7631485768662893, 0.5078243430014986
-0.47671924131415544, 0.718015314084382, 0.5051873695003137
-0.5515705488411498, 0.6649559329078215, 0.5018906963126465
-0.6195117078167311, 0.6033056159104194, 0.500515737971732
-0.6788684537607267, 0.5333494550033742, 0.502616693161254
-0.7299367691868511, 0.45713210510796926, 0.5059298208361671
-0.7732734154271137, 0.3762169452321513, 0.5082036927503759
-0.8090193287573824, 0.29162931346451726, 0.5084025159541516
-0.8368489626962232, 0.20412447693208963, 0.5064018577827416
-0.8559202275017346, 0.11433968616556787, 0.5030569912522458
-0.864680303957172, 0.022982990528141407, 0.5005312801951078
-0.8614718722595314, -0.06873827841145613, 0.5014562998401566
-0.8473136446858512, -0.15939743217997865, 0.5047125689235672
-0.8239632525783681, -0.24816761755401306, 0.5076075477404628
-0.7924147014749884, -0.33442884278767515, 0.5086903000432894
-0.7531501256871216, -0.41748798424173184, 0.5074641693753795
-0.7061558228277269, -0.4964006484347385, 0.5043650053036253
-0.6509663684600597, -0.569791529097938, 0.501047170399286
-0.5869140772200631, -0.6355982189141356, 0.5005377501197102
-0.5150928476545359, -0.6927733123836579, 0.5034039078317397
-0.4375800406828513, -0.7419659035613283, 0.506745422196814
-0.35566785309462956, -0.7835679308819307, 0.5086720602537959
-0.2702706406876748, -0.8175902041832045, 0.5083135682453821
-0.18198587648600292, -0.8430898312083684, 0.5056568734704141
-0.0916542735120634, -0.8596700469102223, 0.5020887306475775
0.0, -0.8660254037844348, 0.5000000000000067
-1.1038259928688581e-15, -0.8660254037844348, 0.5000000000000067
0.09165431306406414, -0.8596702638042442, 0.502088652478949
0.18198600472919854, -0.8430902922662588, 0.5056567958132183
0.27027057032062196, -0.8175899604005177, 0.5083134515855968
0.355667955432333, -0.7835681796517424, 0.5086721051481892
0.43758047538515077, -0.7419667147603343, 0.5067453136918801
0.5150934751751893, -0.6927742710279159, 0.5034034431389868
0.5869142489868879, -0.6355984376202237, 0.5005375375028491
0.6509654875554087, -0.5697906854851404, 0.5010472708509004
0.7061547149522757, -0.49639979169536375, 0.5043643316011196
0.7531495046772296, -0.4174876160271306, 0.507463611973668
0.7924151450137042, -0.3344290489440589, 0.5086903563731252
0.8239648248956962, -0.248168132151241, 0.5076074712298787
0.8473155785659966, -0.15939788230978197, 0.5047116697199566
0.8614725658840034, -0.0687383890766812, 0.5014555233691145
0.8646784024247962, 0.022982999451311034, 0.5005316700032235
0.8559182831929154, 0.1143395006259641, 0.5030560442833177
0.8368481641400219, 0.20412430807522658, 0.5064006724988023
0.8090200078442247, 0.29162953053387697, 0.508402401929869
0.7732752147870154, 0.376217799445061, 0.5082037895901189
0.7299387088857325, 0.45713325934216853, 0.505928710648011
0.6788691396098729, 0.5333499050427155, 0.5026151745531579
0.6195100000805973, 0.6033040047096907, 0.5005161396053073
0.5515690501716499, 0.6649542160743844, 0.5018898774464081
0.4767189818345222, 0.7180149918378123, 0.5051854866209231
0.3968007167853447, 0.7631497057979341, 0.5078238014828975
0.312989146726089, 0.8006376099256356, 0.508508442630863
0.2261285486316792, 0.8303410831878016, 0.5069846464287822
0.13686920194244476, 0.8515939159653685, 0.503893470594093
0.04586528400883864, 0.8631520654057168, 0.5009967293131004
-0.04586528172896091, 0.8631520182779168, 0.5009967258403512
-0.13686920880785922, 0.8515939368426195, 0.5038933505489193
-0.22612859968071025, 0.8303412704980938, 0.5069845490265084
-0.31298925897215, 0.8006378955765259, 0.5085084818948443
-0.39680082868257416, 0.7631499097341046, 0.507823703742707
-0.4767189232841478, 0.7180149194019778, 0.5051850540652592
-0.5515686263350932, 0.6649537305279147, 0.501889645315402
-0.6195094162308246, 0.6033034538837203, 0.5005162767419988
-0.6788694198154691, 0.5333500890445793, 0.5026145582579348
-0.7299396338743123, 0.4571338096595724, 0.5059281819044742
-0.7732762105440177, 0.3762182721379438, 0.5082038429558886
-0.8090204427126744, 0.2916296695645337, 0.5084023288167522
-0.8368475796468198, 0.20412418452842052, 0.5063997989411058
-0.8559166425317049, 0.11433934405708462, 0.5030552430091696
-0.8646765588686698, 0.022983008090209013, 0.5005320474327346
-0.8614733388362473, -0.06873851231690628, 0.5014546614095993
-0.8473180422599524, -0.1593984559541009, 0.5047105253683652
-0.8239671220002558, -0.2481688840624494, 0.5076073588520468
-0.7924158917750861, -0.33442939602022503, 0.5086904511173866
-0.753148295752369, -0.4174868992908202, 0.5074625227155851
-0.7061521914662133, -0.49639784030886563, 0.504362792970713
-0.6509631140386815, -0.5697884125556077, 0.501047540934124
-0.5869148039750455, -0.6355991442174341, 0.5005368522764528
-0.5150959414745875, -0.6927780392962112, 0.5034016182123638
-0.43758260982437713, -0.7419706983759626, 0.5067447798789559
-0.35566860840731984, -0.7835697668860593, 0.5086723915487618
-0.2702699488670668, -0.8175878078612172, 0.5083124191549914
-0.18198777270789268, -0.8430966468438021, 0.5056557243567693
-0.09165544452752164, -0.8596764661433488, 0.5020864187379022
0.0, -0.8660254037844347, 0.5000000000000067
-1.1054463822106891e-15, -0.8660254037844348, 0.5000000000000067
0.0916554843777855, -0.8596766845069237, 0.5020863401510979
0.1819879016287424, -0.8430971100991693, 0.5056556461630293
0.27026987852803486, -0.8175875642780334, 0.5083123020550929
0.3556687109208366, -0.7835700160629523, 0.5086724365025571
0.4375830463230054, -0.741971513146153, 0.5067446704947624
0.5150965733541706, -0.6927790048973751, 0.5034011510178683
0.5869149775382533, -0.6355993651775261, 0.5005366385285897
0.6509622285803841, -0.569787564663139, 0.5010476414772984
0.7061510836049241, -0.49639698364105717, 0.5043621156699829
0.7531476768449967, -0.41748653239423444, 0.5074619629190383
0.792416336270479, -0.3344296026000601, 0.5086905074535599
0.8239687000060718, -0.24816940066117688, 0.5076072812369716
0.847319990611954, -0.15939890976272247, 0.5047096213322265
0.8614740415543852, -0.06873862428591818, 0.5014538807797595
0.8646746460903936, 0.022983017040533082, 0.5005324385192698
0.8559146978715568, 0.11433915847140463, 0.5030542906436548
0.8368467884150541, 0.20412401734710417, 0.5063986081265539
0.8090211249535836, 0.29162988772203313, 0.5084022139586982
0.7732780148792089, 0.3762191286242693, 0.5082039392438069
0.7299415889277605, 0.4571349725851524, 0.5059270657791659
0.6788701185739752, 0.5333505482329215, 0.5026130316142708
0.619507698668696, 0.603301833528878, 0.5005166796502118
0.5515671255435228, 0.6649520111831388, 0.5018888213919098
0.4767186718091364, 0.7180146095323559, 0.5051831618782703
0.39680145242466613, 0.7631510467763346, 0.5078231592429236
0.3129900936503931, 0.8006400196912064, 0.5085087736340459
0.2261291533678311, 0.8303433013364674, 0.5069834942709115
0.13686933892421418, 0.8515943366466872, 0.5038911039359004
0.04586514914957907, 0.863149279515699, 0.5009965234557037
-0.045865146857787975, 0.8631492322034209, 0.5009965199496718
-0.13686934599956277, 0.8515943586037172, 0.5038909832719555
-0.2261292048538749, 0.8303434901088199, 0.5069833963477715
-0.3129902061238387, 0.8006403059134644, 0.508508812913973
-0.39680156507585335, 0.7631512521777879, 0.5078230609638432
-0.47671861510299113, 0.7180145399490114, 0.5051827271819302
-0.5515667011089989, 0.6649515249290892, 0.5018885878266787
-0.6195071114554096, 0.6033012795695427, 0.5005168172222225
-0.6788704040325182, 0.5333507359568936, 0.502612412054932
-0.7299425212386508, 0.45713552704629395, 0.5059265342040047
-0.773279013391523, 0.37621960257605797, 0.5082039923025575
-0.8090215618433252, 0.29163002745018546, 0.5084021403104342
-0.836846209339832, 0.20412389504081066, 0.5063977304876368
-0.8559130569322351, 0.11433900186612572, 0.5030534848004793
-0.8646727916181135, 0.022983025705741216, 0.5005328171867532
-0.8614748246265309, -0.06873874897779908, 0.5014530141996013
-0.8473224727462675, -0.1593994880968087, 0.5047084708224772
-0.8239710054285008, -0.24817015549959806, 0.5076071672401747
-0.7924170846431379, -0.33442995038935097, 0.5086906022078922
-0.7531464720506492, -0.41748581824536773, 0.5074608689745335
-0.7061485601807537, -0.4963950324391333, 0.504360568815864
-0.6509598427791365, -0.5697852801889074, 0.5010479118050656
-0.5869155383296437, -0.635600079057097, 0.5005359496542483
-0.5150990567916457, -0.6927828005247375, 0.5033993162541579
-0.4375851895894348, -0.7419755143140592, 0.5067441323530756
-0.3556693650173831, -0.7835716058938227, 0.508672723282048
-0.270269257328854, -0.8175854135252869, 0.5083112657237133
-0.1819896789577803, -0.8431034949880899, 0.5056545672955252
-0.09165662438037774, -0.8596829288970005, 0.5020840944459573
0.0, -0.8660254037844349, 0.5000000000000067
-1.1070741198836802e-15, -0.8660254037844348, 0.5000000000000067
0.09165666453163165, -0.8596831487420297, 0.5020840154377273
0.18198980856104677, -0.8431039604549598, 0.5056544885603278
0.2702691870194056, -0.8175851701471328, 0.5083111481807177
0.35566946770694013, -0.7835718554782201, 0.5086727682953098
0.43758562789469074, -0.7419763326773031, 0.5067440220812485
0.5150996930637746, -0.6927837731398032, 0.503398846538108
0.5869157137074307, -0.6356003022945187, 0.5005357347675369
0.6509589527323085, -0.5697844279845194, 0.5010480124386634
0.7061474523598263, -0.4963941758619475, 0.5043598878924251
0.7531458552773531, -0.417485452684647, 0.5074603067661472
0.7924175300979582, -0.334430157393772, 0.5086906585496915
0.8239725891532622, -0.24817067411132096, 0.5076070885092158
0.8473244356844256, -0.1593999456167059, 0.5047075619148862
0.861475536532567, -0.06873886226545978, 0.5014522293814649
0.8646708675000443, 0.0229830346833366, 0.5005332095562018
0.8559111119645825, 0.1143388162402925, 0.5030525270010962
0.8368454255210181, 0.2041237295582752, 0.506396534102573
0.809022247257772, 0.2916302467030327, 0.5084020246108585
0.7732808227230619, 0.3762204613450128, 0.5082040880311242
0.7299444917687925, 0.45713669872802803, 0.5059254120929441
0.6788711158381234, 0.5333512043882807, 0.5026108773180094
0.6195053839861896, 0.6032996499859533, 0.5005172214096981
0.5515651982079172, 0.6649498030883675, 0.5018877588103723
0.47671837171896325, 0.7180142425977452, 0.5051808256199146
0.396802193021204, 0.7631523973906713, 0.5078225134574357
0.312991042493343, 0.8006424342778153, 0.5085091047703562
0.22612976328043272, 0.8303455367974908, 0.5069823359434081
0.13686948005815872, 0.8515947786718057, 0.5038887250667375
0.04586501358496801, 0.8631464827100863, 0.5009963156271043
-0.045865011281176746, 0.8631464352122477, 0.5009963120875306
-0.13686948734595605, 0.8515948017202115, 0.5038886037795435
-0.2261298152071361, 0.830345727043021, 0.5069822374950638
-0.31299115519474197, 0.8006427210728468, 0.508509144065884
-0.3968023064315978, 0.7631526042682643, 0.5078224146348608
-0.47671831687694166, 0.7180141758994721, 0.5051803887673695
-0.5515647731790221, 0.6649493161311428, 0.5018875238008237
-0.6195047933815983, 0.6032990928676748, 0.5005173594186046
-0.678871406605683, 0.5333513958726306, 0.5026102544710925
-0.72994543146027, 0.4571372573638033, 0.505924877662949
-0.7732818240023598, 0.3762209365608111, 0.5082041407786714
-0.809022686181293, 0.29163038713330225, 0.5084019504224669
-0.8368448519292053, 0.204123608509677, 0.5063956523529509
-0.8559094707844283, 0.1143386596036565, 0.5030517165573011
-0.864669002020363, 0.02298304337496593, 0.5005335894660035
-0.8614763298295389, -0.06873898842555795, 0.5014513581478529
-0.8473269364048324, -0.15940052868196736, 0.5047064051973118
-0.8239749029381319, -0.2481714318937854, 0.5076069728767445
-0.7924182800865214, -0.33443050589809875, 0.5086907533128895
-0.7531446546753882, -0.4174847411582073, 0.5074592081018942
-0.7061449290576841, -0.4963922248883199, 0.5043583327585803
-0.6509565545523129, -0.5697821318784935, 0.5010482830078885
-0.586916280360871, -0.6356010235318673, 0.5005350422199191
-0.5151021937715747, -0.6927875963505397, 0.5033970018593055
-0.4375877800389619, -0.7419803515050597, 0.5067434795695372
-0.35567012292648476, -0.7835734479083108, 0.5086730554541227
-0.2702685660884997, -0.8175830212300365, 0.5083101079220639
-0.1819915953061839, -0.8431103758488999, 0.5056534022138297
-0.0916578131514658, -0.8596894355238858, 0.5020817576754093
0.0, -0.8660254037844349, 0.5000000000000066
-1.1087092559875377e-15, -0.8660254037844349, 0.5000000000000066
0.09165785360646514, -0.8596896568623854, 0.502081678242471
0.1819917255966694, -0.8431108435414117, 0.5056533229322068
0.2702684958102196, -0.8175827780625029, 0.508309989932955
0.35567022579231006, -0.7835736979006301, 0.5086731005269147
0.437588220161219, -0.7419811734833993, 0.506743368401608
0.5151028344701676, -0.6927885760370571, 0.5033965296016796
0.5869164575716443, -0.6356012490702228, 0.5005348261864427
0.6509556598817196, -0.569781275329619, 0.5010483837307492
0.706143821303731, -0.496391368421097, 0.5043576481877323
0.7531440400680757, -0.41748437695138474, 0.5074586434644925
0.7924187265035273, -0.3344307133282446, 0.5086908096595946
0.8239764924125128, -0.24817195253008978, 0.5076068930183804
0.8473289140444992, -0.15940098994593255, 0.5047054913789278
0.8614770510187912, -0.06873910304692062, 0.5014505691116459
0.8646670664676064, 0.022983052379951362, 0.5005339831228574
0.8559075255538253, 0.11433847394370858, 0.5030507532864439
0.8368440756128066, 0.20412344474943758, 0.5063944503570749
0.8090233747889, 0.291630607488767, 0.5084018338735328
0.7732836383514285, 0.37622179762166064, 0.5082042359402734
0.7299474175903569, 0.4571384378670187, 0.5059237495170107
0.6788721315977027, 0.5333518736421307, 0.5026087115826678
0.619503055923328, 0.6032974539799214, 0.5005177648899684
0.5515632681813114, 0.6649475918102794, 0.5018866896558386
0.47671808167115026, 0.7180138912095312, 0.5051784777622293
0.39680293860947563, 0.7631537577123909, 0.5078218640961085
0.31299199325971305, 0.8006448536973183, 0.508509436036867
0.22613037841267986, 0.8303477897025888, 0.5069811713948271
0.13686962539398362, 0.8515952422699878, 0.5038863338981227
0.045864877309745984, 0.863143674924798, 0.5009961058119489
-0.04586487499386487, 0.8631436272403088, 0.5009961022385718
-0.136869632896773, 0.8515952664214943, 0.5038862119831575
-0.2261304307837213, 0.8303479814325118, 0.5069810724168935
-0.31299210618963236, 0.8006451410665325, 0.5085094753476466
-0.3968030527843654, 0.7631539660770761, 0.5078217647253841
-0.4767180287133495, 0.7180138274292724, 0.5051780387377961
-0.5515628425617307, 0.664947104154404, 0.5018864531917939
-0.6195024618993429, 0.6032968936768544, 0.5005179033373485
-0.6788724277309892, 0.5333520689255467, 0.5026080854244862
-0.7299483647212339, 0.4571390007085903, 0.5059232122087216
-0.7732846424094496, 0.37622227410660286, 0.5082042883723854
-0.8090238157587842, 0.29163074862581634, 0.5084017591399784
-0.8368435075705323, 0.2041233249759282, 0.5063935644669667
-0.8559058841707394, 0.1143383172808584, 0.5030499382101613
-0.8646651898883034, 0.02298306109811486, 0.5005343642793177
-0.8614778546467214, -0.06873923069201143, 0.5014496931914644
-0.8473314334980773, -0.15940157778420475, 0.5047043284033292
-0.8239788146047128, -0.2481727132735583, 0.5076067757333373
-0.792419478112635, -0.33443106254952404, 0.5086909044304389
-0.7531428437210523, -0.41748366808271553, 0.5074575400468289
-0.7061412981847005, -0.4963894177201389, 0.5043560847176515
-0.6509532492277998, -0.5697789675038397, 0.5010486545382817
-0.586917030146636, -0.6356019777416705, 0.5005341299399918
-0.5151053525817362, -0.692792427057654, 0.5033946749289514
-0.43759038123434185, -0.7419852100794256, 0.5067428214781459
-0.35567088213628123, -0.7835752929325723, 0.508673388065455
-0.2702678751616719, -0.8175806310307194, 0.5083089457202612
-0.18199352182424106, -0.8431172896355719, 0.5056522290380135
-0.0916590109225052, -0.8596959863801464, 0.5020794083289162
0.0, -0.8660254037844349, 0.5000000000000064
-1.1103518410784342e-15, -0.8660254037844349, 0.5000000000000064
0.09165905168403497, -0.8596962092242498, 0.5020793284679519
0.18199365280679028, -0.8431177595679789, 0.50565214920494
0.27026780491616464, -0.8175803880794612, 0.5083088272819943
0.35567098517859685, -0.7835755433332273, 0.5086734331978413
0.4375908231840483, -0.7419860356950772, 0.5067427094055518
0.5151059977410205, -0.6927934138737323, 0.5033942001095139
0.5869172092090165, -0.6356022056048488, 0.5005339127517634
0.6509523498978509, -0.5697781065775901, 0.501048755349219
0.7061401905247545, -0.4963885613825041, 0.5043553964744747
0.7531422313119868, -0.4174833052480113, 0.507456972963062
0.7924199254945921, -0.3344312704065369, 0.5086909607813207
0.8239804098596075, -0.24817323594611942, 0.5076066947359156
0.8473334259556702, -0.15940204282536874, 0.5047034096343879
0.8614785852156073, -0.06873934666232487, 0.5014488999071351
0.8646632428049517, 0.022983070130608123, 0.5005347592280645
0.8559039387224834, 0.11433813159294985, 0.5030489694298949
0.8368427388469697, 0.20412316296178284, 0.5063923568195728
0.8090245075793279, 0.2916309700912274, 0.5084016417337612
0.7732864617973572, 0.3762231374686628, 0.5082043829593208
0.7299503665756564, 0.45714019009917306, 0.5059220779782463
0.6788731660503357, 0.5333525561292637, 0.5026065343257569
0.6195007143691915, 0.6032952454087246, 0.5005183100972275
0.5515613354806039, 0.6649453773696202, 0.5018856138819575
0.47671780177394985, 0.7180135555452061, 0.5051761182207557
0.3968036892242779, 0.7631551278135615, 0.5078212111282845
0.3129929459542844, 0.8006472779615914, 0.5085097674306148
0.22613099880818205, 0.8303500601846343, 0.5069800005731626
0.13686977498200953, 0.8515957276730123, 0.5038839303407074
0.04586474031860317, 0.8631408560952594, 0.5009958939947484
-0.04586473799054068, 0.8631408082230208, 0.5009958903873043
-0.13686978270236533, 0.8515957529394729, 0.5038838077934048
-0.22613105162727531, 0.8303502534102638, 0.5069799010612066
-0.31299305911329034, 0.8006475659063997, 0.5085098067562921
-0.39680380416899474, 0.7631553376763873, 0.507821111204704
-0.4767177507206745, 0.7180134947162693, 0.5051756770085949
-0.5515609092741169, 0.6649448890197374, 0.5018853759531505
-0.6195001168974233, 0.6032946818947515, 0.5005184489846595
-0.6788734676067087, 0.5333527552508567, 0.5026059048323962
-0.7299513212052886, 0.45714075717797115, 0.505921537767948
-0.7732874686459104, 0.37622361522791203, 0.5082044350717168
-0.8090249506082566, 0.29163111193975944, 0.5084015664499532
-0.8368421764210714, 0.20412304448096733, 0.506391466758897
-0.855902297174997, 0.11433797490912884, 0.5030481496889783
-0.8646613550328195, 0.022983078875421312, 0.500535141635522
-0.8614793992818535, -0.06873947580939843, 0.5014480192669584
-0.8473359642908566, -0.15940263547891736, 0.5047022403500246
-0.8239827405043492, -0.24817399966768314, 0.5076065757812112
-0.7924206787288994, -0.33443162034669144, 0.5086910555585751
-0.7531410392831633, -0.4174825990728207, 0.5074558647579821
-0.7061376676508853, -0.4963866109992431, 0.5043538246111446
-0.6509499266738715, -0.5697757869432244, 0.5010490263918438
-0.5869177877657552, -0.6356029417876321, 0.5005332127806935
-0.5151085333910131, -0.6927972929328784, 0.5033923353631861
-0.4375929932374056, -0.7419900901686501, 0.5067421580281412
-0.35567164264840884, -0.7835771409696196, 0.5086737211165149
-0.27026718456424437, -0.817578242983228, 0.5083077790882219
-0.18199545858371613, -0.843124236559132, 0.5056510476935785
-0.09166021777611112, -0.8597025818253975, 0.5020770463081125
0.0, -0.866025403784435, 0.5000000000000064
-1.1120019261742204e-15, -0.866025403784435, 0.5000000000000064
0.09166025884698799, -0.8597028061873564, 0.5020769660157699
0.18199559026321815, -0.8431247087458024, 0.5056509673039725
0.2702671143531356, -0.8175780002539653, 0.5083076601977208
0.35567174586743666, -0.7835773917790172, 0.5086737663085612
0.437593437025088, -0.7419909194440044, 0.5067420450422226
0.5151091830455253, -0.6927982869371919, 0.5033918579614872
0.5869179686985803, -0.6356031719998104, 0.5005329944296535
0.6509490226486166, -0.5697749216063841, 0.5010491272896471
0.7061365601124037, -0.4963857548111151, 0.5043531326704978
0.7531404291049678, -0.41748223762864317, 0.5074552952103237
0.7924211270785817, -0.33443182863171655, 0.5086911119128951
0.823984341570873, -0.2481745243882664, 0.5076064936329476
0.8473379716838683, -0.15940310433075483, 0.5047013165903326
0.8614801393279029, -0.06873959314411204, 0.5014472217041738
0.8646593963219374, 0.022983087935539777, 0.500535537880646
0.855900351555138, 0.11433778919953376, 0.503047175361035
0.8368414153817353, 0.20412288423700287, 0.5063902534188679
0.8090256456616677, 0.29163133452250767, 0.5084014481784398
0.7732892930940909, 0.37622448090055194, 0.5082045290761954
0.7299533389095848, 0.45714195552237374, 0.5059203974027378
0.6788742193959105, 0.5333532519859447, 0.5026043454639942
0.6194983592116757, 0.6032930241692294, 0.5005188570376811
0.5515594001231215, 0.6649431597876813, 0.5018845314419793
0.4767175321367327, 0.7180132357842277, 0.5051737469101913
0.396804444900689, 0.7631565077668798, 0.507820554522967
0.3129939005818432, 0.8006497070825302, 0.5085100989485978
0.22613162451096697, 0.8303523483776689, 0.5069788234258404
0.13686992887317848, 0.8515962351152043, 0.5038815143042654
0.045864602606176516, 0.8631380261563961, 0.5009956801598778
-0.04586460026584316, 0.8631379780953009, 0.5009956765181008
-0.13686993681370913, 0.8515962615086025, 0.503881391120014
-0.22613167778186444, 0.830352543110418, 0.5069787233753802
-0.3129940139705062, 0.8006499956043458, 0.5085101382888146
-0.39680456062060976, 0.7631567191389896, 0.5078204540417723
-0.4767174830084989, 0.7180131779402883, 0.5051733034943051
-0.5515589733336046, 0.6649426707485548, 0.5018842920380555
-0.6194977582634335, 0.6032924574179558, 0.5005189963667431
-0.6788745264333906, 0.5333534549852514, 0.5026037126113091
-0.7299543010978781, 0.45714252687009654, 0.5059198542664564
-0.7732903027450564, 0.37622495993929833, 0.5082045808645452
-0.8090260907624232, 0.2916314770872622, 0.5084013723392296
-0.8368408586397673, 0.20412276706669732, 0.5063893591572383
-0.8558987098824231, 0.11433763250008465, 0.5030463509230559
-0.8646574972627696, 0.02298309670711578, 0.5005359215434335
-0.8614809639410634, -0.06873972381038196, 0.501446336310263
-0.8473405290504716, -0.15940370184228528, 0.5047001409459173
-0.8239866807136917, -0.2481752911051488, 0.5076063729912995
-0.7924218819427566, -0.3344321792926728, 0.508691206695309
-0.7531392414583066, -0.41748153418300843, 0.5074541821834776
-0.7061340375467201, -0.4963838047912478, 0.5043515523563982
-0.6509465867574693, -0.5697725900737153, 0.5010493985640811
-0.586918553297963, -0.6356039157720955, 0.5005322907079485
-0.51511173636982, -0.692802194265804, 0.5033899830610354
-0.43759561611044123, -0.741994991905264, 0.5067414891681906
-0.3556724044644901, -0.7835789920224241, 0.5086740546077744
-0.27026649431229866, -0.8175758571441, 0.5083066079955579
-0.18199740565700992, -0.8431312168323111, 0.5056498581051859
-0.09166143379580831, -0.8597092222227667, 0.5020746715135955
0.0, -0.8660254037844349, 0.5000000000000064
-1.113659562759703e-15, -0.8660254037844349, 0.5000000000000063
0.09166147517888042, -0.859709448114954, 0.5020745907864855
0.18199753803839694, -0.8431316912877277, 0.5056497771539097
0.27026642413723534, -0.8175756146426192, 0.5083064886497151
0.3556725078604501, -0.7835792432409667, 0.5086740998595447
0.43759606174670174, -0.7419958248628904, 0.5067413752601901
0.515112390554411, -0.6928031955176007, 0.5033895030564052
0.58691873612029, -0.6356041483577407, 0.5005320711859664
0.6509456780005944, -0.5697717202927376, 0.5010494995475157
0.7061329301575934, -0.4963829487728379, 0.5043508566929151
0.7531386335439697, -0.4174811741479556, 0.507453610154222
0.7924223312629461, -0.3344323880068588, 0.5086912630523202
0.823988287623184, -0.24817581788561066, 0.507606289680276
0.8473425514974827, -0.1594041745386151, 0.5046992121548468
0.8614817135629358, -0.06873984252514223, 0.5014455344384053
0.8646555268263827, 0.022983105794979544, 0.5005363190894131
0.855896764137777, 0.1143374467752006, 0.5030453710088327
0.8368401053770272, 0.2041226086172959, 0.5063881400830408
0.8090267890687876, 0.2916317007948036, 0.5084012531943174
0.7732921322750699, 0.3762258279319427, 0.5082046742786862
0.7299563347787479, 0.4571437342353445, 0.5059187077157659
0.6788752918366123, 0.5333539613499294, 0.502602144913293
0.6194959903374762, 0.6032907901572134, 0.5005194057175347
0.551557462126627, 0.6649409390863094, 0.5018834422887521
0.47671727287000065, 0.718012932108042, 0.5051713637443804
0.39680520567407207, 0.7631578976456757, 0.507819894248819
0.3129948571471835, 0.8006521410720493, 0.5085104305877768
0.22613225556548783, 0.8303546544169149, 0.5069776398997097
0.1368700871190651, 0.851596764833467, 0.5038790856976801
0.04586446416705348, 0.8631351850426305, 0.5009954642915739
-0.04586446181435701, 0.8631351367915624, 0.5009954606151956
-0.13687009528241026, 0.8515967923659179, 0.5038789618718229
-0.22613230929197553, 0.8303548506682976, 0.5069775393062145
-0.3129949707660728, 0.8006524301722884, 0.5085104699421703
-0.3968053221746155, 0.7631581105383114, 0.507819793205199
-0.4767172256875354, 0.7180128772831507, 0.5051709181086103
-0.5515570347580522, 0.6649404493628279, 0.5018832013992676
-0.6194953858837597, 0.6032902201419669, 0.5005195454898045
-0.6788756044138845, 0.5333541682669216, 0.5026015086769049
-0.7299573045861606, 0.4571443098839653, 0.5059181616292667
-0.7732931447403966, 0.37622630825540904, 0.5082047257386095
-0.8090272362542507, 0.29163184408056364, 0.5084011767944989
-0.8368395543872684, 0.20412249277553612, 0.5063872415897638
-0.8558951223796565, 0.11433729006557339, 0.5030445418410765
-0.8646536163849609, 0.022983114593434665, 0.5005367040118589
-0.8614825488328663, -0.06873997472804388, 0.5014446442567051
-0.8473451280467003, -0.15940477695127248, 0.5046980300985359
-0.8239906353099437, -0.24817658761516703, 0.5076061673342038
-0.7924230877616711, -0.3344327393905485, 0.5086913578386267
-0.7531374503441499, -0.417480473468326, 0.5074524922709077
-0.7061304079641132, -0.4963809991627346, 0.5043492678700123
-0.6509432293441872, -0.5697693767711546, 0.5010497710504074
-0.5869193268239251, -0.6356048997986375, 0.5005313636873764
-0.5151149616901206, -0.6928071313488499, 0.5033876179204432
-0.4375982499161919, -0.7419999154228507, 0.5067408148463801
-0.3556731675861312, -0.7835808460939168, 0.5086743885397071
-0.27026580442212617, -0.8175734735705259, 0.508305432411572
-0.18199936311716644, -0.843138230669558, 0.5056486601966473
-0.09166265906604329, -0.8597159079389366, 0.5020722838449109
0.0, -0.8660254037844349, 0.5000000000000063
-1.1153248027920042e-15, -0.8660254037844349, 0.5000000000000063
0.09166270076418931, -0.8597161353738437, 0.5020722026796107
0.181999496205413, -0.8431387074083219, 0.5056485786785049
0.2702657342847784, -0.8175732313026804, 0.5083053126072479
0.3556732711592416, -0.7835810977220005, 0.5086744338512668
0.4375986974117122, -0.7420007520854969, 0.5067407000074405
0.5151156204399597, -0.6928081399079552, 0.5033871352919901
0.5869195115550361, -0.6356051347825116, 0.5005311429862477
0.6509423158190095, -0.5697685025121584, 0.5010498721182118
0.7061293007526692, -0.4963801433345554, 0.5043485684581008
0.7531368447270264, -0.4174801148611895, 0.5074519177421694
0.7924235380551579, -0.33443294853504846, 0.5086914141975715
0.8239922480939683, -0.24817711646745816, 0.5076060828483664
0.8473471656673888, -0.1594052535262682, 0.5046970962350201
0.8614833081303632, -0.06874009483870477, 0.5014438380448694
0.8646516341240401, 0.02298312370916125, 0.5005371028631675
0.8558931765578158, 0.11433710433191764, 0.5030435563016304
0.8368388089944867, 0.2041223361453723, 0.5063860167394423
0.809027937833813, 0.29163206892041416, 0.5084010567679947
0.7732949793739335, 0.3762271785775318, 0.5082048185544416
0.7299593543714799, 0.45714552633765837, 0.5059170088417958
0.678876383576952, 0.5333546843604806, 0.5025999325887534
0.6194936076320738, 0.6032885432673495, 0.5005199561429935
0.5515555215093281, 0.6649387152879165, 0.5018823463747167
0.4767170240854002, 0.7180126447001083, 0.5051689686363019
0.3968059715800787, 0.7631592975239203, 0.5078192302741558
0.31299581565510676, 0.8006545799420821, 0.5085107623450744
0.22613289201662629, 0.830356978438787, 0.5069764499410364
0.13687024977188564, 0.8515973170673115, 0.503876644428935
0.04586432499577026, 0.8631323326878755, 0.5009952463739336
-0.045864322630615614, 0.8631322842457105, 0.5009952426626829
-0.13687025816071607, 0.8515973457510649, 0.503876519956769
-0.22613294620252633, 0.830357176220419, 0.5069763487999253
-0.3129959295047916, 0.8006548696221629, 0.5085108017132771
-0.39680608886670704, 0.7631595119484225, 0.5078191286632465
-0.47671697886964504, 0.7180125929286931, 0.5051685207643272
-0.5515550935657654, 0.6649382248850952, 0.501882103989137
-0.6194929996435716, 0.6032879699611747, 0.5005200963600487
-0.6788767017533773, 0.5333548952355678, 0.5025992929440478
-0.7299603318590318, 0.45714610631942587, 0.5059164597805792
-0.7732959946656418, 0.3762276601909703, 0.5082048696815071
-0.8090283871169661, 0.2916322129320028, 0.5084009798023038
-0.8368382638259493, 0.20412222165041205, 0.5063851139835118
-0.8558915347547729, 0.1143369476176659, 0.5030427223710947
-0.8646497122041211, 0.022983132534611192, 0.5005374890495938
-0.8614841541681932, -0.06874022859590176, 0.5014429430410036
-0.8473497615518191, -0.15940586088364742, 0.5046959077144084
-0.8239946043708628, -0.24817788922717987, 0.5076059587801913
-0.792424296193128, -0.3344333006434096, 0.5086915089864891
-0.7531356660394497, -0.41747941698439167, 0.50745079496733
-0.7061267789964161, -0.496378194181273, 0.5043469710678404
-0.6509398542982536, -0.5697661469101434, 0.5010501438461404
-0.5869201084252552, -0.6356058939720834, 0.5005304316842858
-0.5151182095254487, -0.6928121044772908, 0.5033852398382563
-0.43760089471786506, -0.7420048608560522, 0.506740135010208
-0.3556739320149254, -0.7835827031869865, 0.5086747229127879
-0.2702651149102357, -0.8175710923203569, 0.5083042523052539
-0.18200133103787744, -0.843145278287059, 0.5056474538909119
-0.09166389367219416, -0.8597226393441806, 0.5020698832005431
0.0, -0.866025403784435, 0.5000000000000063
-1.1169976987059875e-15, -0.8660254037844349, 0.5000000000000062
0.09166393568832479, -0.8597228683344236, 0.5020698015935925
0.1820014648380024, -0.8431457573238901, 0.5056473718006478
0.2702650448122934, -0.8175708502920682, 0.5083041320392767
0.3556740357654, -0.7835829552250029, 0.5086747682842019
0.43760134408340495, -0.7420057012466473, 0.506740019231372
0.5151188728760229, -0.6928131204041171, 0.503384754564865
0.5869202950846559, -0.635606131379249, 0.5005302097957324
0.650938935967717, -0.569765268138908, 0.5010502449970282
0.7061256719914285, -0.49637733856413885, 0.5043462678816779
0.7531350627532694, -0.41747905982415634, 0.5074502179210384
0.7924247474627104, -0.3344335102193783, 0.5086915653466009
0.8239962230612122, -0.24817842016334218, 0.507605873107349
0.8473518144669748, -0.15940634137183535, 0.5046949687369338
0.8614849232422744, -0.06874035011852167, 0.5014421324579938
0.8646477180185708, 0.0229831416783212, 0.5005378892106986
0.8558895889041194, 0.11433676188188503, 0.5030417311671387
0.8368375263974905, 0.20412206686446321, 0.5063838833146835
0.8090290919901293, 0.2916324389117434, 0.5084008588859223
0.7732978344245206, 0.37622853285210156, 0.5082049618909661
0.7299623978778618, 0.4571473319297483, 0.5059153007044666
0.6788774948237958, 0.5333554211583902, 0.5025977084046518
0.6194912109797173, 0.6032862833931938, 0.5005205083202608
0.5515535782898817, 0.6649364884154917, 0.5018812436519022
0.4767167858957342, 0.7180123737459243, 0.5051665614980584
0.3968067426546488, 0.7631607074762323, 0.5078185625669425
0.31299677611041965, 0.8006570237045811, 0.5085110942173744
0.2261335339096962, 0.8303593205809057, 0.5069752534954944
0.13687041688450327, 0.8515978920588909, 0.5038741904051008
0.045864185086807396, 0.863129469025531, 0.5009950263909132
-0.04586418270910177, 0.8631294203911359, 0.5009950226445171
-0.13687042550152587, 0.8515979219063307, 0.5038740652818765
-0.2261335885588706, 0.8303595199045046, 0.5069751518021365
-0.3129968901914729, 0.8006573139659234, 0.5085111335990143
-0.39680686073287175, 0.7631609234440391, 0.5078184603838258
-0.47671674266784964, 0.7180123250627943, 0.5051661113733936
-0.5515531497755045, 0.6649359973384723, 0.5018809997596027
-0.6194905994268038, 0.6032857067688467, 0.5005206489836794
-0.6788778186594218, 0.5333556360324223, 0.5025970653267751
-0.7299633831071408, 0.4571479162771867, 0.5059147486437638
-0.7732988525547037, 0.3762290157607909, 0.5082050126806913
-0.8090295433840577, 0.29163258365402267, 0.508400781349035
-0.8368369871199288, 0.2041219537347764, 0.5063829762647769
-0.8558879470973084, 0.11433660516866712, 0.5030408924405297
-0.8646457845228721, 0.02298315053088031, 0.5005382766654219
-0.8614857801604243, -0.06874048544791016, 0.5014412325972613
-0.8473544298406344, -0.15940695371798624, 0.5046937736990457
-0.8239985879747677, -0.24817919597085866, 0.5076057472991908
-0.7924255072446347, -0.3344338630543546, 0.5086916601368309
-0.753133888644067, -0.41747836478739964, 0.5074490902192574
-0.7061231507384452, -0.49637538991543195, 0.5043446618649802
-0.6509364614825125, -0.5697629003640299, 0.5010505169465023
-0.5869208981845189, -0.6356068983985301, 0.5005294946636738
-0.5151214800509136, -0.6928171139492963, 0.5033828487102133
-0.4376035505791322, -0.742009828340584, 0.5067394496065758
-0.3556746977524441, -0.7835845633044821, 0.508675057727493
-0.2702644257933488, -0.817568713452114, 0.5083030676452751
-0.18200330949348822, -0.8431523599027546, 0.5056462391100573
-0.09166513770058392, -0.8597294168124103, 0.5020674694778949
0.0, -0.866025403784435, 0.5000000000000062
-1.1186783034197617e-15, -0.866025403784435, 0.5000000000000062
0.09166518003764197, -0.8597296473707284, 0.5020673874257965
0.18200344401055663, -0.8431528412524921, 0.5056461564423558
0.2702643557365256, -0.817568471669371, 0.5083029469144414
0.3556748016804978, -0.7835848157528159, 0.5086751031588266
0.4376040018255327, -0.7420106724822382, 0.5067393328787846
0.5151221480380386, -0.6928181373048454, 0.5033823607705398
0.5869210867919472, -0.6356071382543514, 0.5005292715793427
0.650935538309186, -0.5697620170459889, 0.5010506181791594
0.7061220439691416, -0.4963745345304619, 0.5043439548785129
0.7531332877229373, -0.41747800909324506, 0.5074485106371578
0.7924259594931198, -0.3344340730629492, 0.5086917164973339
0.8240002126034645, -0.24817972900302593, 0.5076056604270132
0.8473564981721704, -0.15940743815425057, 0.5046928295656464
0.8614865591132246, -0.0687406083987564, 0.501440417611585
0.8646437783115152, 0.022983159702695436, 0.5005386781407828
0.8558860012670244, 0.11433641943753714, 0.5030398955324297
0.836836257751172, 0.20412180081832518, 0.5063817397346269
0.809030251571385, 0.2916328107813009, 0.5084006595343975
0.7733006974608719, 0.37622989077051683, 0.5082051042756197
0.7299654654897426, 0.45714915111291254, 0.5059135832265791
0.6788786257863972, 0.5333561718859939, 0.5025954722744312
0.6194888002634085, 0.6032840104271686, 0.5005210622555394
0.551551632487406, 0.6649342584926097, 0.5018801340719234
0.4767165584149762, 0.7180121194330484, 0.5051641422408655
0.39680751893401756, 0.7631621275778842, 0.5078178910947878
0.31299773851793744, 0.800659472371517, 0.508511426201521
0.22613418129045243, 0.8303616809821078, 0.5069740505081587
0.1368705885104417, 0.8515984900530313, 0.503871723532325
0.04586404443459456, 0.8631265939884785, 0.5009948043263269
-0.04586404204424288, 0.8631265451607111, 0.50099480054451
-0.13687059735839496, 0.8515985210766785, 0.5038715977532456
-0.22613423640679808, 0.8303618818594958, 0.5069739482578713
-0.31299785283093035, 0.8006597632155434, 0.5085114655962215
-0.39680763780938744, 0.7631623451005349, 0.5078177883344913
-0.4767165171963409, 0.7180120738734022, 0.5051636898468588
-0.551551203406488, 0.6649337667466655, 0.5018798886621867
-0.6194881851161373, 0.6032834304571175, 0.5005212033668976
-0.678878955341963, 0.5333563908002733, 0.5025948257382872
-0.7299664585229081, 0.45714973985882984, 0.5059130281413498
-0.773301718441694, 0.3762303749797696, 0.50820515472347
-0.8090307050892759, 0.2916329562591765, 0.5084005814209305
-0.83683572443509, 0.20412168907261402, 0.5063808283591018
-0.8558843594982801, 0.11433626273112388, 0.5030390519761593
-0.8646418331417027, 0.022983168582481762, 0.5005390668681129
-0.8614874270254222, -0.06874074531846457, 0.5014395128589565
-0.8473591331905083, -0.15940805553367945, 0.5046916279569292
-0.8240025862005445, -0.24818050787610207, 0.5076055328607871
-0.7924267209237206, -0.33443442662649, 0.5086918112875612
-0.7531321182589827, -0.41747731693412204, 0.5074473779726533
-0.7061195232865092, -0.49637258643478716, 0.5043423401757663
-0.6509330507584136, -0.5697596370048846, 0.5010508903466163
-0.5869216961852568, -0.6356079131853576, 0.5005285525902201
-0.5151247734432312, -0.6928221600659566, 0.5033804444309263
-0.43760621756413853, -0.7420148180132403, 0.5067387585817815
-0.3556754648002477, -0.783586426449209, 0.5086753929842993
-0.2702637370884084, -0.8175663370249928, 0.5083018783999854
-0.18200529855901074, -0.8431594757363576, 0.5056450157752721
-0.09166639123849207, -0.8597362407212137, 0.5020650425732774
0.0, -0.866025403784435, 0.5000000000000062
-1.1203666703402622e-15, -0.866025403784435, 0.5000000000000062
0.09166643389945302, -0.8597364728604718, 0.5020649600724973
0.18200543379813075, -0.8431599594139607, 0.5056449325247585
0.2702636670744396, -0.8175660954938541, 0.508301757201059
0.3556755689060901, -0.7835866793082397, 0.5086754384756184
0.43760667070231907, -0.7420156659292494, 0.5067386408958724
0.5151254461030472, -0.692823190911831, 0.5033799538033966
0.5869218867606808, -0.635608155515508, 0.5005283283016827
0.6509321227044802, -0.5697587491051284, 0.5010509916597021
0.7061184167825727, -0.4963717313034156, 0.5043416293627049
0.7531315197373913, -0.41747696272542956, 0.507446795836302
0.7924271741539229, -0.33443463706887233, 0.5086918676476696
0.8240042167998418, -0.24818104301650606, 0.5076054447768028
0.8473612170614722, -0.15940854395327217, 0.5046906786251819
0.8614882159602641, -0.06874086971402045, 0.5014386934388243
0.864639814802266, 0.022983177782521118, 0.5005394696621831
0.8558824137383622, 0.11433607701154774, 0.5030380493239295
0.8368350032224421, 0.20412153805124766, 0.5063795859243752
0.809031416611493, 0.2916331845417019, 0.5084004586995643
0.7733035685172327, 0.37623125234772703, 0.5082052456956154
0.7299685574007565, 0.45715098398932497, 0.5059118563300856
0.6788797766764278, 0.5333569366871935, 0.5025932241106899
0.6194863753648858, 0.6032817242605503, 0.5005216179550278
0.5515496841214856, 0.6649320255434421, 0.5018790175859754
0.476716341758282, 0.7180118819511289, 0.5051617107750404
0.3968083004547144, 0.7631635579048088, 0.5078172158249409
0.31299870288248, 0.8006619259548795, 0.5085117582943192
0.22613483420509156, 0.8303640597824609, 0.5069728409234965
0.13687076470389078, 0.8515991112972654, 0.5038692437158195
0.04586390303350638, 0.8631237075090762, 0.500994580163845
-0.04586390063041418, 0.8631236584867854, 0.500994576346329
-0.1368707737855493, 0.8515991435097794, 0.5038691172760401
-0.22613488979254454, 0.8303642622255644, 0.5069727381115454
-0.3129988174279859, 0.8006622173830145, 0.508511797701699
-0.39680842013282985, 0.7631637769939443, 0.5078171124824363
-0.476716302570498, 0.7180118395505557, 0.5051612560948702
-0.5515492544784055, 0.6649315331339798, 0.5018787706479905
-0.619485756592987, 0.6032811409169682, 0.5005217595159018
-0.6788801120133754, 0.5333571596834754, 0.502592574090937
-0.7299695583005475, 0.45715157716681176, 0.5059112981950136
-0.7733045923609307, 0.3762317378628842, 0.5082052957970042
-0.8090318722666383, 0.29163333076012055, 0.5084003800040728
-0.8368344759391037, 0.20412142770844038, 0.5063786701912644
-0.8558807720502114, 0.11433592031782008, 0.5030372009041109
-0.8646378578589402, 0.022983186689650915, 0.5005398596664214
-0.8614890949815633, -0.06874100824241508, 0.5014377837589387
-0.8473638718813856, -0.15940916641095185, 0.5046894703914977
-0.8240065991276495, -0.24818182497304742, 0.5076053154342168
-0.7924279372379369, -0.33443499136293187, 0.5086919624365637
-0.7531303549863066, -0.4174762734819219, 0.5074456581729234
-0.7061158967384235, -0.4963697838099457, 0.5043400059137604
-0.6509296219859847, -0.5697563567034973, 0.5010512640415055
-0.5869225025119903, -0.6356089384412517, 0.5005276054282849
-0.5151280898807327, -0.6928272431313197, 0.5033780268938672
-0.4376088957375026, -0.7420198300119089, 0.5067380618815107
-0.35567623315987396, -0.7835882926239288, 0.5086757286836877
-0.2702630488125781, -0.8175639630988734, 0.5083006845374112
-0.18200729831012155, -0.8431666260093691, 0.5056437838068507
-0.09166765437416659, -0.8597431114518999, 0.5020626023818926
-8.881784197001252e-16, -0.866025403784435, 0.500000000000006
-1.1220628533689064e-15, -0.8660254037844352, 0.500000000000006
0.09166769736203995, -0.8597433451850893, 0.5020625194288583
0.1820074342764503, -0.8431671120299189, 0.505643699968089
0.27026297884322303, -0.8175637218254677, 0.5083005628671206
0.3556763374437157, -0.7835885458940295, 0.5086757742350582
0.4376093507784638, -0.7420206817257549, 0.5067379432282174
0.5151287672497098, -0.692828281529728, 0.5033775335566735
0.5869226950756145, -0.6356091832717157, 0.5005273799270364
0.6509286890132423, -0.5697554641867609, 0.5010513654336523
0.7061147905300043, -0.4963689289539202, 0.5043392912475778
0.7531297588991286, -0.417475920778272, 0.507445073463686
0.79242839145268, -0.3344352022402655, 0.5086920187954815
0.8240082357300358, -0.24818236223401263, 0.5076052261258114
0.847365971415973, -0.1594096588494892, 0.5046885158185139
0.8614898940029755, -0.0687411340993776, 0.5014369598722579
0.864635827288042, 0.022983195918037505, 0.5005402637836456
0.8558788264114816, 0.11433573461683652, 0.5030361924674105
0.8368337629800081, 0.20412127860806237, 0.5063774218082631
0.8090325871446344, 0.29163356020567177, 0.5084002563674093
0.7733064476280513, 0.37623261759876947, 0.5082053861380182
0.7299716738063421, 0.4571528306620457, 0.505910119936078
0.6788809477080073, 0.5333577157074755, 0.5025909638251709
0.6194839361646066, 0.6032794247834536, 0.5005221754249223
0.5515477332121808, 0.6649297895927704, 0.5018778941448276
0.47671613604200525, 0.7180116614919266, 0.5051592670099885
0.39680908725356767, 0.7631649985336071, 0.5078165367242855
0.31299966920887423, 0.8006643844666761, 0.5085120904925338
0.22613549270025912, 0.8303664571232748, 0.50697162468536
0.1368709455197178, 0.8515997560418652, 0.5038667508598483
0.04586376087786448, 0.8631208095191538, 0.5009943538869923
-0.045863758461933996, 0.8631207603011798, 0.5009943500334968
-0.1368709548378893, 0.8515997894560461, 0.5038666237544753
-0.22613554876279282, 0.8303666611441268, 0.5069715213069587
-0.31299978398746664, 0.8006646764803467, 0.5085121299122065
-0.39680920774007256, 0.7631652192009715, 0.5078164327944883
-0.47671609890689737, 0.7180116222864137, 0.5051588100266633
-0.5515473030114216, 0.664929296525332, 0.5018776456676906
-0.6194833137374807, 0.6032788380382168, 0.5005223174368869
-0.6788812888884903, 0.5333579428279762, 0.5025903102962197
-0.7299726826360831, 0.4571534283044801, 0.5059095587255671
-0.7733074743469358, 0.37623310442520386, 0.5082054358883049
-0.8090330449504304, 0.29163370716962334, 0.5084001770843883
-0.836833241801445, 0.20412116968732003, 0.5063765016852704
-0.8558771848471535, 0.11433557794178888, 0.5030353391498552
-0.8646338584707229, 0.022983204852629356, 0.5005406550690861
-0.8614907842497725, -0.0687412742550651, 0.5014360452294168
-0.8473686461958237, -0.15941028643086072, 0.504687300905131
-0.8240106268361171, -0.24818314729206212, 0.5076050949883645
-0.7924291561948579, -0.3344355572668021, 0.5086921135816944
-0.7531285989292928, -0.41747523448875595, 0.5074439307649082
-0.7061122711935388, -0.4963669821125497, 0.5043376589917417
-0.6509261750238222, -0.5697530593293495, 0.5010516380260918
-0.5869233172502404, -0.635609974276218, 0.500526653141905
-0.5151314295433793, -0.6928323634524274, 0.5033755959913534
-0.4376115851643217, -0.7420248644755797, 0.5067373594508298
-0.3556770028328496, -0.7835901618313592, 0.5086760648261381
-0.27026236098324874, -0.8175615917343287, 0.5082994860252438
-0.18200930882318092, -0.8431738109450949, 0.5056425431241791
-0.09166892719683954, -0.8597500293895388, 0.5020601487978206
-0.0, -0.8660254037844352, 0.5000000000000061
-1.1237669069073309e-15, -0.8660254037844352, 0.5000000000000061
0.09166897051466662, -0.8597502647297799, 0.5020600653889223
0.18200944552191822, -0.8431742993237968, 0.5056424586916696
0.27026229106028776, -0.8175613507248548, 0.508299363880287
0.3556771072948951, -0.7835904155128977, 0.5086761104376265
0.4376120421191454, -0.7420257200109328, 0.5067372398207792
0.5151321116583233, -0.6928334094661907, 0.5033750999224501
0.5869235118225054, -0.6356102216332995, 0.5005264264193624
0.6509252370936741, -0.5697521621600148, 0.5010517394959038
0.7061111653112562, -0.4963661275539424, 0.5043369404456715
0.7531280053117934, -0.41747488330993343, 0.5074433434639568
0.7924296113969714, -0.3344357685802571, 0.5086921699386163
0.824012269474315, -0.2481836866860143, 0.5076050044427799
0.8473707615193892, -0.15941078292433564, 0.504686341047553
0.861491593463504, -0.06874140159035386, 0.5014352168437898
0.8646318155638558, 0.02298321410948327, 0.5005410605139003
0.8558752393812726, 0.11433539226656911, 0.5030343248879847
0.8368325371943972, 0.20412102253414616, 0.5063752473098468
0.8090337632052607, 0.2916339377860424, 0.5084000525237614
0.7733093348279848, 0.3762339865387652, 0.5082055255897421
0.7299748149037647, 0.4571546912350253, 0.5059083739647763
0.6788821390977393, 0.5333585090939287, 0.502588691328752
0.6194814825417323, 0.6032771118848153, 0.5005227346714141
0.551545779780037, 0.6649275506659922, 0.5018767636988226
0.47671594138371076, 0.7180114582493411, 0.5051568108541942
0.39680987936770895, 0.7631664495415542, 0.5078158537593346
0.31300063750195484, 0.8006668479189316, 0.5085124227928891
0.22613615682305535, 0.8303688731471157, 0.5069704017369769
0.1368711310134766, 0.8516004245398774, 0.503864244867715
0.045863617961934194, 0.863117899950008, 0.5009941254791473
-0.04586361553306657, 0.8631178505351815, 0.5009941215893893
-0.13687114057100305, 0.8516004591686667, 0.5038641170918062
-0.22613621336468087, 0.8303690787578559, 0.5069702977872854
-0.3130007525142069, 0.8006671405195673, 0.5085124622244636
-0.3968100006682924, 0.7631666717989944, 0.507815749237104
-0.4767159063233309, 0.7180114222752776, 0.5051563515505485
-0.5515453490261902, 0.6649270569462581, 0.5018765136715335
-0.6194808564284482, 0.6032765217094979, 0.5005228771360433
-0.6788824861846321, 0.5333587403813302, 0.5025880342647612
-0.7299758317273719, 0.45715529337607486, 0.5059078096529472
-0.7733103644344402, 0.37623447468187987, 0.5082055749842314
-0.8090342231752099, 0.2916340855005594, 0.5083999726476424
-0.8368320221934183, 0.20412091505486285, 0.5063743227643428
-0.8558735979847086, 0.1143352356163109, 0.5030334666382008
-0.8646298347709704, 0.022983223071654617, 0.5005414530848274
-0.8614924950535564, -0.06874154339218702, 0.5014342972019541
-0.8473734564190187, -0.1594114156753175, 0.504685119399139
-0.8240146694065611, -0.24818447486376016, 0.5076048714917583
-0.7924303778020767, -0.3344361243412366, 0.5086922647207832
-0.7531268501923526, -0.41747420001318425, 0.5074421956928751
-0.7061086467527578, -0.4963641814153045, 0.504335299321699
-0.6509227097290667, -0.5697497447506079, 0.5010520122951926
-0.5869241404865335, -0.6356110208016084, 0.500525695694789
-0.5151347926127854, -0.6928375213393475, 0.5033731516145291
-0.43761428591017637, -0.7420299215443579, 0.506736651234176
-0.35567777382067955, -0.7835920340741729, 0.5086764014121355
-0.2702616736180374, -0.8175592229926302, 0.5082982828308454
-0.18201133017522803, -0.8431810307686683, 0.5056412936457187
-0.09167020979673457, -0.8597569949230099, 0.502057681714003
0.0, -0.8660254037844353, 0.500000000000006
-1.1254788858632092e-15, -0.8660254037844353, 0.500000000000006
0.09167025344759229, -0.8597572318835522, 0.5020575978455911
0.18201146761162265, -0.8431815215208511, 0.5056412086139004
0.2702616037432746, -0.8175589822533602, 0.5082981602078823
0.3556778784611316, -0.7835922881675113, 0.5086764470838077
0.43761474479002715, -0.7420307809250775, 0.5067365306178889
0.5151354795108402, -0.6928385750319059, 0.5033726527916319
0.5869243370881245, -0.6356112707119289, 0.5005254677422918
0.650921766802521, -0.5697488428926946, 0.5010521138412453
0.7061075412277135, -0.4963633271765077, 0.5043345768687307
0.7531262590801938, -0.4174738503791762, 0.5074416057811868
0.7924308339944006, -0.33443633609198314, 0.5086923210748937
0.8240163181135337, -0.24818501640321824, 0.5076047796960883
0.84737558765809, -0.15941191626009749, 0.5046841542131311
0.8614933145665943, -0.06874167222294242, 0.5014334642846734
0.8646277794224894, 0.022983232357099065, 0.5005418598616576
0.8558716527441899, 0.11433504997416515, 0.5030324465100966
0.8368313260379764, 0.20412076987543185, 0.506373062351892
0.8090349448280952, 0.29163431729575795, 0.5083998471542884
0.7733122301518968, 0.3762353591829238, 0.5082056640375481
0.7299779808921328, 0.45715656581311903, 0.5059066183355165
0.6788833510647392, 0.533359316995268, 0.5025864065314334
0.6194790143741087, 0.6032747854523809, 0.5005232957006898
0.5515438238460901, 0.6649253087891387, 0.5018756261978683
0.4767157579021849, 0.7180112724194398, 0.5051543422152062
0.39681067683457116, 0.7631679110066081, 0.5078151668962266
0.31300160776656016, 0.8006693163236904, 0.5085127551920678
0.226136826621037, 0.8303713079978181, 0.5069691720209439
0.13687132124141516, 0.8516011170471554, 0.5038617256417519
0.045863474279924966, 0.8631149787323965, 0.5009938949235402
-0.045863471838021475, 0.8631149291195392, 0.5009938909972342
-0.13687133104117521, 0.8516011529036385, 0.5038615971903155
-0.22613688364580592, 0.8303715152106943, 0.5069690674950684
-0.3130017230130464, 0.8006696095127221, 0.5085127946351485
-0.39681079895496996, 0.7631681348660757, 0.5078150617763644
-0.4767157249388163, 0.718011239713621, 0.5051538805738991
-0.5515433925438575, 0.664924814422929, 0.5018753746093313
-0.6194783845433982, 0.6032741918182516, 0.5005234386195557
-0.678883704121647, 0.533359552492723, 0.5025857459063073
-0.7299790057741207, 0.4571571724867428, 0.5059060508962033
-0.7733132626583825, 0.37623584864815296, 0.5082057130714912
-0.8090354069758076, 0.2916344657659161, 0.5083997666794403
-0.836830817288176, 0.20412066385723993, 0.5063721333509108
-0.8558700115600568, 0.11433489335492274, 0.5030315832932826
-0.8646257865513551, 0.0229832413469695, 0.5005422537223468
-0.861494227619038, -0.06874181569002227, 0.5014325396074599
-0.847378302838836, -0.1594125542270894, 0.5046829257737441
-0.8240187269201851, -0.24818580771898863, 0.5076046449125632
-0.7924316020672112, -0.33443669258937536, 0.508692415851633
-0.75312510888107, -0.4174731701143698, 0.5074404529005129
-0.7061050235185652, -0.4963613817919783, 0.5043329268148204
-0.6509192259573894, -0.5697464128341007, 0.501052386843521
-0.5869249723084258, -0.6356120781301292, 0.5005247330503146
-0.5151381792722335, -0.692842717105208, 0.5033706936533531
-0.43761699804113463, -0.742035001359472, 0.5067359371753515
-0.35567854612484995, -0.7835939093549985, 0.5086767384421639
-0.2702609867347915, -0.8175568569357583, 0.5082970749212362
-0.18201336244399785, -0.8431882857070626, 0.5056400352890011
-0.09167150226508666, -0.8597640084450413, 0.5020552010222287
0.0, -0.8660254037844353, 0.500000000000006
-1.1271988456561458e-15, -0.8660254037844353, 0.500000000000006
0.09167154625208394, -0.8597642470392663, 0.5020551166906144
0.1820135006233441, -0.843188778848181, 0.5056399496522479
0.27026091691005466, -0.8175566164730352, 0.5082969518168949
0.3556786509439103, -0.7835941638604914, 0.5086767841740872
0.43761745885726105, -0.7420358646096101, 0.5067358155632384
0.515138870990885, -0.6928437785406292, 0.5033701920539325
0.5869251709602705, -0.6356123306206387, 0.5005245038591231
0.6509182779950509, -0.569745506251264, 0.501052488464361
0.7061039183823458, -0.49636052789571683, 0.5043322004276979
0.7531245203103131, -0.4174728220453734, 0.5074398603588657
0.7924320592525924, -0.3344369047785886, 0.5086924722021064
0.8240203817291345, -0.24818635141657322, 0.507604551853754
0.8473804501211258, -0.15941305893992497, 0.5046819552149876
0.8614950575396234, -0.06874194603361124, 0.5014317021255044
0.8646237186544605, 0.02298325066112662, 0.500542661835609
0.8558680665982776, 0.11433470775330168, 0.5030305572575137
0.8368301296849741, 0.20412052067841388, 0.5063708668563658
0.8090361320481378, 0.2916346987478726, 0.508399640244496
0.7733151336348623, 0.3762367355465415, 0.5082058014680441
0.7299811719724205, 0.45715845450209147, 0.50590485296674
0.6788845838306706, 0.5333601395618505, 0.5025841093423282
0.6194765315382507, 0.6032724453726876, 0.5005238585189296
0.5515418654318784, 0.6649230639888815, 0.501874481591435
0.4767155857174537, 0.718011104200482, 0.5051518609996271
0.39681147969189656, 0.7631693830074142, 0.5078144761007211
0.31300258000753567, 0.8006717896930132, 0.5085130876867124
0.22613750214222625, 0.8303737618204985, 0.5069679354792171
0.13687151626048732, 0.8516018338223957, 0.5038591930833065
0.04586332982598984, 0.863112045796534, 0.5009936622032514
-0.045863327370950724, 0.8631119959844584, 0.5009936582401096
-0.1368715263053955, 0.8516018709198037, 0.5038590639512996
-0.22613755965422921, 0.8303739706478677, 0.5069678303722089
-0.3130026954888314, 0.8006720834718742, 0.5085131271408985
-0.3968116026378944, 0.7631696084809666, 0.5078143703779696
-0.47671555487361106, 0.718011074800115, 0.50515139700314
-0.5515414335860722, 0.6649225689821596, 0.5018742284304577
-0.6194758979585044, 0.6032718482507052, 0.500524001893603
-0.6788849429219382, 0.5333603793129903, 0.5025834451297131
-0.7299822049779082, 0.4571590657425452, 0.5059042823734854
-0.7733161690539123, 0.37623722633935114, 0.5082058501366362
-0.8090365963873313, 0.2916348479787909, 0.5083995591652233
-0.8368296272607424, 0.20412041614118476, 0.5063699333665987
-0.8558664256719773, 0.11433455117142056, 0.5030296890385566
-0.864621713601273, 0.022983259678814254, 0.5005430569903246
-0.8614959821749926, -0.06874209118529113, 0.5014307723761805
-0.8473831857458387, -0.15941370216981357, 0.5046807199280678
-0.8240227994587839, -0.24818714588884322, 0.507604415218578
-0.7924328289978992, -0.33443726201437063, 0.5086925669720189
-0.7531233751022136, -0.41747214485209366, 0.5074387023309207
-0.7061014015950453, -0.4963585833174294, 0.5043305413814845
-0.6509157235629688, -0.5697430634453065, 0.5010527616656821
-0.586925812804505, -0.6356131463758726, 0.5005237651715245
-0.5151415897066938, -0.6928479510662342, 0.5033682219965786
-0.4376197216237581, -0.7420401040632874, 0.5067352172175111
-0.35567931974682876, -0.7835957876764172, 0.5086770759167109
-0.27026030035159054, -0.8175544936264098, 0.508295862263095
-0.1820154057079212, -0.843195575989114, 0.5056387679706095
-0.09167280469414535, -0.8597710703522592, 0.5020527066131155
0.0, -0.8660254037844353, 0.500000000000006
-1.1289268422236586e-15, -0.8660254037844353, 0.500000000000006
0.09167284902042984, -0.8597713105936808, 0.5020526218145698
0.18201554463556274, -0.8431960715347488, 0.5056386817232316
0.2702602305787333, -0.8175542534466504, 0.5082957386739667
0.35567942474469744, -0.7835960425944134, 0.5086771217089517
0.43762018438749145, -0.7420409712070889, 0.5067350945998736
0.515142286283772, -0.6928490203092199, 0.5033677175978603
0.5869260135277835, -0.635613401473848, 0.5005235347328189
0.6509147705250367, -0.569742152100831, 0.5010528633598265
0.7061002968797317, -0.49635772978676046, 0.5043298110327024
0.7531227891093253, -0.41747179836851456, 0.5074381071398926
0.7924332871791937, -0.3344374746432271, 0.5086926233180191
0.8240244604031552, -0.24818769175727273, 0.5076043208834256
0.8473853492002584, -0.1594142110478414, 0.5046797439517541
0.8614968226126373, -0.06874222305930937, 0.501429930296212
0.8646196330479956, 0.022983269021808615, 0.5005434664444236
0.8558644810431936, 0.1143343656179174, 0.5030286570533211
0.836828948311501, 0.20412027499015756, 0.5063686607444253
0.8090373249006659, 0.29163508215555445, 0.5083994317797244
0.7733180453121671, 0.376238115645004, 0.5082059378676806
0.7299843883474865, 0.4571603574086297, 0.5059030777759798
0.6788858376197764, 0.5333609769456994, 0.50258179966965
0.6194740339093225, 0.6032700915310503, 0.5005244231323074
0.5515399045594489, 0.6649208162925466, 0.5018733298285512
0.47671542495079444, 0.7180109537929467, 0.5051493671131007
0.39681228797773527, 0.763170865623315, 0.5078137813381913
0.31300355422973125, 0.8006742680389789, 0.5085134202734227
0.22613818343511305, 0.8303762347615686, 0.5069666920531029
0.13687171612836097, 0.8516025751271734, 0.5038566470927279
0.045863184594223685, 0.8631091010720857, 0.5009934273012099
-0.045863182125950266, 0.8631090510595952, 0.5009934233009414
-0.1368717264213712, 0.8516026134788841, 0.5038565172750569
-0.22613824143848246, 0.8303764452158982, 0.5069665863599576
-0.3130036699464148, 0.8006745624091038, 0.5085134597383077
-0.3968124117551657, 0.7631710927231156, 0.5078136750072341
-0.476715396249229, 0.718010927735655, 0.5051489007437342
-0.5515394721749968, 0.6649203206514211, 0.5018730750838425
-0.6194733965485864, 0.6032694908918592, 0.5005245669643571
-0.6788862028104997, 0.5333612209946371, 0.5025811318429307
-0.7299854295422057, 0.457160973250466, 0.5059025040020318
-0.7733190836563919, 0.3762386077708905, 0.5082059861660612
-0.809037791445168, 0.2916352321523956, 0.5083993500902668
-0.8368284522880336, 0.20412017195400606, 0.506367722732217
-0.8558628404208746, 0.11433420907986386, 0.5030277837967935
-0.8646176157078123, 0.022983278067433235, 0.5005438628974199
-0.861497758952882, -0.06874236991519937, 0.5014289954376915
-0.8473881054333172, -0.15941485958800947, 0.5046785017601163
-0.8240268871047514, -0.24818848940466276, 0.5076041823772309
-0.7924340586018019, -0.33443783261938026, 0.5086927180796883
-0.7531216489637523, -0.41747112428675487, 0.5074369439266044
-0.7060977810879107, -0.496355786067613, 0.5043281429312507
-0.650912202398479, -0.5697396964483306, 0.5010531367561716
-0.5869266620644197, -0.6356142256543219, 0.5005227920211228
-0.5151450241028389, -0.6928532235417831, 0.5033657365317418
-0.4376224567251041, -0.7420452297993165, 0.5067344913031574
-0.35568009468806855, -0.783597669040963, 0.5086774138362659
-0.27025961448675495, -0.8175521331280066, 0.5082946448227488
-0.18201746004614056, -0.8432029018455363, 0.5056374916061681
-0.09167411717720256, -0.8597781810452289, 0.5020501983760987
0.0, -0.8660254037844353, 0.5000000000000059
-1.1306629320272443e-15, -0.8660254037844353, 0.5000000000000059
0.09167416184595266, -0.8597784229474953, 0.5020501131068534
0.18201759972746678, -0.8432033998113969, 0.5056374047424109
0.27025954476765324, -0.8175518932377018, 0.5082945207453905
0.3556801998649408, -0.7835979243718044, 0.5086774596888918
0.43762292144786075, -0.7420461008612224, 0.506734367670185
0.5151457255765238, -0.692854300657677, 0.5033652293106994
0.5869268648805595, -0.635614483387379, 0.5005225603260021
0.6509112442447376, -0.5697387803051283, 0.5010532385221083
0.7060966768260841, -0.49635493292593286, 0.5043274085930524
0.7531210655856091, -0.41747077940921146, 0.5074363460665681
0.7924345177818735, -0.33443804568906077, 0.5086927744203688
0.8240285542182346, -0.24818903745675663, 0.5076040867523786
0.8473902851899889, -0.15941537266875608, 0.5046775203209408
0.8614986100183858, -0.06874250333747547, 0.5014281487260512
0.8646155223889991, 0.02298328743938973, 0.5005442736967479
0.8558608961802345, 0.11433402358221814, 0.5030267458199129
0.8368277820955753, 0.20412003285830357, 0.5063664439364061
0.8090385234212382, 0.2916354675320856, 0.5083992217451467
0.7733209652193108, 0.37623949949378593, 0.5082060732227505
0.7299876302220958, 0.45716227464034953, 0.5059012926798494
0.6788871126589153, 0.5333618293005221, 0.5025794774207015
0.6194715213611233, 0.6032677238115429, 0.5005249895469892
0.5515379412513678, 0.6649185657281258, 0.5018721708577971
0.47671527572475225, 0.7180108213995597, 0.5051468604602979
0.3968131017304535, 0.7631723589343555, 0.5078130825736202
0.31300453043800547, 0.8006767513736828, 0.5085137529487556
0.2261388705486639, 0.8303787269687499, 0.5069654416832491
0.1368719209034322, 0.8516033412259766, 0.5038540875693548
0.045863038578666394, 0.8631061444881636, 0.500993190200192
-0.045863036097056095, 0.8631060942740518, 0.5009931861625035
-0.13687193144753224, 0.8516033808455175, 0.5038539570608742
-0.2261389290475706, 0.8303789390626184, 0.5069653353989072
-0.3130046463906524, 0.8006770463365094, 0.5085137924239289
-0.3968132263451949, 0.7631725876726767, 0.5078129756290812
-0.4767152491884512, 0.7180107987233897, 0.5051463917001707
-0.5515375083333122, 0.6649180694588536, 0.5018719145179665
-0.619470880187091, 0.6032671196254713, 0.5005251338379819
-0.6788874840149488, 0.5333620776918613, 0.5025788059529985
-0.7299886796723957, 0.457162895118423, 0.505900715698157
-0.7733220065013968, 0.3762399929582785, 0.5082061211460013
-0.8090389921849855, 0.2916356183000584, 0.508399139439679
-0.8368272925488806, 0.2041199313435927, 0.5063655013677506
-0.8558592559088035, 0.11433386709458333, 0.5030258674900672
-0.8646134926557236, 0.022983296513071294, 0.5005446714522671
-0.8614995581868917, -0.0687426519174447, 0.5014272087208902
-0.847393062197319, -0.1594160265670833, 0.5046762711667643
-0.8240309899410843, -0.2481898382980352, 0.5076039463555733
-0.7924352908866017, -0.3344384044075713, 0.5086928691723611
-0.7531199305748687, -0.41747010847938115, 0.5074351776294643
-0.7060941621045238, -0.49635299011960093, 0.5043257313728493
-0.6509086623150623, -0.5697363117058957, 0.501053512109375
-0.5869275201788781, -0.6356153160823859, 0.5005218135614709
-0.5151484826490653, -0.6928585348543823, 0.5033632371451398
-0.43762520341273126, -0.7420503787122305, 0.5067337593741297
-0.35568087094999945, -0.7835995534511213, 0.5086777522013203
-0.2702589291588429, -0.8175497755047031, 0.5082934225661756
-0.1820195255385077, -0.8432102635089427, 0.5056362061103307
-0.09167543980858929, -0.8597853409285046, 0.5020476761994112
0.0, -0.8660254037844353, 0.5000000000000058
-1.1324071720585253e-15, -0.8660254037844353, 0.5000000000000058
0.09167548482302319, -0.8597855845054002, 0.5020475904556556
0.1820196659789596, -0.8432107639108687, 0.5056361186243712
0.2702588594953965, -0.8175495359104193, 0.5082932979971069
0.3556809763060684, -0.7835998091951447, 0.5086777981143993
0.4376256701060127, -0.7420512537168797, 0.5067336347158986
0.5151491890578886, -0.6928596199091771, 0.5033627270784946
0.5869277251095635, -0.6356155764784787, 0.5005215806009521
0.6509076990048789, -0.5697353907264994, 0.5010536139455608
0.7060930583292734, -0.4963521373906511, 0.5043249930172224
0.7531193498487606, -0.4174697652287075, 0.5074345770805876
0.7924357510683215, -0.334438617919262, 0.5086929255068642
0.8240326632576171, -0.2481903885467157, 0.5076038494275092
0.84739525838759, -0.15941654388847462, 0.5046752842189184
0.8615004199923594, -0.06874278690604665, 0.5014263573435935
0.8646113864610204, 0.022983305914112916, 0.5005450836012046
0.8558573121123613, 0.11433368166067939, 0.5030248234789839
0.8368266312171414, 0.20411979433107738, 0.5063642163518126
0.8090397276456966, 0.2916358548908608, 0.5083990101257676
0.7733238933920092, 0.3762408871084498, 0.5082062075193852
0.7299908978029411, 0.45716420630580523, 0.5058994975940293
0.6788884091775952, 0.533362696781732, 0.5025771425018632
0.6194689937660656, 0.6032653420969839, 0.5005255577691325
0.5515359755307305, 0.6649163123242872, 0.5018710046273013
0.47671513816315225, 0.7180107072253225, 0.5051443409449061
0.3968139209887319, 0.7631738630212916, 0.5078123797715962
0.3130055086372195, 0.8006792397092379, 0.5085140857092258
0.22613956353232384, 0.8303812385910853, 0.5069641843096381
0.13687213064483, 0.8516041323862438, 0.5038515144115021
0.04586289177329723, 0.8631031759733196, 0.5009929508828196
-0.04586288927824736, 0.8631031255563706, 0.5009929468074154
-0.136872141443046, 0.8516041732872932, 0.5038513832070142
-0.22613962253098036, 0.8303814523371846, 0.5069640774289825
-0.31300562482640837, 0.8006795352662051, 0.5085141251942715
-0.3968140464467127, 0.7631740934105145, 0.5078122722080384
-0.47671511381534415, 0.7180106879687472, 0.5051438697759516
-0.5515355420842303, 0.6649158154332773, 0.5018707466808588
-0.6194683487460765, 0.6032647343340369, 0.5005257025206329
-0.6788887867655632, 0.5333629495605715, 0.5025764673660291
-0.729991955575796, 0.45716483145527465, 0.5058989173772388
-0.7733249376247198, 0.3762413819171089, 0.5082062550625314
-0.8090401986427384, 0.2916360064352179, 0.5083989271983971
-0.8368261482240522, 0.20411969435841884, 0.5063632691923479
-0.8558556722394955, 0.11433352523017865, 0.5030239400397509
-0.8646093442273903, 0.02298331501597177, 0.5005454826634754
-0.8615013801139665, -0.06874293723022844, 0.5014254121539866
-0.8473980563366792, -0.15941720319334846, 0.50467402804374
-0.824035108051389, -0.24819119260080014, 0.507603707120275
-0.7924365258600018, -0.3344389773821236, 0.5086930202477282
-0.7531182200459712, -0.41746909749163885, 0.5074334033807899
-0.7060905447539203, -0.49635019555159887, 0.5043233066141717
-0.6509051031623124, -0.5697329090793214, 0.5010538877195643
-0.58692838723967, -0.6356164177784123, 0.5005208297545828
-0.5151519655355101, -0.6928638853297637, 0.503360723721818
-0.4376279617547029, -0.742055550947871, 0.506733021371597
-0.35568164853403217, -0.7836014409093307, 0.5086780910123687
-0.27025824438665197, -0.8175474208213964, 0.5082921954589945
-0.1820216022656008, -0.843217661213864, 0.5056349113967634
-0.09167677268370533, -0.859792550410674, 0.5020451399700673
0.0, -0.8660254037844353, 0.5000000000000058
-1.1341596198454883e-15, -0.8660254037844354, 0.5000000000000059
0.09167681804707413, -0.859792795676121, 0.5020450537479502
0.1820217434706673, -0.8432181640678238, 0.5056348232827135
0.27025817478078834, -0.8175471815297753, 0.5082920703946993
0.35568175406948854, -0.7836016970668651, 0.5086781369859685
0.4376284304300975, -0.7420564299201017, 0.5067328956780688
0.5151526769183596, -0.6928649783901091, 0.503360210786034
0.5869285943068469, -0.6356166808658374, 0.5005205955196
0.6509041346546328, -0.5697319832258791, 0.5010539896244253
0.706089441498852, -0.4963493432594678, 0.5043225642128468
0.7531176420096101, -0.41746875588888277, 0.5074328001230312
0.7924369870462504, -0.3344391913370108, 0.5086930765751865
0.8240367876051589, -0.2481917450590912, 0.5076036088753308
0.8474002690931348, -0.1594177247937088, 0.5046730355409044
0.8615022527728262, -0.06874307380346223, 0.5014245560767197
0.8646072250452264, 0.02298332444622421, 0.5005458961663892
0.8558537289442243, 0.1143333398680536, 0.5030228899515228
0.8368254958580947, 0.20411955945729754, 0.5063619779093064
0.8090409376101696, 0.29163624424539303, 0.50839879690642
0.7733268298661936, 0.3762422785046503, 0.5082063407435551
0.7299941912986622, 0.45716615251450077, 0.5058976924332556
0.6788897274080071, 0.5333635795464702, 0.5025747948185815
0.6194664509951578, 0.6032629462689199, 0.500526127804885
0.5515340074211676, 0.6649140561103912, 0.5018698310847356
0.47671501239111536, 0.7180106114775398, 0.5051418084696144
0.3968147457915704, 0.7631753779655976, 0.5078116728963062
0.3130064888322413, 0.8006817330577735, 0.508514418551305
0.2261402624360232, 0.8303837697789547, 0.5069629198715764
0.1368723454124292, 0.8516049488784, 0.5038489275164475
0.04586274417203649, 0.8631001954555413, 0.5009927093315584
-0.045862741663444034, 0.8631001448345295, 0.5009927052181399
-0.13687235646782656, 0.8516049910747889, 0.5038487956107014
-0.226140321938684, 0.8303839851900903, 0.5069628123894317
-0.31300660525855084, 0.8006820292103224, 0.5085144580458012
-0.3968148720987681, 0.763175610018213, 0.5078115647082309
-0.47671499025527164, 0.7180105956794651, 0.5051413348735787
-0.5515335734515026, 0.664913558604205, 0.5018695715200896
-0.6194658020961912, 0.6032623348987766, 0.5005262730184552
-0.6788901112953145, 0.5333638367584101, 0.5025741159871974
-0.7299952574616784, 0.45716678237083275, 0.5058971089537054
-0.7733278770623704, 0.3762427746630689, 0.5082063879015624
-0.809041410854667, 0.2916363965714333, 0.5083987133511865
-0.8368250194962779, 0.20411946104755668, 0.5063610261243097
-0.8558520895183837, 0.11433318350153049, 0.5030220013665065
-0.8646051702027944, 0.02298333357638099, 0.500546296539627
-0.8615032249738487, -0.06874322589225881, 0.5014236056644945
-0.8474030881530499, -0.15941838955402876, 0.5046717722856091
-0.8240392415198877, -0.24819255234504922, 0.5076034646376196
-0.7924377635297293, -0.3344395515462206, 0.5086931713034512
-0.7531165174887146, -0.41746809138583063, 0.5074316211212513
-0.7060869291468379, -0.49634740244295805, 0.5043208685622607
-0.650901524788259, -0.5697294884285034, 0.5010542635808967
-0.5869292633396879, -0.635617530862204, 0.5005198405621222
-0.5151554729540693, -0.6928692752969032, 0.5033581961455509
-0.4376307318195941, -0.742060746653262, 0.506732277236047
-0.35568242744155626, -0.7836033314179794, 0.508678430269907
-0.27025756018923164, -0.8175450691437331, 0.5082909634664626
-0.18202369030872798, -0.8432250951967659, 0.5056336073781365
-0.09167811589901968, -0.8597998099044065, 0.5020425895738483
0.0, -0.8660254037844354, 0.5000000000000058
-1.1359203334588065e-15, -0.8660254037844354, 0.5000000000000058
0.09167816161461403, -0.8598000568724659, 0.5020425028694754
0.18202383228394758, -0.8432256005188614, 0.5056335186300385
0.2702574906429007, -0.8175448301614938, 0.5082908379033868
0.3556825331565899, -0.783603587989347, 0.5086784763040958
0.4376312024887771, -0.7420616296181135, 0.5067321504970669
0.5151561893501939, -0.692870376430113, 0.5033576803168316
0.5869294725655605, -0.6356177966696105, 0.500519605043526
0.6509005510415993, -0.5697285576627747, 0.5010543655528271
0.7060858264460815, -0.4963465506120872, 0.504320122086707
0.753115942180236, -0.41746775145226067, 0.5074310151343564
0.7924382257233946, -0.334439765945496, 0.5086932276229863
0.8240409273453333, -0.24819310702607886, 0.5076033650619691
0.847405317609528, -0.15941891547208845, 0.5046707741809475
0.8615041086008691, -0.06874336406867353, 0.5014227448526107
0.8646030379203669, 0.022983343035970782, 0.5005467114008693
0.8558501467821917, 0.1143329982193751, 0.5030209451578016
0.8368243762023049, 0.20411932828638302, 0.5063597285266943
0.8090421533510747, 0.2916366356093132, 0.5083985820717626
0.7733297746780146, 0.3762436736981336, 0.5082064728810648
0.7299975109198689, 0.4571681133768983, 0.5058958771113057
0.6788910675850621, 0.5333644777536275, 0.5025724342753563
0.6194638929179861, 0.6032605362076076, 0.5005266996603845
0.5515320369468573, 0.6649117971165001, 0.5018686501773099
0.4767148985350729, 0.7180105343658479, 0.5051392629361009
0.3968155761782912, 0.7631769038494735, 0.5078109619115313
0.31300747102794485, 0.8006842314314357, 0.5085147514714196
0.22614096731018438, 0.8303863206840889, 0.5069616483076842
0.1368725652668611, 0.8516057909758944, 0.5038463267804181
0.04586259576874444, 0.8630972028622452, 0.5009924655287167
-0.045862593246505684, 0.8630971520359356, 0.5009924613769828
-0.1368725765825436, 0.8516058344816085, 0.5038461941681089
-0.22614102732114488, 0.8303865377731808, 0.5069615402188178
-0.31300758769195325, 0.8006845281810095, 0.5085147909749403
-0.39681570334073246, 0.763177137578084, 0.5078108530933774
-0.476714878634911, 0.7180105220656181, 0.50513878689454
-0.5515316024594289, 0.664911299001856, 0.5018683889827659
-0.6194632401066564, 0.6032599211996168, 0.5005268453375834
-0.6788914578399036, 0.5333647394447767, 0.5025717517207284
-0.7299985855412916, 0.45716874797586976, 0.5058952903410241
-0.7733308248505771, 0.3762441712119375, 0.5082065196488408
-0.809042628857302, 0.2916367887223817, 0.5083984978826377
-0.8368239065502692, 0.20411923146068275, 0.5063587720810784
-0.8558485078526297, 0.11433284192380486, 0.5030200513902771
-0.864600970359486, 0.022983352194547134, 0.5005471130892761
-0.8615050930091157, -0.06874351794275793, 0.5014217891792236
-0.8474081579509344, -0.15941958573727066, 0.5046695037857593
-0.824043390431423, -0.24819391756312975, 0.5076032188734996
-0.7924390039035314, -0.33444012690305897, 0.5086933223371635
-0.753114823016009, -0.41746709022491185, 0.5074298307908904
-0.7060833153957389, -0.4963446108741944, 0.5043184171233
-0.6508979270393411, -0.5697260496119002, 0.5010546396874122
-0.5869301485729282, -0.63561865545505, 0.5005188459453975
-0.5151590050984168, -0.6928747050880593, 0.5033556542988245
-0.43763351367649383, -0.7420659659766212, 0.5067315269072781
-0.35568320767394507, -0.7836052249794052, 0.5086787699744344
-0.2702568765858749, -0.8175427205381205, 0.5082897265534692
-0.18202578974993402, -0.8432325656960724, 0.5056322939661059
-0.09167946955209534, -0.8598071198265005, 0.5020400248952828
0.0, -0.8660254037844354, 0.5000000000000056
-1.1376893715182581e-15, -0.8660254037844355, 0.5000000000000056
0.09167951562324135, -0.8598073685113737, 0.5020399377047184
0.18202593250089708, -0.8432330735025378, 0.5056322045779332
0.2702568071010546, -0.8175424818720597, 0.5082896004880214
0.3556833135687402, -0.7836054819649216, 0.508678816069281
0.4376339863512285, -0.7420668529593367, 0.5067313991125738
0.5151597265474309, -0.6928758143621178, 0.503355135553109
0.5869303599799701, -0.6356189240114396, 0.5005186091339536
0.6508969480117842, -0.5697251138952513, 0.5010547417247745
0.7060822132839557, -0.49634375952938375, 0.5043176665447224
0.7531142504739785, -0.4174667519820169, 0.5074292220543906
0.7924394671075099, -0.33444034174791626, 0.5086933786478857
0.8240450825632367, -0.2481944744801316, 0.5076031179531558
0.8474104042425362, -0.15942011601217312, 0.5046685000319122
0.8615059877204242, -0.06874365774115204, 0.5014209235977386
0.8645988248627432, 0.02298336168360009, 0.5005475293131835
0.8558465657343735, 0.11433265672996311, 0.5030189890173713
0.8368232724356374, 0.20411910086836033, 0.5063574681209191
0.8090433749051218, 0.2916370289963697, 0.5083983656062779
0.773332727863844, 0.3762450727047361, 0.5082066039175526
0.7300008568791627, 0.4571700890044271, 0.5058940515409862
0.6788924299464274, 0.5333653915638652, 0.502570060775729
0.6194613194026947, 0.6032581117919981, 0.5005272733417571
0.5515300641325338, 0.6649095353733916, 0.5018674618517669
0.4767147967227812, 0.718010476102245, 0.5051367042450202
0.3968164121885419, 0.7631784407558524, 0.5078102467806411
0.3130084552292073, 0.8006867348423872, 0.5085150844659532
0.2261416782057252, 0.8303888914595827, 0.5069603695558887
0.13687279026952348, 0.851606658955238, 0.5038437120985751
0.04586244655722201, 0.8630941981202731, 0.5009922194564436
-0.045862444021230936, 0.8630941470874205, 0.5009922152660903
-0.13687280184863407, 0.85160670378442, 0.5038435787743439
-0.2261417387293239, 0.8303891102396679, 0.5069602608550079
-0.31300857213149486, 0.8006870321904307, 0.5085151239780666
-0.39681654021230384, 0.7631786761731731, 0.507810137326784
-0.47671477908226856, 0.7180104673396467, 0.5051362257392973
-0.5515296291328671, 0.6649090366571678, 0.5018671990155272
-0.6194606626452472, 0.6032574931151737, 0.5005274194841405
-0.678892826637798, 0.5333656577808465, 0.5025693744698851
-0.7300019400278824, 0.4571707283821292, 0.5058934614516852
-0.7733337810257904, 0.3762455715795845, 0.5082066502899447
-0.8090438526874683, 0.2916371829018579, 0.5083982807771643
-0.8368228095727459, 0.20411900564808297, 0.5063565069792253
-0.8558449273511506, 0.11433250051245253, 0.5030180900302785
-0.8645967444725515, 0.02298337087071851, 0.5005479323209452
-0.8615069844652177, -0.06874381342147468, 0.5014199626242699
-0.8474132660377145, -0.15942079183215974, 0.5046672224363834
-0.8240475548714628, -0.2481952882876505, 0.5076029697934109
-0.7924402469891777, -0.3344407034558422, 0.5086934733464691
-0.7531131367420403, -0.41746609407248936, 0.507428032329112
-0.7060797036148387, -0.4963418209270024, 0.5043159522026033
-0.6508943097603933, -0.5697225924865104, 0.5010550160330317
-0.5869310430345198, -0.635619791679738, 0.5005178458653587
-0.5151625621640282, -0.6928801750388057, 0.5033530980628197
-0.4376363073950131, -0.7420712090673719, 0.506730770324389
-0.3556839892325474, -0.7836071215958949, 0.5086791101264517
-0.2702561935961321, -0.8175403750717326, 0.508288484684532
-0.18202790067201297, -0.8432400729521807, 0.5056309710713023
-0.09168083374159815, -0.859814480597932, 0.5020374458176327
0.0, -0.8660254037844354, 0.5000000000000056
-1.1394667931992273e-15, -0.8660254037844354, 0.5000000000000054
0.09168088017165921, -0.8598147310139644, 0.5020373581368958
0.1820280442043594, -0.8432405832593851, 0.5056308810369592
0.2702561241748236, -0.8175401367287255, 0.5082883581130828
0.3556840953072868, -0.7836073789958685, 0.5086791562820256
0.4376367820871498, -0.7420721000934002, 0.5067306414635694
0.5151632887059114, -0.6928812925223796, 0.5033525763757791
0.5869312566454721, -0.6356200630144726, 0.5005176077517467
0.6508933254095811, -0.5697216517799103, 0.5010551181341558
0.7060786021272292, -0.4963409700934162, 0.5043151974919402
0.7531125670054578, -0.417465757541985, 0.5074274208223207
0.7924407112063744, -0.33444091874747867, 0.5086935296474773
0.824049253344595, -0.24819584745396217, 0.5076028675142235
0.8474155293008224, -0.1594213265034628, 0.5046662129854586
0.8615078903783191, -0.06874395486089725, 0.5014190922378579
0.8645945856461756, 0.022983380389360313, 0.5005483499118392
0.8558429859106509, 0.11433231541542856, 0.5030170214490497
0.836822184745979, 0.20411887725387293, 0.5063551966080444
0.8090446023093153, 0.29163742442043133, 0.5083981474942705
0.7733356894602756, 0.3762464755403877, 0.5082067338384879
0.7300042293911577, 0.4571720795094949, 0.5058922156341195
0.678893814732562, 0.5333663211396379, 0.5025676742222702
0.619458730315967, 0.6032556728997185, 0.500527848855116
0.5515280890034981, 0.6649072709125723, 0.5018662660543782
0.4767147070833393, 0.718010436901118, 0.5051341322959881
0.3968172538622994, 0.7631799887684085, 0.5078095274665871
0.31300944144091275, 0.8006892433028057, 0.5085154175312433
0.22614239517406745, 0.8303914822599101, 0.5069590835534129
0.13687302048259342, 0.8516075530960419, 0.5038410833650024
0.0458622965312085, 0.8630911811558843, 0.5009919710967271
-0.045862293981356675, 0.8630911299152344, 0.5009919668674475
-0.1368730323283124, 0.8516075992629935, 0.5038409493234343
-0.22614245621468348, 0.8303917027441436, 0.506958974235165
-0.3130095585820584, 0.8006895412507664, 0.5085154570515125
-0.3968173827535073, 0.7631802258872693, 0.5078094173713384
-0.4767146917266922, 0.7180104317163888, 0.5051336513072715
-0.5515276534972425, 0.6649067716018106, 0.5018660015645404
-0.6194580695782708, 0.6032550505227365, 0.500527995464237
-0.6788942179302677, 0.5333665919295968, 0.5025669841369558
-0.7300053211367179, 0.45717272370233736, 0.5058916221971909
-0.7733367456246832, 0.3762469757819741, 0.508206779810283
-0.8090450823822852, 0.2916375791237802, 0.5083980620190004
-0.8368217287524573, 0.20411878366066655, 0.5063542307344401
-0.8558413481246467, 0.11433215928322119, 0.5030161172049921
-0.8645924923145798, 0.022983389605144306, 0.5005487542431256
-0.8615088995905184, -0.06874411236868605, 0.5014181259250067
-0.8474184127236848, -0.15942200792872602, 0.5046649281284648
-0.8240517349261098, -0.2481966645514757, 0.5076027173624472
-0.7924414927944619, -0.3344412812077801, 0.5086936243289412
-0.7531114587822805, -0.41746510299283707, 0.5074262256746763
-0.706076093920129, -0.49633903268427465, 0.5043134737046061
-0.6508906727946197, -0.5697191169078577, 0.5010553926115553
-0.5869319468207325, -0.6356209396605792, 0.5005168402825921
-0.5151661443481935, -0.6928856854880769, 0.5033505273173927
-0.4376391130452858, -0.7420764760761547, 0.5067300074257719
-0.35568477211869337, -0.7836090212696823, 0.5086794507264645
-0.27025551123980657, -0.8175380328125216, 0.5082872378237914
-0.18203002315851524, -0.8432476172074842, 0.5056296386033173
-0.09168220856731028, -0.8598218926439049, 0.5020348522228708
0.0, -0.8660254037844355, 0.5000000000000054
-1.141252658239307e-15, -0.8660254037844354, 0.5000000000000054
0.0916822553596883, -0.8598221448055782, 0.5020347640479393
0.18203016747792689, -0.8432481300319099, 0.5056295479166317
0.27025544188405176, -0.8175377947995761, 0.5082871107426858
0.3556848783735867, -0.7836092790844962, 0.5086794969428604
0.43763958976682016, -0.7420773711712616, 0.5067298774883504
0.5151668760233978, -0.6928868112506756, 0.5033500026644256
0.5869321626587786, -0.6356212138035932, 0.5005166008573289
0.6508896830780365, -0.5697181711721354, 0.5010554947746195
0.7060749930926875, -0.4963381823876214, 0.5043127148324598
0.7531108918909865, -0.41746476819690603, 0.5074256113768074
0.7924419580277394, -0.3344414969473796, 0.5086936806193212
0.8240534397758738, -0.24819722598058436, 0.5076026137101283
0.8474206930963841, -0.1594225470365099, 0.5046639129320255
0.8615098168244447, -0.06874425546846415, 0.5014172506979411
0.8645903200423065, 0.022983399153503448, 0.5005491732051883
0.8558394074233109, 0.11433197429175199, 0.5030150423709119
0.8368211133230254, 0.2041186574941315, 0.5063529139032437
0.8090458356008808, 0.2916378218954615, 0.5083979277198382
0.77333865950414, 0.3762478822211164, 0.5082068626291736
0.730007628672164, 0.45717408500530204, 0.5058903693016298
0.6788952221870066, 0.5333672666454181, 0.5025652745166367
0.6194561255231201, 0.6032532194071818, 0.5005284262064922
0.5515261115857566, 0.6649050037664708, 0.5018650627309118
0.4767146297469612, 0.7180104169789416, 0.5051315469873944
0.39681810124003747, 0.7631815479718929, 0.50780880393186
0.3130104296678168, 0.8006917568245572, 0.5085157506634632
0.22614311826715958, 0.8303940932410151, 0.5069577902367931
0.13687325596905167, 0.8516084736811618, 0.5038384404727005
0.045862145684387075, 0.8630881518948627, 0.5009917204313659
-0.04586214312056843, 0.8630881004451538, 0.5009917161628495
-0.1368732680846045, 0.8516085212003562, 0.5038383057083263
-0.22614317982922152, 0.8303943154426836, 0.50695768029577
-0.313010547048543, 0.8006920553742374, 0.5085157901915753
-0.3968182310046587, 0.7631817868048274, 0.5078086931894659
-0.476714616698776, 0.7180104154129303, 0.5051310634967716
-0.5515256755783181, 0.6649045038678885, 0.501864796575494
-0.6194554607702675, 0.603252593297954, 0.5005285732841752
-0.6788956319609335, 0.533367542055455, 0.5025645806232698
-0.7300087290851823, 0.45717473405026277, 0.5058897724879863
-0.7733397186827573, 0.376248383834528, 0.508206908194802
-0.8090463179791056, 0.29163797740216946, 0.5083978415921728
-0.8368206642802388, 0.2041185655499821, 0.5063519432614522
-0.855837770284298, 0.11433181825199468, 0.503014132832163
-0.8645882136549101, 0.022983408398067916, 0.500549578864533
-0.8615108386358553, -0.06874441482514035, 0.5014162790062863
-0.8474235983201001, -0.15942323411748732, 0.5046626207517507
-0.8240559306820164, -0.24819804638770734, 0.5076024615452559
-0.7924427413273968, -0.3344418601621881, 0.5086937752821871
-0.753109789253393, -0.4174641170508344, 0.5074244107657593
-0.7060724864302051, -0.49633624623075945, 0.5043109815333068
-0.6508870159832132, -0.5697156227296857, 0.5010557694168003
-0.5869328600285519, -0.6356220995229392, 0.5005158291575083
-0.5151697518493816, -0.6928912367772556, 0.5033479419409513
-0.43764193069850876, -0.7420817671559009, 0.5067292381488474
-0.35568555633351895, -0.7836109240025324, 0.5086797917747806
-0.27025482953723656, -0.8175356938302116, 0.5082859859352405
-0.1820321572935482, -0.843255198705709, 0.5056282964705647
-0.09168359413008277, -0.8598293563935422, 0.5020322439916901
0.0, -0.8660254037844355, 0.5000000000000053
-1.143047026944987e-15, -0.8660254037844356, 0.5000000000000053
0.09168364128821965, -0.8598296103154975, 0.5020321553184951
0.18203230240577856, -0.8432557140640221, 0.5056282051253012
0.27025476024907713, -0.8175354561543093, 0.5082858583407582
0.35568566276931857, -0.7836111822339176, 0.508679838052598
0.4376424094614894, -0.7420826663459497, 0.506729107124704
0.5151704887000846, -0.6928923708910864, 0.5033474142972758
0.5869330781185157, -0.6356223765061446, 0.5005155884104223
0.6508860208595144, -0.5697146719266913, 0.5010558716392951
0.7060713862995537, -0.49633539649709857, 0.5043102184693227
0.753109225248942, -0.417463784012648, 0.5074237936560831
0.7924432075793133, -0.33444207635079726, 0.5086938315609427
0.8240576419442756, -0.24819861009330937, 0.5076023565054413
0.8474258959443941, -0.15942377770288263, 0.5046615997608128
0.8615117673116901, -0.06874455960495544, 0.5014153989022148
0.8645860278202026, 0.02298341797628219, 0.5005499992015607
0.8558358303862676, 0.11433163337519286, 0.5030130517002868
0.8368200583586666, 0.20411844164101162, 0.5063506199207908
0.8090470748174009, 0.29163822143556656, 0.508397706266914
0.773341638032482, 0.3762492927630407, 0.5082069902747351
0.7300110549409086, 0.45717610560625377, 0.5058885124533241
0.6788966525558657, 0.5333682282472755, 0.502562861559405
0.6194535048878174, 0.6032507511892745, 0.5005290054019937
0.5515241319057114, 0.6649027339680113, 0.5018638518266916
0.476714564845605, 0.7180104165551626, 0.5051289482168332
0.39681895436228964, 0.7631831184512734, 0.5078080761385849
0.31301141991490933, 0.8006942754200962, 0.5085160838589485
0.22614384753742636, 0.8303967245601103, 0.5069564895417931
0.1368734967926444, 0.8516094209964301, 0.5038357833135418
0.045861994010364074, 0.8630851102621799, 0.5009914674420474
-0.045861991432470425, 0.8630850586021299, 0.5009914631339841
-0.13687350918129276, 0.8516094698824689, 0.5038356478208322
-0.22614390962539604, 0.8303969484925785, 0.5069563789725096
-0.31301153753582994, 0.800694574573025, 0.5085161233944835
-0.39681908500650925, 0.763183359011252, 0.507807964743251
-0.47671455413075825, 0.7180104186492284, 0.505128462205171
-0.5515236954030222, 0.6649022334890028, 0.5018635839935911
-0.6194528360849545, 0.6032501213158198, 0.5005291529497451
-0.6788970689774944, 0.5333685083255985, 0.5025621638290871
-0.7300121640925462, 0.4571767595405435, 0.5058879122336353
-0.7733427002392836, 0.3762497957543708, 0.5082070354290112
-0.8090475595157564, 0.29163837775121193, 0.5083976194805894
-0.8368196163489284, 0.20411835136817855, 0.5063496444742563
-0.8558341939466445, 0.11433147743538433, 0.5030121368287604
-0.8645839082622364, 0.022983427249750048, 0.500550406193156
-0.8615128018563416, -0.06874472083232908, 0.5014144217916552
-0.8474288231466027, -0.1594244704912252, 0.5046603001947637
-0.824060142226719, -0.24819943382980275, 0.507602202306178
-0.7924439925954573, -0.3344424403221359, 0.5086939262036057
-0.7531081282736731, -0.4174631363122198, 0.5074225875396782
-0.7060688812632341, -0.4963334616506212, 0.5043084755905167
-0.6508833391667238, -0.5697121098050469, 0.5010561464420559
-0.5869337827574042, -0.6356232713951703, 0.5005148124495937
-0.5151733848698208, -0.6928968292539204, 0.503345341810851
-0.43764476042484934, -0.742087082457692, 0.5067284624310414
-0.35568634187863524, -0.7836128297973814, 0.508680133272294
-0.27025414850820034, -0.8175333581924027, 0.5082847289817884
-0.18203430316258992, -0.8432628176946534, 0.5056269445807539
-0.09168499053211546, -0.8598368722813643, 0.5020296210033948
0.0, -0.8660254037844356, 0.5000000000000054
-1.1448499601984463e-15, -0.8660254037844356, 0.5000000000000054
0.0916850380594925, -0.8598371279783895, 0.5020295318278221
0.1820344490734411, -0.8432633356036591, 0.5056268525706049
0.27025407928970335, -0.8175331208606067, 0.50828460087017
0.35568644849491254, -0.7836130884441173, 0.5086801796110557
0.43764524124127585, -0.7420879857685576, 0.5067283303088942
0.5151741269356389, -0.6928979717875037, 0.5033448111512311
0.5869340031212011, -0.635623551247062, 0.5005145703718367
0.6508823385900244, -0.5697111538925785, 0.5010562487230935
0.7060677818655036, -0.49633261250577065, 0.5043077083055497
0.7531075671943271, -0.4174628050529293, 0.5074219675962922
0.7924444598693128, -0.3344426569611198, 0.5086939824698647
0.8240618599367234, -0.24819999982538463, 0.5076020958640786
0.8474311381598896, -0.15942501859436953, 0.5046592733598094
0.8615137420950797, -0.0687448673118905, 0.5014135367745249
0.8645817087443964, 0.02298343685793904, 0.5005508279099485
0.8558322549122075, 0.11433129268194593, 0.5030110493537594
0.8368190200479261, 0.20411822974728291, 0.5063483145740569
0.8090483199970566, 0.2916386230550831, 0.5083974831193441
0.7733446250825323, 0.3762507071823589, 0.5082071167601083
0.7300145084191703, 0.45717814142832014, 0.5058866449976962
0.6788981060875395, 0.5333692061126504, 0.5025604352499726
0.6194508682719664, 0.6032482681192483, 0.5005295864478554
0.5515221499901406, 0.664900461550585, 0.501862633286597
0.47671451251294455, 0.7180104358521648, 0.5051263358810558
0.39681981326974924, 0.763184700291931, 0.5078073440484946
0.31301241218729237, 0.8006967991021551, 0.5085164171140832
0.22614458303780421, 0.8303993763757913, 0.5069551814034285
0.13687374301792565, 0.8516103953308656, 0.5038331117782728
0.04586184150268216, 0.8630820561822004, 0.5009912121102957
-0.045861838910602526, 0.8630820043105276, 0.5009912077623695
-0.13687375568297577, 0.8516104455985498, 0.5038329755516444
-0.2261446456561964, 0.8303996020525883, 0.5069550702003516
-0.3130125300488109, 0.8006970988593423, 0.5085164566564263
-0.39681994480011085, 0.7631849425926444, 0.5078072319943115
-0.4767145041561534, 0.7180104416475539, 0.505125847328705
-0.5515217129986112, 0.6648999604991834, 0.5018623637635485
-0.6194501953841748, 0.603247634449586, 0.5005297344669736
-0.6788985292299081, 0.5333694909085787, 0.5025597336536929
-0.7300156263802706, 0.457178800288907, 0.505886041342593
-0.7733456903315387, 0.3762512115577155, 0.5082071614977812
-0.8090488070302542, 0.2916387801851931, 0.508397395667928
-0.8368185851535171, 0.20411814116807692, 0.5063473342858109
-0.8558306192275492, 0.11433113685000798, 0.5030101291110101
-0.8645795759012178, 0.02298344616044269, 0.5005512362374629
-0.8615147895091356, -0.06874503043214836, 0.5014125542043455
-0.8474340875215456, -0.15942571714267476, 0.5046579663447475
-0.824064369648211, -0.2482008269114108, 0.5076019396090494
-0.7924452466066128, -0.334443021690912, 0.508694077090715
-0.753106475962487, -0.41746216084326165, 0.5074207559332465
-0.7060652785412204, -0.49633067903086137, 0.5043059557782621
-0.6508796421830931, -0.5697085779847219, 0.501056523680844
-0.5869347151067588, -0.635624455405924, 0.5005137901184604
-0.5151770436118577, -0.692902463266572, 0.5033427268027814
-0.43764760229648786, -0.7420924221367728, 0.5067276802083567
-0.35568712875516006, -0.7836147386559443, 0.5086804752193468
-0.270253468173542, -0.8175310259703281, 0.5082834669266262
-0.18203646085131617, -0.843270474422176, 0.5056255828401546
-0.091686397876571, -0.8598444407452108, 0.5020269831360128
0.0, -0.8660254037844356, 0.5000000000000053
-1.1466615194644363e-15, -0.8660254037844356, 0.5000000000000053
0.0916864457767081, -0.8598446982322312, 0.5020268934539042
0.18203660756663065, -0.8432709948987722, 0.5056254901587288
0.2702533990268309, -0.8175307889898916, 0.5082833382940978
0.3556872355520727, -0.7836149977182787, 0.5086805216191095
0.43764808517862375, -0.7420933295948472, 0.5067275469772968
0.5151777909342066, -0.6929036142912627, 0.5033421931017672
0.5869349377681855, -0.6356247381572865, 0.5005135467003857
0.6508786361091592, -0.5697076169220564, 0.5010566260186405
0.7060641799139955, -0.4963298305016056, 0.5043051842422306
0.7531059178490147, -0.4174618313854883, 0.5074201331345772
0.7924457149053915, -0.3344432387815043, 0.5086941333435452
0.8240660938419371, -0.2482013952107397, 0.507601831749832
0.8474364200648998, -0.15942626980470803, 0.5046569336156822
0.8615157414338299, -0.06874517863152785, 0.5014116642374864
0.864577362579442, 0.02298345579873125, 0.5005516593383574
0.8558286811200276, 0.1143309522290391, 0.5030090352471275
0.8368179985864295, 0.2041180218659956, 0.5063459977754718
0.8090495711778841, 0.2916390267683099, 0.5083972582606352
0.7733476206918207, 0.3762521254953886, 0.5082072420700741
0.7300179893291748, 0.45718019258753617, 0.5058847668426907
0.6788995830344942, 0.533370200411768, 0.5025579954870263
0.6194482155364012, 0.6032457700694718, 0.5005301693500124
0.5515201658669183, 0.6648981865490345, 0.5018614070549188
0.4767144728832429, 0.7180104750937055, 0.5051237098751289
0.39682067800396803, 0.7631862935810334, 0.5078066076227621
0.3130134064896979, 0.8006993278825517, 0.5085167504248675
0.22614532482180627, 0.8304020488482883, 0.5069538657560426
0.13687399471031292, 0.8516113969769938, 0.503830425756528
0.04586168815483577, 0.8630789895789166, 0.50099095441741
-0.045861685548458056, 0.863078937494326, 0.5009909500293029
-0.13687400765511137, 0.85161144864128, 0.5038302887903375
-0.22614538797517714, 0.8304022762830519, 0.5069537539135709
-0.31301352459239573, 0.800699628245451, 0.5085167899735596
-0.3968208104268044, 0.7631865376357788, 0.5078064949037758
-0.47671446690976016, 0.7180104846325062, 0.5051232187624508
-0.5515197283927264, 0.6648976849329613, 0.5018611358295898
-0.6194475385280016, 0.6032451325708752, 0.5005303178420333
-0.678900012970766, 0.5333704899745964, 0.5025572899953639
-0.7300191161719685, 0.4571808564121304, 0.5058841597222408
-0.773348688996436, 0.3762526312605999, 0.5082072863856806
-0.8090500605609028, 0.291639184718517, 0.5083971701376693
-0.8368175708911323, 0.20411793500315364, 0.5063450126081288
-0.8558270462446232, 0.11433079651277879, 0.5030081095943681
-0.8645752163338651, 0.022983465130394794, 0.5005520690058864
-0.8615168018545026, -0.06874534366706583, 0.5014106761668149
-0.8474393917666322, -0.15942697416564208, 0.5046556190876694
-0.8240686130351597, -0.24820222566646666, 0.5076016734172927
-0.7924465033687886, -0.3344436042717885, 0.5086942279409795
-0.753104832440594, -0.41746119071094673, 0.5074189158825688
-0.7060616783876846, -0.49632789845944886, 0.5043034219974332
-0.6508759248687376, -0.5697050271180979, 0.5010569011264803
-0.5869356571775552, -0.6356256516857647, 0.5005127621232252
-0.5151807282801718, -0.6929081391678701, 0.5033400967911054
-0.43765045638575373, -0.7420977863488813, 0.5067268914162312
-0.35568791696432034, -0.7836166505802084, 0.508680817616442
-0.2702527885541332, -0.8175286972351952, 0.5082821997323475
-0.18203863044637153, -0.8432781691388325, 0.505624211154049
-0.09168781626785891, -0.8598520622276933, 0.5020243302661934
0.0, -0.8660254037844356, 0.5000000000000053
-1.1484817667972667e-15, -0.8660254037844356, 0.5000000000000053
0.0916878645443156, -0.8598523215197917, 0.5020242400733423
0.18203877797205276, -0.8432786922000822, 0.5056241177948849
0.2702527194813463, -0.8175284606134009, 0.5082820705750797
0.35568802394203525, -0.7836169100584124, 0.5086808640772755
0.4376509413459067, -0.7420986979806734, 0.5067267570652443
0.5151814809009325, -0.6929092987558517, 0.503339560022972
0.5869358821607585, -0.6356259373678343, 0.5005125173550681
0.6508749132529255, -0.5697040608641311, 0.5010570035191948
0.7060605805689866, -0.496327050572845, 0.5043026461798894
0.7531042773342491, -0.41746086307756225, 0.5074182902067953
0.7924469726954363, -0.3344438218152026, 0.5086942841794239
0.824070343748877, -0.24820279628342612, 0.5076015641259585
0.8474417419830471, -0.15942753142828106, 0.5046545804138307
0.8615177655898284, -0.06874549360662777, 0.5014097812131274
0.8645729890862455, 0.022983474798913526, 0.5005524934951098
0.8558251091288841, 0.11433061203362024, 0.5030070092954231
0.8368169941725305, 0.20411781805100201, 0.5063436694365337
0.8090508283984064, 0.29163943258973696, 0.5083970316741624
0.7733506248980808, 0.3762535477185346, 0.5082073661892239
0.7300214978959433, 0.45718225920135136, 0.5058828778949997
0.6789010836517193, 0.5333712113163953, 0.5025555421680878
0.6194455465401969, 0.6032432569106871, 0.5005307541144995
0.5515181795643271, 0.6648959089987165, 0.5018601730754907
0.47671444609253577, 0.7180105345065817, 0.5051210700932649
0.39682154860661134, 0.7631878984060818, 0.5078058668221661
0.3130144028270306, 0.8007018617735417, 0.5085170837874073
0.22614607294345174, 0.8304047421391939, 0.5069525425331918
0.13687425193603636, 0.8516124262305215, 0.5038277251367771
0.045861533960244685, 0.8630759103755963, 0.5009906943445487
-0.045861531339458916, 0.8630758580767818, 0.5009906899159398
-0.136874265163975, 0.8516124793065344, 0.5038275874253229
-0.22614613663640562, 0.8304049713456843, 0.5069524300456598
-0.3130145211714915, 0.8007021627436086, 0.5085171233419828
-0.39682168192831024, 0.7631881442282753, 0.5078057534323542
-0.4767144425278823, 0.7180105478313592, 0.5051205764004124
-0.5515177416137892, 0.6648954068258697, 0.5018599001354381
-0.6194448653751108, 0.6032426155500656, 0.5005309030809549
-0.678901520455925, 0.5333715056959718, 0.5025548327513217
-0.7300226336933517, 0.45718292802799493, 0.5058822672789288
-0.7733516962717929, 0.37625405487946223, 0.508207410077236
-0.8090513201463468, 0.2916395913657233, 0.5083969428731134
-0.8368165737610442, 0.20411773292754207, 0.5063426793523069
-0.8558234751179081, 0.11433045644099184, 0.5030060781935085
-0.8645708293197671, 0.02298348415986103, 0.5005529045067293
-0.8615188391559719, -0.06874566058014604, 0.501408787600687
-0.847444736207211, -0.15942824165507596, 0.5046532583082002
-0.8240728724769206, -0.2482036301291838, 0.5076014036939084
-0.7924477628898865, -0.3344441880680219, 0.508694378751819
-0.7531031978301442, -0.4174602259829769, 0.5074170673230458
-0.7060580809279174, -0.496325120025519, 0.5043008741479037
-0.6508721870583967, -0.5697014570530331, 0.5010572787721262
-0.5869366090720192, -0.6356268603669595, 0.5005117284225913
-0.5151844390814391, -0.6929138573141422, 0.5033374516487767
-0.4376533227654765, -0.7421031752509373, 0.5067260959893669
-0.35568870650733125, -0.7836185655721365, 0.5086811604640987
-0.27025210967110946, -0.8175263720589826, 0.5082809273611255
-0.18204081203520703, -0.8432859020973023, 0.5056228294266084
-0.091689245811583, -0.8598597371759142, 0.5020216622692041
0.0, -0.8660254037844356, 0.5000000000000051
-1.1503107648478917e-15, -0.8660254037844356, 0.5000000000000051
0.09168929446795963, -0.8598599982883256, 0.5020215715613593
0.18204096037721165, -0.8432864277604117, 0.5056227353831687
0.2702520406744092, -0.8175261358031972, 0.5082807976752506
0.35568881366601296, -0.7836188254664732, 0.5086812069860744
0.43765380981604723, -0.7421040910831735, 0.5067259605073102
0.5151851970428835, -0.6929150255383288, 0.5033369117875092
0.5869368364014375, -0.6356271490113659, 0.5005114822944957
0.650871169855587, -0.5697004855662319, 0.5010573812178798
0.7060569839563575, -0.4963242728090206, 0.5043000940181123
0.7531026457726481, -0.4174599001970914, 0.5074164387481115
0.7924482332473568, -0.3344444060654768, 0.5086944349749071
0.8240746097471693, -0.248204203077772, 0.507601292955284
0.8474471042410465, -0.15942880356048544, 0.5046522136383479
0.8615198148280984, -0.06874581228052966, 0.5014078876227025
0.8645685880230238, 0.022983493858740545, 0.5005533303884862
0.8558215390598769, 0.11433027211316191, 0.5030049714128922
0.8368160070067526, 0.20411761835682254, 0.5063413294677891
0.8090520916974582, 0.29163984053398306, 0.5083968033431078
0.7733536377392798, 0.37625497386829915, 0.5082074891019671
0.7300250343466488, 0.4571843413882544, 0.5058809780602471
0.6789026081972285, 0.5333722390002317, 0.5025530751896301
0.6194428611408456, 0.603240728512202, 0.5005313407473331
0.5515161911112779, 0.6648936289358, 0.5018589312916429
0.47671443227829635, 0.7180106143201661, 0.5051184164285518
0.39682242511969434, 0.7631895148553656, 0.5078051216070333
0.3130154012042004, 0.800704400787395, 0.50851741719776
0.22614682745730036, 0.8304074564115693, 0.506951211667669
0.13687451476217427, 0.8516134833904967, 0.5038250098063212
0.045861378912264716, 0.8630728184948904, 0.5009904318726983
-0.045861376276957286, 0.8630727659805355, 0.5009904274032639
-0.13687452827668573, 0.8516135378935323, 0.5038248713438416
-0.22614689169448532, 0.8304076874036725, 0.5069510985293461
-0.3130155197910069, 0.8007047023660867, 0.5085174567577484
-0.3968225593466949, 0.7631897624585459, 0.5078050075403034
-0.4767144311482604, 0.7180106314739712, 0.505117920135466
-0.5515157526908487, 0.6648931262142602, 0.5018586566243121
-0.6194421757825868, 0.603240083256099, 0.5005314901897491
-0.6789030519442759, 0.5333725382469681, 0.5025523618177339
-0.7300261791722903, 0.4571850152553282, 0.5058803639179328
-0.7733547121956597, 0.37625548243084206, 0.508207532556791
-0.8090525858255436, 0.29164000014148345, 0.5083967138573662
-0.8368155939647023, 0.20411753499605056, 0.5063403344284847
-0.8558199059694025, 0.11433011665227158, 0.5030040348223159
-0.864566414615806, 0.02298350324909769, 0.5005537427482496
-0.8615209016802329, -0.06874598121503189, 0.5014068884268053
-0.847450121171741, -0.15942951970694436, 0.5046508838896963
-0.8240771480635181, -0.24820504033405458, 0.5076011304014637
-0.7924490251778288, -0.33444477308287984, 0.5086945295206203
-0.7531015722546726, -0.41745926672776135, 0.5074152101893782
-0.706054486289156, -0.49632234381951024, 0.5042983121286009
-0.6508684285850506, -0.5696978676357926, 0.5010576566108075
-0.5869375708936164, -0.6356280815834376, 0.5005106889748735
-0.5151881762242723, -0.6929196180653191, 0.5033347912473134
-0.4376562015090415, -0.7421085890011535, 0.5067252938616983
-0.35568949738538724, -0.7836204836336326, 0.5086815037628402
-0.27025143154587544, -0.8175240505145024, 0.5082796497747287
-0.18204300570607687, -0.8432936735523842, 0.5056214375608771
-0.09169068661455732, -0.8598674660415119, 0.5020189790189175
0.0, -0.8660254037844357, 0.5000000000000051
-1.152148576871097e-15, -0.8660254037844357, 0.5000000000000051
0.09169073565449652, -0.8598677289896273, 0.5020188877917776
0.18204315487041822, -0.8432942018347039, 0.505621342826547
0.2702513626274552, -0.8175238146321782, 0.508279519556335
0.3556896047251942, -0.7836207439443582, 0.5086815503460307
0.43765669066252355, -0.7421095090607832, 0.5067251572372975
0.515188939569068, -0.6929207949993637, 0.5033342482666006
0.5869378005939851, -0.6356283732222072, 0.5005104414768903
0.6508674057496411, -0.56969689087419, 0.5010577591076865
0.706053390203943, -0.49632149730097236, 0.5042975276555358
0.7531010232882185, -0.41745894281272844, 0.5074145786929866
0.7924494965690834, -0.3344449915355982, 0.5086945857273697
0.8240788919271116, -0.24820561562838495, 0.5076010182001955
0.8474525071687394, -0.15943008629774416, 0.504649833172005
0.8615218894168426, -0.06874613469716004, 0.5014059833866829
0.864564159145269, 0.022983512978466947, 0.5005541700267215
0.8558179710360788, 0.11432993248546533, 0.503002921512989
0.8368150372918137, 0.20411742283865367, 0.5063389777788209
0.8090533611141923, 0.2916402506157951, 0.5083965732504571
0.7733566592536216, 0.3762564039612816, 0.5082076107925282
0.7300285989106403, 0.45718643926778263, 0.5058790672429723
0.6789041569321004, 0.5333732836389338, 0.5025505944470618
0.6194401591942341, 0.6032381847418715, 0.5005319292545087
0.5515142005373215, 0.664891346397281, 0.5018576816461963
0.4767144315794506, 0.7180107147664396, 0.5051157487729366
0.3968233075855835, 0.763191143017973, 0.5078043719372314
0.3130164016261215, 0.8007069449363955, 0.5085177506519347
0.2261475884184566, 0.8304101918299602, 0.5069498730914924
0.13687478325666225, 0.8516145687593517, 0.5038222796512775
0.045861223004184576, 0.8630697138588277, 0.500990166982673
-0.04586122035423956, 0.8630696611276057, 0.5009901624720866
-0.13687479706122285, 0.8516146247048799, 0.5038221404319506
-0.2261476532045658, 0.8304104246216897, 0.5069497592965821
-0.31301652045585615, 0.8007072471251713, 0.5085177902168597
-0.39682344272437864, 0.7631913924158013, 0.5078042571874207
-0.4767144329100934, 0.7180107357928127, 0.5051152498593446
-0.5515137616535982, 0.6648908431353131, 0.5018574052389195
-0.6194394696059048, 0.6032375355564584, 0.5005320791744061
-0.6789046076977889, 0.5333735878038106, 0.5025498770896997
-0.7300297528388392, 0.45718711821400826, 0.5058784495434401
-0.7733577368063245, 0.37625691393137317, 0.5082076538085033
-0.8090538576377699, 0.2916404110605941, 0.5083964830733356
-0.8368146317057625, 0.20411734126416478, 0.5063379777458329
-0.8558163389230935, 0.11432977716457174, 0.5030019793938783
-0.8645619719761212, 0.02298352239836139, 0.5005545837386597
-0.861522989697176, -0.06874630561596434, 0.5014049785652253
-0.847455546991828, -0.15943080841825064, 0.5046484957141796
-0.8240814398856504, -0.24820645631585517, 0.5076008535020831
-0.792450290240559, -0.3344453593196405, 0.5086946802447375
-0.7530999558391135, -0.41745831301442826, 0.507413344415557
-0.7060508946006082, -0.4963195699331843, 0.5042957358374949
-0.6508646492798937, -0.5696942587110305, 0.5010580346354141
-0.5869385427470729, -0.6356293154708118, 0.5005096437379913
-0.5151919399192417, -0.692925421784979, 0.503332115456773
-0.4376590926903903, -0.7421140277590518, 0.5067244849663816
-0.35569028959965304, -0.7836224047665441, 0.5086818475131936
-0.27025075420011924, -0.8175217326754101, 0.5082783669345085
-0.1820452115480543, -0.84330148376102, 0.505620035458753
-0.09169213878482338, -0.8598752492807177, 0.5020162803877867
0.0, -0.8660254037844357, 0.500000000000005
-1.1539952667327926e-15, -0.8660254037844357, 0.500000000000005
0.09169218821201047, -0.859875514080083, 0.5020161886370028
0.18204536154080042, -0.8433020146800465, 0.5056199400268406
0.27025068536220054, -0.817521497174086, 0.5082782361796423
0.35569039712074346, -0.7836226654939062, 0.5086818941576706
0.4376595839593739, -0.7421149520732458, 0.5067243471882287
0.5151927086904593, -0.6929266075032798, 0.5033315693300048
0.5869387748434286, -0.635629610136376, 0.5005093948600772
0.6508636207657963, -0.5696932766322174, 0.501058137181466
0.7060497994415614, -0.49631872414086653, 0.5042949469898357
0.7530994100063754, -0.41745799099384456, 0.507412709975169
0.7924507626685683, -0.3344455782288471, 0.5086947364341544
0.8240831903796799, -0.248207033970154, 0.5076007398226375
0.8474579510991296, -0.1594313797375197, 0.5046474388962296
0.8615239896274877, -0.06874646090104145, 0.5014040684247456
0.8645597022057111, 0.02298353215835011, 0.5005550124180045
0.8558144051825675, 0.11432959316866939, 0.5030008595083646
0.8368140852326524, 0.2041172315523791, 0.5063366142782353
0.8090546366880786, 0.2916406628500533, 0.5083963413789969
0.7733596894795464, 0.37625783801418233, 0.5082077312449433
0.7300321918194659, 0.45718855296053673, 0.5058771453466157
0.678905730120519, 0.5333743454101433, 0.5025480998347136
0.6194374405546204, 0.603235625466081, 0.5005325196420002
0.5515122078726578, 0.6648890614210001, 0.501856424081457
0.4767144441363924, 0.7180108360800264, 0.5051130670172113
0.39682419604699803, 0.7631927829838001, 0.5078036177721629
0.31301740409770984, 0.800709494232842, 0.5085180841458916
0.22614835588257265, 0.8304129485604144, 0.5069485267358957
0.13687505748830464, 0.8516156826429466, 0.5038195345565637
0.04586106622922401, 0.8630665963888093, 0.5009898996551114
-0.04586106356452756, 0.8630665434393823, 0.5009898951030435
-0.13687507158643836, 0.8516157400466119, 0.5038193945745055
-0.22614842122235002, 0.8304131831659103, 0.5069484122785339
-0.31301752317095777, 0.8007097970331618, 0.5085181237152703
-0.39682433210413764, 0.7631930341900599, 0.507803502333037
-0.47671444795405404, 0.7180108610230018, 0.5051125654626227
-0.5515117685323853, 0.6648885576270548, 0.5018561459214526
-0.6194367466989069, 0.6032349723171495, 0.5005326700408945
-0.678906187981552, 0.5333746545447139, 0.502547378461237
-0.730033354925262, 0.4571892370249766, 0.5058765240585341
-0.7733607701423141, 0.3762583493977884, 0.5082077738163429
-0.8090551356226215, 0.29164082413798453, 0.5083962505037308
-0.8368136871901133, 0.20411715178805903, 0.5063356092125394
-0.8558127741049865, 0.11432943799618459, 0.502999911820476
-0.8645575011520711, 0.022983541607905982, 0.5005554274861244
-0.8615251034799387, -0.06874663382778526, 0.5014030579352025
-0.84746101400226, -0.1594321078870456, 0.5046460936623186
-0.8240857480346988, -0.24820787810964534, 0.507600572957444
-0.7924515580860435, -0.33444594678159084, 0.5086948309214921
-0.7530983487098211, -0.4174573649128293, 0.5074114699348544
-0.7060473059934891, -0.4963167984596395, 0.5042931451715861
-0.6508608489723146, -0.5696906301217689, 0.5010584128386957
-0.5869395247383873, -0.6356305621664091, 0.5005085926694657
-0.5151957303788978, -0.6929312688403894, 0.5033294241457335
-0.43766199638402836, -0.7421194916854748, 0.5067236692357827
-0.35569108315127124, -0.7836243289726599, 0.5086821917156895
-0.27025007765580983, -0.8175194186162161, 0.5082770788013964
-0.18204742965103474, -0.843309332982314, 0.5056186230209753
-0.09169360243166945, -0.8598830873544072, 0.5020135662468268
0.0, -0.8660254037844357, 0.5000000000000049
-1.155850898917411e-15, -0.8660254037844357, 0.5000000000000049
0.09169365224983009, -0.8598833540207285, 0.5020134739680009
0.18204758047831093, -0.8433098665556914, 0.5056185268847078
0.27025000890064466, -0.8175191835035177, 0.5082769475060601
0.35569119085379997, -0.7836245901168971, 0.5086822384215256
0.43766248978120154, -0.742120420281629, 0.506723530292335
0.5151965046200151, -0.6929324634180999, 0.5033288748459965
0.5869397592560746, -0.6356308598916064, 0.5005083424014807
0.6508598147329484, -0.5696896426828879, 0.5010585154319298
0.7060462118010441, -0.49631595342221557, 0.5042923519177143
0.7530978060539565, -0.4174570448105388, 0.5074108325276853
0.792452031553786, -0.3344461661485131, 0.5086948870925699
0.8240875051965351, -0.24820845813825387, 0.5076004577841032
0.8474634363684188, -0.1594326839783262, 0.5046450306910888
0.8615261157347273, -0.06874679093730238, 0.5014021426557633
0.8645552169542807, 0.022983551398647772, 0.500555857570474
0.8558108416264573, 0.11432925418125414, 0.5029987853108575
0.8368131510364555, 0.20411704455457727, 0.5063342388736475
0.8090559184589102, 0.29164107725176924, 0.5083961077113126
0.7733627284557353, 0.37625927604379966, 0.50820785044306
0.730035813306899, 0.45719068258818724, 0.5058752122735037
0.6789073280298163, 0.5333754244935082, 0.5025455912458243
0.6194347050746132, 0.6032330505497219, 0.5005331119157589
0.5515102131481514, 0.6648867740456545, 0.501855158539211
0.4767144700910052, 0.718010978498223, 0.5051103710509955
0.39682509054701853, 0.763194434843557, 0.5078028590707584
0.3130184086238864, 0.8007120486890464, 0.5085184176755403
0.2261491299058614, 0.8304157267704957, 0.5069471725313162
0.13687533752679143, 0.8516168253506112, 0.5038167744058805
0.04586090858053684, 0.8630634660056011, 0.5009896298704762
-0.04586090590097135, 0.863063412836621, 0.5009896252765936
-0.1368753519220646, 0.8516168842282363, 0.5038166336551448
-0.2261491958040951, 0.830415963204028, 0.5069470574055708
-0.3130185279412312, 0.8007123521023729, 0.5085184572488844
-0.39682522752910493, 0.7631946878721589, 0.5078027429360106
-0.4767144764223018, 0.7180110074023403, 0.5051098668347
-0.5515097733582188, 0.6648862697283761, 0.5018548786135816
-0.6194340069137771, 0.6032323934026835, 0.5005332627951594
-0.67890779306381, 0.533375738649913, 0.5025448658252671
-0.7300369856660516, 0.45719137181025493, 0.5058745873651792
-0.7733638122423934, 0.3762597888469257, 0.5082078925640883
-0.8090564198200167, 0.29164123938872216, 0.5083960161310581
-0.8368127606259005, 0.2041169666246127, 0.5063332287357959
-0.8558092116431377, 0.11432909916575243, 0.5029978320135726
-0.864553001892196, 0.022983560877993695, 0.5005562739987578
-0.8615272433049502, -0.06874696589594079, 0.5014011264551832
-0.8474665225410432, -0.15943341821243445, 0.5046436776134112
-0.8240900726027343, -0.24820930575076589, 0.5076002887287714
-0.7924528287222704, -0.3344465354720243, 0.5086949815481727
-0.7530967509945848, -0.41745642249354686, 0.5074095866798136
-0.7060437206010464, -0.49631402949333536, 0.504290540026894
-0.6508570274898753, -0.5696869817093704, 0.5010587912132605
-0.5869405169748576, -0.6356318218092869, 0.5005075357264125
-0.5151995478177993, -0.6929371596025474, 0.5033267171812719
-0.43766491266503604, -0.7421249809425975, 0.5067228466014675
-0.35569187804136154, -0.7836262562537059, 0.508682536370862
-0.27024940193520813, -0.8175171084122937, 0.5082757853358959
-0.1820496601057513, -0.8433172214775573, 0.5056172001471051
-0.09169507766564099, -0.8598909807281598, 0.5020108364655954
0.0, -0.8660254037844359, 0.5000000000000048
-1.157715538535414e-15, -0.8660254037844359, 0.5000000000000048
0.09169512787854495, -0.8598912492773018, 0.5020107436542812
0.18204981177373725, -0.843317757723079, 0.5056171032996306
0.2702493332650744, -0.817516873695936, 0.5082756534960498
0.3556919859254774, -0.7836265178150507, 0.5086825831381309
0.4376654082031808, -0.7421259138483367, 0.5067227064810462
0.5152003275727001, -0.692938363115588, 0.5033261646813454
0.586940753939529, -0.6356321226273727, 0.500507284058121
0.6508559874781564, -0.5696859888671141, 0.5010588938516469
0.7060426274162667, -0.49631318523989715, 0.5042897423348888
0.7530962115592413, -0.4174561043336466, 0.5074089462828292
0.7924533032327317, -0.33444675529789586, 0.5086950376998929
0.8240918364700289, -0.2482098881681476, 0.5076001720456307
0.8474689633160413, -0.15943399911974382, 0.5046426084352695
0.8615282680165676, -0.0687471248516868, 0.5014002059977947
0.8645507031380699, 0.02298357069961747, 0.5005567054922184
0.8558072804969304, 0.11432891554204744, 0.5029966988314843
0.8368122349126836, 0.20411686190253123, 0.5063318514716685
0.8090572064668051, 0.2916414938360886, 0.5083958722297859
0.7733657762211108, 0.3762607180670331, 0.5082079683705331
0.7300394636089632, 0.4571928282734885, 0.5058732679248327
0.6789089509305151, 0.5333765210707112, 0.5025430685725256
0.6194319526051486, 0.6032304598561745, 0.5005337060817119
0.5515082163953384, 0.6648844843108168, 0.5018538849607179
0.4767145095866747, 0.7180111422610371, 0.5051076607627215
0.3968259911290845, 0.7631960986887799, 0.5078020957914711
0.3130194152095744, 0.8007146083173348, 0.5085187512367408
0.22614991054509725, 0.8304185266293014, 0.5069458104073836
0.1368756234427056, 0.8516179971951907, 0.5038139990816957
0.045860750051204865, 0.863060322629329, 0.500989357609051
-0.04586074735665391, 0.8630602692394362, 0.5009893529730183
-0.13687563813873221, 0.8516180575627776, 0.5038138575562736
-0.22614997700662542, 0.8304187649052706, 0.5069456946072541
-0.3130195347716018, 0.8007149123451311, 0.5085187908135562
-0.3968261290427777, 0.7631963535537591, 0.507801978954721
-0.4767145184585065, 0.7180111751713423, 0.5051071538637855
-0.5515077761627872, 0.6648839794790424, 0.5018536032564493
-0.6194312501010248, 0.6032297986760509, 0.5005338574431215
-0.6789094232160147, 0.5333768403016782, 0.5025423390736001
-0.7300406452979631, 0.4571935226929458, 0.5058726393642043
-0.7733668631455732, 0.37626123229571706, 0.5082080100353255
-0.809057710270203, 0.29164165682800164, 0.5083957799376182
-0.8368118522235586, 0.20411678583140697, 0.5063308362217829
-0.8558056516676877, 0.1143287606922615, 0.5029957398838056
-0.8645484739421795, 0.02298358020887871, 0.5005571232846218
-0.8615294094519748, -0.06874730186650585, 0.501399184042794
-0.8474720729494352, -0.15943473949460316, 0.5046412474453636
-0.8240944136825208, -0.24821073927485493, 0.5076000007768294
-0.7924541021572484, -0.33444712539424865, 0.5086951321220334
-0.7530951628226445, -0.41745548582790987, 0.5074076945822388
-0.7060401385585936, -0.49631126313010876, 0.5042879202984445
-0.6508531846582795, -0.5696833133135248, 0.5010591697515716
-0.5869415195650941, -0.6356330945402647, 0.5005064728655386
-0.5152033924525222, -0.6929430944462324, 0.5033239944289449
-0.43766784160906413, -0.7421304956939454, 0.5067220169941905
-0.3556926742710134, -0.7836281866113505, 0.5086828814792497
-0.27024872706085945, -0.8175148021398919, 0.50827448649808
-0.18205190300377536, -0.8433251495102506, 0.5056157667355107
-0.09169656459856122, -0.8598989298723114, 0.5020080909121727
0.0, -0.8660254037844359, 0.5000000000000048
-1.1595892513309057e-15, -0.8660254037844359, 0.5000000000000048
0.09169661521002323, -0.8598992003203026, 0.5020079975638705
0.182052049314261, -0.8433256619125883, 0.5056156664436396
0.2702486584780683, -0.8175145678276785, 0.5082743541096392
0.35569278233686435, -0.7836284485900253, 0.5086829283080251
0.43766833930106186, -0.7421314329371231, 0.506721875684978
0.5152041777655082, -0.6929443069712949, 0.5033234387012949
0.586941759002716, -0.6356333984849161, 0.500506219786607
0.6508521388266193, -0.5696823150241258, 0.5010592724330418
0.7060390464231788, -0.49631041969017164, 0.5042871181360795
0.7530946266519685, -0.41745516963474527, 0.5074070511721516
0.7924545777134243, -0.33444734568030343, 0.5086951882533632
0.8240961842932115, -0.24821132409558772, 0.5075998825677963
0.8474745322847022, -0.15943532526243098, 0.5046401720060589
0.8615304467543737, -0.0687474626905615, 0.5013982583680728
0.8645461605012947, 0.02298359006151993, 0.5005575561912713
0.8558037219252708, 0.1143285772702336, 0.5029945999804302
0.8368113370731003, 0.20411668365423924, 0.5063294519778906
0.8090585007522105, 0.29164191261829336, 0.508395634916591
0.7733688328148387, 0.3762621641008842, 0.5082080850108224
0.7300431429639564, 0.45719499014028897, 0.505871312200653
0.6789105990963713, 0.5333776353254943, 0.5025405317058278
0.6194291829954671, 0.6032278532472866, 0.5005343021457608
0.551506217646442, 0.664882192256949, 0.5018526032867057
0.4767145627683091, 0.7180113276112174, 0.5051049360396177
0.39682689783700287, 0.7631977746118366, 0.5078013278922688
0.31302042385970125, 0.8007171731300453, 0.5085190848253022
0.22615069785762598, 0.8304213483074782, 0.5069444402929103
0.13687591530753973, 0.8516191984930894, 0.503811208465228
0.045860590634242505, 0.8630571661794713, 0.5009890828509392
-0.045860587924587214, 0.8630571125672954, 0.5009890781724173
-0.13687593030798012, 0.851619260366823, 0.503811066159046
-0.22615076488733488, 0.8304215884404171, 0.5069443238123258
-0.31302054366699605, 0.8007174777737773, 0.5085191244050881
-0.3968270366890173, 0.7631980313273579, 0.5078012103470616
-0.47671457420786123, 0.7180113645732733, 0.5051044264368808
-0.5515057769784654, 0.6648816869197149, 0.5018523197906658
-0.619428476109454, 0.6032271879987079, 0.5005344539906753
-0.6789110787128613, 0.5333779596843514, 0.5025397980969197
-0.730044334060032, 0.4571956897972536, 0.5058706799552872
-0.7733699228911057, 0.37626267976120226, 0.5082081262134442
-0.8090590070137549, 0.2916420764711608, 0.5083955419055042
-0.8368109621958328, 0.20411660946674806, 0.5063284315756584
-0.8558020943108914, 0.11432842259506185, 0.5029936353409766
-0.8645439170448082, 0.022983599600825133, 0.5005579753517233
-0.8615316022041613, -0.06874764178617679, 0.5013972306148302
-0.847477665571986, -0.15943607183481584, 0.5046388030346721
-0.8240987713675263, -0.24821217871783818, 0.5075997090619178
-0.79245537839901, -0.33444771655157535, 0.5086952826402951
-0.7530935843247155, -0.41745455498798845, 0.5074057935731849
-0.7060365600035436, -0.4963084994671928, 0.5042852858802571
-0.6508493203013552, -0.5696796247722226, 0.5010595484459461
-0.5869425326190368, -0.6356343805019493, 0.5005054040431374
-0.5152072645016952, -0.6929490737500416, 0.5033212557527643
-0.43767078329234443, -0.7421360361044049, 0.5067211803438844
-0.35569347184129274, -0.7836301200471981, 0.5086832270413953
-0.2702480530556084, -0.8175124998761432, 0.5082731822475827
-0.1820539816112606, -0.8433323611502829, 0.5056142449853221
-0.09169806334355245, -0.8599069352620143, 0.5020053294531357
0.0, -0.8660254037844359, 0.5000000000000046
-1.1614721036893626e-15, -0.8660254037844359, 0.5000000000000047
0.09169811435742817, -0.8599072076250474, 0.5020052355632968
0.18205402107190632, -0.8433324159623132, 0.505614096666775
0.27024798456249927, -0.8175122659759702, 0.5082730493064183
0.3556935800890283, -0.7836303824434339, 0.5086832739317573
0.4376712831511844, -0.7421369777131235, 0.5067210378339264
0.5152080554174947, -0.6929502953646217, 0.503320696769541
0.5869427745559112, -0.6356346876072918, 0.5005051495431256
0.6508482686016731, -0.569678620991471, 0.5010596511683811
0.706035468959861, -0.49630765687072265, 0.5042844792149965
0.7530930514633742, -0.41745424078617943, 0.5074051471264562
0.7924558550039223, -0.3344479372990642, 0.5086953387501979
0.8241005487598565, -0.24821276595662997, 0.507599589310713
0.8474801436204309, -0.15943666250814484, 0.5046377212793252
0.8615326522329363, -0.06874780450093326, 0.5013962996829904
0.8645415887852779, 0.022983609484614816, 0.5005584096756027
0.8558001660449158, 0.11432823938535819, 0.5029924886670383
0.8368104577318137, 0.20411650986842553, 0.506327040296878
0.8090598013559173, 0.291642333613805, 0.5083953957536961
0.77337189827634, 0.37626361416245824, 0.5082082003471925
0.7300468516124843, 0.4571971683135444, 0.5058693449998528
0.678912272804423, 0.5333787674436876, 0.5025379805356023
0.6194263960930939, 0.6032252305833546, 0.5005349001137774
0.5515042169343854, 0.6648798979254218, 0.5018513134573638
0.47671462978235724, 0.7180115347942926, 0.505102196767692
0.39682781071494877, 0.7631994627059371, 0.5078005553306284
0.3130214345791986, 0.8007197431395344, 0.5085194184369822
0.2261514919013723, 0.8304241919772427, 0.5069430621158764
0.1368762131937084, 0.8516204295643139, 0.5038084024364261
0.04586043032259331, 0.8630539965748457, 0.5009888055760627
-0.04586042759771109, 0.8630539427390054, 0.5009888008547101
-0.13687622850228298, 0.8516204929606542, 0.5038082593433739
-0.2261515595041687, 0.8304244339817213, 0.50694294494871
-0.3130215546323656, 0.800720048400716, 0.5085194580192507
-0.3968279505120407, 0.7631997212862645, 0.5078004370704219
-0.4767146438170783, 0.7180115758541434, 0.5051016844397551
-0.5515037758382968, 0.6648793920919217, 0.5018510281563042
-0.6194256847861059, 0.6032245612305094, 0.500535052443714
-0.6789127598322998, 0.5333790969843388, 0.5025372427847807
-0.7300480521935652, 0.45719787324846595, 0.5058687090369364
-0.7733729915184462, 0.37626413126049835, 0.5082082410816231
-0.8090603100915275, 0.29164249833365136, 0.5083953020165792
-0.8368100907577454, 0.20411643758965012, 0.5063260147015283
-0.8557985397070778, 0.11432808489385322, 0.5029915182940446
-0.8645393309398518, 0.022983619054089507, 0.5005588302080408
-0.8615338218480197, -0.06874798570228788, 0.5013952660872625
-0.8474833007565148, -0.1594374153354311, 0.5046363442563984
-0.8241031457518722, -0.24821362411592351, 0.507599413543849
-0.7924566574555553, -0.33444830894730676, 0.5086954331001257
-0.7530920156329443, -0.4174536300465895, 0.5074038835829339
-0.706032985075383, -0.49630573860320704, 0.5042826366653343
-0.6508454342409814, -0.5696759159216932, 0.5010599272885684
-0.5869435562479453, -0.6356356798387245, 0.5005043292150958
-0.5152111641859899, -0.6929550978964182, 0.5033185010151771
-0.4376737377916846, -0.7421416023402172, 0.5067203365796422
-0.3556942707532338, -0.7836320565627787, 0.5086835730578414
-0.27024737994258735, -0.8175102016990486, 0.508271872543585
-0.1820531739475639, -0.8433272240850653, 0.5056114393759331
-0.09169957401504925, -0.8599149973773237, 0.502002551953537
0.0, -0.866025403784436, 0.5000000000000046
-1.163364162645471e-15, -0.866025403784436, 0.5000000000000046
0.09169962543524238, -0.8599152716717616, 0.5020024575175615
0.18205311234593471, -0.8433268466056447, 0.5056112456091013
0.27024731154154913, -0.8175099682189553, 0.5082717390455448
0.3556943791830839, -0.7836323193770022, 0.5086836200099383
0.4376742398305442, -0.7421425483429783, 0.5067201928568807
0.5152119607498601, -0.6929563286789502, 0.5033179387482084
0.5869438007108232, -0.635635990139463, 0.5005040732834101
0.6508443766248232, -0.569674906605039, 0.5010600300497501
0.7060318951665938, -0.4963048968806984, 0.504281825464326
0.7530914861262338, -0.4174533178610759, 0.5074032340757929
0.7924571351123367, -0.33444853015752574, 0.5086954891875847
0.8241049299644667, -0.24821421378762948, 0.507599292234023
0.8474857976726125, -0.1594380109597477, 0.5046352561294967
0.861534884740502, -0.06874815033044951, 0.5013943298580924
0.8645369877283839, 0.022983628969166496, 0.5005592659531248
0.8557966129914649, 0.11432790190733765, 0.5029903647997989
0.8368095971052807, 0.20411634060454997, 0.506324616332146
0.8090611083190415, 0.291642756838184, 0.5083951547228541
0.7733749726452742, 0.3762650682689641, 0.5082083143627065
0.730050589797471, 0.45719936291932717, 0.5058673662201422
0.6789139723350242, 0.5333799176132331, 0.5025354149505706
0.6194235917438051, 0.6032225917230989, 0.500535499991609
0.5515022142927967, 0.6648776013585276, 0.5018500154123382
0.4767147107768216, 0.7180117640586035, 0.5050994428317137
0.3968287298074681, 0.7632011630651453, 0.5077997780635279
0.3130224473729962, 0.8007223183581639, 0.508519752067486
0.22615229273484028, 0.8304270578123887, 0.5069416758034236
0.13687651717455862, 0.8516216907325284, 0.5038055808739595
0.04586026910912627, 0.8630508137336252, 0.5009885257641576
-0.045860266368897326, 0.8630507596727277, 0.5009885209996291
-0.13687653279502188, 0.8516217556680197, 0.5038054369878305
-0.22615236091571544, 0.8304273017032242, 0.5069415579434595
-0.3130225676726163, 0.8007226242382495, 0.5085197916517191
-0.3968288705564722, 0.7632014235247118, 0.5077996590817186
-0.47671472743448784, 0.7180118092628747, 0.5050989277569575
-0.5515017727761157, 0.6648770950382202, 0.5018497282928851
-0.6194228759763691, 0.6032219182298288, 0.5005356528080399
-0.6789144668557043, 0.5333802523902356, 0.5025346730255528
-0.7300517999423021, 0.45720007317305233, 0.5058667265064823
-0.7733760690674136, 0.3762655868108828, 0.5082083546228734
-0.8090616195448539, 0.2916429224311169, 0.5083950602525407
-0.8368092381268624, 0.20411627025990994, 0.506323585502479
-0.8557949879929635, 0.11432774760873649, 0.5029893886511013
-0.8645347153643231, 0.022983638568938477, 0.5005596878614158
-0.8615360686737201, -0.06874833366284085, 0.5013932903751646
-0.847488978854363, -0.1594387700999541, 0.5046338709841606
-0.8241075369305448, -0.2482150755056642, 0.507599114181996
-0.7924579393350524, -0.33444890258481924, 0.5086955834987084
-0.7530904568811337, -0.4174527110773639, 0.5074019645410327
-0.7060294139159071, -0.49630298063830885, 0.5042799725456439
-0.6508415262972367, -0.5696721865965411, 0.501060306271419
-0.5869445905645394, -0.6356369926969168, 0.5005032483368392
-0.5152150917282319, -0.6929611672717972, 0.5033157300770422
-0.43767670518451673, -0.7421471945690772, 0.5067194856297265
-0.35569507100785736, -0.7836339961595947, 0.5086839195291476
-0.270246707745257, -0.8175079076875971, 0.5082705573448417
-0.1820522654291756, -0.8433216578205399, 0.5056085743200116
-0.09170109672880332, -0.8599231167031386, 0.5019997582769022
0.0, -0.866025403784436, 0.5000000000000046
-1.1652654958910852e-15, -0.866025403784436, 0.5000000000000046
0.09170114855926066, -0.8599233929455019, 0.5019996632901339
0.18205220384375126, -0.8433212805717654, 0.50560837953146
0.2702466394386718, -0.8175076746356074, 0.5082704232856801
0.35569517961985714, -0.7836342593917601, 0.5086839665429743
0.43767720941646915, -0.7421481449942382, 0.5067193406818689
0.5152158939856171, -0.6929624073011662, 0.5033151644978328
0.5869448375801991, -0.6356373062278435, 0.5005029909629142
0.6508404627152586, -0.5696711716986362, 0.5010604090692314
0.7060283251854974, -0.4963021398204612, 0.5042791567757258
0.7530899307745682, -0.4174524009331822, 0.5074013119493752
0.7924584180465863, -0.3344491242589545, 0.5086956395626071
0.8241093280020912, -0.2482156676251896, 0.5075989912968437
0.847491494793864, -0.15943937072119418, 0.5046327764295382
0.8615371445686788, -0.06874850022740057, 0.5013923488081002
0.8645323570658415, 0.022983648515431217, 0.5005601250317377
0.855793062902614, 0.11432756485644263, 0.5029882282863473
0.8368087554122736, 0.2041161759227948, 0.5063221799861348
0.8090624216829951, 0.2916431823071116, 0.5083949118055869
0.7733780559615266, 0.3762665264376983, 0.5082084270402166
0.7300543577641809, 0.45720157408482553, 0.5058653757580359
0.6789156979718889, 0.5333810860242028, 0.5025328348382909
0.6194207697916055, 0.603219936523633, 0.500536101785078
0.5515002097560265, 0.664875302599492, 0.501848709090724
0.47671480590128285, 0.7180120156553376, 0.505096674115197
0.39682965515948654, 0.7632028757843845, 0.5077989960474407
0.3130234622460274, 0.8007248987983031, 0.5085200857124648
0.22615310041712666, 0.830429945988308, 0.506940281281841
0.13687682732438797, 0.851622982325094, 0.5038027436551972
0.04586010698664121, 0.863047617573316, 0.5009882433947737
-0.04586010423094286, 0.8630475632859573, 0.500988238586721
-0.13687684326052885, 0.8516230488163965, 0.5038025989696943
-0.2261531691811395, 0.8304301917805237, 0.50694016272278
-0.3130235827926702, 0.800725205298727, 0.5085201252981286
-0.39682979686729886, 0.7632031381377695, 0.5077988763373527
-0.47671482520997366, 0.7180120650512072, 0.505096156271771
-0.5514997678264443, 0.6648747958020649, 0.501848420139382
-0.6194200495238075, 0.6032192588533892, 0.5005362550894572
-0.6789162000677799, 0.5333814260927483, 0.5025320887064486
-0.730055577552286, 0.4572022896985793, 0.5058647322600511
-0.7733791555780052, 0.3762670464297023, 0.5082084668199809
-0.8090629354153126, 0.29164334877930853, 0.5083948165948371
-0.8368084045230253, 0.2041161075380435, 0.5063211438805068
-0.8557914393073345, 0.11432741076016988, 0.5029872463193796
-0.8645300700520526, 0.02298365814563505, 0.5005605483196854
-0.8615383429748172, -0.06874868571648161, 0.5013913033927809
-0.8474947002201494, -0.1594401362329893, 0.5046313830900994
-0.8241119449991304, -0.2482165329238763, 0.5075988109352149
-0.7924592240455692, -0.33444949746744074, 0.5086957338331481
-0.7530889082044849, -0.4174517981546671, 0.5074000363762169
-0.7060258466689765, -0.49630022567402465, 0.5042772934121125
-0.6508375962881292, -0.5696684366295011, 0.5010606853863698
-0.5869456356828465, -0.6356383192246243, 0.5005021613633976
-0.5152190473533054, -0.6929672822665023, 0.5033129427976082
-0.4376796855488375, -0.7421528129600243, 0.5067186274215286
-0.3556958726061417, -0.7836359388390487, 0.5086842664558662
-0.27024603648735807, -0.8175056179216139, 0.5082692366096268
-0.18205135716488705, -0.8433160950362641, 0.5056056941430113
-0.09170263160193108, -0.8599312937294376, 0.5019969482851742
0.0, -0.866025403784436, 0.5000000000000046
-1.1671761717832978e-15, -0.866025403784436, 0.5000000000000044
0.09170268384664566, -0.8599315719364241, 0.501996852742906
0.18205129559788805, -0.843315718029646, 0.5056054983253435
0.2702459682776577, -0.8175053853058941, 0.5082691019850735
0.35569598140041936, -0.783636202489336, 0.5086843135314961
0.43768019198715863, -0.7421537678363704, 0.5067184812361798
0.5152198553502003, -0.692968531622578, 0.5033123738773302
0.5869458852785369, -0.6356386360211437, 0.5005019025365044
0.6508365266906116, -0.5696674161046549, 0.5010607882185925
0.7060247591613591, -0.49629938579216754, 0.5042764730398261
0.7530883855441862, -0.41745149007716503, 0.5073993806756983
0.7924597038148731, -0.3344497196067389, 0.508695789872399
0.8241137429687084, -0.2482171275062801, 0.5075986864578578
0.8474972353403505, -0.15944074189759563, 0.5046302820509556
0.8615394320128045, -0.06874885424075627, 0.50139035644683
0.8645276965299902, 0.022983668123678243, 0.5005609869192249
0.8557895159180977, 0.11432722825331176, 0.5029860790333704
0.8368079328742334, 0.20411601588415826, 0.5063197311601901
0.8090637414896205, 0.29164361003644007, 0.5083946669832232
0.7733811482652765, 0.37626798868608, 0.5082085383623816
0.7300581557602068, 0.4572038019383373, 0.5058633735088627
0.6789174500021813, 0.5333822728688654, 0.5025302400851522
0.6194179300787072, 0.6032172648404552, 0.5005367054999725
0.5514982033591505, 0.6648730016924884, 0.5018473944310633
0.4767149153069619, 0.7180122898386401, 0.5050938905003942
0.3968305868162959, 0.763204600959424, 0.5077982092383271
0.31302447920323717, 0.8007274844723606, 0.5085204193675239
0.22615391500792753, 0.830432856682014, 0.506938878476546
0.13687714371845383, 0.8516243046731008, 0.5037998906561802
0.04585994394786254, 0.8630444080107256, 0.5009879584472771
-0.04585994117656895, 0.8630443534954895, 0.5009879535953488
-0.13687715997412297, 0.8516243727371503, 0.5037997451649652
-0.22615398436016226, 0.8304331043906845, 0.506938759212028
-0.3130245999974822, 0.800727791594583, 0.5085204589540886
-0.39683072948987264, 0.7632048652213438, 0.507798088793201
-0.4767149372950096, 0.7180123434737575, 0.5050933698661979
-0.55149776102452, 0.6648724944278387, 0.5018471036342145
-0.619417205270177, 0.6032165829562768, 0.5005368592937443
-0.6789179597568669, 0.5333826182849108, 0.5025294897135418
-0.7300593852715257, 0.45720452295350245, 0.5058627261925945
-0.7733822510905756, 0.37626851013444756, 0.5082085776555496
-0.8090642577448173, 0.29164377739410635, 0.5083945710246954
-0.836807590168456, 0.2041159494853022, 0.5063186897365493
-0.8557878937913619, 0.11432707436899522, 0.5029850912052872
-0.864525394733834, 0.022983677784428194, 0.5005614115906145
-0.8615406450482214, -0.06874904191251684, 0.5013893050533937
-0.8475004652131991, -0.15944151384059196, 0.5046288804446277
-0.8241163700540337, -0.24821799640770548, 0.5075985037618715
-0.7924605115951885, -0.334450093598503, 0.5086958841005129
-0.7530873697397145, -0.4174508913536141, 0.5073980990164483
-0.7060222834808502, -0.49629747381348976, 0.50427459915472
-0.6508336440297252, -0.5696646658515496, 0.5010610646251241
-0.5869466917183541, -0.6356396595719073, 0.5005010682493417
-0.5152230312883271, -0.692973443275011, 0.5033101390344925
-0.43768267896317026, -0.7421584576833704, 0.50671776188155
-0.355696675549024, -0.7836378846024454, 0.508684613838548
-0.2702453661929247, -0.8175033324817819, 0.5082679102957344
-0.18205044918770166, -0.8433105359031569, 0.5056027987353259
-0.09170417875291428, -0.8599395289512625, 0.5019941218387116
0.0, -0.866025403784436, 0.5000000000000043
-1.1690962593526338e-15, -0.866025403784436, 0.5000000000000043
0.09170423141592833, -0.8599398091397412, 0.5019940257361809
0.18205038764138742, -0.8433101591503835, 0.5056026018810721
0.2702452980825751, -0.817503100310605, 0.508267775101475
0.35569678452569004, -0.7836381486709881, 0.5086846609760389
0.4376831876212766, -0.7421594170400014, 0.5067176144461711
0.5152238450710451, -0.6929747020382986, 0.5033095667439786
0.5869469439215536, -0.6356399796697407, 0.5005008079586961
0.6508325683662898, -0.569663639653479, 0.5010611674895374
0.7060211972412713, -0.4962966348995148, 0.5042737741462706
0.7530868505722238, -0.4174505853683446, 0.5073974401824223
0.7924609924253334, -0.3344503162042343, 0.5086959401140275
0.8241181749609439, -0.2482185934681461, 0.5075983776752302
0.847503019671594, -0.15944212459518653, 0.5046277728637596
0.8615417473717473, -0.06874921242015147, 0.5013883526872366
0.8645230058500216, 0.022983687794177, 0.5005618516233277
0.8557859721799788, 0.11432689211897804, 0.502983916946697
0.8368071297149245, 0.204115860550377, 0.5063172697545791
0.8090650677810624, 0.29164404004215533, 0.5083944202368593
0.7733842495969404, 0.3762694550316318, 0.5082086483116474
0.7300619840356175, 0.4572060466093575, 0.5058613593666947
0.6789192287164934, 0.5333834783416639, 0.5025276305763205
0.6194150724455163, 0.603214576527437, 0.5005373111420426
0.5514961951380126, 0.6648706986826933, 0.5018460713713322
0.47671503914661795, 0.7180125868654713, 0.5050910918682533
0.39683152482358947, 0.763206338686953, 0.5077974175916284
0.3130254982495582, 0.8007300753927273, 0.5085207530282048
0.22615473656754242, 0.8304357900721622, 0.5069374673120848
0.1368774664329903, 0.8516256581114541, 0.5037970217516164
0.045859779985439456, 0.863041184962011, 0.5009876709008374
-0.045859777198427265, 0.8630411302174712, 0.5009876660046787
-0.1368774830120919, 0.8516257277653838, 0.503796875448283
-0.22615480651313927, 0.8304360397125043, 0.5069373473356757
-0.31302561929199235, 0.8007303831382163, 0.508520792615137
-0.39683166846993906, 0.7632066048722388, 0.5077972964046205
-0.4767150638426628, 0.718012644788036, 0.5050905684209414
-0.5514957524063395, 0.6648701909609119, 0.5018457787152328
-0.619414343055388, 0.6032138903919061, 0.5005374654266648
-0.6789197462142272, 0.5333838291615516, 0.5025268759315924
-0.7300632233514761, 0.4572067730680487, 0.505860708197719
-0.7733853556454395, 0.3762699779426014, 0.5082086871119047
-0.8090655865756301, 0.2916442082915578, 0.5083943235231185
-0.8368067952879469, 0.20411579616375855, 0.5063162229703828
-0.8557843515881658, 0.11432673845644337, 0.5029829232142083
-0.8645206891373227, 0.022983697485602222, 0.5005622776819134
-0.8615429751950915, -0.0687494023009676, 0.5013872952696259
-0.8475062741929127, -0.15944290302915104, 0.5046263629172844
-0.8241208121921988, -0.2482194659945576, 0.5075981926198421
-0.7924618019920882, -0.33445069098140034, 0.5086960342978606
-0.7530858416252474, -0.41744999075022104, 0.5073961523888502
-0.7060187244996463, -0.49629472516103385, 0.5042718896620622
-0.6508296693360505, -0.569660874091831, 0.5010614439792254
-0.5869477587878843, -0.6356410138906259, 0.50049996894885
-0.5152270437623412, -0.692979650695494, 0.5033073186436473
-0.43768568550689635, -0.7421641289113429, 0.5067168889354824
-0.35569747983746214, -0.7836398334511461, 0.5086849616777765
-0.2702446968863861, -0.8175010514500044, 0.5082665783605584
-0.18204954153124156, -0.8433049805948865, 0.5055998879862724
-0.0917057383016034, -0.8599478228686517, 0.5019912787962685
0.0, -0.866025403784436, 0.5000000000000043
-1.171025828311364e-15, -0.866025403784436, 0.5000000000000043
0.09170579138700355, -0.8599481050556655, 0.5019911821286597
0.18204948000791193, -0.8433046041078169, 0.5055996900878903
0.27024462887788364, -0.8175008197317399, 0.5082664425922293
0.3556975889966642, -0.7836400979381716, 0.5086850088772291
0.4376861963982589, -0.7421650927775079, 0.506716740237386
0.5152278633778963, -0.6929809189477278, 0.5033067429534002
0.5869480136266854, -0.6356413373262882, 0.5004997071834436
0.6508285875561018, -0.5696598421740514, 0.501061546873435
0.706017639573501, -0.4962938872468878, 0.5042710599832335
0.7530853259980754, -0.41744968688326484, 0.5073954903964828
0.79246228388608, -0.33445091405480776, 0.5086960902845197
0.8241226240762395, -0.24822006554839054, 0.5075980649066418
0.847508848151077, -0.15944351892150105, 0.5046252487363063
0.8615440909480343, -0.06874957481593909, 0.5013863374413227
0.8645182847522314, 0.02298370752717293, 0.5005627191516396
0.8557824318343913, 0.11432655647505348, 0.5029817419316017
0.8368063461599303, 0.20411570998380824, 0.5063147956686356
0.8090664005997408, 0.29164447234037216, 0.5083941715473588
0.7733873599971941, 0.37627092549199326, 0.5082087568702516
0.7300658428431387, 0.4572083082286803, 0.5058593332242844
0.6789210344088744, 0.5333847026392247, 0.5025250061956913
0.6194121967306265, 0.6032118714368124, 0.5005379187169874
0.5514941851292485, 0.6648683936163109, 0.5018447398489345
0.4767151775745839, 0.7180129069956578, 0.505088278098402
0.39683246922746285, 0.7632080890645735, 0.5077966210622609
0.31302651938992365, 0.8007326715717946, 0.5085210866899903
0.22615556515688567, 0.8304387463390638, 0.5069360477121154
0.13687779554522345, 0.8516270429789039, 0.5037941368148577
0.045859615091948844, 0.8630379483426438, 0.500987380734432
-0.04585961228909238, 0.8630378933673614, 0.5009873757936852
-0.1368778124517116, 0.8516271142400401, 0.5037939896929295
-0.22615563570103553, 0.8304389979264323, 0.5069359270173036
-0.3130266406811407, 0.8007329799420397, 0.5085211262767582
-0.39683261385363094, 0.7632083571881524, 0.5077964991264429
-0.4767152050076522, 0.7180129692545472, 0.5050877518153979
-0.5514937420086701, 0.6648678854476632, 0.5018444453197186
-0.6194114627175261, 0.6032111810120495, 0.5005380734939303
-0.6789215597349618, 0.5333850589199673, 0.5025242472441976
-0.7300670920454342, 0.4572090401732555, 0.505858678167846
-0.7733884692833713, 0.37627144987183225, 0.5082087951712082
-0.8090669219503792, 0.29164464148784724, 0.5083940740708892
-0.8368060201087177, 0.20411564763623527, 0.5063137434807182
-0.855780812843457, 0.11432640304414854, 0.5029807422507249
-0.8645159529870785, 0.0229837172494191, 0.5005631466012054
-0.861545333719798, -0.06874976693252126, 0.5013852739530217
-0.8475121275249287, -0.15944430390688516, 0.5046238303755661
-0.8241252715114864, -0.2482209417221966, 0.5075978774664929
-0.792463095244417, -0.33445128961949494, 0.5086961844221931
-0.7530843240009771, -0.41744909642121697, 0.5073941964197638
-0.7060151698761385, -0.49629197982278284, 0.5042691648219221
-0.6508256720191359, -0.5696570611776784, 0.5010618234400488
-0.5869488370098017, -0.6356423823347078, 0.5004988634156098
-0.5152310850067979, -0.6929859049305729, 0.5033044814793517
-0.4376887052597759, -0.7421698268171649, 0.5067160085080574
-0.3556982854723406, -0.7836417853863261, 0.5086853099741149
-0.2702440285924076, -0.817498774908864, 0.5082652407609478
-0.1820486342296793, -0.8432994292874562, 0.5055969617840631
-0.09170731036927161, -0.8599561759869357, 0.5019884190149579
0.0, -0.8660254037844362, 0.5000000000000043
-1.1729649490619404e-15, -0.8660254037844363, 0.5000000000000043
0.09170736388119338, -0.8599564601897054, 0.501988321777398
0.1820485727316734, -0.8432990530781205, 0.5055967628339323
0.27024396068828116, -0.8174985436519675, 0.5082651044141359
0.355698394814195, -0.7836420502919933, 0.5086853572356065
0.4376892183979796, -0.7421707952223802, 0.5067158585343975
0.5152319105025307, -0.6929871827541447, 0.5033039023595242
0.5869490945125044, -0.6356427091450139, 0.5004986001643876
0.6508245840713422, -0.5696560234930459, 0.5010619263616872
0.706014086309886, -0.4962911429411487, 0.5042683304382589
0.7530838119619079, -0.4174487946987691, 0.5073935312438981
0.792463578205301, -0.33445151316183647, 0.5086962403808699
0.8241270904126872, -0.2482215437848739, 0.5075977481092451
0.8475147211452341, -0.1594449249850843, 0.5046227095355718
0.8615464630478774, -0.06874994147912974, 0.5013843106202645
0.8645135329594374, 0.022983727322942404, 0.5005635895117905
0.855778895027341, 0.11432622134328996, 0.5029795538919808
0.8368055824382907, 0.2041155642478151, 0.50631230880032
0.8090677399885445, 0.291644906947372, 0.5083939208953697
0.7733904795069693, 0.37627240008489027, 0.5082088640202145
0.7300697324375841, 0.45721058692804406, 0.5058572949732439
0.6789228673770213, 0.533385945960493, 0.5025223668260265
0.6194093027707093, 0.603209149419074, 0.5005385282305024
0.551492173370206, 0.6648660865404767, 0.5018433998007069
0.4767153307469979, 0.7180132504922567, 0.5050854490691716
0.39683342007436595, 0.7632098521907136, 0.5077958196046037
0.3130275426292841, 0.8007352730220025, 0.5085214203483228
0.22615640083748773, 0.8304417256646851, 0.5069346195993865
0.13687813113338065, 0.8516284596180697, 0.5037912357178777
0.045859449259889856, 0.8630346980673791, 0.50098708792685
-0.04585944644105999, 0.8630346428599032, 0.5009870829411538
-0.13687814837125922, 0.8516285325039394, 0.503791087770808
-0.2261564719854322, 0.8304419792145785, 0.5069344981795838
-0.3130276641698691, 0.80073558201848, 0.5085214599343812
-0.3968335656874742, 0.7632101222676857, 0.5077956969129691
-0.4767153609463689, 0.7180133171368299, 0.5050849199276406
-0.5514917298690615, 0.6648655779354943, 0.5018431033843787
-0.6194085640928163, 0.6032084546668048, 0.5005386835012046
-0.6789234006178934, 0.5333863077598291, 0.5025216035337442
-0.7300709916089514, 0.4572113244012108, 0.5058566359941501
-0.7733915920454568, 0.37627292593993883, 0.5082089018154189
-0.8090682639120494, 0.2916450769993053, 0.5083938226485631
-0.836805264860498, 0.20411550396634104, 0.5063112511651435
-0.8557772777053252, 0.1143260681541523, 0.5029785482185142
-0.8645111860044744, 0.022983737076142097, 0.5005640183560391
-0.8615477209304532, -0.06875013585856975, 0.5013832410142225
-0.8475180255782515, -0.1594457165831535, 0.5046212826854479
-0.8241297481104917, -0.24822242362869368, 0.5075975582586789
-0.7924643913603518, -0.33445188951616656, 0.5086963344704781
-0.7530828170084154, -0.4174482084441583, 0.507392231034698
-0.7060116197633625, -0.4962892379063562, 0.5042664245209352
-0.650821651888939, -0.5696532269345611, 0.5010622029988056
-0.5869499265039179, -0.6356437650600351, 0.500497751602868
-0.5152351552553006, -0.6929922063869399, 0.5033016273941759
-0.4376917383022491, -0.7421755515756476, 0.5067151205231177
-0.35569909245452025, -0.7836437404091279, 0.5086856587281381
-0.27024336133600446, -0.8174965029419844, 0.50826389745329
-0.1820477273177996, -0.843293882159533, 0.5055940200157985
-0.09170889507860924, -0.8599645888166455, 0.5019855423502378
0.0, -0.8660254037844363, 0.500000000000004
-1.1749136927055605e-15, -0.8660254037844364, 0.5000000000000041
0.09170894902123704, -0.8599648750525707, 0.5019854445377971
0.1820476658474993, -0.8432935062401478, 0.5055938200062278
0.2702432935388177, -0.8174962721550181, 0.5082637605235331
0.3556992019791504, -0.7836440057336003, 0.5086857060517525
0.43769225370100284, -0.7421765245497067, 0.5067149692608989
0.5152359866790066, -0.6929934938650925, 0.5033010448145705
0.5869501866991846, -0.6356440952822837, 0.5004974868546637
0.6508205577214237, -0.5696521834354364, 0.5010623059454528
0.7060105376041748, -0.4962884020903848, 0.5042655853976241
0.7530823086058087, -0.41744790889270555, 0.5073915626498966
0.7924648753912034, -0.3344521135287127, 0.5086963904000393
0.8241315740691841, -0.248223028215797, 0.507597427239689
0.8475206390243106, -0.15944634289573872, 0.5046201551269035
0.8615488639812633, -0.06875031246145663, 0.50138227213429
0.864508750191384, 0.022983747181754437, 0.5005644627112883
0.8557753619081767, 0.11432588674595466, 0.5029773527309951
0.836804838781223, 0.20411542340647826, 0.5063098090465541
0.80906908599068, 0.29164534387958335, 0.5083936682613073
0.7733936081674646, 0.3762738788281714, 0.5082089697433424
0.730073653076411, 0.45721288284047357, 0.5058552445038521
0.678924727922199, 0.5333872085066743, 0.5025197123487962
0.619406390400564, 0.6032064103230326, 0.5005391396882303
0.5514901598990475, 0.6648637775033929, 0.5018420511629016
0.4767154988215981, 0.718013617621261, 0.5050826046575356
0.3968343774111577, 0.7632116281647423, 0.5077950131724955
0.31302856797258105, 0.8007378797557838, 0.5085217539985815
0.22615724367150464, 0.830444728232687, 0.5069331828957336
0.13687847327671016, 0.8516299083755334, 0.5037883183312549
0.04585928248168233, 0.863031434050278, 0.5009867924566817
-0.045859279646750614, 0.8630313786091459, 0.5009867874256715
-0.1368784908500458, 0.85162998290392, 0.5037881695524444
-0.22615731542852407, 0.8304449837606873, 0.5069330607442849
-0.3130286897631372, 0.8007381893800063, 0.5085217935833922
-0.39683452401838026, 0.7632119002103246, 0.5077948897179453
-0.47671553181684934, 0.7180136887014176, 0.5050820726343827
-0.5514897160258284, 0.6648632684728017, 0.5018417528453374
-0.6194056470155395, 0.6032057112045063, 0.5005392954541427
-0.6789252691653007, 0.5333875758829759, 0.5025189446813498
-0.7300749223002558, 0.4572136258853, 0.505854581566491
-0.7733947239729464, 0.37627440616478597, 0.5082090070262533
-0.8090696125039367, 0.29164551484239787, 0.5083935692364465
-0.8368045297755266, 0.2041153652184788, 0.5063087459200815
-0.8557737463241484, 0.11432573380889913, 0.502976341020319
-0.8645063879075751, 0.022983756966034715, 0.5005648929539153
-0.8615501371389643, -0.06875050913121561, 0.5013811963629871
-0.8475239687250832, -0.15944714116841846, 0.5046187197113873
-0.8241342420885058, -0.2482239117524215, 0.5075972349527241
-0.7924656903480585, -0.33445249067478877, 0.508696484439635
-0.7530813207906701, -0.41744732689740366, 0.5073902561583139
-0.7060080743166633, -0.49628649952089476, 0.504263668644605
-0.6508176087532989, -0.5696493711860342, 0.5010625826465479
-0.5869510273915126, -0.6356451622244704, 0.5004966334634259
-0.5152392547436692, -0.6929985554754623, 0.50329875623896
-0.43769478471539053, -0.7421813033630853, 0.5067142249035871
-0.3556999007848373, -0.7836456985206216, 0.5086860079404267
-0.270242695142521, -0.8174942356339762, 0.508262548393484
-0.18204682083100046, -0.8432883393924395, 0.505591062567454
-0.09171049255375234, -0.8599730618736353, 0.5019826486558803
0.0, -0.8660254037844363, 0.5000000000000039
-1.1768721310508563e-15, -0.8660254037844363, 0.5000000000000039
0.09171054693132115, -0.8599733501602969, 0.5019825502635726
0.18204675939085982, -0.8432879637755786, 0.5055908614907367
0.270242627454881, -0.8174940053256287, 0.5082624108762833
0.35570001049242184, -0.7836459642642037, 0.5086860553262981
0.437695302388569, -0.7421822809361533, 0.5067140723396857
0.5152400921436728, -0.6929998526924132, 0.503298170169024
0.5869512903084468, -0.6356454958965435, 0.5004963672069273
0.6508165083137021, -0.5696483218243431, 0.501062685615702
0.7060069936125634, -0.496285664804313, 0.5042628247465482
0.7530808160734812, -0.4174470295437373, 0.5073895845388752
0.7924661754520383, -0.3344527151588488, 0.5086965403389588
0.8241360751453933, -0.24822451887968328, 0.5075971022540999
0.8475266021621721, -0.15944777276447727, 0.5046175853740603
0.8615512940619745, -0.06875068781537229, 0.501380221892701
0.8645039361645226, 0.02298376710387633, 0.500565338757577
0.8557718326287597, 0.11432555270573849, 0.5029751383509595
0.8368041154224255, 0.20411528752466934, 0.5063072963031318
0.8090704386497185, 0.2916457831535908, 0.5083934136253511
0.7733967460201333, 0.3762753617397947, 0.5082090740212204
0.7300776050196065, 0.4572151961002058, 0.5058531817050868
0.6789266163493071, 0.5333884904812745, 0.5025170426442058
0.6194034594530532, 0.6032036539957553, 0.5005397530957828
0.5514881447547204, 0.6648614665542933, 0.5018406938711829
0.47671568195785163, 0.7180140086518023, 0.5050797447391113
0.39683534128508524, 0.7632134170869311, 0.5077942017192258
0.3130295954247613, 0.8007404917855957, 0.5085220876360937
0.22615809372172646, 0.8304477542284383, 0.5069317375220629
0.1368788220554895, 0.8516313896018435, 0.5037853845241544
0.04585911474967006, 0.8630281562046948, 0.5009864943023201
-0.04585911189850496, 0.8630281005284317, 0.5009864892256283
-0.13687883996838943, 0.8516314657906692, 0.5037852349069102
-0.22615816609317374, 0.8304480117503452, 0.5069316146322205
-0.31302971746586616, 0.8007408020390212, 0.5085221272190907
-0.39683548889368137, 0.7632136911165361, 0.5077940774945917
-0.47671571777887956, 0.7180140842180314, 0.50507920981099
-0.551487700518145, 0.6648609571091251, 0.5018403936381259
-0.6194027113181374, 0.6032029504718596, 0.5005399093582977
-0.6789271656833197, 0.533388863493728, 0.5025162705669374
-0.730078884379878, 0.4572159447599896, 0.5058525147735923
-0.7733978651075379, 0.3762758905644331, 0.508209110785256
-0.8090709677698151, 0.2916459550337833, 0.5083933138146506
-0.8368038150887839, 0.20411523145790733, 0.5063062276408271
-0.8557702188529113, 0.11432540003128143, 0.5029741205579473
-0.8645015584113593, 0.02298377691937404, 0.5005657704021876
-0.8615525826614089, -0.06875088680332163, 0.5013791399081613
-0.847529957340858, -0.15944857777427024, 0.5046161413164953
-0.8241387535457374, -0.24822540613214303, 0.5075969075044525
-0.7924669922158043, -0.33445309309879817, 0.5086966343265736
-0.7530798354925915, -0.41744645186021756, 0.5073882717144442
-0.7060045336938255, -0.49628376477716846, 0.5042608970772995
-0.6508135424180197, -0.5696454937538308, 0.5010629623741232
-0.5869521397954552, -0.6356465739880224, 0.5004955089495852
-0.5152433837100785, -0.6930049526114304, 0.503295867862789
-0.4376978445808342, -0.7421870823571488, 0.5067133215714451
-0.3557007104640772, -0.7836476597217706, 0.5086863576115581
-0.270242030037603, -0.8174919730703308, 0.5082611935369057
-0.18204591480527588, -0.8432828011700392, 0.5055880893238585
-0.0917121029202983, -0.8599815956791008, 0.5019797377839579
-8.881784197001252e-16, -0.8660254037844363, 0.5000000000000039
-1.1788403366227162e-15, -0.8660254037844364, 0.5000000000000039
0.09171215773708927, -0.8599818860342598, 0.5019796388067381
0.18204585339772322, -0.8432824258680721, 0.5055878871720741
0.2702419624621249, -0.8174917432493286, 0.5082610554276819
0.3557008203546249, -0.7836479258843604, 0.5086864050596852
0.4376983645422896, -0.7421880645594061, 0.5067131676925036
0.5152442271348735, -0.6930062596518273, 0.5032952782716064
0.5869524054631865, -0.6356469111478892, 0.5004952411735141
0.6508124356530205, -0.569644438480637, 0.5010630653633851
0.70600345449346, -0.4962829311941235, 0.5042600483692792
0.7530793345099865, -0.4174461567311928, 0.5073875968343333
0.7924674783959148, -0.33445331805559486, 0.5086966901944631
0.8241405937415991, -0.24822601581533188, 0.507596773108038
0.8475326109362199, -0.15944921470351167, 0.5046150001391863
0.8615537536075337, -0.06875106759404775, 0.5013781598038878
0.8644990905918996, 0.022983787089571547, 0.5005662176580562
0.8557683073433053, 0.11432521924574175, 0.5029729106532289
0.8368034125981825, 0.20411515666807153, 0.5063047704646529
0.8090717980095555, 0.2916462247861107, 0.508393156967432
0.7733998931066797, 0.3762768488378149, 0.5082091768352061
0.7300815885296786, 0.45721752684266825, 0.5058511064646064
0.6789285329669643, 0.5333897920901418, 0.5025143575911788
0.6194005097591091, 0.6032008802825576, 0.5005403684587246
0.5514861279770161, 0.6648591537435036, 0.5018393278606174
0.4767158803168775, 0.7180144238560272, 0.5050768691881188
0.3968363117438224, 0.7632152190585131, 0.5077933851975274
0.3130306249907711, 0.8007431091238877, 0.5085224212561241
0.22615895105159073, 0.8304508038390439, 0.5069302833983433
0.1368791775510484, 0.8516329036516037, 0.5037824341643085
0.04585894605611891, 0.8630248644432894, 0.5009861934419533
-0.04585894318858877, 0.8630248085304093, 0.5009861883192079
-0.1368791958076685, 0.8516329815189612, 0.5037822837018491
-0.22615902404288674, 0.8304510633708466, 0.5069301597632722
-0.3130307472829988, 0.8007434200079613, 0.5085224608367296
-0.39683646036111014, 0.7632154950876829, 0.5077932601955549
-0.47671591899390625, 0.7180145039594024, 0.5050763313314259
-0.55148568338599, 0.6648586438950201, 0.5018390256976784
-0.6193997568310337, 0.6032001723137039, 0.5005405252192353
-0.6789290904814935, 0.5333901707984783, 0.5025135810689088
-0.73008287811162, 0.45721828116136876, 0.5058504355024407
-0.7734010154909073, 0.37627737915692167, 0.5082092130736762
-0.809072329753735, 0.29164639759024413, 0.5083930563630169
-0.8368031210376876, 0.204115102750664, 0.5063036962214607
-0.8557666954469333, 0.11432506684459448, 0.5029718867322519
-0.8644966972273069, 0.022983796936420886, 0.5005666507081901
-0.8615550578171254, -0.068751268928427, 0.5013770715575169
-0.8475359918060408, -0.1594500265138384, 0.5046135473615729
-0.8241432825829673, -0.24822690680683718, 0.507596575869141
-0.7924682969718624, -0.334453696791594, 0.5086967841281544
-0.7530783612606059, -0.4174455834126129, 0.5073862776260438
-0.7060009980551627, -0.4962810337875898, 0.5042581097022663
-0.6508094526866923, -0.5696415944576507, 0.5010633421722291
-0.5869532638400414, -0.6356480005125994, 0.5004943780132397
-0.5152475423947611, -0.6930113982140595, 0.5032929621129673
-0.4377009179810821, -0.7421928887374304, 0.5067124104477778
-0.35570152149305384, -0.7836496240135877, 0.5086867077421471
-0.2702413660473121, -0.8174897153378031, 0.5082598328384923
-0.18204500927729933, -0.8432772676791628, 0.505585100168691
-0.09171372630531639, -0.8599901907596255, 0.5019768095848087
0.0, -0.8660254037844366, 0.5000000000000038
-1.1808183826712363e-15, -0.8660254037844366, 0.5000000000000038
0.09171378156566566, -0.8599904832012295, 0.5019767100175723
0.1820449479048458, -0.8432768927048476, 0.5055848969339117
0.270241298586665, -0.8174894860130117, 0.5082596941326311
0.3557016315666921, -0.783649890595362, 0.5086867552526332
0.43770144024482416, -0.7421938755993897, 0.5067122552403279
0.5152483918936284, -0.6930127151639093, 0.5032923689692645
0.5869535322884257, -0.6356483411991505, 0.5004941087060532
0.6508083395428043, -0.5696405332238588, 0.5010634451789862
0.705999920407738, -0.4962802013725425, 0.5042572561480917
0.7530778640628213, -0.4174452905356957, 0.5073855994589325
0.7924687842311463, -0.3344539222223993, 0.5086968399634197
0.8241451299591185, -0.2482275190619586, 0.5075964397565926
0.8475386657277547, -0.1594506688263393, 0.5046123992827753
0.8615562429396121, -0.06875145185142201, 0.5013760857752271
0.8644942131835588, 0.022983807139116616, 0.5005670994199224
0.8557647862081481, 0.11432488638947363, 0.502970669537796
0.8368027305478266, 0.20411503090327635, 0.5063022314244237
0.8090731641144597, 0.291646668793993, 0.508392898267251
0.7734030494691201, 0.3762783401403996, 0.5082092781664427
0.73008560387169, 0.45721987520448526, 0.5058490186687323
0.6789304780875947, 0.5333911135415206, 0.5025116570673305
0.6193975411477255, 0.6031980890269992, 0.5005409857825587
0.5514841096065909, 0.6648568391224683, 0.501837953065669
0.47671609406147286, 0.7180148635091509, 0.5050739778773649
0.3968372888354594, 0.763217034181675, 0.507792563559566
0.3130316566755521, 0.8007457317831048, 0.5085227548538742
0.22615981572518315, 0.8304538772533502, 0.5069288204435884
0.13687953984578488, 0.8516344508835407, 0.503779467117994
0.04585877639321277, 0.863021558677991, 0.5009858898535675
-0.045858773509186324, 0.8630215025269943, 0.500985884684394
-0.136879558450345, 0.8516345304477781, 0.5037793158034806
-0.22615988934178916, 0.8304541388111313, 0.5069286960563801
-0.3130317792194958, 0.8007460432993212, 0.5085227944315216
-0.3968374384687918, 0.7632173122260455, 0.5077924377729064
-0.4767161356251057, 0.718014948201428, 0.5050734370682421
-0.551483664670149, 0.6648563288821129, 0.5018376489583284
-0.6193967833826552, 0.6031973765730935, 0.5005411430424803
-0.6789310438732599, 0.5333914980061152, 0.5025108760644977
-0.73008690376141, 0.45722063522649403, 0.5058483436389138
-0.7734041751651287, 0.3762788719604613, 0.5082093138725666
-0.8090736985001113, 0.29164684252871276, 0.5083927968611432
-0.8368024478623419, 0.20411497916363208, 0.506301151554879
-0.8557631762640634, 0.11432473427257556, 0.5029696394431441
-0.8644918040635572, 0.022983817017446482, 0.5005675338791618
-0.861557562929792, -0.06875165556085433, 0.5013749912179839
-0.8475420725036902, -0.15945148750124344, 0.5046109377063065
-0.8241478293018585, -0.24822841381587696, 0.5075962400015175
-0.7924696046244769, -0.33445430175659313, 0.5086969338411873
-0.7530768982428337, -0.4174447216354872, 0.5073842738151939
-0.7059974675633289, -0.49627830666613526, 0.5042553064015801
-0.6508053393607408, -0.5696376731152719, 0.5010637220313827
-0.5869543996511868, -0.6356494419623268, 0.5004932406057695
-0.5152517310404511, -0.6930178927072579, 0.5032900388349912
-0.4377040049990538, -0.74219872268464, 0.5067114914526591
-0.355702333872488, -0.7836515913968907, 0.5086870583327815
-0.27024070319797605, -0.8174874625239085, 0.5082584662526094
-0.18204410428434506, -0.8432717391091707, 0.5055820949844522
-0.09171536283739859, -0.8599988476473793, 0.5019738639070095
0.0, -0.8660254037844366, 0.5000000000000037
-1.1828063431808087e-15, -0.8660254037844366, 0.5000000000000037
0.09171541849235158, -0.859999141782318, 0.501973763807379
0.18204404294953946, -0.8432713644754478, 0.5055818906586692
0.2702406358548556, -0.8174872337042848, 0.5082583269454405
0.3557024441292753, -0.7836518583978619, 0.5086871059056718
0.4377045295792055, -0.7421997142370945, 0.5067113349030594
0.5152525866630507, -0.6930192196533246, 0.503289442107119
0.5869546709103355, -0.6356497862148209, 0.5004929697558592
0.650804219783729, -0.5696366058711217, 0.5010638250530332
0.7059963915189531, -0.4962774754541779, 0.5042544479650398
0.7530764048804612, -0.4174444310382952, 0.5073835923344643
0.792470092965988, -0.33445452766267453, 0.508696989642619
0.8241496838998681, -0.24822902865904156, 0.5075961021542601
0.8475447669217395, -0.1594521352476948, 0.5046097826636398
0.8615587623837009, -0.06875184064217589, 0.5013739997131565
0.8644893036458061, 0.022983827252775698, 0.5005679840504045
0.8557612693827599, 0.11432455416092799, 0.5029684149042593
0.8368020695128224, 0.2041149102976224, 0.5062996790747104
0.8090745370091019, 0.29164711519428677, 0.5083926375042603
0.7734062151492522, 0.37627983566563356, 0.5082093779957645
0.7300896513134415, 0.45722224132362776, 0.5058469182025032
0.6789324520274468, 0.533392455046095, 0.502508940948963
0.6193945534458185, 0.6031952800707869, 0.5005416050727775
0.5514820896848603, 0.6648545227436584, 0.5018365694201997
0.47671632335631586, 0.7180153278898045, 0.5050710706782587
0.39683827260845206, 0.7632188625594836, 0.5077917367569316
0.31303269048376203, 0.8007483597750059, 0.5085230884242777
0.22616068780742354, 0.8304569746625952, 0.5069273485760095
0.1368799090231842, 0.8516360316605652, 0.5037764832500112
0.04585860575305484, 0.8630182388199688, 0.5009855835149524
-0.04585860285239564, 0.8630181824293435, 0.5009855782989725
-0.13687992797994447, 0.8516361129401796, 0.5037763310765275
-0.226160762054671, 0.8304572382619435, 0.5069272234294988
-0.3130328132801593, 0.8007486719252238, 0.5085231279984747
-0.3968384232655192, 0.7632191426353654, 0.5077916101782805
-0.476716367837492, 0.7180154172233533, 0.5050705268925777
-0.5514816444122433, 0.6648540121231435, 0.5018362633538022
-0.6193937907994275, 0.6031945630912954, 0.5005417628334983
-0.6789330261759491, 0.533392845328003, 0.5025081554296689
-0.7300909615976925, 0.45722300709360864, 0.505846239067611
-0.7734073441725944, 0.3762803689933938, 0.5082094131627597
-0.809075074053827, 0.29164728986630983, 0.5083925352884133
-0.8368017958056662, 0.2041148607645774, 0.5062985935327406
-0.8557596614648407, 0.11432440233943947, 0.5029673785894299
-0.8644868786248069, 0.022983837162733847, 0.5005684199222609
-0.8615600983270851, -0.06875204675567917, 0.5013728987955005
-0.8475481998208376, -0.15945296085191235, 0.5046083122086592
-0.824152393804891, -0.24822992719896733, 0.5075958998557718
-0.7924709151816794, -0.3344549079971042, 0.5086970834624168
-0.7530754465903096, -0.4174438666113106, 0.5073822602035872
-0.7059939423840184, -0.49627558352881795, 0.5042524870561751
-0.650801202239362, -0.5696337295424588, 0.5010641019419304
-0.5869555473563866, -0.6356508985034518, 0.5004920966780757
-0.5152559498922217, -0.6930244365193426, 0.5032870978725156
-0.4377071057184013, -0.7422045843811866, 0.5067105645052166
-0.3557031476030391, -0.7836535618723408, 0.5086874093840337
-0.2702400415171164, -0.817485214720148, 0.508257093733882
-0.1820431998643861, -0.8432662156524828, 0.5055790736524636
-0.09171700955298658, -0.8600075430277275, 0.5019709042389813
0.0, -0.8660254037844365, 0.5000000000000037
-1.184804292879345e-15, -0.8660254037844365, 0.5000000000000037
0.091717031631468, -0.8600075771544448, 0.501970843544779
0.1820431385697747, -0.8432658413722205, 0.5055788682275784
0.27023997429340496, -0.817484986411789, 0.5082569538199029
0.35570325804262765, -0.7836538292915036, 0.5086874570189831
0.43770763262918266, -0.7422055806551653, 0.5067104065996517
0.5152568116886825, -0.6930257735492855, 0.503286497528452
0.5869558214567819, -0.6356512463616525, 0.5004918242737229
0.6508000761743975, -0.5696326562376538, 0.5010642049758183
0.7059928679930358, -0.496274753555159, 0.5042516237006642
0.753074957113299, -0.4174435783210271, 0.5073815753818153
0.7924714046086676, -0.3344551343798254, 0.5086971392287979
0.8241542556665774, -0.2482305446464037, 0.5075957602549908
0.84755091490696, -0.15945361408359712, 0.5046071501388766
0.8615613122693614, -0.06875223402176396, 0.5013719015231197
0.8644843616816091, 0.022983847430816294, 0.5005688715566061
0.8557577570289474, 0.11432422258452773, 0.5029661466510292
0.8368014297375179, 0.20411479491933418, 0.5062971133064951
0.809075916738513, 0.2916475640041809, 0.5083923746576668
0.7734093901895813, 0.3762813354319038, 0.5082094763038444
0.7300937311252648, 0.45722462533924346, 0.5058448049494942
0.678934455106546, 0.5333938168169111, 0.5025062091110336
0.6193915464783115, 0.6031924532538232, 0.5005422263348085
0.5514800682541545, 0.664852204660729, 0.5018351768574505
0.4767165683677974, 0.7180158172797602, 0.5050681474607581
0.39683926311170103, 0.7632207042960149, 0.5077909047406399
0.31303372642057375, 0.8007509931126406, 0.5085234219625966
0.22616156736355897, 0.8304600962586193, 0.5069258677125175
0.13688028516780482, 0.8516376463496806, 0.5037734824236642
0.045858434127665916, 0.8630149047796957, 0.5009852744036812
-0.04585843121023868, 0.863014848147919, 0.500985269140513
-0.13688030448109323, 0.8516377293634424, 0.5037733293842193
-0.22616164224699747, 0.8304603619158373, 0.5069257417996073
-0.31303384947011337, 0.8007513058985969, 0.508523461532841
-0.3968394147999219, 0.7632209864192221, 0.5077907773624353
-0.47671661579771685, 0.718015911307446, 0.5050676006741118
-0.5514796226548228, 0.6648516936720502, 0.501834868817202
-0.6193907789057748, 0.603191731707762, 0.5005423845976941
-0.6789350377107584, 0.533394212977932, 0.502505419038997
-0.7300950518915916, 0.45722539690223046, 0.5058441216716737
-0.7734105225559534, 0.37628187027417004, 0.5082095109248577
-0.8090764564599456, 0.2916477396202493, 0.5083922716239004
-0.8368011651129783, 0.20411474762204662, 0.5062960220455592
-0.8557561512121069, 0.11432407106977316, 0.5029651040692953
-0.8644819206124091, 0.022983857372535617, 0.5005693088445131
-0.8615626643406824, -0.06875244256877447, 0.5013707941950274
-0.8475543741481669, -0.15945444668254083, 0.5046056707248603
-0.8241569761952487, -0.24823144699614624, 0.5075955553855206
-0.7924722286522362, -0.33445551551680075, 0.508697232988634
-0.7530740064523718, -0.4174430184213984, 0.5073802367106055
-0.7059904226841058, -0.49627286449233565, 0.5042496515457221
-0.6507970411195971, -0.5696297635530395, 0.5010644818939904
-0.5869567070847113, -0.6356523703043614, 0.5004909461805921
-0.5152601991973575, -0.6930310300828773, 0.5032841390673568
-0.43771022022337613, -0.7422104740109342, 0.5067096295235648
-0.35570396268547155, -0.7836555354408803, 0.5086877608965807
-0.2702393810301268, -0.8174829720104128, 0.5082557152341319
-0.1820422960559395, -0.8432606975037257, 0.5055760360528218
-0.09171669904433916, -0.8600011211319117, 0.5019702435436022
0.0, -0.8660254037844367, 0.5000000000000036
-1.1868123072476395e-15, -0.8660254037844367, 0.5000000000000036
0.09171668734080408, -0.8600008941194274, 0.5019702223957827
0.18204223480421458, -0.8432603235905215, 0.5055758295206724
0.2702393139294419, -0.8174827442254575, 0.5082555747093457
0.3557040733084621, -0.7836558032796073, 0.5086878085941645
0.4377107494791675, -0.7422114750378196, 0.5067094702480702
0.5152610672182768, -0.6930323772852416, 0.5032835350746941
0.5869569840572397, -0.6356527218085694, 0.5004906722099535
0.6507959085112631, -0.5696286841367492, 0.5010645849374
0.7059893499987423, -0.4962720357934986, 0.5042487832343426
0.7530735209135571, -0.41744273246685804, 0.5073795485210003
0.792472719167747, -0.33445574237741227, 0.5086972887187646
0.8241588453629396, -0.24823206706426393, 0.507595414012216
0.8475571100758441, -0.1594551054512996, 0.5046045015641794
0.8615638929301034, -0.06875263204637413, 0.5013697911096784
0.8644793869905429, 0.022983867673527995, 0.5005697619455046
0.8557542493113165, 0.11432389168519372, 0.5029638646755462
0.8368008114689797, 0.20411468483751802, 0.5062945340095373
0.8090773033481593, 0.2916480152410597, 0.5083921097064452
0.7734125746343893, 0.3762828394584152, 0.5082095730713604
0.7300978435799589, 0.45722702739162924, 0.505842678791657
0.6789364876485856, 0.5333951990693078, 0.5025034614271338
0.6193885200680689, 0.6031896084141601, 0.5005428495740298
0.5514780453576904, 0.6648498849285018, 0.5018337753100397
0.4767168292640862, 0.7180163319640511, 0.5050652080933566
0.39684026039452314, 0.7632225594963148, 0.5077900674611159
0.313034764491377, 0.8007536318096161, 0.5085237554641988
0.22616245445941058, 0.8304632422347235, 0.5069243777689388
0.13688066836532606, 0.8516392953222032, 0.5037704645007413
0.04585826150898449, 0.863011556466895, 0.50098496249712
-0.045858258574651936, 0.8630114995924293, 0.5009849571863779
-0.13688068803954623, 0.8516393800891999, 0.5037703105882789
-0.2261625299848909, 0.8304635099671197, 0.5069242510826923
-0.31303488779438554, 0.8007539452321397, 0.5085237950297241
-0.396840413121248, 0.7632228436825514, 0.5077899392756333
-0.4767168796742566, 0.7180164307393067, 0.5050646582810502
-0.5514775994412557, 0.6648493735838542, 0.5018334652810107
-0.6193877475239866, 0.603188882260019, 0.5005430083404603
-0.6789370788027425, 0.5333956011721159, 0.5025026667656998
-0.7300991749169414, 0.4572278047931677, 0.5058419913328296
-0.7734137103580737, 0.37628337582132804, 0.5082096071392063
-0.8090778457640009, 0.2916481918079353, 0.5083920058464523
-0.8368005560324958, 0.20411463980549893, 0.5062934369825354
-0.8557526456715167, 0.1143237404886784, 0.5029628157796805
-0.8644769297240669, 0.022983877647127716, 0.5005702006528961
-0.8615652613063448, -0.06875284305677001, 0.5013686773205107
-0.8475605958804545, -0.15945594511116, 0.5046030131093863
-0.8241615765769901, -0.24823297324778823, 0.50759520654383
-0.7924735450443476, -0.33445612431906685, 0.5086973824165224
-0.7530725779831073, -0.41744217714971377, 0.5073782032559527
-0.7059869086343247, -0.4962701496760091, 0.5042467997487609
-0.6507928557962228, -0.5696257749587943, 0.5010648618775027
-0.5869578789669526, -0.6356538575357523, 0.5004897890632128
-0.5152644792057278, -0.6930376738352526, 0.5032811622594232
-0.43771334859901817, -0.7422163917595581, 0.5067086864248762
-0.3557047791204436, -0.7836575121031826, 0.508688112871062
-0.2702387217652356, -0.8174807344883062, 0.5082543307069258
-0.18204139289836482, -0.8432551848612799, 0.5055729820644332
-0.09171635282646741, -0.8599944104303485, 0.5019696169712057
-8.881784197001252e-16, -0.8660254037844366, 0.5000000000000034
-1.1888304625288774e-15, -0.8660254037844367, 0.5000000000000034
0.09171634105503368, -0.8599941824440194, 0.5019695956323116
0.18204133169221556, -0.8432548113286732, 0.5055727744167935
0.2702386547904216, -0.8174805072361595, 0.5082541895665392
0.3557048899269599, -0.7836577803616507, 0.5086881606314004
0.43771388021431185, -0.7422173975710002, 0.5067085257653046
0.5152653535022207, -0.6930390312995529, 0.5032805545853585
0.5869581588428963, -0.6356542127268027, 0.5004895135143238
0.6507917165885051, -0.5696246893796488, 0.5010649649276476
0.7059858377070355, -0.4962693222886241, 0.5042459264441297
0.7530720964351892, -0.41744189355962436, 0.5073775116710784
0.7924740366514613, -0.3344563516588494, 0.5086974381091641
0.8241634530933072, -0.2482335959531363, 0.5075950633787571
0.8475633528248956, -0.159456609469427, 0.5046018367931513
0.861566504703758, -0.06875303477304681, 0.5013676683762518
0.8644743792687317, 0.02298388798117063, 0.5005706552239497
0.8557507463969766, 0.11432356148826528, 0.5029615688741645
0.836800214956997, 0.2041145801221124, 0.506291941072289
0.8090786968838114, 0.29164846892240437, 0.5083918426292895
0.773415768526079, 0.37628434776346403, 0.508209668278409
0.7301019889532372, 0.4572294476224758, 0.5058405396098864
0.678938549981652, 0.5333966020214118, 0.5025006977695143
0.6193854740360113, 0.6031867453880834, 0.5005434747957075
0.5514760210397567, 0.6648475636031682, 0.5018323647099703
0.47671710621499813, 0.7180168722307543, 0.5050622524430861
0.39684126450669927, 0.763224428266472, 0.5077892248681994
0.3130358047009406, 0.800756275877976, 0.5085240889239155
0.22616334916182046, 0.830466412787203, 0.5069228786604
0.1368810587025519, 0.8516409789537251, 0.5037674293414977
0.04585808788887176, 0.8630081937906133, 0.5009846477724073
-0.045858084937497226, 0.8630081366719586, 0.5009846424136949
-0.13688107874209432, 0.8516410654928783, 0.503767274548838
-0.22616342533524236, 0.8304666826122105, 0.5069227511936989
-0.31303592825788806, 0.8007565899382647, 0.5085241284840494
-0.39684141827938935, 0.7632247145316857, 0.507789095867619
-0.4767171596375085, 0.7180169758080254, 0.5050616995800707
-0.5514755748159289, 0.6648470519149072, 0.5018320526770436
-0.6193846964744513, 0.6031860145838911, 0.5005436340670079
-0.6789391497807389, 0.533397010129126, 0.5024998984813862
-0.7301033309512431, 0.4572302309090866, 0.5058398479311921
-0.7734169076221957, 0.37628488565359125, 0.5082097017859526
-0.8090792420120747, 0.29164864644701183, 0.5083917379347076
-0.8367999688152152, 0.2041145373852961, 0.5062908382316245
-0.8557491450115297, 0.11432341062175072, 0.5029605136165946
-0.8644719056542532, 0.022983897986797678, 0.500571095354172
-0.8615678895636281, -0.06875324827703257, 0.5013665480749131
-0.8475668654161601, -0.15945745625703872, 0.5046003392147461
-0.8241661950550102, -0.24823450599459146, 0.5075948532832238
-0.7924748643664943, -0.3344567344073924, 0.508697531742752
-0.7530711613369359, -0.41744134288022494, 0.5073761597578625
-0.7059834004076115, -0.49626743920055544, 0.5042439315426718
-0.6507886460616359, -0.569621763569337, 0.5010652418822586
-0.5869590631350594, -0.6356553603699147, 0.5004886252756074
-0.5152687901685388, -0.6930443682167345, 0.5032781672868878
-0.43771649093092024, -0.7422223378140845, 0.5067077351252331
-0.35570559690843245, -0.7836594918594576, 0.5086884653079793
-0.27023806374954024, -0.8174785022432502, 0.5082529401039158
-0.18204049043154866, -0.8432496779255666, 0.5055699115649347
-0.09171600459769642, -0.8599876709121632, 0.5019689847398987
0.0, -0.8660254037844367, 0.5000000000000033
-1.1908588357382823e-15, -0.8660254037844367, 0.5000000000000033
0.09171599275781882, -0.8599874419459351, 0.501968963208342
0.1820404292735556, -0.8432493047864229, 0.5055697027932876
0.27023799690402517, -0.8174782755353582, 0.5082527983435691
0.35570570789876693, -0.7836597605382808, 0.5086885131313834
0.43771702492014625, -0.7422233484416793, 0.5067075730670959
0.5152696707928685, -0.6930457360344708, 0.5032775558979996
0.5869593459461928, -0.6356557192893343, 0.5004883481362793
0.6507875001977319, -0.5696206717752819, 0.5010653449362946
0.7059823312909387, -0.4962666131612753, 0.5042430532066561
0.7530706838338717, -0.41744106168403755, 0.5073754647501271
0.7924753570680816, -0.3344569622275784, 0.5086975873966094
0.8241680789628834, -0.24823513135389796, 0.507594708306864
0.8475696435544111, -0.15945812625789452, 0.5045991556777689
0.8615691479322356, -0.06875344225959842, 0.5013655332253004
0.864469338208715, 0.02298390835401641, 0.5005715513986899
0.8557472484558242, 0.11432323201957931, 0.5029592591422545
0.8367996404542132, 0.2041144808439784, 0.5062893343819566
0.8090800973917065, 0.29164892506590956, 0.508391573404661
0.7734189719081601, 0.37628586036586714, 0.5082097619049881
0.7301061675235947, 0.4572318861748146, 0.5058383872834901
0.6789406424377049, 0.5333980258937931, 0.5024979180089824
0.6193824082007683, 0.6031838640098397, 0.5005441020051206
0.5514739953452934, 0.6648452407418362, 0.5018309449885842
0.4767173993924999, 0.718017438371838, 0.5050592803754438
0.39684227549838286, 0.7632263107134982, 0.5077883769111164
0.31303684705408835, 0.8007589253299578, 0.5085244223365766
0.22616425153847908, 0.8304696081147851, 0.5069213703009372
0.1368814562673631, 0.8516426976238246, 0.5037643768044578
0.04585791325909071, 0.8630048166590019, 0.5009843302065002
-0.04585791029053425, 0.863004759294578, 0.5009843247994239
-0.13688147667680495, 0.8516427859550015, 0.5037642211245215
-0.22616432836550354, 0.8304698800489342, 0.5069212420465747
-0.31303697086547133, 0.8007592400292443, 0.5085244618906315
-0.3968424303247189, 0.7632265990740624, 0.5077882470876581
-0.47671745585962644, 0.7180175468059249, 0.5050587244364968
-0.5514735488239735, 0.6648447287225394, 0.5018306309365432
-0.6193816255751359, 0.6031831285130037, 0.5005442617827023
-0.6789412509783004, 0.5333984400705627, 0.5024971140567652
-0.7301075202725822, 0.4572326753926435, 0.5058376913459139
-0.7734201143917766, 0.37628639978969447, 0.5082097948449508
-0.8090806452504099, 0.2916491035551396, 0.5083914678669809
-0.8367994037150646, 0.20411444043265972, 0.5062882256794276
-0.8557456494030453, 0.11432308149499525, 0.5029581974747814
-0.8644668480930745, 0.022983918391793985, 0.5005719929552636
-0.8615705494574482, -0.0687536582879398, 0.5013644063600713
-0.847573183158235, -0.15945898024099434, 0.5045976488922802
-0.8241708317348679, -0.24823604527765425, 0.5075944955555436
-0.7924761866266241, -0.3344573457851259, 0.5086976809638613
-0.7530697566719966, -0.4174405156990544, 0.5073741061343392
-0.7059798981796179, -0.496264733188561, 0.5042410468033391
-0.6507844117057732, -0.5696177291921524, 0.501065621897871
-0.5869602597236256, -0.6356568789827267, 0.5004874547663495
-0.5152731323420406, -0.6930511136763826, 0.5032751539854735
-0.4377196473052027, -0.7422283123629654, 0.5067067755396947
-0.3557064160500055, -0.7836614747102666, 0.5086888182080098
-0.2702374070122648, -0.8174762753720369, 0.508251543377834
-0.18203958869588655, -0.8432441768988902, 0.5055668244300795
-0.09171565434143218, -0.8599809023923725, 0.5019683468035048
0.0, -0.8660254037844367, 0.5000000000000033
-1.1928975046729138e-15, -0.8660254037844367, 0.5000000000000033
0.09171564243252898, -0.8599806724397407, 0.5019683250777255
0.18203952758923767, -0.843243804169498, 0.5055666145268061
0.27023734029852037, -0.8174760492163874, 0.5082514009922263
0.355706527224115, -0.7836617438091464, 0.5086888660944083
0.4377201836832642, -0.7422293278392063, 0.5067066120687815
0.5152740193457357, -0.6930524919379963, 0.5032745388483834
0.5869605455019229, -0.6356572416722406, 0.5004871760244817
0.6507832591284244, -0.5696166311306552, 0.501065724952996
0.7059788309288023, -0.49626390853590535, 0.5042401633984698
0.7530692832667666, -0.417440236925447, 0.5073734076754659
0.7924766804260903, -0.334457574087066, 0.5086977365777181
0.8241727230775457, -0.24823667330766477, 0.5075943487482032
0.8475759826692509, -0.15945965593806155, 0.5045964580680027
0.8615718229618218, -0.06875385456466086, 0.5013633855581487
0.8644642634981119, 0.022983928792353635, 0.5005724504768083
0.8557437556599864, 0.1143229033053983, 0.5029569353745074
0.8367990882161993, 0.20411438707494609, 0.5062867138245501
0.8090815049183051, 0.2916493836894134, 0.5083913020106967
0.7734221848232034, 0.3762873772840271, 0.5082098539306243
0.7301103795725532, 0.45723434319316736, 0.5058362216904952
0.6789427653528805, 0.5333994709096713, 0.5024951220149387
0.6193793223783921, 0.6031809641113449, 0.5005447312076905
0.5514719683197173, 0.6648429164022838, 0.5018295160765736
0.47671770897060606, 0.7180180306829596, 0.505056291754336
0.3968432934200594, 0.7632282069451883, 0.5077875235384106
0.3130378915554214, 0.8007615801772003, 0.508524755696765
0.22616516165760303, 0.8304728284174243, 0.5069198526038893
0.13688186114898696, 0.8516444517175858, 0.5037613067469524
0.04585773761131134, 0.8630014249793336, 0.5009840097761638
-0.045857734625427415, 0.8630013673675143, 0.5009840043203285
-0.13688188193290418, 0.8516445418605247, 0.5037611501723738
-0.22616523914381675, 0.8304731024769714, 0.5069197235542133
-0.31303801562201783, 0.8007618955174582, 0.5085247952442582
-0.39684344930797977, 0.7632284974180239, 0.5077873928843144
-0.4767177685148506, 0.7180181440291282, 0.5050557327140482
-0.5514715215114224, 0.6648424040652986, 0.5018291999901073
-0.6193785346418799, 0.6031802238790914, 0.5005448914928041
-0.6789433827326223, 0.5333998912202939, 0.5024943133608567
-0.7301117431630322, 0.4572351383885682, 0.5058355214543866
-0.7734233307106202, 0.376287918248594, 0.5082098862958484
-0.8090820555258555, 0.29164956315029283, 0.5083911956214063
-0.8367988609892411, 0.20411434901989414, 0.506285599211448
-0.8557421590199322, 0.11432275313497409, 0.5029558672482648
-0.8644617567274305, 0.022983938862422927, 0.5005728934628287
-0.8615732413361146, -0.0687540731485058, 0.501362252076858
-0.847579549513265, -0.15946051718501014, 0.5045949419910498
-0.8241754867233121, -0.2482375911384264, 0.5075941333121818
-0.7924775118335581, -0.3344579584558885, 0.5086978300765479
-0.753068364147207, -0.41743969569246997, 0.5073720423020217
-0.7059764021292566, -0.4962620317646914, 0.5042381454059173
-0.6507801525163563, -0.5696136716326056, 0.5010660019137303
-0.5869614688682332, -0.6356584135513146, 0.5004862774839726
-0.5152775059828103, -0.6930579106644433, 0.5032721221893924
-0.4377228178091513, -0.7422343155970221, 0.5067058075824123
-0.3557072365459533, -0.7836634606565059, 0.5086891715719601
-0.27023675158170124, -0.8174740539676809, 0.5082501404796672
-0.1820386877333326, -0.8432386819915861, 0.5055637205366624
-0.09171530204094812, -0.859974104685096, 0.5019677031152627
0.0, -0.8660254037844368, 0.5000000000000032
-1.1949465479216133e-15, -0.8660254037844368, 0.5000000000000032
0.09171529006245303, -0.8599738737397524, 0.5019676811936565
0.18203862668045534, -0.8432383096837012, 0.5055635094922306
0.27023668500224546, -0.8174738283726292, 0.5082499974634356
0.3557073479034938, -0.7836637301745468, 0.5086892195211159
0.43772335659045436, -0.7422353359536332, 0.5067056426838391
0.5152783994182801, -0.6930592994620492, 0.5032715032701807
0.5869617576460543, -0.6356587800532871, 0.5004859971273008
0.6507789931676314, -0.5696125672506138, 0.5010661049670028
0.7059753367986802, -0.4962612085365441, 0.5042372568935408
0.7530678948931155, -0.41743941937037954, 0.5073713403632084
0.792478006733647, -0.33445818724073884, 0.5086978856489682
0.8241773855438542, -0.24823822185594846, 0.5075939846537864
0.8475823705772408, -0.1594611986324622, 0.5045937438124042
0.8615745301428617, -0.06875427174769544, 0.5013612252752792
0.8644591548226537, 0.02298394929643526, 0.500573352464665
0.8557402681849613, 0.11432257537252082, 0.5029545974641146
0.8367985585011928, 0.20411429888763394, 0.5062840792846075
0.8090829195105985, 0.29164984481089257, 0.5083910284253187
0.7734254073156128, 0.3762888985371081, 0.5082099443348531
0.7301146253844022, 0.45723681882328493, 0.5058340427071353
0.6789449190670748, 0.5334009372945183, 0.5024923096552651
0.6193762163835368, 0.603178045523209, 0.5005453624084254
0.5514699400102285, 0.6648405906444751, 0.5018280779040181
0.4767180351247512, 0.7180186494624528, 0.5050532864422831
0.3968443183228072, 0.7632301170706012, 0.5077866646981085
0.3130389382101592, 0.8007642404328613, 0.5085250889994581
0.22616607958770518, 0.8304760738955114, 0.5069183254811234
0.13688227343774356, 0.8516462416240995, 0.5037582190246301
0.04585756093713769, 0.8629980186583847, 0.5009836864578635
-0.04585755793378138, 0.8629979607975671, 0.5009836809528853
-0.13688229460071422, 0.8516463335984021, 0.5037580615478234
-0.2261661577391272, 0.8304763500981859, 0.5069181956284763
-0.31303906253260894, 0.8007645564157535, 0.5085251285398227
-0.3968444752801733, 0.7632304096725395, 0.50778653320534
-0.4767180977785235, 0.7180187677759693, 0.5050527242748005
-0.5514694929256992, 0.66484007800346, 0.501827759767694
-0.6193754234888146, 0.6031773005123093, 0.5005455232022892
-0.6789455453849437, 0.5334013638046553, 0.5024914962611146
-0.7301159999079567, 0.4572376200431468, 0.5058333381324094
-0.7734265566228783, 0.37628944104933865, 0.508209976118033
-0.8090834728851883, 0.2916500252503908, 0.5083909211756678
-0.8367983408959582, 0.20411426321970993, 0.5062829587115624
-0.8557386740394864, 0.11432242556875521, 0.5029535228299125
-0.8644566312416848, 0.022983959398919108, 0.5005737968830261
-0.8615759655523065, -0.06875449291866477, 0.5013600851251027
-0.8475859648918288, -0.15946206721252082, 0.5045922183583375
-0.8241801601271963, -0.24823914361856766, 0.5075937665037189
-0.7924788399949738, -0.3344585724228948, 0.5086979790770836
-0.7530669839222155, -0.4174388829471469, 0.507369968176033
-0.7059729124355538, -0.4962593350535073, 0.5042352272229362
-0.6507758682792176, -0.569609590694436, 0.501066381918706
-0.5869626907062819, -0.6356599642553573, 0.5004850933764087
-0.5152819113502737, -0.6930647596365768, 0.5032690717307722
-0.43772600252980026, -0.7422403477070618, 0.5067048311662362
-0.3557080583963283, -0.7836654496974398, 0.5086895254001371
-0.2702360974861557, -0.8174718381233784, 0.5082487313594982
-0.18203778758547007, -0.8432331934105776, 0.5055605997573938
-0.09171494767938777, -0.8599672776033324, 0.5019670536278066
0.0, -0.8660254037844368, 0.5000000000000031
-1.197006044875104e-15, -0.8660254037844368, 0.5000000000000031
0.09171493563071771, -0.8599670456588197, 0.5019670315088401
0.18203772658949602, -0.8432328215398971, 0.5055603875634497
0.27023603104438987, -0.8174716131001545, 0.5082485877079749
0.3557081699379637, -0.7836657196361543, 0.508689573412615
0.43772654373028297, -0.7422413729786798, 0.5067046648254268
0.5152828112697774, -0.6930661590621536, 0.5032684489952188
0.5869629825162425, -0.6356603346124368, 0.5004848113926663
0.650774702100283, -0.5696084799380239, 0.5010664849673395
0.7059718490828961, -0.4962585132900688, 0.504234333565027
0.7530665188748992, -0.41743860910670905, 0.5073692627288309
0.7924793359998737, -0.33445880169236963, 0.5086980346071149
0.8241820664702599, -0.24823977704088745, 0.5075936159743057
0.8475888076900207, -0.15946275446486902, 0.5045910127573676
0.8615772698299557, -0.06875469386892909, 0.5013590522760655
0.8644540118638715, 0.022983969866574163, 0.5005742573686647
0.8557367862091692, 0.11432224824831515, 0.5029522453033686
0.8367980515708439, 0.20411421635578264, 0.5062814306455132
0.8090843412162059, 0.29165030844864537, 0.5083907526262799
0.7734286394292972, 0.376290424144109, 0.508210033096872
0.7301189052464474, 0.45723931321244227, 0.5058318502081944
0.6789471039244341, 0.5334024252765529, 0.5024894807964204
0.6193730900283652, 0.603175108073881, 0.500545995612404
0.5514679104647142, 0.6648382635294133, 0.5018266304002932
0.47671837803235884, 0.7180192950124038, 0.5050502643001122
0.3968453502583238, 0.7632320412002878, 0.5077858003376567
0.3130399870228432, 0.800766906108549, 0.5085254222390512
0.22616700539877427, 0.8304793447540821, 0.506916788843411
0.13688269322503138, 0.851648067736257, 0.5037551134910245
0.04585738322808089, 0.8629945976021023, 0.5009833602278768
-0.0458573802071065, 0.8629945394906907, 0.5009833546733573
-0.13688271477177733, 0.8516481615622711, 0.5037549551046179
-0.22616708422133608, 0.8304796231172169, 0.5069166581803053
-0.3130401116015905, 0.8007672227351945, 0.5085254617715304
-0.39684550829308274, 0.76323233594831, 0.5077856679981223
-0.47671844382888995, 0.7180194183498811, 0.5050496989792426
-0.5514674631145124, 0.6648377505978349, 0.501826310198445
-0.6193722919271618, 0.6031743582402534, 0.5005461569163807
-0.6789477392808362, 0.5334028580527972, 0.5024886626236378
-0.7301202907955824, 0.4572401205041053, 0.5058311412546057
-0.7734297921711861, 0.376290968210343, 0.5082100642903271
-0.8090848973761808, 0.2916504898738037, 0.5083906445074318
-0.8367978436989137, 0.2041141831064463, 0.5062803040627345
-0.8557351946405731, 0.1143220988238291, 0.50295116411162
-0.8644514713138043, 0.022983980001591842, 0.5005747032227671
-0.8615787224632661, -0.0687549176591363, 0.5013579054035451
-0.8475924297084315, -0.15946363044821144, 0.5045894778396424
-0.8241848520547466, -0.24824070276018162, 0.5075933950804561
-0.7924801711196097, -0.3344591876897416, 0.5086981279621174
-0.7530656161614249, -0.4174380775522817, 0.5073678836720291
-0.705969429285468, -0.49625664318525864, 0.5042322921279967
-0.650771558776794, -0.5696054861783728, 0.5010667619021263
-0.5869639253769426, -0.6356615312769903, 0.5004839023910352
-0.5152863487063681, -0.6930716610532969, 0.5032660024396054
-0.43772920155642253, -0.7422464088885637, 0.5067038462032237
-0.3557088816014278, -0.7836674418329591, 0.5086898796929838
-0.2702354447561928, -0.81746962793991, 0.5082473159684768
-0.18203688829532738, -0.8432277113698944, 0.5055574619646866
-0.09171459123965593, -0.8599604209578932, 0.5019663982936221
0.0, -0.866025403784437, 0.500000000000003
-1.1990760757362436e-15, -0.8660254037844369, 0.500000000000003
0.091714579120237, -0.8599601880078875, 0.5019663759756173
0.18203682735908044, -0.84322733995045, 0.5055572486126376
0.2702353784548618, -0.817469403497471, 0.5082471716763288
0.35570899332688033, -0.7836677121915224, 0.5086899277686082
0.43772974519047586, -0.7422474391069085, 0.5067036784049797
0.5152872551643962, -0.6930730712024934, 0.5032653758526633
0.5869642202525995, -0.6356619055330937, 0.5004836187674716
0.6507703857082825, -0.5696043689931689, 0.5010668649430464
0.7059683679662757, -0.49625582292511555, 0.5042313932848365
0.7530651553757346, -0.4174378062232475, 0.5073671746870081
0.7924806682318708, -0.3344594174449235, 0.5086981834482326
0.8241867659643947, -0.2482413389045262, 0.5075932426594216
0.8475952944258702, -0.1594643235611738, 0.5045882647476847
0.86158004238364, -0.06875512098975761, 0.5013568664584022
0.8644488342980315, 0.02298399050299313, 0.5005751651955743
0.8557333099134732, 0.11432192196051377, 0.5029498787835762
0.8367975676885419, 0.2041141395537105, 0.506278767789126
0.8090857700824031, 0.2916507746208051, 0.508390474590789
0.7734318812086413, 0.3762919541241474, 0.5082101201955926
0.7301232194464212, 0.4572418265077857, 0.50582964406755
0.6789493202744131, 0.5334039350874229, 0.5024866353038955
0.6193699431219795, 0.6031721515890194, 0.5005466308250832
0.5514658797316472, 0.6648359351189029, 0.5018251734940784
0.4767187378726874, 0.7180199676382979, 0.5050472251868559
0.39684638927840116, 0.7632339794451277, 0.5077849304036135
0.31304103799872496, 0.8007695772176091, 0.5085257554104884
0.22616793916090105, 0.8304826411979166, 0.5069152426004164
0.13688312060363472, 0.8516499304525793, 0.5037519899983725
0.04585720447554931, 0.8629911617155016, 0.5009830310622783
-0.045857201436822745, 0.8629911033520222, 0.5009830254577918
-0.13688314253885225, 0.8516500261503974, 0.5037518306948618
-0.22616801866048392, 0.8304829217386124, 0.5069151111190962
-0.31304116283459404, 0.8007698944900719, 0.5085257949346467
-0.3968465483983598, 0.763234276355957, 0.5077847972091174
-0.4767188068456665, 0.718020096057129, 0.5050466566862762
-0.5514654321268196, 0.6648354219108242, 0.5018248512108855
-0.6193691397658274, 0.6031713968884124, 0.5005467926402614
-0.678949964770785, 0.5334043741969653, 0.5024858123130452
-0.7301246161151798, 0.457242639919387, 0.5058289306935543
-0.7734330374028764, 0.37629249975210954, 0.508210150792165
-0.8090863290470263, 0.2916509570390273, 0.5083903655939337
-0.8367973696627973, 0.20411410875489103, 0.5062776351458482
-0.8557317210053064, 0.11432177292823506, 0.5029487909838594
-0.8644462766184211, 0.022984000670741092, 0.500575612488627
-0.8615815124320576, -0.0687553474317231, 0.5013557128095634
-0.8475989443825697, -0.15946520701844397, 0.5045867202786992
-0.8241895626163416, -0.24824226860624288, 0.5075930189919311
-0.7924815052169893, -0.33445980426044547, 0.5086982767283226
-0.7530642610251287, -0.4174372795945259, 0.5073657887021423
-0.7059659528645555, -0.49625395628882757, 0.5042293399916272
-0.650767223789516, -0.5696013578832441, 0.5010671418527728
-0.5869651730226197, -0.635663114802486, 0.5004827044740482
-0.5152908183175908, -0.6930786153830063, 0.5032629141435903
-0.43773241497806015, -0.7422524993367943, 0.506702852604325
-0.3557097061629435, -0.7836694370663816, 0.5086902344523898
-0.27023479341954326, -0.8174674235079464, 0.5082458942544715
-0.18203598990646386, -0.8432222360857135, 0.5055543070299893
-0.09171423270449054, -0.8599535345580632, 0.5019657370645226
0.0, -0.866025403784437, 0.5000000000000029
-1.2011567215304363e-15, -0.866025403784437, 0.5000000000000029
0.09171422051376482, -0.8599533005965206, 0.5019657145458303
0.1820359290329324, -0.843221865132283, 0.5055540925110692
0.2702347272616432, -0.8174671996560904, 0.508245749316484
0.3557098180723016, -0.7836697078448704, 0.5086902825912789
0.43773296106080894, -0.742253534535042, 0.5067026833334152
0.515291731366518, -0.6930800363483397, 0.503262283670272
0.5869654709963504, -0.6356634930000756, 0.5004824191985646
0.6507660437708152, -0.5696002342137352, 0.5010672448830928
0.7059648936365799, -0.4962531375721019, 0.5042284359236235
0.7530638045568018, -0.41743701080704676, 0.5073650761496739
0.7924820034397742, -0.3344600345026423, 0.5086983321691702
0.8241914841371121, -0.24824290748997663, 0.5075928646585238
0.8476018312049028, -0.1594659060480273, 0.5045854996258123
0.861582848167406, -0.0687555531721482, 0.5013546677194602
0.8644436217986803, 0.022984011205990577, 0.500576075951664
0.8557298394817343, 0.11432159653745666, 0.5029474977948485
0.836797107121199, 0.20411406855689448, 0.5062760905957359
0.8090872061578078, 0.29165124334605463, 0.5083901942959947
0.7734351327008778, 0.3762934884976939, 0.5082102056102158
0.7301275682771449, 0.4572443588591105, 0.5058274241563755
0.6789515684695838, 0.5334054669605468, 0.5024837730409208
0.6193667754724713, 0.6031691758933463, 0.5005472680511451
0.5514638478611997, 0.6648336054768218, 0.5018237071134993
0.47671911482688173, 0.7180206676490022, 0.5050441689603469
0.3968474354350955, 0.7632359319166104, 0.5077840548419337
0.31304209114340165, 0.8007722537741868, 0.5085260885089145
0.22616888094480153, 0.8304859634332935, 0.5069136866606114
0.13688355566745597, 0.8516518301755921, 0.5037488483972921
0.04585702467087583, 0.8629877109029502, 0.5009826989369042
-0.04585702161424937, 0.8629876522857733, 0.5009826932820408
-0.13688357799595113, 0.8516519277657959, 0.5037486881690354
-0.22616896112750812, 0.8304862461693805, 0.5069135543533222
-0.31304221623683487, 0.8007725716935883, 0.5085261280239751
-0.3968475956483676, 0.7632362310076014, 0.5077839207842325
-0.4767191870107501, 0.7180208012078748, 0.5050435972533467
-0.5514634000126517, 0.664833092006138, 0.5018233827330416
-0.6193659668120641, 0.6031684162807023, 0.500547430378827
-0.6789522222075244, 0.5334059124705695, 0.5024829451923755
-0.7301289761612489, 0.4572451784396565, 0.5058267063203536
-0.7734362923622949, 0.3762940356937604, 0.5082102356020046
-0.8090877679458008, 0.291651426764548, 0.5083900844121452
-0.8367969190561688, 0.20411404024095922, 0.5062749518412847
-0.8557282533195598, 0.11432144791053087, 0.5029464033368511
-0.864441046829487, 0.02298402140656621, 0.5005765246861797
-0.8615843358218915, -0.06875578229856365, 0.5013535072402171
-0.8476055093359822, -0.15946679705052103, 0.5045839455164548
-0.8241942919205941, -0.24824384119915574, 0.5075926381868955
-0.7924828422947764, -0.3344604221381439, 0.5086984253718705
-0.7530629186814058, -0.4174364891649419, 0.5073636831796281
-0.7059624833628013, -0.49625127449615414, 0.5042263706834422
-0.6507628630953562, -0.5695972056056968, 0.5010675217589393
-0.5869664337828215, -0.6356647150146596, 0.5004814995732659
-0.5152953204466517, -0.6930856230890621, 0.5032598066695122
-0.4377356428839087, -0.7422586192476011, 0.5067018502789818
-0.35571053208027315, -0.7836714353952137, 0.5086905896780896
-0.2702341435070562, -0.8174652249286631, 0.5082444661669587
-0.1820350924630803, -0.8432167677765323, 0.5055511348231795
-0.09171387205648389, -0.8599466182120541, 0.5019650698920535
0.0, -0.8660254037844372, 0.5000000000000028
-1.203248064116204e-15, -0.8660254037844372, 0.5000000000000027
0.09171385979382565, -0.8599463832319614, 0.5019650471710381
0.1820350316552716, -0.8432163973039858, 0.5055509191285092
0.2702340774956733, -0.8174650016775189, 0.5082443205779078
0.35571064417346215, -0.783671706593332, 0.508690637880228
0.43773619143052145, -0.7422596594590976, 0.5067016795199375
0.5152962401446212, -0.6930870549722477, 0.503259172273703
0.5869667348913566, -0.6356650972016664, 0.5004812126319185
0.6507616760676851, -0.5695960753980196, 0.5010676247748169
0.7059614262833915, -0.4962504573625797, 0.5042254613501574
0.7530624665878792, -0.4174362229501367, 0.5073629670299528
0.7924833416309494, -0.33446065286855625, 0.5086984807660135
0.8241962210970181, -0.24824448283969489, 0.5075924819200912
0.8476084184508785, -0.15946750205337562, 0.504582717233262
0.8615856875489375, -0.06875599047886644, 0.5013524559557614
0.8644383740393204, 0.022984031975899558, 0.5005769896418665
0.8557263751019459, 0.11432127200816969, 0.5029451022259825
0.8367966701396296, 0.20411400344194183, 0.5062733989447559
0.8090886494907744, 0.2916517146430002, 0.5083899117187526
0.7734383939489715, 0.3762950272832366, 0.5082102893187235
0.7301319520347603, 0.45724691041785137, 0.505825190345252
0.6789538488675251, 0.5334070211325888, 0.5024808938694787
0.619363586886666, 0.6031661808105241, 0.500547907294719
0.5514618149047158, 0.6648312746686125, 0.5018222311860395
0.4767195090781854, 0.7180213953572538, 0.5050410954767436
0.3968484887815698, 0.7632378987285608, 0.5077831735981939
0.3130431464611835, 0.8007749357892235, 0.5085264215282829
0.22616983082255804, 0.8304893116706129, 0.5069121209317624
0.1368839985116284, 0.851653767312397, 0.5037456885366622
0.04585684380528066, 0.8629842450677518, 0.5009823638274601
-0.045856840730587156, 0.8629841861949982, 0.5009823581218119
-0.13688402123831683, 0.8516538668160798, 0.5037455273758511
-0.2261699116944983, 0.8304895966199293, 0.5069119877906134
-0.3130432718127741, 0.8007752543570961, 0.508526461033606
-0.39684865009625514, 0.763238200017101, 0.5077830386689104
-0.47671958450799423, 0.7180215341159484, 0.5050405205361924
-0.5514613668231905, 0.6648307609491083, 0.5018219046921412
-0.6193627728713752, 0.603165416239625, 0.5005480701365628
-0.6789545119503981, 0.5334074731114542, 0.5024800611232747
-0.7301333712300673, 0.4572477362163335, 0.5058244680050455
-0.7734395570938446, 0.3762955760544537, 0.5082103186980356
-0.8090892141213076, 0.2916518990691612, 0.508389800938819
-0.8367964921508126, 0.20411397764163583, 0.5062722540276718
-0.8557247917720527, 0.11432112379991638, 0.5029440010590022
-0.8644357816149167, 0.022984042209404767, 0.5005774398214397
-0.8615871930051394, -0.06875622232321207, 0.5013512885909078
-0.8476121249960465, -0.15946840067352563, 0.5045811533935436
-0.8241990400779597, -0.24824542058208116, 0.5075922526135285
-0.7924841823611102, -0.3344610413262416, 0.5086985738890095
-0.7530615892984834, -0.4174357063545383, 0.5073615670161487
-0.705959020972397, -0.49624859794058973, 0.5042233840717582
-0.65075847647016, -0.5695930291405209, 0.5010679016089649
-0.5869677078038532, -0.6356663321051582, 0.500480287633649
-0.515299855366903, -0.6930926846524689, 0.5032566798403165
-0.4377388853639734, -0.7422647688188337, 0.5067008391355722
-0.3557113593533714, -0.7836734368184841, 0.5086909453704411
-0.2702334950488403, -0.8174630323005884, 0.5082430316539395
-0.1820341960100376, -0.8432113066636198, 0.5055479452127307
-0.091713509277923, -0.8599396717248878, 0.5019643967274952
0.0, -0.8660254037844372, 0.5000000000000027
-1.2053501861959221e-15, -0.8660254037844372, 0.5000000000000027
0.09171349694270337, -0.8599394357192173, 0.5019643738024905
0.18203413527103252, -0.8432109366871733, 0.5055477283333414
0.2702334291870874, -0.8174628096603622, 0.5082428854085332
0.35571147163045275, -0.783673708436288, 0.5086909936359439
0.43773943638989643, -0.7422658140775293, 0.5067006668728119
0.5153007817675955, -0.6930941275484769, 0.5032560414860656
0.5869680120806059, -0.6356667183254776, 0.5004799990139847
0.6507572823712316, -0.5695918923376886, 0.5010680046075761
0.7059579661014522, -0.49624778243175194, 0.5042224694329744
0.7530611416370188, -0.417435442743355, 0.50736084723909
0.7924846828139016, -0.33446127254622116, 0.5086986292350959
0.8242009769554977, -0.24824606499717847, 0.507592094392114
0.8476150565932905, -0.15946911170704198, 0.5045799174084353
0.8615885609013231, -0.06875643297381147, 0.5013502310619693
0.8644330906823585, 0.022984052812918453, 0.5005779062733107
0.8557229169634636, 0.11432094840190436, 0.502942691965641
0.8367962570170413, 0.2041139442863294, 0.5062706927141631
0.8090901001304054, 0.2916521885305704, 0.5083896268355949
0.7734416649985179, 0.37629657050047877, 0.5082103712993511
0.7301363710177715, 0.45724948133648535, 0.5058229425027594
0.67895616182925, 0.533408597842266, 0.5024779976502343
0.6193603771658518, 0.6031631661591511, 0.5005485485615557
0.5514597809129465, 0.6648289427592031, 0.501820745638196
0.476719920812799, 0.718022151081066, 0.5050380045901158
0.39684954937104266, 0.763239879995193, 0.5077822866170802
0.31304420395700316, 0.8007776232753426, 0.5085267544630814
0.22617078886663486, 0.830492686121135, 0.506910545320278
0.13688444923266685, 0.8516557422756341, 0.503742510263512
0.04585666186990966, 0.862980764112663, 0.500982025709233
-0.04585665877700068, 0.862980704982693, 0.5009820199523749
-0.13688447236249282, 0.8516558437139172, 0.5037423481623235
-0.22617087043398162, 0.8304929733016692, 0.5069104113372886
-0.3130443295673222, 0.8007779424931492, 0.5085267939579969
-0.3968497117952817, 0.763240183498764, 0.5077821508076985
-0.47671999952269317, 0.7180222950980468, 0.5050374263887081
-0.5514593326104203, 0.6648284288061463, 0.5018204170146402
-0.6193595577455543, 0.6031623965842662, 0.5005487119185675
-0.6789568343625852, 0.5334090563597669, 0.5024771599658756
-0.7301378016207756, 0.4572503134021424, 0.5058222156157881
-0.7734428316430066, 0.3762971208538102, 0.5082104000583355
-0.8090906676225875, 0.29165237397175797, 0.5083895151503074
-0.836796089220871, 0.20411392103470552, 0.5062695415819898
-0.8557213365538223, 0.11432080062600265, 0.5029415840376087
-0.8644304806370974, 0.02298406307953172, 0.5005783579007407
-0.8615900843580442, -0.06875666757008318, 0.5013490567556552
-0.8476187917949192, -0.15947001801813032, 0.5045783437475362
-0.8242038072006662, -0.24824700679883166, 0.5075918622195652
-0.7924855254249228, -0.3344616618284773, 0.5086987222761896
-0.7530602730466844, -0.4174349312553535, 0.5073594401223235
-0.7059555658892409, -0.4962459267579361, 0.5042203800235255
-0.6507540636870008, -0.5695888282799768, 0.5010682813909018
-0.5869689952329405, -0.6356679662669048, 0.5004790686000594
-0.5153044233507396, -0.6930998005536507, 0.5032535334777469
-0.4377421425104844, -0.7422709482530093, 0.5066998190820553
-0.35571218798331966, -0.783675441338129, 0.5086913015308249
-0.2702328480762908, -0.8174608457266155, 0.5082415906635904
-0.18203330059363967, -0.8432058529752458, 0.5055447380658433
-0.09171314435111572, -0.8599326949026214, 0.5019637175207203
-8.881784197001252e-16, -0.866025403784437, 0.5000000000000027
-1.2074631713267218e-15, -0.8660254037844372, 0.5000000000000027
0.09171313194275837, -0.8599324578651834, 0.5019636943900251
0.1820332399265955, -0.8432054835104004, 0.5055445199926839
0.27023278236735837, -0.8174606237077214, 0.508241443756495
0.35571230044438473, -0.7836757133757218, 0.5086913498598289
0.4377426960313341, -0.7422719985932151, 0.5066996452998197
0.5153053565098217, -0.6931012545607059, 0.5032528911285312
0.5869693027129649, -0.6356683565664856, 0.5004787782889865
0.6507528624547466, -0.5695876848251681, 0.5010683843689833
0.7059545132871066, -0.496245112915634, 0.5042194600383795
0.7530598298754276, -0.41743467027918396, 0.5073587166873377
0.7924860269976048, -0.33446189353938327, 0.5086987775728609
0.8242057518251266, -0.24824765400637602, 0.5075917020220757
0.8476217460661665, -0.15947073514031682, 0.5045770999882485
0.8615914686031407, -0.06875688072180927, 0.5013479929316333
0.8644277713894408, 0.022984073717362125, 0.500578825851827
0.8557194652592529, 0.11432062574863458, 0.5029402669002575
0.8367958680293556, 0.20411389116841358, 0.5062679717800321
0.8090915581259946, 0.2916526650277599, 0.5083893396227075
0.7734449458951413, 0.37629811816909525, 0.5082104515299926
0.7301408255275883, 0.4572520717688243, 0.5058206804959294
0.6789585077211826, 0.5334101973317431, 0.5024750842420693
0.6193571461105098, 0.6031601317571225, 0.5005491918564264
0.551457745939106, 0.6648266098165443, 0.5018192503959618
0.47672035021735804, 0.7180229351396774, 0.5050348961530978
0.39685061725719933, 0.7632418758317778, 0.5077813938425748
0.313045263635758, 0.80078031624505, 0.5085270873076873
0.2261717551502868, 0.8304960869981988, 0.5069089597314361
0.13688490792833183, 0.8516577554825169, 0.5037393134232022
0.04585647885583255, 0.8629772679398445, 0.5009816845572845
-0.04585647574456288, 0.8629772085510958, 0.500981678748794
-0.13688493146627417, 0.8516578588765853, 0.5037391503737687
-0.22617183741929336, 0.8304963764281343, 0.5069088248985244
-0.3130453895054027, 0.8007806361142951, 0.5085271267915306
-0.39685078079925107, 0.7632421815680945, 0.5077812571445082
-0.4767204322425195, 0.7180230844751139, 0.5050343146631793
-0.5514572974274126, 0.6648260956450461, 0.501818919626345
-0.6193563212341875, 0.6031593571316878, 0.5005493557297647
-0.6789591898114755, 0.5334106624582287, 0.5024742415785761
-0.7301422676360562, 0.45725291015152053, 0.5058199490190303
-0.7734461160556394, 0.3762986701116087, 0.5082104796607388
-0.809092128499268, 0.29165285149146436, 0.508389227022743
-0.8367957105438706, 0.2041138704990187, 0.5062668143799393
-0.8557178878592878, 0.11432047841897552, 0.5029391521590443
-0.8644251435558739, 0.02298408401721795, 0.5005792789298744
-0.8615930102605339, -0.06875711810436314, 0.5013468116276608
-0.8476255101684447, -0.15947164921632373, 0.5045755164140776
-0.8242085934012836, -0.24824859989340434, 0.5075914669519679
-0.7924868714946947, -0.3344622836483747, 0.508698870529651
-0.7530589700978736, -0.4174341639601462, 0.5073573024076227
-0.7059521183118368, -0.4962432610856573, 0.5042173584043294
-0.6507496245156358, -0.5695846028133198, 0.5010686610927716
-0.5869702962179572, -0.6356696176938345, 0.5004778424173613
-0.5153090246728473, -0.6931069712774972, 0.5032503674012523
-0.43774541441509734, -0.7422771577517833, 0.5066987900245998
-0.3557130179701127, -0.78367744895322, 0.5086916581596959
-0.2702322026203738, -0.8174586653076972, 0.5082401431426994
-0.1820324062603187, -0.84320040693911, 0.5055415132482272
-0.09171277725803154, -0.8599256875478233, 0.5019630322221269
0.0, -0.8660254037844373, 0.5000000000000024
-1.2095871039315612e-15, -0.8660254037844372, 0.5000000000000023
0.09171276477592182, -0.8599254494718999, 0.501963008884047
0.18203234566842016, -0.8432000380014627, 0.5055412939721424
0.270232137067443, -0.817458443920506, 0.5082399955684781
0.3557131306151703, -0.7836777214105035, 0.5086917065522754
0.43774597044649666, -0.7422782132078822, 0.5066986147068754
0.5153099646465598, -0.6931084364949217, 0.5032497210200754
0.5869706069366623, -0.6356700121191274, 0.5004775504016956
0.6507484160872252, -0.5695834526490328, 0.5010687640470137
0.7059510680396859, -0.496242448952228, 0.504216433031537
0.7530585314755385, -0.41743390565066074, 0.5073565752837784
0.7924873741904204, -0.33446251585152076, 0.5086989257754885
0.8242105458186828, -0.24824924991139544, 0.5075913047566324
0.8476284873071176, -0.15947237248581317, 0.5045742648075981
0.8615944110366264, -0.06875733378848918, 0.5013457414574688
0.8644224158186556, 0.02298409468950803, 0.5005797483830441
0.8557160201855908, 0.11432030407887729, 0.5029378269155886
0.836795503456022, 0.20411384416765788, 0.5062652360172505
0.8090930235275131, 0.29165314415383536, 0.5083890500560734
0.7734482366849624, 0.3762996703089773, 0.5082105299883252
0.7301453158688042, 0.45725468187019, 0.5058184041901614
0.6789608869144118, 0.5334118198461031, 0.502472153502221
0.6193538935189719, 0.6031570774204063, 0.5005498371839083
0.5514557100372715, 0.6648242759097435, 0.5018177453846167
0.47672079748131385, 0.718023747857272, 0.5050317700166473
0.39685169249432417, 0.7632438863548765, 0.50778049521807
0.3130463255024268, 0.8007830147109962, 0.5085274200564536
0.22617272974759894, 0.8304995145172878, 0.5069073640693259
0.13688537469762274, 0.851659807354705, 0.5037360978593921
0.04585629475399029, 0.862973756450202, 0.5009813403466297
-0.04585629162420521, 0.8629736968009891, 0.5009813344860795
-0.13688539864875338, 0.851659912726151, 0.5037359338537125
-0.2261728127245758, 0.8304998062149744, 0.5069072283783097
-0.31304645163198164, 0.8007833352331718, 0.5085274595285473
-0.39685185716250027, 0.763244194341803, 0.5077803576226154
-0.47672088285726744, 0.718023902571994, 0.5050311852102344
-0.5514552613284519, 0.6648237615352035, 0.5018174124523811
-0.6193530631349213, 0.6031562976972449, 0.5005500015747517
-0.6789615786693549, 0.5334122916526635, 0.502471305818181
-0.730146769581447, 0.457255526620234, 0.5058176680796311
-0.7734494103779226, 0.3763002238477683, 0.5082105574828111
-0.8090935968014323, 0.29165333164760443, 0.5083889365319756
-0.8367953564005379, 0.20411382611446138, 0.5062640722957674
-0.855714445886171, 0.11432015720961723, 0.5029367053085059
-0.864419770026908, 0.02298410502274354, 0.5005802029145036
-0.8615959710976953, -0.06875757399221792, 0.5013445530989226
-0.8476322805568268, -0.15947329440159283, 0.5045726712269051
-0.8242133987932558, -0.2482501999101828, 0.5075910667570348
-0.7924882205789521, -0.3344629067894907, 0.5086990186455975
-0.7530576806259992, -0.4174334045627256, 0.5073551537804656
-0.7059486784418407, -0.49624060106328055, 0.5042143190783661
-0.6507451587236548, -0.5695803525278729, 0.5010690407022028
-0.5869716109090866, -0.635671286582989, 0.5004766090296762
-0.5153136596109719, -0.6931141973146582, 0.5032471814280592
-0.4377487011704665, -0.7422833975191162, 0.5066977518683325
-0.3557138493139471, -0.7836794596634007, 0.508692015257741
-0.27023155871268867, -0.8174564911468428, 0.5082386890376392
-0.1820315130575214, -0.8431949687874801, 0.5055382706242016
-0.09171240798046837, -0.8599186494616085, 0.5019623407813664
0.0, -0.8660254037844373, 0.5000000000000023
-1.2117220693104688e-15, -0.8660254037844374, 0.5000000000000023
0.091712395423986, -0.8599184103404274, 0.5019623172341858
0.18203145254401643, -0.843194600392911, 0.5055380501359398
0.27023149331899954, -0.8174562704019053, 0.5082385407908045
0.3557139621430232, -0.7836797325403265, 0.5086920637139921
0.43774925972813006, -0.742284458125737, 0.5066975749989157
0.5153146064561012, -0.693115673842827, 0.503246530977491
0.586971924902424, -0.6356716851811726, 0.5004763152960651
0.6507439430356364, -0.5695791955960502, 0.5010691436292105
0.7059476305619773, -0.4962397906818129, 0.5042133882762614
0.7530572466119702, -0.4174331489519216, 0.5073544229364747
0.7924887244009269, -0.3344631394862086, 0.5086990738391792
0.8242153590500154, -0.24825085275678477, 0.5075909025417741
0.8476352807583925, -0.15947402387770837, 0.5045714116992627
0.8615973885893045, -0.06875779224048728, 0.5013434765308612
0.8644170236233302, 0.022984115729636354, 0.5005806738726122
0.8557125819419162, 0.11431998342372295, 0.5029353718961467
0.8367951635796257, 0.20411380336454354, 0.5062624852991341
0.8090944963852563, 0.2916536259282061, 0.5083887581113159
0.7734515374143348, 0.376301226940104, 0.5082106066517226
0.7301498423486333, 0.4572573117970793, 0.5058161134492125
0.6789632997844619, 0.5334134656331793, 0.5024692052864634
0.619350619186955, 0.6031540029626155, 0.5005504845486222
0.5514536732626838, 0.6648219411094498, 0.5018162305287247
0.476721262796183, 0.7180245895618808, 0.5050286260300831
0.3968527751369531, 0.7632459116817718, 0.507779590686192
0.3130473895619259, 0.800785718685741, 0.5085277527036343
0.22617371273338752, 0.830502968895852, 0.5069057582368393
0.13688584964093936, 0.8516618983192956, 0.5037328634138418
0.04585610955523298, 0.862970229543863, 0.5009809930519522
-0.045856106406776106, 0.8629701696324857, 0.5009809871389111
-0.13688587401039903, 0.8516620056899741, 0.5037326984438195
-0.22617379642470836, 0.830503262879811, 0.5069056216794326
-0.3130475159519708, 0.8007860398623357, 0.5085277921632914
-0.39685294093957973, 0.7632462219372363, 0.507779452184531
-0.4767213515588983, 0.7180247497175265, 0.5050280378789237
-0.5514532243691118, 0.6648214265476983, 0.5018158954171498
-0.6193497832428471, 0.6031532180939897, 0.5005506494581385
-0.6789640013131769, 0.5334139441918044, 0.5024683525400586
-0.7301513077648167, 0.45725816296504324, 0.5058153726608415
-0.7734527146563516, 0.37630178208231935, 0.5082106335018284
-0.809095072579546, 0.2916538144596518, 0.5083886436534759
-0.8367950270749283, 0.20411378796197913, 0.5062613152020652
-0.8557110108353844, 0.11431983702928543, 0.50293424336991
-0.8644143597014669, 0.022984126096390837, 0.5005811298602096
-0.8615989672596261, -0.06875803530078628, 0.5013422810601805
-0.8476391034049354, -0.159474953708996, 0.5045698080175255
-0.824218223490972, -0.24825180689393053, 0.507590661580219
-0.7924895726863078, -0.33446353125539774, 0.5086991666202015
-0.753056404806806, -0.4174326531577457, 0.5073529941481901
-0.7059452464849039, -0.4962379468329976, 0.5042112619086785
-0.6507406660761319, -0.5695760772087006, 0.5010694202066143
-0.5869729394586192, -0.6356729731342528, 0.500475368380506
-0.5153183284452215, -0.6931214791604521, 0.5032439753733143
-0.43775200286928473, -0.7422896677594218, 0.5066967045171019
-0.3557146820149846, -0.7836814734682662, 0.5086923728256694
-0.2702309163852714, -0.8174543233483672, 0.5082372282941731
-0.1820306210335532, -0.8431895387562732, 0.5055350100566148
-0.09171203650003121, -0.8599115804433961, 0.5019616431475359
0.0, -0.8660254037844373, 0.5000000000000022
-1.213868153651963e-15, -0.8660254037844373, 0.5000000000000022
0.09171202386854901, -0.859911340270128, 0.5019616193895211
0.1820305606017433, -0.8431891709208876, 0.505534788346829
0.27023085115410267, -0.8174541032563564, 0.5082370793691723
0.355714795028098, -0.7836817467647752, 0.5086924213456897
0.43775256396916873, -0.7422907335517235, 0.5066965260796022
0.5153192822192394, -0.6931229671010213, 0.5032433208154184
0.5869732567629793, -0.6356733759531186, 0.5004750729154593
0.6507394430642574, -0.5695749134505753, 0.5010695231029509
0.7059442010603028, -0.4962371382469973, 0.5042103256350746
0.7530559754612515, -0.41743240027803014, 0.5073522595523801
0.7924900776377376, -0.33446376444703413, 0.5086992217600863
0.8242201916338237, -0.24825246258745923, 0.5075904953227536
0.8476421268666754, -0.15947568945170426, 0.5045685404939539
0.8616004016536376, -0.06875825614540385, 0.5013411980420143
0.8644115944525663, 0.02298413683802851, 0.5005816023260466
0.8557091507309476, 0.1143196638148498, 0.5029329017253231
0.836794848685961, 0.2041137688405963, 0.5062597194975588
0.8090959767499184, 0.2916541103704642, 0.5083884637637639
0.7734548481299377, 0.37630278808260154, 0.508210681497272
0.7301544052777396, 0.45725996170765293, 0.5058138081350952
0.678965746711458, 0.5334151349436692, 0.5024662394488923
0.6193473229076039, 0.6031509081950636, 0.5005511339551504
0.55145163567136, 0.6648196054873934, 0.50181470575214
0.4767217463555007, 0.7180254605853336, 0.5050254640407795
0.39685386524030497, 0.763247951931279, 0.5077786801888905
0.31304845581917, 0.80078842818186, 0.508528085243417
0.22617470418325675, 0.8305064503534381, 0.5069041421356928
0.13688633286001997, 0.8516640288084083, 0.5037296099264863
0.045855923250311285, 0.8629666871200976, 0.5009806426476866
-0.045855920083025685, 0.8629666269448412, 0.5009806366817194
-0.13688635765301777, 0.8516641382004211, 0.5037294439839356
-0.2261747885953685, 0.830506746642375, 0.5069040047035154
-0.31304858247029144, 0.8007887500143704, 0.5085281246899445
-0.39685403218593684, 0.7632482644736731, 0.507778540772118
-0.47672183854122574, 0.7180256262441035, 0.5050248725161204
-0.551451186605331, 0.6648190907541953, 0.5018143684443575
-0.6193464813504088, 0.6031501181326101, 0.5005512993844994
-0.6789664581242075, 0.5334156203270368, 0.5024653815976804
-0.7301558824988309, 0.4572608193451738, 0.5058130626240047
-0.773456028937668, 0.3763033448354399, 0.5082107076947677
-0.8090965558844261, 0.29165429994728237, 0.5083883483625445
-0.8367947228539243, 0.20411375612348245, 0.506258542970381
-0.8557075829112193, 0.11431951790992824, 0.502931766226357
-0.8644089122265272, 0.022984147238439705, 0.5005820597724485
-0.8616019991414542, -0.06875850209818561, 0.5013399954010933
-0.8476459791614424, -0.15947662727498563, 0.5045669266159035
-0.824223067609499, -0.24825342088977953, 0.5075902513667266
-0.7924909278253457, -0.33446415704972615, 0.5086993144495788
-0.7530551428187638, -0.41743190984133827, 0.507350823416973
-0.7059418226475451, -0.4962352985373956, 0.5042081867561865
-0.6507361463349628, -0.5695717766380353, 0.5010697995932833
-0.5869742820205599, -0.6356746775499309, 0.5004741204127795
-0.5153230314599591, -0.6931288173178864, 0.5032407490493358
-0.43775531960690656, -0.742295968682626, 0.50669564787385
-0.3557155160733614, -0.7836834903673529, 0.5086927308642148
-0.27023027567055785, -0.8174521620177282, 0.508235760857397
-0.18202973023747082, -0.8431841170844488, 0.505531731406985
-0.09171166279812387, -0.8599044802908755, 0.5019609392692863
0.0, -0.8660254037844375, 0.5000000000000021
-1.216025444044651e-15, -0.8660254037844375, 0.5000000000000021
0.09171165009100858, -0.8599042390586371, 0.5019609152986911
0.18202966989071667, -0.8431837498245867, 0.505531508466229
0.2702302106052354, -0.81745194258944, 0.5082356112486098
0.3557156292705293, -0.7836837640833727, 0.5086927794481043
0.43775588326511106, -0.7422970396961002, 0.5066954678516731
0.5153239922208943, -0.6931303167735744, 0.5032400903457
0.5869746026728103, -0.6356750846379124, 0.5004738232026662
0.6507349159341813, -0.5695706059941112, 0.5010699024554562
0.7059407797421878, -0.4962344917910198, 0.5042072449684536
0.7530547182025721, -0.4174316597254727, 0.5073500850373008
0.7924914339094392, -0.3344643907376262, 0.5086993695343064
0.82422504368557, -0.24825407944871586, 0.5075900830445107
0.847649026082656, -0.15947736934494203, 0.5045656510206943
0.8616034506271204, -0.06875872557181889, 0.5013389058800091
0.8644061279511681, 0.022984158014966213, 0.5005825337487262
0.8557057267587392, 0.11431934528452736, 0.5029304162855645
0.8367945590637627, 0.20411374067833038, 0.5062569384831918
0.8090974646725954, 0.29165459750040423, 0.5083881669885378
0.7734581688786816, 0.37630435375671706, 0.5082107545017616
0.7301590049709166, 0.45726263176213167, 0.505811488107995
0.6789682280802327, 0.5334168280311926, 0.5024632558417399
0.6193440044714076, 0.6031477929266759, 0.500551785408016
0.5514495973201718, 0.664817269116466, 0.5018131709779724
0.47672224835474497, 0.7180263612631277, 0.5050222838941153
0.39685496286027044, 0.7632500072236916, 0.5077777636674167
0.3130495242790888, 0.8007911432119509, 0.5085284176699241
0.22617570417362448, 0.8305099591117067, 0.5069025156663823
0.136886824457949, 0.8516661992591161, 0.5037263372354881
0.04585573582988081, 0.8629631290773835, 0.5009802891080755
-0.045855732643607136, 0.8629630686365208, 0.5009802830887442
-0.136886849679763, 0.8516663106948223, 0.5037261703121323
-0.22617578931303933, 0.8305102577245, 0.50690237735094
-0.3130496511918712, 0.8007914657018685, 0.5085284571026187
-0.39685513095739605, 0.7632503220713076, 0.5077776233264939
-0.47672234400021374, 0.7180265324880815, 0.5050216889670198
-0.5514491480945874, 0.6648167542283434, 0.5018128314569246
-0.6193431572474649, 0.6031469976214532, 0.5005519513583315
-0.678968949489027, 0.5334173203130994, 0.5024623928428994
-0.7301604940983045, 0.4572634959207249, 0.5058107378288748
-0.7734593532689075, 0.37630491212739886, 0.5082107800383189
-0.8090980467674033, 0.2916547881303556, 0.5083880506340999
-0.8367944440278969, 0.20411373068198607, 0.5062557554704138
-0.8557041623211338, 0.11431919988408494, 0.5029292737594817
-0.8644034272448187, 0.02298416844917285, 0.5005829926565095
-0.8616050671432495, -0.06875897445350958, 0.5013376960100095
-0.8476529082801713, -0.1594783152377059, 0.504564026849416
-0.8242279312650818, -0.24825504194329917, 0.5075898360607677
-0.7924922860046884, -0.33446478417606657, 0.5086994621298001
-0.7530538948419198, -0.41743117471031294, 0.5073486414919552
-0.7059384071416682, -0.49623265632271557, 0.5042050934809503
-0.6507315992592978, -0.5695674505955965, 0.501070178849231
-0.58697563875116, -0.635676400035306, 0.5004728650688207
-0.5153277689408614, -0.693136212292967, 0.5032375022665577
-0.43775865147780596, -0.7423023004972763, 0.5066945818400219
-0.355716351489177, -0.7836855103600786, 0.5086930893741132
-0.27022963660144095, -0.8174500072616673, 0.5082342866717574
-0.1820288407192771, -0.8431787040148424, 0.5055284345352219
-0.09171128685596572, -0.8598973488002982, 0.5019602290949439
0.0, -0.8660254037844375, 0.500000000000002
-1.2181940284890078e-15, -0.8660254037844375, 0.500000000000002
0.09171127407257762, -0.859897106502132, 0.5019602049099895
0.18202878046099616, -0.8431783373470966, 0.5055282103539431
0.27022957170532963, -0.8174497885080284, 0.5082341363734979
0.355716464870405, -0.7836857844955243, 0.508693138021972
0.4377592177104413, -0.7423033767675025, 0.5066944002163454
0.5153287367471909, -0.6931377233674052, 0.5032368393783334
0.5869759627884721, -0.6356768114412664, 0.5004725660999607
0.650730361404422, -0.5695662730062717, 0.501070281673395
0.7059373668207218, -0.4962318514609192, 0.5042041461361062
0.7530534750165957, -0.41743092739135745, 0.5073478992960079
0.792492793224665, -0.3344650183615766, 0.5086995171578923
0.8242299153219287, -0.248255703386297, 0.5075896656508965
0.8476559788623161, -0.1594790636962906, 0.5045627431058018
0.8616065359107016, -0.06875920058908333, 0.5013365999329372
0.8644006237619215, 0.022984179260732793, 0.5005834681451736
0.8557023102339008, 0.11431902786552786, 0.502927915457904
0.8367942950054097, 0.20411371896139624, 0.5062541421246984
0.8090989602049197, 0.2916550873379995, 0.5083878677603217
0.77346149970781, 0.3763059239827957, 0.5082108256416987
0.7301636417444375, 0.4572653221212195, 0.5058091532265703
0.6789707442800635, 0.5334185451521126, 0.5024602543158174
0.6193406636675383, 0.6031446569651987, 0.5005524389111028
0.5514475582675965, 0.6648149320716064, 0.5018116261286826
0.47672276899177024, 0.7180272919350753, 0.5050190854340391
0.3968560680528103, 0.7632520776796656, 0.5077768410622248
0.3130505949465779, 0.8007938637885943, 0.508528749977198
0.2261767127816806, 0.8305134953944318, 0.5069008787281213
0.1368873245392973, 0.8516684101143104, 0.5037230451767439
0.045855547284491455, 0.8629595553131162, 0.5009799324068895
-0.0458555440790679, 0.862959494604896, 0.5009799263337427
-0.13688735019528653, 0.8516685236164083, 0.5037228772641639
-0.22617679865497378, 0.8305137963501468, 0.506900739520817
-0.3130507221215972, 0.8007941869374133, 0.5085287893953484
-0.3968562373100303, 0.7632523948510623, 0.5077766997880081
-0.47672286813409404, 0.7180274687899987, 0.5050184870751832
-0.5514471088953135, 0.6648144170450565, 0.5018112843772425
-0.6193398107233477, 0.6031438563684361, 0.5005526053831263
-0.6789714757973452, 0.5334190444065557, 0.5024593861260627
-0.7301651428808729, 0.4572661928531014, 0.5058083981335002
-0.7734626876974167, 0.37630648397860955, 0.5082108505088853
-0.8090995452802592, 0.29165527902892957, 0.5083877504427285
-0.8367941908905405, 0.20411371172158066, 0.5062529525702765
-0.8557007492742764, 0.11431888298465634, 0.5029267658501136
-0.8643979044013086, 0.022984189728876284, 0.5005839285155234
-0.8616081716653293, -0.06875945243616134, 0.5013353827751862
-0.8476598912194482, -0.1594800177368568, 0.5045611085433395
-0.8242328145748679, -0.24825667010046118, 0.5075894156058762
-0.7924936472329696, -0.33446541263804647, 0.5086996096568858
-0.7530526610584933, -0.41743044786261185, 0.5073464482771292
-0.7059350001813928, -0.4962300203366221, 0.504201981941489
-0.6507270246093783, -0.5695630988621956, 0.5010705579594277
-0.5869770098071595, -0.6356781407965149, 0.5004716022910527
-0.5153325411768349, -0.6931436645978142, 0.5032342348329784
-0.4377619985776013, -0.742308663414576, 0.506693506315896
-0.3557171882624386, -0.7836875334457801, 0.5086934483561094
-0.27022899921118393, -0.8174478591882092, 0.5082328056810401
-0.18202795252975057, -0.8431732997938587, 0.5055251192997117
-0.09171090865454012, -0.8598901857650186, 0.5019595125712708
0.0, -0.8660254037844376, 0.500000000000002
-1.2203739959093464e-15, -0.8660254037844376, 0.500000000000002
0.09171089579423015, -0.8598899423939285, 0.5019594881701765
0.18202789236342715, -0.8431729337350938, 0.5055248938682758
0.27022893448769714, -0.8174476411202801, 0.5082326546875564
0.35571730182772754, -0.7836878080005516, 0.50869349706804
0.43776256740095476, -0.7423097449775393, 0.5066933230736911
0.5153335160876966, -0.693145187395883, 0.5032335677208181
0.5869773372674774, -0.6356785565703501, 0.500471301549482
0.650725779233787, -0.5695619142665672, 0.5010706607420347
0.705933962510935, -0.4962292174049279, 0.5042010289960643
0.7530522460863622, -0.4174302033740341, 0.5073457022321184
0.7924941555920506, -0.33446564732251377, 0.5086996646268476
0.8242348066603792, -0.24825733444632475, 0.507589243085185
0.8476629856658354, -0.1594807726461122, 0.5045598165736864
0.8616096579092511, -0.06875968126737836, 0.501334280088021
0.8643950815242697, 0.022984200575617994, 0.5005844055194572
0.8556989013682902, 0.11431871159122158, 0.5029253991223749
0.8367940568064582, 0.20411370377451254, 0.5062513302893641
0.8091004633989562, 0.2916555799034426, 0.5083875660535395
0.7734648406648446, 0.3763074987813303, 0.5082108948932884
0.730168315918422, 0.45726803294751067, 0.505806803347618
0.6789732957049157, 0.5334202865656974, 0.5024572347202796
0.6193373002818379, 0.6031415001154087, 0.5005530944685909
0.5514455185731391, 0.6648125944291864, 0.5018100711258895
0.4767233084665955, 0.7180282529450778, 0.5050158685025226
0.39685718087452415, 0.7632541634213323, 0.5077759123130673
0.31305166782650934, 0.8007965899243352, 0.5085290821591959
0.2261777300854318, 0.8305170594275078, 0.5068992312188793
0.1368878332099593, 0.851670661821633, 0.5037197335845474
0.04585535760459838, 0.8629559657240886, 0.5009795725178365
-0.04585535437986236, 0.8629559047467643, 0.5009795663904606
-0.13688785930556696, 0.8516707774131254, 0.5037195646744765
-0.22617781669916331, 0.8305173627450224, 0.5068990911111106
-0.31305179526435756, 0.8007969137335211, 0.5085291215620757
-0.3968573513005226, 0.7632544829352119, 0.5077757700962755
-0.47672341114330646, 0.7180284354945077, 0.5050152666822236
-0.5514450690676758, 0.6648120792815366, 0.5018097271265882
-0.6193364415613511, 0.603140694175992, 0.5005532614639391
-0.6789740374461838, 0.5334207928686634, 0.5024563612958182
-0.7301698291680124, 0.45726891030550243, 0.5058060433941615
-0.7734660322707297, 0.37630806040951614, 0.5082109190825593
-0.8091010514751632, 0.29165577266321613, 0.5083874477627031
-0.8367939637387789, 0.2041136993274221, 0.5062501341366248
-0.8556973439868365, 0.1143185672456757, 0.5029242423772289
-0.8643923433229068, 0.022984211077811855, 0.5005848673566631
-0.8616113131236149, -0.06875993611807593, 0.5013330555812594
-0.8476669284423621, -0.15948173491382392, 0.5045581715208499
-0.8242377176569938, -0.24825830540768942, 0.5075889899449517
-0.7924950115187714, -0.3344660424392716, 0.5086997570267839
-0.7530514416529128, -0.41742972939723444, 0.5073442436753394
-0.7059316019852742, -0.49622739072964606, 0.5041988519947996
-0.6507224221353692, -0.5695587212094949, 0.5010709369122843
-0.5869783953509887, -0.6356799000471276, 0.500470332019572
-0.5153373484599126, -0.6931511747505439, 0.5032309465541445
-0.43776536100262203, -0.742315057647473, 0.5066924212005147
-0.35571802639309624, -0.7836895596235613, 0.5086938078109191
-0.27022836353357416, -0.8174457179066585, 0.5082313178283652
-0.18202706572067726, -0.8431679046715387, 0.5055217855574582
-0.09171052817468993, -0.8598829909789026, 0.5019587896463634
0.0, -0.8660254037844376, 0.5000000000000019
-1.222565436165967e-15, -0.8660254037844376, 0.5000000000000019
0.09171051523680442, -0.8598827465278465, 0.5019587650274404
0.18202700564997507, -0.8431675392395387, 0.5055215588665736
0.2702282989862183, -0.8174455005356882, 0.508231166133883
0.3557181401425164, -0.783689834597656, 0.5086938565870655
0.4377659324331943, -0.7423161445395834, 0.5066922363224954
0.5153383305349533, -0.6931527093780915, 0.5032302751782215
0.5869787262727162, -0.6356803202393293, 0.5004700294912103
0.6507211691710774, -0.5695575295453967, 0.501071039649988
0.705930567032164, -0.49622658977402717, 0.5041978934048743
0.7530510315972059, -0.41742948777292943, 0.5073434937481417
0.7924955210202794, -0.33446627762405673, 0.508699811937136
0.8242397178193448, -0.24825897267532626, 0.5075888152899368
0.8476700469580147, -0.1594824963363929, 0.5045568712465812
0.8616128170415993, -0.0687601676791613, 0.5013319462292172
0.8643895008616385, 0.02298422195990638, 0.5005853458790239
0.8556955003800347, 0.11431839649602239, 0.5029228671571425
0.8367938447658654, 0.2041136952035124, 0.5062485028428889
0.8091019743072425, 0.2916560752171132, 0.5083872618422967
0.7734681917976846, 0.37630907817293757, 0.5082109622324529
0.7301730278163385, 0.4572707644051178, 0.505804438326147
0.6789758827559056, 0.533422052535807, 0.5024541969024706
0.6193339140950864, 0.6031383221774842, 0.5005537520856946
0.5514434782980437, 0.6648102562678455, 0.5018085058901864
0.47672386698136776, 0.7180292446410133, 0.5050126329395529
0.39685830138260186, 0.7632562645721224, 0.5077749773589038
0.313052742923807, 0.8007993216317716, 0.5085294142098233
0.2261787561637772, 0.8305206514390922, 0.5068975730353635
0.13688835057714335, 0.8516729548332878, 0.5037164022915961
0.04585516678056386, 0.8629523602064417, 0.500979209414542
-0.045855163536351995, 0.8629522989582343, 0.5009792032324862
-0.1368883771178307, 0.8516730725371142, 0.5037162323752656
-0.2261788435248453, 0.830520957138476, 0.5068974320181969
-0.3130528706250471, 0.8007996461028145, 0.5085294535967014
-0.39685847298606747, 0.7632565864472958, 0.507774834190171
-0.4767239732303384, 0.7180294329501808, 0.505012027627815
-0.5514430286728433, 0.6648097410163804, 0.5018081596255135
-0.6193330495430727, 0.6031375108450894, 0.5005539196052249
-0.6789766348370251, 0.5334225659634702, 0.502453318198965
-0.7301745532838336, 0.45727164844235413, 0.5058036734652416
-0.7734693870369771, 0.3763096414408842, 0.5082109857351651
-0.8091025654047891, 0.2916562690536898, 0.5083871425679916
-0.8367937628729658, 0.20411369358582088, 0.5062473000344017
-0.8556939466761821, 0.11431825270153609, 0.5029217032187736
-0.8643867436392815, 0.022984232496296914, 0.5005858091846666
-0.8616144919328831, -0.06876042557125209, 0.5013307143130594
-0.8476740204162199, -0.1594834669114194, 0.5045552156028822
-0.8242426406303078, -0.24825994791167144, 0.507588559020039
-0.7924963788707939, -0.3344666735833561, 0.5086999042354178
-0.7530502368116363, -0.41742901941414945, 0.5073420275882101
-0.7059282127740115, -0.4962247676536252, 0.5041957034963294
-0.6507177915888603, -0.5695543174104412, 0.5010713156936208
-0.5869797955442585, -0.635681677999827, 0.5004690541952448
-0.5153421910846455, -0.693158743274168, 0.5032276372331278
-0.4377687388504783, -0.742321483411696, 0.5066913263914374
-0.35571886588113194, -0.7836915888925754, 0.5086941677393205
-0.27022772960275343, -0.8174435835273537, 0.5082298230561019
-0.18202618034452833, -0.8431625189008113, 0.5055184331638185
-0.09171014539702699, -0.8598757642326399, 0.5019580602666037
0.0, -0.8660254037844376, 0.5000000000000016
-1.2247684400675096e-15, -0.8660254037844376, 0.5000000000000017
0.09171013238090316, -0.8598755186944753, 0.5019580354279443
0.18202612037278953, -0.8431621541113566, 0.5055182052025218
0.27022766523509756, -0.8174433668650765, 0.5082296706547512
0.3557189798147157, -0.7836918642861163, 0.5086942165798674
0.43776931290469, -0.7423225756694193, 0.5066911398603878
0.5153431803842494, -0.6931602898385201, 0.5032269615530653
0.5869801299661828, -0.6356821026615165, 0.5004687498658852
0.6507165309683469, -0.5695531186162252, 0.5010714183823499
0.7059271806070202, -0.49622396872146224, 0.5041947392175931
0.7530498317359618, -0.4174287806882502, 0.5073412737452101
0.7924968895180964, -0.3344669092699186, 0.5086999590846681
0.8242446489184236, -0.24826061812034586, 0.507588382207053
0.8476771632091317, -0.15948423491094163, 0.5045539069442867
0.8616160137233467, -0.06876065989675152, 0.5013295982410437
0.8643838814052909, 0.02298424341386028, 0.5005862892273213
0.8556921074880175, 0.11431808261453741, 0.5029203194397949
0.8367936591858903, 0.20411369333527396, 0.506245659649326
0.809103492982628, 0.29165657329951694, 0.5083869551003156
0.7734715531546283, 0.3763106621784066, 0.5082110276348395
0.7301777777651112, 0.45727351665980875, 0.5058020580153559
0.678978505837041, 0.5334238433279196, 0.5024511407078829
0.6193305048885549, 0.6031351229520765, 0.5005544117660152
0.5514414375040583, 0.6648079176669013, 0.5018069303417707
0.4767244447403067, 0.7180302673746433, 0.5050093785832719
0.39685942963465093, 0.7632583812565018, 0.5077740361379461
0.313053820243384, 0.8008020589235507, 0.5085297461229259
0.22617979109643546, 0.8305242716596108, 0.5068959040729993
0.13688887674965095, 0.851675289607766, 0.503713051128124
0.045854974802637144, 0.8629487386550988, 0.500978843070104
-0.0458549715387825, 0.8629486771342119, 0.5009788368328876
-0.13688890374099144, 0.8516754094474268, 0.5037128801968491
-0.22617987921155905, 0.8305245797602447, 0.5068957621375206
-0.31305394820860877, 0.8008023840579793, 0.5085297854930753
-0.3968596024244292, 0.7632587055120887, 0.507773892007829
-0.47672455460001806, 0.7180304615098407, 0.5050087697497598
-0.5514409877729254, 0.6648074023293687, 0.5018065817939896
-0.6193296344487523, 0.603134306175438, 0.5005545798107316
-0.678979268375621, 0.5334243639575585, 0.502450256680625
-0.7301793155555869, 0.4572744074294751, 0.5058012881994685
-0.7734727520447209, 0.3763112270935989, 0.508211050442269
-0.8091040871224522, 0.2916567682210177, 0.5083868348322922
-0.8367935885970541, 0.20411369458417922, 0.5062444501270259
-0.855690557563297, 0.11431793938720423, 0.5029191482516421
-0.864381104977068, 0.02298425398458359, 0.5005867540036438
-0.86161770851295, -0.06876092086876708, 0.5013283588541682
-0.8476811676133138, -0.15948521387422487, 0.5045522406080458
-0.8242475836150986, -0.24826159765974118, 0.507588122772661
-0.7924977492980212, -0.33446730607411734, 0.5087000512787625
-0.7530490467236717, -0.41742831801468, 0.5073397999162821
-0.7059248327724938, -0.49622215126322256, 0.5041925362999985
-0.6507131327184517, -0.5695498872353568, 0.5010716942890812
-0.5869812105512535, -0.6356834748709561, 0.5004677687580413
-0.5153470693486696, -0.6931663706976656, 0.5032243066706087
-0.43777213221896594, -0.7423279409238135, 0.5066902217855231
-0.3557197067266089, -0.7836936212523378, 0.5086945281422571
-0.27022709745348716, -0.8174414561626767, 0.5082283213061071
-0.18202529645490426, -0.8431571427395875, 0.5055150619726305
-0.09170976030193638, -0.8598685053152879, 0.5019573243780311
0.0, -0.8660254037844378, 0.5000000000000016
-1.2269830993834945e-15, -0.8660254037844378, 0.5000000000000016
0.09170974720690614, -0.8598682586828107, 0.5019572993177903
0.18202523658600728, -0.8431567786116552, 0.5055148327320662
0.27022703326885084, -0.8174412402195985, 0.5082281681917689
0.3557198208441117, -0.7836938970644997, 0.5086945770470797
0.43777270891345454, -0.7423290385839298, 0.5066900335835022
0.5153480659338204, -0.6931679293071866, 0.5032236266455286
0.5869815485127533, -0.635683904053948, 0.5004674626133196
0.650711864372987, -0.5695486812481977, 0.5010717969249316
0.7059238034610396, -0.4962213544022027, 0.5041915662878276
0.7530486466919426, -0.4174280822213443, 0.5073390421233851
0.7924982610940137, -0.33446754226362074, 0.5087001060652243
0.8242496000777914, -0.24826227082864394, 0.5075879437775888
0.8476843348933235, -0.1594859885149431, 0.5045509234845432
0.8616192483775496, -0.06876115799376598, 0.5013272360063666
0.864378222778112, 0.02298426493779123, 0.5005872355688148
0.8556887229152546, 0.11431776998216595, 0.5029177558464523
0.8367935003721589, 0.2041136982578345, 0.5062428005711144
0.8091050194784731, 0.2916570741714173, 0.5083866458010311
0.773474924784121, 0.37631225081861014, 0.508211091075735
0.7301825660946872, 0.45727628987874314, 0.5057996622665716
0.6789811653580209, 0.5334256592111111, 0.5024480659802829
0.6193270724397992, 0.6031319022365088, 0.5005550735135383
0.5514393962542992, 0.6648055787075178, 0.5018053443999513
0.4767250419501198, 0.7180313215023331, 0.5050061052699693
0.39686056568877004, 0.7632605136001288, 0.5077730885876623
0.3130548997901017, 0.8008048018122153, 0.5085300778922373
0.22618083496393476, 0.8305279203215725, 0.5068942242258652
0.13688941183776085, 0.8516776666090173, 0.5037096799224688
0.0458547816609542, 0.8629451009640419, 0.5009784734574528
-0.0458547783772879, 0.8629450391686657, 0.5009784671646077
-0.13688943928544223, 0.851677788608494, 0.5037095079675434
-0.22618092383988903, 0.8305282308429556, 0.5068940813630627
-0.3130550280198895, 0.8008051276115128, 0.5085301172449083
-0.3968607396737782, 0.7632608402554162, 0.5077729434865514
-0.4767251554593857, 0.7180315215305041, 0.5050054928839269
-0.5514389464313061, 0.6648050633020162, 0.5018049935511759
-0.6193261960551876, 0.6031310799636718, 0.5005552420844539
-0.678981938472935, 0.5334261871207384, 0.5024471765837902
-0.7301841163157079, 0.4572771874353484, 0.5057988874471963
-0.7734761273423418, 0.3763128173885232, 0.5082111131790071
-0.8091056166815421, 0.29165727018601184, 0.5083865245288502
-0.8367934412181092, 0.20411370241103227, 0.5062415842762259
-0.8556871768728455, 0.1143176273383937, 0.5029165773514229
-0.8643754269567554, 0.02298427554299349, 0.5005877018180124
-0.8616209632900433, -0.06876142208484834, 0.5013259890866752
-0.8476883705109765, -0.15948697594848962, 0.5045492463528423
-0.824252546731923, -0.2482632546993551, 0.50758768114339
-0.7924991228087961, -0.33446793991502266, 0.5087001981525017
-0.7530478715796975, -0.41742762530086774, 0.507337560558754
-0.7059214622086463, -0.4962195417149733, 0.5041893502581959
-0.6507084452692128, -0.5695454304513488, 0.5010720726843358
-0.5869826405385888, -0.6356852908799879, 0.5004664756472237
-0.5153519835528126, -0.6931740575560873, 0.5032209546646678
-0.43777554120704487, -0.7423344304029847, 0.5066891072774546
-0.3557205489291104, -0.7836956567010582, 0.5086948890202755
-0.270226467120718, -0.817439335925217, 0.5082268125192546
-0.18202441410614692, -0.8431517764484386, 0.5055116718361188
-0.09170937286957752, -0.8598612140137456, 0.5019565819263336
0.0, -0.8660254037844378, 0.5000000000000014
-1.2292095068570653e-15, -0.8660254037844378, 0.5000000000000014
0.09170935969496546, -0.8598609662797105, 0.5019565566426382
0.18202435434377467, -0.8431514129995079, 0.505511441305525
0.270226403122894, -0.8174391207137159, 0.5082266586860379
0.3557206632307171, -0.783695932932294, 0.5086949379896877
0.4377761205585978, -0.7423355335027597, 0.50668891738685
0.5153529874849839, -0.6931756283202226, 0.5032202702532277
0.5869829820795313, -0.6356857246368428, 0.5004661676726244
0.6507071691292224, -0.5695442172077216, 0.5010721752633387
0.7059204358225637, -0.4962187469730162, 0.5041883744666675
0.7530474766578121, -0.41742739247543625, 0.5073367987815315
0.7924996357570367, -0.33446817660903266, 0.5087002528747169
0.8242545714190088, -0.24826393084814796, 0.5075874999419727
0.8476915624900314, -0.15948775729546588, 0.5045479206827226
0.8616225214330004, -0.0687616620450226, 0.5013248594066284
0.8643725245980864, 0.02298428653194562, 0.5005881849078692
0.8556853468884593, 0.11431745863492102, 0.5029151762520361
0.8367933686343418, 0.20411371006046647, 0.5062399254691204
0.8091065538488252, 0.2916575778538139, 0.5083863339176027
0.7734783067351174, 0.3763138441146046, 0.5082111525301672
0.7301873931385611, 0.4572790842307171, 0.5057972509292474
0.6789838617337527, 0.5334275004576582, 0.5024449725616208
0.6193236165235207, 0.6031286598255233, 0.500555737332202
0.5514373546131428, 0.6648032394725232, 0.5018037479832453
0.476725658819906, 0.7180324073848781, 0.5050028128339301
0.3968617096035978, 0.7632626617299108, 0.5077721346447271
0.3130559815688376, 0.8008075503103445, 0.508530409511428
0.22618188784768134, 0.8305315976597865, 0.5068925333867067
0.13688995595321846, 0.8516800863063616, 0.5037062885009632
0.04585458734554569, 0.8629414470263816, 0.5009781005492707
-0.04585458404189856, 0.8629413849547062, 0.500978094200323
-0.1368899838629547, 0.8516802104896137, 0.5037061155134246
-0.2261819774914748, 0.8305319106221846, 0.50689238958741
-0.3130561100637461, 0.8008078767759771, 0.508530448845856
-0.39686188479282425, 0.763262990804384, 0.5077719885628681
-0.47672577601775545, 0.7180326133734596, 0.5050021968642107
-0.5514369047126884, 0.6648027240175998, 0.5018033948154089
-0.619322734136408, 0.6031278320039505, 0.500555906430286
-0.6789846455454032, 0.5334280357262589, 0.5024440777499947
-0.7301889558984461, 0.45727998862909347, 0.5057964710574843
-0.7734795129788545, 0.3763144123467398, 0.5082111739202866
-0.8091071541361646, 0.2916577749697138, 0.5083862116306508
-0.8367933210469369, 0.20411371715606458, 0.5062387023420787
-0.8556838048333032, 0.11431731659145415, 0.5029139903923764
-0.8643697091941356, 0.022984297171794076, 0.5005886526320054
-0.8616242566958512, -0.06876192929486086, 0.5013236048913202
-0.8476956295912674, -0.15948875328216788, 0.5045462326512995
-0.824257530102952, -0.24826491907865855, 0.5075872340722082
-0.792500499412012, -0.3344685751098374, 0.5087003448524583
-0.7530467115730547, -0.41742694137613856, 0.5073353094137016
-0.7059181013142322, -0.49621693916794807, 0.5041861452217259
-0.6507037289833804, -0.5695409468230083, 0.5010724508647189
-0.5869840856750603, -0.6356871262493969, 0.5004651748014186
-0.5153569340006673, -0.6931818043899242, 0.503217581010942
-0.43777896591373433, -0.7423409520689099, 0.5066879827615288
-0.3557213924885722, -0.7836976952379426, 0.5086952503743081
-0.27022583864008964, -0.8174372229298303, 0.508225296635933
-0.18202353335366306, -0.8431464202925348, 0.5055082626049232
-0.0917089830799212, -0.8598538901135927, 0.501955832856558
0.0, -0.8660254037844379, 0.5000000000000012
-1.2314477562179375e-15, -0.8660254037844379, 0.5000000000000012
0.09170896982504516, -0.859853641270724, 0.5019558073475278
0.18202347370159258, -0.8431460575407365, 0.5055080307744682
0.27022577483266597, -0.8174370084613901, 0.5082251420776943
0.3557215069741898, -0.7836979718878926, 0.5086952994083551
0.43777954793974533, -0.7423420606467979, 0.5066877911639396
0.515357945341878, -0.6931833874191815, 0.5032168921712241
0.5869844308357908, -0.6356875646333207, 0.5004648649822985
0.650702444978346, -0.5695397262585281, 0.5010725533829112
0.705917077924627, -0.49621614659381924, 0.5041851636051723
0.7530463218268096, -0.4174267115537585, 0.5073345436173184
0.7925010135156105, -0.33446881230964365, 0.5087003995087862
0.824259563064282, -0.24826559822698485, 0.5075870506397686
0.8476988464834257, -0.15948954140114588, 0.5045448983518319
0.8616258333240011, -0.06876217212635527, 0.5013224683219436
0.8643667864779424, 0.02298430819663677, 0.5005891372488409
0.8556819796377042, 0.114317148609525, 0.5029125805299393
0.8367932642846715, 0.2041137288334196, 0.5062370342022415
0.809108096147974, 0.2916580843678722, 0.5083860194227633
0.7734816990566613, 0.3763154420875081, 0.5082112119728033
0.7301922592337313, 0.4572818998861933, 0.5057948238509499
0.6789865953843994, 0.5334293673431101, 0.502441860292007
0.6193201369112882, 0.6031253955110591, 0.5005564032259868
0.5514353126464884, 0.6648009000467693, 0.5018021410092744
0.47672629556051005, 0.7180335253865417, 0.5049995011074336
0.39686286143833227, 0.7632648257740957, 0.5077711742450374
0.31305706558444246, 0.8008103044304932, 0.5085307409740856
0.22618294982988635, 0.8305353039111467, 0.5068908314470091
0.13689050920933776, 0.8516825491750479, 0.5037028766879978
0.045854391846333095, 0.8629377767343807, 0.5009777243179743
-0.04585438852254446, 0.8629377143846254, 0.500977717912465
-0.13689053758677416, 0.8516826755654852, 0.5037027026588036
-0.22618304024868363, 0.8305356193352209, 0.5068906867019198
-0.31305719434511603, 0.8008106315640827, 0.5085307802895502
-0.39686303784112353, 0.7632651572879199, 0.5077710271725582
-0.4767264164866529, 0.7180337374041733, 0.5049988815223014
-0.5514348626833145, 0.6648003845614311, 0.501801785504074
-0.6193192484630635, 0.6031245620873942, 0.5005565728522465
-0.6789873900150003, 0.5334299100508052, 0.5024409600187691
-0.7301938346420181, 0.45728281118173, 0.505794038877298
-0.7734829090041286, 0.37631601198970904, 0.5082112326409952
-0.8091086995415718, 0.29165828259360416, 0.5083858961105465
-0.8367932283983749, 0.20411373891025636, 0.5062358041829922
-0.8556804416772015, 0.11431700718348857, 0.502911387247391
-0.864363951300014, 0.022984318871288382, 0.500589606449738
-0.8616275891693396, -0.06876244257551668, 0.5013212061470036
-0.847702945343229, -0.1594905460254215, 0.5045431993147247
-0.8242625338529013, -0.2482665908467437, 0.5075867814987769
-0.7925018791171723, -0.3344692116625927, 0.5087004913746256
-0.7530455669000542, -0.4174262663454291, 0.5073330463781568
-0.7059147503245853, -0.4962143437834984, 0.5041829210397404
-0.6506989836000658, -0.569536436112117, 0.5010728288153402
-0.5869855461329394, -0.6356889812062736, 0.5004638661580415
-0.515361920999028, -0.6931896117458534, 0.5032141855023445
-0.43778240644131194, -0.7423475061480076, 0.5066868481302047
-0.3557222374050611, -0.7836997368624629, 0.5086956122054328
-0.27022521204786, -0.8174351172931238, 0.5082237735959362
-0.18202265425398562, -0.8431410745418662, 0.5055048341284505
-0.09170859091270658, -0.8598465333983858, 0.5019550771133195
0.0, -0.8660254037844379, 0.5000000000000012
-1.2336979421955489e-15, -0.8660254037844379, 0.5000000000000012
0.09170857757688, -0.8598462834393713, 0.5019550513771447
0.182022594715463, -0.8431407125021657, 0.5055046009871353
0.27022514843400325, -0.8174349035778201, 0.5082236183059969
0.3557223520739518, -0.7837000139292106, 0.5086956613036258
0.4377829911570528, -0.7423486202384285, 0.506686654806856
0.5153629398115877, -0.6931912071514192, 0.5032134921920045
0.5869858949529214, -0.6356894242694489, 0.5004635544802307
0.6506976916581549, -0.5695352081612264, 0.5010729312689705
0.7059137300025558, -0.496213553425837, 0.5041819335515171
0.7530451823950433, -0.4174260395610787, 0.5073322765270359
0.7925023943782358, -0.33446944936904344, 0.5087005459630595
0.8242645751369544, -0.2482672730138265, 0.5075865958098061
0.8477061873627618, -0.15949134098243134, 0.504541856302495
0.8616291844905223, -0.06876268831477268, 0.5013200626310543
0.8643610080255242, 0.02298432993213757, 0.5005900925959254
0.8556786213971429, 0.11431683994338997, 0.5029099685523798
0.8367931876390311, 0.20411375466811207, 0.506234126627832
0.8091096464308581, 0.2916585937350067, 0.5083857022889818
0.7734851017982982, 0.3763170447586401, 0.5082112693780202
0.7301971647205273, 0.4572847370171552, 0.50579238087729
0.6789893667354905, 0.5334312601463319, 0.5024387290096908
0.619316633372293, 0.6031221090829392, 0.5005570711985602
0.5514332704212523, 0.6647985605164936, 0.5018005233949399
0.4767269523851187, 0.718034675875997, 0.5049961699203909
0.39686402125298537, 0.7632670058626945, 0.5077702073236089
0.31305815184180175, 0.8008130641852689, 0.5085310722737367
0.2261840209937806, 0.8305390393152485, 0.5068891182967319
0.13689107172091314, 0.8516850556955031, 0.5036994443056576
0.045854195153158306, 0.8629340899793637, 0.5009773447356907
-0.04585419180901305, 0.8629340273496913, 0.500977338273151
-0.13689110057187284, 0.8516851843176371, 0.5036992692256721
-0.22618411219465578, 0.8305393572215054, 0.5068889725964192
-0.31305828086877685, 0.8008133919883375, 0.5085311115694665
-0.3968641988777968, 0.7632673398344668, 0.5077700592505277
-0.47672707708052287, 0.7180348939934051, 0.504995546688627
-0.5514328204099849, 0.6647980450196247, 0.5018001655342168
-0.6193157388046757, 0.6031212700041415, 0.5005572413536402
-0.6789901723078609, 0.5334318103735404, 0.5024378232280792
-0.73019875288745, 0.4572856552655455, 0.5057915907514857
-0.7734863154667, 0.37631761633833016, 0.5082112893148912
-0.8091102529516122, 0.2916587930787883, 0.5083855779404375
-0.836793163588335, 0.20411376776521123, 0.5062328896553954
-0.8556770876396809, 0.11431669915213319, 0.5029087677882468
-0.8643581528786841, 0.022984340641709625, 0.5005905632757067
-0.8616309611493917, -0.06876296200380104, 0.5013187927328707
-0.8477103182538759, -0.15949235432840494, 0.5045401461531733
-0.8242675581027858, -0.24826827005151564, 0.5075863233607204
-0.792503261931524, -0.33446984957628667, 0.5087006377141211
-0.7530444377564778, -0.4174256003131659, 0.507330771347293
-0.7059114094781209, -0.4962117557249746, 0.5041796775602188
-0.6506942088551019, -0.5695318980776125, 0.5010732065212459
-0.5869870220823711, -0.6356908559754243, 0.5004625496558006
-0.5153669448569763, -0.6931974801753303, 0.5032107679292196
-0.4377858628893412, -0.7423540928619168, 0.5066857032742357
-0.3557230836777623, -0.783701781572056, 0.5086959745140671
-0.27022458738014726, -0.8174330191311412, 0.5082222433377384
-0.18202177686400045, -0.8431357394669424, 0.5055013862532545
-0.09170819634746494, -0.8598391436498775, 0.5019543146405249
0.0, -0.8660254037844379, 0.500000000000001
-1.2359601605324263e-15, -0.8660254037844379, 0.5000000000000011
0.09170818292998302, -0.8598388925671994, 0.5019542886752644
0.18202171744348025, -0.8431353781609336, 0.5055011517912026
0.2702245239640513, -0.8174328061825247, 0.5082220873102559
0.3557231985304846, -0.7837020590568993, 0.5086960236770359
0.43778645031311564, -0.7423552125052273, 0.50668550820684
0.5153679712050734, -0.6931990880715508, 0.503210070105295
0.586987374605499, -0.6356913037755593, 0.5004622361032486
0.6506929089052653, -0.5695306626754164, 0.5010733089054082
0.705910392299422, -0.4962109676357713, 0.5041786841537244
0.7530440585616758, -0.41742537660373236, 0.5073299974060574
0.7925037783546725, -0.3344700877914106, 0.5087006922334782
0.8242696077618176, -0.2482689552579395, 0.5075861353903363
0.8477135856221029, -0.15949315619146237, 0.50453879434309
0.861632575378705, -0.06876321068846487, 0.5013176422113026
0.8643551888476111, 0.022984351738751164, 0.5005910509518385
0.8556752724062042, 0.11431653267477945, 0.502907340190833
0.8367931390183978, 0.20411378765751262, 0.5062312026020024
0.8091112047526599, 0.2916591059767592, 0.508385382488301
0.7734885150102677, 0.3763186521496238, 0.5082113247199492
0.7302021099421057, 0.45728759579682476, 0.5057899218519382
0.6789921762178224, 0.5334331791494475, 0.5024355785512064
0.6193131056738537, 0.603118800329367, 0.500557741253089
0.5514312280053755, 0.6647962209693574, 0.5017988950565803
0.47672762951059144, 0.7180358592283976, 0.5049928191014911
0.39686518910714946, 0.763269202125251, 0.5077692338146126
0.3130592403457504, 0.8008158295873338, 0.5085314034038395
0.2261851014234818, 0.8305428041142253, 0.5068873938243559
0.1368916436042235, 0.8516876063538201, 0.5036959911738251
0.04585399725568108, 0.8629303866517017, 0.5009769617742786
-0.045853993891049966, 0.8629303237401467, 0.5009769552542374
-0.13689167293488883, 0.8516877372334701, 0.5036958150340164
-0.22618519341344656, 0.8305431245225363, 0.5068872471594466
-0.3130593696396027, 0.8008161580612017, 0.5085314426790061
-0.3968653679634976, 0.7632695385754305, 0.5077690847307654
-0.47672775801523726, 0.7180360835148137, 0.5049921921905429
-0.5514307779615232, 0.6647957054808478, 0.5017985348216194
-0.6193122049263557, 0.6031179555402655, 0.5005579119380936
-0.6789929928575209, 0.5334337369783051, 0.5024346672135596
-0.7302037109792875, 0.45728852105433704, 0.5057891265231692
-0.773489732417288, 0.3763192254143446, 0.5082113439158498
-0.8091118144221335, 0.2916593064469587, 0.5083852570923858
-0.836793126940487, 0.20411380381460112, 0.5062299586144626
-0.8556737429610115, 0.11431639253584484, 0.5029061318852184
-0.8643523135351827, 0.022984362483350618, 0.5005915231123348
-0.8616343730876541, -0.06876348765892565, 0.5013163645248351
-0.8477177488243016, -0.15949417834534022, 0.5045370729731431
-0.824272602978487, -0.24826995674271646, 0.5075858595957555
-0.7925046478648844, -0.3344704888551741, 0.5087007838668524
-0.7530433243442138, -0.41742494338715574, 0.5073284842153413
-0.7059080790184229, -0.4962091751591053, 0.5041764146283725
-0.6506894044818043, -0.5695273324759974, 0.5010735839662401
-0.5869885137019119, -0.6356927507922407, 0.500461225229991
-0.5153720058882202, -0.6932054102380736, 0.5032073280793239
-0.43778933535829834, -0.742360712434312, 0.5066845480830557
-0.355723931306312, -0.7837038293651148, 0.5086963373010172
-0.2702239646739718, -0.8174309285625427, 0.5082207057994542
-0.18202090124208947, -0.8431304153450224, 0.5054979188252161
-0.09170779936347087, -0.8598317206475463, 0.5019535453817813
0.0, -0.866025403784438, 0.500000000000001
-1.2382345079977653e-15, -0.866025403784438, 0.500000000000001
0.09170778586364192, -0.8598314684338889, 0.5019535191854558
0.18202084194375526, -0.8431300547927185, 0.5054976830321689
0.27022390145964814, -0.8174307163935086, 0.5082205490283129
0.35572404634313287, -0.7837041072686346, 0.5086963865291533
0.4377899255103214, -0.7423618376746759, 0.506684351253094
0.515373039835395, -0.6932070307385908, 0.5032066256980777
0.5869888699695355, -0.6356932033840307, 0.5004609097878381
0.6506880964501431, -0.5695260895550855, 0.5010736862772299
0.7059070650580659, -0.4962083893896858, 0.5041754152569144
0.7530429505273135, -0.41742472278862874, 0.5073277061478854
0.7925051654532821, -0.3344707275802402, 0.508700838315436
0.824274661064316, -0.24827064500886306, 0.5075856693186255
0.8477210417605772, -0.15949498718211616, 0.5045357122793503
0.8616360064397593, -0.06876373932665968, 0.501315206938707
0.8643493285413294, 0.022984373616784737, 0.5005920123207048
0.8556719329047054, 0.11431622684233705, 0.5029046953142143
0.8367931187475892, 0.20411382789586835, 0.50622826197817
0.8091127711689764, 0.29165962111485355, 0.5083850599923011
0.7734919387425422, 0.37632026428194265, 0.5082113779722459
0.7302070952462432, 0.45729047640067666, 0.505787446616512
0.6789950242679363, 0.5334351246381133, 0.5024324087508139
0.6193095535784435, 0.6031154690340872, 0.5005584133933615
0.5514291854689972, 0.6647938814958247, 0.5017972559092914
0.4767283271551464, 0.7180370758217509, 0.5049894484768321
0.3968663650616149, 0.7632714146937555, 0.5077682536514094
0.31306033110112824, 0.8008186006492092, 0.5085317343577367
0.22618619120386613, 0.8305465985518525, 0.5068856579171942
0.1368922249773042, 0.851690201642558, 0.5036925171105413
0.0458537981435022, 0.8629266666407333, 0.5009765754053725
-0.04585379475822478, 0.8629266034454229, 0.500976568827344
-0.1368922547937303, 0.8516903348049023, 0.5036923399015945
-0.2261862839901802, 0.830546921483021, 0.5068855102780692
-0.31306046066244964, 0.8008189297953717, 0.5085317736115489
-0.39686654515931064, 0.7632717536435172, 0.5077681035466355
-0.47672845950927134, 0.718037306347062, 0.504988817853603
-0.5514287354083117, 0.664793366036031, 0.5017968932810305
-0.6193086465896264, 0.6031146184787759, 0.5005585846093626
-0.6789958521028605, 0.5334356901523798, 0.5024314918089008
-0.730208709265498, 0.4572914087236503, 0.5057866460336728
-0.7734931599064544, 0.3763208392395629, 0.5082113964180478
-0.8091133840091539, 0.2916598227200623, 0.5083849335380181
-0.8367931187808797, 0.20411384715315115, 0.5062270109134337
-0.8556704078842028, 0.11431608737377617, 0.502903479407264
-0.8643464328658669, 0.022984384396568313, 0.5005924859630768
-0.8616378254388138, -0.06876401962074853, 0.5013139213980666
-0.8477252375562428, -0.15949601823098275, 0.504533979578782
-0.8242776686065107, -0.24827165097024026, 0.5075853901410239
-0.7925060369257801, -0.33447112950275654, 0.5087009298283245
-0.7530422268649657, -0.4174242956747597, 0.5073261848754687
-0.7059047591911052, -0.4962066022537654, 0.5041731320890497
-0.6506845702097236, -0.5695227390605387, 0.5010739611351431
-0.5869900211677582, -0.6356946658896143, 0.5004598928173997
-0.5153771044076003, -0.6932134024969411, 0.5032038657375959
-0.4377928239559823, -0.7423673651036232, 0.5066833824456264
-0.35572478029061283, -0.7837058802408196, 0.5086967005674107
-0.2702233439670072, -0.8174288457080312, 0.5082191609185988
-0.18202002744765894, -0.8431251024576719, 0.5054944316886073
-0.09170739993981399, -0.8598242641695836, 0.5019527692799582
0.0, -0.866025403784438, 0.5000000000000009
-1.240521082401226e-15, -0.866025403784438, 0.5000000000000009
0.09170738635690838, -0.8598240108171559, 0.5019527428506898
0.1820199682753622, -0.8431247426771088, 0.5054941945536682
0.27022328095805476, -0.8174286343300536, 0.5082190033971467
0.3557248955111261, -0.783706158561927, 0.5086967498605299
0.43779341684975565, -0.742368495972199, 0.5066831838336283
0.5153781460188004, -0.6932150357177259, 0.5032031587552248
0.5869903812219115, -0.6356951233285872, 0.5004595754706199
0.6506832540229526, -0.5695214885540226, 0.501074063368488
0.7059037485240446, -0.4962058188552494, 0.5041721267042739
0.7530418584955407, -0.4174240782242028, 0.5073254026450998
0.792506555682513, -0.33447136873906924, 0.5087009842043837
0.824279735168939, -0.2482723423159049, 0.5075851975306723
0.8477285562834139, -0.15949683411032387, 0.5045326099143953
0.8616394781285153, -0.06876427430949113, 0.5013127566882459
0.864343426699753, 0.02298439556647853, 0.5005929767061436
0.8556686031395503, 0.11431592248574392, 0.5029020337909884
0.8367931271521991, 0.20411387547792229, 0.5062253046086149
0.809114345736366, 0.2916601391714115, 0.5083847347725158
0.7734953730455072, 0.37632188117727083, 0.5082114291081222
0.7302121209843759, 0.4572933790058828, 0.5057849550104121
0.6789979113281546, 0.5334370969015484, 0.5024292194406402
0.6193059768460953, 0.6031121149786394, 0.5005590876227796
0.5514271428832414, 0.6647915421876762, 0.5017956058673188
0.4767290455393228, 0.7180383260383976, 0.5049860578702801
0.39686754917783096, 0.7632736437016403, 0.5077672667666198
0.3130614241128079, 0.8008213773834414, 0.5085320651287023
0.22618729042074165, 0.8305504228742726, 0.5068839104611281
0.1368928159598064, 0.8516928420601175, 0.5036890219316346
0.045853597806131054, 0.8629229298349057, 0.5009761856002933
-0.04585359439998017, 0.8629228663539681, 0.5009761789637956
-0.13689284626800946, 0.8516929775303024, 0.5036888436439761
-0.22618738401080662, 0.8305507483497763, 0.506883761837922
-0.31306155394212454, 0.8008217072034429, 0.5085321043603706
-0.39686773052599433, 0.7632739851710164, 0.5077671156306114
-0.4767291817847028, 0.7180385628750887, 0.5049854235021362
-0.5514266928209608, 0.6647910267763504, 0.5017952408272359
-0.619305063555784, 0.6031112586024112, 0.5005592593703567
-0.6789987504850625, 0.5334376701839547, 0.5024282968463831
-0.7302137481000519, 0.457294318451945, 0.505784149121246
-0.7734965979843378, 0.37632245783553026, 0.5082114467942626
-0.8091149617692586, 0.29166034192023954, 0.5083846072485304
-0.8367931394364767, 0.2041138978760911, 0.5062240464033829
-0.8556670826574199, 0.11431578370588223, 0.5029008102220295
-0.864340510459533, 0.022984406381586494, 0.5005934518319981
-0.8616413186615153, -0.06876455797013106, 0.5013114632268326
-0.8477327849562901, -0.15949787414194622, 0.504530865772445
-0.8242827551115217, -0.2482733527835737, 0.5075849149316499
-0.7925074291230294, -0.33447177152280383, 0.5087010755940216
-0.7530411455237169, -0.41742365728513353, 0.5073238732192783
-0.7059014502466359, -0.4962040371800855, 0.5041698297847574
-0.650679705765665, -0.5695181175820098, 0.5010743380116602
-0.5869915446605136, -0.6356966015061739, 0.5004585523531462
-0.5153822407351839, -0.6932214575240716, 0.5032003806864196
-0.4377963287801541, -0.7423740510891758, 0.5066822062480594
-0.3557256306300207, -0.7837079341970284, 0.5086970643139669
-0.2702227252970982, -0.8174267706886765, 0.5082176086316529
-0.18201915554102857, -0.8431198010900327, 0.5054909246859258
-0.09170699805531292, -0.8598167739917171, 0.5019519862774573
0.0, -0.8660254037844382, 0.5000000000000009
-1.2428199826069584e-15, -0.8660254037844382, 0.5000000000000009
0.09170698438861244, -0.8598165194929629, 0.5019519596133071
0.18201909649881087, -0.843119442100144, 0.5054906861979231
0.2702226624974419, -0.8174265601143573, 0.5082174503534194
0.3557257460341983, -0.7837082129356236, 0.5086971136722368
0.43779692443582274, -0.7423751876301702, 0.5066820058351953
0.5153832900757134, -0.6932231035820198, 0.5031996690583569
0.5869919085442488, -0.6356970638492604, 0.5004582330863705
0.650678381350126, -0.5695168594227265, 0.5010744401626808
0.7059004429498934, -0.49620325620504757, 0.5041688183380714
0.7530407826724472, -0.4174234430202028, 0.5073230867888734
0.7925079490517686, -0.33447201127197246, 0.5087011298959586
0.8242848302063961, -0.24827404723070637, 0.5075847199629482
0.8477361296995287, -0.15949869713353507, 0.5045294870490813
0.8616429909124006, -0.0687648157192305, 0.5013102913323024
0.8643374829126793, 0.02298441758812952, 0.5005939441108554
0.8556652833602341, 0.11431561964521866, 0.5028993554883756
0.8367931645647085, 0.20411393050040527, 0.506222330343779
0.8091159285111826, 0.2916606601684725, 0.5083844067997331
0.7734988179704225, 0.37632350285760946, 0.5082114781009759
0.7302171875103352, 0.45729630379055985, 0.5057824468715509
0.6790008378450663, 0.5334390962315094, 0.5024260104519913
0.6193023752349209, 0.6031087379429975, 0.5005597639445404
0.5514251003199689, 0.6647892031378759, 0.5017939448446647
0.47672978488652773, 0.7180396102661664, 0.5049826471038904
0.39686874151740237, 0.7632758892831455, 0.5077662730918175
0.3130625193855624, 0.8008241598026442, 0.5085323957099404
0.22618839916094305, 0.8305542773307191, 0.5068821513403676
0.1368934166728939, 0.8516955281105723, 0.5036855054504707
0.04585339623289581, 0.8629191761217508, 0.5009757923300906
-0.04585339280570493, 0.8629191123532565, 0.5009757856346307
-0.13689344747911977, 0.8516956659145142, 0.5036853260745701
-0.22618849356211876, 0.8305546053715732, 0.5068820017231677
-0.3130626494834846, 0.8008244902980304, 0.5085324349186542
-0.3968689241260047, 0.7632762332936995, 0.5077661209140687
-0.4767299250642272, 0.7180398534857365, 0.5049820089567939
-0.5514246502728115, 0.6647886877966607, 0.5017935773731805
-0.6193014555799585, 0.6031078756884297, 0.50055993622461
-0.6790016884557326, 0.533439677368326, 0.5024250821556633
-0.7302188278365505, 0.4572972504171806, 0.5057816356235649
-0.773500046702182, 0.37632408122432304, 0.5082114950176103
-0.8091165477598512, 0.2916608640699925, 0.5083842781948658
-0.8367931892397331, 0.20411395608036753, 0.5062210649335416
-0.8556637675325053, 0.1143154815729268, 0.5028981241953645
-0.8643345459013225, 0.022984428438755745, 0.5005944207224265
-0.8616448532221539, -0.06876510278929242, 0.5013089898835477
-0.8477403915361504, -0.1594997462365575, 0.5045277313535655
-0.8242878626249558, -0.24827506223455534, 0.5075844339039566
-0.7925088244657923, -0.33447241491917873, 0.5087012211595043
-0.7530400805275946, -0.41742302832839595, 0.5073215491371246
-0.7058981524389285, -0.4962014801113309, 0.5041665075565471
-0.6506748108735061, -0.5695134677885949, 0.5010747145794825
-0.5869930843630037, -0.6356985578836774, 0.5004572037718198
-0.5153874151931056, -0.6932295758962338, 0.5031968727052237
-0.43779984994018534, -0.7423807706333726, 0.5066810193762866
-0.3557264823241989, -0.7837099912324281, 0.5086974285417465
-0.2702221087028402, -0.8174247036278671, 0.5082160488744415
-0.18201828558341437, -0.8431145115303541, 0.5054873976568492
-0.09170659368859035, -0.8598092498882116, 0.5019511963161248
0.0, -0.8660254037844382, 0.5000000000000008
-1.2451313085478476e-15, -0.8660254037844383, 0.5000000000000008
0.09170657993736273, -0.8598089942353596, 0.5019511694150735
0.18201822667564369, -0.8431141533519194, 0.5054871578054021
0.2702220461163216, -0.817424493869396, 0.5082158898327293
0.35572659791189354, -0.7837102703880356, 0.5086974779652087
0.4378004483753676, -0.742381912886108, 0.5066808171425599
0.5153884723281237, -0.6932312349082805, 0.5031961563856181
0.5869934521204353, -0.6356990251893109, 0.5004568825689982
0.6506734781503707, -0.5695122019047217, 0.5010748166441488
0.7058971485922941, -0.4962007016144494, 0.5041654899997376
0.7530397232643371, -0.4174228172862647, 0.5073207584693709
0.7925093455693387, -0.33447265518243985, 0.5087012753854634
0.8242899463023718, -0.2482757598031838, 0.50758423654964
0.8477437625235322, -0.15950057641106455, 0.5045263434818649
0.8616465452570322, -0.06876536363820847, 0.5013078107433522
0.8643314967629329, 0.022984439682009306, 0.5005949145380496
0.8556619738207274, 0.1143153183618908, 0.5028966602712891
0.8367932313200623, 0.20411399306101255, 0.5062193390319809
0.809117519550882, 0.2916611841285547, 0.5083840760446925
0.7735022735684148, 0.37632512934494833, 0.5082115249233664
0.7302222951826848, 0.45729925093517265, 0.5057799220352786
0.6790038042727937, 0.5334411229245584, 0.5024227816128973
0.6192987484986132, 0.6031053377030555, 0.5005604423618156
0.5514230578534334, 0.6647868644424149, 0.5017922727537405
0.4767305454209105, 0.7180409288947422, 0.5049792159964696
0.3968699421438677, 0.7632781515762671, 0.5077652725579638
0.31306361692425494, 0.8008269479193812, 0.5085327260945666
0.22618951751235797, 0.8305581621728878, 0.5068803804376166
0.1368940272394714, 0.8516982603039783, 0.5036819674781579
0.04585319341308029, 0.8629154053876804, 0.500975395565568
-0.045853189964589994, 0.8629153413297204, 0.5009753888106331
-0.13689405854996378, 0.8516984004679757, 0.5036817870044454
-0.22618961273196747, 0.8305584928002421, 0.506880229816504
-0.31306374729128594, 0.8008272790916616, 0.508532765279498
-0.3968701260215024, 0.7632784981470919, 0.5077651193277851
-0.4767306895745489, 0.7180411785728189, 0.5049785740373467
-0.5514226078375355, 0.6647863491922497, 0.5017919028317526
-0.6192978224167197, 0.6031044695135446, 0.5005606151749974
-0.6790046664680107, 0.5334417120010903, 0.5024218475649435
-0.7302239488360374, 0.4573002048010343, 0.5057791053749056
-0.7735035061115179, 0.3763257094280432, 0.5082115410609915
-0.8091181420373759, 0.291661389191442, 0.5083839463472676
-0.836793268529016, 0.2041140218645734, 0.5062180663522331
-0.8556604627642039, 0.1143151810160634, 0.5028954211928378
-0.8643285387757024, 0.022984450568292163, 0.5005953926360819
-0.8616484295947613, -0.0687656541620668, 0.5013065012387907
-0.8477480578134473, -0.1595016346753055, 0.5045245761183961
-0.8242929912762781, -0.24827677937456205, 0.507583946992326
-0.7925102229617847, -0.3344730596952077, 0.5087013665197052
-0.7530390320861431, -0.4174224089159503, 0.5073192125176237
-0.7058948660255081, -0.49619893122315556, 0.504163165243219
-0.6506698852510582, -0.5695087894230126, 0.5010750908221955
-0.5869946404595378, -0.6357005352660623, 0.5004558470074836
-0.515392628106104, -0.6932377581954141, 0.5031933415702353
-0.43780338753960046, -0.7423875239675609, 0.50667982171387
-0.3557273353721507, -0.783712051343957, 0.5086977932512602
-0.27022149422295877, -0.8174226446490165, 0.508214481581725
-0.18201741763716825, -0.8431092340718194, 0.5054838504404352
-0.09170618681798005, -0.8598016916305687, 0.5019503993373161
0.0, -0.8660254037844384, 0.5000000000000006
-1.2474551612399975e-15, -0.8660254037844384, 0.5000000000000006
0.09170617298149097, -0.8598014348159221, 0.501950372197366
0.1820173588680393, -0.8431088767244646, 0.5054836092144515
0.2702214318536601, -0.8174224357194315, 0.5082143217699896
0.35572745114335186, -0.7837123309164824, 0.5086978427401028
0.4378039887709985, -0.7423886719696271, 0.5066796176397155
0.5153936931032589, -0.6932394302824865, 0.5031926205139837
0.586995012134633, -0.6357010075922911, 0.5004555238532118
0.6506685441472101, -0.5695075157477919, 0.5010751927953431
0.7058938657077126, -0.4961981552578338, 0.5041621415263379
0.753038680483388, -0.4174222011350446, 0.507318417574799
0.7925107452445179, -0.33447330047435153, 0.5087014206683779
0.8242950835870066, -0.24827748008482853, 0.5075837472249087
0.8477514552757198, -0.1595024721041433, 0.5045231790082594
0.861650141638297, -0.06876591815052785, 0.5013053147914991
0.8643254678282573, 0.02298446184847324, 0.5005958879905745
0.8556586747786974, 0.11431501867761787, 0.5028939480039422
0.8367933277543319, 0.20411406325815584, 0.5062163305193447
0.8091191189141438, 0.2916617110747245, 0.5083837424778364
0.7735057398906249, 0.3763267606613361, 0.5082115695473954
0.7302274443633703, 0.4573022206217648, 0.5057773803348559
0.6790068110712564, 0.5334431772808715, 0.5024195327493901
0.619295096388133, 0.6031019140323234, 0.5005611228775075
0.5514210155591162, 0.6647845261990079, 0.501790589506224
0.47673132737155055, 0.7180422823223119, 0.5049757643659174
0.39687115111942817, 0.7632804307168108, 0.5077642650949223
0.31306471673365444, 0.8008297417462218, 0.508533056275608
0.22619064556354138, 0.8305620776543176, 0.506878597634268
0.1368946477841031, 0.8517010391570077, 0.50367840782371
0.04585298933575485, 0.8629116175182141, 0.5009749952772022
-0.04585298586581189, 0.8629115531688043, 0.5009749884623027
-0.13689467960525092, 0.8517011817073348, 0.503678226242388
-0.2261907416092359, 0.8305624108899834, 0.5068784459991327
-0.31306484737038065, 0.8008300735968337, 0.5085330954359236
-0.3968713362755787, 0.7632807798685454, 0.5077641108015275
-0.4767314755442308, 0.7180425385337489, 0.5049751185607405
-0.5514205655909763, 0.6647840110611609, 0.5017902171144972
-0.6192941638161494, 0.603101039850349, 0.5005612962244953
-0.6790076849835971, 0.5334437743833913, 0.5024185928997645
-0.7302291114618595, 0.4573031817860662, 0.5057765582079334
-0.7735069762641396, 0.37632734246888544, 0.5082115848962812
-0.8091197446608213, 0.29166191730763513, 0.5083836116760883
-0.8367933776442651, 0.20411409532807728, 0.5062150505048537
-0.8556571686135017, 0.11431488207764148, 0.5028927010772836
-0.864322488657098, 0.022984472770466738, 0.5005963675759083
-0.861652048257475, -0.06876621217316149, 0.5013039971620095
-0.8477557843142087, -0.15950353962125424, 0.50452139986133
-0.8242981411937977, -0.24827850425463652, 0.5075834541297526
-0.7925116246219569, -0.33447370585566466, 0.5087015116706961
-0.7530380004136011, -0.4174217991616678, 0.5073168632489102
-0.7058915912710333, -0.4961963906959983, 0.5041598026822499
-0.6506649286167014, -0.5695040822285, 0.5010754667218155
-0.5869962131393873, -0.6357025339036937, 0.5004544819925674
-0.5153978798040865, -0.6932460050130084, 0.5031897870549773
-0.4378069416866063, -0.7423943113326978, 0.5066786131435351
-0.35572818977354964, -0.7837141145303116, 0.5086981584436856
-0.2702208818971404, -0.8174205938786028, 0.5082129066878308
-0.18201655176587, -0.8431039690126682, 0.5054802828736074
-0.091705777421638, -0.8597940989891857, 0.5019495952816441
0.0, -0.8660254037844384, 0.5000000000000003
-1.2497916427974456e-15, -0.8660254037844384, 0.5000000000000003
0.09170576349915034, -0.8597938410050376, 0.5019495679007469
0.1820164931397608, -0.8431036125169252, 0.5054800402619696
0.2702208197491781, -0.8174203857910376, 0.5082127460993948
0.35572830572829406, -0.783714394519794, 0.5086982079981479
0.43780754573221337, -0.742395465124332, 0.5066784072084894
0.5153989527295038, -0.6932476902940864, 0.5031890612154674
0.5869965887763672, -0.6357030113092162, 0.5004541568710655
0.6506635790516774, -0.5695028006886362, 0.5010755685998616
0.7058905945613227, -0.49619561731617606, 0.5041587727557394
0.7530376545419789, -0.41742159467932305, 0.5073160639918718
0.7925121480851356, -0.33447394715113926, 0.5087015657395002
0.8243002421905194, -0.24827920812745913, 0.5075832519218115
0.8477592084810066, -0.15950438437588738, 0.5045199934214287
0.8616537805374092, -0.06876647934157644, 0.5013028033456192
0.8643193956824344, 0.022984484087728428, 0.5005968644706247
0.8556553864968014, 0.1143147206350044, 0.5028912185489143
0.8367934542123096, 0.20411414119253257, 0.5062133046508551
0.8091207266590209, 0.2916622410296983, 0.5083834060689819
0.7735092169901018, 0.37632839682950614, 0.508211611945627
0.7302326354182953, 0.4573052130340775, 0.5057748216016238
0.6790098587038913, 0.5334452596024584, 0.5024162636867611
0.6192914186523382, 0.603098466702499, 0.5005618054945151
0.5514189735131652, 0.6647821885063923, 0.5017888950136302
0.47673213096995815, 0.7180436709518602, 0.5049722920281667
0.39687236850661034, 0.7632827268416689, 0.5077632506315497
0.3130658188184444, 0.8008325412957659, 0.5085333862460116
0.2261917834041521, 0.8305660240317688, 0.5068768028100629
0.1368952784329768, 0.8517038651923023, 0.5036748262936089
0.04585278398984226, 0.8629078123979904, 0.5009745914351493
-0.04585278049846754, 0.8629077477551566, 0.500974584559796
-0.13689531077148615, 0.8517040101558537, 0.5036746435949075
-0.22619188028367232, 0.8305663598971622, 0.5068766501507072
-0.3130659497256414, 0.8008328738261399, 0.5085334253808779
-0.3968725549522957, 0.7632830785976115, 0.5077630952640375
-0.47673228320361294, 0.7180439337696872, 0.5049716423410701
-0.5514185236108915, 0.664781673504089, 0.5017885201316717
-0.6192904795240732, 0.6030975864676885, 0.5005619793762657
-0.679010744470826, 0.5334458648206443, 0.5024153179835669
-0.7302343160798765, 0.4573061815559591, 0.5057739939534176
-0.7735104572118661, 0.37632898036913903, 0.5082116264950879
-0.8091213556889536, 0.2916624484416876, 0.5083832741510572
-0.8367935169291162, 0.2041141765715993, 0.5062120172347933
-0.8556538853443474, 0.11431458480071598, 0.5028899637101506
-0.8643163951133646, 0.022984495045606585, 0.5005973455450146
-0.8616557096936186, -0.06876677690831157, 0.5013014775214532
-0.847763571566672, -0.15950546123847498, 0.5045182023738846
-0.824303312507324, -0.24828023692629905, 0.5075829552484967
-0.7925130294547325, -0.33447435340402043, 0.5087016566075881
-0.7530369857233961, -0.4174211991785606, 0.5073145012169407
-0.7058883284400511, -0.496193858709738, 0.5041564197094853
-0.6506599406844424, -0.5694993459444242, 0.5010758422615278
-0.5869978025914885, -0.6357045540468937, 0.5004531086601814
-0.5154031706190894, -0.6932543169450867, 0.5031862089307969
-0.437810512485927, -0.7424011329635264, 0.5066773935460527
-0.3557290455280503, -0.7837161807903251, 0.5086985241202985
-0.2702202717656403, -0.8174185514449315, 0.5082113241263048
-0.18201568803403112, -0.843098716654708, 0.5054766947910212
-0.09170536547747171, -0.8597864717324888, 0.5019487840890764
0.0, -0.8660254037844385, 0.5000000000000003
-1.2521408564471217e-15, -0.8660254037844385, 0.5000000000000003
0.09170535146820712, -0.8597862125706043, 0.5019487564653311
0.18201562955542147, -0.8430983610315734, 0.5054764507828863
0.270220209842898, -0.8174183442115855, 0.5082111627541711
0.3557291616659375, -0.7837164611956305, 0.508698573740221
0.43781111936419836, -0.7424022925858478, 0.506677185729978
0.5154042515421989, -0.6932560155444442, 0.50318547826134
0.5869981822364565, -0.6357050365926095, 0.5004527815551918
0.6506585825830699, -0.569498056471335, 0.5010759440387901
0.7058873354211816, -0.49619308797161854, 0.5041553835224614
0.753036645657276, -0.4174209980342092, 0.5073136976072234
0.792513554103069, -0.33447459521783507, 0.5087017105953113
0.8243054222487058, -0.2482809439846843, 0.5075827505736024
0.8477670226740077, -0.15950631339218985, 0.5045167865109021
0.8616574624473176, -0.06876704729862397, 0.5013002762715857
0.8643132798943629, 0.022984506400193547, 0.5005978439799413
0.8556521092406635, 0.11431442427744024, 0.5028884717674236
0.8367936110426939, 0.2041142269662982, 0.5062102612694933
0.809122342843171, 0.2916627740162442, 0.5083830667872602
0.7735127049185886, 0.3763300378717066, 0.5082116520894324
0.730237868716713, 0.4573082283574357, 0.5057722456645322
0.6790129476427194, 0.5334473701968815, 0.5024129742467728
0.6192877150355593, 0.6030949954810402, 0.5005624902155208
0.5514169317942683, 0.6647798514664303, 0.5017871891856638
0.476732956448498, 0.7180450951882893, 0.5049687987953868
0.396873594370535, 0.7632850400925035, 0.5077622290960615
0.3130669231835435, 0.800835346580524, 0.5085337159986387
0.22619293112486766, 0.8305700015637496, 0.5068749958432542
0.13689591931431289, 0.8517067389390333, 0.503671222692176
0.04585257736437577, 0.8629039899103702, 0.5009741840093669
-0.0458525738512558, 0.8629039249721594, 0.500974177073042
-0.13689595217662115, 0.8517068863429204, 0.5036710388660867
-0.22619302884580303, 0.830570340080901, 0.5068748421492926
-0.31306705436166826, 0.8008356797922008, 0.5085337551072041
-0.39687378211527763, 0.7632853944737872, 0.5077620726433874
-0.4767331127871087, 0.7180453646893405, 0.5049681451914501
-0.5514164819750412, 0.6647793366221177, 0.5017868117936962
-0.6192867692858569, 0.6030941091342964, 0.5005626646326604
-0.6790138454006643, 0.5334479836196278, 0.5024120226385268
-0.7302395630614507, 0.45730920429722743, 0.505771412439455
-0.7735139490074234, 0.37633062315159255, 0.5082116658294378
-0.8091229751797677, 0.29166298261658236, 0.5083829337413055
-0.8367936867332133, 0.2041142656977159, 0.5062089663849006
-0.8556506132241884, 0.11431428922893365, 0.5028872089532759
-0.8643102577139813, 0.022984517394064204, 0.5005983265441265
-0.8616594143962917, -0.06876734845503349, 0.5012989421832811
-0.8477714201014733, -0.15950739969225164, 0.5045149834445377
-0.8243085053532365, -0.24828197744348862, 0.5075824502813331
-0.7925144374671982, -0.33447500234319744, 0.5087018013249083
-0.7530359882314415, -0.41742060908090584, 0.5073121263060184
-0.7058850778013387, -0.4961913354470471, 0.5041530161586305
-0.650654921161594, -0.5694945803040499, 0.5010762174243512
-0.5869994090073133, -0.6357065959494587, 0.5004517269424574
-0.515408500885757, -0.6932626945930469, 0.5031826069652107
-0.43781410004619087, -0.74240798910262, 0.5066761628003833
-0.35572990263417537, -0.7837182501196969, 0.5086988902813515
-0.2702196638685051, -0.8174165174748924, 0.50820973382923
-0.18201482650741274, -0.8430934773048792, 0.5054730860266716
-0.09170495096305856, -0.8597788096255855, 0.5019479656994705
0.0, -0.8660254037844387, 0.5
-1.2545029065440477e-15, -0.8660254037844386, 0.5
0.09170493686626995, -0.8597785492782002, 0.5019479378307158
0.18201476818069645, -0.8430931225747409, 0.5054728406102554
0.2702196021752761, -0.8174163111095198, 0.5082095716665914
0.355730018955271, -0.7837185309410079, 0.5086989399670357
0.4378147097766181, -0.7424091545989905, 0.5066759530825982
0.5154095898733756, -0.6932644066313625, 0.5031818714175482
0.5869997927059311, -0.6357070836961313, 0.5004513978375716
0.6506535544401068, -0.5694932828215494, 0.5010763190968978
0.7058840885564247, -0.4961905674073294, 0.5041519736601798
0.7530356540449524, -0.4174204113139369, 0.5073113183038684
0.7925149633026407, -0.3344752446763074, 0.5087018552291711
0.8243106238872278, -0.24828268770698664, 0.5075822431100444
0.8477748983849868, -0.1595082593186752, 0.5045135580653517
0.8616611878526939, -0.06876762210836183, 0.5012977334375175
0.8643071200224636, 0.022984528785909474, 0.5005988265217718
0.855648843281541, 0.11431412964910513, 0.502885707518957
0.8367937985913485, 0.20411432068115165, 0.5062072002151862
0.8091239675275861, 0.29166331005820195, 0.508382724602142
0.773516203728234, 0.3763316838102299, 0.5082116899498281
0.7302431446322526, 0.45731126677910905, 0.5057696523503166
0.6790160783658339, 0.5334495093752978, 0.5024096642490189
0.6192839852790478, 0.6030915001325579, 0.5005631770430626
0.5514148904825833, 0.6647775151828741, 0.5017854719312662
0.47673380404277477, 0.7180465554423571, 0.5049652844778163
0.3968748287764144, 0.7632873706114147, 0.5077612004157219
0.3130680298338938, 0.8008381576131425, 0.5085340455263088
0.2261940888172414, 0.8305740105111059, 0.5068731766105725
0.13689657055797438, 0.8517096609325236, 0.5036675968214646
0.04585236944818072, 0.8629001499378384, 0.5009737729695354
-0.04585236591286963, 0.8629000847022785, 0.500973765971643
-0.13689660395053502, 0.8517098108045177, 0.5036674118575712
-0.22619418738727853, 0.8305743517028965, 0.5068730218713542
-0.31306816128317444, 0.8008384915075719, 0.5085340846076615
-0.39687501782904466, 0.7632877276382577, 0.5077610428666091
-0.47673396453130423, 0.7180468317054288, 0.5049646269222909
-0.5514144407631065, 0.6647770005186078, 0.5017850920098487
-0.6192830328427773, 0.6030906076149523, 0.5005633519962792
-0.6790169882501813, 0.5334501310906716, 0.5024087066847059
-0.7302448527805725, 0.45731225019727156, 0.5057688134919244
-0.7735174517033168, 0.37633227083875576, 0.5082117028705587
-0.8091246031926819, 0.29166351985569305, 0.5083825904155461
-0.8367938874069208, 0.20411436280946646, 0.5062058977938405
-0.8556473525252978, 0.11431399540694938, 0.5028844366641224
-0.8643040760111371, 0.022984539816091658, 0.5005993105772762
-0.8616631628593849, -0.0687679269013978, 0.5012963910130633
-0.8477793304599521, -0.15950935515111636, 0.5045117428596937
-0.8243137198589715, -0.24828372585717345, 0.5075819391577239
-0.7925158486687365, -0.3344756526771805, 0.5087019458179558
-0.7530350081574666, -0.41742002898495156, 0.5073097383994385
-0.7058818396293202, -0.49618882109430074, 0.5041495918618795
-0.6506498697554203, -0.5694897850407107, 0.5010765921923123
-0.5870010325823469, -0.6357086598705488, 0.5004503367703647
-0.5154138709433038, -0.6932711385668897, 0.5031789809233317
-0.4378177044752968, -0.7424148799917942, 0.5066749207841791
-0.35573076109114643, -0.7837203225161752, 0.5086992569278583
-0.2702190582467508, -0.8174144920987041, 0.5082081357281967
-0.1820139672525869, -0.8430882512729723, 0.50546945641163
-0.09170453385583043, -0.8597711124331567, 0.5019471400517382
0.0, -0.8660254037844387, 0.5
-1.2568778985867953e-15, -0.8660254037844387, 0.5
0.09170451967075323, -0.8597708508922485, 0.5019471119356661
0.18201390908268306, -0.8430878974589483, 0.5054692095751535
0.27021899678778677, -0.8174142866166706, 0.5082079727685391
0.3557308775960075, -0.7837206037549622, 0.508699306680066
0.43781831707807617, -0.7424160514070426, 0.5066747091445565
0.5154149680669861, -0.6932728641724638, 0.5031782404492081
0.5870014203835843, -0.6357091528829357, 0.5004500056481752
0.6506484943382793, -0.5694884794800131, 0.5010766937533475
0.7058808542460909, -0.49618805581271586, 0.5041485429998404
0.7530346799287979, -0.41741983463701904, 0.5073089259658169
0.7925163756979744, -0.33447589553267865, 0.5087019996382124
0.8243158472476503, -0.2482844393502165, 0.5075817294635085
0.847782836163463, -0.159510222326142, 0.5045103078682285
0.8616649572643186, -0.06876820386140581, 0.5012951747048696
0.8643009156269365, 0.022984551245352255, 0.5005998120965467
0.8556455888948632, 0.11431383679517212, 0.5028829256618854
0.8367940172182102, 0.20411442244269606, 0.5062041213276565
0.8091256007713817, 0.29166384917892474, 0.5083823794822194
0.773519713473749, 0.37633333466864555, 0.5082117254984312
0.7302484635426353, 0.4573143284884173, 0.5057670414835855
0.6790192513546678, 0.5334516774508664, 0.5024063335125585
0.6192802291216521, 0.6030879804199824, 0.5005638659797907
0.5514128496586741, 0.6647751797606475, 0.5017837431593551
0.47673467399243563, 0.7180480521326613, 0.5049617488847358
0.39687607178800344, 0.763289718538835, 0.5077601645165656
0.3130691387739549, 0.8008409744061725, 0.5085343748216764
0.22619525657377146, 0.8305780511384337, 0.506871344986985
0.13689723229537182, 0.8517126317150392, 0.5036639484806331
0.045852160229651884, 0.8628962923618823, 0.5009733582849032
-0.045852156672175, 0.8628962268269341, 0.5009733512249264
-0.1368972662251454, 0.8517127840828551, 0.5036637623686722
-0.2261953560010169, 0.8305783950273, 0.5068711891918531
-0.3130692704951479, 0.8008413089847346, 0.5085344138749347
-0.3968762621593878, 0.7632900782343364, 0.507760005859744
-0.47673483867498717, 0.7180483352345821, 0.5049610873409374
-0.5514124000575992, 0.6647746653003539, 0.5017833606876979
-0.6192792699312185, 0.6030870816698537, 0.5005640414696035
-0.6790201735073507, 0.5334523075511204, 0.5024053699386206
-0.7302501856163829, 0.4573153194458337, 0.505766196934917
-0.7735209653529795, 0.3763339234533889, 0.5082117375889259
-0.8091262397886896, 0.2916640601828355, 0.5083822441426699
-0.8367941193085882, 0.20411446801201694, 0.5062028113003193
-0.8556441035262194, 0.11431370338017544, 0.5028816467009927
-0.8642978495644068, 0.022984562311864437, 0.5006002976442437
-0.8616669555913669, -0.06876851233813791, 0.50129382387317
-0.8477873031885339, -0.15951132778571556, 0.5045084804023224
-0.8243189561647498, -0.24828548222312186, 0.5075814218090681
-0.7925172630697479, -0.3344763044107313, 0.508702090082351
-0.7530340457265461, -0.4174194590101132, 0.507307337379522
-0.7058786142054931, -0.4961863158429048, 0.5041461466488811
-0.6506447861691843, -0.5694849598842655, 0.5010769665459608
-0.5870026735158195, -0.6357107460745078, 0.5004489380732984
-0.5154192811347541, -0.6932796494840947, 0.50317533056606
-0.43782132588637224, -0.7424218058835786, 0.5066736673742964
-0.35573162089871657, -0.7837223979789247, 0.5086996240613912
-0.2702184549426396, -0.8174124754506245, 0.5082065297545618
-0.18201311033791204, -0.8430830388767176, 0.5054658057750082
-0.09170411413289663, -0.8597633799165265, 0.5019463070839719
0.0, -0.8660254037844387, 0.49999999999999983
-1.2592659392331872e-15, -0.8660254037844387, 0.49999999999999983
0.09170409985874253, -0.859763117173943, 0.501946278718717
0.18201305232911785, -0.8430826859984647, 0.5054655575070943
0.2702183937216681, -0.8174122708634334, 0.5082063659903175
0.35573173758655774, -0.7837226796330414, 0.5086996738796328
0.43782194137801217, -0.7424229832552348, 0.5066734537910625
0.5154203864635375, -0.6932813887813802, 0.5031745851172494
0.5870030654647775, -0.6357112444125146, 0.500448604918284
0.6506434019746321, -0.5694836461708288, 0.5010770679913419
0.7058776327673577, -0.49618555337572684, 0.5041450913715521
0.7530337235289308, -0.41741926811954044, 0.5073065204735685
0.7925177912944776, -0.3344765477890612, 0.5087021438161597
0.8243210924603774, -0.24828619896645815, 0.5075812095624161
0.8477908365520354, -0.1595122025842363, 0.5045070357024237
0.8616687711846761, -0.06876879264754439, 0.5012925999376078
0.8642946662566653, 0.02298457377884208, 0.5006008007064193
0.8556423463590045, 0.1143135457614883, 0.5028801260528561
0.8367942672802067, 0.2041145323562935, 0.5062010244432751
0.8091272426339711, 0.29166439140203493, 0.5083820313954142
0.7735232342069147, 0.3763349904692782, 0.5082117587052146
0.7302538258271349, 0.45731741367520545, 0.5057644128866117
0.6790224670997649, 0.5334538747426142, 0.5024029818527009
0.6192764462978341, 0.6030844361020337, 0.5005645570278852
0.5514108094056829, 0.6647728453077569, 0.5017820027768382
0.47673556653759963, 0.7180495856790475, 0.5049581918211952
0.3968773234719104, 0.7632920840203316, 0.5077591213239027
0.31307025000844835, 0.8008437969719586, 0.5085347038772813
0.22619643448816293, 0.8305821237124342, 0.5068695008458742
0.13689790466011667, 0.8517156518356641, 0.50366027746646
0.045851949697380046, 0.8628924170628114, 0.500972939924462
-0.04585194611756795, 0.8628923512264155, 0.5009729328019381
-0.13689793913388104, 0.8517158067268877, 0.5036600901962044
-0.2261965347805892, 0.8305824703208671, 0.506869343984085
-0.3130703820022378, 0.8008441322362778, 0.5085347429016115
-0.3968775151722281, 0.76329244640663, 0.507758961547917
-0.4767357354595302, 0.718049875699013, 0.50495752625253
-0.5514103599420977, 0.664772331076183, 0.5017816177340337
-0.6192754802843738, 0.6030835310568, 0.5005647330549211
-0.6790234016651159, 0.5334545133216211, 0.5024020122147839
-0.7302555619517014, 0.45731841223471253, 0.5057635625899013
-0.7735244900097056, 0.37633558101856823, 0.5082117699547366
-0.8091278850282563, 0.2916646036220771, 0.5083818948908221
-0.8367943827993207, 0.20411458141196398, 0.5061997067405518
-0.8556408665083088, 0.11431341319503366, 0.5028788389202685
-0.8642915779238812, 0.02298458488186662, 0.5006012877457409
-0.8616707931040878, -0.06876910485651605, 0.501291240625076
-0.8477953388375739, -0.15951331776787214, 0.5045051958525957
-0.8243242144076637, -0.24828724659568743, 0.507580898164691
-0.7925186806787556, -0.3344769575472842, 0.5087022341129259
-0.7530331011628928, -0.4174188992745681, 0.5073049231263684
-0.7058754018120686, -0.49618381988396265, 0.5041426803480129
-0.6506396701016456, -0.5694801045602608, 0.5010773404670695
-0.5870043320074805, -0.6357128548263548, 0.5004475307811431
-0.5154247318056644, -0.6932882279671715, 0.5031716556522251
-0.4378249643884997, -0.7424287670228178, 0.5066724024450032
-0.35573248205566177, -0.7837244765043767, 0.5086999916826375
-0.2702178539980658, -0.817410467662969, 0.5082049158379549
-0.1820122558323307, -0.843077840435191, 0.5054621339443716
-0.09170369177115548, -0.8597556118356355, 0.5019454667340661
0.0, -0.8660254037844388, 0.49999999999999967
-1.2616671363162667e-15, -0.8660254037844389, 0.49999999999999967
0.09170367740713928, -0.8597553478832346, 0.5019454381175038
0.18201219798943666, -0.8430774885149277, 0.5054618842333477
0.2702177930194077, -0.8174102639842727, 0.5082047512619517
0.3557325989263606, -0.7837247585734736, 0.508700041567057
0.43782558278856054, -0.74242995039456, 0.5066721868966136
0.5154258454100967, -0.6932899810834837, 0.5031709051785042
0.5870047281528556, -0.6357133585547085, 0.5004471955758875
0.650638277044274, -0.5694787826163856, 0.5010774417921604
0.7058744244067888, -0.4961830602908302, 0.5041416186023584
0.7530327850742214, -0.41741871188264656, 0.5073041017070256
0.792519210101425, -0.33447720144961024, 0.5087022877580251
0.824326359662829, -0.24828796661056607, 0.5075806833358015
0.8477989001057514, -0.15951420026654506, 0.504503741346521
0.8616726301292641, -0.06876938855908332, 0.5012900089961323
0.8642883714567263, 0.022984596386555225, 0.5006017923525794
0.8556391159582576, 0.11431325659474073, 0.5028773085469965
0.8367945491407816, 0.20411465052904634, 0.5061979093967576
0.8091288931766558, 0.29166493675161903, 0.5083816803096806
0.7735267659815654, 0.37633665123513593, 0.5082117895402809
0.730259231873269, 0.45732052253332367, 0.5057617663789606
0.6790257260975692, 0.5334561015728424, 0.5023996090821568
0.6192726365387313, 0.6030808669342694, 0.5005652501894309
0.5514087698085552, 0.6647705119344012, 0.501780250689832
0.47673648192183204, 0.7180511565074362, 0.5049546130902451
0.39687858389504693, 0.7632944672021416, 0.507758070762116
0.3130713635422755, 0.8008466253231386, 0.50853503268568
0.22619762265514948, 0.8305862285023164, 0.5068676440590243
0.13689858778751032, 0.8517187218493065, 0.5036565835734291
0.045851737839808906, 0.8628885239200061, 0.5009725178569734
-0.045851734237365535, 0.8628884577800856, 0.5009725106713749
-0.13689862281209586, 0.8517188792923496, 0.5036563951343476
-0.22619772382073655, 0.8305865778533073, 0.5068674861196255
-0.31307149580912697, 0.8008469612747384, 0.5085350716801862
-0.3968787769338066, 0.7632948323004838, 0.5077579098552653
-0.4767366551296732, 0.7180514535268956, 0.5049539434605397
-0.5514083205006106, 0.6647699979552469, 0.5017798630558832
-0.6192716636349975, 0.6030799555329297, 0.5005654267540687
-0.6790266732174453, 0.5334567487225197, 0.5023986333274928
-0.7302609821723389, 0.45732152875655585, 0.5057609102760047
-0.7735280257286539, 0.3763372435577939, 0.5082117999388891
-0.8091295389725419, 0.29166515019736733, 0.508381542627558
-0.8367946782428709, 0.20411470311656155, 0.5061965839476488
-0.8556376417578888, 0.11431312489854685, 0.502876013175584
-0.8642852606268676, 0.022984607526117227, 0.500602280884361
-0.8616746759117768, -0.06876970454896873, 0.5012886411295334
-0.8478034379640467, -0.1595153252720841, 0.5045018889883481
-0.8243294947196835, -0.24828901902800152, 0.5075803681517372
-0.7925201015044552, -0.334477612090826, 0.5087023779045634
-0.7530321746949391, -0.41741834989916593, 0.5073024955188046
-0.7058722027361558, -0.4961813334121886, 0.5041391927851182
-0.6506345212475035, -0.5694752187909795, 0.5010777139363818
-0.5870060082603759, -0.6357149863960182, 0.5004461148224828
-0.5154302233051579, -0.6932968746460694, 0.5031679559366655
-0.4378286200953515, -0.7424357636641443, 0.5066711258690506
-0.35573334456082983, -0.7837265580895064, 0.5087003597925219
-0.27021725545567793, -0.8174084688706444, 0.5082032939073565
-0.18201140380611674, -0.8430726562732415, 0.5054584407452141
-0.09170326674720516, -0.8597478079480396, 0.5019446189391831
0.0, -0.8660254037844388, 0.49999999999999956
-1.26408159886053e-15, -0.8660254037844389, 0.49999999999999956
0.09170325229253526, -0.8597475427776389, 0.5019445900691565
0.1820113461338881, -0.8430723053329218, 0.5054581895790834
0.2702171947237421, -0.8174082661143999, 0.5082031285123503
0.3557334616142868, -0.7837268405733234, 0.5087004097433021
0.43782924142080354, -0.7424369530746722, 0.5066709083337939
0.5154313452568806, -0.6932986417105745, 0.5031672003887999
0.5870064086501653, -0.6357154955784046, 0.5004457775505042
0.6506331192462681, -0.5694738885428212, 0.5010778151360673
0.7058712294520657, -0.4961805767527036, 0.5041381245184335
0.7530318647915041, -0.41741816604584625, 0.5073016695446225
0.7925206321288102, -0.33447785651856055, 0.5087024314592212
0.824331648991516, -0.2482897423369681, 0.5075801507114119
0.8478070273834935, -0.15951621554800618, 0.5045004245772392
0.8616765346160945, -0.06876999168888484, 0.5012874017404559
0.8642820307664469, 0.02298461906882245, 0.5006027870359548
0.8556358979827703, 0.1143129693428238, 0.5028744729975688
0.8367948631652014, 0.20411477706902525, 0.5061947760201839
0.8091305524624985, 0.2916654852525259, 0.5083813261928575
0.773530308852934, 0.37633831698993525, 0.5082118179738504
0.7302646820686376, 0.45732365525631496, 0.5057591017785921
0.6790290288495808, 0.5334583582670278, 0.5023962150133465
0.619268799573105, 0.6030772726704938, 0.5005659454665061
0.5514067309529767, 0.6647681797522191, 0.5017784868043752
0.4767374203929474, 0.7180527650517596, 0.5049510124937312
0.3968798531233493, 0.7632968682294534, 0.5077570127543681
0.3130724793800511, 0.8008494594722761, 0.5085353612392887
0.22619882117033377, 0.8305903657800813, 0.5068657744965114
0.13689928181467279, 0.8517218423181254, 0.503652866593352
0.045851524645130357, 0.862884612811724, 0.5009720920508536
-0.04585152101984249, 0.8628845463662176, 0.5009720848016403
-0.1368993173970779, 0.8517220023416783, 0.503652676974769
-0.2261989232172591, 0.8305907178969241, 0.5068656154684094
-0.3130726119205097, 0.8008497961126515, 0.508535400203066
-0.39688004751124917, 0.763297236063254, 0.5077568507049306
-0.4767375979323522, 0.7180530691508931, 0.5049503387652278
-0.5514062818199386, 0.6647676660506173, 0.5017780965581606
-0.619267819709178, 0.6030763548496, 0.5005661225691789
-0.6790299886700888, 0.5334590140822374, 0.502395233086683
-0.7302664466694044, 0.45732466920697545, 0.505758239809897
-0.7735315725629012, 0.37633891109404666, 0.5082118275103833
-0.8091312016831353, 0.2916656999333269, 0.5083811873201407
-0.8367950060083117, 0.20411483323522503, 0.5061934427533152
-0.8556344295656785, 0.11431283853903479, 0.5028731693198352
-0.8642788972099446, 0.02298463024520119, 0.5006032770608282
-0.8616786045395455, -0.06877031150935847, 0.5012860252448
-0.8478116011302502, -0.15951735047422902, 0.5044985595840282
-0.824334797239112, -0.24829079957487826, 0.5075798316974155
-0.7925215255555876, -0.334478268044702, 0.5087025214520174
-0.7530312665506946, -0.41741781100356135, 0.5073000544339035
-0.7058690172702283, -0.49617885662520955, 0.5041356837861479
-0.6506293392995389, -0.5694703022966469, 0.5010780869356235
-0.5870077024796996, -0.6357171410560165, 0.5004446901259606
-0.5154357559861547, -0.6933055901577584, 0.5031642311729815
-0.4378322931149595, -0.7424427960514994, 0.5066698375174564
-0.3557342084132783, -0.7837286427317404, 0.5087007283921974
-0.27021665935886263, -0.8174064792106464, 0.5082016638909629
-0.18201055433084187, -0.8430674867208243, 0.5054547260010045
-0.0917028390374149, -0.8597399680093901, 0.5019437636358082
0.0, -0.8660254037844388, 0.49999999999999956
-1.266509437098425e-15, -0.8660254037844388, 0.49999999999999956
0.09170282449127609, -0.8597397016125518, 0.5019437345101808
0.1820104968341439, -0.8430671367828148, 0.50545447336772
0.2702165988780466, -0.8174062773907007, 0.5082014976695601
0.3557343256492911, -0.7837289256297284, 0.5087007784094306
0.43783291738785757, -0.7424439915495302, 0.5066696179735466
0.5154368863575879, -0.6933073713013294, 0.5031634704991876
0.5870081071639945, -0.6357176557590976, 0.5004443507694132
0.6506279282698074, -0.5694689636672967, 0.5010781880036949
0.7058680481972935, -0.4961781029604245, 0.5041346089433263
0.7530309629131371, -0.4174176307317122, 0.507299223863072
0.7925220573856597, -0.33447851299987436, 0.5087025749145856
0.8243369605859316, -0.24829152620137637, 0.5075796116162885
0.8478152189514978, -0.15951824860616237, 0.5044970851675676
0.8616804851758613, -0.0687706021321814, 0.5012847780274767
0.8642756437202083, 0.022984641825926043, 0.500603784756839
0.8556326927259796, 0.11431268405425521, 0.5028716192567053
0.8367952097267446, 0.20411491208660326, 0.5061916241443827
0.8091322205534194, 0.2916660369292444, 0.5083809690119765
0.7735338628759173, 0.376339987757223, 0.5082118439753832
0.7302701768082064, 0.45732681204145215, 0.5057564189005247
0.6790323758655965, 0.5334606451557978, 0.5023927994546106
0.619264935125095, 0.6030736530602039, 0.500566642860885
0.5514046929270882, 0.6647658488759524, 0.5017767110247304
0.47673838219979403, 0.7180544117483472, 0.5049473898296986
0.39688113122495944, 0.7632992872517399, 0.5077559472230895
0.31307359752659125, 0.8008522994321672, 0.5085356895305235
0.22620003013055134, 0.8305945358207765, 0.5068638920267261
0.13689998688049188, 0.8517250138102292, 0.5036491263155656
0.04585131010137793, 0.8628806836150571, 0.5009716624743441
-0.04585130645319644, 0.862880616862101, 0.5009716551607925
-0.1369000230281356, 0.8517251764443634, 0.5036489355065648
-0.22620013306711467, 0.8305948907267287, 0.5068637318987642
-0.31307373034120806, 0.8008526367625316, 0.5085357284626184
-0.3968813269724861, 0.7632996578437938, 0.5077557840190076
-0.4767385641172249, 0.7180547230085375, 0.5049467119640522
-0.5514042439889647, 0.6647653354777978, 0.5017763181444541
-0.6192639482288191, 0.6030727287540408, 0.5005668205024318
-0.6790333485354788, 0.5334613097329768, 0.5023918112999318
-0.7302719558362709, 0.4573278337820673, 0.5057555510059658
-0.7735351305667078, 0.3763405836504514, 0.5082118526382381
-0.8091328732218803, 0.29166625285430237, 0.5083808289352528
-0.8367953664688794, 0.2041149718783441, 0.5061902829867956
-0.8556312302262119, 0.11431255416514605, 0.5028703072038698
-0.8642724872016453, 0.022984653039180188, 0.5006042762761805
-0.8616825795187002, -0.06877092583344316, 0.5012833928276365
-0.8478198289042173, -0.15951939355288366, 0.5044952074110902
-0.824340122106742, -0.24829258829280576, 0.5075792887284288
-0.7925229528408844, -0.33447892541303814, 0.5087026647500449
-0.7530303769656537, -0.4174172827122899, 0.5072975997471967
-0.7058658457084958, -0.4961763897220811, 0.5041321531711551
-0.6506241239429198, -0.5694653547908775, 0.501078459444227
-0.5870094148751245, -0.6357193190852157, 0.5004432566177633
-0.5154413302051958, -0.6933143751465676, 0.5031604811080759
-0.4378359835656461, -0.7424498644492564, 0.5066685372597692
-0.355735073611221, -0.7837307304261377, 0.508701097482057
-0.2702160657508676, -0.8174044988188095, 0.5082000257153388
-0.18200970747864362, -0.8430623321088986, 0.505450989533124
-0.09170240861784733, -0.8597320917726965, 0.5019429007603764
0.0, -0.866025403784439, 0.4999999999999995
-1.2689507624871285e-15, -0.866025403784439, 0.4999999999999995
0.09170239397946672, -0.8597318241414411, 0.5019428713763523
0.18200965016310272, -0.8430619831997491, 0.5054507354205704
0.2702160055265543, -0.817404297952633, 0.5081998586610212
0.35573519103075113, -0.7837310137408758, 0.5087011475669501
0.43783661080437253, -0.742451066076538, 0.5066683156854541
0.5154424690703502, -0.6933161705027695, 0.503159715257846
0.5870098239045506, -0.6357198393761752, 0.5004429151592389
0.6506227038031764, -0.569464007706131, 0.5010785603747294
0.7058648809411914, -0.49617563911586166, 0.5041310716988039
0.7530300796739497, -0.4174171060638598, 0.5072967645376912
0.7925234858820536, -0.334479170897869, 0.5087027181193045
0.8243422945869681, -0.24829331825997153, 0.5075790659766551
0.8478234753818225, -0.15952029962051428, 0.5044937228877195
0.8616844823428795, -0.06877121998503834, 0.5012821377131811
0.8642692098452872, 0.022984664658224956, 0.500604785515602
0.8556295004864758, 0.1143124007786285, 0.5028687471746653
0.8367955892011495, 0.20411505569326951, 0.5061884535975485
0.8091338975121535, 0.2916665918066978, 0.5083806087336427
0.7735374281054541, 0.3763416635606407, 0.508211867513891
0.7302757164885914, 0.4573299930865655, 0.5057537175575656
0.6790357676608314, 0.5334629625730778, 0.5023893622128721
0.6192610429163217, 0.6030700078507634, 0.5005673423740316
0.5514026558202345, 0.6647635194221064, 0.501774923254639
0.47673936759422597, 0.7180560970393532, 0.5049437448940822
0.39688241826800225, 0.7633017244189291, 0.5077548740895189
0.3130747179864498, 0.8008551452151664, 0.508536017551558
0.22620124963349364, 0.8305987389016416, 0.5068619965163006
0.13690070312613564, 0.8517282369024124, 0.5036453625265425
0.04585109419654753, 0.8628767362062566, 0.500971229095101
-0.045851090525369224, 0.8628766691437151, 0.5009712217166538
-0.13690073984637324, 0.851728402176763, 0.5036451705161775
-0.22620135346808157, 0.8305990966201803, 0.506861835277078
-0.3130748510758181, 0.8008554832368671, 0.5085360564509979
-0.39688261538563563, 0.7633020977921049, 0.5077547097186654
-0.47673955393701195, 0.7180564155435685, 0.5049430628529359
-0.5514022070967568, 0.6647630063530319, 0.5017745277190526
-0.6192600489169247, 0.6030690769950394, 0.500567520554652
-0.6790367533291097, 0.5334636360085827, 0.5023883677742257
-0.7302775100742176, 0.45733102268206316, 0.5057528436762104
-0.773538699797464, 0.37634226125166126, 0.5082118752922593
-0.8091345536532338, 0.2916668089857479, 0.5083804674399002
-0.8367957600039434, 0.20411511915839842, 0.5061871044762586
-0.8556280440430869, 0.11431227182720358, 0.5028674266780295
-0.8642660301331013, 0.022984675908488773, 0.5006052785285555
-0.8616866013905233, -0.06877154761847457, 0.5012807437324426
-0.847828121863145, -0.15952145468915382, 0.5044918322382105
-0.824345469464842, -0.24829438523846198, 0.507578739170657
-0.7925243833721053, -0.33447958420084817, 0.5087028077943833
-0.7530295061764709, -0.41741676514975234, 0.5072951313336533
-0.7058626883585257, -0.49617393291080786, 0.5041286007628076
-0.6506188748677596, -0.5694603759918538, 0.5010788314412133
-0.5870111456572497, -0.6357215207638631, 0.5004418142251186
-0.5154469463224505, -0.6933232302641087, 0.5031567054894197
-0.43783969155934915, -0.7424569691103701, 0.5066672249641476
-0.3557359401545436, -0.7837328211727087, 0.5087014670642797
-0.2702154746773008, -0.8174025278395979, 0.5081983793079056
-0.18200886332469426, -0.8430571927836467, 0.50544723116104
-0.09170197546436029, -0.85972417898955, 0.5019420302471794
0.0, -0.8660254037844392, 0.4999999999999992
-1.2714056877256025e-15, -0.8660254037844392, 0.4999999999999992
0.09170196073288715, -0.8597239101151778, 0.501942000603068
0.18200880619485701, -0.8430568449235865, 0.5054469755568548
0.27021541471332217, -0.8174023279388128, 0.5081982114123332
0.3557360577565177, -0.7837331049013291, 0.5087015172161207
0.43784032178364374, -0.74245817691116, 0.5066670013363489
0.5154480937536898, -0.6933250399642398, 0.5031559344097042
0.587011559080484, -0.6357220467077551, 0.5004414706475814
0.6506174455259749, -0.5694590203680464, 0.5010789322304856
0.7058617279832589, -0.4961731854211857, 0.5041275126046921
0.7530292153089542, -0.4174165921658263, 0.5072942914414114
0.7925249176235397, -0.3344798302148892, 0.5087028610668265
0.8243476511313585, -0.2482951185677168, 0.5075785137163419
0.8478317972471254, -0.15952236877151538, 0.504490337504617
0.8616885266541112, -0.0687718453445512, 0.501279480652808
0.8642627286578968, 0.022984687565802533, 0.5006057893139199
0.8556263215645397, 0.11431211956587192, 0.5028658566001787
0.8367960019677576, 0.20411520800168584, 0.5061852642055998
0.809135583399215, 0.2916671499089918, 0.5083802453231547
0.7735410045947734, 0.37634334442292017, 0.5082118885573044
0.7302813015090543, 0.45733319859037336, 0.5057509975597574
0.6790392047565581, 0.5334653108562162, 0.5023859030924693
0.6192571226641352, 0.6030663367853912, 0.5005680440074458
0.55140061972361, 0.6647611915093896, 0.5017731233965079
0.47674037683137815, 0.7180578213727377, 0.5049400774800005
0.3968837143212802, 0.7633041798822, 0.5077537932737823
0.3130758407642121, 0.8008579968333218, 0.508536345294389
0.226202479778001, 0.830602975302438, 0.506860087830081
0.13690143069493022, 0.8517315121788391, 0.5036415750100076
0.045850876918590036, 0.8628727704603302, 0.5009707918804736
-0.045850873224097505, 0.862872703085956, 0.500970784436725
-0.13690146799483424, 0.8517316801223284, 0.5036413817873577
-0.2262025845190438, 0.8306033358576304, 0.506859925468016
-0.3130759741289576, 0.800858335548154, 0.5085363841603
-0.3968839128196793, 0.763304556060029, 0.507753627724022
-0.47674056764784345, 0.7180581472059084, 0.5049393912245508
-0.551400171235414, 0.6647606787963853, 0.5017727251838097
-0.6192561214882272, 0.6030653993135533, 0.500568222727649
-0.6790402035762879, 0.53346599324923, 0.5023849023122762
-0.7302831097837996, 0.4573342361064185, 0.5057501176298967
-0.7735422803082503, 0.3763439439204745, 0.5082118954400039
-0.8091362430388913, 0.2916673683523204, 0.5083801027994361
-0.8367961869937934, 0.20411527518857114, 0.5061839070463758
-0.8556248713189554, 0.11431199157566654, 0.5028645275902305
-0.864259525517183, 0.022984698853260863, 0.5006062838195692
-0.8616906706954897, -0.06877217696224905, 0.5012780778136182
-0.8478364805828262, -0.1595235340646215, 0.5044884338305862
-0.8243508394507174, -0.24829619046708015, 0.5075781829472656
-0.7925258171540874, -0.3344802444101939, 0.5087029505781973
-0.7530286544203583, -0.4174162584406399, 0.507292649064591
-0.7058595455185902, -0.49617148639231345, 0.5041250263772057
-0.6506135917467419, -0.5694553656018017, 0.5010792029075668
-0.5870128950418019, -0.6357237463790777, 0.5004403628723977
-0.515452604702556, -0.6933321561703152, 0.503152904056983
-0.43784341721332726, -0.7424641102980569, 0.5066659004965032
-0.35573680804155505, -0.7837349149667463, 0.508701837139481
-0.2702148861827637, -0.817400566412702, 0.5081967245934887
-0.18200802194379953, -0.8430520690865912, 0.5054434507019812
-0.09170153955249381, -0.8597162294086387, 0.501941152031307
0.0, -0.8660254037844392, 0.4999999999999991
-1.2738743267719356e-15, -0.8660254037844393, 0.4999999999999991
0.09170152472706475, -0.8597159592821982, 0.5019411221249795
0.18200796500469493, -0.8430517222984957, 0.5054431935936787
0.2702148264835194, -0.8174003674910352, 0.5081965558488144
0.35573692582544414, -0.7837351991078804, 0.5087018873580976
0.437844050441818, -0.7424653243146201, 0.5066656747920459
0.515453760774544, -0.6933339803495244, 0.5031521276956044
0.5870133129115411, -0.6357242780458411, 0.5004400171576263
0.650612153119156, -0.569454001362697, 0.5010793035482668
0.7058585896366936, -0.49617074208800666, 0.5041239314783807
0.7530283700611804, -0.4174160891655746, 0.5072918044469508
0.792526352622359, -0.3344804909563943, 0.5087030037529733
0.8243530303656927, -0.24829692718311283, 0.5075779547604173
0.8478401851355079, -0.1595244562440366, 0.5044869287828632
0.8616926186685531, -0.0687724783111787, 0.5012768066968633
0.8642561996834818, 0.02298471054921481, 0.5006067961482066
0.8556231562717426, 0.11431184046787557, 0.5028629473807104
0.836796448413974, 0.20411536912697478, 0.5061820557931445
0.8091372782811321, 0.29166771126241664, 0.508379878747193
0.7735445924019995, 0.376345030369083, 0.5082119070745568
0.7302869322810183, 0.4573364287581426, 0.5057482587144635
0.6790426876840312, 0.5334676903490708, 0.5023824218937107
0.6192531740802739, 0.6030626396025842, 0.5005687477627774
0.5513985847306556, 0.6647588652598339, 0.5017713113512321
0.47674141016912275, 0.7180595852019902, 0.5049363873775687
0.3968850194546002, 0.7633066537951897, 0.5077527046951702
0.3130769658646663, 0.8008608542994489, 0.5085366727511675
0.22620372066416622, 0.8306072453065689, 0.5068581658311886
0.13690216973172276, 0.8517348402288862, 0.5036377635472529
0.04585065825518327, 0.8628687862511593, 0.5009703507977243
-0.045850654537102374, 0.8628687185627744, 0.5009703432881218
-0.13690220761865832, 0.8517350108717251, 0.5036375691011112
-0.22620382632012426, 0.8306076087225495, 0.5068580023345913
-0.31307709950527474, 0.8008611937089191, 0.5085367115825981
-0.3968852193441519, 0.763307032800791, 0.5077525379540719
-0.4767416055077872, 0.7180599184495786, 0.5049356968689268
-0.5513981364982767, 0.6647583529297548, 0.5017709104400511
-0.6192521656556406, 0.6030616954491622, 0.5005689270226562
-0.6790436998078802, 0.5334683817983088, 0.5023814147153904
-0.730288755373487, 0.4573374742585268, 0.5057473726739347
-0.7735458721561017, 0.3763456316813895, 0.5082119130499417
-0.8091379414436528, 0.2916679309797351, 0.5083797349796804
-0.8367966478260572, 0.20411544008423343, 0.506180690520175
-0.8556217123654923, 0.11431171346258961, 0.5028616097865899
-0.8642529728679774, 0.022984721873929713, 0.500607292148091
-0.8616947879903266, -0.06877281396516469, 0.5012753949218809
-0.8478449056533403, -0.15952563186497076, 0.5044850119507109
-0.8243562322101504, -0.24829800403684457, 0.5075776199824305
-0.7925272541988039, -0.3344809060462695, 0.508703093097163
-0.7530278219403094, -0.4174157627125401, 0.5072901528116119
-0.7058564175046794, -0.49616905037986003, 0.5041214298321386
-0.6506082742611404, -0.5694503233309833, 0.5010795738214027
-0.5870146632449307, -0.6357259962188223, 0.5004389024851832
-0.5154583057122034, -0.693341153530039, 0.5031490765509886
-0.43784716064290796, -0.7424712882727533, 0.50666456372099
-0.3557376772708043, -0.7837370118046982, 0.5087022077087274
-0.27021430031283955, -0.8173986146813892, 0.5081950614964242
-0.1820071834125002, -0.8430469613672505, 0.5054396479710861
-0.09170110085749555, -0.8597082427766388, 0.5019402660467535
0.0, -0.8660254037844393, 0.499999999999999
-1.2763567948609803e-15, -0.8660254037844394, 0.499999999999999
0.09170108593730847, -0.8597079713900625, 0.5019402358758331
0.18200712666951327, -0.8430466156758035, 0.5054393893460805
0.2702142408832712, -0.8173984167544646, 0.508194891895145
0.35573779523686616, -0.7837372963590213, 0.5087022579946808
0.43784779689643066, -0.7424725085518007, 0.5066643359170677
0.5154594705007465, -0.6933429923257037, 0.5031482948541054
0.5870150856134961, -0.6357265336781944, 0.5004385546150083
0.6506068262590519, -0.5694489503959798, 0.5010796743081458
0.7058554662097579, -0.49616830932380895, 0.5041203281358012
0.753027544171891, -0.41741559718958376, 0.5072893034242469
0.7925277908870876, -0.33448115312601273, 0.5087031461721878
0.8243584324313251, -0.2482987441628492, 0.5075773890314899
0.8478486396348484, -0.15952656222355863, 0.5044834964828775
0.8616967589342954, -0.06877311898446047, 0.5012741156975541
0.8642496224207149, 0.022984733608574556, 0.500607806021083
0.8556200049197391, 0.11431156353678956, 0.5028600193609896
0.8367969289267233, 0.20411553918459108, 0.5061788281809544
0.8091389822214707, 0.29166827589229455, 0.5083795089706239
0.77354819158216, 0.37634672142268094, 0.5082119230331015
0.7302926092119951, 0.45733968379233547, 0.5057455008269676
0.6790462169780513, 0.5334701013972618, 0.5023789184168808
0.619249196875429, 0.6030589160398068, 0.500569453641162
0.5513965509359886, 0.664756540796946, 0.5017694870196932
0.47674246786839125, 0.718061388986394, 0.5049326743751023
0.39688633373781923, 0.7633091463119863, 0.5077516082717803
0.3130780932924266, 0.8008637176259885, 0.5085369999138248
0.22620497239307347, 0.8306115491998889, 0.5068562303809017
0.13690292038358287, 0.8517382216500611, 0.5036339279167268
0.045850438193914475, 0.862864783451622, 0.5009699058136929
-0.04585043445191328, 0.8628647154468275, 0.5009698982376866
-0.13690295886498527, 0.8517383950228626, 0.5036337322356699
-0.2262050789724796, 0.8306119155010862, 0.5068560657379153
-0.3130782272093672, 0.8008640577316508, 0.5085370387098237
-0.3968865350291626, 0.7633095281690774, 0.5077514403267765
-0.4767426677779009, 0.718061729734331, 0.504931979573628
-0.5513961029803662, 0.6647560288773262, 0.5017690833883549
-0.6192481811290319, 0.6030579651387595, 0.5005696334404073
-0.6790472425622415, 0.5334708020037853, 0.5023779047822399
-0.7302944472561219, 0.457340737343749, 0.5057446086126832
-0.7735494753983223, 0.37634732455899267, 0.5082119280900405
-0.8091396489328573, 0.2916684968939365, 0.5083793639459808
-0.8367971428927968, 0.20411561396225633, 0.5061774547185337
-0.855618567499846, 0.11431143754100168, 0.5028586731116914
-0.8642463716918942, 0.02298474497080313, 0.5006083035131537
-0.8616989538334512, -0.06877345872839513, 0.5012726949074484
-0.847853397666888, -0.15952774827713362, 0.5044815663579423
-0.8243616478865172, -0.2482998260052539, 0.5075770501983807
-0.7925286945154673, -0.3344815691130564, 0.5087032353458755
-0.7530270089808545, -0.41741527809369927, 0.5072876424439408
-0.7058533046329825, -0.49616662508643694, 0.5041178109421426
-0.6506029220834453, -0.5694452488817079, 0.5010799441614706
-0.5870164504860823, -0.6357282705756495, 0.5004374329877344
-0.5154640497220554, -0.6933502230159108, 0.5031452227069092
-0.437850921965293, -0.7424785032989414, 0.506663214499914
-0.35573854784069087, -0.7837391116825102, 0.5087025787729836
-0.27021371711374303, -0.8173966727905393, 0.5081933899400469
-0.18200634780871455, -0.8430418699803918, 0.5054358227813533
-0.09170065935435767, -0.8597002188381229, 0.501939372226969
0.0, -0.8660254037844394, 0.49999999999999867
-1.278853208522278e-15, -0.8660254037844394, 0.4999999999999988
0.09170064433851509, -0.8596999461820746, 0.5019393417891796
0.18200629126704623, -0.8430415254091894, 0.5054355626268449
0.2702136579584132, -0.8173964758726175, 0.5081932194741685
0.3557386659885114, -0.7837393966489952, 0.5087026291262405
0.43785156126388247, -0.7424797298857071, 0.5066629845728854
0.5154652233030763, -0.6933520765659562, 0.5031444356194081
0.5870168774057584, -0.6357288138975203, 0.500437082943893
0.650601464613744, -0.5694438671662616, 0.5010800444892539
0.7058523580189264, -0.496165887341779, 0.5041167023903692
0.7530267378854083, -0.4174151163660019, 0.5072867882415082
0.7925292324249131, -0.33448181672691285, 0.5087032883182989
0.824363857471428, -0.24830056956451318, 0.5075768164509745
0.847857161339036, -0.15952868689784705, 0.5044800403627288
0.8617009480200611, -0.06877376746734938, 0.5012714075030171
0.8642429963786102, 0.022984756744182152, 0.5006088189295875
0.8556168678264969, 0.1143112888257897, 0.5028570723854309
0.8367974439007093, 0.2041157182922211, 0.5061755811888348
0.8091406952846252, 0.29166884382422015, 0.5083791359581333
0.7735518021921506, 0.3763484176080531, 0.5082119364004043
0.730298332714878, 0.4573429638979676, 0.5057427237001878
0.6790497931816717, 0.533472544351588, 0.5023753924594668
0.6192451907574392, 0.6030551658321338, 0.5005701616429703
0.5513945184361435, 0.6647542182469239, 0.5017676503019266
0.4767435501928626, 0.7180632331906968, 0.504928938258238
0.39688765724150055, 0.763311657588486, 0.5077505039206605
0.31307922305206287, 0.8008665868254605, 0.5085373267742151
0.22620623506689197, 0.8306158872712299, 0.506854281338641
0.1369036827995986, 0.8517416570473426, 0.5036300678939296
0.04585021672213873, 0.8628607619331631, 0.5009694568948849
-0.04585021295600891, 0.862860693609887, 0.5009694492518768
-0.13690372188311312, 0.851741833181126, 0.5036298709664762
-0.22620634257845698, 0.8306162564822681, 0.5068541155372852
-0.3130793572458796, 0.8008669276288127, 0.5085373655338155
-0.39688785994560927, 0.7633120423212879, 0.5077503347589715
-0.47674375472267005, 0.7180635815262257, 0.5049282391232265
-0.5513940707788731, 0.6647537067660401, 0.5017672439277591
-0.619244167612287, 0.603054208113599, 0.5005703419825233
-0.6790508323831123, 0.5334732542166194, 0.502374372309395
-0.7303001858470635, 0.4573440255682961, 0.5057418252477728
-0.7735530900908063, 0.37634902257714337, 0.5082119405272694
-0.8091413655708236, 0.29166906612050536, 0.5083789896626298
-0.8367976725888103, 0.20411579694054138, 0.5061741994593548
-0.8556154370396662, 0.11431116386418934, 0.5028557174084466
-0.8642397214856109, 0.02298476814406461, 0.500609317914483
-0.8617031687993706, -0.06877411135613119, 0.5012699776166623
-0.847861957225429, -0.15952988349141348, 0.504478096807655
-0.8243670866269682, -0.24830165643147786, 0.507576473516857
-0.7925301381130005, -0.3344822336146652, 0.5087033773188014
-0.753026215790638, -0.4174148047147162, 0.5072851178289014
-0.7058502072218985, -0.49616421072632033, 0.504114169517842
-0.6505975348800432, -0.5694401419508541, 0.501080313905925
-0.5870182569918051, -0.6357305697515558, 0.5004359543013017
-0.5154698371097229, -0.693359365313213, 0.5031413422549293
-0.437854701300679, -0.7424857556475346, 0.5066618526944452
-0.3557394197502974, -0.7837412145979453, 0.5087029503339362
-0.27021313663260543, -0.8173947408878993, 0.5081917098469899
-0.18200551521176783, -0.8430367952864902, 0.505431974943541
-0.09170021501778491, -0.8596921573352, 0.5019384705043382
0.0, -0.8660254037844395, 0.49999999999999867
-1.281363685598298e-15, -0.8660254037844395, 0.4999999999999988
0.09170019990543643, -0.8596918834011068, 0.5019384397974853
0.1820054588768632, -0.8430364518601928, 0.5054317132466415
0.2702130777563008, -0.8173945449939107, 0.5081915385085302
0.3557395380795535, -0.7837414999757579, 0.5087030007545424
0.437855343663988, -0.7424869885865546, 0.506661620620366
0.515471019559289, -0.6933612337559735, 0.5031405497223833
0.5870186885150706, -0.6357311190059365, 0.5004356020659556
0.6505960678530849, -0.5694387513734668, 0.5010804140688215
0.7058492653883848, -0.49616347636003655, 0.5041130540534686
0.7530259514525096, -0.4174146468263048, 0.5072842587661737
0.7925306772470734, -0.3344824817640144, 0.5087034301865571
0.8243693056338535, -0.2483024034473152, 0.5075762369404369
0.84786575085244, -0.15953083045785516, 0.5044765601764888
0.8617051864933712, -0.068774423863038, 0.5012686819608828
0.8642363210444608, 0.022984779956336313, 0.5006098348751471
0.8556137453154888, 0.11431101638938057, 0.5028541062951626
0.8367979937333639, 0.2041159065689138, 0.506172314633109
0.8091424175363808, 0.29166941508455363, 0.508378759674046
0.7735554242884073, 0.3763501189495394, 0.5082119471432461
0.7303041032092152, 0.45734626928353916, 0.5057399271338674
0.6790534168448598, 0.5334750195671292, 0.5023718438151568
0.6192411554275942, 0.6030513887087079, 0.5005708717691315
0.551392487329701, 0.6647518977388182, 0.501765801096216
0.4767446574090731, 0.7180651182852908, 0.504925178809252
0.3968889900371095, 0.763314187782757, 0.5077493915577479
0.3130803551480989, 0.8008694619104348, 0.5085376533241135
0.22620750878888457, 0.8306202598123948, 0.5068523185619797
0.1369044571309186, 0.8517451470333013, 0.5036261832514946
0.0458499938270102, 0.8628567215662268, 0.5009690040074363
-0.045849990036784, 0.862856652922324, 0.5009689962968763
-0.13690449682452002, 0.8517453259592734, 0.5036259850660827
-0.22620761724164545, 0.8306206319580032, 0.5068521515900901
-0.31308048961954693, 0.8008698034128003, 0.5085376920463052
-0.396889194165127, 0.7633145754152862, 0.5077492211664767
-0.4767448666095292, 0.7180654742967613, 0.5049244752996968
-0.5513920399929757, 0.664751386725355, 0.5017653919564832
-0.6192401248077336, 0.603050424103549, 0.5005710526487519
-0.6790544698254285, 0.533475738795005, 0.5023708170891352
-0.7303059715652067, 0.45734733913995174, 0.5057390223781351
-0.773556716289622, 0.37635072575984024, 0.5082119503280396
-0.8091430914228654, 0.2916696386855025, 0.5083786120936123
-0.8367982373138476, 0.20411598913871928, 0.5061709245586974
-0.8556123213118767, 0.11431089248703942, 0.5028527425181814
-0.8642330217442333, 0.022984791393917892, 0.5006103353498735
-0.8617074334519836, -0.06877477195126293, 0.5012672428982952
-0.8478705849274916, -0.15953203769762875, 0.5044746030529084
-0.8243725485730669, -0.24830349537252258, 0.5075758898569144
-0.7925315849978399, -0.33448289955370636, 0.5087035190093491
-0.7530254426176026, -0.41741434270511746, 0.5072825788316546
-0.7058471255952157, -0.4961618075170192, 0.5041105053695754
-0.650592112312369, -0.5694350022308102, 0.501080683033842
-0.5870200829844434, -0.6357328940435614, 0.5004344663497705
-0.515475668251566, -0.6933685811066973, 0.5031374349235225
-0.4378584987667882, -0.7424930455850625, 0.5066604781625661
-0.35574029299718046, -0.783743320544828, 0.5087033223919398
-0.27021255891647694, -0.8173928191203419, 0.5081900211381982
-0.18200468570206615, -0.8430317376496049, 0.5054281042661798
-0.0916997678221307, -0.859684058006941, 0.5019375608111872
0.0, -0.8660254037844395, 0.49999999999999856
-1.2838883452629784e-15, -0.8660254037844395, 0.49999999999999856
0.0916997526124392, -0.8596837827864086, 0.5019375298328493
0.18200462957956198, -0.8430313953938171, 0.5054278410138482
0.27021250032427613, -0.8173926242662419, 0.5081898489192972
0.35574041150800045, -0.7837436063343146, 0.5087033728803718
0.4378591442156857, -0.7424942849233741, 0.5066602439175367
0.5154768596479796, -0.69337046458441, 0.5031366368902704
0.5870205191665117, -0.6357334493040194, 0.5004341119039266
0.6505906356373167, -0.5694336027089281, 0.5010807830258976
0.7058461886424079, -0.49616107659629716, 0.504109382934411
0.7530251851226489, -0.4174141887008258, 0.5072817148627997
0.7925321253604678, -0.33448314824018477, 0.5087035717705173
0.8243747770630473, -0.2483042458693585, 0.5075756504189992
0.8478744087798495, -0.1595329930953207, 0.5044730556756418
0.861709474933928, -0.06877508827691967, 0.5012659389163987
0.8642295959173132, 0.022984803245383198, 0.500610853853138
0.8556106377157362, 0.11431074628286718, 0.5028511209312971
0.8367985788286673, 0.20411610413554182, 0.506169028329028
0.8091441490430397, 0.2916699896996728, 0.5083783800823707
0.7735590579290368, 0.3763518254719878, 0.5082119552283568
0.7303099211192163, 0.4573496001594407, 0.5057371109252522
0.6790570885259841, 0.5334775274039706, 0.5023682722756105
0.6192370905846625, 0.6030475843964125, 0.5005715840199841
0.5513904577171489, 0.6647495794041038, 0.5017639392999667
0.47674578978682247, 0.718067044746484, 0.5049213958077803
0.3968903321966891, 0.7633167370539344, 0.5077482710978728
0.31308148958516585, 0.8008723428932654, 0.5085379795551425
0.2262087936636326, 0.8306246671179526, 0.5068503419065522
0.13690524353100156, 0.8517486922278141, 0.5036222737592728
0.045849769495764636, 0.8628526622200754, 0.5009685471172322
-0.04584976568124309, 0.8628525932534152, 0.5009685393385165
-0.13690528384256387, 0.8517488739777406, 0.5036220743041291
-0.226208903066507, 0.8306250422232335, 0.5068501737518196
-0.3130816243347947, 0.8008726850961183, 0.5085380182389302
-0.3968905377596884, 0.7633171276106658, 0.5077480994639243
-0.476746003708644, 0.7180674085234802, 0.5049206878821438
-0.5513900107233465, 0.6647490688873579, 0.5017635273717057
-0.6192360524120966, 0.6030466128338754, 0.5005717654400378
-0.6790581554473984, 0.5334782560989122, 0.5023672389130541
-0.7303118048363796, 0.4573506782700504, 0.505736199800129
-0.7735603540529625, 0.3763524341321467, 0.5082119574589594
-0.8091448265556712, 0.2916702146156327, 0.5083782312027088
-0.8367988374735634, 0.204116190678446, 0.5061676298300819
-0.8556092206473991, 0.11431062346546392, 0.502849748280173
-0.8642262719512418, 0.02298481472074989, 0.5006113558184062
-0.8617117483810781, -0.06877544062097342, 0.501264490595037
-0.8478792813892078, -0.15953421109086194, 0.5044710848427185
-0.8243780338752822, -0.2483053428887958, 0.5075752991384512
-0.7925330351807602, -0.3344835669349924, 0.5087036604124866
-0.753024689717194, -0.4174138921986765, 0.507280025316526
-0.7058440600847781, -0.49615941568145056, 0.5041068183045195
-0.6505866540414356, -0.569429829413669, 0.5010810515221901
-0.5870219286966254, -0.6357352437620288, 0.5004329690528926
-0.5154815435331542, -0.6933778710973869, 0.5031335004361936
-0.43786231448554247, -0.7425003733869158, 0.5066590907618808
-0.35574116758054114, -0.7837454295213035, 0.5087036949489656
-0.27021198401401236, -0.8173909076400355, 0.5081883237344957
-0.18200385936190733, -0.8430266974419853, 0.5054242105556055
-0.09169931774159289, -0.8596759205919163, 0.5019366430786047
0.0, -0.8660254037844396, 0.4999999999999984
-1.2864273080405837e-15, -0.8660254037844395, 0.4999999999999984
0.09169930243361504, -0.8596756440751956, 0.5019366118266306
0.1820038034571876, -0.8430263563808073, 0.5054239457345758
0.270211925710448, -0.8173907138398083, 0.5081881506266273
0.3557412862720257, -0.7837457157201919, 0.5087037455047732
0.43786296303949646, -0.7425016191688996, 0.5066588543210017
0.5154827439530155, -0.6933797697499238, 0.5031326968464701
0.5870223695906408, -0.6357358050996618, 0.5004326123786413
0.6505851676271522, -0.5694284208645307, 0.5010811513355818
0.7058431281192001, -0.4961586882781838, 0.5041056888397341
0.7530244391537079, -0.4174137421249025, 0.5072791563956605
0.792533576777124, -0.3344838161610606, 0.5087037130656006
0.8243802719105563, -0.248306096891707, 0.5075750568064153
0.8478831357406236, -0.1595351750066562, 0.504469526608073
0.8617138139328775, -0.06877576081679557, 0.5012631782119557
0.86422282047926, 0.022984826611522468, 0.5006118758617562
0.8556075453630592, 0.1143104785627901, 0.5028481161319227
0.8367991995955212, 0.2041163111145901, 0.506165722088801
0.809145889872382, 0.29167056769646066, 0.5083779971468129
0.7735627031725709, 0.37635353720036974, 0.5082119606220694
0.730315786875319, 0.4573529567390194, 0.5057342748684475
0.6790608087909507, 0.5334800682266745, 0.502364677629286
0.6192329959214447, 0.6030437526166137, 0.5005722983963719
0.5513884297007072, 0.6647472633765714, 0.5017620648088014
0.47674694759922476, 0.7180690130567806, 0.5049175890299646
0.3968916837931124, 0.763319305562983, 0.5077471424547023
0.31308262636792816, 0.8008752297863215, 0.5085383054588478
0.22621008979692037, 0.8306291094855, 0.5068483512261145
0.13690604215552632, 0.8517522932586425, 0.5036183391841633
0.04584954371552981, 0.8628485837631901, 0.5009680861897059
-0.04584953987625521, 0.8628485144713687, 0.5009680783423166
-0.13690608309262425, 0.8517524778637234, 0.5036181384472757
-0.22621020015893184, 0.8306294875765864, 0.5068481818759961
-0.3130827613961987, 0.8008755726915076, 0.5085383441033118
-0.396891890802085, 0.7633196990687751, 0.5077469695648876
-0.47674716629340463, 0.7180693846899338, 0.5049168766468792
-0.5513879830728512, 0.6647467533869589, 0.501761650069557
-0.6192319501184844, 0.6030427740265389, 0.5005724803569227
-0.6790618898158771, 0.5334808064935277, 0.5023636375698164
-0.7303176860921025, 0.45735404317248773, 0.5057333573075327
-0.773564003440363, 0.37635414771957704, 0.508211961886448
-0.8091465710375114, 0.2916707939380805, 0.5083778469535825
-0.8367994734792747, 0.2041164016831186, 0.5061643150849573
-0.8556061353845567, 0.11431035685662302, 0.502846734532014
-0.8642194715875253, 0.02298483812495504, 0.5006123793174235
-0.861716114183422, -0.06877611747394766, 0.5012617205478576
-0.8478880472347363, -0.1595364038689224, 0.5044675419230448
-0.8243835426862918, -0.24830719904158535, 0.5075747012807028
-0.7925344886743257, -0.33448423576412883, 0.5087038015237241
-0.7530239573481932, -0.4174134533307344, 0.5072774571467084
-0.7058410110315755, -0.49615703544875245, 0.5041031081297715
-0.6505811597281301, -0.5694246231915349, 0.5010814193462707
-0.5870237943604407, -0.6357376192170423, 0.5004314623316674
-0.515487463340739, -0.6933872359890904, 0.5031295385150883
-0.4378661485784547, -0.7425077393284191, 0.5066576903473493
-0.35574204349861754, -0.7837475415232589, 0.5087040680062473
-0.2702114119739811, -0.8173890065992578, 0.5081866175552217
-0.18200303627470776, -0.84302167503991, 0.5054202936158176
-0.09169886474998008, -0.859667744825372, 0.5019357172372806
0.0, -0.8660254037844397, 0.4999999999999982
-1.2889806958248864e-15, -0.8660254037844397, 0.4999999999999981
0.091698849342805, -0.8596674670032429, 0.5019356857094825
0.1820029805928144, -0.8430213351954589, 0.5054200272123122
0.2702113539635163, -0.8173888138665846, 0.5081864435495731
0.3557421623699359, -0.783747828129449, 0.508704118629046
0.4378668002575047, -0.7425089915996592, 0.5066574516853565
0.5154886728628111, -0.6933891499601659, 0.5031287293108593
0.5870242400220389, -0.6357381867063306, 0.5004311034097665
0.6505796634758574, -0.5694232055255269, 0.5010815189773477
0.705840084149557, -0.496156311627022, 0.5041019715750269
0.7530237138006506, -0.41741330723125725, 0.5072765832255685
0.7925350315040426, -0.3344844855294035, 0.5087038540652228
0.824385790323835, -0.24830795657361415, 0.5075744560197337
0.8478919323543035, -0.15953737638863696, 0.5044659727176986
0.8617182040814118, -0.06877644159068771, 0.5012603996896925
0.8642159941953984, 0.022984850055106577, 0.5006129009020607
0.8556044685945583, 0.11431021328653068, 0.502845091733145
0.8367998564451338, 0.20411652762998758, 0.5061623957214673
0.8091476400902683, 0.2916711491015961, 0.5083776108296979
0.7735663600757029, 0.3763552541591733, 0.5082119632895443
0.7303217009074474, 0.4573563392351534, 0.5057314187552894
0.6790645782105639, 0.5334826424028862, 0.5023610596631831
0.6192288711285897, 0.6030398930890988, 0.5005730148984223
0.5513864033846443, 0.6647449497930948, 0.5017601775183347
0.4767481311219706, 0.7180710237044137, 0.5049137582500397
0.3968930448995517, 0.7633218934724622, 0.507746005540757
0.31308376550077666, 0.8008781226020997, 0.5085386310266774
0.22621139729546313, 0.8306335872157554, 0.5068463463724151
0.1369068531621156, 0.8517559507613619, 0.5036143792899641
0.045849316472997254, 0.8628444860624183, 0.5009676211900173
-0.0458493126087709, 0.8628444164430183, 0.5009676132733956
-0.13690689473287243, 0.851756138254123, 0.5036141772592309
-0.22621150862574327, 0.8306339683181807, 0.5068461758142477
-0.31308390080825343, 0.8008784662110309, 0.5085386696307778
-0.3968932533657458, 0.7633222899521425, 0.5077458313815865
-0.4767483546402293, 0.7180714032852273, 0.5049130413671262
-0.5513859571460964, 0.6647444403611575, 0.5017597599450918
-0.6192278176167929, 0.6030389074003688, 0.5005731973990838
-0.6790656735057973, 0.5334833903489198, 0.5023600128447734
-0.7303236157645232, 0.4573574340609884, 0.5057304946909866
-0.7735676645087387, 0.3763558665464693, 0.5082119635755143
-0.8091483249348752, 0.29167137667950666, 0.5083774593084633
-0.8368001457441427, 0.20411662227707073, 0.5061609801314794
-0.8556030658638277, 0.11431009271821993, 0.5028437011094457
-0.8642126201251308, 0.022984861606702454, 0.500613405844612
-0.8617205314519994, -0.06877680261890048, 0.5012589325987542
-0.8478968830813879, -0.15953861622863422, 0.5044639740364528
-0.8243890751517062, -0.24830906388981216, 0.5075740961993112
-0.7925359454834441, -0.3344849060431947, 0.5087039423357386
-0.7530232457677136, -0.4174130262353599, 0.5072748741814443
-0.7058379787711723, -0.4961546670434558, 0.5040993746466166
-0.6505756290180386, -0.5694193832426035, 0.5010817864844681
-0.5870256802115366, -0.6357400207236806, 0.5004299461053316
-0.515493428063653, -0.6933966764920574, 0.503125548876303
-0.4378700011666395, -0.74251514368439, 0.5066562767712958
-0.35574292074882313, -0.7837496565442581, 0.5087044415642703
-0.27021084284534524, -0.8173871161502015, 0.5081849025181662
-0.18200221652507267, -0.8430166708236334, 0.5054163532483932
-0.09169840882073038, -0.8596595304387515, 0.5019347832173475
0.0, -0.8660254037844398, 0.499999999999998
-1.2915486318986731e-15, -0.8660254037844398, 0.4999999999999981
0.09169839331350471, -0.8596592513027542, 0.5019347514110656
0.18200216107258488, -0.8430163322261716, 0.5054160852493111
0.27021078513378877, -0.817386924503483, 0.5081847276071023
0.35574303980066496, -0.7837499435595726, 0.5087044922551003
0.43787065599302527, -0.7425164024949342, 0.5066560358637588
0.5154946467693421, -0.6933986059298632, 0.5031247339994466
0.5870261306970703, -0.6357405944399696, 0.5004295849166135
0.650574122834735, -0.569417956375269, 0.5010818859254422
0.7058370570816652, -0.49615394687654363, 0.5040982309418403
0.7530230093267064, -0.41741288415762123, 0.5072739952129186
0.7925364895518863, -0.3344851563501597, 0.5087039947641564
0.8243913324543305, -0.24830982497628024, 0.5075738479759314
0.847900799248782, -0.15953959744118446, 0.5044623937462323
0.861722645984569, -0.06877713070932212, 0.5012576031887568
0.864209116547616, 0.022984873576398092, 0.5006139289673165
0.8556014077569472, 0.11430995051264578, 0.502842047570665
0.8368005497957893, 0.20411675380740016, 0.5061590490349144
0.8091493997656929, 0.29167173394245804, 0.5083772210938231
0.7735700286981639, 0.37635697637383325, 0.508211963196288
0.7303276636537569, 0.4573597478644664, 0.5057285423747053
0.6790683973654638, 0.5334852503060594, 0.5023574181608101
0.6192247158936831, 0.6030360055307227, 0.5005737335254289
0.5513843788758963, 0.6647426387937705, 0.5017582773232234
0.476749340633957, 0.7180730771833903, 0.504909903239457
0.3968944155900127, 0.7633245009464382, 0.5077448602674157
0.31308490698826535, 0.8008810213530189, 0.5085389562499719
0.2262127162673471, 0.8306381006124568, 0.5068443271951771
0.13690767671077592, 0.8517596653793649, 0.5036103938373901
0.04584908775482939, 0.8628403689831847, 0.5009671520830289
-0.04584908386547181, 0.8628402990341728, 0.5009671440964869
-0.13690771892356837, 0.8517598557936026, 0.5036101905006447
-0.22621282857494313, 0.8306384847515237, 0.5068441554161949
-0.3130850425753949, 0.8008813656669335, 0.5085389948126047
-0.3968946255247403, 0.7633249004251114, 0.507744684825234
-0.47674956902871846, 0.718073464804774, 0.5049091818133624
-0.5513839330499261, 0.6647421299500951, 0.5017578568922108
-0.61922365459175, 0.6030350126696427, 0.5005739165663406
-0.6790695070998306, 0.5334860080399112, 0.5023563645202017
-0.7303295942921274, 0.45736085115240993, 0.5057276117382208
-0.7735713373165064, 0.37635759063790203, 0.5082119624910854
-0.80915008831555, 0.291671962867156, 0.5083770682295201
-0.8368008546882371, 0.2041168525868635, 0.5061576247763575
-0.8556000124338337, 0.1143098311094358, 0.5028406478468108
-0.8642057170297186, 0.02298488516626355, 0.500614435397007
-0.8617250007902609, -0.06877749616651675, 0.5012561265867714
-0.8479057895620328, -0.1595408483714138, 0.5044603809218499
-0.8243946314236172, -0.24831093749474772, 0.5075734838105287
-0.792537405618186, -0.3344855777766083, 0.5087040828429312
-0.7530225552390433, -0.4174126110498222, 0.507272276279674
-0.7058349636519776, -0.4961523106990804, 0.5040956176574949
-0.6505700615591375, -0.5694141092474676, 0.5010821529126305
-0.5870275864865148, -0.6357424485987291, 0.5004284202935203
-0.5154994380976208, -0.6934061933285045, 0.5031215312326031
-0.43787387237475395, -0.7425225867373968, 0.5066548498849975
-0.3557437993296764, -0.7837517745809173, 0.5087048156246871
-0.2702102766784674, -0.8173852364497151, 0.5081831785407638
-0.18200140019948796, -0.8430116851814391, 0.5054123892526469
-0.09169794992709601, -0.8596512771630903, 0.5019338409479687
0.0, -0.8660254037844398, 0.499999999999998
-1.2941312409535839e-15, -0.8660254037844398, 0.49999999999999795
0.09169793431890781, -0.8596509967040354, 0.5019338088607957
0.18200134498231507, -0.8430113478574487, 0.5054121196442933
0.27021021927096167, -0.817385045904939, 0.5081830027158084
0.3557439185617965, -0.7837520620047843, 0.5087048663837398
0.43787453036934004, -0.7425238521346669, 0.5066546067065569
0.515500666068047, -0.6934081383811254, 0.5031207106242559
0.5870280418553259, -0.6357430286212318, 0.5004280568175883
0.6505685453485472, -0.5694126730914326, 0.5010822521567946
0.7058340472618194, -0.4961515942584551, 0.5040944667407355
0.7530223259949838, -0.4174124730410301, 0.5072713922154145
0.7925379509291702, -0.3344858286270204, 0.5087041351562388
0.8243968984544445, -0.2483117021611331, 0.5075732325903738
0.8479097370593903, -0.15954183836670455, 0.5044587894302877
0.8617271402519981, -0.06877782828459729, 0.50125478854679
0.8642021869902731, 0.02298489717564832, 0.5006149600568528
0.855598363201636, 0.11430969030099349, 0.5028389834769208
0.8368012800698181, 0.2041169897742935, 0.506155681833546
0.8091511689670243, 0.2916723222465635, 0.5083768279009496
0.7735737090987721, 0.3763587038696219, 0.5082119603069842
0.7303336755562556, 0.45736318284545807, 0.5057256455125478
0.6790722668432713, 0.5334878923139782, 0.5023537529030094
0.6192205298977504, 0.6030320896525576, 0.5005744542774533
0.5513823562826214, 0.6647403305207042, 0.5017563641161421
0.47675057641756824, 0.7180751739945305, 0.5049060237658511
0.39689579593915847, 0.7633271281507479, 0.5077437065448391
0.31308605083485924, 0.8008839260514502, 0.5085392811199598
0.2262140468218307, 0.8306426499824209, 0.5068422935421535
0.13690851296378898, 0.8517634377641532, 0.5036063825841619
0.04584885754757795, 0.8628362323902582, 0.5009666788331589
-0.045848853632865554, 0.8628361621093297, 0.5009666707760909
-0.13690855582693534, 0.8517636311332089, 0.5036061779289994
-0.22621416011606446, 0.8306430371842741, 0.5068421205293584
-0.3130861867021768, 0.800884271071815, 0.5085393196400771
-0.39689600735393027, 0.7633275306539631, 0.5077435298058446
-0.47675080974172734, 0.7180755697503622, 0.504905297752948
-0.5513819108932184, 0.6647398222968051, 0.5017559408037308
-0.6192194607244625, 0.6030310895455682, 0.500574637858362
-0.6790733911876924, 0.5334886599454707, 0.5023526923766075
-0.7303356221190784, 0.45736429466618206, 0.5057247082344966
-0.7735750219235551, 0.37635932001949696, 0.5082119585979106
-0.8091518612490309, 0.2916725525288257, 0.5083766736785907
-0.8368016007362883, 0.20411709274063627, 0.5061542488228963
-0.855596975447958, 0.11430957209046569, 0.502837574575931
-0.8641987617593183, 0.022984908803935684, 0.5006154679714919
-0.8617295228184443, -0.06877819823054339, 0.5012533023473801
-0.8479147673165459, -0.15954310050133957, 0.5044567623146052
-0.8244002116557345, -0.24831281991850604, 0.5075728640293152
-0.7925388690881613, -0.33448625096874013, 0.5087042230395799
-0.7530218860290461, -0.4174122079132948, 0.5072696632980365
-0.7058319660257732, -0.4961499666508889, 0.5040918369594588
-0.650564456994109, -0.5694088008818542, 0.501082518606215
-0.5870295134317558, -0.6357449031716047, 0.500426884812084
-0.515505493842221, -0.6934157872284072, 0.5031174852929641
-0.4378777623269261, -0.7425300687694972, 0.5066534095376216
-0.35574467923921677, -0.7837538956286401, 0.5087051901888006
-0.27020971352413103, -0.8173833676555836, 0.5081814455391122
-0.18200058738578437, -0.8430067185065115, 0.5054084014254433
-0.0916974880419783, -0.8596429847262664, 0.5019328903577074
0.0, -0.8660254037844399, 0.49999999999999784
-1.2967286491103015e-15, -0.8660254037844398, 0.4999999999999977
0.09169747233190285, -0.8596427029348922, 0.5019328579872075
0.18200053240993472, -0.843006382482865, 0.5054081301939578
0.27020965642587913, -0.8173831782289134, 0.5081812687916711
0.3557447986513418, -0.7837541834604329, 0.5087052410162559
0.4378784235112958, -0.742531340802446, 0.5066531640624266
0.5155067311589066, -0.6934177480449629, 0.5031166588934277
0.587029973740104, -0.6357454895758412, 0.500426519030011
0.6505629306584021, -0.5694073553484054, 0.5010826176469324
0.7058310550438475, -0.4961492540094179, 0.5040906787695021
0.7530216640728412, -0.41741207402074343, 0.5072687740891382
0.7925394156450856, -0.3344865023640837, 0.5087042752354982
0.8244024884772525, -0.24831358819004204, 0.50757260977742
0.8479187464274361, -0.15954409936989386, 0.5044551595039459
0.8617316875036845, -0.06877853443041754, 0.501251955599204
0.86419520497981, 0.022984920853156877, 0.5006159941666654
0.8555953352846923, 0.11430943271230301, 0.5028358992831163
0.8368020476948916, 0.2041172356598353, 0.5061522939195484
0.8091529477634354, 0.29167291404167695, 0.5083764312124595
0.7735774013370798, 0.3763604366720328, 0.5082119545859154
0.7303397370616581, 0.45736664439864994, 0.5057227279519392
0.6790761872396048, 0.5334905688091948, 0.5023500636679061
0.6192163128187186, 0.6030281451628987, 0.5005751771538751
0.5513803357151875, 0.664738025118907, 0.501754437789077
0.47675183875824056, 0.7180773146445933, 0.504902119594121
0.39689718602238266, 0.7633297752529611, 0.5077425442819857
0.3130871970450172, 0.8008868367097357, 0.5085396056277571
0.22621538906941818, 0.8306472356355876, 0.5068402452590126
0.13690936208576976, 0.8517672685753992, 0.5036023452847969
0.045848625837627874, 0.8628320761469387, 0.50096620140451
-0.04584862189730064, 0.8628320055317634, 0.5009661932763045
-0.13690940560766288, 0.851767464932979, 0.5036021392986458
-0.22621550335970184, 0.8306476259267046, 0.5068400709992327
-0.3130873331930286, 0.800887182438041, 0.5085396441042944
-0.3968973989288147, 0.7633301808066096, 0.507742366232133
-0.4767520770652828, 0.7180777186299911, 0.5049013889501187
-0.5513798907868253, 0.6647375175470323, 0.5017540115713515
-0.6192152356917167, 0.603027137735485, 0.5005753612745395
-0.6790773263670558, 0.533491346449404, 0.5023489961914378
-0.7303416996937429, 0.45736776482361663, 0.5057217839620101
-0.7735787183895215, 0.3763610547168168, 0.508211951860065
-0.8091536438048572, 0.2916731456924743, 0.5083762756168694
-0.8368023843180633, 0.20411734286833147, 0.5061508520720992
-0.8555939552654572, 0.11430931572268317, 0.5028344811270021
-0.8641917537649841, 0.022984932520029845, 0.5006165035644669
-0.8617340981602067, -0.06877890892569087, 0.5012504597150176
-0.8479238169903889, -0.15954537282454895, 0.5044531179464956
-0.8244058160020103, -0.24831471122329013, 0.5075722367693323
-0.792540335902512, -0.33448692562361043, 0.5087043629195789
-0.7530212384073258, -0.4174118169660473, 0.5072670350915821
-0.7058289862506496, -0.49614763513834625, 0.5040880323500836
-0.6505588149604886, -0.5694034578170641, 0.5010828835406331
-0.5870314612895141, -0.6357473847671803, 0.50042533957919
-0.5155115957003434, -0.6934254589288764, 0.5031134107622941
-0.43788167114960375, -0.7425375900679776, 0.5066519555760225
-0.3557455604753715, -0.783756019682651, 0.508705565257924
-0.2702091534338108, -0.8173815099275779, 0.5081797034282186
-0.18199977817333388, -0.8430017711980294, 0.5054043895612033
-0.09169702313795362, -0.8596346528536387, 0.5019319313744257
0.0, -0.8660254037844399, 0.49999999999999767
-1.2993409839390751e-15, -0.86602540378444, 0.49999999999999767
0.09169700732505623, -0.8596343697205944, 0.5019318987181396
0.18199972344487234, -0.8430014365017385, 0.5054041166925491
0.27020909665006543, -0.8173813216352873, 0.5081795257495445
0.35574568006719304, -0.7837563079216444, 0.5087056161539389
0.43788233554475686, -0.7425388687844847, 0.5066517077780774
0.5155128424461706, -0.6934274356609471, 0.5031125785111266
0.5870319265982847, -0.6357479776345139, 0.5004249714701724
0.6505572784008667, -0.5694020028165442, 0.5010829823708047
0.7058280807872699, -0.4961469263696921, 0.5040868668234632
0.7530210238309507, -0.41741168723763333, 0.5072661406882826
0.7925408837088197, -0.33448717756548085, 0.5087044149958853
0.8244081026777696, -0.2483154831257123, 0.5075719794503145
0.8479278280015304, -0.15954638065809873, 0.5044515036972743
0.8617362883674007, -0.06877924926241975, 0.5012491041794298
0.8641881699633065, 0.022984944609175648, 0.5006170312930358
0.8555923243688586, 0.11430917780856853, 0.502832794818391
0.8368028531032126, 0.2041174915948209, 0.5061488850922828
0.8091547362251166, 0.29167350935598374, 0.5083760309892569
0.7735811054730363, 0.3763621748067222, 0.5082119459967793
0.730345848620968, 0.45737013274644023, 0.5057197894734365
0.6790801591582409, 0.5334932801792422, 0.5023463502309491
0.6192120643308281, 0.6030241717668361, 0.500575902153575
0.551378317285774, 0.6647357227359598, 0.5017524982330118
0.4767531279442777, 0.7180794996461464, 0.5048981904858055
0.3968985859160419, 0.7633324424229477, 0.5077413733865361
0.31308834562317306, 0.8008897533402551, 0.5085399297643887
0.22621674312185422, 0.8306518578851163, 0.5068381821893305
0.13691022424364488, 0.8517711584809404, 0.5035982816906004
0.0458483926111872, 0.8628279001153256, 0.5009657197608164
-0.045848388644992175, 0.8628278291635583, 0.500965711560855
-0.13691026843281823, 0.851771357861226, 0.5035980743607285
-0.22621685841769926, 0.8306522512921906, 0.5068380066692121
-0.3130884820523923, 0.8008900997779864, 0.5085399681962754
-0.396898800325552, 0.763332851052559, 0.5077411940116191
-0.4767533712886277, 0.7180799119578762, 0.5048974551660744
-0.5513778728438128, 0.664735215849487, 0.5017520690856189
-0.619210979166018, 0.6030231569428779, 0.5005760868139548
-0.6790813132437858, 0.5334940679404384, 0.5023452757391554
-0.7303478274689208, 0.45737126184793603, 0.5057188386999101
-0.7735824267755033, 0.37636279475603385, 0.5082119422415659
-0.8091554360535207, 0.2916737423864141, 0.5083758740050247
-0.8368032058676547, 0.20411760310142968, 0.5061474343220173
-0.8555909522517081, 0.11430906206861906, 0.5028313673282205
-0.864184692490813, 0.022984956314820115, 0.500617542171816
-0.8617387274488826, -0.0687796283686915, 0.5012475985218386
-0.8479329392357581, -0.15954766554974203, 0.504449447545504
-0.8244114446203012, -0.24831661147288625, 0.5075716019434013
-0.7925418060705904, -0.33448760174544584, 0.5087045024769203
-0.7530206126462329, -0.4174114383497179, 0.5072643915130055
-0.7058260246898358, -0.4961453164039383, 0.5040842036222679
-0.6505531350918461, -0.5693980797207452, 0.5010832476904333
-0.5870334303116477, -0.6357498937227496, 0.5004237845093655
-0.5155177440797938, -0.6934352091765167, 0.5031093073414992
-0.4378855989691259, -0.7425451509204589, 0.5066504878451535
-0.3557464430360326, -0.7837581467380856, 0.5087059408334266
-0.2702085964596162, -0.8173796634271644, 0.5081779521218959
-0.18199897265297135, -0.8429968436606288, 0.5054003534518424
-0.09169655518730252, -0.8596262812682998, 0.5019309639252073
0.0, -0.8660254037844402, 0.49999999999999745
-1.3019683744806118e-15, -0.8660254037844402, 0.49999999999999756
0.09169653927063595, -0.8596259967841492, 0.5019309309806521
0.18199891817816555, -0.8429965103196155, 0.5054000789318305
0.27020853999574407, -0.8173794762858877, 0.5081777735032028
0.3557465628072801, -0.7837584353836732, 0.5087059917982132
0.43788626659685453, -0.7425464363700975, 0.5066502376978329
0.5155190003379072, -0.6934372019765307, 0.5031084691772897
0.5870339006793464, -0.6357504931317586, 0.5004234140537275
0.6505515882079111, -0.569396615162165, 0.5010833463034479
0.7058251248566513, -0.49614461158258605, 0.5040830306960131
0.7530204055426293, -0.4174113128336698, 0.5072634918649802
0.792542355129858, -0.3344878542353985, 0.5087045544313541
0.8244137412126216, -0.24831738703146117, 0.5075713415211303
0.8479369824368984, -0.1595486824410404, 0.504447821736642
0.8617409434794201, -0.06877997289795859, 0.5012462341188559
0.8641810813808639, 0.02298496844403749, 0.5006180714317081
0.8555893308226437, 0.11430892565301383, 0.5028296699099839
0.8368036967324967, 0.20411775771199644, 0.5061454551485871
0.8091565344225407, 0.291674108217919, 0.5083756271916761
0.7735848215669507, 0.3763639182995786, 0.5082119345028886
0.730352010691081, 0.4573736481140559, 0.5057168298539196
0.6790841832106381, 0.5334960268162405, 0.5023426123643674
0.6192077841028552, 0.6030201691645711, 0.5005766292756161
0.5513763011092867, 0.6647334235231444, 0.5017505453375125
0.47675444426783253, 0.7180817295190736, 0.5048942361997053
0.39689999569664325, 0.7633351298313271, 0.5077401937649767
0.3130894965737127, 0.8008926759554292, 0.5085402535207777
0.2262181090921073, 0.8306565170474042, 0.506836104174553
0.13691109960668105, 0.8517751081569815, 0.5035941915496134
0.04584815785425453, 0.8628237041562661, 0.5009652338654487
-0.045848153862043835, 0.8628236328655324, 0.5009652255931093
-0.13691114447191005, 0.8517753105946311, 0.503593982863128
-0.22621822540322012, 0.8306569135973191, 0.5068359273805603
-0.3130896332847307, 0.800893023103983, 0.5085402919069232
-0.3969002116210649, 0.7633355415630614, 0.5077400130506967
-0.47675469270444026, 0.718082150254755, 0.5048934961590266
-0.5513758571795541, 0.6647329173558931, 0.5017501132359132
-0.6192066908150144, 0.6030191468667645, 0.5005768144755205
-0.6790853524321839, 0.533496824812343, 0.502341530790832
-0.7303540059032829, 0.45737478596509784, 0.5057158722242593
-0.7735861471398706, 0.3763645401620689, 0.5082119297047032
-0.809157238065326, 0.29167434263897773, 0.5083754688031642
-0.8368040658258128, 0.204117873573556, 0.5061439953688869
-0.8555879667782474, 0.11430881119196895, 0.5028282330061536
-0.8641775773732282, 0.022984980188523192, 0.5006185837890653
-0.8617434113228616, -0.06878035667759569, 0.5012447185985858
-0.8479421347122089, -0.1595499788882458, 0.5044457508361044
-0.8244170976644372, -0.24831852072980257, 0.5075709594624989
-0.7925432796016308, -0.33448827933841113, 0.5087046417054468
-0.7530200090214503, -0.4174110722075093, 0.5072617324131525
-0.7058230817122751, -0.496143010693787, 0.5040803505671878
-0.6505474170166832, -0.5693926662561117, 0.5010836110298846
-0.5870354207509774, -0.6357524303773979, 0.5004222195172472
-0.515523939392285, -0.693445038726038, 0.5031051747273158
-0.43788954591402507, -0.7425527516195518, 0.5066490061877057
-0.3557473269189205, -0.7837602767897534, 0.5087063169166564
-0.27020804265440346, -0.8173778283179501, 0.5081761915328604
-0.18199817091718085, -0.842991936305367, 0.5053962928867639
-0.09169608416195753, -0.8596178696905755, 0.5019299879364674
0.0, -0.8660254037844402, 0.4999999999999973
-1.3046109512673196e-15, -0.8660254037844402, 0.4999999999999973
0.09169606814056527, -0.8596175838457921, 0.5019299547011377
0.18199811670235794, -0.8429916043477134, 0.5053960167010237
0.27020798651581074, -0.8173776423444056, 0.5081760119652071
0.3557474468692997, -0.7837605658412616, 0.5087063679504007
0.4378902167956076, -0.7425540438509795, 0.5066487536640693
0.5155252052467322, -0.6934470477482128, 0.5031043305878267
0.5870358962368958, -0.6357530364077543, 0.5004218466951013
0.6505458597066258, -0.5693911920472063, 0.5010837094189114
0.7058221876228328, -0.4961423098954286, 0.5040791701776051
0.7530198094843444, -0.4174109509523963, 0.5072608274693612
0.7925438299174661, -0.33448853237802356, 0.5087046935357231
0.8244194042368134, -0.24831929997026253, 0.5075706959006225
0.847946210396089, -0.15955100493113172, 0.5044441133454322
0.8617456534859786, -0.06878070545643439, 0.5012433452466076
0.864173938667609, 0.02298499235806013, 0.5006191145771958
0.8555863550198641, 0.11430867630989408, 0.5028265243833288
0.8368045790273222, 0.2041180341462399, 0.5061420038831446
0.8091583424261388, 0.29167471065590433, 0.5083752197794322
0.77358854967962, 0.3763656671766209, 0.5082119200670516
0.7303582237333999, 0.4573771907286187, 0.5057138488675011
0.6790882600166187, 0.5334988091172915, 0.5023388498375743
0.6192034717993555, 0.6030161370524818, 0.5005773585187365
0.5513742873027436, 0.6647311276345491, 0.5017485789910289
0.4767557880244593, 0.7180840047897583, 0.5048902564914018
0.3969014154415741, 0.7633378376506574, 0.5077390053225291
0.3130906499010301, 0.8008956045675304, 0.5085405768877086
0.22621948709449385, 0.8306612134420215, 0.5068340110539623
0.13691198834669016, 0.8517791182883273, 0.5035900746065656
0.04584792155276313, 0.862819488129299, 0.5009647436814215
-0.045847917534286804, 0.8628194164972082, 0.5009647353360739
-0.13691203389676418, 0.8517793238183894, 0.503589864550397
-0.22621960443057, 0.8306616131618817, 0.5068338329723864
-0.31309078689439995, 0.8008959524284733, 0.5085406152271224
-0.3969016328929106, 0.7633382525112851, 0.5077388232542784
-0.476756041608576, 0.718084434047954, 0.5048895116836594
-0.5513738439113272, 0.6647306222209239, 0.501748143910473
-0.6192023703025277, 0.6030151072030726, 0.5005775442578076
-0.6790894445541628, 0.5334996174635669, 0.5023377611153894
-0.7303602354591827, 0.45737833740265355, 0.5057128843081999
-0.773589879546147, 0.37636629096224267, 0.5082119142131173
-0.8091590499117969, 0.29167494647905334, 0.5083750599709058
-0.8368049646377601, 0.20411815442005024, 0.5061405350056621
-0.8555849992224829, 0.1143085631577193, 0.502825077985124
-0.8641704078412242, 0.022985004141474048, 0.5006196284112935
-0.8617481504326645, -0.06878109397272088, 0.5012418197732387
-0.8479514040864254, -0.1595523130539417, 0.5044420275388192
-0.8244227752935258, -0.24832043905846155, 0.5075703092368955
-0.7925447565048538, -0.33448895840660864, 0.5087047805988532
-0.7530194278132756, -0.4174107186848567, 0.5072590576411847
-0.7058201576928982, -0.49614071825776823, 0.5040764729742757
-0.6505416603585731, -0.5693872170819847, 0.5010839735328848
-0.5870374328621663, -0.6357549950730205, 0.500420644517221
-0.5155301820537195, -0.69345494834062, 0.503101012612293
-0.43789351211240785, -0.7425603924576337, 0.5066475104444356
-0.3557482121217569, -0.7837624098324946, 0.5087066935090215
-0.2702074920717373, -0.8173760047655063, 0.5081744215726557
-0.18199737306002836, -0.8429870495493024, 0.5053922076527977
-0.0916956100335341, -0.8596094178383482, 0.5019290033338578
0.0, -0.8660254037844403, 0.49999999999999717
-1.3072688463449296e-15, -0.8660254037844403, 0.49999999999999717
0.09169559390644909, -0.8596091306233262, 0.5019289698052187
0.18199731911162473, -0.8429867190035095, 0.5053919297867818
0.2702074362637561, -0.8173758199761365, 0.5081742410470272
0.3557483322509307, -0.7837626992891557, 0.5087067446119203
0.43789418627017856, -0.7425616915216747, 0.5066472555175421
0.5155314575899942, -0.6934569737418173, 0.5031001624345829
0.5870379135290559, -0.6357556078087981, 0.5004202693073606
0.6505400925198213, -0.5693857331297474, 0.5010840716903009
0.7058192694632851, -0.496140021559742, 0.5040752850558902
0.753019235939249, -0.41741060174087796, 0.5072581473501063
0.7925453080804431, -0.3344892119973771, 0.5087048323025397
0.8244250919125583, -0.24832122200778964, 0.507570042498636
0.8479555125490709, -0.15955334834358995, 0.5044403782415177
0.8617504190396325, -0.06878144705891898, 0.5012404373899257
0.8641667412450363, 0.022985016351394123, 0.5006201607255112
0.8555833973425242, 0.11430842984492848, 0.5028233580614435
0.8368055004325797, 0.20411832103305477, 0.5061385310862214
0.8091601603095956, 0.2916753166995215, 0.5083748087120019
0.7735922898728257, 0.37636742146425606, 0.5082119026518619
0.73036448821441, 0.4573807608194847, 0.5057108462848187
0.6790923902041073, 0.5335016274842659, 0.5023350624168772
0.6191991270799619, 0.6030120751224815, 0.5005780898815948
0.5513722759856683, 0.6647288352276087, 0.5017465990807205
0.4767571595125367, 0.718086325990305, 0.5048862511127699
0.39690284522942565, 0.7633405660561687, 0.5077378079630819
0.3130918056095264, 0.8008985391888295, 0.5085408998558655
0.22622087724465256, 0.8306659473918523, 0.5068319026646437
0.1369128906379465, 0.8517831895683414, 0.5035859306028134
0.04584768369247964, 0.8628152518927039, 0.5009642491713724
-0.045847679647402224, 0.8628151799168466, 0.5009642407523789
-0.13691293688170092, 0.8517833982263208, 0.5035857191637153
-0.22622099561546127, 0.8306663503092069, 0.5068317232815734
-0.313091942885678, 0.8008988877636583, 0.5085409381474255
-0.3969030642193714, 0.7633409840720999, 0.5077376245260876
-0.4767574183003629, 0.7180867638714298, 0.504885501491569
-0.5513718331588158, 0.6647283306023939, 0.5017461609963301
-0.6191980172874272, 0.6030110376431547, 0.5005782761592045
-0.6790935902402963, 0.5335024462976913, 0.5023339664782693
-0.7303665166049724, 0.4573819163909056, 0.5057098747216605
-0.7735936240545807, 0.37636804718233663, 0.5082118957284931
-0.8091608716646949, 0.2916755539356611, 0.5083746474672739
-0.8368059027546062, 0.2041184457782061, 0.5061370530228774
-0.8555820499680732, 0.11430831803204257, 0.5028219020875739
-0.8641631833158736, 0.022985028173938635, 0.5006206760332144
-0.8617529454363775, -0.06878184037614343, 0.5012389018718825
-0.8479607480318949, -0.159554668263309, 0.5044382773702901
-0.8244284776674269, -0.248322366523755, 0.5075696511755732
-0.7925462367893865, -0.33448963895417294, 0.5087049191507456
-0.7530188693049557, -0.41741037792861463, 0.5072563670440937
-0.705817253012402, -0.4961384393493607, 0.5040725706299409
-0.6505358647362323, -0.5693817318528981, 0.5010843351727856
-0.5870394669050477, -0.6357575881585752, 0.5004190594219659
-0.5155364724843857, -0.693464938792366, 0.5030968206846852
-0.4378974976948159, -0.7425680737325585, 0.5066460004536916
-0.35574909864210164, -0.7837645458608405, 0.5087070706119375
-0.27020694476588436, -0.8173741929373642, 0.5081726421516259
-0.1819965791771972, -0.8429821838156432, 0.5053880975341611
-0.09169513277331422, -0.8596009254268989, 0.501928010042289
0.0, -0.8660254037844403, 0.49999999999999706
-1.3099421932944878e-15, -0.8660254037844404, 0.49999999999999706
0.0916951165395563, -0.8596006368319463, 0.5019279762177808
0.18199652550176101, -0.8429818547106382, 0.5053878179731449
0.27020688929422126, -0.8173740093498004, 0.5081724606587993
0.35574921894973804, -0.783764835721926, 0.5087071217841869
0.4378981751509283, -0.7425693796798286, 0.5066457430958331
0.5155377577885849, -0.6934669807308462, 0.5030959644047703
0.5870399528155452, -0.6357582076838998, 0.5004186818033228
0.6505342862648154, -0.5693802380631502, 0.5010844330913344
0.7058163707597421, -0.4961377468295633, 0.5040713751168837
0.7530186851898174, -0.4174102653453611, 0.5072554513531896
0.7925467896283847, -0.33448989309775534, 0.5087049707255552
0.8244308043994005, -0.2483231532088286, 0.5075693812235709
0.8479648895726817, -0.1595557128960458, 0.5044366161401084
0.8617552408037223, -0.068782197828469, 0.5012375103737056
0.8641594885316717, 0.022985040424384356, 0.5006212098706918
0.8555804581772167, 0.11430818632495741, 0.5028201707656654
0.8368064614052476, 0.2041186185115162, 0.5061350365474822
0.809161988143693, 0.2916759263775348, 0.5083743939478746
0.7735960422080806, 0.37636918118887375, 0.5082118822190183
0.7303708046055393, 0.4573843586183405, 0.5057078218738824
0.6790965744097874, 0.5335044823244968, 0.5023312498657255
0.6191947496006022, 0.6030079830634283, 0.5005788233621775
0.5513702672792385, 0.6647265464623207, 0.5017446054927952
0.4767585590345572, 0.7180886936607963, 0.5048822198130575
0.3969042851386425, 0.7633433152234996, 0.5077366015892928
0.31309296370346196, 0.8009014798316676, 0.5085412224158193
0.22622227965941255, 0.8306707192231528, 0.5068297788414444
0.13691380665711045, 0.8517873226991499, 0.5035817592762779
0.04584744425888482, 0.8628109953034695, 0.5009637502975622
-0.0458474401870151, 0.8628109229814066, 0.5009637418042812
-0.1369138536036536, 0.8517875345209718, 0.5035815464408345
-0.22622239907500483, 0.8306711253658876, 0.5068295981427731
-0.31309310126292417, 0.8009018291217386, 0.5085412606583241
-0.3969045056795154, 0.7633437364221064, 0.5077364167686522
-0.4767588230826858, 0.7180891402658803, 0.5048814653311737
-0.5513698250441185, 0.6647260426612664, 0.5017441643793017
-0.6191936314238413, 0.603006937874018, 0.500579010177874
-0.6790977901297016, 0.5335053117233316, 0.5023301466417712
-0.7303728498138838, 0.4573855231622366, 0.5057068432313102
-0.7735973807265317, 0.37636980884855253, 0.5082118742122772
-0.8091627033975712, 0.2916761650384529, 0.5083742312507892
-0.8368068806310004, 0.2041187477867191, 0.5061335492072185
-0.855579119404809, 0.11430807588234934, 0.5028187051335664
-0.8641559032107774, 0.022985052286190525, 0.500621726648999
-0.8617577970035128, -0.06878259601223245, 0.5012359647179406
-0.8479701672299801, -0.1595570447356857, 0.504434500043266
-0.8244342049476074, -0.24832430319131188, 0.5075689851862447
-0.792547720464878, -0.3344903209855218, 0.5087050573549151
-0.7530183337809492, -0.4174100500860412, 0.5072536604663183
-0.7058143680577386, -0.4961361742258842, 0.5040686433170773
-0.6505300297645051, -0.5693762102199054, 0.5010846959220395
-0.5870415231451339, -0.6357602099906299, 0.5004174641423076
-0.515542811109588, -0.6934750108632233, 0.5030925986284512
-0.43790150279228696, -0.7425757957437864, 0.5066444760518977
-0.35574998647744577, -0.7837666848692045, 0.5087074482268674
-0.2702064007918578, -0.8173723930031306, 0.5081708531789211
-0.18199578936603594, -0.8429773395339216, 0.5053839623124208
-0.09169465235224136, -0.859592392168933, 0.5019270079859105
0.0, -0.8660254037844405, 0.49999999999999695
-1.3126311272547348e-15, -0.8660254037844405, 0.4999999999999969
0.09169463601082029, -0.8595921021842612, 0.50192697386295
0.1819957359702338, -0.8429770118990955, 0.5053836810415161
0.27020634566214274, -0.8173722106347139, 0.5081706707095806
0.355750106963175, -0.7837669751338828, 0.5087074994686396
0.43790218356922944, -0.742577108625666, 0.5066442162349378
0.5155441062682853, -0.6934770694984072, 0.5030917361814724
0.5870420143609935, -0.6357608363886658, 0.5004170840943142
0.6505284405543222, -0.5693747064965807, 0.5010847935944819
0.7058134919010939, -0.4961354859634798, 0.5040674401433987
0.7530181575236461, -0.4174099419147401, 0.5072527393227624
0.7925482745705215, -0.33449057568336293, 0.5087051087983092
0.8244365418561895, -0.24832509363812344, 0.5075687119824955
0.8479743421513318, -0.15955809880891675, 0.5044328267528425
0.8617601194511961, -0.06878295789017616, 0.5012345640205733
0.8641521799385617, 0.022985064577356298, 0.5006222620062056
0.8555775379170713, 0.11430794581809134, 0.5028169623152702
0.836807462403171, 0.20411892672147705, 0.5061315200523673
0.8091638260022741, 0.29167653971980845, 0.5083739754453039
0.7735998067475758, 0.376370946377109, 0.5082118587298443
0.7303771733835689, 0.4573879843592321, 0.5057047753993025
0.6791008132789486, 0.5335073740503959, 0.5023274119443677
0.6191903390122896, 0.6030038605597186, 0.5005795589582996
0.5513682613072843, 0.6647242615021903, 0.501742598112142
0.47675998689588883, 0.718091108347104, 0.5048781623376146
0.3969057352489951, 0.7633460853311008, 0.5077353861023585
0.3130941241871048, 0.8009044265082137, 0.50854154455799
0.2262236944570245, 0.8306755292655348, 0.5068276394169497
0.13691473658348252, 0.8517915183917384, 0.5035775603614021
0.04584720323738564, 0.8628067182173196, 0.5009632470218623
-0.045847199138490766, 0.8628066455465805, 0.500963238453648
-0.136914784242064, 0.8517917334140612, 0.5035773461161435
-0.2262238149273063, 0.8306759386610683, 0.5068274573884293
-0.3130942620303676, 0.8009047765148649, 0.5085415827502273
-0.3969059573531666, 0.7633465097399845, 0.507735199882888
-0.4767602562616741, 0.7180915637787091, 0.5048774029471137
-0.5513678196914655, 0.6647237585617098, 0.5017421539440401
-0.619189212362169, 0.6030028075796456, 0.5005797463113539
-0.6791020448703184, 0.5335082141545491, 0.5023263013654939
-0.7303792355646095, 0.45738915795158336, 0.5057037896009524
-0.7736011496255376, 0.3763715759881293, 0.5082118496259891
-0.8091645451846605, 0.291676779817456, 0.5083738112794703
-0.836807898727547, 0.20411906058637305, 0.506130023342794
-0.8555762079293803, 0.11430783677745313, 0.5028154869412153
-0.8641485669322582, 0.02298507647856147, 0.5006227802521416
-0.8617627058117463, -0.06878336100710244, 0.5012330081327869
-0.8479796623697695, -0.15955944269314684, 0.5044306952665241
-0.8244399572969151, -0.24832624912732573, 0.5075683111754238
-0.7925492075404971, -0.33449100450479324, 0.5087051952047764
-0.7530178215329091, -0.41740973530806114, 0.5072509377510476
-0.7058115032220164, -0.49613392314858246, 0.5040646908175328
-0.65052415505214, -0.5693706518286984, 0.5010850557530376
-0.5870436018483149, -0.6357628609268515, 0.5004158585894345
-0.5155491983583663, -0.6934851653430922, 0.5030883461230606
-0.4379055275374067, -0.7425835587945159, 0.506642937072938
-0.3557508756251374, -0.7837688268517036, 0.5087078263552525
-0.27020586020547854, -0.8173706051347026, 0.5081690545625227
-0.18199500372560473, -0.8429725171401948, 0.5053798017664513
-0.09169416874092914, -0.8595838177746291, 0.5019259970880829
0.0, -0.8660254037844405, 0.49999999999999667
-1.315335784944877e-15, -0.8660254037844405, 0.49999999999999667
0.09169415229084758, -0.8595835263904373, 0.5019259626640449
0.1819949506164221, -0.8429721910065145, 0.5053795187710707
0.27020580542330647, -0.8173704240025592, 0.5081688711070934
0.3557509962883443, -0.7837691175185145, 0.5087078776664962
0.43790621165742005, -0.7425848786620018, 0.506642674768132
0.5155505034588421, -0.693487240835927, 0.5030874774432392
0.5870440984329932, -0.6357634942830399, 0.5004154760909122
0.6505225549957855, -0.5693691380745746, 0.5010851531719696
0.7058106332820815, -0.4961332392237046, 0.5040634799158771
0.7530176532317199, -0.4174096315994854, 0.5072500111009054
0.7925497629160436, -0.33449125975838645, 0.5087052465142436
0.8244423044508725, -0.24832704336375175, 0.507568034681567
0.8479838709764542, -0.15956050630534963, 0.5044290097856327
0.8617650556620521, -0.0687837273709225, 0.5012315981511277
0.8641448148650352, 0.02298508881049576, 0.5006233171262253
0.8555746369626911, 0.11430770839382201, 0.5028137325272033
0.836808503890589, 0.2041192458048859, 0.5061279813835925
0.8091656739593511, 0.291677156756297, 0.5083735531618359
0.7736035835545119, 0.37637271705599645, 0.5082118321453247
0.7303835950299884, 0.45739163827820045, 0.5057017066223317
0.6791051074653079, 0.5335103030793386, 0.5023235484099697
0.6191858949610544, 0.6029997072912477, 0.5005802966676319
0.5513662581959817, 0.6647219805139013, 0.5017405768223867
0.4767614434056724, 0.718093570602363, 0.5048740784285012
0.3969071956409553, 0.7633488765591772, 0.5077341614022205
0.31309528706476353, 0.8009073792307733, 0.5085418662727419
0.22622512175708986, 0.830680377852008, 0.5068254842214278
0.136915680598952, 0.8517957773660734, 0.5035733335890771
0.045846960613210724, 0.8628024204886007, 0.5009627393057722
-0.04584695648702526, 0.862802347466703, 0.5009627306619691
-0.136915728978871, 0.8517959956257173, 0.5035731179202082
-0.2262252432922766, 0.8306807905288316, 0.5068253008485555
-0.31309542519233513, 0.8009077299555113, 0.5085419044135887
-0.396907419320818, 0.763349304206137, 0.5077339737685816
-0.4767617181471063, 0.7180940349643664, 0.5048733140809024
-0.551365817227552, 0.6647214784711364, 0.5017401295738482
-0.6191847597464656, 0.6029986464381214, 0.5005804845575812
-0.6791063551178107, 0.5335111540098464, 0.5023224304057329
-0.7303856743393082, 0.45739282099521283, 0.5057007135907579
-0.773604930813041, 0.37637334862734906, 0.5082118219299678
-0.8091663970989748, 0.2916773983023606, 0.5083733875105751
-0.8368089575126862, 0.20411938432040333, 0.506126475212157
-0.8555733159445968, 0.11430760078732255, 0.5028122473269496
-0.8641411738768265, 0.022985100751243513, 0.5006238368362121
-0.8617676725448217, -0.06878413548847984, 0.5012300319362
-0.8479892341460408, -0.15956186236014247, 0.5044268627446732
-0.8244457348785924, -0.24832820439833844, 0.5075676290481992
-0.792550698025365, -0.33449168951617914, 0.5087053326936418
-0.7530173328527502, -0.41740943374546746, 0.50724819873851
-0.705808658903628, -0.4961316863819293, 0.504060712909948
-0.6505182402018703, -0.5693650563196758, 0.5010854146379319
-0.5870457032845595, -0.6357655413306749, 0.5004142426733009
-0.5155556346636269, -0.6934954030300847, 0.5030840628435003
-0.43790957206356196, -0.7425913631902542, 0.5066413833482384
-0.3557517660827113, -0.7837709718030373, 0.5087082049987859
-0.2702053230631569, -0.8173688295055572, 0.5081672462090344
-0.1819942223566164, -0.8429677170767249, 0.5053756156723784
-0.09169368190962288, -0.8595752019512943, 0.5019249772714431
0.0, -0.8660254037844406, 0.4999999999999965
-1.3180563046877614e-15, -0.8660254037844407, 0.49999999999999656
0.09169366534986007, -0.8595749091575402, 0.5019249425437066
0.18199416954072614, -0.8429673924731682, 0.5053753309367114
0.27020526863442795, -0.817368649627908, 0.5081670617580889
0.35575188692324594, -0.7837712628717566, 0.5087082563799893
0.4379102595500977, -0.7425926900968252, 0.5066411185278175
0.5155569497966567, -0.6934974955473925, 0.5030831878643139
0.5870462053058845, -0.6357661817359215, 0.5004138577014847
0.6505166291934237, -0.5693635324387584, 0.5010855117946701
0.7058077953053181, -0.4961310068774749, 0.5040594942118547
0.7530171726093197, -0.4174093345522132, 0.5072472665278719
0.7925512546739999, -0.3344919453269975, 0.5087053838667003
0.8244480923436845, -0.24832900245126427, 0.5075673492252946
0.8479934767476129, -0.15956293561133006, 0.5044251649423628
0.8617700501280925, -0.06878450639981375, 0.501228612583468
0.8641373927059629, 0.02298511312413518, 0.5006243752232995
0.8555717557199892, 0.11430747412285859, 0.5028104812165651
0.8368095863373393, 0.20411957590571295, 0.5061244203211273
0.8091675320892471, 0.29167777751721136, 0.5083731270544088
0.7736073726920623, 0.37637449325260647, 0.5082118024257933
0.7303900700315404, 0.45739532061368016, 0.5056986153008155
0.6791094576309641, 0.5335132698336982, 0.5023196590165353
0.619181417087798, 0.6029955229333716, 0.5005810364877052
0.5513642580737672, 0.6647197036673166, 0.5017385415059139
0.4767629288766844, 0.7180960809869, 0.5048699678243239
0.3969086663958559, 0.7633516890901071, 0.5077329273875884
0.3130964523407096, 0.800910338011698, 0.5085421875503497
0.22622656168055738, 0.8306852653190577, 0.5068233130827884
0.1369166388880128, 0.8518001003512264, 0.503569078686575
0.045846716371380394, 0.8627981019702152, 0.5009622271104262
-0.04584671221765477, 0.8627980285946857, 0.5009622183903649
-0.1369166879986814, 0.8518003218852627, 0.5035688615800169
-0.2262266842911308, 0.8306856813064154, 0.5068231283508349
-0.3130965907531139, 0.8009106894560398, 0.508542225638672
-0.39690889166357235, 0.7633521200025293, 0.5077327383239723
-0.4767632090523414, 0.7180965543843465, 0.5048691984704985
-0.5513638177814143, 0.664719202560262, 0.5017380911509007
-0.6191802732172447, 0.6029944541245685, 0.5005812249135433
-0.679110721537857, 0.5335141317138512, 0.5023185335152247
-0.7303921666286506, 0.457396512533566, 0.5056976149573842
-0.7736087243543701, 0.376375126794254, 0.5082117910846419
-0.8091682592151479, 0.29167802052351105, 0.5083729599007645
-0.8368100574584731, 0.20411971913357616, 0.5061229045938317
-0.8555704438597975, 0.11430736798332568, 0.5028089861047341
-0.8641337234334858, 0.022985125104518396, 0.5006248963940861
-0.8617726978985188, -0.06878491958644378, 0.5012270359451347
-0.8479988832623292, -0.15956430396418472, 0.5044230021782479
-0.824451537858135, -0.24833016907180622, 0.507566938708452
-0.7925521919286337, -0.33449237602387644, 0.5087054698148584
-0.7530168680385254, -0.4174091455521871, 0.5072454432674935
-0.7058058355086381, -0.4961294641951351, 0.5040567093695933
-0.650512284814094, -0.5693594233310482, 0.5010857725473801
-0.587047827730602, -0.6357682515744206, 0.5004126163016643
-0.5155621204650469, -0.6935057247349645, 0.503079748460237
-0.4379136365055467, -0.7425992092398604, 0.5066398147076304
-0.3557526578470181, -0.7837731197161795, 0.5087085841587464
-0.27020478942207804, -0.8173670662912388, 0.5081654280237781
-0.18199344536151807, -0.8429629397921887, 0.5053714038035377
-0.09169319182821212, -0.8595665444034211, 0.5019239484578739
0.0, -0.8660254037844408, 0.49999999999999645
-1.320792826433454e-15, -0.8660254037844406, 0.4999999999999964
0.09169317515773648, -0.859566250189976, 0.5019239134237902
0.1819933928459145, -0.8429626167493453, 0.5053711173121119
0.270204735352629, -0.8173668876859843, 0.5081652425675969
0.3557527788644667, -0.7837734111859025, 0.5087086356100501
0.43791432738099667, -0.7426005432370796, 0.5066395473418878
0.5155634457190682, -0.693507834440402, 0.5030788671140046
0.5870483352522793, -0.635768899114815, 0.5004122288354965
0.650510662742239, -0.5693578892226755, 0.5010858694346426
0.7058049783753518, -0.4961287891928331, 0.5040554828062076
0.7530167159532382, -0.41740905092596026, 0.507244505440503
0.7925527498543921, -0.33449263239377686, 0.5087055208491178
0.8244539057024207, -0.2483309709689857, 0.5075666555169802
0.8480031601715982, -0.1595653869556373, 0.5044212919207507
0.86177510354807, -0.0687852951077605, 0.5012256071336078
0.8641299128450457, 0.02298513751846675, 0.5006254362903717
0.8555688946023652, 0.11430724307730256, 0.5028072081961106
0.8368107102202225, 0.20411991717018846, 0.5061208366419483
0.8091694004680459, 0.2916784020333874, 0.5083726970796439
0.7736111742226588, 0.3763762749935881, 0.5082117695305597
0.7303965988821719, 0.4573990316074876, 0.5056955011897346
0.6791138644487004, 0.5335162747423966, 0.5023157435145653
0.6191769050295639, 0.6029913071581312, 0.5005817784151732
0.5513622610717837, 0.6647174311360184, 0.5017364920439287
0.4767644436249816, 0.7180986400675946, 0.5048658302601473
0.3969101475953746, 0.7633545231073007, 0.507731683955403
0.31309762001913055, 0.8009133028631009, 0.5085425083808666
0.22622801434979461, 0.8306901920066756, 0.5068211258265776
0.13691761163786736, 0.8518044880855515, 0.5035647953775162
0.04584647049677735, 0.8627937625138716, 0.50096171039653
-0.045846466315223086, 0.8627936887822095, 0.5009617015995356
-0.13691766148884402, 0.8518047129317842, 0.5035645768191186
-0.22622813804615266, 0.8306906113335468, 0.5068209397206487
-0.3130977587168289, 0.8009136550285018, 0.5085425464154825
-0.3969103744635061, 0.7633549573134875, 0.5077314934460195
-0.4767647292943013, 0.7180991226072126, 0.5048650558502884
-0.5513618214846852, 0.6647169310033567, 0.5017360385560317
-0.6191757524095586, 0.6029902303091899, 0.5005819673762334
-0.6791151448046816, 0.5335171476962416, 0.5023146104438259
-0.7303987129259055, 0.45740023280790654, 0.505694493454543
-0.7736125303122419, 0.3763769105156599, 0.5082117570494165
-0.8091701316092559, 0.2916786465118141, 0.5083725284063454
-0.8368111990429445, 0.20412006517271375, 0.506119311263488
-0.8555675920916856, 0.11430713843825435, 0.5028057030864885
-0.8641262149834922, 0.02298514953865733, 0.5006259589179634
-0.8617777825788808, -0.06878571343326173, 0.5012240199740996
-0.8480086104297989, -0.15956676773564796, 0.504419113263562
-0.8244573664029983, -0.24833214321606012, 0.5075662400589805
-0.7925536892603328, -0.33449306403252477, 0.5087056065619284
-0.7530164273910926, -0.41740887088340484, 0.5072426711743263
-0.7058030334494408, -0.4961272568614581, 0.5040526799697269
-0.6505062884828066, -0.5693537524954656, 0.5010861294518842
-0.5870499754652851, -0.6357709920338077, 0.5004109793818934
-0.515568656205635, -0.6935161312760099, 0.5030754026390387
-0.4379177209993842, -0.742607097255439, 0.5066382309781233
-0.35575355091541827, -0.7837752705855641, 0.5087089638369459
-0.2702042593404187, -0.817365315670288, 0.5081635999110119
-0.18199267284465515, -0.8429581857426993, 0.5053671659304586
-0.09169269846626656, -0.8595578448333486, 0.5019229105683385
0.0, -0.8660254037844409, 0.49999999999999617
-1.3235454917832404e-15, -0.8660254037844408, 0.49999999999999617
0.0916926816840404, -0.8595575491900581, 0.5019228752252194
0.18199262063647412, -0.842957864291705, 0.5053668776676115
0.2702042056361975, -0.8173651383556545, 0.5081634134397705
0.35575367210940256, -0.7837755624554767, 0.5087090153585633
0.43791841528673386, -0.7426084383961408, 0.5066379610372764
0.5155699916710161, -0.6935182583367019, 0.5030745148571576
0.587050488553486, -0.6357716467986272, 0.5004105893994477
0.6505046552360114, -0.5693522080587621, 0.501086226061713
0.705802182907539, -0.4961265864449573, 0.5040514454711926
0.7530162835664198, -0.41740878087700994, 0.5072417276746846
0.7925542484674282, -0.33449332096347784, 0.5087056574550748
0.824459744695587, -0.2483329489856956, 0.5075659534591636
0.8480129219646905, -0.15956786057031605, 0.5044173904161252
0.8617802166353701, -0.06878609362834269, 0.5012225816144867
0.8641223746618333, 0.02298516199387394, 0.5006265003185915
0.8555660540308915, 0.11430701533084278, 0.5028039132765065
0.8368118760197882, 0.2041202697461132, 0.5061172301200018
0.8091712791714187, 0.2916790303356626, 0.5083722631932932
0.7736149882119899, 0.37637806230712123, 0.508211733419266
0.7304031820789977, 0.45740277150262854, 0.5056923640403217
0.6791183285993626, 0.5335193182390953, 0.5023118016514898
0.6191723584177753, 0.602987059632535, 0.5005825224467435
0.5513602673235531, 0.664715163096908, 0.5017344283162655
0.47676598797047764, 0.7181012484189222, 0.5048616654674083
0.3969116393221598, 0.7633573787965884, 0.5077304310013865
0.3130987901041772, 0.8009162737971678, 0.5085428287542726
0.22622947988853676, 0.8306951582583901, 0.5068189222759141
0.13691859903840706, 0.8518089413168008, 0.5035604833817915
0.04584622297407653, 0.862789401969924, 0.5009611891243887
-0.045846218764423546, 0.8627893278796017, 0.5009611802497802
-0.13691864963941075, 0.851809169513507, 0.503560263357212
-0.2262296046812208, 0.8306955809540522, 0.5068187347809079
-0.3130989290876409, 0.8009166266850488, 0.5085428667339891
-0.39691186780351584, 0.7633578163253285, 0.5077302390303909
-0.4767662791935896, 0.7181017402087273, 0.5048608859511415
-0.5513598284715362, 0.6647146639781256, 0.5017339716687719
-0.6191711969532299, 0.6029859746574712, 0.5005827119424786
-0.6791196256015625, 0.5335202023920287, 0.5023106609381305
-0.7304053137298174, 0.4574039820618879, 0.5056913488324757
-0.7736163487499744, 0.3763786998185953, 0.5082117197831977
-0.8091720143580902, 0.2916792762984648, 0.5083720929830203
-0.8368123827502669, 0.2041204225867327, 0.5061156949935566
-0.855564761064104, 0.11430691222635883, 0.5028023980815847
-0.86411864790123, 0.022985174053982253, 0.5006270243990225
-0.8617829273028523, -0.06878651716343695, 0.501220983834936
-0.8480184163693875, -0.15956925390827653, 0.5044151956928141
-0.8244632206818445, -0.24833412689999398, 0.5075655330009807
-0.7925551900295202, -0.33449375354631705, 0.5087057429279018
-0.7530160112143933, -0.41740860989566997, 0.5072398822929349
-0.7058002531441843, -0.49612506465762096, 0.5040486244807079
-0.6505002507958695, -0.5693480434401091, 0.5010864853216871
-0.5870521467708021, -0.6357737630893681, 0.5004093318204972
-0.5155752423327566, -0.6935266234805146, 0.503071025040944
-0.4379218256819345, -0.7426150275514091, 0.5066366319842482
-0.35575444528482586, -0.7837774244045139, 0.508709344034914
-0.2702037328769486, -0.817363577822692, 0.5081617617734903
-0.18199190491207934, -0.8429534553905481, 0.5053629018207737
-0.09169220179296554, -0.8595491029401956, 0.5019218635231076
0.0, -0.8660254037844408, 0.49999999999999606
-1.3263144440140495e-15, -0.8660254037844408, 0.49999999999999606
0.09169218489792991, -0.8595488058567342, 0.5019218278682532
0.18199185301855914, -0.8429531355629005, 0.5053626117706426
0.2702036795439456, -0.8173634018170027, 0.5081615742771979
0.3557545666548523, -0.7837777166735279, 0.508709395627015
0.4379225234045828, -0.7426163758893459, 0.506636359438512
0.5155765881012232, -0.6935287680661347, 0.5030701307539416
0.58705266549342, -0.6357744251701403, 0.5004089392993041
0.650498606261688, -0.5693464885733464, 0.5010865816458574
0.7057994093232786, -0.49612439891265336, 0.504047381976559
0.7530158757543565, -0.417408524562637, 0.5072389330641841
0.7925557505200762, -0.3344940110392792, 0.5087057936769166
0.8244656094902079, -0.248334936569724, 0.5075652429518853
0.8480227628467155, -0.1595703566892182, 0.5044134601181949
0.8617853901061818, -0.06878690209632697, 0.5012195358379005
0.8641147775217797, 0.022985186550547446, 0.500627567300305
0.8555632344315713, 0.11430679095825716, 0.5028005962661384
0.8368130842230446, 0.20412063378353834, 0.5061136005259265
0.8091731682757133, 0.29167966245522703, 0.508371825350374
0.7736188147230149, 0.3763798552201568, 0.5082116940502479
0.7304098201249747, 0.45740654054475616, 0.5056892035998886
0.6791228507717653, 0.5335224007620138, 0.5023078331714169
0.6191677768781393, 0.6029827800184195, 0.5005832685791636
0.5513582769651688, 0.6647128997304126, 0.5017323502013783
0.47676756223696604, 0.7181039066229704, 0.504857473173951
0.3969131416597209, 0.763360256345956, 0.5077291684199349
0.31309996259994555, 0.8009192508260583, 0.5085431486604255
0.22623095842192784, 0.8307001644213301, 0.5068167022514474
0.13691960128226366, 0.8518134608022435, 0.5035561424154917
0.04584597378774251, 0.862785020187316, 0.500960663253911
-0.04584596954978118, 0.8627849457356371, 0.5009606543010338
-0.13691965264322725, 0.8518136923881511, 0.5035559209101828
-0.22623108432168554, 0.8307005905153682, 0.5068165133520439
-0.3131001018697376, 0.8009196044378577, 0.5085431865840265
-0.39691337176701413, 0.7633606972257551, 0.5077289749709134
-0.47676785907451136, 0.7181044077719767, 0.5048566885000692
-0.551357838878532, 0.6647124016656654, 0.5017318903674781
-0.619166606474137, 0.6029816868315597, 0.5005834586080746
-0.6791241646223266, 0.5335232962426705, 0.5023066847406175
-0.730411969547954, 0.4574077605435068, 0.5056881808374972
-0.7736201797351021, 0.37638049473204443, 0.5082116792449176
-0.8091739075383582, 0.29167990991477455, 0.5083716535855975
-0.83681360906974, 0.20412079152648324, 0.5061120555533032
-0.85556195120709, 0.11430668942319841, 0.5027990708972929
-0.8641110215505525, 0.022985198650759053, 0.5006280928285206
-0.8617881327942934, -0.06878733091319097, 0.5012179273376745
-0.8480283018078569, -0.15957176271821186, 0.5044112491537164
-0.8244691008641197, -0.2483361201929218, 0.5075648174341545
-0.7925566942448974, -0.3344944445692812, 0.5087058789056498
-0.7530156198168076, -0.4174083627476828, 0.5072370764551957
-0.7057974950178896, -0.49612288786455905, 0.5040445426697767
-0.6504941713367187, -0.5693422957882147, 0.5010868401261594
-0.5870543419336829, -0.6357765651276451, 0.5004076735227874
-0.5155818792992599, -0.6935372021866036, 0.5030666153222
-0.43792595069124096, -0.7426230004452272, 0.5066350175483725
-0.3557553409518473, -0.7837795811656454, 0.50870972475406
-0.27020321009114096, -0.8173618529303139, 0.5081599135125514
-0.181991141671635, -0.8429487492046668, 0.5053586112391825
-0.09169170177710124, -0.8595403184201104, 0.5019208072416849
0.0, -0.8660254037844409, 0.4999999999999959
-1.3290998281033144e-15, -0.8660254037844409, 0.49999999999999595
0.09169168476823492, -0.8595400198866836, 0.5019207712722276
0.18199109010028997, -0.842948431033145, 0.5053583193857306
0.27020315713570026, -0.8173616782530906, 0.5081597249813379
0.35575546249792167, -0.7837798738339794, 0.5087097764172703
0.43792665187333624, -0.7426243560357917, 0.5066347423675507
0.5155832354637196, -0.6935393644691943, 0.5030657144595813
0.5870548663606677, -0.6357772346186649, 0.5004072784396332
0.6504925154016891, -0.569340730388802, 0.5010869361561459
0.7057966580500822, -0.49612222687848373, 0.5040432920888728
0.753015492826995, -0.41740828214232867, 0.5072361214399781
0.7925572560230613, -0.3344947026261833, 0.5087059295081673
0.8244715002582933, -0.24833693379138888, 0.5075645238949368
0.8480326835502096, -0.15957287555038713, 0.504409500712934
0.8617906246931017, -0.06878772064953473, 0.5012164696119586
0.8641071207864047, 0.022985211188829482, 0.5006286372258586
0.8555604362397841, 0.11430657003610292, 0.5027972569711492
0.8368143353234976, 0.2041210094346942, 0.5061099476275546
0.8091750678590091, 0.2916802984238954, 0.5083713835057124
0.7736226538229989, 0.37638165376152355, 0.5082116513820621
0.7304165135297122, 0.4574103389825702, 0.5056860196130598
0.6791274316671554, 0.5335255227571585, 0.5023038378147027
0.6191631600323084, 0.6029784679742329, 0.5005840168081525
0.5513562901355524, 0.6647106412209076, 0.5017302575765157
0.4767691667514264, 0.7181066152683386, 0.5048532531037572
0.3969146546921075, 0.7633631559448069, 0.5077278961036279
0.3131011375105665, 0.80092223396194, 0.5085434680890578
0.22623245007661424, 0.8307052108462525, 0.5068144655713278
0.13692061856493798, 0.851818047308798, 0.5035517721908472
0.04584572292211428, 0.8627806170135344, 0.5009601327446123
-0.04584571865558454, 0.8627805421979033, 0.5009601237127764
-0.1369206706958822, 0.8518182823231577, 0.5035515491900706
-0.2262325770942567, 0.8307056403685824, 0.5068142752519996
-0.31310127706716073, 0.8009225882990583, 0.5085435059553185
-0.3969148864384227, 0.7633636002050985, 0.507727701160312
-0.4767694692651523, 0.7181071258876502, 0.5048524632204815
-0.5513558528450206, 0.6647101442509205, 0.5017297945289668
-0.6191619805913104, 0.6029773664873772, 0.500584207369554
-0.6791287625678041, 0.5335264296935452, 0.5023026815914893
-0.7304186808886852, 0.45741156850057274, 0.5056849892127913
-0.7736240233301218, 0.37638229528269873, 0.5082116353919951
-0.809175811227853, 0.2916805473925264, 0.5083712101684815
-0.8368148784970827, 0.2041211721450259, 0.5061083927093578
-0.855559162958014, 0.11430647010575014, 0.502795721339027
-0.8641033352854435, 0.02298522332918413, 0.5006291641975518
-0.8617933997878555, -0.06878815482110819, 0.5012148502898476
-0.8480382674782684, -0.15957429440420806, 0.5044072733294158
-0.8244750071209322, -0.24833812316496684, 0.5075640932570984
-0.792558201916526, -0.3344951371061475, 0.5087060144883017
-0.7530152535086285, -0.41740812959888485, 0.5072342534899678
-0.7057947595017828, -0.49612072676718416, 0.5040404343021536
-0.65048804968034, -0.569336509155646, 0.5010871938349788
-0.5870565612442261, -0.6357793985407904, 0.5004060043928903
-0.5155885675605205, -0.6935478682388159, 0.5030621731340751
-0.4379300961668524, -0.7426310162582093, 0.506633387489522
-0.3557562379138798, -0.7837817408637511, 0.5087101059965417
-0.2702026910436982, -0.817360141178804, 0.5081580550286012
-0.1819903832332691, -0.8429440676622677, 0.5053542939474623
-0.09169119838716856, -0.859531490967396, 0.5019197416425384
0.0, -0.8660254037844412, 0.4999999999999958
-1.3319017907542738e-15, -0.866025403784441, 0.49999999999999567
0.09169118126335296, -0.8595311909730247, 0.5019197053558282
0.18199033199147935, -0.8429437511787059, 0.5053540002743935
0.2702026384717959, -0.8173599678481722, 0.5081578654520141
0.35575635963512625, -0.7837820339293509, 0.5087101577307114
0.43793080083166847, -0.7426323791551424, 0.5066331096427641
0.5155899342151598, -0.6935500483928574, 0.503061265624267
0.5870570914445122, -0.6357800755351963, 0.5004056067251633
0.6504863822296548, -0.5693349331197871, 0.5010872895618581
0.7057939295194455, -0.4961200706273069, 0.5040391755714705
0.7530151350961752, -0.4174080537763145, 0.5072332926297314
0.7925587649868093, -0.3344953957291378, 0.508706064942052
0.8244774171720459, -0.24833894072130455, 0.5075637961863709
0.8480426848137813, -0.1595754173944263, 0.5044055118817902
0.861795921136135, -0.06878854942767024, 0.5012133827428551
0.8640994038058453, 0.02298523590893326, 0.500629710085857
0.8555576598968303, 0.11430635264217202, 0.50279389519539
0.8368156298197714, 0.20412139685370587, 0.5061062711892774
0.809176977999141, 0.29168093827348607, 0.50837093761312
0.7736265055756598, 0.3763834579584221, 0.5082116053719073
0.7304232628074642, 0.45741416706667215, 0.5056828118199159
0.6791320719930041, 0.5335286846737219, 0.5022998153186073
0.6191585074960948, 0.602974123152952, 0.5005847671296739
0.5513543069756901, 0.6647083877555272, 0.5017281503176159
0.476770801845488, 0.718109374952411, 0.5048490049772656
0.39691617850453376, 0.7633660777852554, 0.5077266139440928
0.31310231484009576, 0.8009252232168698, 0.5085437870297762
0.22623395498069987, 0.8307102978875966, 0.5068122120511445
0.13692165108476992, 0.8518227016131784, 0.5035473724161567
0.045845470361322284, 0.8627761922946651, 0.5009595975555935
-0.045845466065957755, 0.8627761171125109, 0.5009595884440909
-0.13692170399585815, 0.8518229400957573, 0.503547147904979
-0.2262340831271459, 0.8307107308684178, 0.5068120202961474
-0.3131024546839776, 0.8009255782807606, 0.5085438248374455
-0.39691641190276283, 0.763366525455194, 0.5077264174895897
-0.47677111009736434, 0.7181098951538394, 0.5048482098319526
-0.5513538705129241, 0.6647078919224017, 0.5017276840288735
-0.6191573189198376, 0.6029730132774722, 0.5005849582221825
-0.6791334201508573, 0.5335296031974487, 0.5022986512262527
-0.730425448270016, 0.45741540618563653, 0.5056817736975455
-0.7736278796031151, 0.37638410149978885, 0.5082115881821293
-0.8091777255047814, 0.29168118876375715, 0.5083707626852694
-0.8368161915336179, 0.20412156459748515, 0.5061047062247296
-0.8555563967613391, 0.1143062543525226, 0.5027923492095605
-0.8640955884520017, 0.022985248089531413, 0.5006302384963248
-0.8617987290285504, -0.068788989027939, 0.5012117524963804
-0.848048314123514, -0.15957684920841517, 0.5044032678986875
-0.824480939625352, -0.2483401358870524, 0.5075633603668815
-0.7925597130533752, -0.334495831161106, 0.5087061496687061
-0.7530149126070601, -0.41740791061224797, 0.5072314132249075
-0.7057920470356143, -0.4961185816555857, 0.504036299139128
-0.6504818854013314, -0.5693306831578, 0.5010875464156224
-0.5870588049983141, -0.6357822637283109, 0.5004043243334636
-0.5155953075805956, -0.6935586224974917, 0.5030576981229733
-0.43793426224942056, -0.7426390753144101, 0.5066317416256172
-0.3557571361670645, -0.7837839034904434, 0.5087104877636798
-0.27020217579562816, -0.8173584427541806, 0.5081561862201319
-0.18198962970856214, -0.8429394112461411, 0.5053499497042883
-0.09169069159119766, -0.859522620272362, 0.5019186666435678
0.0, -0.8660254037844412, 0.49999999999999556
-1.3347204804217316e-15, -0.8660254037844412, 0.49999999999999567
0.0916906743513703, -0.8595223188068571, 0.5019186300367255
0.18198957880405406, -0.8429390964840249, 0.5053496541951571
0.27020212361366225, -0.8173582707897185, 0.5081559955879242
0.3557572580632596, -0.7837841969529518, 0.5087105395692942
0.4379349704215196, -0.7426404455741539, 0.5066314610820581
0.5155966848203837, -0.6935608206991879, 0.503056783893501
0.5870593410437827, -0.6357829483231, 0.5004039240574538
0.6504802063186764, -0.5693290963803489, 0.501087641830738
0.7057912241753013, -0.4961179304519628, 0.5040350321858116
0.7530148028803239, -0.41740783962804306, 0.5072304464611552
0.7925602774176133, -0.3344960903509966, 0.5087061999704959
0.8244833604033425, -0.24834095742993997, 0.5075630597219669
0.8480527673811347, -0.15957798246406985, 0.5044014933007881
0.8618012801820953, -0.06878938857210598, 0.5012102750348653
0.8640916259215974, 0.022985260711068815, 0.5006307858701808
0.8555549058496581, 0.11430613885553267, 0.5027905107405202
0.8368169682178311, 0.2041217961972178, 0.50610257097226
0.8091788987755035, 0.29168158203648503, 0.5083704876259953
0.7736303700478712, 0.37638526783950166, 0.5082115559769017
0.7304300684782861, 0.4574180250502927, 0.5056795799576124
0.6791367724686825, 0.5335318869683401, 0.5022957654166622
0.6191538188801733, 0.6029697452032231, 0.5005855195390349
0.5513523276298022, 0.6647061395259883, 0.5017260282991766
0.47677246785394173, 0.7181121862792529, 0.5048447285108528
0.39691771318269853, 0.7633690220609031, 0.5077253218309986
0.31310349459255815, 0.8009282186029432, 0.5085441054720485
0.2262354732637606, 0.8307154259035237, 0.5068099415038969
0.13692269904300158, 0.8518274245020532, 0.5035429427957272
0.045845216089311996, 0.8627717458753983, 0.5009590576455313
-0.04584521176481954, 0.8627716703240594, 0.500959048453662
-0.13692275274452845, 0.8518276664931235, 0.5035427167590054
-0.2262356025500401, 0.8307158623733524, 0.506809748297264
-0.3131036347241943, 0.8009285743950612, 0.5085441432198731
-0.3969179482459497, 0.7633694731701672, 0.507725123848327
-0.47677278190682526, 0.7181127161763163, 0.5048439280501991
-0.5513518920268745, 0.6647056448724105, 0.5017255587414288
-0.6191526210688867, 0.6029686268491142, 0.5005857111613614
-0.6791381380927671, 0.5335328172120192, 0.5022945933776486
-0.730432272213458, 0.4574192738525181, 0.5056785340275656
-0.7736317486192745, 0.37638591341118477, 0.5082115375719722
-0.8091796504488501, 0.2916818340610807, 0.5083703110891826
-0.8368175486873379, 0.2041219690412663, 0.5061009958592764
-0.8555536530697894, 0.11430604224365526, 0.5027889543093071
-0.8640877803891429, 0.022985272932116888, 0.5006313157139055
-0.8618041212737992, -0.0687898336769895, 0.5012086337592524
-0.848058442496155, -0.15957942737644049, 0.5043992325358279
-0.8244868985526246, -0.24834215843106458, 0.5075626186593866
-0.7925612276653116, -0.3344965267388073, 0.5087062844398391
-0.7530145974319262, -0.41740770595185095, 0.5072285554847185
-0.7057893580653638, -0.4961164528237375, 0.5040321369394998
-0.6504756780659853, -0.5693248174027861, 0.501087897835775
-0.5870610734955364, -0.635785161095222, 0.5004026332460557
-0.5156020998263774, -0.6935694658299146, 0.5030531899301571
-0.43793844908102303, -0.7426471779415824, 0.5066300797712199
-0.35575803570822095, -0.7837860690391805, 0.5087108700574373
-0.2702016644091243, -0.8173567578460458, 0.5081543069846096
-0.18198888121122817, -0.8429347804473502, 0.5053455782653258
-0.09169018135689712, -0.859513706023231, 0.501917582161657
0.0, -0.8660254037844412, 0.49999999999999545
-1.3375560473382722e-15, -0.8660254037844414, 0.49999999999999545
0.09169016399993345, -0.8595134030756827, 0.5019175452319166
0.18198883065171093, -0.8429344674398566, 0.5053452809034401
0.2702016126233362, -0.8173565872666985, 0.5081541152861501
0.35575815777869496, -0.783786362897106, 0.5087109219345127
0.4379389668108018, -0.7426482172417002, 0.5066297349255979
0.515603487745774, -0.6935716822551807, 0.5030522689073731
0.5870616154560856, -0.6357858533851755, 0.5004022303389251
0.65047398723097, -0.5693232197750373, 0.5010879929307079
0.7057885424629485, -0.49611580664583765, 0.5040308616891795
0.7530144964990386, -0.41740763986139795, 0.5072275827568145
0.7925617933273387, -0.3344967864974482, 0.5087063345869967
0.8244893301288475, -0.24834298398986115, 0.5075623143973191
0.8480629320090501, -0.15958057100652948, 0.5043974446423755
0.8618067025943501, -0.06879023822745467, 0.5012071462885873
0.8640837864680431, 0.022985285595492854, 0.5006318645675776
0.8555521745552123, 0.11430592875711498, 0.5027871034057314
0.8368183510287434, 0.2041222076237169, 0.5060988467344919
0.8091808302678765, 0.2916822297455317, 0.5083700334970548
0.7736342473060982, 0.3763870834331428, 0.5082115031534458
0.7304369310684675, 0.4574219131893933, 0.505676323759201
0.6791415338225989, 0.5335351301027971, 0.5022916878388246
0.6191490937901434, 0.6029653337690624, 0.5005862740311775
0.5513503522443916, 0.6647038967270984, 0.5017238913944712
0.47677416511590137, 0.718115049861231, 0.5048404234171355
0.3969192588132759, 0.7633719889676338, 0.5077240196527526
0.3131046767719702, 0.8009312201322029, 0.5085444234052381
0.2262370050569152, 0.830720595255978, 0.5068076537399641
0.13692376264385386, 0.8518322167721746, 0.5035384830298011
0.04584496008985322, 0.8627672775989241, 0.5009585129726941
-0.045844955735886844, 0.8627672016758099, 0.5009585036997288
-0.13692381714620747, 0.8518324623125463, 0.5035382554521879
-0.22623713549412705, 0.8307210352456698, 0.506807459065505
-0.31310481719175975, 0.8009315766540139, 0.5085444610919417
-0.3969194955547769, 0.7633724435463553, 0.5077238201246447
-0.4767744850331448, 0.7181155895686655, 0.5048396175870221
-0.5513499175343038, 0.6647034032971096, 0.5017234185394458
-0.6191478866420473, 0.6029642068445966, 0.5005864661822099
-0.6791429171246817, 0.5335360722007338, 0.5022905077747495
-0.7304391532464993, 0.457423171757699, 0.5056752699348375
-0.7736356304449816, 0.37638773104529827, 0.5082114835176449
-0.8091815861400707, 0.29168248331733343, 0.5083698553326828
-0.836818950472191, 0.20412238563593088, 0.5060972613696949
-0.855550932342784, 0.11430583386068549, 0.5027855364365359
-0.8640799104241818, 0.022985297857181806, 0.5006323958395532
-0.8618095772914631, -0.06879068891392395, 0.501205493877971
-0.848068653354936, -0.15958202915650924, 0.5043951669103126
-0.8244928840792919, -0.24834419086955437, 0.5075618680290755
-0.7925627457622285, -0.3344972238439698, 0.508706418794654
-0.7530143083078576, -0.4174075157841515, 0.5072256800920467
-0.7057866930448967, -0.49611434057053616, 0.5040279474589261
-0.6504694272369204, -0.5693189114954916, 0.5010882480618619
-0.5870633670399773, -0.6357880910528247, 0.5004009310310513
-0.5156089447712237, -0.6935803991159633, 0.5030486481917713
-0.4379405618953657, -0.7426516699996303, 0.5066277367493298
-0.3557589365337046, -0.7837882375023876, 0.5087112528795987
-0.27020115694705804, -0.8173550866457749, 0.5081524172179188
-0.18198813785686227, -0.8429301757638387, 0.5053411793830892
-0.09168966765155159, -0.8595047479049622, 0.5019164881129248
0.0, -0.8660254037844413, 0.4999999999999953
-1.3404086435409549e-15, -0.8660254037844414, 0.4999999999999953
0.09168965017633675, -0.8595044434646362, 0.5019164508574282
0.1819880876502476, -0.8429298645449984, 0.5053408801515553
0.2702011055638923, -0.8173549174711477, 0.5081522244425414
0.355759058777998, -0.7837885317547901, 0.5087113048283401
0.4379404358384109, -0.742651586959049, 0.5066271834092477
0.5156103434652637, -0.6935826339421352, 0.5030477203009905
0.5870639149877015, -0.6357887911356833, 0.5004005254691362
0.6504677245268882, -0.5693173029067322, 0.5010883428283708
0.7057858848388276, -0.4961136995094524, 0.5040266638365848
0.753014216278186, -0.417407454643384, 0.5072247013387245
0.7925633127249414, -0.3344974841727616, 0.5087064687841497
0.8244953265250776, -0.24834502047365697, 0.5075615601062751
0.848073179461518, -0.15958318327175583, 0.5043933655746563
0.8618121891466344, -0.06879109854051585, 0.5012039963021793
0.8640758847664619, 0.022985310562551375, 0.5006329461674602
0.8555494664793168, 0.11430572242976184, 0.5027836729875581
0.8368197787684791, 0.20412263129374575, 0.5060950982304555
0.8091827725560372, 0.2916828814335317, 0.508369575178124
0.7736381374169145, 0.3763889047679274, 0.5082114468571791
0.7304438511093083, 0.4574258317422013, 0.5056730429539809
0.6791463567928738, 0.5335384145447606, 0.5022875823114669
0.6191443318247035, 0.6029608884884756, 0.5005870306011889
0.551348380969551, 0.6647016595587552, 0.5017217394749929
0.4767758939740817, 0.7181179663182753, 0.5048360894045781
0.3969208154836049, 0.7633749787033675, 0.5077227072959595
0.3131058613822198, 0.8009342278167136, 0.5085447408185568
0.22623855049270875, 0.830725806310717, 0.5068053485670461
0.13692484209446668, 0.8518370792305652, 0.5035339928144944
0.045844702346454005, 0.8627627873071283, 0.5009579634948882
-0.04584469796275285, 0.8627627110095486, 0.5009579541401079
-0.1369248974082805, 0.851837328361544, 0.503533763680428
-0.2262386820921771, 0.8307262498514373, 0.5068051524083408
-0.3131060020906403, 0.8009345850696314, 0.508544778442856
-0.396921053916849, 0.7633754367820553, 0.5077225062050332
-0.47677621981994056, 0.7181185159523551, 0.5048352781501994
-0.5513479471861197, 0.6647011673973338, 0.5017212632940533
-0.6191431152363207, 0.6029597529002615, 0.5005872232799619
-0.6791477579874986, 0.5335393686327291, 0.5022863941431167
-0.7304460919023869, 0.4574271001601081, 0.5056719811475185
-0.773639525146728, 0.3763895544305018, 0.5082114259745987
-0.8091835326594164, 0.2916831365657114, 0.5083693953674979
-0.8368203974080278, 0.204122814543141, 0.5060935025087694
-0.8555482350492696, 0.11430562928699835, 0.5027820953864084
-0.864071977874761, 0.022985322864925727, 0.5006334788620008
-0.8618150978565082, -0.06879155488619805, 0.5012023326499584
-0.8480789474685335, -0.15958465480036096, 0.5043910706870659
-0.8244988963817386, -0.24834623327516436, 0.5075611083681917
-0.7925642673523221, -0.33449792248050536, 0.5087065527251508
-0.7530140455594295, -0.4174073402750764, 0.5072227868655164
-0.7057840524313429, -0.4961122451966123, 0.5040237304505815
-0.6504631324629175, -0.569312965028633, 0.5010885970626258
-0.5870656859380711, -0.635791054016424, 0.5003992175880719
-0.5156158428881407, -0.6935914232375298, 0.5030440725385925
-0.4379376053951521, -0.7426473204009292, 0.5066237588604046
-0.35575983864010796, -0.7837904088731613, 0.5087116362320426
-0.2702006534732895, -0.8173534293475622, 0.5081505168146204
-0.18198739976315279, -0.8429255977014025, 0.5053367528069291
-0.0916891504420805, -0.859495745599898, 0.5019153844125591
0.0, -0.8660254037844415, 0.49999999999999506
-1.3432784228984879e-15, -0.8660254037844415, 0.49999999999999517
0.09168913284748541, -0.8594954396559534, 0.5019153468284205
0.18198734991748683, -0.8429252883057402, 0.505336451688635
0.2702006024992726, -0.8173532615974711, 0.5081503229515012
0.3557599610576412, -0.7837907035188136, 0.5087116882527621
0.4379370286511932, -0.7426464510240924, 0.5066230578999822
0.5156171120705746, -0.6935934794691744, 0.5030431588036662
0.5870662399493334, -0.6357917619951675, 0.5003988093463643
0.6504614177598855, -0.5693113453721873, 0.5010886914899079
0.7057832517656202, -0.4961116093470603, 0.5040224383797522
0.7530139625470879, -0.4174072841425355, 0.5072218020258286
0.7925648356205481, -0.3344981833817561, 0.5087066025547916
0.8245013497713021, -0.24834706695505362, 0.5075607967412102
0.8480835105112093, -0.15958581951294787, 0.5043892557602299
0.8618177406236514, -0.06879196966051793, 0.5012008248709925
0.8640679201319582, 0.02298533561255572, 0.5006340306575474
0.8555467820935689, 0.11430551995753294, 0.502780219280397
0.8368212519615724, 0.20412306737058244, 0.5060913252114045
0.8091847257219823, 0.2916835371341593, 0.5083691126207961
0.7736420404496767, 0.3763907318735875, 0.5082113870436606
0.7304508291398216, 0.45742978097047904, 0.505669737267698
0.6791512421300387, 0.5335417407694508, 0.5022834485567628
0.6191395325778061, 0.6029564089953542, 0.5005877892432491
0.5513464139582155, 0.664699428224795, 0.5017195724109886
0.47677765477482237, 0.7181209362776271, 0.5048317261775109
0.39692238328180757, 0.7633779914679313, 0.507721384645468
0.3131070484272086, 0.8009372416685092, 0.5085450577010747
0.22624010970528768, 0.830731059437388, 0.5068030257901129
0.13692593760506286, 0.8518420126946096, 0.5035294718417019
0.04584444284243634, 0.8627582748402587, 0.500957409169525
-0.04584443842878494, 0.8627581981654306, 0.5009573997322185
-0.13692599374118292, 0.8518422654580144, 0.5035292411353992
-0.2262402424785358, 0.8307315065606365, 0.5068028281305056
-0.3131071894247963, 0.8009375996539216, 0.5085450952616677
-0.3969226234203501, 0.7633784530771337, 0.5077211819741189
-0.4767779866147487, 0.7181214959566822, 0.5048309094434126
-0.5513459811339062, 0.6646989373751867, 0.5017190928760525
-0.6191383064479641, 0.6029552646521232, 0.5005879824471375
-0.6791526614348077, 0.5335427069849888, 0.5022822522034054
-0.7304530887233918, 0.45743105932306904, 0.5056686673896342
-0.7736434327958541, 0.37639138359740953, 0.5082113648983666
-0.8091854900882319, 0.2916837938396838, 0.5083689311445673
-0.836821890020799, 0.20412325592679784, 0.5060897190259368
-0.8555455616614192, 0.11430542860693, 0.5027786309525324
-0.8640639820575652, 0.022985347955726, 0.5006345647666546
-0.8618206837586109, -0.06879243174411406, 0.5011991498693189
-0.8480893256141041, -0.15958730456284992, 0.5043869435261501
-0.8245049356394185, -0.24834828572173429, 0.5075603395679855
-0.7925657924446331, -0.33449862265269575, 0.5087066862238241
-0.7530138095198984, -0.41740717959510265, 0.5072198756230969
-0.7057814366938899, -0.49611016701023136, 0.5040194856634611
-0.6504567932963534, -0.569306977597858, 0.5010889448020773
-0.5870680305018805, -0.6357940504085231, 0.5003974928155636
-0.5156215545781777, -0.6936007973236522, 0.5030396489754124
-0.437934207007203, -0.7426421976940903, 0.5066196130411694
-0.3557607420230923, -0.7837925831421865, 0.5087120201162615
-0.27020015405220327, -0.8173517861466094, 0.5081486056674333
-0.1819866670496529, -0.8429210467722603, 0.5053322982829276
-0.09168862969495128, -0.8594866987865025, 0.5019142709750843
0.0, -0.8660254037844416, 0.49999999999999506
-1.346165541138893e-15, -0.8660254037844415, 0.49999999999999506
0.09168861197984729, -0.8594863913282219, 0.5019142330593398
0.18198661757317386, -0.8429207392351061, 0.5053319952605504
0.2702001034940475, -0.8173516198414646, 0.5081484107056913
0.3557608646135438, -0.7837928781805308, 0.5087120722093127
0.43793363207761626, -0.7426413310484679, 0.5066189079168252
0.5156214817088931, -0.6936009711109776, 0.5030389318423453
0.5870685906482376, -0.6357947663805411, 0.5003970818710292
0.6504550664766817, -0.5693053467622299, 0.501089038881095
0.7057806437118221, -0.4961095364662923, 0.5040181850672528
0.7530137356378473, -0.4174071285284693, 0.5072188846341005
0.7925663620229286, -0.33449888412857653, 0.5087067358911153
0.824507400046737, -0.2483491235078766, 0.5075600241922694
0.848093925935997, -0.15958847998564846, 0.5043851148562251
0.8618233578113679, -0.06879285173772533, 0.5011976317894099
0.8640598918718685, 0.022985360745600814, 0.5006351180242967
0.8555441218748907, 0.114305321425586, 0.5027767420763414
0.8368227711391818, 0.2041235160197532, 0.5060875274249483
0.8091866898481426, 0.2916841968812435, 0.5083686457757758
0.7736459564720022, 0.3763925647789568, 0.5082113236674106
0.7304578657036866, 0.45743376113776496, 0.5056664064218166
0.679156190592342, 0.5335451092562009, 0.5022792862938094
0.6191346956398631, 0.602951894920311, 0.5005885499506817
0.5513444513645738, 0.664697202930816, 0.5017173900718614
0.4767794478693086, 0.718123960375714, 0.5048273334364135
0.39692396229705473, 0.7633810274635723, 0.5077200515849529
0.31310823791083464, 0.8009402616995394, 0.5085453740417554
0.22624168283042978, 0.8307363550095574, 0.5068006852113704
0.13692704938903424, 0.8518470179922453, 0.503524919799037
0.04584418156098628, 0.8627537400370435, 0.500956849953586
-0.0458441771170842, 0.8627536629822761, 0.5009568404330079
-0.13692710635836897, 0.8518472744304384, 0.5035246875045031
-0.22624181678900496, 0.8307368057471576, 0.5068004860339687
-0.3131083791980204, 0.8009406204188725, 0.5085454115373154
-0.3969242041545024, 0.7633814926342761, 0.5077198473152135
-0.47677978576918545, 0.7181245302193227, 0.5048265111662371
-0.5513440195350843, 0.6646967134406203, 0.5017169071533361
-0.6191334598606794, 0.6029507417247545, 0.500588743678853
-0.679157628227941, 0.5335460877388558, 0.5022780816733693
-0.7304601442536097, 0.45743504951031067, 0.5056653283815802
-0.7736473534583749, 0.3763932185743156, 0.5082113002429289
-0.8091874585087556, 0.29168445517324737, 0.5083684626144128
-0.8368234288438255, 0.20412370995342954, 0.506085910667981
-0.8555429126650353, 0.11430523190729817, 0.5027751429255407
-0.8640559222629389, 0.02298537312964591, 0.5006356535436698
-0.8618263357939417, -0.0687933196399709, 0.5011959453283911
-0.8480997885738537, -0.15958997870135955, 0.5043827850823751
-0.8245110020342561, -0.24835034828432712, 0.507559561518801
-0.7925673210503092, -0.3344993243659774, 0.5087068192837663
-0.7530136005262558, -0.4174070339165356, 0.5072169461797753
-0.7057788463086693, -0.4961081063240823, 0.5040152128441273
-0.650450409281431, -0.5693009487918791, 0.5010892912450582
-0.5870704010505385, -0.6357970806616747, 0.5003957566094022
-0.5156164683903914, -0.6935950145882867, 0.5030368241284634
-0.43793081941309264, -0.74263709125273, 0.5066154425621268
-0.3557616466792789, -0.7837947603029632, 0.5087124045346582
-0.27019965874958113, -0.817350157242633, 0.5081466836681334
-0.18198593983827202, -0.8429165234980502, 0.5053278155539342
-0.0916881053762909, -0.8594776071415039, 0.5019131477138647
0.0, -0.8660254037844416, 0.4999999999999947
-1.3490701558776778e-15, -0.8660254037844417, 0.4999999999999947
0.0916880875395207, -0.8594772981578342, 0.5019131094635708
0.18198589073928298, -0.8429162178548398, 0.5053275106099123
0.2701996086139366, -0.8173499924025609, 0.5081464875965923
0.3557617694419634, -0.7837950557325405, 0.50871245670024
0.43793024633470606, -0.7426362274009146, 0.5066147332358171
0.515615186665966, -0.6935934915792646, 0.5030362840129863
0.58707096741189, -0.6357978047349173, 0.5003953429356289
0.6504486702189085, -0.569299306663096, 0.5010893849666374
0.7057780611572613, -0.4961074811821864, 0.5040139036447282
0.7530135358891924, -0.417406987974321, 0.5072159489786466
0.792567891939427, -0.3344995864168649, 0.5087068687849301
0.8245134775318606, -0.24835119020670837, 0.5075592423483236
0.848104426523768, -0.1595911649491083, 0.5043809425156596
0.8618290415158241, -0.0687937449261985, 0.5011944168476178
0.8640517992778693, 0.022985385961901084, 0.500636208255495
0.8555414863116668, 0.11430512692139591, 0.5027732411645632
0.8368243368371462, 0.20412397740877092, 0.5060837046151312
0.8091886650169782, 0.291684860708839, 0.508368174592916
0.7736498855522727, 0.3763944035133078, 0.5082112566822902
0.7304649613504537, 0.45743777251024664, 0.5056630501338737
0.6791612029490777, 0.5335485204910198, 0.5022750952375439
0.6191298205923231, 0.6029473458859672, 0.5005893127174972
0.5513424933475536, 0.6646949838888828, 0.5017151923247762
0.4767812736125394, 0.7181270392568361, 0.5048229108774173
0.3969255526192719, 0.7633840868946277, 0.5077187079962447
0.3131094298369205, 0.8009432879217426, 0.508545689829411
0.22624327000545874, 0.8307416934047265, 0.5067983266302089
0.13692817766289012, 0.8518520959620783, 0.5035203363697677
0.04584391848506776, 0.8627491827348472, 0.5009562858035783
-0.04584391401058152, 0.8627491052974054, 0.5009562761989799
-0.13692823547648622, 0.8518523561179934, 0.5035201024707808
-0.2262434051610263, 0.8307421477888619, 0.5067981259178795
-0.31310957141410434, 0.8009436473764057, 0.5085457272586137
-0.39692579620953017, 0.763384555658503, 0.5077185021101331
-0.4767816176389408, 0.7181276193859782, 0.5048220830141059
-0.5513420625484755, 0.6646944958056266, 0.5017147059931136
-0.6191285750560289, 0.6029461837409229, 0.5005895069684522
-0.6791626591394911, 0.5335495113822774, 0.5022738822669249
-0.7304672590444128, 0.45743907098875214, 0.5056619638398726
-0.7736512872019681, 0.3763950593900884, 0.5082112319619876
-0.8091894380052216, 0.29168512060102714, 0.5083679897269912
-0.8368250144165434, 0.20412417679170178, 0.5060820771771252
-0.8555402885509135, 0.1143050392762055, 0.5027716310935592
-0.864047797790203, 0.02298539838721973, 0.5006367451765342
-0.8618320547809916, -0.06879421872988406, 0.5011927188144626
-0.8481103371475548, -0.15959267747862274, 0.5043785950063424
-0.8245170957498653, -0.24835242103861643, 0.5075587741088221
-0.792568853178157, -0.3345000276245498, 0.5087069518971039
-0.7530134189187279, -0.41740690341291276, 0.5072139983478351
-0.7057762817582978, -0.4961060634545367, 0.5040109117356979
-0.6504439799552184, -0.569294878192906, 0.5010896363559615
-0.5870727979065428, -0.6358001452132266, 0.5003940088647527
-0.5156101598076488, -0.6935875178615893, 0.5030341608224569
-0.4379274428346008, -0.7426320014536963, 0.5066112471973464
-0.3557625526042876, -0.7837969403463549, 0.5087127894889037
-0.27019916763166574, -0.8173485428360773, 0.508144750706515
-0.18198521825282574, -0.8429120284068548, 0.5053233043594145
-0.0916875774517766, -0.8594684703377892, 0.5019120145415559
0.0, -0.8660254037844417, 0.49999999999999445
-1.3519924266465153e-15, -0.8660254037844417, 0.49999999999999456
0.09168755949216639, -0.859468159817537, 0.5019119759537474
0.18198516953981392, -0.8429117246937472, 0.5053229974759637
0.27019911792536006, -0.8173483794817434, 0.5081445535139179
0.355762675538766, -0.7837972361663275, 0.5087128417272255
0.4379268716465525, -0.742631140462255, 0.5066105336297936
0.5156088746296714, -0.6935859904660939, 0.5030336167378583
0.5870733705540173, -0.6358008774850004, 0.500393592439105
0.650442228520794, -0.5692932246547416, 0.5010897297112378
0.7057755045838444, -0.4961054438104938, 0.5040095938540787
0.7530133636410085, -0.41740686265330584, 0.5072129948688752
0.7925694253837052, -0.3345002902531506, 0.5087070012298075
0.8245195824126879, -0.24835326712822173, 0.5075584510980664
0.8481150130769219, -0.15959387466724456, 0.5043767383872675
0.8618347925596784, -0.06879464938308039, 0.5011911798319209
0.8640436416400448, 0.022985411261965516, 0.5006373013356984
0.8555388759005251, 0.11430493653425075, 0.502769716331979
0.8368259495974071, 0.20412445170744783, 0.5060798565225548
0.8091906513118703, 0.29168552865148684, 0.5083676990214927
0.7736538277597845, 0.37639624810638667, 0.5082111860416609
0.7304721166362413, 0.4574418153571286, 0.5056596681173862
0.6791662799813069, 0.533551974967061, 0.5022708750983174
0.6191249070117789, 0.6029427615107597, 0.5005900775366684
0.5513405400685115, 0.6646927713145994, 0.5017129790357007
0.47678313236359576, 0.7181301735735947, 0.5048184581923967
0.3969271543391816, 0.7633871699676247, 0.507717353759501
0.3131106242091941, 0.8009463203470397, 0.5085460050527129
0.22624487136925794, 0.8307470750044255, 0.5067959498431506
0.13692932264628838, 0.8518572474535633, 0.5035157212327255
0.04584365359738065, 0.8627446027695179, 0.50095571667556
-0.04584364909205112, 0.8627445249465051, 0.5009557069862156
-0.13692938131545196, 0.8518575113706954, 0.5035154857128289
-0.22624500773371942, 0.8307475330676319, 0.5067957475785181
-0.313110766076872, 0.8009466805384513, 0.508546042414199
-0.39692739967608515, 0.7633876423561092, 0.5077171462384417
-0.47678348258396824, 0.7181307641108607, 0.5048176246779863
-0.5513401103352892, 0.6646922846856729, 0.5017124892614311
-0.6191236516111275, 0.6029415903196342, 0.500590272308201
-0.6791677549531738, 0.5335529784098255, 0.5022696536938187
-0.7304744336556352, 0.4574431240293154, 0.5056585734763008
-0.7736552340993885, 0.3763969060759609, 0.5082111600089543
-0.8091914286601691, 0.2916857901572478, 0.508367512430798
-0.8368266472839472, 0.2041246566124213, 0.5060782182922693
-0.8555376898165916, 0.11430485080307777, 0.5027680952423011
-0.8640396079138604, 0.022985423728395547, 0.5006378396527223
-0.8618378415329818, -0.06879512917034755, 0.5011894701154023
-0.8481209721306288, -0.1595954011575217, 0.5043743729425679
-0.8245232169671308, -0.24835450405962148, 0.5075579772239134
-0.7925703888363109, -0.33450073243244627, 0.5087070840553791
-0.7530132650382478, -0.4174067882578161, 0.5072110319353834
-0.7057737435301092, -0.4961040387208313, 0.5040065820784465
-0.6504375048425803, -0.569288765372647, 0.5010899801004637
-0.5870752213892194, -0.6358032444977499, 0.5003922494784961
-0.5156038342341824, -0.6935799995513224, 0.5030314779393238
-0.4379240774972515, -0.7426269286811034, 0.5066070267160099
-0.3557634597942727, -0.7837991232647821, 0.5087131749810548
-0.2701986807658839, -0.8173469431309335, 0.5081428066711026
-0.18198450241943456, -0.8429075620355165, 0.50531876443546
-0.09168704588669088, -0.8594592880455699, 0.5019108713698269
-8.881784197001252e-16, -0.8660254037844418, 0.4999999999999944
-1.354932514922455e-15, -0.8660254037844419, 0.4999999999999944
0.09168702780306416, -0.8594589759776169, 0.5019108324414687
0.18198445410105013, -0.8429072602893166, 0.50531845559456
0.2701986314958727, -0.8173467812833969, 0.508142608346072
0.35576358290000015, -0.7837994194740822, 0.5087132272926267
0.4379235082361084, -0.7426260706123876, 0.5066063088689073
0.5156025455969921, -0.6935784677606128, 0.5030309298536801
0.5870758004076398, -0.6358039850823246, 0.5003918302731044
0.6504357409132344, -0.5692871003139204, 0.501090073077564
0.7057729744874979, -0.49610342467613, 0.5040052554344974
0.753013219240985, -0.41740675274274464, 0.5072100221151188
0.7925709623618014, -0.334500995640468, 0.5087071332169506
0.8245257148722195, -0.2483553543482111, 0.5075576503268009
0.8481256863988813, -0.15959660940541945, 0.5043725021134758
0.8618406117666633, -0.06879556526674156, 0.5011879205277967
0.8640354182307136, 0.022985436645889736, 0.5006383972511256
0.8555362911445956, 0.11430475035472792, 0.502766167362693
0.836827609969879, 0.20412493908824073, 0.506075982883956
0.8091926488171786, 0.29168620074407636, 0.5083672190099726
0.7736577831639178, 0.3763980985878536, 0.5082111116980783
0.7304793321229762, 0.45744588994997437, 0.5056562600816925
0.6791714224792285, 0.5335554731825481, 0.5022666255835337
0.6191199544688286, 0.6029381414077492, 0.5005908444011415
0.5513385916920177, 0.6646905654279635, 0.501710750069044
0.47678502448578985, 0.7181333639870037, 0.50481397506886
0.3969287675484493, 0.763390276891361, 0.5077159887531881
0.31311182103141655, 0.8009493589873642, 0.5085463197002161
0.22624648706241723, 0.8307525001942686, 0.5067935546438029
0.1369304845622239, 0.8518624733272009, 0.5035110740622235
0.04584338688048091, 0.8627399999752932, 0.5009551425251527
-0.045843382343993336, 0.862739921763894, 0.5009551327503063
-0.13693054409834177, 0.8518627410494859, 0.5035108369047012
-0.22624662464783235, 0.8307529619697149, 0.5067933508092478
-0.3131119631899817, 0.800949719916871, 0.5085463569926034
-0.39692901464592656, 0.7633907529362922, 0.5077157795784948
-0.4767853809683692, 0.7181339650566565, 0.5048131358446595
-0.551338163061271, 0.6646900803023905, 0.5017102568220914
-0.6191186890936473, 0.6029369610713149, 0.5005910396913281
-0.6791729164627665, 0.5335564893219615, 0.5022653956599157
-0.730481668649976, 0.45744720890384594, 0.50565515699929
-0.7736591942174049, 0.37639875866046363, 0.5082110843359496
-0.809193430559456, 0.2916864638774137, 0.5083670306745218
-0.8368283279990679, 0.20412514958919661, 0.5060743337490444
-0.8555351169717118, 0.11430466657979743, 0.5027645351549358
-0.8640313519069127, 0.022985449153581906, 0.5006389369563964
-0.8618436968885766, -0.06879605112223797, 0.501186199013421
-0.8481316943392683, -0.15959815000724423, 0.5043701185311344
-0.8245293658762821, -0.24835659742579894, 0.5075571707505399
-0.7925719280369236, -0.3345014387955381, 0.5087072157520008
-0.7530131392387385, -0.4174066886318046, 0.5072080467511895
-0.705771232127366, -0.4961020324523728, 0.5040022236085686
-0.6504309834765856, -0.5692826099096888, 0.5010903224385861
-0.5870776718402781, -0.6358063789780137, 0.5003904783394302
-0.5155974916615955, -0.6935724596396768, 0.5030287753161901
-0.4379207236261969, -0.7426218733188859, 0.5066027808872353
-0.3557643682449396, -0.7838013090496553, 0.5087135610134806
-0.27019819822048335, -0.8173453583333841, 0.5081408514487347
-0.18198379246636942, -0.8429031249286908, 0.5053141955146744
-0.09168651064588183, -0.8594500599318589, 0.5019097181094605
0.0, -0.866025403784442, 0.4999999999999942
-1.3578905841576663e-15, -0.866025403784442, 0.4999999999999942
0.09168649243703433, -0.8594497463047721, 0.5019096788375381
0.18198374455128294, -0.8429028251860337, 0.50531388469792
0.27019814939382014, -0.8173451980139477, 0.5081406519797419
0.35576449152134465, -0.7838016056471437, 0.5087136133984543
0.43792015633207854, -0.7426210182413493, 0.5066020587202805
0.5155961995702866, -0.693570923458941, 0.503028223194286
0.5870782573035433, -0.6358071279766051, 0.5003900563307424
0.6504292069175756, -0.5692809332090996, 0.5010904150288782
0.7057704713678988, -0.49610142410593094, 0.504000888121544
0.7530131030384479, -0.4174066584203789, 0.5072070305228376
0.7925725028831155, -0.33450170258343825, 0.5087072647383731
0.8245318750973321, -0.24835745194405798, 0.5075568399186074
0.8481364473039145, -0.1595993694329112, 0.504368233331209
0.8618464999737271, -0.06879649273838526, 0.5011846387174698
0.8640271283128196, 0.022985462113804762, 0.5006394959870193
0.855533732556281, 0.11430456847529799, 0.5027625940381829
0.8368293185123087, 0.20412543972631403, 0.5060720834325276
0.809194657618995, 0.291686877022194, 0.5083667345064051
0.7736617518360943, 0.3763999549882721, 0.5082110336038979
0.730486608380271, 0.45744999656388824, 0.5056528257321101
0.6791766312461386, 0.5335590156436818, 0.5022623463958503
0.6191149625288485, 0.6029334851855201, 0.5005916133028288
0.5513366483855138, 0.6646883664530919, 0.5017085052878998
0.4767869503463569, 0.7181366111661575, 0.5048094611897171
0.39693039233960237, 0.7633934078768698, 0.507714612853791
0.3131130203072703, 0.8009524038545328, 0.5085466337602794
0.22624811722718383, 0.8307579693640046, 0.5067911408228242
0.13693166363699283, 0.8518677744546534, 0.5035063945279813
0.045843118316685985, 0.8627353741847796, 0.5009545633075365
-0.04584311374871059, 0.8627352955821741, 0.5009545534464177
-0.13693172405163284, 0.8518680460267356, 0.5035061557159226
-0.22624825604563706, 0.8307584348848631, 0.506790935400472
-0.3131131627571193, 0.8009527655235282, 0.5085466709822047
-0.3969306412118388, 0.7633938876106765, 0.5077144020068057
-0.47678731316050826, 0.718137222894565, 0.5048086161963634
-0.551336220894763, 0.6646878828810645, 0.5017080085377263
-0.6191136870667944, 0.602932295602517, 0.5005918091099852
-0.6791781444736339, 0.5335600446259358, 0.502261107866878
-0.7304889645987315, 0.4574513258881225, 0.5056517141124033
-0.7736631676279584, 0.37640061717440365, 0.5082110048949295
-0.8091954437879672, 0.29168714179674754, 0.5083665444054677
-0.836830057121602, 0.20412565589800605, 0.5060704232786104
-0.8555325705312801, 0.11430448669952575, 0.5027609506112642
-0.8640230290273345, 0.022985474662940403, 0.5006400370724373
-0.8618496216920062, -0.06879698474826619, 0.5011829052890717
-0.8481425045914939, -0.15960092429864692, 0.5043658314066346
-0.8245355426612038, -0.24835870121359083, 0.5075563545706254
-0.792573470786623, -0.33450214671717754, 0.5087073469776884
-0.7530130418675689, -0.41740660471116925, 0.5072050425973154
-0.7057687480513728, -0.4961000449767692, 0.5039978360596711
-0.6504244153662737, -0.5692764113618191, 0.5010906633356397
-0.587080149584812, -0.6358095490975865, 0.5003886953432509
-0.5155911321016304, -0.6935648981349563, 0.5030260527832351
-0.43791738145453607, -0.7426168357652091, 0.5065985094734164
-0.35576527795175333, -0.7838034976918106, 0.5087139475877577
-0.2701977200645985, -0.8173437886519036, 0.5081388849246374
-0.18198308852411177, -0.8428987176389791, 0.5053095973261963
-0.09168597169375824, -0.859440785660247, 0.5019085546703816
0.0, -0.8660254037844421, 0.4999999999999941
-1.360866799809727e-15, -0.866025403784442, 0.4999999999999941
0.09168595335847081, -0.8594404704625468, 0.5019085150518249
0.1819830410213352, -0.8428984199380923, 0.5053092845152497
0.27019767168825004, -0.8173436298815174, 0.5081386842997958
0.3557654013981132, -0.7838037946759868, 0.5087140000464527
0.43791681616617967, -0.742615983745005, 0.5065977829471688
0.5155898365528372, -0.6935633575584021, 0.5030254965920702
0.5870807415779529, -0.6358103066251837, 0.5003882705035736
0.650422626049757, -0.5692747229039836, 0.5010907555275527
0.7057679957327263, -0.4960994424315539, 0.503996491647041
0.7530130153871084, -0.4174065798659509, 0.5072040198939701
0.7925740469599962, -0.33450241108806583, 0.5087073957869567
0.824538063277548, -0.2483595599942645, 0.5075560197572068
0.8481472966221116, -0.1596021550240947, 0.5043639316731484
0.8618524580380755, -0.0687974319629187, 0.5011813341786276
0.8640187711449964, 0.02298548766615477, 0.5006405975260857
0.8555312006576352, 0.11430439099051909, 0.5027589961374257
0.8368310757873375, 0.2041259537988875, 0.5060681578976529
0.8091966778035002, 0.29168755752164116, 0.5083662454579304
0.7736657338474168, 0.3764018173381215, 0.5082109517106186
0.7304939459837442, 0.4574541354766121, 0.5056493647695541
0.679181907095666, 0.5335626028626764, 0.5022580372338872
0.6191099307503691, 0.6029287924465676, 0.5005923842335279
0.5513347103198137, 0.6646861746188164, 0.5017062445536712
0.4767889103173306, 0.718139915789655, 0.5048049162337043
0.3969320288058851, 0.7633965631372353, 0.507713225936394
0.3131142220403268, 0.800955454960304, 0.5085469472211506
0.22624976200744662, 0.8307634829075721, 0.5067887081678664
0.13693286010022698, 0.8518731517189384, 0.5035016822950432
0.04584284788806185, 0.8627307252290056, 0.5009539789774287
-0.045842843288312715, 0.8627306462323081, 0.5009539690292664
-0.1369329214051962, 0.8518734271861221, 0.5035014418113216
-0.2262499020711567, 0.8307639522071671, 0.5067885011395731
-0.3131143647819376, 0.800955817370262, 0.5085469843712253
-0.3969322794672614, 0.7633970465927267, 0.5077130133979464
-0.47678927953303296, 0.7181405383044738, 0.5048040654108261
-0.5513342840071384, 0.664685692651312, 0.5017057442695118
-0.6191086450879693, 0.6029275935147606, 0.5005925805556556
-0.6791834398029893, 0.5335636448360763, 0.5022567900120875
-0.7304963220800106, 0.4574554752609875, 0.5056482445151367
-0.7736671544030459, 0.37640248164863455, 0.508210921637216
-0.8091974684326464, 0.2916878239513394, 0.5083660535705694
-0.8368318352172519, 0.2041261757171465, 0.5060664866088286
-0.8555300510210724, 0.11430431125753605, 0.5027573413892724
-0.864014638526285, 0.022985500256769376, 0.5006411399838924
-0.8618556168028226, -0.06879793021423702, 0.5011795887192912
-0.8481534037200407, -0.15960372430746866, 0.5043615111984574
-0.8245417475134933, -0.24836081550236672, 0.5075555285668023
-0.7925750170961119, -0.33450285620264547, 0.5087074777249541
-0.7530129732856143, -0.41740653667948535, 0.5072020192760972
-0.7057662918192303, -0.49609807663173466, 0.5039934191612457
-0.6504178000276106, -0.5692701692926222, 0.5010910027516192
-0.5870826549697548, -0.6358127553276536, 0.5003869003778116
-0.5155847555530585, -0.6935573150286424, 0.5030233101730228
-0.43791405121540916, -0.7426118164186799, 0.5065942122378697
-0.35576618891002815, -0.783805689181939, 0.5087143347061929
-0.2701972463682427, -0.8173422342974443, 0.5081369069823096
-0.18198239072539424, -0.8428943407272474, 0.5053049695955266
-0.09168542899427679, -0.8594314648911937, 0.5019073809615758
0.0, -0.8660254037844421, 0.4999999999999939
-1.3638613293724767e-15, -0.866025403784442, 0.4999999999999939
0.09168541053132243, -0.8594311481113158, 0.5019073409932836
0.1819823436440136, -0.8428940451064715, 0.5053046547716462
0.27019719844939033, -0.8173420770977292, 0.5081367051896852
0.35576631252572943, -0.7838059865515994, 0.5087143872388753
0.43791348797303253, -0.7426109675246818, 0.5065934813113457
0.5155834565498256, -0.6935557700588189, 0.5030227498773789
0.5870832535722912, -0.6358135214928139, 0.5003864726816886
0.6504159978178132, -0.569268468955266, 0.5010910945351489
0.7057655480995313, -0.4960974799909753, 0.5039920657402537
0.7530129566467195, -0.41740651726225575, 0.5072009900300214
0.7925755945992398, -0.3345031211578273, 0.5087075263537659
0.8245442796018965, -0.24836167857737299, 0.5075551897230215
0.8481582351827904, -0.15960496645437364, 0.5043595967664639
0.8618584868193542, -0.06879838310666302, 0.5011780066880163
0.8640103459688148, 0.022985513303049182, 0.5006417018522978
0.8555286959767607, 0.1143042179962864, 0.5027553734365531
0.8368328823648018, 0.2041264814857385, 0.5060642060046775
0.8091987094570602, 0.2916882422783843, 0.5083657518106942
0.7736697292674308, 0.37640368566713933, 0.5082108659684091
0.7305013455137774, 0.4574583069676962, 0.5056458768903616
0.679187250850788, 0.5335662353569125, 0.5022536977924406
0.619104858684441, 0.6029240627865311, 0.5005931571852225
0.5513327776691515, 0.6646839901586034, 0.5017039677260244
0.4767909047756017, 0.7181432785456083, 0.5048003398752304
0.3969336770414895, 0.7633997428879231, 0.5077118278745859
0.3131154262341735, 0.8009585123165318, 0.5085472600709797
0.22625142154881478, 0.830769041223133, 0.5067862564634917
0.1369340741850011, 0.8518786060145651, 0.5034969370236908
0.04584257557647879, 0.8627260529374638, 0.500953389489065
-0.0458425709446794, 0.8627259735437738, 0.5009533794530792
-0.136934136392275, 0.8518788854226371, 0.5034966948509069
-0.22625156287023052, 0.8307695143353904, 0.5067860478108602
-0.31311556926799666, 0.8009588754688366, 0.5085472971477587
-0.39693392950655026, 0.7634002300983127, 0.5077116136248614
-0.47679128046301844, 0.7181439119751973, 0.5047994831612383
-0.5513323525732495, 0.6646835098475643, 0.5017034638769062
-0.6191035627075607, 0.6029228544032682, 0.5005933540196831
-0.6791888032787899, 0.5335672904729214, 0.5022524417888193
-0.7305037416772638, 0.4574596573034573, 0.5056447479027353
-0.7736711546137367, 0.37640435211356166, 0.5082108345132157
-0.8091995045809585, 0.2916885103775585, 0.5083655581159225
-0.8368336628591196, 0.20412670922753484, 0.5060625234635359
-0.8555275589749587, 0.11430414035084373, 0.5027537072638505
-0.8640061796426711, 0.022985525935287174, 0.5006422456735549
-0.8618616830909478, -0.06879888768845774, 0.5011762490783602
-0.8481643925638152, -0.15960655031222826, 0.5043571575303973
-0.8245479806242934, -0.2483629403715507, 0.5075546926191989
-0.7925765669744804, -0.33450356725651403, 0.5087076079855076
-0.7530129338551176, -0.41740648472063574, 0.507198976586089
-0.7057638639534847, -0.49609612775814493, 0.5039889726395026
-0.6504111369646008, -0.569263883255303, 0.5010913406475707
-0.5870851883398365, -0.6358159981378115, 0.5003850933323489
-0.5155783620229827, -0.6935497103230754, 0.5030205473144536
-0.437910733145849, -0.7426068156855146, 0.5065898889379417
-0.35576710111521614, -0.7838078835111362, 0.5087147223710339
-0.27019677720256347, -0.8173406954841114, 0.5081349175037513
-0.18198169920537186, -0.8428899947632534, 0.5053003120445557
-0.09168488251099213, -0.8594220972822754, 0.5019061968910157
0.0, -0.8660254037844424, 0.49999999999999384
-1.3668743424074377e-15, -0.8660254037844423, 0.49999999999999384
0.09168486391912659, -0.8594217789085457, 0.501906156569853
0.18198165255463358, -0.8428897012615072, 0.5052999951887525
0.2701967297484904, -0.8173405398769655, 0.5081347145312448
0.3557672248996129, -0.7838081812650123, 0.5087147749779326
0.43791017198984256, -0.7426059699870552, 0.5065891535694039
0.5155770595661937, -0.6935481609597677, 0.5030199828795049
0.5870857936343857, -0.635816773053122, 0.5003846627532557
0.6504093217261685, -0.5692621709165276, 0.5010914320120409
0.7057631289933943, -0.4960955371265381, 0.5039876101259173
0.753012927179998, -0.4174064707932519, 0.5071979407275266
0.7925771458113122, -0.33450383279795165, 0.5087076564308295
0.8245505242627438, -0.24836380777333958, 0.5075543496957039
0.8481692638311006, -0.15960780400439945, 0.5043552282323472
0.861864587194853, -0.06879934633946527, 0.5011746560181141
0.8640018520185553, 0.022985539024728517, 0.500642808947788
0.8555262190530357, 0.1143040495907289, 0.5027517257089072
0.8368347388220134, 0.20412702296927798, 0.5060602274751852
0.8092007526675989, 0.2916889313289975, 0.5083652535102918
0.7736737381704327, 0.3764055600071621, 0.5082107763278103
0.7305088075587713, 0.457462511320349, 0.5056423617868595
0.6791926633485789, 0.5335699136523877, 0.5022493277616447
0.6190997458773906, 0.6029192957971519, 0.500593932148561
0.551330850610667, 0.6646818133101853, 0.5017016746633328
0.4767929341015358, 0.7181467001296769, 0.5047957317833172
0.3969353371416783, 0.76340294734705, 0.5077104185394163
0.31311663289235353, 0.8009615759349633, 0.5085475722976918
0.22625309599865034, 0.8307746447131039, 0.5067837854911618
0.13693530612791005, 0.8518841382477278, 0.503492158369372
0.045842301363620344, 0.8627213571380782, 0.5009527947961984
-0.04584229669943943, 0.8627212773444634, 0.5009527846716015
-0.13693536924959387, 0.8518844216430823, 0.5034919144898746
-0.2262532385903232, 0.8307751216723334, 0.5067835751955263
-0.3131167762187856, 0.8009619398310115, 0.508547609299745
-0.3969355914249733, 0.7634034383457394, 0.5077102025586224
-0.47679331633198063, 0.7181473446046118, 0.5047948691160647
-0.5513304267712531, 0.6646813347089482, 0.5017011672177867
-0.6190984394695739, 0.6029180778576723, 0.5005941294929316
-0.679194235740483, 0.5335709820637642, 0.5022480628860428
-0.7305112239807562, 0.4574638722995764, 0.5056412239658735
-0.7736751683321954, 0.37640622860012174, 0.5082107434726956
-0.8092015523209368, 0.2916892011121374, 0.5083650579867711
-0.8368355406274459, 0.20412725661272868, 0.5060585335625438
-0.8555250949355363, 0.11430397407837797, 0.5027500480070108
-0.8639976516043844, 0.022985551698751615, 0.500643354123511
-0.861867821438838, -0.06879985734198152, 0.5011728861374649
-0.8481754719713575, -0.1596094025950496, 0.5043527700207342
-0.8245542421863986, -0.24836507590130708, 0.5075538466061633
-0.7925781204322034, -0.3345042798839523, 0.508707737751294
-0.7530129239402378, -0.41740644901900914, 0.5071959143219821
-0.7057614649850158, -0.49609419870192545, 0.5039844962176039
-0.650404425675, -0.56925755279751, 0.5010916769836614
-0.5870877500458356, -0.6358192780060823, 0.5003832740943118
-0.5155719515174502, -0.6935420840193096, 0.5030177640352058
-0.43790742748600703, -0.7426018339778488, 0.5065855393283294
-0.3557680145625078, -0.7838100806699895, 0.5087151105844188
-0.27019631263961025, -0.8173391724284237, 0.5081329163692072
-0.1819810141015263, -0.842885680325126, 0.5052956243914662
-0.09168433220699257, -0.8594126824876441, 0.5019050023657594
0.0, -0.8660254037844423, 0.49999999999999356
-1.3699060105758177e-15, -0.8660254037844423, 0.49999999999999356
0.091684313484957, -0.8594123625082998, 0.501904961688556
0.18198096789084056, -0.8428853889819425, 0.5052953054844977
0.270196265657705, -0.8173390184360442, 0.50813271220455
0.35576813851494066, -0.783810378806794, 0.5087151632658758
0.437906868457522, -0.7426009915456414, 0.5065847994756043
0.5155706456095722, -0.6935405302643151, 0.5030171954255596
0.5870883621163443, -0.6358200617860288, 0.5003828406053588
0.6504025972708128, -0.5692558283338793, 0.5010917679181058
0.7057607389482139, -0.49609361418604514, 0.5039831245257286
0.75301292735515, -0.4174064406455339, 0.5071948717811239
0.7925787006056798, -0.3345045460132031, 0.5087077860098241
0.8245567974539112, -0.2483659476628133, 0.5075534995530151
0.8481803834202402, -0.15961066795805545, 0.5043508256866333
0.8618707600533981, -0.06880032183380093, 0.5011712819385512
0.8639932885169419, 0.022985564831437783, 0.5006439187941234
0.855523770434209, 0.11430388587382649, 0.5027480527250388
0.836836645743267, 0.20412757843453075, 0.5060562220267235
0.8092028075241713, 0.2916896247106209, 0.5083647505016615
0.7736777606273846, 0.37640744038855445, 0.5082106827378601
0.7305163327143792, 0.4574667488210479, 0.5056388191465843
0.6791981454371964, 0.5335736382814945, 0.5022449268271786
0.6190945918685765, 0.6029144910639475, 0.5005947091139381
0.5513289293254973, 0.6646796443167877, 0.5016993652221947
0.4767949986800647, 0.718150181246711, 0.5047910916226027
0.39693700920246056, 0.7634061767348053, 0.5077089978003724
0.31311784201833437, 0.8009646458273134, 0.5085478838891102
0.22625478550605457, 0.8307802937842641, 0.5067812950291649
0.13693655616906905, 0.8518897493364785, 0.5034873459825975
0.04584202523090855, 0.8627166376570954, 0.5009521948521124
-0.045842020534026286, 0.8627165574605977, 0.5009521846381085
-0.1369366202174635, 0.8518900367661151, 0.5034871003784829
-0.22625492938069797, 0.8307807746251414, 0.5067810830715886
-0.3131179856377806, 0.8009650104684942, 0.5085479208149648
-0.3969372653187996, 0.7634066715557741, 0.5077087800683528
-0.4767953875259522, 0.7181508368996834, 0.5047902229389296
-0.5513285067826892, 0.6646791674792756, 0.501698854148463
-0.6190932749116822, 0.602913263461965, 0.500594906965747
-0.679199738039142, 0.5335747201426091, 0.5022436529883885
-0.7305187695877369, 0.45746812053638675, 0.5056376723904698
-0.7736791956318141, 0.3764081111397327, 0.5082106484647894
-0.8092036117416547, 0.2916898961922266, 0.5083645531276217
-0.8368374691095524, 0.20412781805881697, 0.5060545166216743
-0.8555226594547227, 0.11430381254095795, 0.5027463633879939
-0.8639890536285919, 0.022985577547351237, 0.5006444653149779
-0.8618740327418011, -0.06880083934880493, 0.5011694996646203
-0.8481866428010629, -0.1596122814418853, 0.5043483482821303
-0.8245605323946307, -0.24836722217282098, 0.5075529904044209
-0.7925796774774266, -0.33450499408920487, 0.508707867013563
-0.7530129439146357, -0.4174064297640573, 0.5071928322772699
-0.7057590954538019, -0.4960922898145857, 0.5039799896141727
-0.6503976656497277, -0.5692511774609272, 0.5010920117191873
-0.5870903404436475, -0.6358225954178813, 0.5003814425497721
-0.5155655240472149, -0.6935344361244398, 0.5030149601606151
-0.4379041344798423, -0.742596871714938, 0.5065811631605417
-0.35576892924695064, -0.7838122806488503, 0.508715499348756
-0.2701958527524287, -0.8173376653496358, 0.5081309034572118
-0.18198033555375281, -0.8428813979997605, 0.505290906350669
-0.09168377804491018, -0.8594032201582017, 0.5019037972918964
0.0, -0.8660254037844425, 0.49999999999999345
-1.3729565076711153e-15, -0.8660254037844425, 0.49999999999999345
0.09168375919143022, -0.8594028985613332, 0.5019037562554559
0.18198028979268885, -0.8428811088552243, 0.5052905853730344
0.2701958062501695, -0.8173375129944435, 0.5081306980879451
0.3557690533667339, -0.7838125791672507, 0.5087155521050527
0.43790357762044085, -0.7425960326204458, 0.5065804187815042
0.515564214689569, -0.6935328779781096, 0.5030143873406364
0.5870909593753861, -0.6358233881787849, 0.5003810061236857
0.6503958239401944, -0.5692494407467541, 0.5010921022124583
0.7057583785068477, -0.49609171152279824, 0.5039786086579868
0.7530129575457453, -0.4174064270082488, 0.5071917829831146
0.7925802589915008, -0.3345052608082163, 0.5087079150822826
0.8245630993710704, -0.24836809832729495, 0.5075526391709638
0.8481915948128822, -0.1596135586028617, 0.5043463887395384
0.86187700629654, -0.06880130976498572, 0.5011678842158174
0.8639846546756724, 0.022985590723434358, 0.500645031372061
0.8555213506770596, 0.11430372694750357, 0.5027443542526504
0.8368386037200972, 0.2041281480691833, 0.5060521893727763
0.809204874116255, 0.2916903224606798, 0.5083642427287952
0.773681796712188, 0.3764093268430142, 0.5082105851473335
0.7305239215822401, 0.4574710197587776, 0.50563524865256
0.6792036979764883, 0.5335774097834692, 0.5022404946704173
0.6190893961905426, 0.6029096481664425, 0.5005954880713472
0.5513270139977449, 0.6646774834259246, 0.5016970392576363
0.47679709890098376, 0.7181537226113673, 0.5047864190528436
0.3969386933208058, 0.7634094312739301, 0.5077075655250753
0.31311905361551007, 0.8009677220052758, 0.5085481948328845
0.22625649022189115, 0.8307859888477982, 0.5067787848525633
0.13693782455218834, 0.8518954402109054, 0.5034824995088554
0.045841747159530585, 0.8627118943191118, 0.5009515896096056
-0.04584174242964269, 0.8627118137167462, 0.5009515793053904
-0.1369378895397989, 0.851895731722436, 0.5034822521619633
-0.22625663539238844, 0.8307864736053683, 0.5067785712138348
-0.31311919752838596, 0.8009680873929683, 0.5085482316810679
-0.3969389512850613, 0.7634099299513271, 0.5077073460214885
-0.4767974944354892, 0.7181543895766022, 0.5047855442888006
-0.5513265927926397, 0.6646770084073848, 0.5016965245235383
-0.6190880685646342, 0.6029084107940664, 0.5005956864279677
-0.6792053110386344, 0.533578505251102, 0.502239211775777
-0.7305263791020759, 0.45747240230384634, 0.5056340928584349
-0.773683236585197, 0.37640999976348466, 0.508210549437824
-0.8092056829332445, 0.29169059565551375, 0.5083640434822179
-0.8368394488997193, 0.204128393754521, 0.5060504723526806
-0.8555202530938969, 0.11430365584143602, 0.5027426531733056
-0.8639803849215245, 0.022985603481323273, 0.5006455792282976
-0.8618803179077648, -0.06880183388572682, 0.5011660894247061
-0.8481979059216342, -0.1596151871425116, 0.5043438919215054
-0.8245668514456066, -0.2483693792680694, 0.5075521238889704
-0.7925812381208643, -0.334505709877643, 0.5087079957641187
-0.7530129941517406, -0.417406427144464, 0.5071897302405616
-0.7057567559079299, -0.49609040145249494, 0.5039754525449106
-0.6503908563729017, -0.5692447567812119, 0.5010923448126745
-0.5870929598947158, -0.6358259508664867, 0.5003795985832136
-0.5155590796211451, -0.6935267666432878, 0.5030121355148173
-0.4379008543741056, -0.7425919293216061, 0.5065767601826541
-0.3557698451634404, -0.7838144834378464, 0.5087158886662521
-0.27019539761505307, -0.817336174469683, 0.5081288786445319
-0.1819796637043911, -0.8428771483828699, 0.5052861576327414
-0.09168321998691523, -0.8593937099414937, 0.501902581574548
0.0, -0.8660254037844426, 0.4999999999999932
-1.3760260096523284e-15, -0.8660254037844425, 0.4999999999999931
0.09166885902215693, -0.8592574622003035, 0.5021340325040106
0.18192344234537813, -0.8426136062417099, 0.5057378941225699
0.2700708954045699, -0.8169573952916318, 0.508793021864367
0.3555504497388143, -0.783332200181933, 0.5095979390527446
0.43755893509094984, -0.7420153367140441, 0.5076957557051037
0.5150696393732452, -0.6928707273435701, 0.5043897242989123
0.5864395373027371, -0.6351188974844559, 0.5020170437039685
0.6495640848743047, -0.5685200101264904, 0.502954900526378
0.7047610070634773, -0.4953871952511236, 0.5060273913457226
0.7518479302917137, -0.4167571845556616, 0.5094182975020525
0.7912394922255116, -0.3339391671151172, 0.5111336939871745
0.8230376239121768, -0.24791227238775299, 0.5102201938761015
0.8464743474841044, -0.1592949087934165, 0.5073000436887327
0.8599692519371313, -0.06865114063796782, 0.504422308253389
0.8619164921295392, 0.022931201888358906, 0.5041491850320645
0.8533605440980653, 0.11401895127530935, 0.5064229165996667
0.8346253122625219, 0.20359406854568637, 0.509869713192608
0.8069601616587583, 0.29088393504743915, 0.5123429459482055
0.7714192582926984, 0.3753045682873498, 0.5124153772462182
0.7282571263776592, 0.45604348141825324, 0.510140980968318
0.6769586887606558, 0.5318079107405755, 0.5070862179128068
0.6169199894841052, 0.6007958346147866, 0.5057359233084583
0.5493150189651608, 0.6622580121014721, 0.5070269914230702
0.4750031460648819, 0.7154656262971857, 0.5102259025237286
0.3954007354795569, 0.7604648803933385, 0.513259241874726
0.31186750671213526, 0.7977614651640272, 0.5142884603876471
0.2253181879982109, 0.8273084731239247, 0.5128140318583697
0.13634370894499376, 0.848150017234799, 0.5098881785310506
0.04563350841706036, 0.8587356523473945, 0.5077093352707205
-0.04562633272448842, 0.858598623834299, 0.5079423718058125
-0.13627998178709064, 0.8477483988828609, 0.5105747755917257
-0.22514425635004853, 0.8266639139908516, 0.5139319236988424
-0.31153036938157797, 0.7968977786809569, 0.5158338691524187
-0.39484672013055777, 0.7594041642584013, 0.5152581430963479
-0.4741803409894464, 0.7142326095295636, 0.5127202746502281
-0.548178463685013, 0.6608912281793293, 0.510040378928599
-0.6154430813238814, 0.5993566789072529, 0.5092404322389666
-0.6751383815537809, 0.5303734766672952, 0.5110112677685444
-0.7260988796572085, 0.45468462434227563, 0.5144236789419152
-0.7689155273796076, 0.37408210292926336, 0.5170628529193094
-0.8040900760122736, 0.2898529289358255, 0.5174272977545186
-0.8313683836242605, 0.20280805037883204, 0.5154879611736705
-0.8497171325594828, 0.11353858329345695, 0.5126350625540999
-0.8579305690914761, 0.022826012604938817, 0.5109222751636956
-0.8557342942393571, -0.06831693872675847, 0.5116343018691143
-0.8420928496203142, -0.1584802661140831, 0.5148066179454476
-0.8185736250633975, -0.24657776322520972, 0.5180025795502412
-0.7867253679612174, -0.3320330743781895, 0.5192927797199667
-0.74730414511312, -0.41422513861604, 0.5181117616402015
-0.7002264400740833, -0.49218501026992856, 0.5153782693253866
-0.6451251555671224, -0.5646291809028887, 0.512965894886139
-0.5822369628862513, -0.6305709916840834, 0.512544884187602
-0.511240825639026, -0.687737864086085, 0.5151830885730495
-0.43421084936482396, -0.7363688327485604, 0.5186655700105973
-0.3527523663201676, -0.7771811847757649, 0.5208437443267491
-0.2678717648175694, -0.810266968210676, 0.5205280384625299
-0.18037798116131437, -0.8353701584759713, 0.5181650743046908
-0.0908508232779246, -0.851500529997544, 0.5153279095381407
0.0, -0.8578851565683582, 0.5138414717981448
-1.366065811206301e-15, -0.8578851565683577, 0.5138414717981457
0.09082158652935629, -0.8512231810346298, 0.5157911641778681
0.1802634639045852, -0.83483341394273, 0.5190697574183173
0.2676181218998891, -0.8094953576532881, 0.5218581332058445
0.3523052332499724, -0.7761982198497493, 0.5226099797277663
0.4335147338746677, -0.7351948015399901, 0.5209067469724307
0.5102446786725472, -0.6864025466094098, 0.5179409794429429
0.5809043641656784, -0.6291289681976083, 0.5158220241996995
0.643442044407842, -0.5631537878633951, 0.5166931248131696
0.6981979493296234, -0.4907524742127591, 0.5194871006891495
0.7449301347046581, -0.41290225176267625, 0.5225749973528961
0.7839909683129245, -0.3308784716713688, 0.5241501491846515
0.8154549566333043, -0.24564536950632826, 0.5233451910152234
0.8385750332735766, -0.15782626469399047, 0.520726209132084
0.8518358390689886, -0.06800945041604929, 0.518152460290392
0.8537285249253962, 0.022715195490057485, 0.5179327754712832
0.8453168472266781, 0.11295859118884348, 0.5200032038948899
0.8268553001443695, 0.201718875153175, 0.5231367329262469
0.7995134601179994, 0.2882088500988453, 0.5253950871099252
0.7642997967850758, 0.3718285310152504, 0.5254826540179621
0.7214690969069109, 0.45176965527848956, 0.5234489206521529
0.6705553309651517, 0.5267616526809131, 0.5207154797177033
0.6110281124228091, 0.595054527003929, 0.5195259671710248
0.5440799121516983, 0.6559628312807648, 0.520710209631283
0.47052173259347185, 0.7087501860724825, 0.5236150236010257
0.3917110260432547, 0.7534003967687264, 0.526376086762711
0.3089788765392064, 0.7903614286924739, 0.527328120910545
0.22323027199541562, 0.819571310066601, 0.5260183329334784
0.13506798719488505, 0.840108713244254, 0.5234018920199659
0.04520240036835069, 0.8504991975034478, 0.5214664428687945
-0.045194957841398556, 0.8503569351490969, 0.5216997540962429
-0.13500185785127913, 0.8396917929773187, 0.5240896302502354
-0.22304976228087736, 0.8189024233804991, 0.5271386659610917
-0.3086290741930686, 0.7894653293562945, 0.5288773168822158
-0.39113619224862173, 0.7522997574036419, 0.5283796435536667
-0.4696676758197212, 0.7074704253917605, 0.526114077817066
-0.5428998949449537, 0.6545439991392064, 0.5237275964179673
-0.6094948144301857, 0.593560396664619, 0.5230343238170309
-0.6686655499748665, 0.525272228761133, 0.5246462204824303
-0.7192290526216696, 0.4503592926452189, 0.5277401978618721
-0.761701932826213, 0.3705602069851197, 0.5301412707439899
-0.7965356489262143, 0.2871390890904347, 0.5304917974145398
-0.8234753406670745, 0.20090316459748217, 0.5287666798927944
-0.8415347766516547, 0.11246022200837015, 0.5262247975600786
-0.8495904957364968, 0.022606137907720387, 0.5247133195553468
-0.8474385032605141, -0.0676627858426822, 0.525373531518349
-0.8340266900931002, -0.156980750533412, 0.5282462884871302
-0.8108228401733526, -0.24426039779932687, 0.5311454202199888
-0.779307567094816, -0.3289009015259932, 0.5323294865804966
-0.7402152813733059, -0.4102750403130091, 0.5312881484339965
-0.6934916110591943, -0.48742866059611034, 0.5288542371532695
-0.63883425104674, -0.5591143803387294, 0.5267159906058988
-0.5765402317869976, -0.624406723488484, 0.5263615125395209
-0.5062703394350103, -0.6810754223708065, 0.5287510962654081
-0.43004088755439446, -0.7293358024301019, 0.531900463274915
-0.349402370374578, -0.7698164373896552, 0.5338836680846243
-0.2653362242503374, -0.8025539957585336, 0.533621462439999
-0.17865970338889106, -0.8273164055023875, 0.5315213321272079
-0.08997312989096655, -0.8431712444896533, 0.5290027647098745
0.0, -0.8494326832143173, 0.5276969932521176
-1.3553969690778256e-15, -0.8494326832143173, 0.5276969932521176
0.08994280865722262, -0.8428833902051107, 0.5294666165222105
0.17854087714670341, -0.8267594523584878, 0.5324277547829048
0.26507305560106276, -0.8017535097989263, 0.534954733482871
0.3489385291977908, -0.768796672309494, 0.535654246439744
0.42931869729422045, -0.7281177051852947, 0.5341464466567696
0.5052364779695357, -0.6796897474536064, 0.5315131305090354
0.5751566447550238, -0.6229096726933551, 0.5296420732210967
0.6370873778700299, -0.5575828941436146, 0.5304474283649463
0.6913865389580958, -0.48594191229453954, 0.5329700206173241
0.7377521161968821, -0.40890256596600616, 0.5357613565752962
0.7764708434197714, -0.3277030934490253, 0.5371988136302425
0.8075870133510137, -0.24329282865507235, 0.5365001409234349
0.8303753879692739, -0.15630203450873995, 0.5341762663661451
0.8433912306815823, -0.06734386275290678, 0.5318995049924371
0.8452288047507056, 0.022491255455401423, 0.5317311235783974
0.8369676738053993, 0.11185855271969262, 0.5336037615221131
0.818792273028507, 0.19977294638940216, 0.5364311025290613
0.7917876342093011, 0.2854333409058394, 0.5384787763070079
0.756913055233638, 0.36822229303541826, 0.5385810637801884
0.7144243294840471, 0.4473341953116276, 0.5367831800420485
0.6639082752374404, 0.5215225347491157, 0.5343639681591867
0.6049120217247332, 0.5890946397606742, 0.5333305413584034
0.5386452911808798, 0.6494286820659216, 0.5344109875123635
0.46587059248783047, 0.7017808287802824, 0.5370288106237864
0.38788296375654097, 0.7460705588554566, 0.539523190535812
0.3059819340800325, 0.782684207647151, 0.5403994996401702
0.22106356510917402, 0.8115428576942865, 0.5392510870559314
0.13374430247352098, 0.831762120178027, 0.5369374254739985
0.04475530046284387, 0.841949503850019, 0.5352389640366007
-0.04474758247397717, 0.8418018543795927, 0.5354725227503053
-0.1336756937172937, 0.8313294314709162, 0.5376262385863969
-0.22087626067044963, 0.8108488609722591, 0.5403737962511668
-0.30561904567024034, 0.7817546213173034, 0.5419524279274319
-0.3872866360475694, 0.7449286876084198, 0.5415313088954454
-0.46498431970156384, 0.7004528575904092, 0.5395323421364778
-0.5374205324394971, 0.6479562475946796, 0.5374320396189922
-0.6033206881925066, 0.5875439351231345, 0.5368423339905073
-0.6619469295722109, 0.519976491697911, 0.5382999752344602
-0.7120998896361381, 0.4458707165901803, 0.5410827310942807
-0.754217951182939, 0.36690660754080984, 0.5432506361211473
-0.7886985392351087, 0.2843235352802228, 0.5435876476120644
-0.8152853674952761, 0.19892657093176502, 0.5420723667678359
-0.8330427577293171, 0.11134160458107113, 0.5398341705611003
-0.8409342313906707, 0.022378206643795844, 0.5385183339043703
-0.8388267491106167, -0.06698434086342817, 0.5391288027741723
-0.8256550427422823, -0.15542465474295894, 0.541709205099304
-0.8027813021956418, -0.2418557239917489, 0.5443178460047878
-0.7716125367703386, -0.32565167250142735, 0.5453981232778091
-0.7328606227599035, -0.40617712637659964, 0.5444937215667618
-0.6865030993647668, -0.4824927595306776, 0.5423525724933463
-0.632305730035529, -0.55339056599887, 0.5404810351691617
-0.5706262887623462, -0.6180080199457625, 0.5401919032433908
-0.5011122356445561, -0.674162419135056, 0.5423389475289243
-0.42571507547419674, -0.7220393462615468, 0.5451633772628188
-0.34592741367130175, -0.7621764461149483, 0.5469554397343119
-0.2627056367355345, -0.7945529502122862, 0.5467458652973154
-0.1768769191735323, -0.818960269810494, 0.5449027701578262
-0.08906295721657907, -0.8345276552762351, 0.5426945327027904
0.0, -0.840658987765037, 0.5415648311050704
-1.344002152753065e-15, -0.840658987765037, 0.5415648311050704
0.08903151600792669, -0.8342289754423052, 0.5431589334898216
0.17675364061735485, -0.8183824579662617, 0.5458108653820463
0.262432618633642, -0.7937226177028325, 0.5480822586695363
0.34544629883811867, -0.7611186309643417, 0.548730306078711
0.4249659598027018, -0.720775728290375, 0.5474140338461305
0.5000394998824208, -0.6727248119069403, 0.5451048637035649
0.5691902073400442, -0.6164543053723603, 0.5434754869728963
0.6304931676664237, -0.5518013099004078, 0.5442162695056507
0.6843190173235799, -0.4809501087975219, 0.5464749490211553
0.7303053373251149, -0.404753434696718, 0.5489766707840934
0.768670015008363, -0.3244091942669972, 0.5502792540246423
0.7994244181415305, -0.2408517906505861, 0.5496844379391757
0.8218660382934593, -0.1547204111652483, 0.5476490772370081
0.8346261917484089, -0.06665361304424626, 0.5456618389263344
0.8364081287507984, 0.022259126457684894, 0.5455426446694004
0.8283036897986514, 0.11071754682482447, 0.5472232255888679
0.8104267891034118, 0.19775393601550054, 0.549751942444731
0.7837733429100943, 0.2825540212239444, 0.5515935298712749
0.7492500870506538, 0.36448152653045973, 0.5517101128368245
0.7071145486287551, 0.4427319713704551, 0.5501428364071207
0.6570100718584958, 0.516084752163544, 0.5480302331928828
0.5985650623172107, 0.5829097030195325, 0.5471480525770318
0.5330051793639607, 0.6426483034576022, 0.5481278365704136
0.4610443957277115, 0.6945494448114302, 0.5504661955503917
0.3839119772338685, 0.7384665076812629, 0.5526999710197712
0.30287301181745707, 0.7747204422664018, 0.5535021659616073
0.21881542264587328, 0.8032135587511622, 0.5525115635624387
0.13237108193350755, 0.823100730157116, 0.5504935176026875
0.044291685483786356, 0.8330771864983637, 0.549025338329927
-0.0442836828787703, 0.8329239849549588, 0.5492591186984006
-0.1322999107313971, 0.82265177108368, 0.5511833434004403
-0.2186210904704591, 0.8024936097580093, 0.5536365903063719
-0.30249658425033665, 0.7737562124396272, 0.5550587802523869
-0.3832934284828594, 0.7372819952672682, 0.5547125690144585
-0.4601248701862771, 0.6931716851227201, 0.5529740134104599
-0.5317343036900737, 0.6411205952060437, 0.5511522354406887
-0.5969139233339267, 0.5813007032688041, 0.550662887348067
-0.654974913935152, 0.5144803390250601, 0.5519711016187593
-0.7047029174139714, 0.441213643461064, 0.554450380511448
-0.7464543961851081, 0.3631168603344743, 0.5563904846175481
-0.7805691329580119, 0.2814027818443371, 0.5567143944845473
-0.8067887255147235, 0.19687584824007126, 0.5554041732401807
-0.8242314278107565, 0.11018139732145772, 0.5534618483737406
-0.8319522370610436, 0.02214195357179876, 0.552335768405414
-0.8298894397001549, -0.06628080910390807, 0.5528985489265684
-0.8169681439855399, -0.15381009606456217, 0.5551942715405828
-0.7944392176551714, -0.23936075599111054, 0.5575192926182035
-0.7636307447696435, -0.32228136829600124, 0.5584982996247032
-0.7252312109647455, -0.40192647342891324, 0.5577278190331346
-0.6792527441579216, -0.4773716280633299, 0.5558721216361207
-0.625532295659464, -0.5474513897086268, 0.5542595406061388
-0.564488611975936, -0.6113677942421746, 0.5540344073792339
-0.4957606464545994, -0.66699088543761, 0.5559453868374975
-0.42122824437116224, -0.7144706246616852, 0.5584535490931004
-0.342323192171437, -0.7542516986617239, 0.5600586849958724
-0.25997671369563863, -0.7862539661899489, 0.5599007498038703
-0.17502744169301057, -0.8102918367734034, 0.5583084345160608
-0.08811922071636072, -0.8255599827670785, 0.5564018265825694
0.0, -0.8315543969333887, 0.5554433228878967
-1.3318630488194554e-15, -0.8315543969333887, 0.5554433228878967
0.0880866212682259, -0.8252501325525204, 0.5568667304182637
0.1748995563555119, -0.8096924662187136, 0.5592181399921632
0.2596934974119454, -0.7853927410180506, 0.561240218276826
0.34182419350249266, -0.7531544848167132, 0.5618377963324496
0.42045128770143825, -0.7131599196743428, 0.5607087562984422
0.49464778802428544, -0.6654996500523419, 0.5587149367766865
0.5629984156997692, -0.6097556548658378, 0.5573206314556564
0.6236519683020447, -0.5458025580283978, 0.5579981787352181
0.6769870372021889, -0.475771255757839, 0.5600007526996728
0.722580609210818, -0.40044980814191367, 0.5622203039412522
0.7605786785055945, -0.32099264005513506, 0.5633911102747909
0.7909570745986707, -0.23831917708401168, 0.5628975472839557
0.8130368981618221, -0.15307944893432784, 0.5611435746347564
0.8255307899511821, -0.0659378773739072, 0.5594379268326596
0.8272565912602244, 0.022018533197556013, 0.5593658228067514
0.8193148529439245, 0.10953418450925652, 0.5608603000174609
0.801748684690867, 0.19565931691748545, 0.56309844349535
0.7754605233017571, 0.27956724304254355, 0.5647389365805101
0.7413012540641113, 0.36060156868719545, 0.5648693791975913
0.699530845150257, 0.4379574611443816, 0.5635270358344041
0.649852704668022, 0.5104420611061464, 0.5617128922868391
0.591980069410244, 0.5764927513611594, 0.5609769756171369
0.5271531454316682, 0.6356138796448001, 0.5618593358588367
0.4560374063192919, 0.6870473035310705, 0.5639261787817118
0.3797931418696635, 0.7305786995978767, 0.5659059160200053
0.29964815785245413, 0.7664600464231284, 0.5666357595886538
0.21648299570040674, 0.7945731187970069, 0.5657991012144036
0.13094663068163032, 0.814114309557811, 0.5640689744802413
0.04381099136227246, 0.8238721411609446, 0.562824071956116
-0.04380269431995237, 0.8237132097554751, 0.5630580491932367
-0.13087280752861835, 0.8136485393233281, 0.5647597539157265
-0.21628138456137924, 0.7938263093638912, 0.566926392445929
-0.29925770237605753, 0.7654599253807504, 0.5681960217232881
-0.3791515881605647, 0.7293500265765982, 0.5679229211300001
-0.4550835111196925, 0.6856180548985414, 0.5664381033391032
-0.525834670830045, 0.6340290961689655, 0.5648867766904934
-0.5902672168347527, 0.5748236014222525, 0.5644944747082398
-0.6477413124243434, 0.5087773916595455, 0.5656582355343194
-0.69702900982513, 0.4363824166822866, 0.5678423109395455
-0.7384013678402315, 0.3591861759320152, 0.5695604156258967
-0.7721370661491127, 0.2783730718994607, 0.5698716523295461
-0.7979749227400013, 0.19474838759922158, 0.5687613173199735
-0.8150903944677051, 0.10897816202424432, 0.5671065650022367
-0.8226342344947705, 0.02189709304008289, 0.5661641374406641
-0.8206162467073614, -0.06555133286866195, 0.5666812669771257
-0.8079554783075258, -0.1521350450608161, 0.5687004540610601
-0.7857860258785527, -0.23677227368321324, 0.570749266590753
-0.7553519068635003, -0.3187856524384041, 0.5716297018958022
-0.7173173859668478, -0.3975177733888082, 0.5709898515254427
-0.6717317518742232, -0.47205914956706224, 0.569411795496938
-0.6185060834882856, -0.5412900107203078, 0.5680500817300563
-0.558120177826616, -0.6044784131486756, 0.5678874369432391
-0.4902092506667056, -0.6595522333608181, 0.569569220451296
-0.4165748245120262, -0.7066201090775636, 0.5717702809846674
-0.338585061397717, -0.7460319304302858, 0.5731931041332746
-0.2571459087071555, -0.7776464056722016, 0.5730856850971155
-0.17310891230736644, -0.8013004214868126, 0.5717374349178231
-0.08714075009268286, -0.8162576860684406, 0.570123321414542
0.0, -0.822108486279553, 0.5693308675868032
-1.3189602518552616e-15, -0.822108486279553, 0.5693308675868032
0.08710695105569416, -0.8159362932029142, 0.570588684543759
0.1729762533558375, -0.8006787367057994, 0.5726486926846294
0.2568521174350771, -0.7767531575815316, 0.5744281891649303
0.3380675200627169, -0.74489386179984, 0.5749764256350973
0.4157690382891962, -0.7052606254319617, 0.5740299284479019
0.4890549222348198, -0.6580055388681969, 0.5723421691932474
0.5565741178705415, -0.6028059480395732, 0.571175934430462
0.6165557500718953, -0.5395796540856626, 0.5717917477793222
0.6693815976963656, -0.4703990929337366, 0.5735463617876958
0.7145680181276581, -0.39598623894170126, 0.5754916874930636
0.7521862509112239, -0.3174489684567707, 0.5765340915957964
0.7821740870067438, -0.23569166610767434, 0.5761390010120391
0.8038770918102521, -0.15137704860358525, 0.5746587539950966
0.8160943172405534, -0.06519576604741696, 0.5732262956852983
0.8177635048698071, 0.02176917827413269, 0.5731992046813095
0.8099903328195648, 0.10830696580796689, 0.5745137521103254
0.7927469948595971, 0.19348636154579427, 0.5764698615871988
0.7668383114764228, 0.27646906796347737, 0.5779146537020516
0.7330561501127315, 0.35657738476181666, 0.5780585094982795
0.6916636051387636, 0.4330047062412262, 0.5769349899739119
0.6424275267043733, 0.5045877287182127, 0.5754106262098477
0.585149310430326, 0.5698362674536435, 0.5748158483691266
0.5210822515699487, 0.6283169770230466, 0.5756041275630933
0.4508434364565628, 0.6792649836104101, 0.5774078253086348
0.3755211402308609, 0.7223968294536072, 0.5791405814443851
0.29630310401239557, 0.7578921262500786, 0.5797999891826009
0.21406320842840076, 0.785610423673235, 0.5791131052359524
0.1294691181653359, 0.8047918160065266, 0.5776626664956379
0.04331260867849672, 0.8143234606347319, 0.5766337349683757
-0.04330400640658759, 0.814158607172774, 0.5768678854068968
-0.1293925460914981, 0.8043086502298026, 0.5783543439025411
-0.21385404652498757, 0.7848357719047174, 0.5802426137730272
-0.2958980918536942, 0.7568547644847097, 0.5813638694355003
-0.37485573350842555, 0.7211223523886015, 0.5811619323928755
-0.44985396445926595, 0.6777824077956187, 0.5799236898348753
-0.5197145763653734, 0.626673171078784, 0.5786343200132085
-0.58337268120631, 0.5681049616629474, 0.5783356504116532
-0.6402372830204908, 0.5028607655590903, 0.5793600758686271
-0.6890683081860789, 0.43137092648046527, 0.5812577567519022
-0.7300481647319268, 0.3551093765761017, 0.5827601024419027
-0.7633911382515998, 0.2752303450240907, 0.5830591056598978
-0.7888326266004032, 0.19254136947031933, 0.582143083863599
-0.805608436163028, 0.10773034381252279, 0.5807671170772359
-0.8129691176444562, 0.021643315803907708, 0.5800020201106555
-0.8109960169739668, -0.06479498487002225, 0.5804755185114158
-0.7986056865043614, -0.15039730881688723, 0.5822267864297591
-0.7768103145080099, -0.2340867981945525, 0.5840073394113243
-0.7467649081534627, -0.31515983835234274, 0.5847920814689239
-0.7091087098100882, -0.39294529117096744, 0.5842792952270277
-0.6639306215477838, -0.46654871744026816, 0.5829705707876199
-0.6112185926386741, -0.5348990353827868, 0.5818512990211868
-0.5515133981052618, -0.5973316287633182, 0.5817494701788875
-0.48445121768938104, -0.6518371804728003, 0.5832093213709085
-0.4117487970486079, -0.6984775005466657, 0.5851129434299543
-0.3347079998315342, -0.7375060442926831, 0.5863584630372315
-0.2542093872846714, -0.7687187668164699, 0.5863003102190024
-0.17111878026853994, -0.7919744759349641, 0.5851889486805253
-0.08612627911528263, -0.8066093695281857, 0.5838577584252466
0.0, -0.8123099866049542, 0.5832259302036037
-1.3052731250836392e-15, -0.8123099866049543, 0.5832259302036038
0.08609123568314854, -0.8062760308860507, 0.5843235394146418
0.17098116699567922, -0.791329659012483, 0.5861017055698705
0.2539046130669431, -0.7677922720935075, 0.5876458173303384
0.33417120288535823, -0.7363255454649353, 0.5881459671455934
0.4109131118542075, -0.6970674084386373, 0.5873769301890212
0.48325396008720084, -0.6502330438512749, 0.5859854488782413
0.5499095812122189, -0.5955967800650416, 0.5850398902664876
0.6091958249429954, -0.5331250420260762, 0.5855956372101309
0.6614929648329875, -0.4648268522247744, 0.5871107738521926
0.7062568421651917, -0.3913568361453754, 0.5887903191177859
0.7434812813190477, -0.31377335142730683, 0.5897079760133979
0.7730636654125763, -0.232965664110526, 0.5894084011013866
0.7943748564271196, -0.14961093915446533, 0.5881936788455793
0.8063051927886983, -0.06442631583429373, 0.5870255396399617
0.8079173030041438, 0.02151073937139409, 0.58704140414902
0.8003184136246455, 0.10703426643082925, 0.5881824168309358
0.7834098560805639, 0.19123211779501567, 0.5898655223936076
0.757894947944071, 0.2732552330428528, 0.5911204096882559
0.7245035104830988, 0.3524035240520589, 0.5912772216160106
0.6835024255139841, 0.42786725944611237, 0.5903659787792235
0.6347251822269462, 0.49851447199885957, 0.58912218339265
0.578064414055856, 0.5629321128609146, 0.5886632764754998
0.5147849898664245, 0.6207484671726362, 0.5893609220059988
0.4454557907045992, 0.671192288503764, 0.5909102694215675
0.3710902150766355, 0.7139097402139538, 0.5924035940722874
0.292833228455321, 0.7490048846164468, 0.5929946350550979
0.21155273071725633, 0.7763134402794271, 0.5924530516368852
0.12793656164344938, 0.7951212982170757, 0.5912735330213663
0.04279587703948239, 0.8044193342554199, 0.5904529657874611
-0.04278695775258101, 0.8042483503071607, 0.5906872669576264
-0.12785713539172272, 0.7946201034378235, 0.5919660563751084
-0.21133572329351918, 0.7755098815589829, 0.5935847364345455
-0.2924130862333255, 0.7479288189059665, 0.5945621119852167
-0.370400035933628, 0.7125876778421598, 0.5944292396808774
-0.44442943333859874, 0.669654392884917, 0.5934299204380291
-0.5133663771856116, 0.6190435271403871, 0.5923935917415702
-0.5762217699860659, 0.5611364755715064, 0.5921850385797975
-0.6324532491880567, 0.4967230064435474, 0.5930753925765472
-0.6808101358850693, 0.4261725562265992, 0.594696020095293
-0.7213831944235479, 0.35088085304994077, 0.5959892859728787
-0.7543192123284601, 0.2719702019233286, 0.5962765115147612
-0.779349560478988, 0.19025173906423776, 0.5955488293827086
-0.7957733959616679, 0.10643625706162067, 0.5944423721018591
-0.8029448483383851, 0.021380286732895413, 0.5938480648780893
-0.8010166680782539, -0.06401075916884622, 0.5942799348979899
-0.7889064628571625, -0.14859451069113447, 0.5957723722876439
-0.7674997129192429, -0.2313005588538664, 0.5972931567333135
-0.7378576996441826, -0.31139884531031753, 0.5979852640946985
-0.700593869811116, -0.3882028111737736, 0.5975956994713965
-0.6558390567603145, -0.4608331735085939, 0.5965474952493491
-0.6036606059886105, -0.5282704474157995, 0.5956619028551979
-0.5446600487528378, -0.5899185009716619, 0.5956190553352833
-0.478479144101368, -0.6438356636475671, 0.5968646330720078
-0.40674363883729586, -0.6900316350791994, 0.5984809797960355
-0.3306865617945005, -0.7286620061653339, 0.599554603052591
-0.25116299198824166, -0.7594585787891055, 0.5995443385570413
-0.16905427931933298, -0.7823014820440071, 0.5986622253518878
-0.08507443390176751, -0.7966026752199638, 0.597603949501994
0.0, -0.8021466764146775, 0.5971270463786468
-1.290779640371779e-15, -0.8021466764146774, 0.5971270463786469
0.08219181868822775, -0.7962569528936028, 0.5980701093856797
0.1576003489625884, -0.7816326448865211, 0.5995764332191441
0.22564260319649562, -0.7584975083950197, 0.6008928240242176
0.28589498185119966, -0.727437365750788, 0.6013462729724336
0.33789198344531096, -0.6885689473430864, 0.6007492179223142
0.38130799791977554, -0.6421719310360946, 0.5996437341502109
0.41564289145006356, -0.5881190335555291, 0.5989110645190566
0.4402735276096626, -0.5264305231741542, 0.59940857681842
0.4561774813946665, -0.4590471932573353, 0.6006930595432128
0.46365097592784604, -0.38655520758172746, 0.6021157748565317
0.46341033611260307, -0.3099605491724497, 0.6029126175766366
0.4561438432648115, -0.23013727220193986, 0.6027054223157146
0.4422826832982435, -0.14777865560639125, 0.6017474874116159
0.42209571086767517, -0.06362848012162972, 0.6008343251040527
0.39607108461134044, 0.021242866839419294, 0.6008911068123339
0.3657286103142954, 0.1057143230503473, 0.601865201491218
0.33192711533586394, 0.1888933818324595, 0.603284826457446
0.29586888139942796, 0.26992111190137263, 0.6043560072413543
0.258687604485795, 0.34807407011847374, 0.6045253056069211
0.2212714310079897, 0.4225381234146822, 0.6038193560370664
0.1843348659168108, 0.49221438737044065, 0.6028463855923075
0.1486129103072344, 0.555771448603402, 0.602517938358822
0.11516492204042061, 0.6128984384689458, 0.6031285027478774
0.08476512985256857, 0.6628181492457581, 0.6044327196901313
0.05819800698701244, 0.7051053183267518, 0.6056946552960887
0.036126973860872824, 0.7397855105148083, 0.6062195529051393
0.019026434562464542, 0.7666691021545218, 0.6058184919720127
0.007232533489352828, 0.7850897803098069, 0.604900587651014
0.0009890375331194322, 0.7941469320173586, 0.6042804759305941
0.0004433506227579549, 0.7939695910026677, 0.6045149063832885
0.005612104738242418, 0.7845698683674329, 0.6055939078975667
0.01636938898521971, 0.765835479092264, 0.6069523180310581
0.032452989910364355, 0.7386691479908662, 0.6077906163439598
0.0535045433145632, 0.7037337318776603, 0.6077245584309702
0.07905465150697369, 0.6612227666337458, 0.6069560182383313
0.10848685291573618, 0.6111300675113868, 0.6061633915106556
0.14109594132238745, 0.553909112752953, 0.6060413357149157
0.1761557020962109, 0.49035601827125086, 0.606803028214661
0.2125980462198651, 0.4207801162132937, 0.6081564819951656
0.24959246766151824, 0.3464945076730286, 0.6092477886408414
0.28635302821603414, 0.2685878618732579, 0.6095237042447982
0.32198677472462556, 0.18787617661962647, 0.6089779861914697
0.3554269493827765, 0.10509406873190011, 0.6081312723208853
0.3855790707229867, 0.021107641142855703, 0.6077009938658335
0.4116550264128669, -0.06319756166974203, 0.608093222232129
0.4321400533257669, -0.1467240674491877, 0.6093363915311044
0.4464134895065669, -0.2284094575559435, 0.6106064421337081
0.4541072132810965, -0.3074971496640445, 0.61120915525563
0.4547633390233561, -0.3832835769162306, 0.6109386924725513
0.44773801384540857, -0.4549047379497932, 0.6101416917824742
0.43239679663469954, -0.5213955277518525, 0.6094806780126373
0.4085035873407003, -0.5822293077504083, 0.6094948155580697
0.3750911643639713, -0.6355367397407727, 0.6105341737862643
0.33268476961156285, -0.6812703744255865, 0.6118739116572296
0.28171302707031076, -0.719486728786598, 0.6127814449817548
0.22247598476680766, -0.7498522811511633, 0.6128175615754345
0.1554558437341238, -0.7722678273003619, 0.6121565928275741
0.08110044487277285, -0.7862241585090642, 0.6113607822965534
-1.27675647831893e-15, -0.791605257832998, 0.6110328270814529
-0.0, -0.7916052578329975, 0.6110328270814533
-0.08113812755793792, -0.7858655760114833, 0.6118272837563985
-0.1556039721139735, -0.7715740044500838, 0.6130722064199545
-0.2228040935808248, -0.7488551862598617, 0.6141690105873165
-0.2822907293941957, -0.7182160798491097, 0.6145772786371745
-0.33358384117449397, -0.6797529244175199, 0.6141463298165184
-0.3763791750393488, -0.6338110645407355, 0.6133160583390531
-0.41022927090161465, -0.5803627857041879, 0.6127880987879729
-0.43457258317980435, -0.5194871729447337, 0.6132293701426021
-0.45036092694595875, -0.45305212969592845, 0.6142923674324192
-0.4578327374944659, -0.38157439669387616, 0.6154677131063258
-0.457641484387432, -0.3060048580047624, 0.6161479535234955
-0.4504460478902935, -0.22720224672831432, 0.6160298218600371
-0.43669356109138846, -0.14587751568694934, 0.6153193907244875
-0.4167024791240511, -0.06280111904454484, 0.6146513946866605
-0.3910132051844885, 0.020965179606578503, 0.6147470738422617
-0.36111861441318327, 0.10434521486380555, 0.6155610914511017
-0.32782256350950534, 0.18646666608863494, 0.6167272520486702
-0.292268551563593, 0.2664616670794808, 0.617621332185255
-0.2555606961152498, 0.34358257866828945, 0.6178026377654389
-0.21858885921208243, 0.41700967946366585, 0.6172945555916951
-0.18208703988535324, 0.4856788699553389, 0.6165821316315256
-0.14680610913689052, 0.5483446442467681, 0.6163785879631791
-0.11379059253505994, 0.6047560946460893, 0.6169057297771419
-0.08378743213641951, 0.6541305121350001, 0.6179744633098783
-0.057556677176990034, 0.6959703687810613, 0.619013550627163
-0.035752118862611315, 0.7302200475027372, 0.6194746831076751
-0.018847244351906586, 0.756663178183342, 0.6192090570756527
-0.007179009706439393, 0.7746831296821437, 0.6185429214649418
-0.0009897494056046, 0.7834922710377239, 0.6181150541995195
-0.0004237979805229129, 0.7833083251546118, 0.618349594361036
-0.00549774627668239, 0.7741437481902889, 0.6192369955233266
-0.016089717799443237, 0.7557982269989135, 0.6203449974965094
-0.03193961967559353, 0.7290616525202038, 0.6210493295119157
-0.052687106654362964, 0.6945471448744451, 0.621047684216746
-0.07786315885779321, 0.652475277996686, 0.6205012856098042
-0.106863416779891, 0.6029217851696884, 0.6199425976523796
-0.1390094458583682, 0.5464130242510027, 0.6199033172389697
-0.17360196872086203, 0.48375097627997177, 0.6205419058364757
-0.20958934972814747, 0.41518577184783995, 0.6216385994910085
-0.24612291468527725, 0.34194369384077855, 0.6225355129840265
-0.2823946330254847, 0.26507811368166573, 0.6228006014862594
-0.31750928194023187, 0.18541106269901442, 0.6224300694576728
-0.3504322590645645, 0.10370177893868707, 0.6218328403526726
-0.3801309566938943, 0.020824980457925205, 0.6215596078663006
-0.40587175631151146, -0.06235419938151085, 0.6219141656004089
-0.42617027386740447, -0.1447831637384956, 0.6229181005552947
-0.44034965985688734, -0.2254090277686614, 0.6239469983759762
-0.4479880646333199, -0.30344872945021634, 0.6244637406518855
-0.4486109272085408, -0.3781802224957047, 0.6243079809651355
-0.4416057381260076, -0.4487549258295676, 0.6237523665285042
-0.4264028883267048, -0.5142647612743619, 0.623306488274347
-0.40282352701954266, -0.5742534408774598, 0.6233754540001729
-0.3699305671630527, -0.6269284685827621, 0.6242170437067344
-0.32818201156610904, -0.6721804819450502, 0.6252913408044861
-0.27795157488907185, -0.709965938142303, 0.6260389917886664
-0.2195178979391763, -0.7398850803085597, 0.6261198578873859
-0.15337869475929347, -0.7618586667094752, 0.6256714557562886
-0.08000622470112302, -0.7754591461847672, 0.6251272224094344
0.0, -0.7806712127473556, 0.6249419633754588
-1.259277391928548e-15, -0.7806712127473554, 0.6249419633754587
0.08281341650894176, -0.7750871800863337, 0.6255940339248818
0.16453613460351457, -0.7611387969208953, 0.6265884433299896
0.24438154178957502, -0.7388503812314701, 0.6274742594666859
0.321586827990419, -0.7086472420681007, 0.6278389964406494
0.39523414173463384, -0.670605902418023, 0.6275678812691154
0.4645238044412063, -0.6251382857537073, 0.6270015375666247
0.5283868669089715, -0.5723172002683705, 0.6266697158541141
0.5854352484727989, -0.5122852404037238, 0.6270569056801495
0.6360175363106775, -0.4468329444148173, 0.6279079251773135
0.6794101972449424, -0.37640681202830073, 0.6288458701603205
0.7153612210340132, -0.3019000523695865, 0.6294140033042505
0.7436340600165569, -0.2241559561347618, 0.6293814398032055
0.7636801822344579, -0.14390459015057305, 0.6289086867473432
0.7746905444290709, -0.06194298675265632, 0.6284755739650321
0.7761286761617796, 0.020677261423366507, 0.6286081474757822
0.7690853413491903, 0.10292484378630387, 0.6292691526800795
0.7532511581569585, 0.18394816218607152, 0.6301923609310056
0.7290044897586052, 0.26287139851952884, 0.6309163526283705
0.6968725298401011, 0.3389220120163471, 0.6311091747952677
0.6571371914168662, 0.41127360515028466, 0.6307910953485127
0.6098489613731557, 0.47889851833834696, 0.630328403110641
0.555189797763523, 0.5406411699245952, 0.6302440612759767
0.49444975023858373, 0.5963096346399281, 0.6306915465849634
0.42805480785430705, 0.6451162073777256, 0.6315348722096025
0.3567785195024007, 0.6864904780835055, 0.6323601480991563
0.2816221819182537, 0.7202932487141037, 0.6327600489984228
0.203439343355811, 0.7462801179760159, 0.6326244629912744
0.12298609785496938, 0.7638859002181233, 0.6321997100917331
0.04112807923616588, 0.7724400593318004, 0.6319555720812648
-0.04111812850109277, 0.7722492371918359, 0.632190203813505
-0.12289738015019486, 0.7633262256795316, 0.632894499277096
-0.20319675720738908, 0.7453824556698807, 0.6337624982934429
-0.281152673854374, 0.7190909212358452, 0.6343382861230243
-0.3560076463794133, 0.685013303609965, 0.6343984989567313
-0.42690872345199704, 0.6433985340851998, 0.6340651102481338
-0.4928662774235144, 0.5944066409559455, 0.6337301722182566
-0.5531335731723928, 0.5386374336510085, 0.6337698404423634
-0.6073122800507216, 0.4768982307822772, 0.6342910321270964
-0.6541294369459589, 0.4093809556183702, 0.6351419183569139
-0.6933858652356364, 0.337221144203495, 0.635852448426067
-0.7250094559312238, 0.26143526070070633, 0.6361072078529892
-0.7487161875046078, 0.1828524409494776, 0.6359046789363915
-0.7640115425320797, 0.10225720104255603, 0.6355461824125299
-0.7705801051509062, 0.0205318699540973, 0.6354227900302265
-0.7687864832239398, -0.061479364762234326, 0.6357416354080613
-0.7575722716854819, -0.14276871777179215, 0.6365168464079871
-0.7374178542177647, -0.2222943831200904, 0.6373147177573225
-0.7090777445194982, -0.2992469949568484, 0.6377490993740028
-0.6730836900837641, -0.372884687180753, 0.6377033658428002
-0.6297046145094248, -0.442374453695496, 0.6373788084777856
-0.5792587121937945, -0.5068677279397787, 0.6371382810151001
-0.5225269675766624, -0.5659792846258707, 0.6372597581209261
-0.4591944173955882, -0.617997780808579, 0.6379124250446786
-0.3905791664225651, -0.6627474711865832, 0.6387329599190666
-0.31769400072337955, -0.7000840119010997, 0.6393273390558103
-0.2413172505552774, -0.7295407916009463, 0.6394511899636625
-0.16238306823927384, -0.7510577461667891, 0.6392063137338502
-0.08167899897585149, -0.7642915650374638, 0.6389023232318898
0.0, -0.7693286351766406, 0.6388532312646211
-1.2422158035339046e-15, -0.7693286351766404, 0.6388532312646215
0.08163844422132421, -0.763905643410224, 0.639369413241613
0.16222348703961043, -0.7503106719769365, 0.6401246418888626
0.24096369183805527, -0.7284667527377037, 0.6408085474326113
0.31707169250664635, -0.6987150357381111, 0.6411315318810203
0.3896111622266718, -0.6611131681904509, 0.6410135786523635
0.4578080823679958, -0.6161402751537136, 0.6406993743625964
0.5206695870358082, -0.5639704018341434, 0.6405547246281983
0.5769172909445811, -0.5048140393043142, 0.6408901535339808
0.6268805944746348, -0.4403800871235462, 0.6415390523208288
0.6697773939644213, -0.3710441389125049, 0.6422500729350744
0.7052701026327246, -0.2976393140888591, 0.6427108766935
0.733073896881775, -0.22099332928313492, 0.6427602027680388
0.7526685855122845, -0.14185667108180658, 0.6425147580970132
0.7633532607645741, -0.06105271813116079, 0.6423057746216061
0.7647324570937518, 0.020378655175781232, 0.6424732549651635
0.7578846423768255, 0.1014509090143007, 0.6429885414510461
0.7424313129341668, 0.18133369664156598, 0.6436798073137555
0.7186367842220043, 0.2591442798644693, 0.6442411289585421
0.6869558818076685, 0.33408465806047755, 0.6444449625337108
0.6476766374454808, 0.4053207805060526, 0.6443085770369081
0.6009267426408265, 0.4718630233591685, 0.6440842709251253
0.5469887191020988, 0.5326494716929479, 0.644113281412277
0.4871577244156536, 0.5875461144845502, 0.6444849841871481
0.4218128800715468, 0.6357607975181736, 0.6451134066737636
0.35164342965812767, 0.6766498481308614, 0.645734404894359
0.2775980493420642, 0.7099884014627313, 0.646075763657382
0.200526507122304, 0.7355028722031378, 0.6460645165662164
0.12120976481266668, 0.7526811507086288, 0.6458702194639235
0.040530084951974396, 0.760973513860532, 0.6458009886794579
-0.04051975833436006, 0.7607755175431523, 0.6460356948502461
-0.12111766644264146, 0.7521002799026593, 0.6465656879366534
-0.20027460265615504, 0.734570980898757, 0.64720463404123
-0.27711054427222337, 0.7087400527397393, 0.6476576136376916
-0.350843185632546, 0.6751161802670966, 0.6477769778929638
-0.42062336979537446, 0.6339778419993868, 0.6476469705763703
-0.4855146236447823, 0.5855714192089162, 0.6475251655271105
-0.5448552697100921, 0.5305705059763623, 0.647639849582168
-0.5982941788987022, 0.46978718992361634, 0.6480495028847745
-0.6445542356305998, 0.4033562657536025, 0.6486660751003814
-0.6833357228888685, 0.3323188837208249, 0.649198677583221
-0.7144889581757625, 0.2576530529832882, 0.6494436192350369
-0.7377238179001235, 0.18019596952085326, 0.6494015054526414
-0.7526192953776266, 0.10075793331632718, 0.6492704948420462
-0.7589755750564967, 0.02022783092583222, 0.6492895114512913
-0.757226615897178, -0.06057162312959104, 0.649574591825817
-0.7463286800526348, -0.14067734887751282, 0.6501320631083063
-0.7266202314164534, -0.21906016310053, 0.6507095841068894
-0.6987460542381122, -0.2948847166324159, 0.6510653981204072
-0.6632093466547809, -0.36738812533284326, 0.651124734576679
-0.6203285306046297, -0.43575312683847744, 0.6510203986420184
-0.5705086879929189, -0.49919297617856984, 0.6509750923217341
-0.5145891843641379, -0.5573940732223951, 0.6511466066858647
-0.4522778433434663, -0.608730317584188, 0.6516195926248471
-0.3847797004244855, -0.6529554376725452, 0.6521985532925846
-0.31303008203437116, -0.6898238036613913, 0.6526466693095306
-0.2377817709876651, -0.7188016418946477, 0.6528116175994708
-0.15998807535951445, -0.7398472169523859, 0.6527607539298913
-0.08046124235973366, -0.7527037493677695, 0.6526852259285648
0.0, -0.7575600348539704, 0.6527654966311036
-1.2242416686072823e-15, -0.7575600348539704, 0.6527654966311036
0.08041914964068778, -0.7523032414440215, 0.6531525669893631
0.15982235749230722, -0.7390716623101992, 0.6536803982580752
0.23741456232268585, -0.7176863548338706, 0.6541719425929633
0.3123838517742372, -0.6884020872565992, 0.6544550848763439
0.3837748037713146, -0.6512585560191925, 0.6544832232834519
0.4508390310490338, -0.6068023899789095, 0.6544088611641045
0.5126616485631668, -0.5553093278336412, 0.6544420251956082
0.5680789217213889, -0.4970618127133632, 0.6547281744669766
0.6173970195688023, -0.4336830591122497, 0.655185158568994
0.6597761301171085, -0.3654772379344587, 0.6556802452685673
0.6947917871841676, -0.29321514999961135, 0.6560387783523232
0.7221094249947617, -0.21770879326708598, 0.6561661317009847
0.7412378704457491, -0.13973023137317261, 0.656137081252941
0.7515877451743649, -0.06012881072461904, 0.6561410014336361
0.7529074991732678, 0.020068858558240428, 0.6563414139827362
0.7462600700155703, 0.09992088079588798, 0.6567185042387026
0.7311986215857025, 0.17861868177155943, 0.6571893377024876
0.7078711728034129, 0.2552736858712752, 0.6575958186803431
0.6766581635809042, 0.32906203474041695, 0.6578101472840052
0.6378542314625941, 0.3991411720300799, 0.6578467026220672
0.5916662336474946, 0.4645610408543644, 0.6578488987186613
0.5384787045330531, 0.5243568275885154, 0.6579852607233309
0.4795902343382735, 0.5784512856617581, 0.6582851653303983
0.4153335429671009, 0.6260483978335393, 0.6587096220414443
0.3463117864679959, 0.6664310991690701, 0.6591363778775754
0.2734188873390478, 0.6992871194780523, 0.6594220400613882
0.19750122189873132, 0.7243126834638061, 0.6595291191210636
0.11936541132513567, 0.7410502339083268, 0.65955380867603
0.0399094146152197, 0.749074147219265, 0.6596503550443213
-0.039898694243318544, 0.7488686476354616, 0.6598851203930931
-0.11926976724596039, 0.7404471696862611, 0.6602499264838078
-0.1972395367932695, 0.7233448890864256, 0.6606713149568884
-0.2729124849853739, 0.6979904495797266, 0.6610075335507763
-0.34548072650872674, 0.6648381385903733, 0.6611831882529136
-0.4140985489495528, 0.6241970254702778, 0.6612464396005816
-0.4778847668409739, 0.5764015583197191, 0.6613267226877082
-0.5362644949035977, 0.5221991945956139, 0.6615123826154623
-0.5889333172481284, 0.46240618249540644, 0.6618165114007835
-0.6346116308825586, 0.39710134988959267, 0.662210797881053
-0.6728978595946928, 0.32722813367721654, 0.6625743752958584
-0.7035629372695681, 0.2537246102629307, 0.6628100304618023
-0.7263102362045304, 0.17743686774486234, 0.6629203380781892
-0.7407942216863455, 0.09920133011883168, 0.6630050696446257
-0.7469327679476734, 0.01991233629814499, 0.6631588355987922
-0.7452283200443921, -0.059629392483900846, 0.6634120901968545
-0.7346549535179873, -0.13850533230469217, 0.6637632815504263
-0.7154065748067043, -0.215700464297034, 0.6641316773734544
-0.6880151146311128, -0.2903539300605346, 0.6644129053815427
-0.6529546325555943, -0.3616807898454088, 0.6645720761801921
-0.6105944161248915, -0.42887970712394025, 0.6646766155841143
-0.5614275310944988, -0.49122787304639376, 0.6648160514347022
-0.5063507516016819, -0.5484837243687799, 0.6650349726753758
-0.44509857226782273, -0.5991102463885699, 0.6653379156578935
-0.3787582829155039, -0.6427868543044567, 0.6656880039230604
-0.30818601752854324, -0.6791664166164699, 0.6659972697299041
-0.23410912167092285, -0.7076480462326319, 0.6662012997240601
-0.15750053290519983, -0.7282074008369955, 0.6663344629061522
-0.07919706806952924, -0.7406762077095609, 0.6664751669852504
0.0, -0.7453461057048906, 0.6666777202746123
-1.2053225564425434e-15, -0.7453461057048906, 0.6666777202746124
0.07915335992746841, -0.7402604160382713, 0.6669427349705178
0.15732836677341622, -0.7274019558447011, 0.6672554059215732
0.23372756081844814, -0.7064894033808429, 0.6675646143155817
0.3075146359419098, -0.6776892445269549, 0.6678099549745734
0.37771465091670187, -0.6410242400957425, 0.6679767157102248
0.4436047622805265, -0.5971084711549705, 0.6681293874318813
0.504349784206635, -0.5463195545404346, 0.6683306142179722
0.5589052152076759, -0.4890155771161682, 0.6685701239633342
0.607550142117408, -0.42673027360069093, 0.6688457528007566
0.649388062300291, -0.35969602733935685, 0.6691364104063
0.6839066748800309, -0.2886192948261256, 0.6693980159496636
0.7107204512679767, -0.21429620076687692, 0.6695993503559914
0.7293678759343021, -0.137521378699958, 0.6697752320656566
0.7393740945180027, -0.05916960509819763, 0.6699803570736078
0.7406338635187256, 0.01974731724076187, 0.6702117365287663
0.7341914895868007, 0.09833196633260027, 0.6704583877847006
0.7195327325666279, 0.17579805556635494, 0.670720799013326
0.6966874798563107, 0.2512523074540359, 0.6709806776642947
0.6659600430580908, 0.3238447817791215, 0.6712049720305858
0.6276521063541864, 0.3927237020897095, 0.6714052707330589
0.5820513270509411, 0.4569800365902902, 0.6716215493348962
0.5296452878093812, 0.5157491723379748, 0.6718591083589859
0.4717343276625371, 0.5690094006079875, 0.6720913116697842
0.4086052763269905, 0.6159614637518562, 0.6723231744599489
0.3407736822540691, 0.6558150443994796, 0.6725662230569653
0.2690767456367582, 0.6881691044301852, 0.6727991908453009
0.19435776081951872, 0.7126888354988481, 0.6730182733790948
0.11744961649997489, 0.7289725426410731, 0.6732499376919046
0.03926492673571835, 0.7367215141457851, 0.6735028198493179
-0.039253792681276406, 0.7365081466618983, 0.673737630811279
-0.11735024388244661, 0.7283461808982753, 0.6739466801398484
-0.1940857834649994, 0.7116832855060831, 0.6741625525977973
-0.2685504494814267, 0.6868215678771945, 0.6743883721630748
-0.33991020633108215, 0.654159691770072, 0.6746173044889544
-0.4073225203604143, 0.6140382042225041, 0.6748631932075908
-0.46996345981598664, 0.5668809523046443, 0.675134086937348
-0.5273464009084673, 0.5135090627386062, 0.675386572951204
-0.5792131079448309, 0.4547423004910449, 0.675591348942221
-0.6242831607799616, 0.3906047608568611, 0.6757759214580871
-0.6620522322294145, 0.3219391884115389, 0.6759798265613085
-0.6922104066878623, 0.24964232923652074, 0.6762067395299072
-0.7144541977026401, 0.17456985114535387, 0.6764610682792134
-0.7285152250281994, 0.0975844651001118, 0.6767492995693813
-0.7344307129156654, 0.01958480243202434, 0.677029923296077
-0.7327705925355517, -0.05865092294315366, 0.6772532868542486
-0.7225297522240202, -0.13624854981935014, 0.6774101341623103
-0.7037554438632937, -0.21220876146546178, 0.6775811812113569
-0.6768640464775025, -0.2856458308755577, 0.6777919926507867
-0.6422999364776156, -0.35575190145969404, 0.6780454825454253
-0.6004843803479201, -0.42174175806038683, 0.6783470397316429
-0.5519991580290567, -0.4829584269721138, 0.6786603861373038
-0.49779732112594793, -0.5392326401119021, 0.6789239304086511
-0.43764370768405364, -0.5891200402000984, 0.6790668647423397
-0.3725035828636615, -0.6322223307824817, 0.6792013000105882
-0.3031523463636291, -0.6680909531539504, 0.6793795291918281
-0.23029208431887924, -0.6960583394274956, 0.6796205010106077
-0.15491562793045494, -0.7161165179015255, 0.6799272314658155
-0.07788407890078403, -0.7281873486955689, 0.6802714830151642
0.0, -0.7326654511805616, 0.6805889630653613
-1.1854229606373476e-15, -0.7326654511805617, 0.6805889630653615
0.07524556875996116, -0.7277554989183852, 0.6807392572803164
0.14442230938286732, -0.7152796184759329, 0.6808494629229747
0.2069000966650999, -0.6948540037862801, 0.6809868384386792
0.2621069512017258, -0.6665553131286518, 0.6811965477132458
0.30947843563321076, -0.6303904862372902, 0.6814940622947513
0.34881583973506963, -0.5870406153197342, 0.6818604447344854
0.3799572776760064, -0.5369850903113524, 0.6822195902655241
0.40270274329757166, -0.4806609364672666, 0.6824152572863518
0.41781979557980076, -0.41950889138835246, 0.6825204484836273
0.42525935602828435, -0.3536893414555915, 0.6826186981097735
0.4253382564090942, -0.28384259759930885, 0.6827890024632667
0.4185482572954421, -0.21074874664026258, 0.6830600849331794
0.40541978863856387, -0.13522580207698526, 0.6834288898243965
0.3865462555400091, -0.05817326238291608, 0.6838230476534736
0.36274705376116434, 0.019413415950806125, 0.6840834349251023
0.3353439363191728, 0.09668106969940662, 0.6842076420626986
0.30486122702602775, 0.17286620888303578, 0.6842741457054291
0.27212210714516993, 0.2470720469571294, 0.6843960709922553
0.23806375711965366, 0.3184225264696029, 0.6846297875779097
0.20358476721848326, 0.386056089242228, 0.6849841856995709
0.1695246168600681, 0.44910610379020577, 0.6854015909658948
0.13671619579722938, 0.5068108921838017, 0.6857340344112439
0.10611568820894032, 0.559202984093004, 0.6859027482625664
0.07832816408580548, 0.6054805388980606, 0.6859538263219378
0.05397835804430734, 0.6447804154115483, 0.6860242040261217
0.03366281100875047, 0.6766118563703343, 0.6862076364149888
0.017850812785771886, 0.7006083564080248, 0.6865320894380827
0.006883982369337391, 0.7164252096162653, 0.6869581732632651
0.0009953958375176902, 0.7238929102755532, 0.68735763465381
0.00031272484730689165, 0.723671269410922, 0.6875924792304282
0.004852315723629354, 0.7157743236150002, 0.6876555203244553
0.014513315053391235, 0.6995629930428239, 0.6876784658339005
0.0290498709498226, 0.6752106245154941, 0.6878005645802474
0.0480936305338793, 0.6430592273249143, 0.6880796077898286
0.071178159412426, 0.6034815351381273, 0.688497014278465
0.09776653191167561, 0.5569917116716694, 0.6889466069462177
0.1273236938023595, 0.5044840673984118, 0.6892616569654757
0.15928975189666758, 0.4467812045466253, 0.6893734155685839
0.19270975821867653, 0.38385379232236394, 0.6893613860739112
0.22664727391177672, 0.3164412808198152, 0.6894154204249802
0.26018031438322253, 0.24539777461416423, 0.6896341559225774
0.29240284465335165, 0.1715890559549465, 0.690023697351937
0.3224563502405707, 0.09590408999970097, 0.6905026842304064
0.34963820368684206, 0.019244582320141444, 0.6909020375536786
0.3734898451288432, -0.05763426900891417, 0.6910974448209896
0.3927135292741454, -0.13390242706136635, 0.6910723635430852
0.40634102562246555, -0.20857781101650857, 0.6910583877269257
0.41366040740425314, -0.28075064273541234, 0.6912031463378945
0.4141107773392164, -0.3495894862852161, 0.6915451607472237
0.40725311136209924, -0.4143254573668059, 0.6920313606339559
0.39285942920283173, -0.47436907575061205, 0.6925074275415357
0.3710333961254346, -0.5296234707157272, 0.692812659154461
0.34104140875117317, -0.5787402152697196, 0.6928060156898002
0.30295693641152904, -0.6212403257301777, 0.6927385411330315
0.2568595478286106, -0.6565741997084714, 0.6927939538378726
0.20292288447337184, -0.6840084567692127, 0.693069597330157
0.1417312065490521, -0.7035503590782699, 0.6935389622778233
0.07388022678597116, -0.7152131527397677, 0.6940736166386786
-1.1657341758564144e-15, -0.7194942561186065, 0.6944983912237183
-0.0, -0.7194942561186066, 0.6944983912237183
-0.07392743340324483, -0.7147643821197058, 0.6945415793670308
-0.14191734525545535, -0.7026802649620184, 0.694462476981937
-0.20333557359895257, -0.682755824303167, 0.6944390043698095
-0.25758547570736523, -0.6549767404941644, 0.6946153818515735
-0.30408440483579685, -0.6193353557059572, 0.695035381181781
-0.3426539295413068, -0.5765789016023618, 0.6956016326294217
-0.37319256413456997, -0.5272881280846793, 0.6961081592596147
-0.39558138992374137, -0.4719818594504021, 0.6962629346806077
-0.410541130776377, -0.41200462354143935, 0.6962089699387997
-0.41796626847178053, -0.34744476126708357, 0.6961273510679694
-0.41810324396592, -0.27887488358032153, 0.6962122633086892
-0.4114070199272609, -0.20705886465900064, 0.6965486720323855
-0.39842474151521146, -0.1328387056075844, 0.6970978440815666
-0.37980835720437234, -0.05713773537287984, 0.6976683887282438
-0.356434755074108, 0.01906646983459267, 0.6979558266313196
-0.3295847556507507, 0.0949647452778726, 0.6979658265650837
-0.29972636333643055, 0.16981690125080587, 0.6978494447305832
-0.26761447142080463, 0.24272389646784823, 0.6978424774387572
-0.23414937660613566, 0.3127837261311085, 0.698085058511275
-0.2002308589378617, 0.37912465819683844, 0.6985834653229277
-0.1667200708307279, 0.44092374579127364, 0.6991885024534513
-0.13446600791518115, 0.49752457938705785, 0.6996093545093368
-0.10440440125718317, 0.5490125590739665, 0.6997189092550338
-0.07711102198917008, 0.5945839525938923, 0.6996014532695654
-0.053181185705699435, 0.6333035339945667, 0.6995107001290068
-0.03319810840412114, 0.6645903267759651, 0.6996479134582094
-0.017630053171283494, 0.6880456641332124, 0.700070790110709
-0.0068195037560630015, 0.7033827491929316, 0.700678193525148
-0.0009972208369813003, 0.7105630112580308, 0.7012141589241763
-0.00028729732199972435, 0.710332643235261, 0.701449027441468
-0.004706024825525415, 0.7027059665557713, 0.7013761328741344
-0.01415690191753359, 0.686958188898332, 0.7012192885709336
-0.028397742773082144, 0.6631322465226843, 0.7012446576079405
-0.04705928472267992, 0.631512670063002, 0.7015704924522225
-0.06967607337906034, 0.5925048972565432, 0.702147800214233
-0.09572597985292139, 0.5467138762202319, 0.7027637423366768
-0.12470412162952027, 0.49510629933882916, 0.703136979253724
-0.15607927828121948, 0.4385068935392956, 0.7031622232191325
-0.1889186255498336, 0.3768342760938712, 0.7029672434653603
-0.22226985893684878, 0.3107224088555803, 0.7028816620003104
-0.2551887493236019, 0.24098154605345246, 0.7030928032293879
-0.2867678242390968, 0.16848794410497947, 0.7036083436101588
-0.31618634497475995, 0.09415658024272276, 0.7042648368716963
-0.34281050276615777, 0.01889095215296162, 0.7047745494081755
-0.3662367533468411, -0.056577261905561914, 0.7049439391798005
-0.3852108871143429, -0.13146186502304197, 0.7047498218345288
-0.39870645207902267, -0.2047995399392973, 0.7045637022122762
-0.4059513322400816, -0.2756574688485091, 0.7046469639720228
-0.4063674511766545, -0.34318019087763196, 0.705071427749602
-0.3995530151257441, -0.40661537295144423, 0.7057293842629049
-0.38535024379248006, -0.4654424321520019, 0.7063566159234121
-0.36391774564741214, -0.5196368286451771, 0.7067004513782033
-0.3345719039171282, -0.5679490122709469, 0.7065550599844908
-0.2973017817963013, -0.6098168038259206, 0.7062999426733068
-0.2521254343031574, -0.6445902685110967, 0.7062411605859688
-0.19919655691032367, -0.6714715448437212, 0.7065490872471187
-0.1391173615973861, -0.6904819003394043, 0.7071696694763346
-0.07250758637535253, -0.7017267794441393, 0.707881119965836
-0.0, -0.70580589173111, 0.7084052817403699
-1.1425219202815554e-15, -0.7058058917311095, 0.7084052817403701
0.07255669724946427, -0.7012601187138949, 0.7083492597949694
0.1393111093898671, -0.6895766550591658, 0.7080944786499118
0.19962621422019816, -0.67016770698652, 0.7079216177138936
0.25288109255309577, -0.6429272424781111, 0.7080670893652514
0.29847485562916903, -0.6078343453296622, 0.7086009124992223
0.3362488356635604, -0.5657010633132721, 0.7093526638241405
0.36616259443638033, -0.5172087460639033, 0.7099956417374709
0.38818046663088607, -0.4629604108999897, 0.710112627088399
0.40297346941989864, -0.4042014956758009, 0.709911155537967
0.41038026464272126, -0.340948411082647, 0.709662731137055
0.41057644711149854, -0.2737047885280496, 0.7096684435568243
0.40397930893962364, -0.2032181024062833, 0.7100655711280932
0.39115247927959323, -0.13035472853316998, 0.7107820034796399
0.3728068906563971, -0.05606073389785834, 0.7115158118324303
0.34987676493864756, 0.018705713649123205, 0.7118283389601283
0.32360000836381775, 0.09317914097315963, 0.7117326174925755
0.29438833651595736, 0.16664315867090176, 0.7114468811100116
0.262927354629406, 0.23819779037286515, 0.7113204943240605
0.2300794424494838, 0.3069154777086004, 0.7115713688893304
0.19674515144286014, 0.3719141112045006, 0.7122032462876614
0.1638070970659957, 0.432415611924415, 0.7129818795744001
0.13212994033015288, 0.48787073379265533, 0.7134844958932749
0.10262806349210454, 0.5384163142064753, 0.7135393443697424
0.07584768359044547, 0.583247454290024, 0.713266050851612
0.05235401598827083, 0.6213579192744538, 0.71302621035475
0.03271631180159301, 0.6520765043209638, 0.7131206777999887
0.01740163969501239, 0.6749721345584943, 0.7136347190583585
0.006753245750900416, 0.6898166195867088, 0.7144097969139902
0.0009994050727887248, 0.6967034350938687, 0.7150718663004312
0.00026055711071545917, 0.6964638304105267, 0.715306750845294
0.0045529373513667135, 0.6891124007202836, 0.7151083215716882
0.01378443729825872, 0.6738399700237182, 0.7147853744008112
0.027716845734188866, 0.6505580386550219, 0.714721323568976
0.045980350173776635, 0.6194930724474761, 0.7150904769517361
0.06811075674094277, 0.5810835143585, 0.7158155692276784
0.09360113959191099, 0.5360250704357139, 0.7165850689787872
0.12197713121543963, 0.48535567340437225, 0.7170119960604042
0.15273639780908085, 0.4299014268363693, 0.7169574036460317
0.18496912983294722, 0.3695303364384376, 0.7165936707075347
0.21770814808854028, 0.30476913374334347, 0.7163791785549051
0.24998764826954378, 0.23638311965901349, 0.7165833283316368
0.28089921918276006, 0.16525919558506863, 0.7172152438196591
0.3096605381188766, 0.0923378765444634, 0.7180354879662529
0.3357070525731283, 0.0185231028936836, 0.7186469424864081
0.35869005789660535, -0.05547746753459729, 0.718792264874408
0.37740064437486504, -0.1289211465859766, 0.7184424865072662
0.39075499359077503, -0.20086490202044358, 0.7180976579765906
0.39792092364127457, -0.27035409829751056, 0.7181241724309325
0.398303476474249, -0.3365090430069209, 0.7186247327326611
0.39153861170924126, -0.39859419351752207, 0.7194410345240645
0.377538719992414, -0.4561589744193093, 0.7202075059545514
0.3565165454095622, -0.5092509432957367, 0.720586716863881
0.3278410373158044, -0.5567220166412556, 0.7203138041232106
0.2914152045799651, -0.5979248098814891, 0.719885849482679
0.247195174203747, -0.6321101392877755, 0.7197218956106667
0.1953153135365505, -0.6584175032969909, 0.7200595890559649
0.13639552778782307, -0.6768808117025837, 0.7208195009572743
0.07107900131567392, -0.6876980839847308, 0.7216936652369924
-1.124100812432971e-15, -0.6915704361383227, 0.7223090279509525
-0.0, -0.6915704361383228, 0.7223090279509525
-0.0711301371397438, -0.6872124450755279, 0.7221619714537211
-0.13659736982514092, -0.6759382249585432, 0.721745613562683
-0.1957630272251804, -0.6570591825233026, 0.7214353172987258
-0.24798247144924368, -0.630377330709921, 0.7215524366001898
-0.29263675303080716, -0.5958599605581055, 0.7221910174638965
-0.32958631405133176, -0.5543820866120821, 0.7231133729772756
-0.3588522025763826, -0.5067245481445931, 0.7238814752505899
-0.38048377833755787, -0.45357642675920123, 0.7239639210683115
-0.3950997151977609, -0.3960815548318393, 0.7236269732452216
-0.4024836148821322, -0.3341847100823566, 0.7232253271911263
-0.4027400350463409, -0.268319555758491, 0.7231583184885046
-0.39624787510330267, -0.19921697363626387, 0.7236113620030904
-0.3835868676869135, -0.12776785072131433, 0.7244813981871198
-0.36552699718180304, -0.05493968470326536, 0.725364869423387
-0.3430592984019505, 0.01833028676896155, 0.7257005151036438
-0.31737691173577387, 0.09131992761013898, 0.7255078155979262
-0.28883537248939234, 0.1633371463059822, 0.7250667703516326
-0.2580502067149548, 0.2334824235364753, 0.7248308487000121
-0.22584490349208464, 0.3008032863177918, 0.7250894270350541
-0.19312024748487952, 0.36440725076896024, 0.7258437864961129
-0.16077988701569262, 0.423562173910739, 0.7267814439398829
-0.12970355568945913, 0.47782739910643013, 0.7273590039637072
-0.10078340561150492, 0.5273896990156469, 0.72736372522633
-0.07453586308131324, 0.5714437690044909, 0.7269477404337036
-0.051495413941297474, 0.6089138066764318, 0.7265713595716715
-0.032216693651599904, 0.6390389047123417, 0.7266267129160857
-0.01716535079065709, 0.6613555775854967, 0.7272243474978906
-0.006685258174243355, 0.6756946932353127, 0.7281529079103071
-0.001002026208254573, 0.6822822095518939, 0.7289303500402455
-0.00023236805172048222, 0.6820327928031819, 0.7291652447768093
-0.004392461789418149, 0.6749613005214103, 0.7288520174948657
-0.01339463127016817, 0.6601758174912733, 0.7283772056787663
-0.027004967607734437, 0.6374560663366314, 0.7282313628342516
-0.044853529548226856, 0.6069701199192012, 0.7286402084621644
-0.0664777368059973, 0.5691894923173213, 0.7295004672568095
-0.09138625580629797, 0.5249000800103456, 0.73041028540406
-0.11913549860372191, 0.47520954459258513, 0.7308862826526445
-0.14925221216456352, 0.42094458238520294, 0.7307587147997618
-0.18085047459853137, 0.36192409521546304, 0.7302409700399062
-0.21294942920451418, 0.2985663277686437, 0.7299087295321015
-0.2445626367745465, 0.23159065055921563, 0.7301065113384906
-0.2747813654373197, 0.16189456734170468, 0.7308447696255418
-0.30286225130305156, 0.09044340447363547, 0.7318144970188863
-0.32831017729893924, 0.01814012093295887, 0.732518818799453
-0.3508310152877909, -0.054332144866376504, 0.7326420409856438
-0.3692627680173046, -0.12627383399802455, 0.7321504605255305
-0.38246552700846004, -0.1967637145909989, 0.7316609125506188
-0.3895475980002435, -0.2648267822954472, 0.7316356285831811
-0.38989759093365517, -0.32955917547949576, 0.7322056508482166
-0.38318955611058003, -0.3902423922845164, 0.7331663689286615
-0.36940572000298927, -0.44649666958638945, 0.7340597723595514
-0.34881199777729816, -0.4984412389488215, 0.7344709890728031
-0.3208322202270428, -0.5450316843207149, 0.7340821837887486
-0.2852821347556373, -0.5855339648200013, 0.7334967341254989
-0.24205575535373688, -0.619101115770768, 0.7332370365383355
-0.19126888201300507, -0.6448124007620588, 0.7336018623058379
-0.13355861671213898, -0.6627128942729441, 0.7344887252282908
-0.06959082082332574, -0.673093036853126, 0.735511044519311
0.0, -0.6767540871017982, 0.7362091452780328
-1.095171999454599e-15, -0.6767540871017981, 0.7362091452780328
0.07203240250144027, -0.6725871837409696, 0.7359795141083693
0.14327499555381387, -0.6617304756967267, 0.7354161703508145
0.212937860916502, -0.6433958979929035, 0.7349808695025585
0.28007084424378137, -0.6172937604695123, 0.7350723177024022
0.3436034551109852, -0.5833811751331701, 0.7358061960758014
0.4029365397123614, -0.5425937232375303, 0.7368837191885478
0.4576520293831661, -0.49581021634878797, 0.7377652242520994
0.5073548140080986, -0.4438071126613666, 0.7378165256562582
0.5521392919214279, -0.3876245212940131, 0.7373565161610673
0.5908467158503252, -0.3271360673643003, 0.7368157653870664
0.6225258233112269, -0.26270479059209373, 0.7366827961574163
0.6465283823489756, -0.1950447716840655, 0.7371867611720474
0.6625490730529527, -0.1250712730094793, 0.7381961919567892
0.6707137860632963, -0.053771679417301765, 0.7392152434186344
0.6716633620578979, 0.017939217392870674, 0.7395720196967359
0.6663087136072765, 0.08938221521029197, 0.7392913481499078
0.6538173094461787, 0.1598900163862184, 0.7387095583131537
0.6336181053227181, 0.22856502968994996, 0.7383744031971596
0.6056204115124567, 0.29443077680133894, 0.7386400795040824
0.5701657229557949, 0.3565846316749043, 0.7395054833031551
0.5279563783973654, 0.41434133339527585, 0.7405870472428161
0.4799936723766966, 0.46736971932463334, 0.7412325450583395
0.42756149392515586, 0.5159049277472127, 0.7411918506242373
0.37072635933437015, 0.5591420485892825, 0.7406467781846483
0.30955356616984686, 0.5959375510153397, 0.7401469120688707
0.24457433056729933, 0.6254419421463021, 0.740166941404226
0.17661778603605063, 0.6471595926670944, 0.7408402811832673
0.10664947108646966, 0.6609806039044372, 0.741907583687788
0.03563530272621823, 0.6672631159104083, 0.7427893290104529
-0.03562169930164994, 0.6670032331903715, 0.7430242305063435
-0.10652785907870063, 0.6602160637442082, 0.7426072857047724
-0.17628431430146013, 0.6459289399378674, 0.7419954005701583
-0.24392903794344378, 0.6237902116533567, 0.7417757133946573
-0.30849663679170275, 0.5939095161979235, 0.7422204732437641
-0.3691600444071162, 0.5567912471881595, 0.7432027771750491
-0.4254039228799676, 0.5133103297499036, 0.7442392195600991
-0.47719428064929864, 0.46464223761023526, 0.7447595376022538
-0.524494318209905, 0.41161343734932376, 0.7445660461070129
-0.5660444912527973, 0.3539953002495716, 0.7439095825095647
-0.6008308505265398, 0.2920968667279306, 0.7434712115887175
-0.6281316931942421, 0.22659073371297667, 0.7436632681189258
-0.6476063670364733, 0.1583847273644354, 0.7444974271390518
-0.6593854535028277, 0.08846798306938915, 0.7456018536653257
-0.6641100432587751, 0.01774097147162043, 0.746389904757788
-0.6626676244388612, -0.05313818675769584, 0.7464930194144271
-0.6541954467650606, -0.12351263319171771, 0.7458739833289325
-0.6379983155528479, -0.19248444567955716, 0.7452542641541282
-0.6138922176717716, -0.2590599501937203, 0.745182327602017
-0.5821670895383468, -0.32231147165364854, 0.7458149002718882
-0.5435099209772712, -0.381537821145504, 0.7469055766600468
-0.49894170276716204, -0.43643050518672877, 0.7479132162096864
-0.4496737511120732, -0.4871798101554672, 0.7483529327790728
-0.395668512800167, -0.5328467651640458, 0.7478602645713928
-0.3372335060894327, -0.5726098218681287, 0.7471332149507193
-0.27472498156042524, -0.6055261495153411, 0.7467875986051655
-0.20872456867414316, -0.6306177802211749, 0.7471768026672929
-0.1403194325191114, -0.6479393385055213, 0.7481777597595851
-0.07048160155075174, -0.6578729918271051, 0.7493331824943826
0.0, -0.6613184355444331, 0.7501052771505233
-1.069689732391197e-15, -0.6613184355444335, 0.750105277150523
0.07042598774621381, -0.6573455188980969, 0.7498018144026121
0.14009968356896146, -0.6469142618331286, 0.749106568059161
0.2082368733613003, -0.6291388813696183, 0.74855919044521
0.2738676354068447, -0.6036388223766034, 0.7486277736727159
0.33590482453994885, -0.5703627753361087, 0.7494470918495715
0.3937725514650193, -0.5303038807060808, 0.7506637964605056
0.44713823049288776, -0.48443696129274777, 0.7516465846381823
0.49574359543982355, -0.4336265511054079, 0.7516702745080792
0.5396383224005903, -0.3788073431492075, 0.7511000211958094
0.5776168208869996, -0.31978250521771845, 0.7504348146093238
0.6086435528944375, -0.25684415308501857, 0.7502429270957414
0.6320186962237584, -0.19068934338657187, 0.7507926209081918
0.6474693412195587, -0.12225727246320338, 0.7519266851341082
0.6552431015038913, -0.05255341283402446, 0.753066749955931
0.6561279427227288, 0.017531400284357977, 0.7534426444095812
0.6510016056083969, 0.08736044533952347, 0.7530832824715603
0.6389727016201361, 0.15629171509223114, 0.7523758384161388
0.6193520322241365, 0.22343110712797473, 0.7519521640000348
0.5919698949051303, 0.2877793412267652, 0.7522243146565435
0.557176159940299, 0.34842414026448376, 0.7531888702662186
0.5157548977698747, 0.4047279292293974, 0.7543986788955592
0.46880580941595285, 0.4564693814118908, 0.7551049153400309
0.41760449923749615, 0.5039303593953187, 0.7550236546768432
0.36217554633665366, 0.5463071901728762, 0.7543635631769183
0.3024942216338822, 0.582390894212853, 0.7537537745587253
0.23902781678307894, 0.6112451564197804, 0.7537424267969839
0.1726020485540572, 0.6323427636968479, 0.7544832705254428
0.1042073515698619, 0.6456329309288975, 0.7556740243013091
0.03481529918917246, 0.6516048716351734, 0.7566486544577894
-0.03480109628704573, 0.6513337758271126, 0.7568835611329291
-0.1040803381946212, 0.6448349903584802, 0.7563743318570776
-0.17225362003417438, 0.6310574561861833, 0.7556407208762783
-0.23835355239188705, 0.609519376077641, 0.7553554580976003
-0.30139028320960126, 0.5802722279609799, 0.7558321989350782
-0.36054063295901345, 0.5438527985260924, 0.7569229246335643
-0.41535369997593097, 0.5012232342845242, 0.7580718367608685
-0.46588578793656, 0.45362445977975957, 0.758631590924125
-0.5121421893968312, 0.40188184211454697, 0.7583794303267214
-0.5528724820133988, 0.3457208731144006, 0.7576000889898166
-0.5869657707933308, 0.2853412512894262, 0.7570676620466742
-0.6136199896839426, 0.2213681039598164, 0.7572546647502858
-0.6324870735687295, 0.15471904473992837, 0.75817387173067
-0.6437771207657096, 0.08640570779693454, 0.7593976894713319
-0.6482491999511251, 0.01732447555605567, 0.7602600564795979
-0.646849249176459, -0.05189204870701876, 0.7603450906302507
-0.6387490133314021, -0.12062922759353578, 0.7596134392290244
-0.6231082122449124, -0.1880139543130381, 0.7588786537758023
-0.5996225556740425, -0.2530358548097818, 0.7587654157889443
-0.5685503976344309, -0.31474412899219645, 0.7594533483836098
-0.5306304036878736, -0.37245519326953436, 0.7606589940545235
-0.4869668813769864, -0.4259319065501625, 0.7617677705496904
-0.4388167367038703, -0.47543477045500665, 0.762232348553616
-0.38618888043035504, -0.5201315750895141, 0.7616482527455037
-0.32925370068701076, -0.559113080659395, 0.7607960575724368
-0.26828232283011527, -0.5913429860417054, 0.7603747505281315
-0.20383420451893317, -0.6157897664874367, 0.7607854607170876
-0.1370121557659583, -0.6325158378058278, 0.7618871647815993
-0.06880680319698439, -0.6419937835219236, 0.7631601385198385
0.0, -0.6452195569757966, 0.7639972011047926
-1.0429138489026739e-15, -0.6452195569757965, 0.7639972011047926
0.06647662700342587, -0.6414430770944247, 0.7636289372710183
0.12773598830433797, -0.6314448599965885, 0.7628173799039626
0.18314222386576304, -0.6142436463380652, 0.762171344949391
0.23198474170620173, -0.5893694807450016, 0.7622199884320335
0.27359397583767736, -0.5567645434303677, 0.7631144932852827
0.3078823095386069, -0.5174758620765536, 0.764453841820112
0.33505534944765847, -0.47257183264356095, 0.76552539084711
0.35542373788357134, -0.4230050748853934, 0.7655251404762903
0.3694360147719896, -0.3696036512482288, 0.7648578687284692
0.3767165539341618, -0.31210119133385594, 0.7640833901208555
0.3771589181325663, -0.2507189750927628, 0.7638399143195582
0.3710239851282105, -0.1861368011477652, 0.7644299470783803
0.35893597224968526, -0.11931701832834068, 0.7656733271043508
0.3418380128352196, -0.051281103741738304, 0.7669193483473724
0.3208843354210108, 0.017105570464566167, 0.7673123138400164
0.29712418940998053, 0.08524825876657288, 0.766883829107507
0.27074599539978517, 0.15253074359278135, 0.7660663528165205
0.24215257567511386, 0.21806407153637275, 0.7655652902704888
0.21204570132497422, 0.2808276922646772, 0.7658432724460613
0.18132216925507957, 0.33990045399217744, 0.766894633357265
0.15094375666648882, 0.39469311900428217, 0.7682164752733414
0.1218299050572279, 0.4450939194791604, 0.7689760449618013
0.09480096974665042, 0.4914297203729037, 0.7688592132379202
0.07028280805818035, 0.5328989802759867, 0.7680986451275806
0.04871447031084049, 0.5682300365926704, 0.7673930077065347
0.030602743174774294, 0.5964022287863017, 0.767354388368968
0.016407038888543668, 0.6168576509392005, 0.7681542176287162
0.006471818970442904, 0.6296041782816624, 0.7694525783344415
0.0010135413443342171, 0.6352601026460611, 0.7705083159501883
0.00013734290456308626, 0.6349769335675003, 0.770743228625828
0.0038592224735547187, 0.6287702449423285, 0.770153512400658
0.012105009358349308, 0.6155133639012171, 0.7693140821055835
0.0246558996266331, 0.594596471821697, 0.7689718357390019
0.04114488179301881, 0.5660135163917499, 0.7694764718997408
0.061117114647861126, 0.5303328718943273, 0.7706614887216195
0.08413020909105215, 0.4886013802420837, 0.7719082446101878
0.10983363075959035, 0.4421225623142653, 0.7725024073880811
0.1378422657113631, 0.3917197624797372, 0.7721990465714758
0.16734694404133826, 0.33707432526340486, 0.7713132276041499
0.19733551081704356, 0.2782771136269364, 0.7706992805076108
0.22676818783795522, 0.21590525589783605, 0.7708819222407535
0.2547405545298045, 0.1508853234355162, 0.7718749120282422
0.28062814921022744, 0.0842498008169699, 0.7732022838034959
0.30414232705462246, 0.016889278478748413, 0.7741292662053787
0.32515015698012817, -0.05058966140053352, 0.7741982918976106
0.3426383375126999, -0.11761407090820715, 0.7733693630135751
0.35531118605114753, -0.18333716104514605, 0.7725351815948561
0.3621068674684628, -0.2467341306365503, 0.7723861964922866
0.3623690140026773, -0.30683211007621497, 0.7731220190256536
0.3558860676104505, -0.36296543873560416, 0.7744271087829762
0.34284394281922537, -0.4149679991540166, 0.7756235080408893
0.32366064329494737, -0.46316942603841216, 0.7761091812827412
0.2979354925519036, -0.506845080141756, 0.7754465023659406
0.26522019763032034, -0.5449985834549864, 0.774486186967946
0.22522411629744044, -0.576503102327303, 0.773999815729252
0.17801344295555682, -0.6002779538072754, 0.7744290466676663
0.12427108389901427, -0.6163914395710086, 0.7756176602746557
0.06472423011417612, -0.6254045764711879, 0.7769921161651477
-1.0130785099704553e-15, -0.6284068613420997, 0.7778848350611876
-0.0, -0.6284068613421, 0.7778848350611872
-0.0647850386245691, -0.6248287721575826, 0.7774610903906897
-0.12451161596962236, -0.6152708176405518, 0.7765493344121625
-0.1785475853323987, -0.5986590415806085, 0.7758185618208377
-0.22616283577922897, -0.5744362530243284, 0.7758503119062283
-0.26667306301589766, -0.5425402011871183, 0.7768093552878176
-0.3000056035652601, -0.5040674038694748, 0.7782542395630304
-0.3264266572689949, -0.46017684313801943, 0.77940162252877
-0.3463343179711326, -0.4119084846746117, 0.7793812330976811
-0.36011707674770954, -0.35998305746483555, 0.7786305964206952
-0.36734878363599155, -0.3040658312987413, 0.7777625749946514
-0.367854578801568, -0.24430776989550967, 0.7774751235176717
-0.36185564843006995, -0.18137115902840667, 0.7780999029400895
-0.3499891333975188, -0.11624033802968893, 0.7794367230112433
-0.3332528456944047, -0.04995039358173817, 0.7807731477948194
-0.31285142543017797, 0.01666027051991093, 0.7811810917681632
-0.2897835166759063, 0.083038327257735, 0.7806933515826571
-0.26418260685171807, 0.14859385315881746, 0.7797820058581144
-0.23638066350621434, 0.21244481773655005, 0.7792151046974406
-0.20703747127928476, 0.27355129776088494, 0.7794982544670424
-0.1770463802714081, 0.3309843622984773, 0.7806236177512117
-0.14738593192519867, 0.3842035941142084, 0.7820407272225249
-0.11898623919048842, 0.4332058276068472, 0.782846004839797
-0.09264208639731239, 0.4783611148054645, 0.7826987514900676
-0.06874881017644685, 0.51887100431284, 0.7818527340066881
-0.047712759717424905, 0.5534044578415565, 0.7810658355888735
-0.03002339247578016, 0.5808597361276808, 0.7810042097494242
-0.016137128074031698, 0.6006495039109074, 0.7818541863301212
-0.006398023271584723, 0.6128394698569546, 0.78324375206942
-0.0010190661753736868, 0.6181740320917883, 0.7843684481414646
-0.00010141425021392356, 0.6178777907691677, 0.7846033706220013
-0.003661004079840109, 0.6119665344305005, 0.78394534367659
-0.011628232216267742, 0.5992412242793994, 0.7830165633662534
-0.02379015835773693, 0.5789671415600619, 0.7826262473150152
-0.039782157397125664, 0.5510817180490584, 0.7831545413071689
-0.059153251920135624, 0.5161837571233797, 0.784419210884709
-0.08147803112829619, 0.475401478739757, 0.785748702496271
-0.10643688104437143, 0.43009759286554483, 0.7863720954856839
-0.13367426627406204, 0.3810924330252424, 0.786025231369132
-0.16240827303717634, 0.3280250266375629, 0.7850498936483093
-0.19162052280755193, 0.2708786071655799, 0.7843674270637356
-0.22025749362789623, 0.21018196210781867, 0.7845464293166217
-0.24741856830405803, 0.14686946414445576, 0.7856015261508693
-0.27251913725229016, 0.08199242361944056, 0.7870160739588237
-0.29533764641266846, 0.016433813881115596, 0.7879976685050787
-0.3157936573925503, -0.049226314181079395, 0.7880528138910577
-0.33292546978421644, -0.11445611695646297, 0.7871424500486901
-0.34539151327440537, -0.17843662662290735, 0.7862251067649602
-0.35207799810820456, -0.24013121896264128, 0.7860461436073237
-0.3523156787589984, -0.29854642812924326, 0.7868221113311242
-0.3459304022044241, -0.3530348689906082, 0.7882105747889656
-0.3331726035574681, -0.40350066665146384, 0.7894806427180425
-0.3145078188256232, -0.45034121794932586, 0.789983525482433
-0.2895963315313927, -0.49293972150327225, 0.7892555217188035
-0.25790302479917965, -0.5302140260313332, 0.7882047012383924
-0.2190773389524483, -0.5609503183012989, 0.7876642969657971
-0.17317155517164476, -0.5840239679597307, 0.7881089461636979
-0.12088082933678164, -0.5995070917673031, 0.7893701280861577
-0.06294973478198133, -0.608046395483502, 0.7908294678618009
0.0, -0.6108216173212091, 0.7917682437513532
-9.85156045746486e-16, -0.6108216173212087, 0.7917682437513536
0.06515805466586272, -0.6074433160844865, 0.791298634134529
0.1296749729214033, -0.598332455200612, 0.7903033329290727
0.19279309515371043, -0.582325785240077, 0.789502239657748
0.25349370502878343, -0.5587817946703766, 0.7895202634191408
0.3106513222151138, -0.5276360728325559, 0.7905328041519092
0.3637548297540006, -0.49002943651539493, 0.792065530693252
0.4127269170348581, -0.4472078434035186, 0.7932754117526966
0.4577218714145887, -0.40029703188260407, 0.7932388101374793
0.49864642274346654, -0.349910258451109, 0.7924189048089724
0.5341701693812136, -0.2956458997819503, 0.7914736257774915
0.5630230428481344, -0.2375856045707258, 0.7911500946115363
0.5843607569623428, -0.1763738637088811, 0.7918038224834139
0.5980085737994488, -0.1130154160545078, 0.7932176462062431
0.6045691861408484, -0.04855621651874425, 0.7946284158255686
0.6052517878748012, 0.016193807911798544, 0.7950491870843003
0.6008265252723812, 0.08072213649241766, 0.7945123745399749
0.5902385138615438, 0.14446565277666637, 0.7935238728523512
0.5724613652378636, 0.20655115336398083, 0.7929031041751874
0.5470977174080829, 0.2659216505267937, 0.7931907343566461
0.5145216803914753, 0.3216418871066489, 0.7943768385892996
0.4757491268763244, 0.37322056512866797, 0.7958718889087968
0.4321533634808304, 0.4207614139622374, 0.7967150129717084
0.38497510081934894, 0.4646757456221776, 0.7965426517405039
0.33411833085253895, 0.5041692374347735, 0.7956267101597239
0.27929614755655385, 0.5378553932980371, 0.7947736560797642
0.22078434267825664, 0.5645555414214982, 0.7946934481639055
0.15939439836746402, 0.5836545964638492, 0.7955844133243325
0.09618186982213024, 0.5952748600109341, 0.7970482203421694
0.032122052525283926, 0.6002827831346031, 0.7982293381805304
-0.032105732848173224, 0.599972299691588, 0.7984642768920176
-0.09603579304327445, 0.5943594004144632, 0.7977505092805507
-0.15899314402121142, 0.5821764625558528, 0.7967494164467228
-0.22000769029396705, 0.5625680918644609, 0.7963202704702178
-0.2780262683369572, 0.5354166575831034, 0.7968678303488621
-0.33224193007157266, 0.5013498294472873, 0.7981970038968607
-0.38239680533582854, 0.46157301023937347, 0.7995936288834721
-0.4288096625870368, 0.41750407126338385, 0.800240912166585
-0.47160667406561374, 0.369959261432139, 0.7998584883402315
-0.509574768776607, 0.3185372421339502, 0.7988111576841745
-0.5413355714701603, 0.2631156003951237, 0.7980736371107893
-0.5658614900066975, 0.20417464293183604, 0.7982497525321037
-0.5827843135414362, 0.14265502484409917, 0.7993548645232598
-0.5925425856732885, 0.0796244303608711, 0.8008396612102896
-0.5962300561027513, 0.015956253002783843, 0.8018655461282469
-0.5949542121828671, -0.0477965082066458, 0.8019090105476685
-0.587997239066226, -0.11114247329763095, 0.8009335696303858
-0.5741072275705149, -0.17329200438347764, 0.799949870549819
-0.5526328907718125, -0.23319963343778638, 0.7997469097137798
-0.5237382175512136, -0.289853239914815, 0.8005549978229364
-0.488305253370093, -0.34262410596374315, 0.8020102123652069
-0.44766727175876675, -0.39148531663275465, 0.8033395455683014
-0.40320093075147007, -0.4369003457002367, 0.8038556348117029
-0.3550611330354158, -0.4783598860148713, 0.8030759848982605
-0.30300854380638886, -0.5146982967891318, 0.8019528750178059
-0.2470621884831787, -0.5446190359117746, 0.801369865398626
-0.18772114983985247, -0.5669596120592686, 0.80182672322446
-0.12612148105067522, -0.5817937229465492, 0.8031456355840169
-0.06329751604389407, -0.589850202147393, 0.8046727070113076
0.0, -0.5923950301260328, 0.8056476452407569
-9.53979049665508e-16, -0.5923950301260329, 0.8056476452407572
0.06323054741832705, -0.5892172884348753, 0.8051420847047517
0.12585629388467964, -0.5805599415554523, 0.8040804475015648
0.18713186274787252, -0.5651745384762078, 0.8032239670329788
0.2460268609528062, -0.5423390400462424, 0.803231547671633
0.3014085132309799, -0.5119893316472468, 0.8042861510556506
0.3527851952503632, -0.47530446540631627, 0.8058884230509136
0.4001630198716174, -0.43361305184591253, 0.8071470504499754
0.44383166731577406, -0.38812409751219173, 0.807098280322457
0.4836488652104083, -0.3393438568280675, 0.8062236734078907
0.5182490107722345, -0.28680563181952534, 0.8052179826417197
0.5462926539298096, -0.23052328093275387, 0.8048665499271342
0.5668927929530228, -0.17112318370999727, 0.8055432180941464
0.5799073840764338, -0.10962840355943676, 0.8070170415660145
0.5860509761507593, -0.04709263206937014, 0.8084855855247112
0.5866627180175842, 0.015704196519758986, 0.8089169605850023
0.582475250744053, 0.0782896990659141, 0.808341594698211
0.5723844799755529, 0.14012809194675133, 0.8072932139081289
0.5552605081910028, 0.20035705667564563, 0.8066309681816397
0.5306354528446071, 0.2579053092613225, 0.8069223682175382
0.49889078149308963, 0.3118331304883791, 0.8081554875938506
0.4611125405979374, 0.36169842886612547, 0.8097105857601747
0.4187549881387622, 0.40770929373982107, 0.8105834416478357
0.37304373573643523, 0.45031623333449633, 0.8103914618797599
0.3238445978721784, 0.48873019224723735, 0.8094216357392736
0.27078776221323225, 0.5215138324833327, 0.8085180515615527
0.21408662739146456, 0.5474166788821744, 0.808423843970236
0.1545459071213645, 0.5657980392705377, 0.8093463198558905
0.09323814571626068, 0.5768351141881536, 0.8108668370150859
0.031134687372632454, 0.5815111477011838, 0.8120914328326225
-0.03111752422124727, 0.5811850389484604, 0.8123263965331453
-0.09308447596191338, 0.5758729689776527, 0.8115698706997944
-0.1541236009448807, 0.5642431298037696, 0.8105140776807878
-0.21326915089686027, 0.5453249052704124, 0.8100556727415357
-0.2694517818251797, 0.5189475531851239, 0.810617954675638
-0.3218722224978702, 0.4857655990690779, 0.8119959649713947
-0.3703355143165058, 0.44705644122851784, 0.8134436082163905
-0.4152432291863659, 0.4042883767478578, 0.8141092682615048
-0.4567597436412357, 0.3582723902661723, 0.8136994938019788
-0.49368791141985424, 0.3085688718487395, 0.8125982769857147
-0.5245711552438641, 0.2549526169737483, 0.8118196395005153
-0.548314686262182, 0.19785554019754162, 0.8119936496322024
-0.5645448042741239, 0.1382226403482264, 0.8131362680180306
-0.5737705605888039, 0.07713504437574509, 0.8146738224743341
-0.5771875956213688, 0.01545444040548553, 0.8157333365455619
-0.5759516426637752, -0.04629375959281265, 0.8157674059662997
-0.5693829393261747, -0.10765794123865502, 0.8147437727293001
-0.5561042257686157, -0.16787931860155791, 0.8137110966653063
-0.535356557933362, -0.22590697797792664, 0.8134903399000633
-0.5072730611629503, -0.28071262296577987, 0.8143222471284222
-0.472777593413892, -0.33168664827234573, 0.815827027123486
-0.4332698933223119, -0.378869261522248, 0.8172007432571715
-0.39015957830206927, -0.4227879470165845, 0.8177259278383145
-0.3436507079103037, -0.4630398845897134, 0.8169087384388731
-0.29337099478657447, -0.498379257386065, 0.8157321792749267
-0.23925795145989015, -0.5274318551894898, 0.8151183921345178
-0.18179305815293692, -0.549004390816891, 0.8155841413603082
-0.12211714331825212, -0.5631697370840525, 0.8169454343285526
-0.06127387581393971, -0.5707343600168961, 0.8185225113383469
0.0, -0.5730456947483431, 0.8195234174386896
-9.211118401636706e-16, -0.5730456947483434, 0.8195234174386895
0.06120335201511176, -0.5700685646794041, 0.8189921264821033
0.12183772387096796, -0.5618707058461552, 0.8178819454828307
0.18117192245318786, -0.5471233731273116, 0.816985526529489
0.2381668311959269, -0.5250287562589788, 0.8169860561922458
0.2916860673350529, -0.4955256857077678, 0.8180708967174116
0.34125623599593796, -0.4598244236075072, 0.8197238011875304
0.3869652833506237, -0.4193311031750285, 0.8210169978881104
0.429235552417018, -0.37533442668352346, 0.8209602176303168
0.4678760161187354, -0.3282348066793674, 0.8200459636713927
0.5014898131082617, -0.27750268776664033, 0.818997277102715
0.5286741028676195, -0.22308624714076086, 0.81862640698449
0.5485030949182184, -0.16559339746153764, 0.8193197930126184
0.5608672117856599, -0.10606289645068029, 0.8208360436759115
0.5665877541499533, -0.04555260116995605, 0.8223452651735134
0.5671263919731118, 0.01518907972977512, 0.8227849309711588
0.5631779988665608, 0.07572917368438742, 0.8221818869385962
0.5535925326696305, 0.13555977279292153, 0.8210914834868784
0.5371428942429208, 0.1938316827733455, 0.8204005771946505
0.5132946878433801, 0.2494626198908097, 0.8206950087884415
0.4824361145590125, 0.30151073080372837, 0.8219609513977288
0.44571828322919593, 0.34958298948252303, 0.8235576261740802
0.404669477280159, 0.3939883818063517, 0.8244518221935184
0.36049833998026704, 0.43521437365345184, 0.8242459029506963
0.31303371396899604, 0.4724784483113085, 0.8232387647865675
0.2618262248026981, 0.5042978415145468, 0.8223008038714827
0.20702838735755713, 0.5293565183186706, 0.822197339105703
0.14943671077290627, 0.5469908578768466, 0.8231415222750699
0.09013744885130914, 0.5574307426796316, 0.8247006432490888
0.03009492938152971, 0.5617695991507472, 0.8259553450573124
-0.03007683090529189, 0.561426209226435, 0.8261903456142456
-0.08997536582723042, 0.5564169324457181, 0.8254044798557105
-0.14899107489923913, 0.5453509004879107, 0.8243121811415131
-0.20616565994584893, 0.5271491136316927, 0.8238344182069495
-0.2604170052167511, 0.5015902253093072, 0.8244067258002866
-0.3109551063834849, 0.46935309707660067, 0.8258173856018662
-0.3576464195918123, 0.43178082314183425, 0.8272994014210737
-0.4009718595252169, 0.39038657425247736, 0.8279777374665347
-0.4411327557483238, 0.3459747513974428, 0.8275491105911317
-0.47694978080586337, 0.298069757960042, 0.8264126998245304
-0.5068955199499579, 0.24634741997682605, 0.8256073573113745
-0.5298136483979374, 0.19119160396305793, 0.8257800809944806
-0.545325922910763, 0.13354924181226754, 0.8269472783145828
-0.5540077391539362, 0.0745114209622482, 0.8285195193666226
-0.5571498532948722, 0.014925804650608852, 0.829601638050153
-0.5559527641803826, -0.04471033777117955, 0.829628703577892
-0.5497748166416115, -0.10398440000195505, 0.8285743030419794
-0.537121702573972, -0.16216999318710673, 0.8275106083651445
-0.5171328490389635, -0.21821463587193277, 0.8272784800468507
-0.4899110957080221, -0.2710769478734109, 0.8281256297007644
-0.4564178726396741, -0.3201669528318125, 0.8296622167082858
-0.4181127453931054, -0.36558952649650356, 0.8310649282821474
-0.37643397404372764, -0.4079336424679039, 0.831594997239689
-0.33163402524233987, -0.44690122437872426, 0.8307548126103883
-0.2832113032499136, -0.4811707659657468, 0.8295442918420393
-0.23102394644069163, -0.5092964060478433, 0.8289119468603324
-0.17553731832718175, -0.5300621874003209, 0.8293831733179744
-0.1178928439873378, -0.5435376034055852, 0.8307709786146755
-0.05914016854880508, -0.5506012015773905, 0.832379733013189
0.0, -0.5526761557825197, 0.8333961044002162
-8.864079508646279e-16, -0.5526761557825197, 0.833396104400216
0.05906568691040543, -0.5498988512581237, 0.8328496176793722
0.117597578501988, -0.5421659684883985, 0.831709295342383
0.1748807125531808, -0.5280743295722049, 0.8307889130465742
0.2298706893103869, -0.5067562024249905, 0.8307858927527311
0.28143188732282465, -0.4781562190558281, 0.8318887553886978
0.32910776135847963, -0.4435077634066847, 0.833572732779679
0.3730659377385756, -0.40428839948877904, 0.8348858879258247
0.41385749306643094, -0.3618617463143127, 0.8348253599195594
0.4512435381513369, -0.31652428992790543, 0.8338870354377457
0.4838004842729515, -0.2676863226811734, 0.8328133565258612
0.5100692554166147, -0.21523310950965313, 0.832431795868683
0.5290900674753213, -0.15975368077383864, 0.8331354569088396
0.5407854266452479, -0.10229921992209559, 0.8346759855422625
0.5460769507165142, -0.04392767462977203, 0.8362082465479643
0.5465398071950152, 0.014645632890676758, 0.836653780356494
0.5428311826744602, 0.0730263529088643, 0.8360343172230487
0.5337588630607925, 0.13073502065046047, 0.8349203441941281
0.5180062038009097, 0.18693802192321093, 0.8342140229960181
0.4949772578771381, 0.2405459793199061, 0.8345107186724317
0.4650661409685408, 0.2906177704491375, 0.8357948203885395
0.42948277726073536, 0.3368090363266174, 0.837414010432175
0.3898212503590629, 0.37952515156948974, 0.8383208518841478
0.34727121237246394, 0.4192880758627572, 0.8381068780432057
0.3016259120129647, 0.4553232770032801, 0.8370795561960669
0.2523605590776451, 0.48610891418437757, 0.8361239054258822
0.19956885265969293, 0.5102709062133837, 0.8360160859547405
0.14403734511746813, 0.5271259944637716, 0.836971846367035
0.08686204426895225, 0.5369539377642512, 0.8385508807401342
0.02899684772501454, 0.5409502039801013, 0.8398218614159112
-0.02897770497261619, 0.5405875239687085, 0.8400569136696328
-0.0866905565770916, 0.5358824246929319, 0.8392555887647819
-0.14356562349692387, 0.525390967959662, 0.8381455708117276
-0.19865551740681103, 0.5079341808662419, 0.8376586847210177
-0.25086945719826304, 0.48324325806629687, 0.8382361686004447
-0.29942863786250085, 0.45201829285890827, 0.8396627645612627
-0.3442588850959486, 0.4156605085096367, 0.841161953265936
-0.3859161795010237, 0.37572144331307433, 0.8418470604921249
-0.4246373707496919, 0.3329974108154479, 0.8414083964015995
-0.4592630197252059, 0.286979357971516, 0.8402560839256394
-0.48820360861464207, 0.23724906058962417, 0.8394389282309649
-0.5102481596796926, 0.1841429693304626, 0.8396112224211418
-0.525015085993129, 0.12860699067204723, 0.8407896493893237
-0.5331410007381435, 0.0717380531539355, 0.8423779078950966
-0.5360035896533154, 0.01436724255972922, 0.8434712153583147
-0.5348440693954013, -0.04303689826784983, 0.8434937952301933
-0.5290586065742884, -0.10009995193020117, 0.8424266088502083
-0.5170458652190068, -0.15612950779503781, 0.8413504447049267
-0.4978511500155185, -0.21007594854895043, 0.841113603060277
-0.4715478133870974, -0.26088861952814585, 0.8419671422985091
-0.4391297059011253, -0.30799778382911874, 0.8435171855680169
-0.4021083250321135, -0.35156983226334976, 0.8449329643752046
-0.36194558687601114, -0.3922521549080086, 0.8454636138649066
-0.3189409072885972, -0.4298488512127914, 0.8446154286279148
-0.27246837242713007, -0.4629685705996105, 0.8433911089300471
-0.2223095349486721, -0.49010093330758353, 0.842752829380757
-0.16891527019007171, -0.5100166734474626, 0.8432260166512859
-0.11342266147060143, -0.5227791624051769, 0.8446239376191824
-0.056883418483983414, -0.5293322928223747, 0.8462454060074966
0.0, -0.5311681560716803, 0.8472664220747869
-8.496908295902916e-16, -0.531168156071679, 0.8472664220747878
0.056804486936789224, -0.528588893203377, 0.8467155985552528
0.11310957845593432, -0.5213259336378872, 0.845564180863564
0.16821877108718647, -0.5079086643141962, 0.8446363481911342
0.22108639351815218, -0.48740652769799947, 0.8446333865758773
0.2705827382306815, -0.45977303686299575, 0.84574166802119
0.316266632247535, -0.4262554247892872, 0.8474364788632092
0.3583825612660022, -0.3883954400815433, 0.8487545361108263
0.3976050310431807, -0.3476254526075733, 0.8486946167022352
0.43364890361639824, -0.30414077773042764, 0.847748357865906
0.4650691245957992, -0.2572948620196368, 0.8466682959120724
0.4903588902282114, -0.20691357814935976, 0.84628507136607
0.5085302106516625, -0.15356657295159465, 0.8469923368796412
0.5195371139044906, -0.09831344339810943, 0.8485384109129854
0.5243935809278641, -0.04220756984113439, 0.8500755135428644
0.5247774216102283, 0.014070417320312986, 0.8505243596479982
0.5213085547397678, 0.07016394042125489, 0.8499001515704402
0.5127570237463939, 0.12562257850852915, 0.8487816812555841
0.49772586271312, 0.1796310196053008, 0.8480736202678725
0.47556362011910436, 0.2310974088149589, 0.8483717782126994
0.44666927332800943, 0.2790848444692542, 0.8496589001261734
0.4123040141185864, 0.3232969523818337, 0.8512809407518687
0.3741180029168245, 0.3642297988978685, 0.8521913995341959
0.33327964786005454, 0.4024370774881273, 0.8519754813328897
0.28954820809534454, 0.43715391699764805, 0.8509456883991566
0.24232855958280558, 0.4668268616362296, 0.8499895737563383
0.19165828243422772, 0.4900327582433748, 0.8498824613372362
0.1383118455351675, 0.5060727124117532, 0.8508393409640496
0.08339027036985469, 0.5152728856418654, 0.8524190029840537
0.02783319785353858, 0.5189208922880714, 0.8536919482383489
-0.027812874968921052, 0.518536446180518, 0.8539270701436141
-0.08320815604228604, 0.5141362315581521, 0.8531246621695134
-0.1378106457460253, 0.5042302831761954, 0.8520163152394704
-0.1906877478162313, 0.48754987151876683, 0.8515308780491464
-0.24074493751670673, 0.4637826133099505, 0.8521085376156813
-0.2872169512288574, 0.43364605974390524, 0.8535338216874596
-0.3300863199659244, 0.3985905311010706, 0.8550324002437021
-0.36997886269531244, 0.36019829393215574, 0.8557181497500237
-0.4071652764612257, 0.3192558259038537, 0.8552786136108518
-0.44050833889110597, 0.27522347083053184, 0.854130309556379
-0.4683667555914306, 0.22759513248268518, 0.8533167189545917
-0.48948319708301435, 0.17666080392180314, 0.8534894827691553
-0.5034742365105433, 0.1233617664644524, 0.8546653655791491
-0.5110314808689403, 0.06879592398851198, 0.8562503491699367
-0.5136097140282541, 0.013774944735368437, 0.8573430037548382
-0.5124860960213922, -0.04126197699523271, 0.8573637689416909
-0.5070939973661958, -0.09597772941838982, 0.8563023580245629
-0.49573708833944974, -0.14971551947007716, 0.8552328671034807
-0.47737575272477967, -0.20143367333752987, 0.8549982066244803
-0.4520549079306754, -0.25007691076585, 0.8558490100481728
-0.42079462823302116, -0.295096474158506, 0.8573935540087076
-0.3851489934089479, -0.3367163288660609, 0.8588058924504742
-0.3465977473482774, -0.37563852166103134, 0.8593327371486174
-0.30548499455418676, -0.41176583035972686, 0.8584920112539935
-0.26106705627533494, -0.44364448626114944, 0.8572747705074399
-0.2130524881348061, -0.4697081125214332, 0.8566435633790737
-0.1618793891294365, -0.4887248148270129, 0.8571151097144205
-0.10867471350027531, -0.5007489780413003, 0.8585062093226907
-0.05448765870216073, -0.5067817244619259, 0.8601207532289442
0.0, -0.5083759032417521, 0.8611352628960985
-8.107442026146318e-16, -0.508375903241752, 0.8611352628960985
0.05440366522693336, -0.5059916790799749, 0.8605912985206942
0.10834136126375381, -0.4992029667219394, 0.8594485170336716
0.16113749869645544, -0.4864801048849299, 0.8585302950743728
0.21174983167701647, -0.4668382528303891, 0.8585310943809927
0.25906061736597286, -0.4402430881822909, 0.8596318073252034
0.3026425101578259, -0.40794509612465324, 0.8613165070987231
0.34281326028153547, -0.371541595170027, 0.8626239460533204
0.3803638684819776, -0.33252588680855755, 0.8625690794588237
0.41496540159732237, -0.29099584105017245, 0.8616316199690294
0.4451575113195091, -0.24625210777877773, 0.8605644027278767
0.4693957421701243, -0.19806553650621903, 0.8601888258558251
0.4866708679463875, -0.1469857844505367, 0.8608927935071521
0.49696766994222136, -0.09407597152828152, 0.8624250872588336
0.5013827711155757, -0.04037956369074561, 0.8639482501853559
0.5016836265950193, 0.013459173714308225, 0.8643976918442857
0.4984536283993509, 0.06712051875708337, 0.8637808665116447
0.49043035761310955, 0.1201837408905127, 0.8626776166072444
0.4761475890939635, 0.1718548816475174, 0.8619819264205999
0.45490567429357365, 0.22104506961261344, 0.8622807086389082
0.4271071254446027, 0.2668258568016678, 0.863555229250065
0.39405533037597484, 0.30894785052275126, 0.8651598320081224
0.3574450478521874, 0.3479907385878737, 0.866064507896836
0.31842085140796816, 0.38453679235826066, 0.8658530039733476
0.27670991900196695, 0.4178327900606699, 0.8648390708770783
0.2316529807704198, 0.44630246166425336, 0.863900269091955
0.183234915538581, 0.46848427494046574, 0.8637990846735721
0.1322155331024552, 0.4836685393992628, 0.8647462925988516
0.07969519724875139, 0.49222356854099114, 0.8663066872455394
0.02659496969897525, 0.49551719449325327, 0.8675667566005776
-0.026573296380469347, 0.49510787231271686, 0.8678019692765575
-0.07950092366137715, 0.49101243510826226, 0.8670133891186029
-0.13168060178487412, 0.48170323749049837, 0.8659267218640939
-0.18219891948793981, 0.46583411696545934, 0.865453646123908
-0.22996349857512022, 0.4430538538612057, 0.8660263293848036
-0.2742254533317774, 0.41409289738892296, 0.8674325106586862
-0.31502065470447776, 0.38043992059090037, 0.868912078327145
-0.3530384057689716, 0.3436989090659257, 0.8695920930691259
-0.38858125550066813, 0.3046444244161663, 0.8691612405853304
-0.4205369088795151, 0.26270949687458167, 0.8680374926401893
-0.4472244995524395, 0.21730779964643795, 0.8672433373353798
-0.46735031392724125, 0.1686841956279828, 0.8674175183120121
-0.4805309707058227, 0.11777098450229434, 0.8685766541811497
-0.48750557349950824, 0.06566128660236625, 0.8701384187056024
-0.48979423114840925, 0.013144153343418168, 0.8712181117608847
-0.48870432321815566, -0.03937124395549235, 0.8712399168160215
-0.48370550059379847, -0.09158414941815345, 0.8702034484503778
-0.4730208498672956, -0.14287511333090958, 0.8691603801305575
-0.4555370260213265, -0.19221625615195354, 0.8689350456430465
-0.4312718870962089, -0.23855333205434548, 0.8697737155792692
-0.40126430548247594, -0.2813594801293645, 0.8712931724903248
-0.36709985912105825, -0.3209113865687342, 0.8726849332924643
-0.33026922725795, -0.3579611304970475, 0.8732035164308575
-0.29115801516778095, -0.39250560407785623, 0.8723861947908631
-0.24891320076835377, -0.4230379473718844, 0.8711976596874387
-0.20317487026607753, -0.44794596828810135, 0.8705869308655872
-0.15437014321874398, -0.4660074017433517, 0.8710531486132189
-0.10360904001626779, -0.4772646377142455, 0.872419934911401
-0.05193286693223205, -0.4827663171164769, 0.8740071921856949
0.0, -0.4841162342193281, 0.8750036981437831
-7.692980295992057e-16, -0.48411623421932803, 0.8750036981437831
0.051843033986912826, -0.4819225077392246, 0.8744781417252023
0.10325230463910716, -0.4756116233192747, 0.8733644615419932
0.15357587993639907, -0.4636049717336537, 0.8724734773334814
0.2017804715513279, -0.4448736750717215, 0.8724818308429857
0.24676741434666927, -0.4193990696990289, 0.8735616058887744
0.2881216318803882, -0.38842279595125023, 0.8752144957455551
0.32622959184587946, -0.35358742288596656, 0.8764953133741243
0.3619899244174868, -0.3164373991091648, 0.8764500175762971
0.39503331559713467, -0.27697797860717677, 0.8755387452047931
0.4238914708287881, -0.23446201891593457, 0.8745042470714358
0.4469942484886746, -0.18861070998604326, 0.8741459087198237
0.46331954656128477, -0.13995295835265906, 0.874839431505847
0.4728818771327257, -0.08954945792532984, 0.8763380177227245
0.4768487189978461, -0.038427589218583955, 0.8778278471938203
0.47706161702774247, 0.012806523044991844, 0.8782749733996649
0.47406846844100864, 0.0638690286973634, 0.8776781569135914
0.46658078979794515, 0.11436959674882255, 0.8766105241511255
0.45307636397427375, 0.1635390914096152, 0.8759417574265407
0.4328161428668903, 0.210298110768531, 0.8762402846831734
0.4062045124554535, 0.25373179104534177, 0.8774860910175597
0.37457617241098184, 0.2936363526320339, 0.8790523202122762
0.3396569086282109, 0.3306664241654953, 0.8799413948200676
0.30256437677372916, 0.3654291615336117, 0.8797409404165752
0.2629959973464652, 0.3971854102386624, 0.8787618559489341
0.22023587651641674, 0.42434653402388656, 0.8778587047480508
0.17422044200305822, 0.4454253635564879, 0.8777688302510575
0.12569172331243014, 0.4597072645703968, 0.8786952401599967
0.07574263304547615, 0.4675975419312367, 0.8802158457844675
0.02527071968692369, 0.47052991232054475, 0.8814476245133187
-0.025247475262753533, 0.47009171761443547, 0.8816829522819474
-0.0755342313006111, 0.46629993480574383, 0.8809236940635441
-0.12511760204389194, 0.4575992379635142, 0.8798793515809742
-0.17310838514051208, 0.44258085717778817, 0.8794298955022581
-0.2184234125248674, 0.42086050424754967, 0.8799923012545825
-0.2603336278386028, 0.3931760369695233, 0.881361033512679
-0.2989240682834571, 0.3610416914305765, 0.882802527246694
-0.3349398018579966, 0.32607246821628694, 0.8834701521925337
-0.36871279785264366, 0.28902848174742196, 0.8830579768997181
-0.3991589512337675, 0.24931932990728017, 0.8819799967826683
-0.4245722877217979, 0.20628782705103435, 0.8812216530685915
-0.44363470435240904, 0.16013547717045898, 0.8813982482349514
-0.4559652055742892, 0.11178031198404387, 0.8825260008324025
-0.46234140660114686, 0.06230382472732935, 0.884043914120291
-0.4643346245734152, 0.012468790600663625, 0.8850978196605461
-0.46327547301504124, -0.037346388792746585, 0.8851237399678251
-0.45866870120805203, -0.08687629535084687, 0.8841320209025656
-0.44867409874002434, -0.13554067807454237, 0.8831357434450967
-0.4321181659975336, -0.1823322436515913, 0.8829271382416104
-0.40899347121636254, -0.2262046737086323, 0.8837440070345712
-0.38034879635406293, -0.26665417011322945, 0.8852181314144226
-0.3477880407736879, -0.3040042213379347, 0.8865714876223593
-0.3128045410340203, -0.33905119513690823, 0.887077294713083
-0.27582112629440614, -0.3718802909352568, 0.8862998315914778
-0.2358861183751436, -0.4009431986713707, 0.8851624330616551
-0.19257684393998056, -0.4245942107432686, 0.8845859754953278
-0.1463112445439374, -0.4416347345919262, 0.8850431043034076
-0.09817440272580871, -0.45209208049301847, 0.8863675127881006
-0.049193355979752655, -0.457050796738526, 0.8879063375631174
0.0, -0.4581537212204887, 0.8888729761511589
-7.250072788360545e-16, -0.4581537212204887, 0.888872976151159
0.049096669668046086, -0.4561439308769742, 0.8883777494762772
0.09779022467441634, -0.4503135110953225, 0.887314430665205
0.14545550943135638, -0.43904718438592355, 0.8864688947742974
0.19107476584827698, -0.42128432029746027, 0.886488678601123
0.23357679505572795, -0.39702560908216117, 0.8875337700391688
0.272557310495829, -0.36749003904972266, 0.8891323409159743
0.3084657613689265, -0.3343529493253259, 0.890370026170753
0.3422971887720464, -0.2991977462510902, 0.890338878297882
0.37364645016447634, -0.2619431934212691, 0.8894718969907819
0.40104618260395625, -0.22180059853139647, 0.8884906731339475
0.4229148577976192, -0.17844804792592656, 0.8881594405529816
0.43822753489263155, -0.13239271176064438, 0.8888351173497377
0.44702713934767313, -0.08468561040525606, 0.890279452930319
0.450537736872007, -0.03633085382123015, 0.891715905244074
0.450656284137109, 0.012105502271864101, 0.8921575687883994
0.4478964416625683, 0.060374425852104244, 0.8915939436977953
0.44095157247030425, 0.10811678256153626, 0.8905830455086459
0.42825944904921026, 0.15459227396848368, 0.8899561994003148
0.4090522040864899, 0.1987387241934484, 0.8902535435796918
0.3837340174243007, 0.2396610912022989, 0.8914540251775029
0.3536578293460728, 0.2771994301922519, 0.8929602688261521
0.3205643214650301, 0.3120726973530756, 0.8938234485128547
0.2855404270244146, 0.3449084953198003, 0.8936409905544337
0.24825670424891416, 0.3749847488849001, 0.892716456316264
0.2079498172730267, 0.40071299837058233, 0.891867867872062
0.16451297483606564, 0.4205956846157374, 0.8917948421837921
0.11866661428282962, 0.4339203170921784, 0.8926889884913064
0.07148802220190063, 0.4411229521476111, 0.894148635061317
0.023845526075401954, 0.44368595390274074, 0.8953360739305064
-0.02382042353336082, 0.4432136039865317, 0.8955715441198056
-0.07126289755398615, 0.43972302371480276, 0.8948577459738627
-0.11804610445176264, 0.43164335900857426, 0.8938770322638612
-0.16331087773890657, 0.4175211047172459, 0.8934628026322085
-0.20599177913122696, 0.39694591828667924, 0.894009480712483
-0.24538381218120792, 0.3706564445152549, 0.8953218505975198
-0.2816160673028099, 0.3401772032093824, 0.8967054918270707
-0.31547996264764644, 0.30712135569970656, 0.8973537571973044
-0.34733384678639706, 0.2722314030354833, 0.8969707536581002
-0.3761258888525596, 0.2348982262354733, 0.8959604474281075
-0.4001422734378409, 0.19440525854324545, 0.8952547962787796
-0.4180549491642117, 0.15091290670498972, 0.8954348683301547
-0.4294882844295773, 0.10531852452547055, 0.8965161639100699
-0.4352476246403804, 0.05868376968543636, 0.8979688616413786
-0.4369384849729293, 0.011740877853061006, 0.8989835708987463
-0.4359059970682374, -0.035163369006765005, 0.8990169491862897
-0.431688662175102, -0.08179780277190803, 0.8980904675536419
-0.4224038347953409, -0.12762342134168822, 0.8971619813433684
-0.4068343487690126, -0.1716614880208612, 0.8969777787428758
-0.38494975204462895, -0.2128820492366485, 0.897762913515781
-0.3577980662544702, -0.25080589261647096, 0.8991707709915968
-0.3269857486604557, -0.2857961257649412, 0.9004671290343074
-0.2939986581121915, -0.31868616879398637, 0.9009556037070463
-0.25929126014083315, -0.3496422382260447, 0.9002349941441019
-0.22182673515314283, -0.3770891174685871, 0.8991720350801123
-0.18112688369293914, -0.3993626486606357, 0.8986440172857815
-0.13760215195175524, -0.4153040247643689, 0.8990882385962101
-0.09230322923032755, -0.4249224161169733, 0.9003516105265904
-0.046235229501047255, -0.4293243552756131, 0.9018199976890495
0.0, -0.43017710846039103, 0.9027445127812502
-6.774184159894686e-16, -0.4301771084603907, 0.9027445127812505
0.046130323728109573, -0.42834189871609674, 0.9022919363934394
0.09188614007133272, -0.42299328397219615, 0.9013011104589117
0.13667269159431739, -0.41249444750191777, 0.9005198394511331
0.17949566296342953, -0.39576780687036833, 0.9005549975998279
0.21932112467852455, -0.37283703558640297, 0.9015513126177402
0.25575364907910914, -0.3448820041281606, 0.9030720215528546
0.2893013635116428, -0.3135989461283024, 0.9042496584362558
0.3210382935391868, -0.2805911328930896, 0.9042372789196133
0.35053053774996695, -0.24569988810946092, 0.9034334919481435
0.37632262200840166, -0.2081028859915301, 0.9025268106038554
0.39683885495720567, -0.16744310455721645, 0.9022328244914288
0.41106359563494177, -0.12420467357836143, 0.9028829879989636
0.4190665116336717, -0.07942005423527781, 0.9042518979900178
0.4221109326362, -0.03406161590422745, 0.9056142313374478
0.4221266199507017, 0.011346813594768806, 0.9060469963769671
0.41959437216486656, 0.056589896671972464, 0.9055303737318314
0.41319940876601663, 0.10134061878511291, 0.9045981006096682
0.40135891162378556, 0.14489226592202153, 0.9040286231148074
0.38328897755293523, 0.18620927193657294, 0.9043238000109501
0.3593909714070389, 0.22442406694240769, 0.9054618379411294
0.33102027792852395, 0.2594182916428408, 0.9068857689062803
0.299913117464102, 0.29196223401131544, 0.9077122116918213
0.26712082883540966, 0.32269844997985164, 0.9075550530039982
0.2322908127590777, 0.3509258037642031, 0.9067055507649846
0.19462360061922795, 0.3750712958694205, 0.9059310293905356
0.15397560203206317, 0.39364538674739113, 0.9058805452698298
0.11104095494471271, 0.4059463785475361, 0.9067306180688743
0.06687138913896014, 0.4124335244759391, 0.9081074593985887
0.022299291495812182, 0.41461699148143993, 0.9092337975025487
-0.02227193858788587, 0.4141032501148195, 0.9094694401464897
-0.06662599237824979, 0.41090957612892043, 0.9088179617424827
-0.11036421250487763, 0.40346463708908464, 0.9079228680326271
-0.15266435215660928, 0.3902918872298039, 0.9075558246017856
-0.19248908779512106, 0.3709635033495946, 0.9080811793655541
-0.2291627426912645, 0.34621089216669854, 0.9093176891219897
-0.2628522276439109, 0.3175504463327699, 0.9106229125757617
-0.2943837178949779, 0.28657781011327493, 0.9112444859756288
-0.3241380374220546, 0.25401379883143643, 0.9109017255855563
-0.35110092707848006, 0.21923647900026555, 0.9099817376228847
-0.3735715770385535, 0.18148401149309062, 0.9093461857377736
-0.3902295882440273, 0.1408785911923765, 0.9095308621504709
-0.4007084683202594, 0.09828901401531492, 0.9105501831729896
-0.4058283231514681, 0.05474713999970887, 0.9119155087077945
-0.407208146335871, 0.010949578246297834, 0.9128769503846064
-0.40619645840775304, -0.03278950697149596, 0.9129214548428073
-0.40236414540794624, -0.07627204130798178, 0.9120814371516331
-0.393811596845287, -0.11900261877323161, 0.9112423936825131
-0.37929814995470545, -0.16004055829316388, 0.9110905522940147
-0.3587732591710081, -0.19838271032276875, 0.9118337604167603
-0.33327128849343124, -0.2335765022696983, 0.9131536811220153
-0.30438216133924173, -0.26601591967725274, 0.9143735831595952
-0.2735715716576982, -0.2965621557835338, 0.9148401461570271
-0.24130840933285627, -0.3254413064414461, 0.9141927500176273
-0.20651622461408897, -0.35110316205230935, 0.9132299464011444
-0.16864547466212504, -0.3718552327723175, 0.9127646649285399
-0.12810557731746722, -0.3866017328029026, 0.9131921158394749
-0.08590318197662129, -0.39533326131372104, 0.9143751711100743
-0.043012136426385746, -0.3991615243360749, 0.9157501589010559
0.0, -0.3997599517366429, 0.9166198672227857
-6.259135368176144e-16, -0.39975995173664286, 0.9166198672227855
0.04289709078883485, -0.3980858380437152, 0.9162226941476681
0.08544549618105253, -0.39321839590334906, 0.9153274623204929
0.12708517505075945, -0.3835182618207741, 0.9146299065185316
0.16685495670278908, -0.3679089145222498, 0.9146844323661864
0.20376716395810646, -0.3464365222080402, 0.9156179265368152
0.23743279714141932, -0.3202243917547949, 0.9170347208889746
0.26843217564193544, -0.29099524529753223, 0.9181359476978483
0.2978715847148006, -0.2603194660778092, 0.9181469796737011
0.32530659763477643, -0.22798323140850515, 0.9174261960842394
0.3493075118065184, -0.1931408424543024, 0.9166160795234556
0.3683254997720331, -0.15540995925060835, 0.9163697504787167
0.38136910505649685, -0.11524990723170564, 0.9169864506623988
0.38853262076264006, -0.07366355724429914, 0.9182581120682709
0.3910974567197498, -0.03158137987137761, 0.9195248214847253
0.3909984199309811, 0.010517540254122163, 0.9199448959030563
0.388684752888784, 0.052450369066254075, 0.9194898084219068
0.38284655661094247, 0.09392332258452846, 0.9186588905907318
0.3719043726408672, 0.134269041495422, 0.9181626863795428
0.355073868944224, 0.172490122027938, 0.9184546456385791
0.3327502950366981, 0.207755991455252, 0.919512601297419
0.3062721751745098, 0.2399870860436703, 0.9208311263444513
0.2773476826229744, 0.2699889819376757, 0.9216093458597844
0.2469860716028341, 0.298412148529984, 0.9214852023692375
0.2148164795721595, 0.3245815077505484, 0.9207320784222779
0.18001745325897128, 0.34695853952938216, 0.920051737616217
0.14241649889768004, 0.36408426937827365, 0.9200296410656454
0.10267554872208759, 0.3752785153570819, 0.9208234849822716
0.06180852755142528, 0.3810145332830553, 0.9220949624968138
0.020603777456515045, 0.3828047852838894, 0.9231426252980337
-0.02057360709342016, 0.3822392678555814, 0.9233784724145622
-0.06153776694209334, 0.3793354391362352, 0.9228069969236903
-0.10192846438276926, 0.3725406045818005, 0.9220202381938299
-0.1409687112940477, 0.3603818723315021, 0.9217126967786456
-0.17766217530623046, 0.3424245416036701, 0.9222109905846878
-0.21136917697719923, 0.31938294731957567, 0.9233515372573755
-0.2422868461359095, 0.29274285272438283, 0.9245568979540304
-0.2712616038657413, 0.26406284000785846, 0.9251440217643514
-0.29869157516812805, 0.23403661965833272, 0.9248532562137876
-0.3236072396331111, 0.20203711552059514, 0.9240470220936369
-0.3443464324393789, 0.16727476485107998, 0.9234995063993732
-0.35961814669224235, 0.12983718038345538, 0.9236899988665411
-0.3690699787646189, 0.09055479151743205, 0.9246313783257115
-0.3735210229978363, 0.05041732264443917, 0.9258863060880196
-0.37457808816430893, 0.0100794999768798, 0.9267796369654826
-0.3735784274152209, -0.030178352645200076, 0.9268393381861033
-0.3701241972422246, -0.07019003646196179, 0.9261078228187647
-0.3623305000354256, -0.10950655517031717, 0.9253805453639233
-0.3489581931931177, -0.14723685620195845, 0.925269327914195
-0.3299404740459708, -0.18241774471407352, 0.9259601660961448
-0.3062822485468702, -0.21462615862546125, 0.9271696890862368
-0.27953336328683986, -0.24427624132537706, 0.928292682884077
-0.25112299135082233, -0.27224475719454855, 0.9287327549923298
-0.22151907104646584, -0.2987992598258724, 0.9281760977249603
-0.18963129318419028, -0.32243736392376, 0.9273414780541223
-0.15487603509988979, -0.3415059185976797, 0.9269518058589629
-0.11762517786185132, -0.3549363144894352, 0.9273586028445479
-0.07884209247358158, -0.36271963113088385, 0.9284414052147945
-0.03945767831303326, -0.3659521744571952, 0.9296989452907404
0.0, -0.3662901421143713, 0.9305006887637611
-5.696105280029685e-16, -0.3662901421143712, 0.9305006887637611
0.03932963394333773, -0.3647569721556323, 0.9301721498889823
0.07833237139239538, -0.3603666523289645, 0.9293967137657918
0.11648821630055768, -0.3515017595665678, 0.9288029922851961
0.15288135191346952, -0.3371091444377119, 0.9288809054195111
0.1865706459163165, -0.3172401372618705, 0.9297387354314057
0.2172118430229545, -0.29299897704596656, 0.9310236971574836
0.24541688095064437, -0.2660629375538228, 0.9320307445178931
0.2723009231391944, -0.23794979486730689, 0.9320698235922746
0.2974238107256028, -0.20840819010756056, 0.9314528977490768
0.31939977096593386, -0.17658272633750716, 0.9307621937959383
0.3367331709425542, -0.142077942030764, 0.9305741869266709
0.34847532852310265, -0.10532586560755391, 0.9311491694643754
0.3547425211042491, -0.06728580765375047, 0.9323010815106534
0.3568079026567002, -0.028833841987966593, 0.9334498136046452
0.3565765011993809, 0.009598772462198462, 0.9338529561163951
0.354466888058169, 0.04786045767738463, 0.9334747850051095
0.3491916146052506, 0.085692064046459, 0.9327688850973903
0.3392048499388466, 0.12247286815209882, 0.9323623188045642
0.3237412418280712, 0.1572582311536594, 0.9326499277127148
0.3031856787987367, 0.18926672703420322, 0.9336096306653883
0.27883579004226067, 0.21845418169231579, 0.9347988208987934
0.2523422709502734, 0.24564131782952542, 0.9355165541404296
0.22466324701095347, 0.27147710551976145, 0.9354336324678031
0.19541631141478086, 0.29531959236989014, 0.9347992172435975
0.1637761886565567, 0.3156891519499046, 0.9342338049284873
0.12955131137995696, 0.3311856582151435, 0.9342460875251632
0.09336379477312273, 0.34116406510847563, 0.9349711979084141
0.056174282230282924, 0.34610030696483374, 0.9361139913618433
0.01871696437651823, 0.3474772931775943, 0.9370644497351149
-0.01868311203207491, 0.3468441203023932, 0.93730053348116
-0.05587038327734585, 0.34421849179094954, 0.9368277072661115
-0.09252482888654145, 0.33809150524431786, 0.9361727707364642
-0.1279251840230247, 0.32702753758308556, 0.9359374056049121
-0.16113251009150698, 0.3105984089840731, 0.9364027655675294
-0.19155188184113933, 0.28948911220035267, 0.9374266131623241
-0.21940130780692985, 0.265126631073251, 0.9385096563953379
-0.2455288039048657, 0.23900733021564713, 0.9390540597755448
-0.27034265896994486, 0.2117902929889297, 0.9388278626202309
-0.29292825443488446, 0.18285373619854056, 0.938159686520319
-0.31169452329480585, 0.15140268513196134, 0.9377186891025973
-0.32540741957157576, 0.11749477629839838, 0.9379163035091251
-0.3337353012634299, 0.08190952628273532, 0.9387633200332401
-0.3374767594408803, 0.045578795043195466, 0.939883847756672
-0.33819376151559394, 0.009107406984097198, 0.9406933000528392
-0.33719219924965027, -0.027259737585326793, 0.9407727779708214
-0.33410515437413657, -0.06338705428015944, 0.9401727186863492
-0.3271030141593326, -0.09887553771815272, 0.9395802296284586
-0.31497994696515197, -0.13289833194379386, 0.9395182269140244
-0.2976580642617675, -0.16454924920141067, 0.9401460165042197
-0.2760930413428154, -0.1934389509943502, 0.9412218065242011
-0.2517647622875071, -0.21998835611476425, 0.942226260152621
-0.22604392345431276, -0.2450731558040817, 0.9426352994267679
-0.19938561379831793, -0.2689885612858662, 0.9421885161723467
-0.17071219607412322, -0.2903065075959837, 0.9415082901661048
-0.13942804532573944, -0.3074532336044426, 0.9412095675018359
-0.10586189067785834, -0.3194065767464927, 0.9415918403525211
-0.07091844297865031, -0.32615851500039167, 0.9425537503179264
-0.035470518883681565, -0.3287641939455357, 0.9436685254467748
0.0, -0.3288315187984787, 0.9443886023479349
-5.07167396100527e-16, -0.3288315187984779, 0.9443886023479351
0.0353248553948238, -0.32740694974860646, 0.9441424698864223
0.07033820438252633, -0.32348273485247614, 0.9435123128775136
0.10456698895028153, -0.3154962259000772, 0.9430432588931918
0.13715671587603473, -0.3024461184184453, 0.9431485702167244
0.16723098434607447, -0.2843928848556201, 0.9439152460469122
0.19449408326966924, -0.2623984616177685, 0.9450423841076372
0.2195694239677745, -0.23805760422487698, 0.9459358957585955
0.24355362508798015, -0.21280774657470358, 0.9460076090588809
0.26602296463512815, -0.18637397885314058, 0.9455166425626521
0.28566049535504745, -0.1579102386320941, 0.9449691105003583
0.30105800149397166, -0.12702356287968936, 0.9448503214318488
0.3113335933471481, -0.09411499965523934, 0.9453749984821299
0.31662227116764613, -0.06008202265634928, 0.9463839529609549
0.31815534905024584, -0.025730336988264813, 0.9473913745101759
0.31776277473686165, 0.008560671317745818, 0.9477727609784371
0.3158322561800365, 0.042669406684686585, 0.9474879161520325
0.31112370902369074, 0.07637325130736153, 0.9469317573556071
0.3021646927921649, 0.10910779932635813, 0.9466316580151943
0.2882337941604755, 0.1400004199214449, 0.9469136795110786
0.2696999559773755, 0.16833497062798716, 0.9477564078276195
0.24778903126663576, 0.19409856450014246, 0.9487913959362584
0.22405609589679204, 0.21810100675765914, 0.9494354124613084
0.19939482363081035, 0.24097647347389245, 0.949402521670181
0.17342098409795315, 0.2621264513457386, 0.9489103016599005
0.14532978760249413, 0.28016305661165036, 0.9484812341634996
0.11492315940612041, 0.29378193689801696, 0.9485340178931992
0.08277317119403543, 0.3023912005999094, 0.9491775362894704
0.049766850970356935, 0.306455216067967, 0.9501674925138794
0.016570992550465773, 0.307386201776253, 0.9510010550683495
-0.01653201165458762, 0.3066587551469435, 0.9512374036955937
-0.049416798550250114, 0.3042909638302502, 0.9508830401473821
-0.08180627319827428, 0.2988525929793783, 0.9503842535075785
-0.11304874062331484, 0.28898931973793274, 0.9502340952515809
-0.14228448330247873, 0.2742970712115326, 0.9506605230951222
-0.16897541585913103, 0.2554157090824143, 0.9515462644048492
-0.19334874930529747, 0.23367685894684126, 0.9524833347713371
-0.216229078841097, 0.21048068239445847, 0.9529761023225245
-0.238024463043113, 0.1864405778159787, 0.9528280718769178
-0.2578904991067055, 0.16095513680179058, 0.9523232360515972
-0.2743502352890038, 0.13325346503938595, 0.9520078010533704
-0.28626308260445366, 0.10336919978003195, 0.952213959728353
-0.2933276774627092, 0.07201420917912067, 0.9529497313316315
-0.2962972799753618, 0.04004147692130485, 0.9539107207526405
-0.29664560520315336, 0.007995015080174916, 0.9546193753713852
-0.29561802850640423, -0.023917911014258462, 0.954723873406629
-0.29288001623177257, -0.055591079936144955, 0.9542792933962687
-0.28671175971739477, -0.08668042324532288, 0.9538453487628265
-0.2759828608461814, -0.11644258438204866, 0.9538415095539323
-0.26061167074426766, -0.14405156870206548, 0.9543953592907551
-0.24147893950664545, -0.16915834753763698, 0.95531309758212
-0.21995491635163247, -0.19217340622439208, 0.9561759255053414
-0.19732058048542447, -0.21394739816137917, 0.9565494678632757
-0.174003319724267, -0.23478643355765366, 0.9562328635799752
-0.14897357460768137, -0.25337304091687474, 0.9557338471895921
-0.12165056818888713, -0.2682613083851464, 0.9555421941514519
-0.09231671583353915, -0.278508549496038, 0.9558961365518769
-0.061795568158385335, -0.2841069257840386, 0.9567157442279423
-0.03088115302344405, -0.28603690466491083, 0.9576608937861987
0.0, -0.285814540684478, 0.9582849515323304
-4.36345720932377e-16, -0.285814540684478, 0.9582849515323304
0.03070937040636668, -0.2844393071591238, 0.9581356328694062
0.0611108189508744, -0.28095248603580775, 0.9576777911489663
0.0907877843569384, -0.27389304261717606, 0.9573550138814414
0.1189693212031728, -0.2623498876048294, 0.9574916567602141
0.14486898253947414, -0.24639770790948787, 0.9581510938104814
0.16824521871820214, -0.22702510547646848, 0.9590935201569867
0.18970616496782297, -0.2056950390066371, 0.9598529726495731
0.2102921029021817, -0.18372574865767735, 0.9599617887033112
0.2296121106814359, -0.16083707928618599, 0.9596204326138675
0.24645475364983144, -0.13622066842954758, 0.9592408669170235
0.2595465927721559, -0.10950712703726474, 0.9592023885085139
0.2681056058826147, -0.08106078218295151, 0.9596677908653846
0.2722816396548356, -0.051691997979809105, 0.9605098197347041
0.27321932101633123, -0.022114382213343012, 0.9613514147544348
0.27261096527165624, 0.007350404429807978, 0.9617054250422318
0.2708106965654731, 0.03660953671478044, 0.9615316261662227
0.26666398168793526, 0.06547976101933423, 0.9611511914472874
0.2588276679822845, 0.09346696734950914, 0.9609748467084881
0.24665840475169853, 0.1197977369747775, 0.9612499026125658
0.23050161893166193, 0.14384422283096088, 0.9619563572915529
0.2114695095986962, 0.16562003578383067, 0.9628111716048415
0.19096880634525473, 0.18588842612360276, 0.9633669645303831
0.16980742363928217, 0.205248390065858, 0.9633936904025966
0.1476145748389563, 0.22316124937605003, 0.9630685783963406
0.12364094499584963, 0.23837867772560967, 0.9627979827948301
0.09769889607468685, 0.24974380777252503, 0.962897492342499
0.07029573714368975, 0.25674360494665094, 0.9634462049472542
0.042216304020813666, 0.25981230598384214, 0.964258223210481
0.01404116471197692, 0.2602349697081711, 0.9649536970305752
-0.013994252952022274, 0.25936159441992185, 0.9651903245745933
-0.04179487360495296, 0.25721098600616965, 0.9649757315006906
-0.06913105322010928, 0.2524842527354125, 0.9646583674913443
-0.09544066301492729, 0.24397032573498198, 0.9646067912295407
-0.11997457264207492, 0.23131403927006564, 0.9649881803624216
-0.14226975496064118, 0.21508869503280048, 0.9657136773390587
-0.16254753072949046, 0.19647973971671182, 0.96647960012928
-0.18157290971564155, 0.17674130317517756, 0.9669109535870372
-0.1997372116599062, 0.15642329956410223, 0.9668560521271407
-0.21629164298870507, 0.1349686924888468, 0.9665409927829403
-0.22993520323533767, 0.11167257308613512, 0.966370735277565
-0.2396729151744632, 0.08655271631903878, 0.9665870115101085
-0.24524869507335423, 0.060229322832144, 0.9671941884562083
-0.24733705881677917, 0.03344606919423724, 0.9679691007706456
-0.24726116340118892, 0.006669815585296828, 0.9685585069401691
-0.24615950429829522, -0.01993327772184431, 0.9686941858333347
-0.24373570816476087, -0.046285268001824045, 0.9684304309224098
-0.2384594706331807, -0.07210473296054781, 0.968179569756649
-0.22933610377035651, -0.0967597488529289, 0.9682432480179138
-0.216291596062053, -0.11953882430907718, 0.9687120998794557
-0.20009612525383313, -0.1401447034267648, 0.9694462858968067
-0.18195318618250858, -0.1589539310121037, 0.9701424873544923
-0.16300518950245918, -0.17675436517170898, 0.9704762180264557
-0.14363085436166678, -0.19384006656311897, 0.9703115170283967
-0.1229014006345487, -0.2090593102296073, 0.9700215021929498
-0.10028957121534113, -0.22116408990016556, 0.9699536788889953
-0.07602693299027238, -0.22934009760851626, 0.9702756358084491
-0.050822847641512646, -0.2335811983953828, 0.9709306513659306
-0.025361464885302033, -0.234746396363577, 0.9716773061303667
0.0, -0.2341928840937981, 0.9721901527169614
-3.528226483183409e-16, -0.23419288409379888, 0.9721901527169613
0.025143573512097124, -0.23272409695506657, 0.9721528380122056
0.04995366595716101, -0.22958143136485062, 0.971896347821963
0.07408512204625516, -0.22348021770907325, 0.971742320110745
0.09688514669300617, -0.21365742472810142, 0.971914029388531
0.11769642820665865, -0.20021027704716557, 0.972449454035487
0.1363417500068246, -0.1840099168041376, 0.9731792346564645
0.15337596936193482, -0.16631610933037114, 0.9737825121833059
0.1697252121304584, -0.1482670729850451, 0.9739326596115512
0.18505580800979196, -0.12960381615982058, 0.9737666471945242
0.19832357821205618, -0.10960377423403882, 0.9735810829639434
0.20846426183047928, -0.08795307716072194, 0.9736341141555592
0.2148477227095269, -0.06496957877809074, 0.9740308065264407
0.2176353133230898, -0.041337729547580374, 0.9746810830191963
0.21781956385738732, -0.01764574524354221, 0.9753307615402196
0.216858067677692, 0.0058523843854276485, 0.9756505764482263
0.21506218285378026, 0.029091758449362886, 0.9756073555642241
0.21143075614471799, 0.05193352577105285, 0.9754302395941202
0.20484021361250332, 0.07397743069514323, 0.9753953694161832
0.19477881404483957, 0.0945936298998151, 0.9756618555093994
0.18155792999256315, 0.11328059961134364, 0.9762121131728356
0.16611289057251896, 0.13007367839377537, 0.9768593595955788
0.1496191558750422, 0.14563493882250705, 0.9773105441779071
0.13275914808890385, 0.16049178055019367, 0.9774075663290852
0.11520365866502533, 0.17419610953370546, 0.9772764043949287
0.09631740788003999, 0.1857206641204071, 0.977187183650964
0.07594916876434885, 0.19414016713759794, 0.9773396788628157
0.05451724776496661, 0.19906367301864708, 0.9777800095399853
0.032658153974098575, 0.2008694982966619, 0.9783878144616327
0.01083482845628219, 0.20062751244713556, 0.9789218365986773
-0.010772794197299602, 0.19947557340265587, 0.9791587097955378
-0.03210064993017679, 0.19743422961946666, 0.9791073152807754
-0.05297567125306882, 0.19343032652238049, 0.9789977804252283
-0.07295969138743019, 0.18649783720167012, 0.9790584651676688
-0.09146719911927204, 0.1763716851878988, 0.979388627972319
-0.10814318173217138, 0.1635262246778117, 0.9799308897713024
-0.12318212657364969, 0.1489194066205854, 0.980498333936938
-0.1372283988314002, 0.1335731721329381, 0.9808571860154133
-0.1506254989889304, 0.1179397660279735, 0.9809123948966709
-0.16277088142705626, 0.1015524422939093, 0.9808150412327572
-0.1726449547179985, 0.08384206625855702, 0.9808101556436735
-0.17948651678143296, 0.06482326057700263, 0.9810383280994965
-0.18311378357836045, 0.044984262579100986, 0.981499081540357
-0.18407196621460223, 0.024907325914627222, 0.9820594362855736
-0.1834285510463228, 0.004952605546628434, 0.9825088289919138
-0.18212665547769374, -0.014761600088989663, 0.9826832651499982
-0.17992640119932707, -0.03418532436301038, 0.9826275106516748
-0.17562625477796193, -0.053114761330807884, 0.9825851363933408
-0.16846946361034038, -0.0710780152441101, 0.9827261680586947
-0.15841146323827, -0.08753892282132816, 0.9830988846894081
-0.14605478512970882, -0.1022765913947157, 0.9836224418880644
-0.13233876559976382, -0.11559703043522246, 0.984124137131707
-0.11817481770621434, -0.1281537171946703, 0.9844140137829406
-0.1038581316315523, -0.14019212309313575, 0.9844250244573307
-0.08865529701285625, -0.15082817654881536, 0.9843729660183859
-0.07215848479343182, -0.15913324153403052, 0.9844464760165842
-0.054540647950989285, -0.1645086171706147, 0.9847331209284543
-0.03633913417550602, -0.16695908945661184, 0.9852001491745103
-0.018071671809025962, -0.167146046099784, 0.9857164564931765
0.0, -0.1661431432737321, 0.9861016458474878
