37.01166571329239, 42.512605906405064, -0.09999989999321635
35.02465969209, 42.50716098609452, -0.10119750478363551
33.0380632984666, 42.501716065783974, -0.10239510957405466
31.051876532422156, 42.49627114547342, -0.10359271436447383
29.066099393956698, 42.49082622516288, -0.10479031915489301
27.080731883070218, 42.48538130485233, -0.10598792394531216
25.095773999762716, 42.47993638454179, -0.10718552873573133
23.111225744034186, 42.47449146423124, -0.10838313352615049
21.12708711588463, 42.46904654392069, -0.10958073831656964
19.14335811531406, 42.463601623610145, -0.11077834310698881
17.160038742322463, 42.4581567032996, -0.11197594789740797
15.177128996909843, 42.45271178298904, -0.11317355268782714
13.194628879076197, 42.4472668626785, -0.1143711574782463
11.21253838882153, 42.441821942367945, -0.11556876226866547
9.230857526145838, 42.43637702205741, -0.11676636705908462
7.249586291049129, 42.430932101746855, -0.11796397184950379
5.2687246835313895, 42.42548718143631, -0.11916157663992295
3.2882727035926225, 42.420042261125765, -0.1203591814303421
1.3082303512328428, 42.41459734081522, -0.12155678622076128
-0.6714023735479657, 42.409152420504675, -0.12275439101118044
-2.6506254707497927, 42.40370750019412, -0.1239519958015996
-4.6294389403726495, 42.39826257988358, -0.12514960059201877
-6.607842782416529, 42.39281765957303, -0.12634720538243793
-8.585836996881431, 42.38737273926249, -0.1275448101728571
-10.563421583767356, 42.381927818951944, -0.12874241496327626
-12.540596543074308, 42.3764828986414, -0.1299400197536954
-14.517361874802274, 42.37103797833085, -0.1311376245441146
-16.49371757895127, 42.3655930580203, -0.13233522933453373
-18.469663655521288, 42.36014813770976, -0.1335328341249529
-20.44520010451233, 42.35470321739921, -0.13473043891537206
-22.420326925924385, 42.34925829708867, -0.13592804370579123
-24.39504411975748, 42.343813376778115, -0.1371256484962104
-26.36935168601159, 42.33836845646758, -0.13832325328662956
-28.343249624686727, 42.33292353615701, -0.13952085807704873
-30.3167379357829, 42.327478615846466, -0.14071846286746786
-32.289816619300076, 42.32203369553592, -0.14191606765788706
-34.262485675238274, 42.31658877522538, -0.1431136724483062
-36.23474510359751, 42.31114385491483, -0.1443112772387254
-38.20158283594178, 42.21396258781292, -0.14550888202914447
-40.07518015168207, 41.64966858577306, -0.14670648681956364
-41.508518284463875, 40.337467450447605, -0.14790409160998277
-42.169942071344266, 38.48908351138271, -0.14910169640040194
-42.2839192533621, 36.51701369933298, -0.1502993011908212
-42.27847433305156, 34.53866106073648, -0.15149690598124035
-42.27302941274101, 32.56071804971896, -0.15269451077165952
-42.267584492430466, 30.583184666280424, -0.15389211556207866
-42.26213957211992, 28.60606091042085, -0.15508972035249785
-42.25669465180937, 26.629346782140267, -0.156287325142917
-42.251249731498824, 24.65304228143865, -0.15748492993333615
-42.24580481118828, 22.677147408316017, -0.15868253472375532
-42.240359890877734, 20.70166216277235, -0.15988013951417449
-42.23491497056718, 18.726586544807677, -0.16107774430459365
-42.22947005025664, 16.751920554421968, -0.16227534909501282
-42.2240251299461, 14.777664191615248, -0.16347295388543198
-42.21858020963555, 12.803817456387485, -0.16467055867585112
-42.213135289324995, 10.830380348738714, -0.1658681634662703
-42.20769036901445, 8.857352868668912, -0.16706576825668945
-42.202245448703906, 6.884735016178087, -0.16826337304710864
-42.196800528393354, 4.912526791266235, -0.16946097783752778
-42.191355608082816, 2.9407281939333725, -0.17065858262794695
-42.18591068777227, 0.9693392241794916, -0.1718561874183661
-42.18046576746172, -1.001640117995427, -0.17305379220878525
-42.175020847151174, -2.972209832591372, -0.17425139699920444
-42.16957592684063, -4.942369919608337, -0.17544900178962358
-42.164131006530084, -6.912120379046316, -0.17664660658004278
-42.15868608621953, -8.88146121090533, -0.1778442113704619
-42.15324116590899, -10.850392415185368, -0.17904181616088108
-42.14779624559844, -12.81891399188645, -0.18023942095130024
-42.14235132528789, -14.787025941008544, -0.1814370257417194
-42.136906404977346, -16.75472826255163, -0.18263463053213858
-42.1314614846668, -18.72202095651577, -0.1838322353225577
-42.12601656435625, -20.688904022900893, -0.1850298401129769
-42.120571644045704, -22.655377461707083, -0.18622744490339604
-42.11512672373516, -24.621441272934295, -0.18742504969381524
-42.10968180342462, -26.58709545658251, -0.1886226544842344
-42.10423688311407, -28.552340012651744, -0.18982025927465357
-42.09879196280352, -30.517174941142002, -0.1910178640650727
-42.09334704249298, -32.481600242053304, -0.1922154688554919
-42.08790212218243, -34.44561591538561, -0.19341307364591104
-42.082454183827195, -36.40922192943344, -0.19461067843633018
-41.95141573187945, -38.363327320299376, -0.19580828322674923
-41.31309834636765, -40.197962891369556, -0.1970058880171684
-39.88521603646385, -41.49910337303387, -0.1982034928075876
-37.9948475091004, -42.00815427235867, -0.1994010975980067
-36.0266615749544, -42.0552326003192, -0.200598702388426
-34.05696231896378, -42.04978768000865, -0.20179630717884517
-32.08767269055214, -42.044342759698104, -0.20299391196926433
-30.118792689719484, -42.03889783938756, -0.2041915167596835
-28.15032231646579, -42.03345291907701, -0.20538912155010267
-26.18226157079107, -42.02800799876646, -0.20658672634052183
-24.21461045269534, -42.02256307845592, -0.207784331130941
-22.247368962178584, -42.017118158145365, -0.20898193592136016
-20.280537099240796, -42.01167323783482, -0.2101795407117793
-18.314114863881983, -42.006228317524275, -0.2113771455021985
-16.34810225610216, -42.00078339721373, -0.21257475029261763
-14.382499275901303, -41.995338476903186, -0.2137723550830368
-12.417305923279436, -41.989893556592634, -0.21496995987345596
-10.452522198236544, -41.98444863628209, -0.21616756466387516
-8.48814810077261, -41.979003715971544, -0.2173651694542943
-6.524183630887656, -41.97355879566099, -0.21856277424471343
-4.56062878858168, -41.968113875350454, -0.21976037903513262
-2.5974835738547215, -41.9626689550399, -0.2209579838255518
-0.6347479867066822, -41.95722403472936, -0.22215558861597096
1.3275779728623485, -41.95177911441881, -0.22335319340639012
3.289494304852421, -41.94633419410826, -0.2245507981968093
5.251001009263482, -41.940889273797715, -0.22574840298722842
7.212098086095595, -41.93544435348717, -0.2269460077776476
9.172785535348755, -41.92999943317662, -0.22814361256806678
11.1330633570229, -41.924554512866074, -0.22934121735848592
13.092931551118072, -41.91910959255553, -0.2305388221489051
15.05239011763426, -41.913664672244984, -0.23173642693932425
17.011439056571497, -41.908219751934425, -0.23293403172974342
18.970078367929737, -41.90277483162388, -0.23413163652016256
20.92830805170901, -41.897329911313335, -0.23532924131058172
22.886128107909332, -41.89188499100279, -0.23652684610100091
24.843538536530634, -41.886440070692245, -0.23772445089142005
26.800539337572985, -41.88099515038169, -0.23892205568183922
28.757130511036326, -41.87555023007115, -0.24011966047225838
30.713312056920728, -41.8701053097606, -0.24131726526267755
32.669083975226144, -41.86466038945006, -0.2425148700530967
34.62444626595257, -41.859215469139514, -0.24371247484351585
36.5793411407154, -41.85027163498239, -0.24491007963393505
38.52155062980566, -41.69648362592096, -0.24610768442435402
40.31077391155212, -40.96827818748792, -0.2473052892147732
41.45410991667933, -39.419712977827565, -0.24850289400519235
41.81826864480557, -37.501806942703055, -0.24970049879561151
41.826545947276216, -35.54061294015381, -0.2508981035860308
41.82110102696567, -33.57956706676909, -0.25209570837645
41.815656106655126, -31.61893082096333, -0.2532933131668692
41.810211186344574, -29.65870420273653, -0.25449091795728834
41.80476626603403, -27.69888721208875, -0.2556885227477075
41.799321345723484, -25.73947984901991, -0.2568861275381267
41.79387642541294, -23.7804821135301, -0.2580837323285458
41.788431505102395, -21.82189400561916, -0.25928133711896495
41.78298658479184, -19.863715525287276, -0.26047894190938414
41.7775416644813, -17.905946672534412, -0.26167654669980334
41.77209674417075, -15.948587447360426, -0.2628741514902225
41.76665182386021, -13.991637849765521, -0.2640717562806416
41.76120690354966, -12.035097879749545, -0.2652693610710608
41.75576198323911, -10.078967537312545, -0.26646696586148
41.750317062928566, -8.123246822454512, -0.26766457065189914
41.74487214261802, -6.1679357351754645, -0.26886217544231833
41.73942722230748, -4.213034275475438, -0.2700597802327374
41.73398230199693, -2.2585424433542878, -0.27125738502315666
41.72853738168638, -0.30446023881217016, -0.2724549898135758
41.723092461375835, 1.649212338150924, -0.27365259460399494
41.71764754106529, 3.6024752875351496, -0.27485019939441413
41.712202620754745, 5.555328609340313, -0.2760478041848333
41.7067577004442, 7.507772303566554, -0.27724540897525246
41.70131278013365, 9.459806370213792, -0.2784430137656716
41.695867859823096, 11.411430809282058, -0.2796406185560908
41.69042293951256, 13.362645620771376, -0.28083822334650993
41.684978019202006, 15.31345080468165, -0.28203582813692907
41.67953309889146, 17.263846361013037, -0.28323343292734826
41.67408817858092, 19.21383228976534, -0.28443103771776745
41.668643258270365, 21.163408590938715, -0.2856286425081866
41.66319833795983, 23.112575264533117, -0.28682624729860573
41.657753417649275, 25.061332310548543, -0.2880238520890249
41.65230849733873, 27.00967972898499, -0.28922145687944406
41.646863577028185, 28.957617519842465, -0.2904190616698632
41.64141865671763, 30.905145683120956, -0.2916166664602824
41.63597373640709, 32.85226421882047, -0.2928142712507016
41.63052881609654, 34.79897312694096, -0.2940118760411207
41.623867976453454, 36.74522992802295, -0.29520948083153986
41.44805814005257, 38.678443508690606, -0.29640708562195883
40.60896747592157, 40.41008820211389, -0.29760469041237797
38.94445006696289, 41.372762829966696, -0.2988022952027971
37.0116651132924, 41.603304214543805, -0.2999998999932163
37.01166571329239, 41.6033042145438, -0.2999998999932165
36.04927146400976, 41.599412834889634, -0.3005969149185897
35.09655776428433, 41.59126291911547, -0.3011939298439628
34.14885292567284, 41.5808765653761, -0.30179094476933593
33.198020298790375, 41.58158731767758, -0.30238795969470905
32.24890682306993, 41.58639138765775, -0.30298497462008217
31.298706715835266, 41.59030570491015, -0.30358198954545534
30.346764431126562, 41.59032064313596, -0.30417900447082846
29.39473282538057, 41.58865039184794, -0.3047760193962016
28.442722609977775, 41.58681866401096, -0.30537303432157475
27.490736038038577, 41.58498693617397, -0.3059700492469479
26.53877310956297, 41.58315520833699, -0.306567064172321
25.586833824550965, 41.58132348050001, -0.30716407909769416
24.634918183002554, 41.57949175266303, -0.3077610940230673
23.683026184917736, 41.577660024826045, -0.3083581089484404
22.731157830296517, 41.575828296989066, -0.3089551238738135
21.77931311913889, 41.57399656915208, -0.30955213879918664
20.827492051444867, 41.5721648413151, -0.31014915372455987
19.875694627214433, 41.570333113478114, -0.31074616864993293
18.923920846447597, 41.568501385641135, -0.3113431835753061
17.972170709144354, 41.566669657804155, -0.3119401985006792
17.02044421530471, 41.56483792996716, -0.3125372134260524
16.068741364928663, 41.56300620213018, -0.31313422835142546
15.11706215801621, 41.561174474293196, -0.31373124327679863
14.165406594567353, 41.55934274645622, -0.3143282582021718
13.213774674582092, 41.55751101861923, -0.31492527312754487
12.262166398060428, 41.55567929078225, -0.31552228805291804
11.31058176500236, 41.553847562945265, -0.31611930297829116
10.359020775407886, 41.55201583510829, -0.31671631790366434
9.407483429277008, 41.5501841072713, -0.3173133328290374
8.455969726609725, 41.54835237943432, -0.31791034775441057
7.504479667406038, 41.54652065159734, -0.31850736267978375
6.553013251665953, 41.544688923760354, -0.31910437760515686
5.601570479389459, 41.542857195923375, -0.31970139253053
4.650151350576561, 41.541025468086396, -0.3202984074559031
3.6987558652272616, 41.53919374024942, -0.3208954223812763
2.7473840233415476, 41.53736201241242, -0.32149243730664934
1.7960358249194417, 41.535530284575444, -0.3220894522320225
0.8447112699609309, 41.53369855673846, -0.3226864671573957
-0.10658964153398942, 41.531866828901485, -0.3232834820827688
-1.0578669095653148, 41.5300351010645, -0.3238804970081419
-2.0091205341330367, 41.52820337322751, -0.32447751193351504
-2.9603505152371694, 41.52637164539053, -0.32507452685888816
-3.911556852877701, 41.52453991755355, -0.32567154178426133
-4.862739547054642, 41.52270818971657, -0.32626855670963445
-5.813898597767987, 41.52087646187959, -0.3268655716350076
-6.765034005017729, 41.51904473404261, -0.32746258656038074
-7.716145768803883, 41.51721300620562, -0.32805960148575386
-8.66723388912644, 41.515381278368636, -0.328656616411127
-9.618298365985394, 41.51354955053165, -0.32925363133650015
-10.56933919938076, 41.51171782269468, -0.32985064626187327
-11.52035638931253, 41.50988609485769, -0.3304476611872464
-12.471349935780697, 41.50805436702071, -0.3310446761126195
-13.422319838785276, 41.50622263918373, -0.3316416910379927
-14.373266098326253, 41.504390911346746, -0.3322387059633658
-15.32418871440363, 41.50255918350976, -0.3328357208887389
-16.275087687017425, 41.50072745567278, -0.3334327358141121
-17.225963016167622, 41.4988957278358, -0.3340297507394852
-18.176814701854212, 41.497063999998815, -0.3346267656648583
-19.12764274407721, 41.49523227216184, -0.3352237805902315
-20.078447142836616, 41.49340054432486, -0.3358207955156046
-21.02922789813242, 41.49156881648787, -0.33641781044097774
-21.97998500996464, 41.489737088650884, -0.33701482536635086
-22.93071847833325, 41.487905360813905, -0.337611840291724
-23.88142830323827, 41.486073632976925, -0.33820885521709715
-24.8321144846797, 41.484241905139946, -0.33880587014247027
-25.782777022657523, 41.48241017730295, -0.33940288506784344
-26.73341591717177, 41.480578449465966, -0.33999989999321656
-27.6840311682224, 41.47874672162899, -0.3405969149185897
-28.634622775809436, 41.47691499379201, -0.3411939298439628
-29.585190739932884, 41.47508326595503, -0.34179094476933597
-30.535735060592735, 41.47325153811804, -0.34238795969470914
-31.486255737788998, 41.47141981028106, -0.34298497462008226
-32.43675277152165, 41.469588082444076, -0.3435819895454554
-33.38722616179071, 41.46775635460709, -0.3441790044708285
-34.33767590859617, 41.46592462677011, -0.3447760193962016
-35.28810201193804, 41.46409289893313, -0.34537303432157473
-36.237056187395886, 41.423199176164715, -0.3459700492469477
-37.17441204870766, 41.28745788200927, -0.34656706417232086
-38.0707309040173, 41.012873067275514, -0.347164079097694
-38.864009805491015, 40.56285343189538, -0.3477610940230671
-39.485680984203306, 39.953690753226695, -0.3483581089484403
-39.93669353156687, 39.2624105382762, -0.34895512387381344
-40.26919549636337, 38.54599337396113, -0.34955213879918656
-40.51816325407214, 37.825798883274196, -0.3501491537245598
-40.750034763517256, 37.08917816899423, -0.3507461686499329
-40.979815483407705, 36.315999449295916, -0.35134318357530614
-41.18458104410024, 35.47931795715975, -0.35194019850067926
-41.330010163003884, 34.576415976646075, -0.3525372134260524
-41.40602776347273, 33.63643753847486, -0.35313422835142544
-41.43524795589906, 32.68556165951473, -0.35373124327679856
-41.4366169813784, 31.73264797257289, -0.35432825820217173
-41.43478525354142, 30.779701975108523, -0.35492527312754496
-41.432953525704434, 29.82677962110775, -0.3555222880529181
-41.431121797867455, 28.87388091057057, -0.3561193029782912
-41.429290070030476, 27.921005843496992, -0.3567163179036643
-41.42745834219349, 26.968154419886993, -0.35731333282903743
-41.42562661435651, 26.015326639740604, -0.3579103477544106
-41.42379488651953, 25.062522503057814, -0.3585073626797838
-41.421963158682544, 24.109742009838605, -0.3591043776051569
-41.420131430845565, 23.156985160083003, -0.35970139253053
-41.41829970300858, 22.204251953790997, -0.36029840745590314
-41.4164679751716, 21.251542390962584, -0.36089542238127625
-41.41463624733461, 20.298856471597784, -0.36149243730664943
-41.412804519497634, 19.346194195696555, -0.36208945223202255
-41.41097279166065, 18.393555563258932, -0.3626864671573957
-41.40914106382367, 17.440940574284898, -0.36328348208276884
-41.40730933598668, 16.48834922877446, -0.36388049700814196
-41.4054776081497, 15.535781526727632, -0.3644775119335151
-41.40364588031272, 14.583237468144386, -0.36507452685888825
-41.40181415247574, 13.630717053024755, -0.3656715417842613
-41.39998242463876, 12.678220281368695, -0.3662685567096345
-41.39815069680178, 11.725747153176247, -0.36686557163500766
-41.39631896896479, 10.773297668447388, -0.3674625865603808
-41.39448724112781, 9.820871827182124, -0.3680596014857539
-41.392655513290826, 8.86846962938047, -0.368656616411127
-41.39082378545385, 7.91609107504239, -0.36925363133650013
-41.38899205761687, 6.96373616416793, -0.3698506462618733
-41.38716032977988, 6.011404896757045, -0.3704476611872465
-41.3853286019429, 5.05909727280976, -0.3710446761126196
-41.383496874105916, 4.106813292326073, -0.3716416910379927
-41.38166514626893, 3.154552955305988, -0.37223870596336583
-41.37983341843196, 2.202316261749498, -0.37283572088873895
-41.37800169059497, 1.2501032116565993, -0.37343273581411207
-41.376169962757984, 0.29791380502728604, -0.37402975073948524
-41.374338234921005, -0.6542519581384079, -0.3746267656648584
-41.372506507084026, -1.6063940778405228, -0.37522378059023154
-41.37067477924704, -2.5585125540790234, -0.37582079551560466
-41.36884305141006, -3.5106073868539514, -0.3764178104409778
-41.367011323573074, -4.462678576165278, -0.3770148253663509
-41.365179595736095, -5.4147261220130005, -0.37761184029172407
-41.36334786789911, -6.3667500243971435, -0.37820885521709724
-41.36151614006212, -7.318750283317668, -0.3788058701424703
-41.35968441222515, -8.270726898774614, -0.3794028850678435
-41.35785268438816, -9.222679870767958, -0.3799998999932166
-41.35602095655118, -10.1746091992977, -0.3805969149185897
-41.3541892287142, -11.126514884363853, -0.38119392984396283
-41.35235750087722, -12.078396925966405, -0.381790944769336
-41.35052577304023, -13.03025532410538, -0.38238795969470907
-41.34869404520326, -13.982090078780747, -0.3829849746200823
-41.34686231736627, -14.933901189992511, -0.3835819895454554
-41.34503058952929, -15.885688657740694, -0.38417900447082853
-41.34319886169231, -16.83745248202527, -0.38477601939620165
-41.34136713385532, -17.789192662846254, -0.38537303432157477
-41.33953540601834, -18.74090920020364, -0.38597004924694794
-41.33770367818136, -19.69260209409742, -0.3865670641723211
-41.33587195034438, -20.644271344527613, -0.38716407909769424
-41.3340402225074, -21.595916951494207, -0.38776109402306735
-41.33220849467041, -22.547538914997208, -0.3883581089484405
-41.330376766833425, -23.499137235036606, -0.3889551238738136
-41.32854503899645, -24.450711911612423, -0.3895521387991868
-41.326713311159466, -25.402262944724633, -0.3901491537245599
-41.32488158332248, -26.35379033437324, -0.39074616864993306
-41.3230498554855, -27.305294080558276, -0.3913431835753062
-41.32121812764852, -28.25677418327968, -0.3919401985006793
-41.319386399811535, -29.208230642537515, -0.3925372134260524
-41.317554671974555, -30.159663458331757, -0.3931342283514256
-41.31572294413757, -31.111072630662385, -0.39373124327679865
-41.31389121630059, -32.06245815952942, -0.3943282582021718
-41.3120594884636, -33.01382004493287, -0.394925273127545
-41.30808812180982, -33.9651376930198, -0.39552228805291795
-41.26679762983301, -34.914538766602696, -0.3961193029782911
-41.15348649437736, -35.85256316025013, -0.39671631790366424
-40.94121597197331, -36.755107248456014, -0.39731333282903736
-40.6100058707151, -37.576650012908445, -0.39791034775441053
-40.18260577838943, -38.275080757200854, -0.3985073626797837
-39.715905564999844, -38.87213372017233, -0.3991043776051568
-39.237852724804384, -39.39507325900412, -0.3997013925305297
-38.724141569896595, -39.87325694321517, -0.40029840745590295
-38.136732321469786, -40.336722391568, -0.4008954223812763
-37.42538335685838, -40.7517156305927, -0.4014924373066494
-36.57984676114029, -41.05219215698865, -0.40208945223202264
-35.6549968365421, -41.21269706784599, -0.40268646715739553
-34.7060627230625, -41.27761173181201, -0.40328348208276865
-33.75234227683071, -41.28458357090892, -0.403880497008142
-32.79846049730476, -41.282751843071935, -0.4044775119335151
-31.84460236124241, -41.28092011523495, -0.40507452685888823
-30.890767868643653, -41.27908838739798, -0.4056715417842614
-29.936957019508476, -41.27725665956099, -0.4062685567096346
-28.983169813836913, -41.275424931724004, -0.4068655716350077
-28.029406251628945, -41.273593203887025, -0.4074625865603808
-27.07566633288457, -41.271761476050045, -0.40805960148575393
-26.121950057603776, -41.26992974821306, -0.40865661641112705
-25.1682574257866, -41.26809802037607, -0.40925363133650017
-24.214588437433008, -41.266266292539086, -0.40985064626187334
-23.26094309254301, -41.264434564702114, -0.4104476611872465
-22.307321391116623, -41.26260283686513, -0.41104467611261963
-21.35372333315383, -41.26077110902814, -0.41164169103799275
-20.40014891865461, -41.258939381191155, -0.41223870596336587
-19.44659814761902, -41.25710765335418, -0.412835720888739
-18.493071020046997, -41.255275925517196, -0.4134327358141121
-17.539567535938566, -41.25344419768021, -0.4140297507394853
-16.586087695293752, -41.25161246984324, -0.41462676566485845
-15.632631498112527, -41.24978074200625, -0.4152237805902315
-14.679198944394887, -41.247949014169265, -0.4158207955156047
-13.725790034140857, -41.24611728633228, -0.4164178104409778
-12.77240476735042, -41.24428555849531, -0.417014825366351
-11.819043144023567, -41.24245383065832, -0.4176118402917241
-10.865705164160326, -41.240622102821334, -0.4182088552170973
-9.912390827760694, -41.238790374984355, -0.4188058701424704
-8.959100134824629, -41.236958647147375, -0.41940288506784346
-8.005833085352187, -41.23512691931039, -0.41999989999321663
-7.052589679343296, -41.2332951914734, -0.42059691491858975
-6.099369916798035, -41.23146346363642, -0.4211939298439629
-5.146173797716369, -41.229631735799444, -0.42179094476933604
-4.193001322098305, -41.22780000796246, -0.4223879596947092
-3.239852489943833, -41.22596828012548, -0.4229849746200823
-2.286727301252939, -41.2241365522885, -0.42358198954545545
-1.3336257560256577, -41.22230482445151, -0.42417900447082857
-0.3805478542619376, -41.220473096614526, -0.4247760193962017
0.5725064040381393, -41.21864136877755, -0.42537303432157486
1.5255370188746493, -41.21680964094057, -0.425970049246948
2.478543990247545, -41.21497791310358, -0.4265670641723211
3.431527318156864, -41.2131461852666, -0.4271640790976942
4.38448700260257, -41.21131445742962, -0.4277610940230674
5.337423043584659, -41.20948272959264, -0.4283581089484405
6.290335441103209, -41.20765100175565, -0.4289551238738137
7.243224195158106, -41.20581927391867, -0.4295521387991868
8.196089305749462, -41.20398754608169, -0.4301491537245599
9.148930772877184, -41.202155818244705, -0.43074616864993304
10.101748596541313, -41.200324090407726, -0.4313431835753062
11.054542776741844, -41.19849236257075, -0.43194019850067933
12.007313313478821, -41.19666063473376, -0.43253721342605245
12.960060206752143, -41.194828906896774, -0.4331342283514256
13.912783456561916, -41.192997179059795, -0.4337312432767988
14.865483062908064, -41.191165451222815, -0.43432825820217186
15.818159025790617, -41.18933372338583, -0.434925273127545
16.77081134520959, -41.18750199554884, -0.43552228805291815
17.723440021164954, -41.18567026771186, -0.43611930297829127
18.676045053656722, -41.18383853987488, -0.4367163179036644
19.62862644268489, -41.1820068120379, -0.43731333282903756
20.5811841882495, -41.18017508420091, -0.4379103477544106
21.53371829035048, -41.17834335636393, -0.4385073626797838
22.486228748987877, -41.17651162852695, -0.4391043776051569
23.43871556416165, -41.174679900689966, -0.4397013925305301
24.39117873587184, -41.17284817285299, -0.4402984074559032
25.343618264118447, -41.17101644501601, -0.4408954223812763
26.296034148901448, -41.16918471717902, -0.4414924373066495
27.248426390220864, -41.167352989342035, -0.4420894522320226
28.20079498807666, -41.165521261505056, -0.44268646715739574
29.15313994246891, -41.16368953366808, -0.4432834820827689
30.105461253397515, -41.16185780583109, -0.443880497008142
31.057758920862558, -41.16002607799411, -0.44447751193351515
32.01003294486398, -41.158194350157125, -0.4450745268588883
32.96222368938074, -41.15307086187027, -0.4456715417842613
33.912655361925964, -41.1224810286926, -0.4462685567096345
34.854975912377185, -41.05194442251075, -0.4468655716350076
35.7752679353781, -40.92914643106168, -0.44746258656038074
36.64534563339211, -40.74462656567922, -0.4480596014857539
37.456754331811894, -40.52291485570387, -0.4486566164111271
38.22082739991512, -40.287732314788, -0.44925363133649987
38.952096518231656, -40.00317275994813, -0.449850646261873
39.65241573288951, -39.60987814988141, -0.4504476611872465
40.285049184369946, -39.037183413949336, -0.45104467611261967
40.752171904558494, -38.259026448560135, -0.4516416910379928
41.009221746088606, -37.35414443256985, -0.4522387059633656
41.11668422352929, -36.40822228871212, -0.45283572088873875
41.132550160439365, -35.453819338154766, -0.45343273581411214
41.13071843260238, -34.49900177656723, -0.4540297507394853
41.1288867047654, -33.544207858443315, -0.45462676566485843
41.12705497692841, -32.589437583782974, -0.4552237805902316
41.125223249091434, -31.634690952586244, -0.4558207955156047
41.12339152125445, -30.67996796485307, -0.45641781044097784
41.12155979341747, -29.725268620583535, -0.45701482536635096
41.11972806558049, -28.770592919777584, -0.45761184029172414
41.1178963377435, -27.815940862435262, -0.45820885521709726
41.116064609906516, -26.861312448556475, -0.4588058701424704
41.11423288206954, -25.906707678141323, -0.45940288506784355
41.11240115423255, -24.952126551189778, -0.45999989999321667
41.11056942639557, -23.997569067701793, -0.4605969149185898
41.10873769855859, -23.043035227677436, -0.4611939298439629
41.10690597072161, -22.088525031116678, -0.4617909447693361
41.105074242884626, -21.134038478019512, -0.4623879596947092
41.10324251504764, -20.179575568385896, -0.46298497462008237
41.10141078721066, -19.225136302215933, -0.4635819895454555
41.099579059373674, -18.27072067950951, -0.4641790044708286
41.0977473315367, -17.31632870026673, -0.4647760193962017
41.095915603699716, -16.361960364487544, -0.46537303432157484
41.09408387586274, -15.407615672171957, -0.465970049246948
41.09225214802575, -14.453294623319977, -0.4665670641723212
41.090420420188764, -13.498997217931532, -0.4671640790976943
41.088588692351784, -12.544723456006732, -0.4677610940230674
41.086756964514805, -11.59047333754548, -0.46835810894844054
41.08492523667782, -10.636246862547871, -0.46895512387381366
41.08309350884084, -9.68204403101386, -0.46955213879918684
41.08126178100386, -8.727864842943445, -0.47014915372455995
41.079430053166874, -7.773709298336576, -0.4707461686499331
41.07759832532989, -6.819577397193352, -0.47134318357530625
41.07576659749291, -5.865469139513723, -0.47194019850067936
41.07393486965593, -4.91138452529765, -0.4725372134260525
41.07210314181894, -3.9573235545452103, -0.4731342283514256
41.070271413981956, -3.0032862272563694, -0.4737312432767988
41.06843968614498, -2.049272543431125, -0.4743282582021719
41.066607958308, -1.0952825030694349, -0.47492527312754507
41.06477623047102, -0.1413161061713809, -0.47552228805291813
41.06294450263403, 0.8126266472631267, -0.4761193029782913
41.06111277479705, 1.7665457572339394, -0.4767163179036644
41.059281046960066, 2.7204412237412563, -0.4773133328290376
41.05744931912308, 3.6743130467849197, -0.4779103477544107
41.0556175912861, 4.6281612263649965, -0.4785073626797839
41.05378586344912, 5.581985762481535, -0.479104377605157
41.05195413561214, 6.535786655134428, -0.47970139253053007
41.050122407775156, 7.489563904323725, -0.48029840745590324
41.04829067993818, 8.443317510049415, -0.48089542238127636
41.04645895210119, 9.397047472311561, -0.48149243730664953
41.04462722426421, 10.35075379111006, -0.48208945223202265
41.042795496427225, 11.304436466445013, -0.4826864671573958
41.040963768590245, 12.258095498316326, -0.4832834820827689
41.039132040753266, 13.211730886724045, -0.48388049700814206
41.03730031291628, 14.16534263166817, -0.4844775119335152
41.0354685850793, 15.1189307331487, -0.48507452685888836
41.033636857242314, 16.072495191165675, -0.4856715417842615
41.031805129405335, 17.026036005719, -0.4862685567096346
41.02997340156835, 17.97955317680878, -0.4868655716350077
41.02814167373137, 18.933046704434908, -0.4874625865603809
41.02630994589438, 19.886516588597445, -0.488059601485754
41.0244782180574, 20.83996282929639, -0.4886566164111271
41.022646490220424, 21.793385426531785, -0.4892536313365003
41.020814762383445, 22.746784380303538, -0.4898506462618734
41.01898303454646, 23.70015969061174, -0.4904476611872466
41.01715130670947, 24.6535113574563, -0.49104467611261965
41.01531957887249, 25.606839380837258, -0.4916416910379928
41.01348785103551, 26.560143760754624, -0.49223870596336594
41.011656123198534, 27.513424497208394, -0.49283572088873906
41.00982439536155, 28.466681590198622, -0.49343273581411223
41.00799266752457, 29.4199150397252, -0.4940297507394854
41.00616093968758, 30.373124845788237, -0.49462676566485847
41.004329211850596, 31.326311008387624, -0.4952237805902316
41.00193468509154, 32.27945953397399, -0.49582079551560476
40.997641899972265, 33.232395742474104, -0.4964178104409779
40.991802674764976, 34.18479838259514, -0.497014825366351
40.98501356379785, 35.13611952593609, -0.4976118402917242
40.9793739567467, 36.08651707450017, -0.4982088552170973
40.97743030221697, 37.03770585056531, -0.49880587014247
40.92541860634322, 37.98979857827012, -0.49940288506784314
40.73459204657307, 38.92658785201059, -0.4999998999932163
38.9265936308494, 40.734586266501736, -0.4999998999932167
39.78986960043541, 40.29371878914464, -0.5005969149185898
40.43343521089085, 39.583919375608474, -0.5011939298439629
40.55150210362546, 39.1057906728754, -0.5017909447693361
39.86037828651123, 39.79065387528607, -0.5023879596947091
39.16699864313878, 40.470275422857625, -0.5029849746200821
38.31795727260038, 40.87080883595559, -0.5035819895454551
37.34988977804713, 40.97189675944615, -0.5041790044708282
36.37569966747985, 40.97800418917088, -0.5047760193962018
35.40151152888074, 40.976545289172904, -0.5053730343215749
34.42743093703434, 40.975086389174926, -0.5059700492469481
33.45345789194064, 40.97362748917694, -0.5065670641723211
32.47959239359963, 40.97216858917896, -0.5071640790976942
31.505834442011327, 40.97070968918098, -0.5077610940230675
30.532184037175725, 40.96925078918299, -0.5083581089484406
29.558641179092824, 40.967791889185015, -0.5089551238738137
28.585205867762628, 40.96633298918703, -0.5095521387991868
27.611878103185134, 40.96487408918906, -0.5101491537245599
26.638657885360338, 40.963415189191075, -0.510746168649933
25.665545214288247, 40.9619562891931, -0.5113431835753062
24.692540089968855, 40.96049738919511, -0.5119401985006794
23.71964251240217, 40.959038489197134, -0.5125372134260524
22.746852481588178, 40.95757958919915, -0.5131342283514255
21.77416999752689, 40.95612068920117, -0.5137312432767988
20.80159506021831, 40.95466178920319, -0.5143282582021719
19.829127669662423, 40.953202889205215, -0.514925273127545
18.856767825859244, 40.95174398920723, -0.5155222880529181
17.88451552880876, 40.950285089209245, -0.5161193029782912
16.91237077851098, 40.94882618921127, -0.5167163179036643
15.940333574965905, 40.94736728921328, -0.5173133328290376
14.968403918173527, 40.945908389215305, -0.5179103477544107
13.996581808133858, 40.94444948921732, -0.5185073626797838
13.024867244846883, 40.94299058921934, -0.5191043776051569
12.05326022831261, 40.94153168922136, -0.51970139253053
11.081760758531049, 40.940072789223386, -0.5202984074559032
10.110368835502177, 40.9386138892254, -0.5208954223812764
9.139084459226012, 40.93715498922742, -0.5214924373066495
8.16790762970255, 40.93569608922944, -0.5220894522320226
7.196838346931782, 40.93423718923145, -0.5226864671573956
6.225876610913723, 40.932778289233475, -0.5232834820827689
5.255022421648357, 40.93131938923549, -0.523880497008142
4.284275779135699, 40.92986048923751, -0.5244775119335151
3.3136366833757442, 40.928401589239535, -0.5250745268588883
2.343105134368485, 40.92694268924156, -0.5256715417842615
1.372681132113933, 40.92548378924357, -0.5262685567096345
0.40236467661208414, 40.924024889245594, -0.5268655716350077
-0.5678442321370714, 40.92256598924761, -0.5274625865603808
-1.537945594133517, 40.92110708924963, -0.5280596014857539
-2.507939409377263, 40.919648189251646, -0.528656616411127
-3.4778256778683128, 40.91818928925367, -0.5292536313365002
-4.447604399606655, 40.91673038925569, -0.5298506462618733
-5.417275574592296, 40.915271489257705, -0.5304476611872464
-6.386839202825234, 40.91381258925973, -0.5310446761126195
-7.356295284305479, 40.91235368926175, -0.5316416910379927
-8.32564381903302, 40.91089478926377, -0.5322387059633659
-9.294884807007854, 40.90943588926579, -0.532835720888739
-10.264018248229993, 40.90797698926781, -0.5334327358141121
-11.233044142699418, 40.906518089269824, -0.5340297507394852
-12.201962490416154, 40.905059189271846, -0.5346267656648583
-13.170773291380184, 40.90360028927387, -0.5352237805902316
-14.139476545591513, 40.90214138927588, -0.5358207955156047
-15.108072253050139, 40.900682489277905, -0.5364178104409778
-16.076560413756063, 40.89922358927993, -0.5370148253663509
-17.044941027709285, 40.89776468928194, -0.537611840291724
-18.01321409490981, 40.89630578928396, -0.5382088552170972
-18.98137961535763, 40.89484688928598, -0.5388058701424703
-19.949437589052753, 40.893387989287994, -0.5394028850678434
-20.917388015995165, 40.891929089290024, -0.5399998999932166
-21.885230896184876, 40.89047018929204, -0.5405969149185896
-22.8529662296219, 40.88901128929406, -0.5411939298439628
-23.82059401630621, 40.887552389296076, -0.541790944769336
-24.78811425623782, 40.88609348929809, -0.5423879596947091
-25.75552694941672, 40.88463458930011, -0.5429849746200822
-26.72283209584293, 40.883175689302135, -0.5435819895454553
-27.690029695516433, 40.88171678930415, -0.5441790044708285
-28.65711974843725, 40.880257889306165, -0.5447760193962017
-29.624102254605354, 40.87879898930819, -0.5453730343215748
-30.590977214020757, 40.8773400893102, -0.5459700492469478
-31.557744626683455, 40.875881189312224, -0.546567064172321
-32.52440449259345, 40.874422289314246, -0.5471640790976942
-33.490956811750756, 40.87296338931627, -0.5477610940230673
-34.457401584155356, 40.87150448931828, -0.5483581089484404
-35.42373880980725, 40.870045589320306, -0.5489551238738135
-36.38996848870643, 40.86858668932233, -0.5495521387991866
-37.35590086206656, 40.85843856616408, -0.5501491537245595
-38.313111539090954, 40.74362249188177, -0.5507461686499326
-39.22448843229192, 40.44320632624943, -0.5513431835753061
-39.99427868296255, 39.87884223878885, -0.5519401985006792
-40.51072335258774, 39.073689211093594, -0.5525372134260523
-40.7634730917773, 38.14503869126968, -0.5531342283514253
-40.8496612275309, 37.18284340579753, -0.5537312432767983
-40.85691548933849, 36.2150310266118, -0.5543282582021717
-40.85545658934051, 35.24717387499436, -0.5549252731275449
-40.85399768934253, 34.27942427012961, -0.555522288052918
-40.85253878934455, 33.31178221201757, -0.5561193029782912
-40.851079889346565, 32.34424770065823, -0.5567163179036643
-40.84962098934859, 31.376820736051585, -0.5573133328290374
-40.84816208935061, 30.40950131819764, -0.5579103477544105
-40.846703189352624, 29.442289447096403, -0.5585073626797836
-40.84524428935464, 28.475185122747867, -0.5591043776051567
-40.84378538935666, 27.508188345152032, -0.5597013925305299
-40.84232648935868, 26.541299114308895, -0.5602984074559031
-40.8408675893607, 25.574517430218467, -0.5608954223812761
-40.83940868936273, 24.607843292880748, -0.5614924373066493
-40.83794978936474, 23.641276702295716, -0.5620894522320224
-40.83649088936676, 22.67481765846338, -0.5626864671573957
-40.83503198936879, 21.708466161383754, -0.5632834820827688
-40.833573089370795, 20.742222211056827, -0.5638804970081418
-40.832114189372824, 19.776085807482602, -0.564477511933515
-40.830655289374846, 18.810056950661085, -0.5650745268588881
-40.829196389376854, 17.844135640592267, -0.5656715417842612
-40.827737489378876, 16.878321877276132, -0.5662685567096344
-40.8262785893809, 15.91261566071272, -0.5668655716350075
-40.82481968938291, 14.947016990902016, -0.5674625865603806
-40.823360789384935, 13.981525867844006, -0.5680596014857537
-40.82190188938696, 13.016142291538694, -0.5686566164111269
-40.82044298938898, 12.050866261986076, -0.5692536313365
-40.818984089390995, 11.085697779186175, -0.5698506462618732
-40.81752518939301, 10.120636843138957, -0.5704476611872463
-40.81606628939503, 9.155683453844453, -0.5710446761126194
-40.814607389397054, 8.190837611302648, -0.5716416910379927
-40.81314848939907, 7.226099315513546, -0.5722387059633657
-40.81168958940109, 6.261468566477147, -0.5728357208887388
-40.81023068940311, 5.296945364193457, -0.5734327358141119
-40.80877178940513, 4.33252970866245, -0.5740297507394851
-40.80731288940715, 3.3682215998841496, -0.5746267656648583
-40.80585398940917, 2.404021037858557, -0.5752237805902314
-40.80439508941119, 1.4399280225856717, -0.5758207955156045
-40.80293618941321, 0.4759425540654739, -0.5764178104409776
-40.801477289415224, -0.4879353677020141, -0.5770148253663507
-40.80001838941725, -1.4517057427167996, -0.5776118402917239
-40.79855948941927, -2.4153685709788926, -0.5782088552170971
-40.797100589421284, -3.3789238524882803, -0.5788058701424701
-40.795641689423306, -4.342371587244963, -0.5794028850678432
-40.79418278942532, -5.305711775248936, -0.5799998999932163
-40.792723889427336, -6.268944416500219, -0.5805969149185894
-40.791264989429365, -7.23206951099879, -0.5811939298439627
-40.78980608943138, -8.19508705874468, -0.5817909447693359
-40.788347189433395, -9.157997059737866, -0.5823879596947089
-40.786888289435424, -10.120799513978348, -0.5829849746200821
-40.78542938943744, -11.08349442146612, -0.5835819895454553
-40.78397048943946, -12.046081782201203, -0.5841790044708284
-40.782511589441484, -13.008561596183565, -0.5847760193962015
-40.7810526894435, -13.97093386341324, -0.5853730343215746
-40.779593789445514, -14.933198583890201, -0.5859700492469477
-40.77813488944754, -15.895355757614476, -0.5865670641723209
-40.77667598944956, -16.857405384586045, -0.587164079097694
-40.77521708945157, -17.819347464804917, -0.5877610940230671
-40.773758189453595, -18.78118199827106, -0.5883581089484402
-40.77229928945562, -19.742908984984517, -0.5889551238738133
-40.77084038945763, -20.70452842494528, -0.5895521387991866
-40.769381489459654, -21.66604031815332, -0.5901491537245597
-40.767922589461676, -22.62744466460868, -0.5907461686499328
-40.76646368946369, -23.58874146431136, -0.591343183575306
-40.765004789465706, -24.549930717261304, -0.591940198500679
-40.763545889467736, -25.511012423458546, -0.5925372134260523
-40.76208698946975, -26.471986582903092, -0.5931342283514254
-40.760628089471766, -27.432853195594937, -0.5937312432767985
-40.75916918947379, -28.393612261534074, -0.5943282582021716
-40.75771028947581, -29.354263780720522, -0.5949252731275447
-40.756251389477825, -30.31480775315427, -0.5955222880529178
-40.75479248947985, -31.27524417883532, -0.596119302978291
-40.75333358948187, -32.23557305776366, -0.5967163179036641
-40.751874689483884, -33.19579438993931, -0.5973133328290372
-40.75041578948591, -34.155908175362214, -0.5979103477544104
-40.74895688948792, -35.11591441403245, -0.5985073626797834
-40.74749798948994, -36.075813105949976, -0.5991043776051566
-40.7451681303422, -37.03559874342936, -0.5997013925305297
-40.68001761486822, -37.992271877827704, -0.6002984074559027
-40.44184866775578, -38.91974674202932, -0.600895422381276
-39.945578706761125, -39.7356115873621, -0.6014924373066493
-39.188148303023, -40.317271479102516, -0.6020894522320224
-38.28019327910139, -40.623111964101454, -0.6026864671573953
-37.325875038458605, -40.72878622765383, -0.6032834820827686
-36.36441544533213, -40.73582678950615, -0.6038804970081417
-35.40288928069629, -40.734367889508164, -0.6044775119335148
-34.44147066281319, -40.732908989510186, -0.605074526858888
-33.48015959168278, -40.7314500895122, -0.6056715417842611
-32.51895606730506, -40.72999118951422, -0.6062685567096342
-31.557860089680062, -40.728532289516245, -0.6068655716350073
-30.596871658807757, -40.72707338951826, -0.6074625865603805
-29.635990774688146, -40.72561448952028, -0.6080596014857537
-28.675217437321216, -40.7241555895223, -0.6086566164111268
-27.714551646707022, -40.72269668952432, -0.6092536313364999
-26.753993402845513, -40.721237789526334, -0.609850646261873
-25.793542705736705, -40.71977888952835, -0.6104476611872461
-24.83319955538061, -40.71831998953037, -0.6110446761126193
-23.872963951777233, -40.716861089532394, -0.6116416910379924
-22.912835894926527, -40.715402189534416, -0.6122387059633655
-21.952815384828526, -40.71394328953643, -0.6128357208887387
-20.992902421483222, -40.712484389538446, -0.6134327358141118
-20.033097004890628, -40.71102548954047, -0.614029750739485
-19.073399135050742, -40.70956658954249, -0.6146267656648581
-18.11380881196355, -40.708107689544505, -0.6152237805902312
-17.154326035629058, -40.70664878954653, -0.6158207955156043
-16.194950806047295, -40.70518988954855, -0.6164178104409774
-15.23568312321819, -40.703730989550564, -0.6170148253663505
-14.2765229871418, -40.70227208955259, -0.6176118402917237
-13.317470397818127, -40.70081318955461, -0.6182088552170969
-12.358525355247153, -40.699354289556624, -0.61880587014247
-11.39968785942887, -40.69789538955864, -0.6194028850678431
-10.440957910363299, -40.69643648956067, -0.6199998999932164
-9.482335508050424, -40.69497758956268, -0.6205969149185895
-8.523820652490237, -40.6935186895647, -0.6211939298439626
-7.565413343682771, -40.69205978956672, -0.6217909447693357
-6.607113581627996, -40.69060088956874, -0.6223879596947088
-5.6489213663259505, -40.68914198957076, -0.622984974620082
-4.690836697776544, -40.68768308957278, -0.6235819895454551
-3.732859575979902, -40.686224189574794, -0.6241790044708282
-2.7749900009359227, -40.684765289576816, -0.6247760193962013
-1.8172279726446665, -40.68330638957884, -0.6253730343215744
-0.8595734911061013, -40.68184748958085, -0.6259700492469475
0.09797344367975219, -40.680388589582876, -0.6265670641723208
1.055412831712916, -40.6789296895849, -0.6271640790976939
2.0127446729933682, -40.67747078958691, -0.627761094023067
2.9699689675211185, -40.676011889588935, -0.6283581089484401
3.9270857152961876, -40.67455298959095, -0.6289551238738132
4.884094916318521, -40.67309408959297, -0.6295521387991864
5.840996570588165, -40.671635189594994, -0.6301491537245595
6.797790678105105, -40.67017628959701, -0.6307461686499326
7.754477238869356, -40.66871738959903, -0.6313431835753058
8.711056252880933, -40.66725848960105, -0.631940198500679
9.667527720139793, -40.66579958960307, -0.6325372134260521
10.623891640645903, -40.66434068960509, -0.6331342283514252
11.580148014399358, -40.662881789607106, -0.6337312432767983
12.53629684140009, -40.66142288960913, -0.6343282582021714
13.49233812164812, -40.65996398961115, -0.6349252731275445
14.448271855143457, -40.658505089613165, -0.6355222880529177
15.404098041886087, -40.65704618961519, -0.6361193029782908
16.359816681876026, -40.6555872896172, -0.6367163179036639
17.315427775113253, -40.65412838961922, -0.6373133328290371
18.270931321597796, -40.65266948962123, -0.6379103477544102
19.22632732132962, -40.65121058962326, -0.6385073626797834
20.181615774308753, -40.649751689625276, -0.6391043776051565
21.136796680535156, -40.64829278962729, -0.6397013925305297
22.091870040008914, -40.64683388962931, -0.6402984074559028
23.04683585272994, -40.645374989631335, -0.640895422381276
24.001694118698254, -40.64391608963335, -0.6414924373066491
24.956444837913875, -40.64245718963537, -0.6420894522320222
25.911088010376766, -40.640998289637395, -0.6426864671573953
26.86562363608699, -40.63953938963941, -0.6432834820827684
27.820051715044503, -40.63808048964143, -0.6438804970081415
28.774372247249318, -40.636621589643454, -0.6444775119335148
29.728585232701427, -40.63516268964547, -0.6450745268588879
30.68269067140084, -40.63370378964749, -0.6456715417842609
31.63668856334754, -40.63224488964951, -0.646268556709634
32.590578908541545, -40.63078598965153, -0.6468655716350071
33.54436170698286, -40.62932708965355, -0.6474625865603804
34.49803695867146, -40.627868189655565, -0.6480596014857535
35.451604663607384, -40.62640928965759, -0.6486566164111266
36.40506422135657, -40.62483540842596, -0.6492536313364996
37.3576832572887, -40.60624191228864, -0.649850646261873
38.30031881618294, -40.4851604572263, -0.6504476611872461
39.18426657458587, -40.1450535832373, -0.6510446761126192
39.90333455528702, -39.53325668691154, -0.6516416910379923
40.36202354128424, -38.70521149818648, -0.6522387059633653
40.574070306683986, -37.777415739076844, -0.6528357208887384
40.61473808967373, -36.82385652365231, -0.6534327358141117
40.613279189675744, -35.868661345998156, -0.6540297507394848
40.611820289677766, -34.91357371509671, -0.6546267656648579
40.61036138967979, -33.95859363094796, -0.6552237805902311
40.6089024896818, -33.00372109355192, -0.6558207955156042
40.607443589683825, -32.04895610290856, -0.6564178104409774
40.60598468968585, -31.094298659017927, -0.6570148253663505
40.60452578968786, -30.13974876187996, -0.6576118402917236
40.603066889689885, -29.18530641149473, -0.6582088552170967
40.60160798969191, -28.23097160786218, -0.6588058701424698
40.60014908969392, -27.276744350982348, -0.659402885067843
40.598690189695944, -26.322624640855217, -0.6599998999932161
40.59723128969796, -25.368612477480774, -0.6605969149185893
40.59577238969998, -24.414707860859068, -0.6611939298439624
40.594313489701996, -23.46091079099002, -0.6617909447693355
40.59285458970402, -22.507221267873717, -0.6623879596947087
40.59139568970604, -21.553639291510063, -0.6629849746200819
40.589936789708055, -20.600164861899167, -0.663581989545455
40.58847788971008, -19.646797979040965, -0.6641790044708281
40.58701898971209, -18.69353864293543, -0.6647760193962011
40.585560089714114, -17.74038685358264, -0.6653730343215742
40.58410118971613, -16.78734261098246, -0.6659700492469474
40.58264228971815, -15.834405915135076, -0.6665670641723206
40.581183389720174, -14.881576766040382, -0.6671640790976937
40.579724489722196, -13.928855163698353, -0.6677610940230668
40.57826558972421, -12.976241108109063, -0.6683581089484399
40.576806689726226, -12.023734599272439, -0.6689551238738132
40.575347789728255, -11.071335637188563, -0.6695521387991863
40.57388888973027, -10.119044221857338, -0.6701491537245594
40.572429989732285, -9.166860353278857, -0.6707461686499325
40.57097108973431, -8.214784031453036, -0.6713431835753056
40.56951218973633, -7.262815256379966, -0.6719401985006788
40.56805328973835, -6.310954028059538, -0.6725372134260519
40.566594389740374, -5.359200346491871, -0.673134228351425
40.56513548974239, -4.407554211676904, -0.6737312432767981
40.563676589744404, -3.4560156236145385, -0.6743282582021713
40.56221768974643, -2.5045845823049695, -0.6749252731275445
40.56075878974845, -1.5532610877480588, -0.6755222880529176
40.55929988975046, -0.6020451399438932, -0.6761193029782907
40.557840989752485, 0.34906326110755814, -0.6767163179036638
40.5563820897545, 1.3000641154063726, -0.677313332829037
40.55492318975652, 2.2509574229524287, -0.6779103477544101
40.553464289758544, 3.201743183745834, -0.6785073626797832
40.552005389760566, 4.152421397786497, -0.6791043776051563
40.55054648976258, 5.102992065074511, -0.6797013925305295
40.549087589764596, 6.053455185609771, -0.6802984074559026
40.54762868976662, 7.0038107593923815, -0.6808954223812758
40.54616978976864, 7.954058786422238, -0.6814924373066489
40.54471088977066, 8.904199266699434, -0.6820894522320221
40.54325198977268, 9.854232200223933, -0.6826864671573952
40.5417930897747, 10.804157586995677, -0.6832834820827683
40.540334189776715, 11.753975427014776, -0.6838804970081414
40.53887528977874, 12.703685720281127, -0.6844775119335145
40.53741638978075, 13.653288466794832, -0.6850745268588876
40.535957489782774, 14.602783666555782, -0.6856715417842608
40.534498589784796, 15.552171319564017, -0.6862685567096339
40.53303968978682, 16.501451425819603, -0.686865571635007
40.53158078978883, 17.450623985322434, -0.6874625865603802
40.530121889790856, 18.399688998072612, -0.6880596014857533
40.52866298979287, 19.34864646407004, -0.6886566164111265
40.52720408979489, 20.297496383314822, -0.6892536313364996
40.52574518979691, 21.246238755806846, -0.6898506462618728
40.52428628979893, 22.194873581546226, -0.6904476611872459
40.52282738980095, 23.143400860532843, -0.691044676112619
40.521368489802974, 24.09182059276682, -0.6916416910379921
40.51990958980499, 25.040132778248086, -0.6922387059633652
40.518450689807004, 25.988337416976602, -0.6928357208887385
40.516991789809026, 26.93643450895247, -0.6934327358141116
40.51553288981104, 27.884424054175586, -0.6940297507394847
40.51407398981306, 28.83230605264605, -0.6946267656648577
40.512615089815085, 29.780080504363767, -0.6952237805902309
40.51115618981711, 30.72774740932877, -0.695820795515604
40.50969728981912, 31.67530676754113, -0.6964178104409773
40.508238389821145, 32.62275857900073, -0.6970148253663503
40.50677948982316, 33.570102843707694, -0.6976118402917234
40.50532058982518, 34.51733956166189, -0.6982088552170965
40.50386168898108, 35.46446873286127, -0.6988058701424696
40.502237274216675, 36.41148385143699, -0.6994028850678429
40.49400207287282, 37.358310758089516, -0.6999998999932163
40.49399475470891, 37.35831807460363, -0.699999899993216
40.3466584174656, 38.30394363648327, -0.7005969149185891
39.96461713255446, 39.17837633035126, -0.7011939298439622
39.307739165375956, 39.871985336905176, -0.7017909447693353
38.445851825037934, 40.295988459576016, -0.7023879596947085
37.49703472580913, 40.47279190529457, -0.7029849746200816
36.52949155061491, 40.49322448856869, -0.7035819895454548
35.56140849678913, 40.49193792169161, -0.7041790044708279
34.59338661412331, 40.49065135481452, -0.7047760193962012
33.625425902617465, 40.48936478793743, -0.7053730343215743
32.657526362271575, 40.48807822106035, -0.7059700492469474
31.689687993085656, 40.48679165418326, -0.7065670641723205
30.721910795059696, 40.485505087306166, -0.7071640790976936
29.754194768193706, 40.484218520429074, -0.7077610940230668
28.78653991248768, 40.48293195355199, -0.7083581089484399
27.818946227941613, 40.4816453866749, -0.708955123873813
26.851413714555516, 40.48035881979781, -0.7095521387991861
25.883942372329383, 40.47907225292072, -0.7101491537245593
24.916532201263216, 40.47778568604364, -0.7107461686499325
23.94918320135701, 40.47649911916655, -0.7113431835753056
22.98189537261077, 40.47521255228946, -0.7119401985006787
22.01466871502449, 40.473925985412365, -0.7125372134260518
21.04750322859818, 40.47263941853528, -0.7131342283514249
20.080398913331834, 40.47135285165819, -0.713731243276798
19.113355769225453, 40.470066284781105, -0.7143282582021713
18.146373796279036, 40.46877971790401, -0.7149252731275444
17.179452994492582, 40.46749315102693, -0.7155222880529175
16.212593363866095, 40.46620658414983, -0.7161193029782906
15.24579490439957, 40.464920017272746, -0.7167163179036639
14.279057616093013, 40.46363345039566, -0.717313332829037
13.312381498946419, 40.46234688351856, -0.7179103477544101
12.345766552959791, 40.46106031664148, -0.7185073626797832
11.379212778133125, 40.45977374976439, -0.7191043776051563
10.412720174466422, 40.4584871828873, -0.7197013925305294
9.44628874195969, 40.45720061601022, -0.7202984074559027
8.479918480612916, 40.45591404913313, -0.7208954223812757
7.51360939042611, 40.454627482256036, -0.7214924373066488
6.547361471399268, 40.453340915378945, -0.7220894522320219
5.5811747235323885, 40.452054348501854, -0.722686467157395
4.615049146825476, 40.45076778162477, -0.7232834820827683
3.6489847412785257, 40.449481214747685, -0.7238804970081414
2.6829815068915424, 40.448194647870594, -0.7244775119335146
1.7170394436645167, 40.44690808099351, -0.7250745268588876
0.751158551597469, 40.44562151411642, -0.7256715417842609
-0.21466116930962775, 40.44433494723933, -0.726268556709634
-1.1804197190567467, 40.44304838036224, -0.7268655716350072
-2.146117097643914, 40.44176181348515, -0.7274625865603802
-3.1117533050711037, 40.44047524660806, -0.7280596014857533
-4.077328341338342, 40.439188679730975, -0.7286566164111264
-5.042842206445608, 40.437902112853884, -0.7292536313364996
-6.008294900392912, 40.4366155459768, -0.7298506462618728
-6.973686423180248, 40.43532897909971, -0.7304476611872459
-7.939016774807622, 40.434042412222624, -0.731044676112619
-8.904285955275032, 40.43275584534553, -0.7316416910379921
-9.869493964582475, 40.43146927846844, -0.7322387059633653
-10.834640802729949, 40.43018271159136, -0.7328357208887384
-11.79972646971747, 40.42889614471427, -0.7334327358141115
-12.764750965545021, 40.42760957783718, -0.7340297507394847
-13.729714290212607, 40.42632301096009, -0.7346267656648579
-14.694616443720232, 40.425036444083005, -0.7352237805902311
-15.659457426067885, 40.423749877205914, -0.7358207955156042
-16.624237237255578, 40.42246331032882, -0.7364178104409773
-17.588955877283304, 40.42117674345173, -0.7370148253663504
-18.553613346151074, 40.41989017657465, -0.7376118402917234
-19.518209643858867, 40.41860360969756, -0.7382088552170967
-20.4827447704067, 40.41731704282047, -0.7388058701424698
-21.44721872579457, 40.41603047594338, -0.7394028850678429
-22.41163151002248, 40.414743909066296, -0.739999899993216
-23.375983123090414, 40.413457342189204, -0.7405969149185891
-24.340273564998384, 40.41217077531211, -0.7411939298439623
-25.304502835746398, 40.41088420843503, -0.7417909447693355
-26.26867093533444, 40.40959764155794, -0.7423879596947087
-27.232777863762525, 40.40831107468085, -0.7429849746200818
-28.196823621030653, 40.40702450780376, -0.743581989545455
-29.160808207138793, 40.40573794092667, -0.744179004470828
-30.124731622086987, 40.404451374049586, -0.7447760193962012
-31.08859386587521, 40.40316480717249, -0.7453730343215743
-32.052394938503475, 40.4018782402954, -0.7459700492469474
-33.01613064702277, 40.4002833116044, -0.7465670641723207
-33.97837910563626, 40.3773393642306, -0.7471640790976938
-34.92901356326229, 40.3029550877862, -0.747761094023067
-35.843779063205645, 40.162153559932065, -0.7483581089484401
-36.69594876713158, 39.96271032194523, -0.7489551238738132
-37.48182826133253, 39.7308975268624, -0.7495521387991865
-38.21608649238294, 39.46881436188306, -0.7501491537245593
-38.91842900807282, 39.08066172931338, -0.7507461686499324
-39.54889798120935, 38.502972581065045, -0.7513431835753056
-40.02089155185299, 37.72392160036689, -0.7519401985006787
-40.286908184082826, 36.81407125751992, -0.7525372134260518
-40.38178404438939, 35.85641398510073, -0.7531342283514253
-40.385152870893265, 34.890907439961794, -0.7537312432767981
-40.38386630401617, 33.9254012135269, -0.7543282582021712
-40.38257973713909, 32.959956158251984, -0.7549252731275444
-40.381293170262, 31.994572274137028, -0.7555222880529175
-40.380006603384906, 31.029249561182052, -0.7561193029782907
-40.37872003650782, 30.06398801938702, -0.7567163179036638
-40.37743346963073, 29.098787648751955, -0.7573133328290369
-40.376146902753646, 28.133648449276865, -0.75791034775441
-40.37486033587656, 27.168570420961736, -0.7585073626797831
-40.373573768999464, 26.20355356380657, -0.7591043776051563
-40.37228720212238, 25.238597877811372, -0.7597013925305295
-40.371000635245295, 24.273703362976146, -0.7602984074559027
-40.369714068368204, 23.30887001930087, -0.7608954223812756
-40.36842750149112, 22.344097846785573, -0.761492437306649
-40.36714093461403, 21.37938684543022, -0.7620894522320221
-40.36585436773694, 20.41473701523484, -0.7626864671573952
-40.36456780085985, 19.45014835619943, -0.7632834820827683
-40.36328123398276, 18.485620868323984, -0.7638804970081414
-40.36199466710568, 17.521154551608497, -0.7644775119335145
-40.360708100228585, 16.556749406052987, -0.7650745268588877
-40.359421533351494, 15.592405431657433, -0.7656715417842608
-40.35813496647441, 14.628122628421828, -0.7662685567096339
-40.35684839959732, 13.663900996346205, -0.7668655716350071
-40.35556183272023, 12.699740535430543, -0.7674625865603801
-40.35427526584314, 11.735641245674852, -0.7680596014857535
-40.35298869896605, 10.771603127079123, -0.7686566164111265
-40.35170213208897, 9.80762617964335, -0.7692536313364997
-40.350415565211875, 8.843710403367556, -0.7698506462618728
-40.34912899833479, 7.879855798251703, -0.770447661187246
-40.3478424314577, 6.916062364295834, -0.7710446761126191
-40.346555864580615, 5.952330101499929, -0.7716416910379922
-40.345269297703524, 4.988659009863977, -0.7722387059633653
-40.34398273082643, 4.025049089388002, -0.7728357208887384
-40.34269616394935, 3.061500340071996, -0.7734327358141115
-40.34140959707226, 2.098012761915938, -0.7740297507394847
-40.34012303019517, 1.1345863549198374, -0.774626765664858
-40.33883646331808, 0.1712211190837205, -0.7752237805902309
-40.33754989644099, -0.7920829455924225, -0.775820795515604
-40.336263329563906, -1.755325839108615, -0.7764178104409774
-40.33497676268682, -2.718507561464849, -0.7770148253663504
-40.33369019580972, -3.681628112661108, -0.7776118402917236
-40.33240362893264, -4.644687492697403, -0.7782088552170967
-40.33111706205555, -5.6076857015737485, -0.7788058701424698
-40.32983049517846, -6.570622739290124, -0.7794028850678429
-40.32854392830137, -7.5334986058465265, -0.7799998999932161
-40.32725736142429, -8.496313301242953, -0.7805969149185892
-40.325970794547196, -9.459066825479436, -0.7811939298439623
-40.324684227670105, -10.421759178555945, -0.7817909447693354
-40.32339766079302, -11.38439036047249, -0.7823879596947085
-40.322111093915936, -12.34696037122909, -0.7829849746200818
-40.32082452703884, -13.309469210825702, -0.7835819895454549
-40.31953796016175, -14.271916879262365, -0.784179004470828
-40.31825139328467, -15.234303376539053, -0.7847760193962012
-40.31696482640758, -16.196628702655772, -0.7853730343215742
-40.31567825953049, -17.158892857612535, -0.7859700492469475
-40.3143916926534, -18.12109584140933, -0.7865670641723206
-40.31310512577631, -19.083237654046165, -0.7871640790976937
-40.311818558899226, -20.045318295523032, -0.7877610940230668
-40.310531992022135, -21.007337765839928, -0.7883581089484399
-40.30924542514505, -21.96929606499687, -0.7889551238738131
-40.307958858267966, -22.931193192993838, -0.7895521387991862
-40.30667229139087, -23.893029149830838, -0.7901491537245593
-40.30538572451378, -24.85480393550789, -0.7907461686499325
-40.3040991576367, -25.816517550024983, -0.7913431835753056
-40.30281259075961, -26.778169993382093, -0.7919401985006788
-40.301526023882516, -27.73976126557924, -0.792537213426052
-40.30023945700543, -28.701291366616417, -0.7931342283514251
-40.29895289012834, -29.66276029649364, -0.7937312432767981
-40.29766632325125, -30.624168055210895, -0.7943282582021713
-40.296379756374165, -31.58551464276818, -0.7949252731275445
-40.295093189497074, -32.54680005916551, -0.7955222880529176
-40.29380662261999, -33.508024304402895, -0.7961193029782907
-40.28878519852843, -34.46913659376871, -0.7967163179036643
-40.220471278922446, -35.42444094187569, -0.7973133328290374
-40.03751598037066, -36.34626565445298, -0.7979103477544105
-39.720942071829555, -37.180634608456884, -0.7985073626797836
-39.30187725895503, -37.883264114982204, -0.7991043776051568
-38.83496888790578, -38.46079765252476, -0.7997013925305301
-38.32838157547094, -38.95431017380845, -0.8002984074559027
-37.72216355884677, -39.4158514905187, -0.8008954223812759
-36.9821929992718, -39.81465242856855, -0.801492437306649
-36.11532090979753, -40.0941310849979, -0.8020894522320221
-35.17710076927234, -40.23792272688377, -0.8026864671573952
-34.21659577055574, -40.27812841659992, -0.8032834820827686
-33.25360604954792, -40.27708125321789, -0.8038804970081416
-32.29067665408605, -40.275794686340795, -0.8044775119335147
-31.32780842978414, -40.274508119463704, -0.8050745268588879
-30.36500137664221, -40.27322155258662, -0.805671541784261
-29.402255494660245, -40.27193498570953, -0.8062685567096342
-28.439570783838256, -40.27064841883244, -0.8068655716350073
-27.476947244176205, -40.26936185195535, -0.8074625865603804
-26.514384875674118, -40.26807528507827, -0.8080596014857535
-25.551883678331997, -40.26678871820118, -0.8086566164111266
-24.589443652149857, -40.265502151324085, -0.8092536313364997
-23.627064797127666, -40.264215584447, -0.8098506462618729
-22.664747113265435, -40.26292901756991, -0.8104476611872461
-21.702490600563188, -40.26164245069282, -0.8110446761126192
-20.740295259020918, -40.260355883815734, -0.8116416910379924
-19.778161088638598, -40.25906931693864, -0.8122387059633656
-18.816088089416212, -40.25778275006155, -0.8128357208887386
-17.854076261353825, -40.25649618318447, -0.8134327358141118
-16.8921256044514, -40.25520961630738, -0.8140297507394849
-15.930236118708923, -40.253923049430284, -0.814626765664858
-14.96840780412641, -40.2526364825532, -0.8152237805902312
-14.00664066070388, -40.251349915676116, -0.8158207955156043
-13.044934688441325, -40.25006334879903, -0.8164178104409774
-12.08328988733871, -40.24877678192193, -0.8170148253663506
-11.121706257396056, -40.24749021504485, -0.8176118402917236
-10.160183798613382, -40.246203648167764, -0.8182088552170967
-9.198722510990674, -40.24491708129067, -0.81880587014247
-8.237322394527913, -40.24363051441358, -0.8194028850678431
-7.275983449225116, -40.2423439475365, -0.8199998999932161
-6.314705675082312, -40.241057380659406, -0.8205969149185894
-5.35348907209945, -40.239770813782314, -0.8211939298439626
-4.392333640276564, -40.23848424690523, -0.8217909447693356
-3.4312393796136273, -40.23719768002814, -0.8223879596947088
-2.4702062901106827, -40.23591111315105, -0.8229849746200819
-1.5092343717676695, -40.234624546273956, -0.823581989545455
-0.5483236245846358, -40.23333797939687, -0.8241790044708281
0.4125259514384447, -40.23205141251978, -0.8247760193962013
1.3733143563015429, -40.230764845642696, -0.8253730343215744
2.334041590004675, -40.229478278765605, -0.8259700492469476
3.2947076525478427, -40.22819171188852, -0.8265670641723206
4.255312543931065, -40.22690514501143, -0.8271640790976937
5.215856264154286, -40.225618578134345, -0.8277610940230671
6.176338813217579, -40.22433201125725, -0.8283581089484401
7.136760191120908, -40.22304544438016, -0.8289551238738133
8.097120397864272, -40.22175887750308, -0.8295521387991864
9.057419433447642, -40.220472310625986, -0.8301491537245596
10.017657297871057, -40.219185743748895, -0.8307461686499327
10.977833991134506, -40.21789917687181, -0.8313431835753058
11.937949513238031, -40.21661260999472, -0.8319401985006789
12.898003864181536, -40.215326043117635, -0.8325372134260521
13.857997043965103, -40.21403947624054, -0.8331342283514253
14.817929052588717, -40.21275290936346, -0.8337312432767983
15.777799890052366, -40.21146634248637, -0.8343282582021716
16.737609556356027, -40.21017977560928, -0.8349252731275446
17.697358051499727, -40.20889320873219, -0.8355222880529177
18.657045375483463, -40.20760664185511, -0.836119302978291
19.616671528307254, -40.20632007497802, -0.8367163179036641
20.57623650997104, -40.205033508100925, -0.8373133328290372
21.5357403204749, -40.203746941223834, -0.8379103477544103
22.49518295981879, -40.20246037434675, -0.8385073626797834
23.454564428002726, -40.20117380746966, -0.8391043776051565
24.413884725026662, -40.199887240592574, -0.8397013925305298
25.373143850890667, -40.19860067371548, -0.8402984074559028
26.332341805594684, -40.19731410683839, -0.8408954223812759
27.29147858913876, -40.19602753996131, -0.8414924373066491
28.250554201522828, -40.194740973084215, -0.8420894522320223
29.209568642746966, -40.193454406207124, -0.8426864671573954
30.168521912811148, -40.19216783933004, -0.8432834820827686
31.127414011715366, -40.190881272452955, -0.8438804970081416
32.08624493945962, -40.189594705575864, -0.8444775119335147
33.04501469604386, -40.18830813869877, -0.845074526858888
34.00372328146818, -40.18702157182169, -0.8456715417842611
34.96237069573251, -40.1857350049446, -0.8462685567096342
35.92033947340953, -40.1656136156909, -0.8468655716350078
36.86328457739566, -40.02601508156903, -0.847462586560381
37.7381676647651, -39.700333862053924, -0.8480596014857541
38.4597592266735, -39.17878620912629, -0.8486566164111272
38.98057844333598, -38.526533580686504, -0.8492536313365004
39.325587669392064, -37.82092766063104, -0.8498506462618736
39.573598126163326, -37.08040688119268, -0.8504476611872461
39.79971773286823, -36.28280681595304, -0.8510446761126192
39.98513694796526, -35.41563763084778, -0.8516416910379924
40.10516995995063, -34.490726800466724, -0.8522387059633656
40.16026808864694, -33.537981465367096, -0.8528357208887387
40.17029620241952, -32.57800285234872, -0.8534327358141118
40.16900963554244, -31.617589109535675, -0.854029750739485
40.167723068665346, -30.657236537882643, -0.8546267656648581
40.166436501788255, -29.69694513738953, -0.8552237805902312
40.16514993491117, -28.7367149080564, -0.8558207955156044
40.163863368034086, -27.77654584988324, -0.8564178104409774
40.162576801156995, -26.816437962870047, -0.8570148253663505
40.1612902342799, -25.85639124701678, -0.8576118402917238
40.16000366740282, -24.89640570232349, -0.8582088552170969
40.15871710052573, -23.936481328790165, -0.8588058701424701
40.157430533648636, -22.97661812641685, -0.8594028850678432
40.15614396677155, -22.016816095203453, -0.8599998999932164
40.15485739989446, -21.05707523515004, -0.8605969149185895
40.15357083301737, -20.0973955462566, -0.8611939298439626
40.152284266140285, -19.137777028523118, -0.8617909447693357
40.1509976992632, -18.178219681949567, -0.8623879596947088
40.14971113238611, -17.21872350653604, -0.862984974620082
40.14842456550902, -16.259288502282445, -0.8635819895454551
40.14713799863193, -15.299914669188855, -0.8641790044708283
40.14585143175484, -14.340602007255178, -0.8647760193962014
40.14456486487775, -13.381350516481474, -0.8653730343215745
40.143278298000666, -12.422160196867763, -0.8659700492469478
40.141991731123575, -11.463031048413987, -0.8665670641723209
40.14070516424649, -10.503963071120177, -0.8671640790976939
40.1394185973694, -9.544956264986318, -0.8677610940230671
40.138132030492315, -8.586010630012437, -0.8683581089484402
40.136845463615224, -7.6271261661985505, -0.8689551238738134
40.13555889673814, -6.668302873544587, -0.8695521387991865
40.13427232986105, -5.709540752050578, -0.8701491537245596
40.132985762983964, -4.75083980171659, -0.8707461686499327
40.13169919610687, -3.7922000225425188, -0.8713431835753059
40.13041262922978, -2.833621414528423, -0.871940198500679
40.12912606235269, -1.8751039776743315, -0.8725372134260522
40.127839495475605, -0.9166477119801656, -0.8731342283514253
40.12655292859852, 0.041747382553988466, -0.8737312432767984
40.12526636172143, 1.0000813059282416, -0.8743282582021715
40.123979794844345, 1.9583540581425152, -0.8749252731275448
40.12269322796725, 2.9165656391967816, -0.8755222880529179
40.12140666109016, 3.874716049091125, -0.8761193029782909
40.12012009421307, 4.8328052878255034, -0.8767163179036641
40.11883352733598, 5.790833355399925, -0.8773133328290372
40.117546960458895, 6.748800251814374, -0.8779103477544103
40.11626039358181, 7.706705977068817, -0.8785073626797836
40.11497382670472, 8.664550531163341, -0.8791043776051567
40.11368725982763, 9.622333914097906, -0.8797013925305297
40.11240069295055, 10.58005612587245, -0.8802984074559029
40.11111412607346, 11.537717166487086, -0.880895422381276
40.10982755919637, 12.49531703594175, -0.8814924373066492
40.10854099231928, 13.452855734236453, -0.8820894522320224
40.10725442544219, 14.41033326137114, -0.8826864671573954
40.1059678585651, 15.367749617345911, -0.8832834820827685
40.10468129168802, 16.325104802160674, -0.8838804970081418
40.103394724810926, 17.282398815815515, -0.8844775119335149
40.10210815793384, 18.239631658310348, -0.885074526858888
40.10082159105675, 19.196803329645263, -0.8856715417842612
40.09953502417966, 20.153913829820212, -0.8862685567096342
40.09824845730257, 21.110963158835204, -0.8868655716350075
40.09696189042548, 22.067951316690223, -0.8874625865603806
40.09567532354839, 23.024878303385226, -0.8880596014857537
40.09438875667131, 23.981744118920318, -0.8886566164111268
40.093102189794216, 24.938548763295447, -0.8892536313364999
40.09181562291713, 25.895292236510556, -0.889850646261873
40.09052905604004, 26.851974538565752, -0.8904476611872463
40.089242489162956, 27.808595669460985, -0.8910446761126194
40.08795592228587, 28.765155629196254, -0.8916416910379925
40.08666935540878, 29.721654417771507, -0.8922387059633657
40.08538278853169, 30.678092035186843, -0.8928357208887387
40.0840962216546, 31.634468481442166, -0.8934327358141119
40.08280965477751, 32.590783756537576, -0.8940297507394851
40.08152308790043, 33.54703786047297, -0.8946267656648582
40.08023652102334, 34.50323079324845, -0.8952237805902312
40.078949954146246, 35.45936255486397, -0.8958207955156045
40.07766338726916, 36.415433145319525, -0.8964178104409776
40.02349085039343, 37.36884697085006, -0.8970148253663514
39.78114292497572, 38.290182179209616, -0.8976118402917246
39.27870230686213, 39.0943595012439, -0.8982088552170977
38.52821211353846, 39.66806642880182, -0.8988058701424708
37.634012626854705, 39.976613476833144, -0.8994028850678439
36.68899789208106, 40.069943986006614, -0.8999998999932171
36.68899789208106, 40.0699439860066, -0.8999998999932164
34.79817971751152, 40.06737571424551, -0.9011975047836355
32.907607604907135, 40.064807442484415, -0.9023951095740547
31.017281554267868, 40.06223917072333, -0.9035927143644739
29.127201565593737, 40.059670898962246, -0.904790319154893
27.23736763888474, 40.057102627201154, -0.9059879239453121
25.34777977414088, 40.05453435544006, -0.9071855287357313
23.458437971362155, 40.05196608367897, -0.9083831335261505
21.56934223054856, 40.049397811917885, -0.9095807383165697
19.6804925517001, 40.0468295401568, -0.9107783431069889
17.79188893481678, 40.0442612683957, -0.911975947897408
15.903531379898588, 40.041692996634616, -0.9131735526878272
14.01541988694553, 40.03912472487353, -0.9143711574782464
12.12755445595761, 40.03655645311244, -0.9155687622686655
10.239935086934825, 40.03398818135135, -0.9167663670590847
8.352561779877169, 40.031419909590255, -0.9179639718495037
6.465434534784651, 40.02885163782917, -0.919161576639923
4.578553351657269, 40.026283366068085, -0.9203591814303421
2.691918230495019, 40.02371509430699, -0.9215567862207613
0.8055291712979022, 40.0211468225459, -0.9227543910111804
-1.0806138259340803, 40.01857855078481, -0.9239519958015995
-2.966510761200928, 40.01601027902372, -0.9251496005920188
-4.852161634502642, 40.013442007262626, -0.926347205382438
-6.737566445839222, 40.01087373550154, -0.9275448101728572
-8.622725195210666, 40.00830546374044, -0.9287424149632761
-10.50763788261698, 40.00573719197936, -0.9299400197536956
-12.392304508058155, 40.00316892021827, -0.9311376245441146
-14.276725071534196, 40.00060064845718, -0.9323352293345337
-16.160899573045096, 39.99803237669609, -0.9335328341249529
-18.044828012590873, 39.995464104934996, -0.934730438915372
-19.928510390171514, 39.99289583317391, -0.9359280437057913
-21.811946705787015, 39.990327561412826, -0.9371256484962104
-23.695136959437388, 39.987759289651734, -0.9383232532866296
-25.578081151122625, 39.98519101789064, -0.9395208580770487
-27.460779280842722, 39.98262274612955, -0.9407184628674679
-29.343231348597698, 39.980054474368465, -0.941916067657887
-31.225437354387523, 39.97748620260737, -0.9431136724483062
-33.10739729821223, 39.97491793084629, -0.9443112772387254
-34.98911118007179, 39.9723496590852, -0.9455088820291444
-36.87047141297355, 39.96205999198393, -0.9467064868195643
-38.65993148038235, 39.452228461298446, -0.9479040916099832
-39.76539495196391, 37.97626731467891, -0.9491016964004024
-39.96207657204086, 36.11032906998441, -0.950299301190821
-39.959508300279765, 34.22470895442833, -0.9514969059812401
-39.95694002851867, 32.339334900837386, -0.9526945107716591
-39.95437175675758, 30.454206909211592, -0.9538921155620785
-39.951803484996496, 28.56932497955092, -0.9550897203524977
-39.94923521323541, 26.68468911185539, -0.9562873251429167
-39.94666694147432, 24.800299306124984, -0.9574849299333359
-39.94409866971323, 22.91615556235972, -0.9586825347237551
-39.94153039795214, 21.032257880559584, -0.9598801395141743
-39.93896212619104, 19.14860626072459, -0.9610777443045934
-39.93639385442996, 17.265200702854727, -0.9622753490950126
-39.933825582668874, 15.382041206950005, -0.9634729538854317
-39.93125731090778, 13.4991277730104, -0.9646705586758509
-39.92868903914669, 11.616460401035939, -0.96586816346627
-39.926120767385605, 9.73403909102662, -0.9670657682566892
-39.92355249562451, 7.851863842982418, -0.9682633730471084
-39.92098422386342, 5.969934656903369, -0.9694609778375276
-39.918415952102336, 4.088251532789441, -0.9706585826279468
-39.915847680341244, 2.206814470640653, -0.9718561874183659
-39.91327940858016, 0.3256234704570012, -0.973053792208785
-39.91071113681907, -1.5553214677615208, -0.9742513969992042
-39.908142865057975, -3.4360203440149077, -0.9754490017896233
-39.90557459329689, -5.316473158303159, -0.9766466065800425
-39.9030063215358, -7.196679910626283, -0.9778442113704615
-39.900438049774706, -9.076640600984263, -0.9790418161608807
-39.89786977801362, -10.956355229377117, -0.9802394209513001
-39.89530150625254, -12.835823795804819, -0.9814370257417191
-39.89273323449144, -14.715046300267417, -0.9826346305321383
-39.89016496273035, -16.594022742764864, -0.9838322353225575
-39.88759669096926, -18.47275312329717, -0.9850298401129767
-39.88502841920817, -20.351237441864342, -0.9862274449033958
-39.882460147447084, -22.229475698466388, -0.987425049693815
-39.879891875686, -24.107467893103294, -0.9886226544842341
-39.87732360392491, -25.985214025775075, -0.9898202592746532
-39.874755332163815, -27.862714096481703, -0.9910178640650724
-39.87218706040273, -29.73996810522324, -0.9922154688554916
-39.86961878864164, -31.616976051999607, -0.9934130736459107
-39.867050516880546, -33.49373793681084, -0.9946106784363298
-39.86448224511946, -35.37025375965695, -0.995808283226749
-39.8066250387646, -37.24376941366208, -0.997005888017168
-39.05257210250218, -38.93018897409448, -0.998203492807587
-37.41002893950966, -39.77462825230259, -0.9994010975980061
-35.53424389852174, -39.85420915807515, -1.000598702388426
-33.65382184197911, -39.851640886314065, -1.0017963071788452
-31.77364584740164, -39.84907261455297, -1.0029939119692641
-29.89371591478929, -39.84650434279189, -1.0041915167596835
-28.014032044142084, -39.8439360710308, -1.0053891215501025
-26.13459423546002, -39.841367799269705, -1.0065867263405217
-24.255402488743087, -39.83879952750861, -1.007784331130941
-22.37645680399128, -39.83623125574752, -1.00898193592136
-20.497757181204616, -39.83366298398644, -1.0101795407117793
-18.61930362038307, -39.83109471222535, -1.0113771455021985
-16.74109612152669, -39.82852644046426, -1.0125747502926177
-14.863134684635403, -39.82595816870317, -1.0137723550830366
-12.985419309709293, -39.82338989694208, -1.0149699598734558
-11.107949996748285, -39.820821625181, -1.016167564663875
-9.230726745752428, -39.818253353419905, -1.0173651694542942
-7.353749556721692, -39.81568508165881, -1.0185627742447134
-5.477018429656103, -39.81311680989772, -1.0197603790351324
-3.600533364555631, -39.810548538136636, -1.0209579838255518
-1.7242943614203297, -39.80798026637554, -1.0221555886159708
0.15169857974987286, -39.805411994614445, -1.0233531934063902
2.027445458954918, -39.80284372285336, -1.0245507981968092
3.9029462761948635, -39.80027545109227, -1.0257484029872284
5.7782010314696155, -39.797707179331184, -1.0269460077776476
7.6532097247793, -39.79513890757009, -1.0281436125680667
9.527972356123806, -39.792570635809, -1.029341217358486
11.402488925503196, -39.79000236404791, -1.030538822148905
13.27675943291745, -39.78743409228682, -1.031736426939324
15.15078387836655, -39.78486582052573, -1.0329340317297433
17.024562261850516, -39.782297548764646, -1.0341316365201625
18.89809458336937, -39.779729277003554, -1.0353292413105817
20.771380842923094, -39.77716100524246, -1.0365268461010009
22.64442104051166, -39.77459273348138, -1.0377244508914198
24.51721517613509, -39.772024461720285, -1.038922055681839
26.389763249793422, -39.7694561899592, -1.0401196604722582
28.26206526148659, -39.76688791819811, -1.0413172652626774
30.13412121121462, -39.764319646437016, -1.0425148700530966
32.005931098977555, -39.76175137467593, -1.0437124748435158
33.87749492477532, -39.75918310291484, -1.0449100796339348
35.748812688607934, -39.756614831153755, -1.0461076844243542
37.6069616062356, -39.602468569982996, -1.0473052892147734
39.13732375617559, -38.58920081458629, -1.0485028940051926
39.72761649247221, -36.8355573808853, -1.0497004987956118
39.74634174410938, -34.960742377693066, -1.0508981035860308
39.74377347234829, -33.085518380163904, -1.05209570837645
39.7412052005872, -31.210540444599893, -1.0532933131668691
39.73863692882611, -29.33580857100101, -1.054490917957288
39.73606865706502, -27.461322759367253, -1.0556885227477073
39.73350038530393, -25.58708300969868, -1.0568861275381265
39.730932113542835, -23.713089321995206, -1.0580837323285457
39.72836384178175, -21.839341696256845, -1.0592813371189649
39.72579557002066, -19.96584013248365, -1.060478941909384
39.72322729825957, -18.09258463067559, -1.061676546699803
39.72065902649848, -16.219575190832682, -1.0628741514902225
39.71809075473739, -14.346811812954854, -1.0640717562806414
39.71552248297631, -12.474294497042195, -1.0652693610710606
39.71295421121522, -10.602023243094704, -1.0664669658614798
39.71038593945413, -8.72999805111228, -1.067664570651899
39.707817667693035, -6.858218921094998, -1.0688621754423182
39.70524939593194, -4.986685853042896, -1.0700597802327374
39.70268112417085, -3.1153988469558804, -1.0712573850231564
39.700112852409774, -1.244357902834051, -1.0724549898135756
39.69754458064868, 0.6264369793227008, -1.0736525946039948
39.69497630888759, 2.496985799514261, -1.074850199394414
39.6924080371265, 4.36728855774073, -1.0760478041848331
39.689839765365406, 6.237345254002029, -1.0772454089752523
39.68727149360432, 8.107155888298236, -1.0784430137656713
39.684703221843236, 9.976720460629311, -1.0796406185560907
39.682134950082144, 11.846038970995199, -1.0808382233465097
39.67956667832105, 13.715111419395955, -1.082035828136929
39.67699840655996, 15.583937805831683, -1.083233432927348
39.674430134798875, 17.45251813030217, -1.0844310377177673
39.67186186303779, 19.320852392807517, -1.0856286425081865
39.6692935912767, 21.18894059334779, -1.0868262472986054
39.666725319515606, 23.05678273192293, -1.0880238520890249
39.664157047754514, 24.92437880853287, -1.0892214568794438
39.66158877599343, 26.791728823177685, -1.0904190616698632
39.659020504232345, 28.65883277585742, -1.0916166664602822
39.65645223247125, 30.525690666572025, -1.0928142712507014
39.65388396071016, 32.39230249532143, -1.0940118760411204
39.65131568894907, 34.258668262105765, -1.0952094808315398
39.648747417187984, 36.124787966924906, -1.0964070856219588
39.33802358987233, 37.95099884602662, -1.097604690412378
38.076763463943934, 39.27356365365884, -1.0988022952027972
36.26009650797915, 39.6410426019047, -1.0999998999932163
36.26009650797914, 39.64104260190468, -1.0999998999932163
34.389824507498325, 39.63847433014359, -1.1011975047836353
32.51979856898264, 39.6359060583825, -1.1023951095740547
30.65001869243208, 39.63333778662141, -1.1035927143644737
28.780484877846664, 39.63076951486032, -1.1047903191548931
26.91119712522638, 39.628201243099234, -1.105987923945312
25.04215543457123, 39.62563297133815, -1.1071855287357313
23.173359805881212, 39.62306469957706, -1.1083831335261505
21.304810239156332, 39.620496427815965, -1.1095807383165697
19.436506734396584, 39.61792815605487, -1.1107783431069889
17.568449291601972, 39.61535988429378, -1.111975947897408
15.700637910772494, 39.612791612532696, -1.113173552687827
13.833072591908152, 39.610223340771604, -1.1143711574782464
11.965753335008941, 39.60765506901051, -1.1155687622686654
10.098680140074865, 39.60508679724943, -1.1167663670590846
8.23185300710592, 39.60251852548834, -1.1179639718495038
6.3652719361021175, 39.59995025372725, -1.119161576639923
4.498936927063447, 39.59738198196616, -1.1203591814303422
2.632847979989909, 39.594813710205074, -1.1215567862207614
0.7670050948815079, 39.59224543844398, -1.1227543910111804
-1.098591728261765, 39.58967716668289, -1.1239519958015995
-2.9639424894398974, 39.5871088949218, -1.1251496005920187
-4.829047188652901, 39.584540623160706, -1.126347205382438
-6.693905825900765, 39.581972351399614, -1.1275448101728571
-8.558518401183495, 39.57940407963852, -1.128742414963276
-10.422884914501097, 39.576835807877444, -1.1299400197536955
-12.287005365853556, 39.57426753611635, -1.1311376245441145
-14.15087975524089, 39.57169926435526, -1.1323352293345337
-16.014508082663077, 39.569130992594175, -1.1335328341249529
-17.877890348120136, 39.56656272083308, -1.134730438915372
-19.741026551612073, 39.56399444907199, -1.1359280437057913
-21.60391669313886, 39.5614261773109, -1.1371256484962102
-23.466560772700518, 39.558857905549814, -1.1383232532866296
-25.32895879029704, 39.55628963378872, -1.1395208580770486
-27.191110745928423, 39.55372136202763, -1.1407184628674678
-29.05301663959468, 39.551153090266546, -1.141916067657887
-30.9146764712958, 39.548584818505454, -1.143113672448306
-32.77609024103178, 39.54601654674437, -1.1443112772387254
-34.63725794880263, 39.54344827498328, -1.1455088820291444
-36.497996828605324, 39.530657843457945, -1.146706486819564
-38.26173467151983, 39.00461748212395, -1.147904091609983
-39.34092658337318, 37.53260770955693, -1.1491016964004022
-39.53317518793894, 35.68656422940462, -1.150299301190821
-39.530606916177845, 33.82149028793726, -1.15149690598124
-39.52803864441675, 31.956662408435022, -1.152694510771659
-39.52547037265566, 30.09208059089794, -1.1538921155620783
-39.52290210089458, 28.227744835325986, -1.1550897203524977
-39.520333829133484, 26.363655141719164, -1.1562873251429167
-39.51776555737239, 24.499811510077475, -1.1574849299333358
-39.51519728561131, 22.636213940400918, -1.158682534723755
-39.51262901385022, 20.772862432689504, -1.1598801395141742
-39.510060742089124, 18.909756986943215, -1.1610777443045934
-39.50749247032804, 17.046897603162073, -1.1622753490950126
-39.504924198566954, 15.184284281346063, -1.1634729538854318
-39.50235592680586, 13.321917021495167, -1.1646705586758508
-39.49978765504477, 11.459795823609417, -1.16586816346627
-39.49721938328368, 9.597920687688823, -1.1670657682566892
-39.49465111152259, 7.736291613733336, -1.1682633730471084
-39.4920828397615, 5.874908601743002, -1.1694609778375273
-39.489514568000416, 4.013771651717792, -1.1706585826279468
-39.486946296239324, 2.1528807636577088, -1.1718561874183657
-39.48437802447823, 0.2922359375627825, -1.173053792208785
-39.48180975271714, -1.5681628265670344, -1.1742513969992041
-39.479241480956055, -3.4283155287316998, -1.1754490017896233
-39.47667320919497, -5.28822216893124, -1.1766466065800425
-39.47410493743388, -7.14788274716565, -1.1778442113704615
-39.47153666567279, -9.007297263434914, -1.1790418161608809
-39.4689683939117, -10.866465717739057, -1.1802394209512999
-39.46640012215061, -12.725388110078043, -1.181437025741719
-39.46383185038952, -14.584064440451906, -1.1826346305321382
-39.46126357862843, -16.442494708860643, -1.1838322353225572
-39.45869530686734, -18.300678915304225, -1.1850298401129766
-39.45612703510625, -20.158617059782685, -1.1862274449033956
-39.453558763345164, -22.016309142296002, -1.187425049693815
-39.45099049158408, -23.87375516284419, -1.1886226544842342
-39.44842221982299, -25.730955121427264, -1.1898202592746532
-39.445853948061895, -27.587909018045174, -1.1910178640650724
-39.4432856763008, -29.44461685269797, -1.1922154688554916
-39.44071740453971, -31.301078625385625, -1.1934130736459108
-39.43814913277862, -33.157294336108144, -1.1946106784363297
-39.435580861017534, -35.01326398486554, -1.1958082832267491
-39.37012114732349, -36.86566773248925, -1.1970058880171672
-38.602958564099076, -38.52410936733335, -1.1982034928075864
-36.97109616474311, -39.34794216022539, -1.1994010975980054
-35.11561560146414, -39.425307773973245, -1.200598702388426
-33.25573971901023, -39.42273950221215, -1.201796307178845
-31.39610989852148, -39.42017123045107, -1.2029939119692643
-29.53672613999786, -39.417602958689976, -1.2041915167596833
-27.67758844343937, -39.41503468692889, -1.2053891215501027
-25.81869680884603, -39.4124664151678, -1.2065867263405217
-23.960051236217808, -39.40989814340671, -1.2077843311309409
-22.101651725554724, -39.40732987164562, -1.20898193592136
-20.24349827685677, -39.40476159988453, -1.2101795407117792
-18.385590890123943, -39.402193328123445, -1.2113771455021984
-16.527929565356285, -39.39962505636235, -1.2125747502926174
-14.670514302553723, -39.39705678460126, -1.2137723550830366
-12.81334510171632, -39.39448851284017, -1.2149699598734558
-10.956421962844027, -39.391920241079085, -1.216167564663875
-9.099744885936879, -39.389351969318, -1.2173651694542942
-7.24331387099488, -39.38678369755691, -1.2185627742447134
-5.387128918018002, -39.384215425795816, -1.2197603790351326
-3.531190027006247, -39.38164715403473, -1.2209579838255518
-1.6754971979596482, -39.37907888227363, -1.222155588615971
0.17994956912183846, -39.37651061051254, -1.22335319340639
2.0351502742381538, -39.373942338751455, -1.2245507981968091
3.8901049173893734, -39.37137406699036, -1.2257484029872283
5.7448134985754145, -39.36880579522928, -1.2269460077776475
7.599276017796392, -39.366237523468186, -1.2281436125680667
9.453492475052187, -39.363669251707094, -1.2293412173584857
11.307462870342858, -39.36110097994601, -1.2305388221489049
13.161187203668383, -39.35853270818492, -1.231736426939324
15.014665475028785, -39.355964436423825, -1.2329340317297433
16.86789768442401, -39.35339616466274, -1.2341316365201624
18.72088383185414, -39.35082789290165, -1.2353292413105816
20.573623917319154, -39.34825962114056, -1.2365268461010008
22.42611794081902, -39.34569134937947, -1.2377244508914198
24.278365902353737, -39.34312307761838, -1.2389220556818392
26.130367801923324, -39.340554805857295, -1.2401196604722582
27.98212363952779, -39.3379865340962, -1.2413172652626774
29.833633415167114, -39.33541826233511, -1.2425148700530966
31.684897128841314, -39.332849990574026, -1.2437124748435155
33.53591478055037, -39.330281718812934, -1.244910079633935
35.38668637029427, -39.32771344705185, -1.246107684424354
37.22233488519359, -39.16026813934757, -1.2473052892147727
38.723779417939525, -38.13971392281146, -1.2485028940051919
39.299152549164354, -36.40153811392949, -1.249700498795611
39.31744036000747, -34.547250624157755, -1.2508981035860307
39.31487208824638, -32.69257280071732, -1.25209570837645
39.31230381648529, -30.83814103924204, -1.253293313166869
39.3097355447242, -28.983955339731878, -1.254490917957288
39.30716727296311, -27.13001570218684, -1.2556885227477075
39.30459900120202, -25.276322126606953, -1.2568861275381265
39.302030729440936, -23.42287461299219, -1.2580837323285456
39.299462457679844, -21.569673161342575, -1.2592813371189646
39.29689418591875, -19.716717771658082, -1.260478941909384
39.29432591415767, -17.864008443938726, -1.2616765466998032
39.291757642396576, -16.011545178184505, -1.2628741514902224
39.28918937063549, -14.159327974395408, -1.2640717562806414
39.28662109887439, -12.307356832571465, -1.2652693610710606
39.28405282711331, -10.455631752712614, -1.2664669658614798
39.28148455535222, -8.604152734818918, -1.267664570651899
39.27891628359113, -6.752919778890405, -1.2688621754423182
39.27634801183004, -4.901932884926991, -1.2700597802327374
39.273779740068946, -3.051192052928701, -1.2712573850231565
39.27121146830787, -1.2006972828955544, -1.2724549898135755
39.26864319654677, 0.6495514251724178, -1.2736525946039947
39.266074924785684, 2.4995540712752997, -1.274850199394414
39.26350665302459, 4.349310655413052, -1.276047804184833
39.26093838126351, 6.198821177585658, -1.2772454089752523
39.25837010950242, 8.048085637793141, -1.2784430137656713
39.25580183774132, 9.897104036035492, -1.2796406185560905
39.25323356598024, 11.7458763723127, -1.2808382233465097
39.250665294219154, 13.594402646624772, -1.2820358281369288
39.24809702245806, 15.442682858971724, -1.283233432927348
39.24552875069697, 17.29071700935348, -1.2844310377177672
39.24296047893588, 19.138505097770157, -1.2856286425081862
39.24039220717479, 20.986047124221702, -1.2868262472986056
39.2378239354137, 22.8333430887081, -1.2880238520890246
39.235255663652616, 24.680392991229372, -1.289221456879444
39.232687391891524, 26.52719683178551, -1.290419061669863
39.23011912013043, 28.37375461037652, -1.2916166664602822
39.22755084836934, 30.220066327002385, -1.2928142712507014
39.224982576608255, 32.06613198166311, -1.2940118760411206
39.22241430484717, 33.91195157435872, -1.2952094808315398
39.21984603308607, 35.75752510508913, -1.296407085621959
38.89199667743508, 37.55941551891555, -1.2976046904123772
37.62942650773676, 38.853732823610216, -1.2988022952027964
35.83119512387724, 39.21214121780278, -1.2999998999932156
35.83119512387724, 39.21214121780276, -1.2999998999932163
33.981469297485134, 39.20957294604167, -1.3011975047836353
32.13198953305816, 39.20700467428058, -1.3023951095740545
30.282755830596326, 39.20443640251949, -1.3035927143644739
28.433768190099624, 39.201868130758406, -1.304790319154893
26.585026611568058, 39.19929985899731, -1.305987923945312
24.736531095001627, 39.19673158723623, -1.3071855287357312
22.888281640400326, 39.19416331547513, -1.3083831335261504
21.040278247764164, 39.191595043714045, -1.3095807383165696
19.19252091709313, 39.18902677195295, -1.3107783431069888
17.345009648387236, 39.18645850019187, -1.3119759478974078
15.497744441646475, 39.183890228430776, -1.3131735526878272
13.650725296870847, 39.18132195666969, -1.3143711574782462
11.803952214060356, 39.17875368490859, -1.3155687622686654
9.957425193215002, 39.176185413147515, -1.3167663670590846
8.111144234334773, 39.173617141386416, -1.3179639718495038
6.265109337419686, 39.17104886962533, -1.319161576639923
4.419320502469727, 39.16848059786424, -1.320359181430342
2.5737777294849065, 39.165912326103154, -1.3215567862207611
0.7284810184652207, 39.16334405434206, -1.3227543910111805
-1.1165696305893313, 39.16077578258098, -1.3239519958015995
-2.9613742176787503, 39.15820751081988, -1.3251496005920187
-4.805932742803033, 39.155639239058786, -1.3263472053824379
-6.650245205962182, 39.1530709672977, -1.327544810172857
-8.494311607156195, 39.1505026955366, -1.3287424149632763
-10.338131946385076, 39.147934423775524, -1.3299400197536955
-12.181706223648822, 39.145366152014425, -1.3311376245441144
-14.02503443894744, 39.14279788025334, -1.3323352293345336
-15.868116592280906, 39.14022960849225, -1.3335328341249528
-17.710952683649253, 39.13766133673116, -1.3347304389153718
-19.55354271305246, 39.13509306497007, -1.335928043705791
-21.395886680490538, 39.13252479320898, -1.3371256484962104
-23.237984585963478, 39.129956521447895, -1.3383232532866296
-25.079836429471293, 39.1273882496868, -1.3395208580770486
-26.921442211013957, 39.12481997792571, -1.3407184628674675
-28.7628019305915, 39.122251706164626, -1.3419160676578867
-30.6039155882039, 39.119683434403534, -1.3431136724483062
-32.444783183851165, 39.11711516264245, -1.3443112772387253
-34.2854047175333, 39.11454689088136, -1.3455088820291443
-36.12539215589692, 39.096944610621286, -1.3467064868195646
-37.8632603999489, 38.556595759560075, -1.3479040916099836
-38.9164582147824, 37.08894810443513, -1.3491016964004028
-39.10427380383701, 35.26279938882497, -1.3502993011908209
-39.101705532075925, 33.41827162144634, -1.35149690598124
-39.09913726031483, 31.57398991603283, -1.352694510771659
-39.09656898855374, 29.729954272584465, -1.3538921155620782
-39.09400071679266, 27.88616469110122, -1.3550897203524974
-39.091432445031565, 26.042621171583125, -1.3562873251429166
-39.08886417327047, 24.19932371403015, -1.3574849299333358
-39.08629590150939, 22.35627231844231, -1.358682534723755
-39.083727629748296, 20.51346698481962, -1.3598801395141742
-39.081159357987204, 18.670907713162045, -1.3610777443045932
-39.07859108622612, 16.828594503469617, -1.3622753490950124
-39.07602281446503, 14.986527355742323, -1.3634729538854318
-39.073454542703935, 13.144706269980146, -1.3646705586758507
-39.07088627094285, 11.30313124618312, -1.3658681634662697
-39.06831799918176, 9.461802284351235, -1.3670657682566891
-39.065749727420666, 7.620719384484475, -1.368263373047108
-39.06318145565958, 5.779882546582845, -1.3694609778375273
-39.06061318389849, 3.93929177064636, -1.3706585826279465
-39.058044912137404, 2.098947056674997, -1.371856187418366
-39.05547664037631, 0.25884840466878123, -1.3730537922087849
-39.05290836861522, -1.581004185372313, -1.3742513969992038
-39.050340096854136, -3.4206107134482777, -1.3754490017896233
-39.047771825093044, -5.259971179559087, -1.3766466065800422
-39.04520355333195, -7.099085583704775, -1.3778442113704614
-39.04263528157087, -8.93795392588534, -1.3790418161608806
-39.040067009809775, -10.776576206100751, -1.3802394209512998
-39.03749873804868, -12.61495242435103, -1.381437025741719
-39.0349304662876, -14.45308258063617, -1.382634630532138
-39.03236219452651, -16.29096667495621, -1.3838322353225574
-39.02979392276542, -18.12860470731108, -1.3850298401129764
-39.02722565100433, -19.965996677700826, -1.3862274449033956
-39.02465737924324, -21.80314258612544, -1.3874250496938147
-39.02208910748216, -23.640042432584913, -1.3886226544842342
-39.01952083572107, -25.47669621707925, -1.3898202592746531
-39.01695256395997, -27.31310393960846, -1.391017864065072
-39.01438429219888, -29.149265600172537, -1.3922154688554915
-39.01181602043779, -30.985181198771485, -1.3934130736459105
-39.0092477486767, -32.82085073540529, -1.3946106784363297
-39.00667947691562, -34.65627421007396, -1.3958082832267489
-38.933617255882396, -36.487566051316264, -1.3970058880171683
-38.15334502569607, -38.11802976057213, -1.3982034928075873
-36.53211171552023, -38.9209767764609, -1.3994010975980065
-34.696987304406704, -38.99640638987133, -1.4005987023884259
-32.857657596041534, -38.99383811811025, -1.401796307178845
-31.018573949641493, -38.991269846349155, -1.4029939119692643
-29.1797363652066, -38.98870157458806, -1.4041915167596835
-27.341144842736817, -38.98613330282697, -1.4053891215501024
-25.50279938223219, -38.983565031065886, -1.4065867263405216
-23.66469998369267, -38.980996759304794, -1.4077843311309408
-21.826846647118288, -38.97842848754371, -1.40898193592136
-19.989239372509054, -38.97586021578262, -1.4101795407117792
-18.151878159864957, -38.973291944021526, -1.4113771455021982
-16.314763009186002, -38.97072367226043, -1.4125747502926176
-14.477893920472157, -38.968155400499356, -1.4137723550830366
-12.641270893723462, -38.965587128738264, -1.414969959873456
-10.804893928939885, -38.96301885697717, -1.416167564663875
-8.968763026121438, -38.96045058521608, -1.4173651694542941
-7.132878185268155, -38.957882313454995, -1.4185627742447133
-5.2972394063799975, -38.9553140416939, -1.4197603790351323
-3.4618466894569746, -38.95274576993282, -1.4209579838255517
-1.6267000344990676, -38.95017749817172, -1.4221555886159707
0.2082005584936878, -38.94760922641063, -1.4233531934063899
2.042855089521318, -38.94504095464954, -1.424550798196809
3.8772635585838238, -38.94247268288845, -1.4257484029872283
5.711425965681164, -38.93990441112736, -1.4269460077776475
7.54534231081339, -38.93733613936627, -1.4281436125680664
9.379012593980473, -38.93476786760518, -1.4293412173584858
11.21243681518244, -38.9321995958441, -1.4305388221489048
13.045614974419243, -38.929631324083005, -1.431736426939324
14.87854707169094, -38.92706305232191, -1.4329340317297432
16.71123310699749, -38.92449478056082, -1.4341316365201624
18.543673080338884, -38.921926508799736, -1.4353292413105816
20.375866991715185, -38.919358237038644, -1.4365268461010006
22.207814841126343, -38.91678996527756, -1.4377244508914198
24.03951662857235, -38.91422169351647, -1.4389220556818392
25.870972354053233, -38.911653421755375, -1.4401196604722584
27.702182017568973, -38.90908514999428, -1.4413172652626773
29.53314561911958, -38.9065168782332, -1.4425148700530965
31.363863158705072, -38.903948606472106, -1.4437124748435155
33.19433463632543, -38.90138033471102, -1.4449100796339347
35.0245600519806, -38.89881206294993, -1.4461076844243541
36.8377081641516, -38.718067708712155, -1.4473052892147733
38.31023507970347, -37.690227031036635, -1.4485028940051925
38.87068860585651, -35.96751884697365, -1.4497004987956115
38.88853897590556, -34.133758870622415, -1.4508981035860307
38.88597070414447, -32.299627221270725, -1.4520957083764499
38.88340243238338, -30.465741633884136, -1.453293313166869
38.88083416062229, -28.632102108462675, -1.4544909179572882
38.8782658888612, -26.798708645006368, -1.4556885227477072
38.875697617100116, -24.965561243515175, -1.4568861275381264
38.873129345339024, -23.132659903989115, -1.4580837323285456
38.87056107357793, -21.30000462642824, -1.4592813371189646
38.86799280181684, -19.46759541083245, -1.460478941909384
38.865424530055755, -17.63543225720184, -1.461676546699803
38.86285625829466, -15.803515165536316, -1.4628741514902222
38.86028798653358, -13.971844135835928, -1.4640717562806413
38.857719714772486, -12.1404191681007, -1.4652693610710608
38.855151443011394, -10.309240262330574, -1.4664669658614797
38.8525831712503, -8.4783074185256, -1.467664570651899
38.85001489948922, -6.647620636685816, -1.4688621754423181
38.84744662772813, -4.817179916811075, -1.470059780232737
38.84487835596704, -2.986985258901517, -1.4712573850231565
38.84231008420595, -1.1570366629570927, -1.4724549898135757
38.839741812444856, 0.6726658710221899, -1.4736525946039947
38.83717354068377, 2.502122343036397, -1.4748501993944139
38.83460526892269, 4.331332753085418, -1.4760478041848328
38.832036997161595, 6.160297101169302, -1.4772454089752522
38.8294687254005, 7.989015387288055, -1.4784430137656714
38.82690045363942, 9.817487611441676, -1.4796406185560906
38.824332181878326, 11.64571377363021, -1.4808382233465096
38.82176391011724, 13.473693873853504, -1.4820358281369288
38.81919563835615, 15.30142791211177, -1.483233432927348
38.81662736659506, 17.128915888404848, -1.4844310377177672
38.81405909483397, 18.956157802732793, -1.4856286425081864
38.81149082307287, 20.78315365509566, -1.4868262472986056
38.808922551311795, 22.60990344549333, -1.4880238520890245
38.806354279550696, 24.436407173925872, -1.4892214568794437
38.80378600778961, 26.262664840393285, -1.490419061669863
38.80121773602852, 28.088676444895558, -1.4916166664602821
38.798649464267434, 29.914441987432756, -1.4928142712507013
38.79608119250634, 31.73996146800476, -1.4940118760411205
38.79351292074525, 33.56523488661163, -1.4952094808315395
38.790944648984166, 35.39026224325337, -1.4964070856219587
38.44496602933099, 37.167390491102935, -1.4976046904123785
37.18208955152952, 38.4339019935616, -1.4988022952027975
35.40229373977532, 38.78323983370086, -1.4999998999932167
35.402293739775324, 38.78323983370084, -1.4999998999932163
33.57311408747193, 38.78067156193975, -1.5011975047836352
31.744180497133684, 38.77810329017866, -1.5023951095740546
29.915492968760564, 38.77553501841757, -1.5035927143644736
28.08705150235258, 38.77296674665648, -1.5047903191548928
26.258856097909728, 38.770398474895394, -1.505987923945312
24.430906755432016, 38.7678302031343, -1.5071855287357314
22.603203474919432, 38.76526193137322, -1.5083831335261504
20.775746256371985, 38.762693659612125, -1.5095807383165696
18.948535099789673, 38.76012538785104, -1.5107783431069888
17.12157000517249, 38.75755711608995, -1.5119759478974077
15.294850972520448, 38.75498884432886, -1.5131735526878272
13.468378001833537, 38.752420572567765, -1.5143711574782461
11.64215109311176, 38.74985230080667, -1.515568762268665
9.816170246355115, 38.74728402904559, -1.5167663670590845
7.990435461563611, 38.7447157572845, -1.5179639718495035
6.164946738737239, 38.74214748552341, -1.519161576639923
4.339704077876002, 38.739579213762326, -1.520359181430342
2.514707478979896, 38.737010942001234, -1.5215567862207613
0.6899569420489309, 38.73444267024014, -1.5227543910111803
-1.1345475329169068, 38.73187439847905, -1.5239519958015995
-2.9588059459176157, 38.72930612671796, -1.5251496005920187
-4.782818296953178, 38.726737854956866, -1.5263472053824376
-6.606584586023613, 38.72416958319578, -1.527544810172857
-8.430104813128906, 38.72160131143469, -1.528742414963276
-10.253378978269073, 38.7190330396736, -1.5299400197536954
-12.076407081444104, 38.71646476791251, -1.5311376245441146
-13.899189122653993, 38.71389649615142, -1.5323352293345336
-15.721725101898766, 38.711328224390336, -1.5335328341249528
-17.54401501917839, 38.708759952629244, -1.534730438915372
-19.366058874492882, 38.70619168086816, -1.5359280437057912
-21.187856667842233, 38.70362340910706, -1.5371256484962101
-23.00940839922646, 38.701055137345975, -1.5383232532866293
-24.83071406864556, 38.69848686558489, -1.5395208580770485
-26.651773676099502, 38.69591859382379, -1.5407184628674675
-28.47258722158833, 38.693350322062706, -1.541916067657887
-30.293154705112013, 38.69078205030162, -1.543113672448306
-32.11347612667056, 38.68821377854053, -1.5443112772387253
-33.93355148626397, 38.68564550677944, -1.5455088820291445
-35.75278748318854, 38.663231377784626, -1.546706486819564
-37.46373118243732, 38.10701234218647, -1.547904091609983
-38.49198984619163, 36.64528849931332, -1.549101696400402
-38.6753724197351, 34.83903454824532, -1.5502993011908206
-38.672804147974006, 33.01505295495541, -1.5514969059812398
-38.670235876212914, 31.19131742363061, -1.552694510771659
-38.66766760445182, 29.367827954270954, -1.553892115562078
-38.665099332690744, 27.544584546876425, -1.5550897203524974
-38.662531060929645, 25.721587201447043, -1.5562873251429163
-38.65996278916856, 23.89883591798279, -1.5574849299333353
-38.65739451740747, 22.07633069648366, -1.5586825347237547
-38.65482624564638, 20.254071536949684, -1.5598801395141741
-38.65225797388529, 18.432058439380828, -1.5610777443045931
-38.6496897021242, 16.61029140377711, -1.5622753490950123
-38.647121430363114, 14.788770430138529, -1.5634729538854315
-38.64455315860202, 12.967495518465082, -1.5646705586758505
-38.64198488684093, 11.146466668756766, -1.5658681634662697
-38.639416615079845, 9.325683881013573, -1.5670657682566889
-38.63684834331875, 7.505147155235543, -1.568263373047108
-38.63428007155766, 5.68485649142263, -1.5694609778375272
-38.63171179979658, 3.864811889574851, -1.5706585826279462
-38.629143528035485, 2.045013349692213, -1.5718561874183656
-38.6265752562744, 0.2254608717747063, -1.5730537922087848
-38.6240069845133, -1.593845544177673, -1.574251396999204
-38.621438712752216, -3.412905898164917, -1.575449001789623
-38.61887044099113, -5.231720190187017, -1.5766466065800424
-38.61630216923004, -7.050288420243987, -1.5778442113704614
-38.61373389746895, -8.868610588335832, -1.5790418161608806
-38.61116562570786, -10.686686694462523, -1.5802394209512998
-38.60859735394677, -12.504516738624089, -1.5814370257417187
-38.606029082185685, -14.322100720820515, -1.582634630532138
-38.60346081042459, -16.139438641051832, -1.5838322353225571
-38.6008925386635, -17.956530499318006, -1.5850298401129765
-38.59832426690241, -19.77337629561903, -1.5862274449033955
-38.595755995141324, -21.589976029954933, -1.5874250496938147
-38.59318772338024, -23.406329702325685, -1.588622654484234
-38.59061945161915, -25.2224373127313, -1.5898202592746529
-38.588051179858056, -27.038298861171796, -1.591017864065072
-38.58548290809697, -28.853914347647176, -1.5922154688554913
-38.58291463633588, -30.669283772157392, -1.5934130736459104
-38.58034636457479, -32.48440713470248, -1.5946106784363296
-38.5777780928137, -34.29928443528243, -1.5958082832267488
-38.496312054414126, -36.109316112024615, -1.5970058880171685
-37.70300869367627, -37.71122736019415, -1.5982034928075874
-36.09306275363292, -38.49366271266915, -1.5994010975980069
-34.27835900734928, -38.56750500576942, -1.6005987023884258
-32.4595754730728, -38.56493673400833, -1.601796307178845
-30.641038000761483, -38.56236846224724, -1.6029939119692642
-28.822746590415292, -38.55980019048615, -1.6041915167596832
-27.004701242034223, -38.557231918725066, -1.6053891215501026
-25.186901955618303, -38.554663646963974, -1.6065867263405216
-23.369348731167506, -38.55209537520288, -1.6077843311309408
-21.552041568681837, -38.5495271034418, -1.60898193592136
-19.734980468161304, -38.54695883168071, -1.6101795407117792
-17.918165429605935, -38.54439055991962, -1.6113771455021983
-16.10159645301567, -38.54182228815853, -1.6125747502926173
-14.285273538390541, -38.539254016397436, -1.6137723550830367
-12.46919668573056, -38.53668574463635, -1.6149699598734557
-10.653365895035702, -38.53411747287526, -1.616167564663875
-8.837781166305966, -38.531549201114174, -1.617365169454294
-7.022442499541393, -38.52898092935308, -1.618562774244713
-5.207349894741949, -38.52641265759199, -1.6197603790351325
-3.3925033519076395, -38.5238443858309, -1.6209579838255515
-1.5779028710384522, -38.521276114069806, -1.6221555886159709
0.23645154786558858, -38.518707842308714, -1.6233531934063898
2.0505599048044996, -38.51613957054763, -1.6245507981968093
3.8644221997782955, -38.51357129878654, -1.6257484029872282
5.678038432786915, -38.51100302702545, -1.6269460077776474
7.491408603830436, -38.50843475526436, -1.6281436125680666
9.304532712908808, -38.50586648350327, -1.6293412173584856
11.117410760022072, -38.50329821174218, -1.6305388221489048
12.930042745170155, -38.50072993998109, -1.631736426939324
14.742428668353128, -38.49816166822001, -1.632934031729743
16.554568529570986, -38.495593396458915, -1.6341316365201624
18.366462328823665, -38.49302512469782, -1.6353292413105815
20.178110066111216, -38.49045685293674, -1.6365268461010007
21.98951174143367, -38.487888581175646, -1.63772445089142
23.800667354790964, -38.485320309414554, -1.638922055681839
25.611576906183135, -38.48275203765347, -1.640119660472258
27.42224039561018, -38.48018376589238, -1.6413172652626773
29.232657823072056, -38.477615494131285, -1.6425148700530965
31.042829188568824, -38.4750472223702, -1.6437124748435155
32.85275449210048, -38.472478950609116, -1.6449100796339349
34.66243373366696, -38.469910678848024, -1.6461076844243538
36.453081443109554, -38.275867278076745, -1.647305289214773
37.896690741467395, -37.24074013926181, -1.6485028940051922
38.442224662548654, -35.533499580017896, -1.6497004987956114
38.45963759180364, -33.72026711708717, -1.6508981035860306
38.45706932004256, -31.906681641824164, -1.6520957083764498
38.454501048281465, -30.093342228526296, -1.6532933131668688
38.45193277652038, -28.28024887719358, -1.654490917957288
38.44936450475929, -26.467401587825965, -1.6556885227477072
38.4467962329982, -24.654800360423497, -1.6568861275381264
38.44422796123711, -22.84244519498616, -1.6580837323285458
38.44165968947602, -21.03033609151395, -1.6592813371189647
38.43909141771493, -19.218473050006907, -1.660478941909384
38.43652314595384, -17.40685607046499, -1.6616765466998031
38.43395487419275, -15.595485152888168, -1.6628741514902223
38.431386602431665, -13.784360297276507, -1.6640717562806413
38.42881833067057, -11.973481503630008, -1.6652693610710605
38.42625005890948, -10.162848771948566, -1.6664669658614797
38.423681787148396, -8.352462102232334, -1.6676645706518989
38.421113515387304, -6.54232149448122, -1.6688621754423179
38.41854524362622, -4.732426948695201, -1.6700597802327373
38.41597697186513, -2.922778464874373, -1.6712573850231562
38.413408700104036, -1.113376043018632, -1.6724549898135757
38.41084042834295, 0.6957803168719756, -1.6736525946039946
38.40827215658186, 2.504690614797408, -1.6748501993944138
38.40570388482077, 4.313354850757697, -1.676047804184833
38.40313561305968, 6.121773024752899, -1.6772454089752522
38.40056734129859, 7.929945136782971, -1.6784430137656712
38.3979990695375, 9.737871186847862, -1.6796406185560904
38.39543079777641, 11.545551174947672, -1.6808382233465098
38.39286252601532, 13.35298510108228, -1.6820358281369288
38.39029425425423, 15.160172965251823, -1.683233432927348
38.38772598249315, 16.967114767456227, -1.6844310377177671
38.38515771073205, 18.77381050769544, -1.6856286425081863
38.38258943897097, 20.580260185969525, -1.6868262472986053
38.380021167209875, 22.386463802278577, -1.6880238520890247
38.37745289544879, 24.192421356622383, -1.6892214568794437
38.3748846236877, 25.998132849001063, -1.6904190616698629
38.372316351926614, 27.803598279414665, -1.691616666460282
38.36974808016552, 29.608817647863127, -1.6928142712507013
38.36717980840443, 31.4137909543464, -1.6940118760411202
38.364611536643345, 33.2185181988646, -1.6952094808315397
38.36089484591935, 35.02298376579357, -1.6964070856219584
37.99792353712251, 36.775360251211566, -1.6976046904123776
36.73475259532229, 38.014071163513, -1.698802295202797
34.973392355673425, 38.35433844959894, -1.699999899993216
34.97339235567342, 38.35433844959893, -1.6999998999932162
33.16475887745874, 38.351770177837835, -1.7011975047836354
31.35637146120921, 38.34920190607674, -1.7023951095740546
29.548230106924805, 38.34663363431566, -1.7035927143644736
27.740334814605536, 38.34406536255457, -1.704790319154893
25.9326855842514, 38.34149709079348, -1.705987923945312
24.125282415862404, 38.33892881903239, -1.7071855287357314
22.318125309438532, 38.336360547271305, -1.7083831335261503
20.511214264979802, 38.33379227551021, -1.7095807383165695
18.704549282486205, 38.33122400374912, -1.7107783431069887
16.89813036195774, 38.32865573198803, -1.711975947897408
15.091957503394411, 38.32608746022695, -1.7131735526878271
13.286030706796216, 38.32351918846586, -1.7143711574782463
11.480349972163156, 38.32095091670477, -1.7155687622686653
9.674915299495227, 38.318382644943675, -1.7167663670590845
7.869726688792437, 38.31581437318258, -1.7179639718495034
6.064784140054777, 38.3132461014215, -1.7191615766399229
4.260087653282254, 38.310677829660406, -1.7203591814303418
2.455637228474864, 38.30810955789932, -1.721556786220761
0.6514328656326126, 38.30554128613823, -1.7227543910111802
-1.1525254352445111, 38.302973014377145, -1.7239519958015994
-2.9562376741564944, 38.300404742616045, -1.7251496005920186
-4.75970385110335, 38.29783647085495, -1.7263472053824376
-6.56292396608507, 38.29526819909387, -1.727544810172857
-8.365898019101651, 38.29269992733277, -1.728742414963276
-10.168626010153105, 38.290131655571685, -1.7299400197536954
-11.971107939239415, 38.2875633838106, -1.7311376245441144
-13.773343806360598, 38.28499511204951, -1.7323352293345335
-15.57533361151665, 38.282426840288416, -1.7335328341249527
-17.377077354707556, 38.27985856852733, -1.734730438915372
-19.178575035933335, 38.27729029676624, -1.7359280437057911
-20.979826655193982, 38.27472202500515, -1.7371256484962103
-22.780832212489493, 38.27215375324406, -1.7383232532866295
-24.58159170781986, 38.26958548148297, -1.7395208580770487
-26.382105141185107, 38.267017209721885, -1.7407184628674677
-28.18237251258521, 38.26444893796079, -1.741916067657887
-29.982393822020185, 38.2618806661997, -1.743113672448306
-31.78216906949002, 38.259312394438616, -1.744311277238725
-33.58169825499472, 38.256744122677524, -1.7455088820291442
-35.38018281048025, 38.22951814494797, -1.746706486819563
-37.06364950907758, 37.65661109387231, -1.747904091609982
-38.0675214776009, 36.20162889419139, -1.749101696400401
-38.24647103563318, 34.41526970766559, -1.7502993011908208
-38.243902763872086, 32.61183428846437, -1.7514969059812397
-38.241334492110994, 30.808644931228297, -1.752694510771659
-38.23876622034991, 29.005701635957355, -1.7538921155620781
-38.236197948588824, 27.203004402651537, -1.7550897203524976
-38.23362967682773, 25.400553231310862, -1.7562873251429165
-38.23106140506663, 23.598348121935324, -1.7574849299333355
-38.22849313330555, 21.79638907452491, -1.7586825347237547
-38.22592486154446, 19.99467608907964, -1.759880139514174
-38.22335658978337, 18.193209165599505, -1.7610777443045933
-38.22078831802229, 16.391988304084506, -1.7622753490950123
-38.218220046261195, 14.591013504534645, -1.7634729538854315
-38.2156517745001, 12.790284766949899, -1.7646705586758507
-38.21308350273901, 10.9898020913303, -1.7658681634662696
-38.210515230977926, 9.189565477675831, -1.767065768256689
-38.207946959216834, 7.389574925986517, -1.768263373047108
-38.20537868745574, 5.589830436262314, -1.7694609778375272
-38.20281041569466, 3.79033200850324, -1.7706585826279464
-38.20024214393357, 1.9910796427093236, -1.7718561874183658
-38.19767387217248, 0.19207333888052688, -1.7730537922087848
-38.19510560041138, -1.6066869029831468, -1.7742513969992038
-38.192537328650296, -3.4052010828816632, -1.7754490017896232
-38.18996905688921, -5.2034692008150545, -1.7766466065800421
-38.18740078512812, -7.001491256783307, -1.7778442113704611
-38.18483251336703, -8.799267250786428, -1.7790418161608805
-38.18226424160594, -10.596797182824421, -1.7802394209513
-38.17969596984486, -12.394081052897274, -1.781437025741719
-38.17712769808376, -14.19111886100498, -1.7826346305321379
-38.17455942632267, -15.987910607147583, -1.7838322353225573
-38.17199115456158, -17.784456291325043, -1.7850298401129763
-38.16942288280049, -19.58075591353735, -1.7862274449033952
-38.166854611039405, -21.376809473784526, -1.7874250496938147
-38.16428633927832, -23.17261697206657, -1.788622654484234
-38.16171806751723, -24.96817840838348, -1.789820259274653
-38.159149795756136, -26.76349378273526, -1.791017864065072
-38.156581523995044, -28.558563095121922, -1.7922154688554914
-38.15401325223396, -30.353386345543406, -1.7934130736459104
-38.15144498047287, -32.1479635339998, -1.7946106784363296
-38.14887670871178, -33.94229466049103, -1.7958082832267488
-38.05727241825296, -35.73074526819447, -1.7970058880171687
-37.251610055177615, -37.303362653337494, -1.7982034928075878
-35.65400142894518, -38.06628183003508, -1.799401097598007
-33.859730710291714, -38.13860362166751, -1.8005987023884256
-32.06149335010395, -38.13603534990642, -1.801796307178845
-30.263502051881336, -38.13346707814533, -1.802993911969264
-28.465756815623855, -38.13089880638424, -1.8041915167596834
-26.66825764133151, -38.128330534623146, -1.8053891215501023
-24.8710045290043, -38.12576226286206, -1.8065867263405215
-23.07399747864222, -38.123193991100976, -1.8077843311309407
-21.277236490245276, -38.120625719339884, -1.80898193592136
-19.480721563813457, -38.11805744757879, -1.8101795407117791
-17.684452699346792, -38.1154891758177, -1.8113771455021983
-15.888429896845242, -38.112920904056615, -1.8125747502926175
-14.092653156308838, -38.11035263229552, -1.8137723550830365
-12.297122477737567, -38.10778436053444, -1.8149699598734559
-10.50183786113143, -38.105216088773346, -1.8161675646638749
-8.706799306490437, -38.102647817012254, -1.8173651694542943
-6.912006813814556, -38.10007954525116, -1.8185627742447132
-5.117460383103823, -38.09751127349008, -1.8197603790351322
-3.3231600143582236, -38.094943001728986, -1.8209579838255516
-1.5291057075777585, -38.092374729967894, -1.8221555886159706
0.2647025372375712, -38.0898064582068, -1.8233531934063896
2.058264720087763, -38.08723818644572, -1.824550798196809
3.851580840972831, -38.084669914684625, -1.825748402987228
5.64465089989273, -38.08210164292353, -1.8269460077776474
7.437474896847552, -38.07953337116244, -1.8281436125680663
9.23005283183721, -38.076965099401356, -1.8293412173584855
11.022384704861745, -38.074396827640264, -1.8305388221489047
12.814470515921125, -38.07182855587918, -1.831736426939324
14.606310265015379, -38.06926028411809, -1.8329340317297431
16.397903952144507, -38.066692012356995, -1.8341316365201623
18.189251577308475, -38.06412374059591, -1.8353292413105815
19.98035314050731, -38.06155546883482, -1.8365268461010007
21.771208641741037, -38.05898719707373, -1.83772445089142
23.56181808100962, -38.05641892531264, -1.8389220556818389
25.352181458313087, -38.05385065355155, -1.8401196604722583
27.142298773651415, -38.05128238179046, -1.8413172652626772
28.932170027024586, -38.04871411002937, -1.8425148700530964
30.721795218432625, -38.04614583826828, -1.8437124748435156
32.51117434787553, -38.043577566507196, -1.8449100796339346
34.300307415353316, -38.041009294746104, -1.846107684424354
36.06845472206753, -37.833666847441336, -1.8473052892147723
37.48253339696087, -36.79083915347027, -1.8485028940051915
38.013760719240814, -35.09948031306206, -1.8497004987956107
38.030736207701736, -33.306775363551836, -1.8508981035860304
38.02816793594065, -31.513736062377554, -1.8520957083764498
38.02559966417956, -29.72094282316842, -1.8532933131668687
38.023031392418474, -27.92839564592441, -1.854490917957288
38.02046312065738, -26.136094530645526, -1.8556885227477071
38.01789484889629, -24.344039477331776, -1.8568861275381263
38.0153265771352, -22.552230485983163, -1.8580837323285455
38.01275830537411, -20.76066755659965, -1.8592813371189647
38.01019003361302, -18.969350689181315, -1.860478941909384
38.00762176185194, -17.178279883728102, -1.861676546699803
38.005053490090845, -15.387455140240045, -1.862874151490222
38.00248521832975, -13.596876458717102, -1.8640717562806413
37.99991694656867, -11.8065438391593, -1.8652693610710604
37.997348674807576, -10.016457281566618, -1.8664669658614796
37.99478040304649, -8.22661678593906, -1.8676645706518988
37.9922121312854, -6.437022352276654, -1.868862175442318
37.98964385952431, -4.6476739805793805, -1.870059780232737
37.98707558776322, -2.858571670847273, -1.8712573850231564
37.98450731600214, -1.0697154230802677, -1.8724549898135754
37.98193904424104, 0.718894762721608, -1.8736525946039948
37.97937077247995, 2.5072588865583496, -1.8748501993944138
37.97680250071887, 4.295376948429958, -1.876047804184833
37.97423422895777, 6.083248948336438, -1.8772454089752522
37.971665957196684, 7.870874886277784, -1.8784430137656711
37.9690976854356, 9.65825476225399, -1.8796406185560903
37.96652941367451, 11.445388576265067, -1.8808382233465095
37.963961141913416, 13.232276328311006, -1.8820358281369287
37.96139287015233, 15.018918018391814, -1.883233432927348
37.958824598391246, 16.805313646507486, -1.884431037717767
37.95625632663015, 18.591463212658024, -1.885628642508186
37.95368805486906, 20.377366716843422, -1.8868262472986055
37.95111978310797, 22.163024159063696, -1.8880238520890245
37.948551511346885, 23.948435539318837, -1.8892214568794439
37.945983239585786, 25.733600857608835, -1.8904190616698628
37.9434149678247, 27.5185201139337, -1.891616666460282
37.940846696063616, 29.30319330829343, -1.8928142712507012
37.938278424302524, 31.087620440688024, -1.8940118760411204
37.93571015254143, 32.87180151111746, -1.8952094808315394
37.930326611597366, 34.65569823896615, -1.896407085621958
37.550881044914, 36.38333001132025, -1.897604690412377
36.28741563911511, 37.59424033346437, -1.898802295202796
34.544490971571506, 37.92543706549702, -1.8999998999932153
34.544490971571506, 37.92543706549701, -1.8999998999932162
32.75640366744555, 37.92286879373592, -1.9011975047836354
30.96856242528472, 37.92030052197483, -1.9023951095740546
29.180967245089025, 37.91773225021374, -1.9035927143644735
27.39361812685847, 37.91516397845265, -1.9047903191548927
25.606515070593044, 37.91259570669156, -1.905987923945312
23.819658076292754, 37.91002743493048, -1.9071855287357313
22.033047143957603, 37.90745916316938, -1.9083831335261503
20.246682273587584, 37.90489089140829, -1.9095807383165695
18.460563465182698, 37.9023226196472, -1.9107783431069887
16.674690718742944, 37.899754347886116, -1.9119759478974077
14.88906403426833, 37.89718607612503, -1.913173552687827
13.103683411758846, 37.89461780436393, -1.914371157478246
11.318548851214496, 37.89204953260285, -1.9155687622686652
9.533660352635282, 37.889481260841755, -1.9167663670590844
7.749017916021202, 37.88691298908066, -1.9179639718495034
5.964621541372259, 37.88434471731958, -1.9191615766399228
4.180471228688448, 37.881776445558486, -1.9203591814303418
2.396566977969771, 37.8792081737974, -1.9215567862207612
0.6129087892162276, 37.87663990203632, -1.9227543910111802
-1.1705033375721803, 37.87407163027522, -1.9239519958015991
-2.9536694023954544, 37.87150335851412, -1.9251496005920186
-4.736589405253595, 37.868935086753034, -1.9263472053824378
-6.519263346146601, 37.86636681499195, -1.927544810172857
-8.301691225074471, 37.86379854323086, -1.9287424149632761
-10.083873042037208, 37.86123027146977, -1.9299400197536953
-11.865808797034813, 37.85866199970868, -1.9311376245441143
-13.64749849006728, 37.85609372794759, -1.9323352293345335
-15.428942121134614, 37.8535254561865, -1.9335328341249527
-17.210139690236808, 37.85095718442541, -1.9347304389153719
-18.99109119737388, 37.84838891266432, -1.935928043705791
-20.77179664254581, 37.84582064090323, -1.93712564849621
-22.552256025752605, 37.84325236914214, -1.9383232532866295
-24.332469346994262, 37.84068409738105, -1.9395208580770484
-26.11243660627079, 37.83811582561996, -1.9407184628674676
-27.892157803582194, 37.83554755385887, -1.9419160676578868
-29.671632938928443, 37.83297928209778, -1.9431136724483058
-31.450862012309567, 37.8304110103367, -1.9443112772387252
-33.22984502372556, 37.827842738575605, -1.9455088820291442
-35.00757813777202, 37.7958049121113, -1.9467064868195616
-36.663567835717856, 37.20620984555812, -1.9479040916099808
-37.643053109010175, 35.757969289069436, -1.9491016964003998
-37.81756965153126, 33.99150486708579, -1.9502993011908205
-37.815001379770166, 32.208615621973294, -1.95149690598124
-37.812433108009074, 30.42597243882593, -1.952694510771659
-37.80986483624798, 28.6435753176437, -1.9538921155620779
-37.807296564486904, 26.861424258426602, -1.9550897203524973
-37.80472829272581, 25.07951926117464, -1.9562873251429165
-37.80216002096472, 23.297860325887807, -1.9574849299333352
-37.79959174920363, 21.516447452566126, -1.9586825347237546
-37.79702347744254, 19.735280641209563, -1.9598801395141738
-37.79445520568145, 17.954359891818136, -1.961077744304593
-37.79188693392036, 16.173685204391845, -1.9622753490950122
-37.789318662159275, 14.3932565789307, -1.9634729538854314
-37.78675039039818, 12.61307401543467, -1.9646705586758504
-37.78418211863709, 10.833137513903782, -1.9658681634662698
-37.781613846876006, 9.053447074338028, -1.9670657682566888
-37.779045575114914, 7.274002696737416, -1.9682633730471082
-37.77647730335382, 5.494804381101938, -1.9694609778375272
-37.77390903159274, 3.7158521274315772, -1.9706585826279464
-37.771340759831645, 1.937145935726364, -1.9718561874183655
-37.76877248807055, 0.1586858059862895, -1.9730537922087845
-37.76620421630946, -1.6195282617886702, -1.9742513969992037
-37.76363594454838, -3.397496267598476, -1.975449001789623
-37.76106767278729, -5.1752182114431475, -1.976646606580042
-37.7584994010262, -6.952694093322693, -1.9778442113704613
-37.75593112926511, -8.729923913237096, -1.9790418161608807
-37.75336285750402, -10.506907671186385, -1.9802394209512997
-37.75079458574293, -12.283645367170518, -1.9814370257417189
-37.74822631398184, -14.06013700118952, -1.9826346305321376
-37.745658042220754, -15.836382573243405, -1.983832235322557
-37.74308977045966, -17.612382083332143, -1.9850298401129765
-37.74052149869857, -19.38813553145574, -1.9862274449033954
-37.737953226937485, -21.16364291761422, -1.9874250496938146
-37.7353849551764, -22.938904241807542, -1.9886226544842338
-37.73281668341531, -24.713919504035744, -1.9898202592746528
-37.730248411654216, -26.488688704298816, -1.991017864065072
-37.727680139893124, -28.263211842596743, -1.9922154688554912
-37.72511186813204, -30.03748891892954, -1.9934130736459104
-37.72254359637095, -31.811519933297205, -1.9946106784363296
-37.71997532460986, -33.585304885699735, -1.995808283226749
-37.61729457402752, -35.35200083741576, -1.9970058880171688
-36.79988689373484, -36.89517342353683, -1.9982034928075878
-35.21494010425738, -37.63890094740101, -1.999401097598007
-33.44110241323409, -37.709702237565594, -2.0005987023884257
-31.663411227135057, -37.7071339658045, -2.001796307178845
-29.885966103001152, -37.70456569404342, -2.002993911969264
-28.108767040832383, -37.70199742228233, -2.004191516759683
-26.33181404062876, -37.69942915052124, -2.0053891215501025
-24.55510710239026, -37.69686087876015, -2.0065867263405215
-22.77864622611689, -37.694292606999056, -2.007784331130941
-21.002431411808672, -37.69172433523797, -2.00898193592136
-19.226462659465575, -37.68915606347689, -2.0101795407117793
-17.450739969087607, -37.686587791715795, -2.0113771455021983
-15.675263340674796, -37.6840195199547, -2.0125747502926172
-13.9000327742271, -37.68145124819361, -2.0137723550830366
-12.125048269744537, -37.678882976432526, -2.014969959873456
-10.350309827227127, -37.676314704671434, -2.016167564663875
-8.575817446674844, -37.67374643291034, -2.017365169454294
-6.801571128087687, -37.67117816114926, -2.018562774244713
-5.027570871465662, -37.668609889388165, -2.0197603790351324
-3.2538166768087717, -37.66604161762708, -2.020957983825552
-1.4803085441170154, -37.66347334586598, -2.022155588615971
0.2929535266096074, -37.66090507410489, -2.0233531934063897
2.0659695353710976, -37.658336802343804, -2.024550798196809
3.8387394821674348, -37.65576853058272, -2.025748402987228
5.611263366998642, -37.65320025882163, -2.0269460077776476
7.3835411898647365, -37.650631987060535, -2.0281436125680665
9.155572950765672, -37.64806371529944, -2.029341217358486
10.927358649701489, -37.64549544353836, -2.030538822148905
12.69889828667215, -37.642927171777266, -2.0317364269393243
14.470191861677698, -37.640358900016174, -2.0329340317297433
16.241239374718116, -37.63779062825509, -2.0341316365201623
18.012040825793388, -37.635222356494, -2.0353292413105817
19.782596214903535, -37.63265408473291, -2.0365268461010007
21.552905542048507, -37.63008581297182, -2.03772445089142
23.32296880722838, -37.62751754121073, -2.038922055681839
25.092786010443135, -37.624949269449644, -2.040119660472258
26.86235715169275, -37.62238099768855, -2.0413172652626774
28.63168223097722, -37.61981272592747, -2.0425148700530964
30.40076124829654, -37.617244454166375, -2.043712474843516
32.16959420365074, -37.61467618240528, -2.044910079633935
33.938181097039816, -37.6121079106442, -2.0461076844243538
35.68355575203028, -37.39067632243544, -2.0473052892147727
37.06729661496504, -36.340208993072515, -2.048502894005192
37.58529677593299, -34.665461046106024, -2.0497004987956116
37.60183482359983, -32.89328361001635, -2.0508981035860305
37.59926655183874, -31.120790482930765, -2.05209570837645
37.596698280077646, -29.34854341781033, -2.053293313166869
37.594130008316554, -27.576542414655016, -2.0544909179572883
37.59156173655547, -25.804787473464835, -2.0556885227477073
37.588993464794385, -24.03327859423984, -2.0568861275381263
37.58642519303329, -22.262015776979926, -2.0580837323285457
37.5838569212722, -20.49099902168515, -2.059281337118965
37.58128864951111, -18.720228328355503, -2.060478941909384
37.578720377750024, -16.949703696990998, -2.061676546699803
37.57615210598894, -15.179425127591632, -2.062874151490222
37.57358383422785, -13.409392620157417, -2.0640717562806414
37.571015562466755, -11.639606174688314, -2.065269361071061
37.56844729070566, -9.870065791184341, -2.06646696586148
37.56587901894458, -8.100771469645524, -2.067664570651899
37.563310747183486, -6.3317232100718215, -2.068862175442318
37.5607424754224, -4.5629210124632795, -2.070059780232737
37.55817420366131, -2.79436487681985, -2.0712573850231566
37.55560593190022, -1.0260548031415515, -2.0724549898135756
37.553037660139125, 0.7420092085716143, -2.073652594603995
37.55046938837804, 2.509827158319649, -2.074850199394414
37.547901116616956, 4.277399046102528, -2.076047804184833
37.545332844855864, 6.044724871920274, -2.0772454089752523
37.54276457309477, 7.811804635772927, -2.0784430137656713
37.54019630133369, 9.578638337660387, -2.0796406185560907
37.53762802957259, 11.345225977582775, -2.0808382233465097
37.53505975781151, 13.111567555539988, -2.0820358281369287
37.53249148605042, 14.877663071532119, -2.083233432927348
37.529923214289326, 16.64351252555901, -2.084431037717767
37.527354942528234, 18.409115917620856, -2.0856286425081865
37.52478667076715, 20.174473247717504, -2.0868262472986054
37.52221839900606, 21.939584515849074, -2.088023852089025
37.51965012724497, 23.704449722015447, -2.089221456879444
37.51708185548388, 25.469068866216695, -2.0904190616698632
37.51451358372279, 27.23344194845281, -2.091616666460282
37.511945311961696, 28.997568968723836, -2.0928142712507016
37.50937704020062, 30.761449927029677, -2.09401187604112
37.50680876843953, 32.52508482337046, -2.09520948083154
37.49974927806328, 34.2884125884122, -2.096407085621959
37.10383855270548, 35.991299771428906, -2.097604690412378
35.84007868290787, 37.17440950341576, -2.0988022952027974
34.11558958746959, 37.4965356813951, -2.0999998999932163
34.11558958746959, 37.496535681395095, -2.0999998999932163
32.34804845743235, 37.493967409634, -2.1011975047836353
30.58075338936024, 37.49139913787292, -2.1023951095740547
28.81370438325326, 37.488830866111826, -2.1035927143644737
27.04690143911142, 37.48626259435074, -2.104790319154893
25.28034455693471, 37.48369432258965, -2.105987923945312
23.51403373672314, 37.481126050828564, -2.1071855287357315
21.7479689784767, 37.47855777906747, -2.1083831335261505
19.982150282195395, 37.47598950730638, -2.1095807383165694
18.216577647879227, 37.473421235545295, -2.110778343106989
16.45125107552819, 37.4708529637842, -2.111975947897408
14.686170565142287, 37.46828469202312, -2.1131735526878273
12.92133611672152, 37.46571642026203, -2.114371157478246
11.156747730265883, 37.463148148500935, -2.115568762268665
9.392405405775387, 37.46057987673985, -2.1167663670590846
7.628309143250025, 37.45801160497876, -2.1179639718495036
5.864458942689794, 37.455443333217666, -2.119161576639923
4.100854804094695, 37.45287506145658, -2.120359181430342
2.337496727464736, 37.45030678969549, -2.1215567862207614
0.5743847127999071, 37.4477385179344, -2.1227543910111804
-1.188481239899781, 37.445170246173305, -2.1239519958015993
-2.9511011306343415, 37.442601974412206, -2.1251496005920187
-4.713474959403766, 37.44003370265112, -2.126347205382438
-6.475602726208059, 37.43746543089003, -2.127544810172857
-8.237484431047216, 37.434897159128944, -2.128742414963276
-9.999120073921233, 37.43232888736785, -2.1299400197536955
-11.760509654830129, 37.42976061560677, -2.1311376245441145
-13.521653173773876, 37.427192343845675, -2.1323352293345335
-15.282550630752496, 37.42462407208459, -2.133532834124953
-17.043202025765975, 37.4220558003235, -2.134730438915372
-18.80360735881433, 37.41948752856241, -2.1359280437057913
-20.563766629897554, 37.41691925680132, -2.1371256484962102
-22.32367983901563, 37.41435098504023, -2.1383232532866296
-24.08334698616857, 37.41178271327914, -2.1395208580770486
-25.842768071356392, 37.409214441518046, -2.140718462867468
-27.601943094579063, 37.40664616975696, -2.141916067657887
-29.36087205583661, 37.404077897995876, -2.143113672448306
-31.11955495512902, 37.401509626234784, -2.1443112772387254
-32.8779917924563, 37.39894135447369, -2.1455088820291444
-34.63491044832723, 37.361555117556314, -2.1467064868195638
-36.26348616235808, 36.75580859724396, -2.147904091609983
-37.21858474041942, 35.314309683947535, -2.149101696400402
-37.38866826742934, 33.56774002650607, -2.1502993011908207
-37.386099995668246, 31.805396955482284, -2.15149690598124
-37.383531723907154, 30.04329994642364, -2.152694510771659
-37.38096345214607, 28.281448999330113, -2.153892115562078
-37.37839518038498, 26.51984411420174, -2.1550897203524975
-37.37582690862389, 24.758485291038497, -2.156287325142917
-37.3732586368628, 22.99737252984037, -2.157484929933336
-37.37069036510171, 21.236505830607395, -2.1586825347237553
-37.368122093340624, 19.475885193339558, -2.1598801395141742
-37.365553821579525, 17.715510618036838, -2.161077744304593
-37.36298554981845, 15.955382104699252, -2.1622753490950126
-37.360417278057355, 14.19549965332682, -2.1634729538854316
-37.35784900629626, 12.435863263919515, -2.1646705586758506
-37.35528073453517, 10.676472936477342, -2.16586816346627
-37.352712462774086, 8.917328671000291, -2.1670657682566894
-37.350144191012994, 7.158430467488386, -2.1682633730471084
-37.3475759192519, 5.399778325941627, -2.1694609778375273
-37.34500764749082, 3.641372246359985, -2.1706585826279468
-37.34243937572973, 1.8832122287434863, -2.171856187418366
-37.33987110396864, 0.12529827309210742, -2.173053792208785
-37.33730283220754, -1.6323696205941305, -2.174251396999204
-37.33473456044646, -3.389791452315211, -2.175449001789623
-37.33216628868537, -5.146967222071183, -2.1766466065800425
-37.32959801692428, -6.90389692986202, -2.1778442113704615
-37.32702974516319, -8.660580575687703, -2.179041816160881
-37.3244614734021, -10.417018159548263, -2.1802394209513
-37.32189320164102, -12.173209681443709, -2.1814370257417193
-37.31932492987992, -13.929155141373993, -2.1826346305321382
-37.316756658118834, -15.684854539339149, -2.1838322353225577
-37.31418838635774, -17.44030787533917, -2.1850298401129766
-37.31162011459665, -19.19551514937406, -2.1862274449033956
-37.30905184283557, -20.950476361443815, -2.187425049693815
-37.30648357107448, -22.705191511548435, -2.1886226544842344
-37.30391529931339, -24.459660599687936, -2.1898202592746534
-37.301347027552296, -26.21388362586228, -2.1910178640650724
-37.29877875579121, -27.96786059007148, -2.192215468855492
-37.29621048403012, -29.72159149231557, -2.1934130736459108
-37.29364221226903, -31.475076332594515, -2.19461067843633
-37.29107394050794, -33.228315110908326, -2.195808283226749
-37.1773167298021, -34.973256406636935, -2.197005888017168
-36.34816373229215, -36.48698419373609, -2.198203492807587
-34.775878779569666, -37.211520064766944, -2.199401097598006
-33.022474116176554, -37.28080085346369, -2.200598702388426
-31.265329104166234, -37.278232581702596, -2.201796307178845
-29.508430154121033, -37.27566430994151, -2.2029939119692643
-27.751777266040982, -37.27309603818042, -2.2041915167596837
-25.995370439926077, -37.270527766419335, -2.2053891215501027
-24.239209675776262, -37.26795949465824, -2.2065867263405217
-22.48329497359161, -37.26539122289715, -2.207784331130941
-20.727626333372108, -37.262822951136066, -2.20898193592136
-18.972203755117715, -37.260254679374974, -2.2101795407117795
-17.217027238828468, -37.25768640761389, -2.2113771455021984
-15.46209678450437, -37.2551181358528, -2.2125747502926174
-13.707412392145375, -37.252549864091705, -2.213772355083037
-11.952974061751517, -37.24998159233061, -2.214969959873456
-10.198781793322821, -37.24741332056953, -2.216167564663875
-8.444835586859229, -37.24484504880844, -2.217365169454294
-6.6911354423608, -37.24227677704735, -2.2185627742447136
-4.9376813598274945, -37.23970850528626, -2.2197603790351326
-3.1844733392593065, -37.23714023352517, -2.220957983825552
-1.4315113806562705, -37.234571961764075, -2.222155588615971
0.3212045159816478, -37.23200369000298, -2.22335319340639
2.0736743506544264, -37.2294354182419, -2.2245507981968093
3.8258981233620433, -37.22686714648081, -2.2257484029872283
5.57787583410454, -37.22429887471972, -2.2269460077776477
7.329607482881922, -37.22173060295863, -2.2281436125680667
9.081093069694145, -37.21916233119754, -2.229341217358486
10.832332594541258, -37.216594059436446, -2.230538822148905
12.583326057423207, -37.21402578767536, -2.2317364269393245
14.33407345834005, -37.211457515914276, -2.2329340317297435
16.084574797291765, -37.208889244153184, -2.2341316365201624
17.834830074278297, -37.20632097239209, -2.235329241310582
19.584839289299733, -37.203752700631, -2.236526846101001
21.334602442356022, -37.201184428869915, -2.2377244508914202
23.084119533447172, -37.19861615710882, -2.238922055681839
24.833390562573214, -37.19604788534774, -2.2401196604722586
26.582415529734103, -37.193479613586646, -2.2413172652626776
28.331194434929877, -37.19091134182556, -2.242514870053097
30.079727278160483, -37.18834307006447, -2.243712474843516
31.82801405942599, -37.18577479830338, -2.244910079633935
33.57605477872636, -37.18320652654229, -2.246107684424354
35.297943719744936, -36.94561641801084, -2.247305289214774
36.65175922734357, -35.88937576951385, -2.248502894005193
37.15683283262514, -34.23144177915009, -2.249700498795612
37.17293343949791, -32.47979185648086, -2.2508981035860307
37.170365167736826, -30.727844903484005, -2.25209570837645
37.167796895975734, -28.976144012452263, -2.253293313166869
37.16522862421465, -27.22468918338565, -2.2544909179572885
37.16266035245356, -25.47348041628421, -2.2556885227477075
37.160092080692465, -23.722517711147894, -2.2568861275381265
37.15752380893138, -21.971801067976706, -2.258083732328546
37.15495553717029, -20.221330486770636, -2.259281337118965
37.1523872654092, -18.471105967529745, -2.2604789419093843
37.14981899364811, -16.721127510253943, -2.2616765466998032
37.14725072188702, -14.97139511494325, -2.2628741514902226
37.144682450125934, -13.221908781597769, -2.2640717562806416
37.14211417836484, -11.472668510217364, -2.265269361071061
37.13954590660376, -9.723674300802125, -2.26646696586148
37.136977634842665, -7.974926153352008, -2.267664570651899
37.13440936308157, -6.226424067867042, -2.2688621754423184
37.13184109132048, -4.478168044347183, -2.2700597802327374
37.1292728195594, -2.7301580827924528, -2.2712573850231568
37.126704547798305, -0.982394183202882, -2.2724549898135757
37.12413627603722, 0.7651236544215744, -2.273652594603995
37.12156800427613, 2.5123954300808404, -2.274850199394414
37.118999732515036, 4.259421143775017, -2.276047804184833
37.11643146075395, 6.006200795504059, -2.277245408975252
37.11386318899286, 7.752734385267972, -2.2784430137656715
37.11129491723177, 9.499021913066747, -2.279640618556091
37.10872664547068, 11.24506337890034, -2.28083822334651
37.10615837370959, 12.990858782768846, -2.2820358281369293
37.1035901019485, 14.73640812467217, -2.2832334329273483
37.10102183018741, 16.4817114046104, -2.2844310377177677
37.09845355842632, 18.22676862258351, -2.2856286425081866
37.095885286665236, 19.97157977859148, -2.2868262472986056
37.093317014904144, 21.716144872634317, -2.2880238520890246
37.09074874314306, 23.46046390471196, -2.289221456879444
37.08818047138197, 25.204536874824527, -2.290419061669863
37.08561219962088, 26.94836378297196, -2.2916166664602824
37.08304392785979, 28.691944629154257, -2.2928142712507014
37.0804756560987, 30.435279413371365, -2.294011876041121
37.07790738433761, 32.178368135623394, -2.2952094808315398
37.0691719445292, 33.92112693785833, -2.29640708562196
36.65679606049695, 35.59926953153765, -2.297604690412379
35.39274172670064, 36.75457867336716, -2.298802295202798
33.68668820336768, 37.06763429729318, -2.2999998999932174
33.68668820336768, 37.067634297293175, -2.2999998999932165
31.939693247419147, 37.06506602553208, -2.3011975047836355
30.19294435343575, 37.062497753771, -2.302395109574055
28.446441521417487, 37.059929482009906, -2.303592714364474
26.70018475136436, 37.057361210248814, -2.3047903191548933
24.954174043276364, 37.05479293848773, -2.3059879239453123
23.208409397153503, 37.05222466672664, -2.3071855287357317
21.462890812995777, 37.049656394965545, -2.3083831335261507
19.717618290803188, 37.04708812320446, -2.3095807383165696
17.97259183057573, 37.04451985144337, -2.310778343106989
16.22781143231341, 37.04195157968228, -2.311975947897408
14.483277096016224, 37.03938330792119, -2.313173552687827
12.738988821684165, 37.0368150361601, -2.3143711574782464
10.994946609317244, 37.034246764399015, -2.3155687622686654
9.25115045891546, 37.03167849263792, -2.316766367059085
7.50760037047881, 37.02911022087683, -2.317963971849504
5.764296344007294, 37.026541949115746, -2.319161576639923
4.021238379500907, 37.023973677354654, -2.320359181430342
2.2784264769596603, 37.02140540559357, -2.3215567862207616
0.5358606363835463, 37.01883713383248, -2.3227543910111805
-1.2064591422274347, 37.016268862071385, -2.3239519958015995
-2.9485328588732806, 37.01370059031029, -2.325149600592019
-4.690360513553987, 37.0111323185492, -2.3263472053824383
-6.43194210626957, 37.008564046788116, -2.3275448101728573
-8.173277637020012, 37.005995775027024, -2.3287424149632763
-9.914367105805317, 37.00342750326594, -2.3299400197536957
-11.655210512625498, 37.00085923150484, -2.3311376245441147
-13.395807857480532, 36.998290959743755, -2.3323352293345336
-15.136159140370445, 36.99572268798266, -2.333532834124953
-16.87626436129521, 36.99315441622157, -2.334730438915372
-18.61612352025485, 36.99058614446049, -2.3359280437057914
-20.355736617249356, 36.9880178726994, -2.3371256484962104
-22.09510365227872, 36.98544960093831, -2.33832325328663
-23.834224625342955, 36.98288132917722, -2.339520858077049
-25.57309953644206, 36.98031305741613, -2.3407184628674678
-27.31172838557602, 36.97774478565504, -2.341916067657887
-29.050111172744852, 36.97517651389395, -2.343113672448306
-30.78824789794855, 36.972608242132864, -2.3443112772387256
-32.52613856118711, 36.97003997037177, -2.3455088820291445
-34.262001559310434, 36.92525160736753, -2.346706486819565
-35.863404488998384, 36.305407348929755, -2.347904091609984
-36.79411637182869, 34.87065007882556, -2.349101696400403
-36.95976688332742, 33.14397518592625, -2.3502993011908213
-36.95719861156633, 31.40217828899118, -2.3514969059812403
-36.954630339805234, 29.66062745402125, -2.3526945107716593
-36.95206206804415, 27.91932268101644, -2.3538921155620787
-36.949493796283065, 26.178263969976776, -2.355089720352498
-36.94692552452197, 24.437451320902248, -2.356287325142917
-36.94435725276088, 22.696884733792835, -2.357484929933336
-36.94178898099979, 20.95656420864858, -2.3586825347237554
-36.939220709238704, 19.216489745469463, -2.359880139514175
-36.93665243747761, 17.476661344255465, -2.3610777443045934
-36.93408416571653, 15.737079005006592, -2.362275349095013
-36.931515893955435, 13.997742727722873, -2.363472953885432
-36.92894762219434, 12.258652512404282, -2.364670558675851
-36.92637935043325, 10.519808359050824, -2.36586816346627
-36.923811078672166, 8.781210267662487, -2.3670657682566896
-36.92124280691108, 7.042858238239303, -2.3682633730471085
-36.91867453514999, 5.304752270781243, -2.3694609778375275
-36.9161062633889, 3.5668923652883304, -2.370658582627947
-36.91353799162781, 1.8292785217605365, -2.3718561874183663
-36.91096971986672, 0.0919107401978725, -2.3730537922087853
-36.90840144810563, -1.6452109793996466, -2.3742513969992043
-36.905833176344544, -3.3820866370320117, -2.3754490017896237
-36.90326490458345, -5.118716232699265, -2.3766466065800427
-36.90069663282236, -6.855099766401384, -2.377844211370462
-36.898128361061275, -8.591237238138362, -2.379041816160881
-36.89556008930019, -10.3271286479102, -2.3802394209513005
-36.8929918175391, -12.062773995716935, -2.3814370257417194
-36.890423545778006, -13.798173281558505, -2.382634630532139
-36.887855274016914, -15.533326505434946, -2.383832235322558
-36.88528700225583, -17.26823366734626, -2.385029840112977
-36.88271873049474, -19.00289476729243, -2.3862274449033958
-36.88015045873365, -20.737309805273462, -2.387425049693815
-36.87758218697256, -22.471478781289377, -2.3886226544842346
-36.87501391521147, -24.205401695340157, -2.3898202592746536
-36.87244564345038, -25.93907854742578, -2.3910178640650726
-36.8698773716893, -27.672509337546288, -2.392215468855492
-36.8673090999282, -29.405694065701653, -2.3934130736459114
-36.864740828167115, -31.13863273189189, -2.39461067843633
-36.86217255640602, -32.87132533611698, -2.3958082832267493
-36.73733888557667, -34.59451197585818, -2.3970058880171674
-35.8964405708494, -36.07879496393541, -2.3982034928075864
-34.33681745488188, -36.78413918213288, -2.3994010975980054
-32.603845819118916, -36.851899469361776, -2.400598702388426
-30.867246981197304, -36.84933119760069, -2.401796307178845
-29.130894205240843, -36.8467629258396, -2.4029939119692645
-27.394787491249495, -36.84419465407851, -2.404191516759684
-25.658926839223287, -36.841626382317415, -2.405389121550103
-23.9233122491622, -36.83905811055633, -2.406586726340522
-22.187943721066276, -36.836489838795245, -2.407784331130941
-20.45282125493548, -36.83392156703415, -2.4089819359213602
-18.717944850769797, -36.83135329527306, -2.4101795407117796
-16.983314508569272, -36.82878502351197, -2.4113771455021986
-15.248930228333883, -36.826216751750884, -2.4125747502926176
-13.514792010063601, -36.82364847998979, -2.413772355083037
-11.780899853758466, -36.82108020822871, -2.414969959873456
-10.047253759418481, -36.818511936467615, -2.4161675646638754
-8.3138537270436, -36.81594366470652, -2.4173651694542944
-6.580699756633883, -36.81337539294544, -2.4185627742447138
-4.847791848189299, -36.81080712118435, -2.4197603790351327
-3.1151300017098222, -36.80823884942326, -2.420957983825552
-1.3827142171955091, -36.80567057766216, -2.422155588615971
0.34945550535368053, -36.80310230590108, -2.42335319340639
2.08137916593775, -36.800534034139986, -2.4245507981968095
3.8130567645566593, -36.797965762378894, -2.4257484029872285
5.54448830121046, -36.7953974906178, -2.426946007777648
7.275673775899103, -36.79282921885672, -2.428143612568067
9.006613188622632, -36.790260947095625, -2.4293412173584863
10.737306539381034, -36.78769267533453, -2.4305388221489053
12.467753828174255, -36.78512440357345, -2.4317364269393247
14.197955055002385, -36.782556131812356, -2.4329340317297437
15.927910219865367, -36.779987860051264, -2.4341316365201626
17.65761932276319, -36.77741958829018, -2.435329241310582
19.387082363695917, -36.774851316529094, -2.436526846101001
21.116299342663492, -36.772283044768, -2.4377244508914204
22.845270259665945, -36.76971477300691, -2.4389220556818394
24.57399511470325, -36.767146501245826, -2.4401196604722584
26.3024739077754, -36.764578229484734, -2.441317265262678
28.030706638882478, -36.76200995772364, -2.4425148700530968
29.75869330802437, -36.75944168596255, -2.443712474843516
31.48643391520116, -36.756873414201465, -2.444910079633935
33.2139284604128, -36.75430514244037, -2.446107684424354
34.912111446939235, -36.49991735311879, -2.447305289214774
36.23622183972204, -35.43854254595527, -2.448502894005193
36.7283688893173, -33.79742251219423, -2.449700498795612
36.744032055396005, -32.06630010294552, -2.450898103586031
36.74146378363492, -30.33489932403734, -2.4520957083764503
36.73889551187383, -28.60374460709436, -2.4532933131668693
36.73632724011274, -26.87283595211649, -2.4544909179572887
36.73375896835165, -25.142173359103737, -2.4556885227477077
36.73119069659056, -23.411756828056138, -2.4568861275381266
36.72862242482947, -21.681586358973675, -2.458083732328546
36.72605415306838, -19.95166195185632, -2.459281337118965
36.72348588130729, -18.221983606704132, -2.460478941909384
36.720917609546206, -16.492551323517066, -2.461676546699804
36.718349337785114, -14.763365102295111, -2.462874151490223
36.71578106602403, -13.034424943038324, -2.464071756280642
36.71321279426294, -11.305730845746638, -2.4652693610710608
36.710644522501845, -9.577282810420117, -2.46646696586148
36.70807625074075, -7.849080837058728, -2.467664570651899
36.70550797897967, -6.121124925662452, -2.4688621754423186
36.702939707218576, -4.393415076231328, -2.4700597802327375
36.70037143545749, -2.6659512887653394, -2.4712573850231565
36.6978031636964, -0.9387335632644661, -2.472454989813576
36.695234891935314, 0.7882381002712521, -2.4736525946039953
36.69266662017422, 2.514963701841829, -2.4748501993944143
36.69009834841313, 4.241443241447302, -2.4760478041848337
36.687530076652045, 5.967676719087613, -2.4772454089752527
36.68496180489096, 7.693664134762795, -2.4784430137656717
36.68239353312987, 9.419405488472844, -2.479640618556091
36.67982526136878, 11.144900780217748, -2.48083822334651
36.677256989607685, 12.870150009997522, -2.482035828136929
36.6746887178466, 14.595153177812211, -2.4832334329273484
36.67212044608551, 16.31991028366172, -2.4844310377177674
36.66955217432442, 18.044421327546093, -2.485628642508187
36.66698390256333, 19.768686309465334, -2.4868262472986062
36.664415630802246, 21.492705229419435, -2.488023852089025
36.66184735904115, 23.216478087408454, -2.489221456879444
36.65927908728006, 24.940004883432294, -2.4904190616698636
36.65671081551897, 26.663285617491006, -2.4916166664602826
36.654142543757885, 28.386320289584567, -2.492814271250702
36.65157427199679, 30.109108899712997, -2.494011876041121
36.6490060002357, 31.831651447876297, -2.49520948083154
36.63859461099513, 33.55384128730438, -2.4964070856219593
36.208196727774926, 35.20638423320989, -2.4976046904123788
34.9449066626771, 36.333615926209504, -2.4988022952027977
33.257786819265775, 36.63873291319126, -2.4999998999932167
33.25778681926577, 36.638732913191255, -2.4999998999932167
31.531338037405945, 36.63616464143016, -2.5011975047836357
29.805135317511265, 36.63359636966907, -2.502395109574055
28.07917865958171, 36.631028097907986, -2.5035927143644745
26.3534680636173, 36.6284598261469, -2.5047903191548935
24.628003529618017, 36.62589155438581, -2.5059879239453124
22.902785057583866, 36.62332328262472, -2.507185528735732
21.177812647514855, 36.62075501086363, -2.508383133526151
19.453086299410973, 36.61818673910254, -2.5095807383165702
17.728606013272227, 36.61561846734145, -2.510778343106989
16.00437178909862, 36.61305019558036, -2.511975947897408
14.280383626890144, 36.61048192381927, -2.5131735526878276
12.556641526646803, 36.60791365205819, -2.5143711574782466
10.833145488368594, 36.60534538029709, -2.515568762268666
9.109895512055523, 36.602777108536, -2.516766367059085
7.386891597707584, 36.60020883677492, -2.517963971849504
5.664133745324782, 36.59764056501383, -2.5191615766399234
3.941621954907111, 36.595072293252734, -2.5203591814303428
2.2193562264545745, 36.59250402149165, -2.5215567862207617
0.4973365599671779, 36.58993574973056, -2.5227543910111807
-1.2244370445550925, 36.587367477969465, -2.5239519958015997
-2.9459645871122233, 36.58479920620837, -2.525149600592019
-4.667246067704226, 36.58223093444728, -2.5263472053824385
-6.388281486331088, 36.5796626626862, -2.5275448101728575
-8.109070842992816, 36.577094390925105, -2.5287424149632765
-9.82961413768941, 36.57452611916401, -2.529940019753696
-11.549911370420874, 36.57195784740293, -2.531137624544115
-13.269962541187198, 36.569389575641836, -2.5323352293345343
-14.98976764998839, 36.566821303880744, -2.5335328341249532
-16.70932669682445, 36.56425303211966, -2.534730438915372
-18.428639681695373, 36.56168476035857, -2.5359280437057916
-20.147706604601165, 36.55911648859748, -2.5371256484962106
-21.866527465541814, 36.55654821683639, -2.53832325328663
-23.58510226451733, 36.5539799450753, -2.539520858077049
-25.30343100152772, 36.551411673314206, -2.540718462867468
-27.021513676572972, 36.54884340155312, -2.5419160676578874
-28.739350289653093, 36.54627512979203, -2.5431136724483063
-30.456940840768073, 36.543706858030944, -2.5443112772387257
-32.174285329917915, 36.54113858626985, -2.5455088820291447
-33.88897984843052, 36.4879874651925, -2.5467064868195637
-35.463322815638655, 35.85500610061557, -2.547904091609983
-36.36964800323796, 34.42699047370361, -2.549101696400402
-36.5308654992255, 32.72021034534646, -2.550299301190821
-36.528297227464414, 30.998959622500106, -2.5514969059812405
-36.52572895570332, 29.27795496161887, -2.5526945107716594
-36.52316068394224, 27.55719636270279, -2.5538921155620784
-36.520592412181145, 25.83668382575184, -2.555089720352498
-36.51802414042005, 24.116417350766028, -2.556287325142917
-36.51545586865896, 22.396396937745333, -2.557484929933336
-36.512887596897876, 20.67662258668978, -2.558682534723755
-36.51031932513679, 18.957094297599376, -2.5598801395141746
-36.5077510533757, 17.237812070474092, -2.5610777443045936
-36.50518278161461, 15.518775905313943, -2.5622753490950125
-36.50261450985352, 13.799985802118929, -2.563472953885432
-36.50004623809243, 12.081441760889057, -2.564670558675851
-36.49747796633134, 10.363143781624316, -2.56586816346627
-36.49490969457025, 8.645091864324705, -2.5670657682566893
-36.49234142280916, 6.927286008990228, -2.5682633730471087
-36.48977315104807, 5.209726215620885, -2.5694609778375277
-36.48720487928698, 3.492412484216697, -2.5706585826279467
-36.48463660752589, 1.775344814777612, -2.571856187418366
-36.48206833576481, 0.05852320730367662, -2.5730537922087855
-36.479500064003716, -1.6580523382051315, -2.5742513969992045
-36.476931792242624, -3.3743818217487878, -2.5754490017896234
-36.47436352048153, -5.090465243327324, -2.576646606580043
-36.47179524872044, -6.806302602940725, -2.577844211370462
-36.469226976959355, -8.521893900588985, -2.5790418161608812
-36.46665870519827, -10.237239136272121, -2.5802394209513
-36.46409043343718, -11.95233830999012, -2.581437025741719
-36.461522161676086, -13.667191421742983, -2.582634630532138
-36.458953889915, -15.381798471530708, -2.5838322353225576
-36.45638561815391, -17.096159459353302, -2.585029840112977
-36.45381734639282, -18.81027438521076, -2.586227444903396
-36.45124907463173, -20.524143249103084, -2.587425049693815
-36.44868080287064, -22.237766051030277, -2.5886226544842343
-36.44611253110955, -23.95114279099233, -2.5898202592746533
-36.44354425934846, -25.664273468989254, -2.5910178640650727
-36.44097598758738, -27.37715808502106, -2.5922154688554917
-36.43840771582629, -29.08979663908769, -2.5934130736459107
-36.435839444065195, -30.802189131189223, -2.5946106784363296
-36.4332711723041, -32.51433556132561, -2.5958082832267495
-36.29736104135125, -34.21576754507939, -2.5970058880171685
-35.4447174094067, -35.67060573413467, -2.5982034928075874
-33.89775613019415, -36.35675829949881, -2.5994010975980064
-32.18521752206134, -36.42299808525986, -2.6005987023884263
-30.469164858228446, -36.42042981349878, -2.6017963071788457
-28.753358256360706, -36.417861541737686, -2.6029939119692647
-27.037797716458073, -36.4152932699766, -2.604191516759684
-25.322483238520576, -36.41272499821551, -2.605389121550103
-23.60741482254823, -36.41015672645442, -2.606586726340522
-21.89259246854101, -36.407588454693325, -2.6077843311309414
-20.178016176498932, -36.40502018293224, -2.608981935921361
-18.463685946421972, -36.40245191117115, -2.61017954071178
-16.749601778310158, -36.39988363941006, -2.611377145502199
-15.035763672163483, -36.39731536764897, -2.6125747502926178
-13.322171627981927, -36.39474709588788, -2.613772355083037
-11.6088256457655, -36.392178824126795, -2.6149699598734566
-9.89572572551424, -36.3896105523657, -2.6161675646638756
-8.182871867228087, -36.38704228060461, -2.6173651694542945
-6.47026407090708, -36.384474008843526, -2.6185627742447135
-4.757902336551206, -36.381905737082434, -2.619760379035133
-3.045786664160456, -36.37933746532135, -2.6209579838255523
-1.3339170537348521, -36.37676919356025, -2.6221555886159713
0.3777064947256179, -36.374200921799165, -2.6233531934063903
2.089083981220965, -36.37163265003807, -2.6245507981968097
3.8002154057511683, -36.36906437827699, -2.6257484029872287
5.5111007683162505, -36.366496106515896, -2.626946007777648
7.221740068916176, -36.363927834754804, -2.628143612568067
8.932133307550988, -36.36135956299371, -2.6293412173584865
10.642280484220663, -36.35879129123263, -2.6305388221489054
12.352181598925181, -36.356223019471535, -2.6317364269393244
14.061836651664587, -36.35365474771045, -2.632934031729744
15.77124564243885, -36.35108647594936, -2.634131636520163
17.480408571247978, -36.34851820418827, -2.635329241310582
19.18932543809198, -36.345949932427175, -2.636526846101001
20.89799624297084, -36.34338166066609, -2.6377244508914206
22.606420985884572, -36.340813388905, -2.6389220556818396
24.314599666833164, -36.33824511714391, -2.6401196604722585
26.022532285816613, -36.33567684538282, -2.641317265262678
27.73021884283495, -36.33310857362173, -2.642514870053097
29.43765933788814, -36.330540301860644, -2.6437124748435163
31.144853770976177, -36.32797203009956, -2.6449100796339353
32.8518021420991, -36.32540375833847, -2.6461076844243543
34.52627917413348, -36.05421828822676, -2.6473052892147733
35.820684452100465, -34.9877093223968, -2.6485028940051922
36.29990494600945, -33.363403245238445, -2.649700498795611
36.31513067129409, -31.65280834941024, -2.650898103586031
36.312562399533, -29.941953744590798, -2.6520957083764505
36.30999412777191, -28.23134520173651, -2.6532933131668694
36.30742585601082, -26.520982720847353, -2.654490917957289
36.30485758424973, -24.81086630192332, -2.655688522747708
36.30228931248864, -23.10099594496443, -2.656886127538127
36.299721040727555, -21.391371649970676, -2.6580837323285462
36.29715276896646, -19.681993416942046, -2.6592813371189656
36.29458449720538, -17.972861245878555, -2.6604789419093846
36.292016225444286, -16.263975136780203, -2.6616765466998036
36.289447953683194, -14.55533508964698, -2.662874151490223
36.28687968192211, -12.846941104478894, -2.664071756280642
36.28431141016102, -11.138793181275936, -2.6652693610710614
36.28174313839993, -9.430891320038121, -2.6664669658614804
36.27917486663884, -7.723235520765438, -2.6676645706518993
36.276606594877755, -6.015825783457884, -2.6688621754423187
36.27403832311666, -4.30866210811547, -2.6700597802327377
36.27147005135557, -2.6017444947381905, -2.671257385023157
36.268901779594486, -0.8950729433260656, -2.672454989813576
36.266333507833394, 0.8113525461209469, -2.673652594603995
36.2637652360723, 2.5175319736028268, -2.6748501993944145
36.26119696431122, 4.2234653391195724, -2.6760478041848335
36.258628692550126, 5.929152642671177, -2.677245408975253
36.256060420789034, 7.634593884257653, -2.6784430137656723
36.25349214902794, 9.339789063878996, -2.679640618556091
36.25092387726686, 11.0447381815352, -2.6808382233465102
36.24835560550577, 12.749441237226293, -2.6820358281369296
36.24578733374468, 14.453898230952213, -2.6832334329273486
36.24321906198359, 16.158109162713046, -2.684431037717768
36.240650790222496, 17.86207403250869, -2.6856286425081866
36.23808251846141, 19.5657928403392, -2.686826247298606
36.23551424670032, 21.26926558620462, -2.6880238520890254
36.232945974939234, 22.97249227010486, -2.6892214568794444
36.23037770317814, 24.675472892040023, -2.6904190616698633
36.22780943141705, 26.378207452009992, -2.6916166664602827
36.22524115965596, 28.08069595001488, -2.6928142712507017
36.22267288789487, 29.782938386054578, -2.694011876041121
36.22010461613379, 31.484934760129207, -2.69520948083154
36.20627280213471, 33.18645744219364, -2.696407085621958
35.75793289630985, 34.8125847476673, -2.6976046904123776
34.49686467975563, 35.91218296952484, -2.698802295202797
32.82888543516386, 36.20983152908934, -2.699999899993216
32.82888543516386, 36.209831529089335, -2.699999899993217
31.122982827392757, 36.20726325732824, -2.7011975047836363
29.417326281586796, 36.20469498556716, -2.7023951095740553
27.71191579774596, 36.20212671380607, -2.7035927143644742
26.006751375870262, 36.199558442044975, -2.7047903191548937
24.301833015959698, 36.19699017028388, -2.7059879239453126
22.597160718014266, 36.194421898522805, -2.707185528735732
20.892734482033973, 36.19185362676171, -2.708383133526151
19.18855430801881, 36.18928535500062, -2.70958073831657
17.484620195968784, 36.186717083239536, -2.7107783431069894
15.780932145883892, 36.184148811478444, -2.7119759478974084
14.07749015776413, 36.18158053971735, -2.713173552687828
12.374294231609502, 36.17901226795626, -2.7143711574782468
10.671344367420014, 36.17644399619517, -2.7155687622686657
8.96864056519566, 36.17387572443408, -2.716766367059085
7.266182824936436, 36.17130745267299, -2.717963971849504
5.563971146642352, 36.168739180911906, -2.7191615766399235
3.8620055303133993, 36.16617090915082, -2.7203591814303425
2.1602859759495834, 36.16360263738973, -2.721556786220762
0.45881248355089566, 36.16103436562864, -2.722754391011181
-1.2424149468826482, 36.158466093867546, -2.7239519958016003
-2.9433963153510647, 36.15589782210645, -2.7251496005920193
-4.6441316218543465, 36.15332955034536, -2.7263472053824382
-6.344620866392494, 36.15076127858427, -2.7275448101728577
-8.044864048965511, 36.148193006823185, -2.7287424149632766
-9.744861169573385, 36.1456247350621, -2.729940019753696
-11.44461222821613, 36.14305646330101, -2.7311376245441155
-13.144117224893737, 36.140488191539916, -2.732335229334534
-14.843376159606214, 36.137919919778824, -2.7335328341249534
-16.542389032353555, 36.13535164801773, -2.7347304389153724
-18.241155843135765, 36.132783376256654, -2.735928043705792
-19.93967659195283, 36.13021510449556, -2.737125648496211
-21.63795127880477, 36.12764683273447, -2.73832325328663
-23.33597990369157, 36.12507856097338, -2.739520858077049
-25.033762466613236, 36.122510289212286, -2.740718462867468
-26.731298967569774, 36.1199420174512, -2.7419160676578875
-28.428589406561173, 36.11737374569011, -2.7431136724483065
-30.12563378358744, 36.114805473929025, -2.744311277238726
-31.822432098648576, 36.11223720216793, -2.745508882029145
-33.51595813755047, 36.05072332301748, -2.746706486819564
-35.06282135217572, 35.40409514467391, -2.747904091609983
-35.94517963464719, 33.98333086858182, -2.749101696400402
-36.10196411512358, 32.29644550476682, -2.750299301190821
-36.09939584336249, 30.595740956009188, -2.7514969059812406
-36.096827571601395, 28.89528246921668, -2.7526945107716596
-36.09425929984031, 27.195070044389315, -2.7538921155620786
-36.091691028079225, 25.495103681527077, -2.755089720352498
-36.08912275631813, 23.79538338062997, -2.756287325142917
-36.08655448455704, 22.095909141697994, -2.757484929933336
-36.08398621279595, 20.39668096473116, -2.7586825347237554
-36.081417941034864, 18.697698849729463, -2.7598801395141748
-36.07884966927377, 16.99896279669289, -2.7610777443045937
-36.07628139751269, 15.300472805621467, -2.7622753490950127
-36.073713125751595, 13.602228876515165, -2.763472953885432
-36.0711448539905, 11.904231009374003, -2.764670558675851
-36.06857658222941, 10.206479204197972, -2.76586816346627
-36.06600831046832, 8.508973460987082, -2.7670657682566895
-36.06344003870724, 6.811713779741327, -2.768263373047109
-36.06087176694615, 5.1147001604607, -2.769460977837528
-36.05830349518506, 3.4179326031452195, -2.770658582627947
-36.055735223423966, 1.7214111077948544, -2.7718561874183663
-36.053166951662874, 0.025135674409647476, -2.7730537922087857
-36.05059867990178, -1.67089369701044, -2.7742513969992046
-36.0480304081407, -3.366677006465399, -2.7754490017896236
-36.04546213637961, -5.062214253955215, -2.7766466065800426
-36.04289386461852, -6.757505439479898, -2.7778442113704616
-36.04032559285743, -8.452550563039452, -2.7790418161608814
-36.03775732109634, -10.147349624633865, -2.7802394209513004
-36.03518904933525, -11.841902624263138, -2.7814370257417194
-36.03262077757416, -13.536209561927294, -2.7826346305321383
-36.030052505813075, -15.230270437626297, -2.783832235322558
-36.02748423405198, -16.924085251360182, -2.785029840112977
-36.02491596229089, -18.617654003128912, -2.786227444903396
-36.022347690529806, -20.310976692932524, -2.787425049693815
-36.01977941876872, -22.004053320771003, -2.7886226544842345
-36.01721114700763, -23.696883886644343, -2.789820259274654
-36.01464287524654, -25.38946839055255, -2.791017864065073
-36.01207460348545, -27.08180683249564, -2.792215468855492
-36.00950633172436, -28.773899212473555, -2.793413073645911
-36.00693805996327, -30.465745530486352, -2.79461067843633
-36.00436978820218, -32.15734578653404, -2.7958082832267497
-35.855628965851075, -33.83656662726368, -2.7970058880171695
-34.992994247964106, -35.26241650433384, -2.7982034928075885
-33.45869480550657, -35.92937741686471, -2.7994010975980075
-31.76658922500392, -35.99409670115796, -2.8005987023884265
-30.071082735259736, -35.991528429396865, -2.8017963071788454
-28.375822307480703, -35.98896015763577, -2.8029939119692653
-26.68080794166679, -35.98639188587468, -2.8041915167596843
-24.986039637818006, -35.9838236141136, -2.8053891215501032
-23.291517395934374, -35.98125534235251, -2.806586726340522
-21.597241216015874, -35.97868707059142, -2.8077843311309416
-19.903211098062485, -35.97611879883033, -2.8089819359213606
-18.209427042074253, -35.973550527069236, -2.81017954071178
-16.51588904805116, -35.97098225530815, -2.811377145502199
-14.822597115993185, -35.968413983547066, -2.812574750292618
-13.129551245900345, -35.965845711785974, -2.8137723550830374
-11.436751437772642, -35.96327744002488, -2.8149699598734568
-9.744197691610081, -35.9607091682638, -2.8161675646638757
-8.051890007412641, -35.958140896502705, -2.8173651694542947
-6.359828385180336, -35.95557262474161, -2.818562774244714
-4.668012824913182, -35.95300435298053, -2.819760379035133
-2.9764433266111636, -35.950436081219436, -2.8209579838255525
-1.2851198902742453, -35.94786780945834, -2.8221555886159715
0.40595748409750265, -35.94529953769725, -2.8233531934063905
2.0967887965041108, -35.94273126593616, -2.8245507981968094
3.7873740469456036, -35.940162994175076, -2.8257484029872293
5.477713235421965, -35.937594722413984, -2.8269460077776483
7.1678063619331756, -35.9350264506529, -2.8281436125680672
8.857653426479274, -35.93245817889181, -2.829341217358486
10.547254429060237, -35.929889907130715, -2.8305388221489056
12.236609369676064, -35.92732163536962, -2.8317364269393246
13.925718248326739, -35.92475336360854, -2.832934031729744
15.614581065012299, -35.922185091847446, -2.834131636520163
17.303197819732727, -35.91961682008636, -2.8353292413105824
18.991568512487998, -35.91704854832527, -2.8365268461010014
20.679693143278133, -35.91448027656418, -2.837724450891421
22.367571712103175, -35.91191200480309, -2.8389220556818398
24.055204218963066, -35.909343733042, -2.8401196604722587
25.742590663857783, -35.90677546128091, -2.841317265262678
27.429731046787396, -35.90420718951982, -2.842514870053097
29.1166253677519, -35.90163891775873, -2.8437124748435165
30.803273626751206, -35.89907064599765, -2.8449100796339355
32.48967582378542, -35.896502374236555, -2.8461076844243545
34.140446901327714, -35.60851922333471, -2.8473052892147734
35.405147064478896, -34.536876098838306, -2.8485028940051933
35.8714410027016, -32.92938397828263, -2.849700498795612
35.88622928719218, -31.239316595874897, -2.8508981035860317
35.883661015431095, -29.549008165144194, -2.8520957083764507
35.88109274367, -27.858945796378602, -2.85329331316687
35.87852447190891, -26.169129489578147, -2.854490917957289
35.875956200147826, -24.47955924474285, -2.855688522747708
35.873387928386734, -22.790235061872657, -2.856886127538127
35.87081965662565, -21.101156940967606, -2.8580837323285464
35.86825138486456, -19.412324882027704, -2.8592813371189654
35.865683113103465, -17.72373888505292, -2.860478941909385
35.86311484134238, -16.03539895004327, -2.8616765466998038
35.86054656958129, -14.347305076998797, -2.8628741514902227
35.857978297820196, -12.659457265919391, -2.864071756280642
35.85541002605911, -10.971855516805146, -2.865269361071061
35.85284175429802, -9.284499829656077, -2.8664669658614805
35.850273482536934, -7.597390204472095, -2.8676645706519
35.84770521077584, -5.910526641253224, -2.8688621754423185
35.84513693901475, -4.223909139999513, -2.870059780232738
35.842568667253666, -2.5375377007109843, -2.8712573850231573
35.840000395492574, -0.851412323387545, -2.8724549898135763
35.83743212373149, 0.8344669919707909, -2.8736525946039957
35.8348638519704, 2.5201002453639187, -2.8748501993944147
35.832295580209305, 4.20548743679196, -2.876047804184834
35.82972730844822, 5.890628566254865, -2.877245408975253
35.82715903668713, 7.575523633752612, -2.878443013765672
35.82459076492604, 9.26017263928525, -2.8796406185560914
35.82202249316495, 10.944575582852751, -2.8808382233465104
35.81945422140386, 12.628732464455096, -2.8820358281369294
35.816885949642774, 14.312643284092355, -2.883233432927349
35.81431767788168, 15.996308041764463, -2.8844310377177678
35.8117494061206, 17.679726737471377, -2.8856286425081867
35.809181134359505, 19.36289937121321, -2.886826247298606
35.80661286259841, 21.045825942989907, -2.888023852089025
35.80404459083732, 22.728506452801415, -2.8892214568794445
35.80147631907624, 24.410940900647844, -2.890419061669864
35.79890804731515, 26.09312928652914, -2.891616666460283
35.79633977555406, 27.775071610445302, -2.8928142712507023
35.79377150379297, 29.456767872396327, -2.8940118760411213
35.791203232031876, 31.138218072382223, -2.8952094808315407
35.77215440910823, 32.81897246937834, -2.8964070856219597
35.307649117839304, 34.41877430669609, -2.8976046904123787
34.04882146841094, 35.49074722132967, -2.8988022952027976
32.39998405106195, 35.78093014498742, -2.899999899993217
32.39998405106194, 35.780930144987416, -2.899999899993217
30.71462761737956, 35.778361873226324, -2.901197504783636
29.029517245662305, 35.77579360146524, -2.9023951095740554
27.34465293591019, 35.77322532970415, -2.9035927143644744
25.66003468812321, 35.77065705794306, -2.904790319154894
23.97566250230136, 35.76808878618196, -2.905987923945313
22.291536378444647, 35.765520514420885, -2.907185528735732
20.607656316553065, 35.762952242659786, -2.908383133526151
18.924022316626623, 35.7603839708987, -2.9095807383165706
17.240634378665312, 35.75781569913761, -2.9107783431069896
15.557492502669135, 35.755247427376524, -2.9119759478974085
13.874596688638091, 35.75267915561543, -2.913173552687828
12.191946936572185, 35.75011088385435, -2.914371157478247
10.509543246471411, 35.747542612093255, -2.915568762268666
8.82738561833577, 35.74497434033216, -2.9167663670590853
7.1454740521652615, 35.74240606857107, -2.9179639718495043
5.463808547959895, 35.73983779680999, -2.9191615766399237
3.782389105719661, 35.737269525048895, -2.9203591814303427
2.1012157254445554, 35.73470125328781, -2.921556786220762
0.420288407134588, 35.73213298152672, -2.922754391011181
-1.2603928492102456, 35.729564709765626, -2.9239519958016
-2.940828043589948, 35.726996438004534, -2.9251496005920194
-4.621017176004515, 35.72442816624344, -2.926347205382439
-6.300960246453944, 35.72185989448235, -2.927544810172858
-7.980657254938237, 35.719291622721265, -2.928742414963277
-9.660108201457401, 35.71672335096017, -2.929940019753696
-11.339313086011426, 35.71415507919909, -2.931137624544115
-13.018271908600322, 35.711586807437996, -2.9323352293345346
-14.696984669224086, 35.709018535676904, -2.9335328341249536
-16.375451367882714, 35.70645026391582, -2.9347304389153726
-18.053672004576207, 35.70388199215473, -2.935928043705792
-19.731646579304556, 35.70131372039364, -2.937125648496211
-21.409375092067783, 35.69874544863255, -2.9383232532866304
-23.08685754286587, 35.69617717687146, -2.9395208580770493
-24.764093931698817, 35.693608905110366, -2.9407184628674683
-26.44108425856664, 35.69104063334928, -2.9419160676578877
-28.117828523469328, 35.68847236158819, -2.943113672448307
-29.79432672640688, 35.685904089827105, -2.944311277238726
-31.470578867379295, 35.68333581806601, -2.945508882029145
-33.1429364266705, 35.613459180842455, -2.946706486819565
-34.66088126347945, 34.95143741516779, -2.947904091609984
-35.52071126605643, 33.53967126345992, -2.949101696400403
-35.67306273102166, 31.8726806641871, -2.950299301190822
-35.670494459260574, 30.192522289518177, -2.951496905981241
-35.66792618749948, 28.51260997681438, -2.95269451077166
-35.66535791573839, 26.83294372607574, -2.953892115562079
-35.662789643977305, 25.153523537302213, -2.955089720352498
-35.66022137221621, 23.47434941049383, -2.956287325142917
-35.65765310045512, 21.79542134565058, -2.9574849299333366
-35.65508482869404, 20.11673934277246, -2.9586825347237555
-35.652516556932945, 18.43830340185948, -2.959880139514175
-35.64994828517186, 16.76011352291162, -2.9610777443045935
-35.64738001341077, 15.082169705928917, -2.962275349095013
-35.64481174164968, 13.40447195091133, -2.9634729538854323
-35.64224346988859, 11.727020257858888, -2.9646705586758513
-35.63967519812749, 10.04981462677157, -2.9658681634662702
-35.637106926366414, 8.372855057649394, -2.9670657682566897
-35.63453865460532, 6.696141550492353, -2.968263373047109
-35.63197038284423, 5.019674105300437, -2.969460977837528
-35.62940211108314, 3.343452722073674, -2.970658582627947
-35.62683383932205, 1.6674774008120186, -2.9718561874183664
-35.62426556756097, -0.008251858484475523, -2.9730537922087854
-35.621697295799876, -1.6837350558158457, -2.974251396999205
-35.619129024038784, -3.3589721911820902, -2.975449001789624
-35.61656075227769, -5.033963264583193, -2.9766466065800428
-35.6139924805166, -6.708708276019159, -2.9778442113704617
-35.611424208755516, -8.38320722549, -2.9790418161608816
-35.60885593699443, -10.0574601129957, -2.9802394209513006
-35.60628766523334, -11.731466938536258, -2.9814370257417195
-35.60371939347225, -13.405227702111706, -2.9826346305321385
-35.60115112171116, -15.078742403721995, -2.983832235322558
-35.59858284995007, -16.752011043367173, -2.9850298401129773
-35.59601457818898, -18.425033621047188, -2.9862274449033963
-35.59344630642789, -20.097810136762078, -2.9874250496938153
-35.5908780346668, -21.770340590511843, -2.988622654484235
-35.588309762905716, -23.442624982296465, -2.989820259274654
-35.585741491144624, -25.114663312115947, -2.991017864065073
-35.58317321938354, -26.78645557997033, -2.9922154688554925
-35.58060494762245, -28.458001785859544, -2.9934130736459115
-35.578036675861355, -30.129301929783637, -2.9946106784363304
-35.57546840410027, -31.800356011742597, -2.99580828322675
-35.4119938684337, -33.45687050402774, -2.997005888017169
-34.541271086521384, -34.85422727453313, -2.998203492807588
-33.01963348081878, -35.501996534230656, -2.9994010975980068
-31.34796092794631, -35.56519531705604, -3.0005987023884266
-29.673000612290835, -35.56262704529495, -3.0017963071788456
-27.99828635860051, -35.56005877353387, -3.002993911969265
-26.32381816687532, -35.557490501772776, -3.0041915167596844
-24.64959603711526, -35.554922230011684, -3.0053891215501034
-22.97561996932035, -35.55235395825059, -3.0065867263405224
-21.30188996349056, -35.54978568648951, -3.0077843311309413
-19.628406019625892, -35.547217414728415, -3.008981935921361
-17.95516813772637, -35.54464914296733, -3.01017954071178
-16.282176317791983, -35.54208087120624, -3.011377145502199
-14.609430559822732, -35.539512599445146, -3.012574750292618
-12.936930863818601, -35.53694432768406, -3.0137723550830375
-11.264677229779632, -35.53437605592297, -3.0149699598734565
-9.592669657705768, -35.531807784161884, -3.016167564663876
-7.920908147597054, -35.52923951240079, -3.017365169454295
-6.249392699453459, -35.5266712406397, -3.018562774244714
-4.578123313275028, -35.52410296887861, -3.0197603790351333
-2.907099989061713, -35.521534697117524, -3.0209579838255527
-1.2363227268135286, -35.518966425356425, -3.0221555886159717
0.4342084734695161, -35.51639815359534, -3.0233531934063906
2.104493611787407, -35.513829881834255, -3.02455079819681
3.774532688140174, -35.51126161007316, -3.025748402987229
5.444325702527825, -35.50869333831207, -3.0269460077776484
7.113872654950315, -35.50612506655098, -3.0281436125680674
8.783173545407703, -35.503556794789894, -3.0293412173584864
10.452228373899935, -35.5009885230288, -3.0305388221489054
12.121037140427049, -35.49842025126772, -3.0317364269393248
13.789599844989004, -35.495851979506625, -3.032934031729744
15.457916487585852, -35.49328370774553, -3.034131636520163
17.12598706821757, -35.49071543598445, -3.035329241310582
18.793811586884118, -35.488147164223356, -3.0365268461010015
20.461390043585563, -35.48557889246227, -3.0377244508914205
22.128722438321873, -35.48301062070118, -3.03892205568184
23.79580877109305, -35.48044234894009, -3.0401196604722593
25.462649041899056, -35.477874077178996, -3.0413172652626783
27.12924325073996, -35.47530580541791, -3.0425148700530977
28.795591397615716, -35.472737533656826, -3.0437124748435167
30.461693482526343, -35.470169261895734, -3.0449100796339357
32.12753360034866, -35.466431280549344, -3.046107684424355
33.754614628522056, -35.16282015844262, -3.047305289214774
34.98960967685739, -34.086042875279695, -3.0485028940051935
35.442977059393755, -32.49536471132671, -3.0497004987956124
35.457327903090274, -30.8258248423395, -3.0508981035860314
35.45475963132918, -29.156062585697494, -3.0520957083764504
35.45219135956809, -27.48654639102064, -3.0532933131668702
35.449623087807005, -25.817276258308915, -3.0544909179572888
35.44705481604591, -24.148252187562306, -3.055688522747708
35.44448654428483, -22.479474178780844, -3.056886127538127
35.441918272523736, -20.810942231964503, -3.0580837323285466
35.439350000762644, -19.142656347113324, -3.0592813371189655
35.43678172900155, -17.474616524227255, -3.060478941909385
35.43421345724047, -15.80682276330634, -3.061676546699804
35.431645185479375, -14.139275064350548, -3.0628741514902234
35.42907691371829, -12.471973427359899, -3.0640717562806423
35.4265086419572, -10.804917852334366, -3.0652693610710617
35.42394037019611, -9.138108339274, -3.0664669658614807
35.42137209843502, -7.471544888178732, -3.0676645706518997
35.41880382667393, -5.80522749904862, -3.0688621754423187
35.416235554912845, -4.139156171883624, -3.0700597802327385
35.41366728315175, -2.4733309066837963, -3.071257385023157
35.41109901139066, -0.8077517034490687, -3.0724549898135765
35.408530739629576, 0.8575814378205044, -3.0736525946039954
35.405962467868484, 2.5226685171249326, -3.074850199394415
35.40339419610739, 4.187509534464264, -3.076047804184834
35.40082592434631, 5.852104489838441, -3.0772454089752532
35.398257652585215, 7.516453383247498, -3.078443013765672
35.39568938082413, 9.180556214691396, -3.0796406185560916
35.39312110906304, 10.844412984170184, -3.0808382233465106
35.39055283730195, 12.508023691683807, -3.08203582813693
35.38798456554086, 14.171388337232361, -3.083233432927349
35.38541629377977, 15.83450692081573, -3.0844310377177684
35.38284802201868, 17.497379442433942, -3.0856286425081874
35.38027975025759, 19.160005902087022, -3.0868262472986068
35.3777114784965, 20.822386299775044, -3.0880238520890257
35.375143206735416, 22.484520635497873, -3.089221456879445
35.372574934974324, 24.14640890925557, -3.0904190616698637
35.37000666321323, 25.80805112104813, -3.091616666460283
35.36743839145215, 27.46944727087556, -3.092814271250702
35.364870119691055, 29.13059735873791, -3.0940118760411215
35.36230184792997, 30.791501384635076, -3.0952094808315405
35.33800373547751, 32.45148567952396, -3.096407085621959
34.8573653393688, 34.02496386572478, -3.097604690412378
33.60077825706623, 35.06931147313449, -3.0988022952027974
31.971082666960037, 35.3520287608855, -3.0999998999932163
31.971082666960037, 35.352028760885496, -3.0999998999932172
30.30627240736636, 35.349460489124404, -3.101197504783636
28.641708209737825, 35.34689221736332, -3.1023951095740556
26.977390074074417, 35.34432394560223, -3.1035927143644746
25.31331800037615, 35.341755673841135, -3.104790319154894
23.64949198864301, 35.33918740208005, -3.105987923945313
21.98591203887501, 35.33661913031896, -3.1071855287357324
20.32257815107214, 35.33405085855787, -3.1083831335261514
18.659490325234408, 35.33148258679678, -3.1095807383165703
16.99664856136181, 35.32891431503569, -3.1107783431069898
15.334052859454347, 35.3263460432746, -3.1119759478974087
13.671703219512018, 35.32377777151351, -3.1131735526878286
12.009599641534821, 35.32120949975242, -3.114371157478247
10.347742125522759, 35.318641227991336, -3.1155687622686665
8.686130671475832, 35.31607295623025, -3.1167663670590855
7.024765279394038, 35.31350468446915, -3.1179639718495045
5.363645949277379, 35.31093641270807, -3.119161576639924
3.7027726811258557, 35.308368140946975, -3.120359181430343
2.042145474939465, 35.30579986918589, -3.1215567862207623
0.38176433071821253, 35.3032315974248, -3.1227543910111812
-1.278370751537909, 35.300663325663706, -3.1239519958016
-2.9382597718288967, 35.298095053902614, -3.1251496005920196
-4.597902730154749, 35.29552678214152, -3.1263472053824386
-6.2572996265154694, 35.29295851038043, -3.127544810172858
-7.916450460911052, 35.290390238619345, -3.128742414963277
-9.575355233341503, 35.28782196685826, -3.1299400197536964
-11.234013943806819, 35.28525369509717, -3.1311376245441154
-12.892426592307, 35.282685423336076, -3.132335229334535
-14.550593178842046, 35.28011715157499, -3.1335328341249538
-16.20851370341196, 35.27754887981389, -3.1347304389153727
-17.86618816601674, 35.27498060805281, -3.135928043705792
-19.52361656665638, 35.27241233629172, -3.137125648496211
-21.180798905330892, 35.26984406453063, -3.1383232532866305
-22.83773518204027, 35.26727579276954, -3.1395208580770495
-24.494425396784507, 35.264707521008454, -3.1407184628674685
-26.150869549563616, 35.26213924924736, -3.141916067657888
-27.807067640377586, 35.25957097748627, -3.143113672448307
-29.46301966922642, 35.257002705725185, -3.1443112772387263
-31.11872563611012, 35.25443443396409, -3.1455088820291452
-32.76984196238202, 35.17580181881321, -3.146706486819565
-34.258605286275156, 34.49837185104778, -3.147904091609984
-35.0962428974657, 33.09601165833797, -3.1491016964004026
-35.24416134691975, 31.448915823607322, -3.150299301190822
-35.24159307515866, 29.789303623027106, -3.151496905981241
-35.23902480339757, 28.129937484412043, -3.15269451077166
-35.23645653163648, 26.470817407762098, -3.153892115562079
-35.23388825987539, 24.81194339307729, -3.155089720352499
-35.2313199881143, 23.15331544035762, -3.1562873251429173
-35.228751716353216, 21.49493354960308, -3.1574849299333367
-35.226183444592124, 19.836797720813678, -3.1586825347237557
-35.22361517283103, 18.178907953989413, -3.159880139514175
-35.22104690106994, 16.521264249130276, -3.1610777443045937
-35.218478629308855, 14.863866606236272, -3.1622753490950135
-35.21591035754777, 13.206715025307407, -3.1634729538854325
-35.21334208578668, 11.54980950634367, -3.1646705586758515
-35.210773814025586, 9.893150049345074, -3.1658681634662704
-35.208205542264494, 8.236736654311612, -3.1670657682566903
-35.2056372705034, 6.580569321243278, -3.168263373047109
-35.20306899874232, 4.9246480501400836, -3.1694609778375282
-35.20050072698123, 3.268972841002019, -3.170658582627947
-35.19793245522014, 1.6135436938290897, -3.171856187418367
-35.19536418345905, -0.041639391378700305, -3.173053792208786
-35.19279591169796, -1.6965764146213582, -3.174251396999205
-35.19022763993687, -3.3512673758988876, -3.175449001789624
-35.18765936817579, -5.005712275211276, -3.176646606580043
-35.185091096414695, -6.659911112558531, -3.177844211370462
-35.1825228246536, -8.313863887940657, -3.1790418161608818
-35.17995455289252, -9.967570601357645, -3.1802394209513007
-35.177386281131426, -11.621031252809498, -3.1814370257417197
-35.174818009370334, -13.274245842296223, -3.1826346305321387
-35.17224973760925, -14.927214369817808, -3.183832235322558
-35.16968146584816, -16.579936835374255, -3.1850298401129775
-35.167113194087065, -18.23241323896558, -3.1862274449033965
-35.16454492232598, -19.884643580591746, -3.1874250496938155
-35.16197665056489, -21.53662786025279, -3.1886226544842353
-35.159408378803796, -23.188366077948714, -3.189820259274654
-35.15684010704271, -24.83985823367949, -3.191017864065073
-35.15427183528162, -26.491104327445143, -3.1922154688554922
-35.15170356352053, -28.142104359245646, -3.193413073645911
-35.14913529175944, -29.792858329081028, -3.1946106784363306
-35.14656701999835, -31.443366236951277, -3.19580828322675
-34.96831576596118, -33.077163189992525, -3.197005888017169
-34.088797795435646, -34.44512724002824, -3.198203492807588
-32.580572156130955, -35.07461565159659, -3.199401097598007
-30.929332630888663, -35.13629393295413, -3.200598702388427
-29.274918489321912, -35.13372566119304, -3.2017963071788462
-27.620750409720298, -35.131157389431955, -3.202993911969265
-25.96682839208383, -35.12858911767087, -3.2041915167596846
-24.313152436412494, -35.12602084590978, -3.2053891215501036
-22.659722542706284, -35.123452574148686, -3.2065867263405226
-21.006538710965206, -35.120884302387594, -3.207784331130942
-19.353600941189278, -35.11831603062651, -3.208981935921361
-17.70090923337845, -35.11574775886542, -3.2101795407117804
-16.048463587532776, -35.11317948710433, -3.2113771455021993
-14.396264003652266, -35.11061121534324, -3.2125747502926183
-12.744310481736845, -35.10804294358215, -3.2137723550830377
-11.092603021786585, -35.105474671821064, -3.214969959873457
-9.441141623801448, -35.10290640005997, -3.216167564663876
-7.789926287781439, -35.10033812829888, -3.217365169454295
-6.1389570137265705, -35.097769856537795, -3.2185627742447145
-4.488233801636849, -35.0952015847767, -3.219760379035134
-2.83775665151225, -35.09263331301561, -3.220957983825553
-1.1875255633527964, -35.09006504125452, -3.222155588615972
0.46245946284153494, -35.08749676949343, -3.223353193406391
2.1121984270707403, -35.08492849773234, -3.2245507981968102
3.7616913293347918, -35.08236022597126, -3.2257484029872296
5.410938169633717, -35.079791954210165, -3.2269460077776486
7.059938947967517, -35.07722368244907, -3.2281436125680676
8.708693664336176, -35.07465541068798, -3.229341217358487
10.357202318739672, -35.072087138926896, -3.2305388221489055
12.00546491117808, -35.069518867165804, -3.231736426939325
13.653481441651326, -35.06695059540472, -3.2329340317297444
15.301251910159449, -35.06438232364363, -3.2341316365201633
16.948776316702457, -35.061814051882536, -3.2353292413105823
18.5960546612803, -35.05924578012145, -3.2365268461010017
20.24308694389302, -35.05667750836036, -3.237724450891421
21.889873164540596, -35.05410923659927, -3.23892205568184
23.536413323223048, -35.05154096483818, -3.240119660472259
25.18270741994037, -35.04897269307709, -3.2413172652626785
26.828755454692555, -35.046404421316, -3.242514870053098
28.47455742747961, -35.04383614955491, -3.243712474843517
30.120113338301522, -35.04126787779383, -3.2449100796339363
31.765383380008622, -35.03577207104115, -3.2461076844243553
33.36805067861705, -34.71545840567484, -3.2473052892147742
34.57407228923591, -33.63520965172107, -3.248502894005193
35.01451311608592, -32.06134544437082, -3.2497004987956126
35.028426518988354, -30.412333088804083, -3.2508981035860316
35.02585824722727, -28.763117006250802, -3.252095708376451
35.023289975466184, -27.114146985662657, -3.25329331316687
35.02072170370509, -25.465423027039645, -3.2544909179572894
35.018153431944, -23.816945130381765, -3.2556885227477084
35.01558516018291, -22.168713295689, -3.2568861275381273
35.013016888421824, -20.520727522961387, -3.2580837323285468
35.01044861666073, -18.872987812198915, -3.259281337118966
35.00788034489964, -17.225494163401574, -3.260478941909385
35.005312073138555, -15.578246576569368, -3.261676546699804
35.00274380137746, -13.931245051702296, -3.262874151490223
35.00017552961638, -12.284489588800337, -3.2640717562806425
34.997607257855286, -10.637980187863532, -3.2652693610710615
34.9950389860942, -8.991716848891867, -3.266466965861481
34.99247071433311, -7.345699571885329, -3.2676645706519
34.98990244257202, -5.69992835684393, -3.2688621754423193
34.98733417081093, -4.054403203767664, -3.2700597802327382
34.98476589904984, -2.409124112656486, -3.2712573850231577
34.98219762728875, -0.7640910835104868, -3.2724549898135766
34.97962935552766, 0.8806958836703747, -3.273652594603996
34.97706108376657, 2.525236788886077, -3.274850199394415
34.97449281200548, 4.169531632136675, -3.276047804184834
34.971924540244395, 5.813580413422134, -3.277245408975253
34.9693562684833, 7.457383132742513, -3.2784430137656724
34.96678799672222, 9.100939790097703, -3.2796406185560913
34.964219724961126, 10.744250385487758, -3.2808382233465108
34.96165145320004, 12.387314918912677, -3.2820358281369297
34.95908318143895, 14.03013339037247, -3.283233432927349
34.95651490967786, 15.672705799867124, -3.284431037717768
34.95394663791677, 17.31503214739667, -3.2856286425081875
34.95137836615568, 18.957112432961033, -3.286826247298607
34.948810094394595, 20.598946656560322, -3.288023852089026
34.9462418226335, 22.240534818194423, -3.289221456879445
34.94367355087241, 23.881876917863448, -3.2904190616698643
34.94110527911132, 25.522972955567333, -3.2916166664602833
34.938537007350234, 27.16382293130606, -3.2928142712507023
34.93596873558914, 28.804426845079604, -3.2940118760411212
34.93340046382805, 30.44478469688806, -3.2952094808315406
34.90385306184679, 32.083998889669644, -3.2964070856219596
34.407081560898234, 33.63115342475357, -3.297604690412379
33.15273504572155, 34.64787572493931, -3.298802295202798
31.542181282858124, 34.92312737678358, -3.2999998999932174
31.54218128285813, 34.923127376783576, -3.2999998999932174
29.897917197353173, 34.920559105022484, -3.3011975047836364
28.253899173813352, 34.91799083326139, -3.302395109574056
26.61012721223866, 34.91542256150031, -3.3035927143644748
24.966601312629106, 34.91285428973922, -3.304790319154894
23.323321474984688, 34.91028601797813, -3.305987923945313
21.6802876993054, 34.90771774621704, -3.3071855287357326
20.037499985591246, 34.905149474455946, -3.308383133526152
18.394958333842226, 34.90258120269486, -3.3095807383165705
16.75266274405834, 34.90001293093378, -3.31077834310699
15.110613216239594, 34.897444659172685, -3.311975947897409
13.468809750385981, 34.89487638741159, -3.3131735526878283
11.8272523464975, 34.8923081156505, -3.3143711574782473
10.185941004574152, 34.889739843889416, -3.3155687622686663
8.544875724615943, 34.887171572128324, -3.3167663670590857
6.904056506622861, 34.88460330036724, -3.3179639718495046
5.26348335059492, 34.88203502860615, -3.319161576639924
3.6231562565321136, 34.879466756845055, -3.320359181430343
1.9830752244344345, 34.87689848508397, -3.3215567862207624
0.34324025430189636, 34.87433021332288, -3.3227543910111814
-1.2963486538655102, 34.871761941561786, -3.323951995801601
-2.9356915000677835, 34.869193669800694, -3.32514960059202
-4.5747882843049155, 34.8666253980396, -3.326347205382439
-6.213639006576925, 34.86405712627851, -3.327544810172858
-7.852243666883789, 34.861488854517425, -3.328742414963277
-9.490602265225526, 34.85892058275633, -3.3299400197536966
-11.128714801602126, 34.85635231099525, -3.3311376245441155
-12.766581276013593, 34.85378403923416, -3.3323352293345345
-14.404201688459919, 34.851215767473064, -3.333532834124954
-16.041576038941116, 34.84864749571198, -3.334730438915373
-17.678704327457186, 34.84607922395089, -3.3359280437057923
-19.31558655400811, 34.8435109521898, -3.3371256484962113
-20.952222718593905, 34.84094268042871, -3.3383232532866307
-22.588612821214568, 34.83837440866762, -3.33952085807705
-24.224756861870084, 34.83580613690653, -3.3407184628674687
-25.86065484056048, 34.83323786514544, -3.3419160676578885
-27.49630675728574, 34.83066959338435, -3.3431136724483075
-29.13171261204586, 34.828101321623265, -3.3443112772387265
-30.766872404840846, 34.82553304986217, -3.3455088820291454
-32.39641635756257, 34.736354698286206, -3.3467064868195635
-33.8563293090708, 34.04530628692784, -3.3479040916099825
-34.671774528874955, 32.65235205321609, -3.3491016964004015
-34.81525996281782, 31.0251509830276, -3.3502993011908213
-34.812691691056735, 29.38608495653612, -3.3514969059812407
-34.81012341929564, 27.747264992009754, -3.35269451077166
-34.80755514753456, 26.108691089448524, -3.353892115562079
-34.804986875773466, 24.47036324885243, -3.3550897203524985
-34.802418604012374, 22.83228147022149, -3.3562873251429175
-34.79985033225129, 21.19444575355565, -3.3574849299333365
-34.797282060490204, 19.556856098854958, -3.358682534723756
-34.79471378872911, 17.919512506119403, -3.359880139514175
-34.79214551696802, 16.28241497534899, -3.361077744304594
-34.78957724520693, 14.645563506543692, -3.362275349095013
-34.78700897344584, 13.008958099703543, -3.3634729538854327
-34.78444070168475, 11.372598754828521, -3.3646705586758516
-34.78187242992366, 9.736485471918638, -3.3658681634662706
-34.779304158162574, 8.100618250973891, -3.36706576825669
-34.77673588640148, 6.464997091994269, -3.3682633730471094
-34.77416761464039, 4.829621994979791, -3.3694609778375284
-34.771599342879306, 3.194492959930444, -3.3706585826279474
-34.76903107111822, 1.5596099868462252, -3.371856187418367
-34.76646279935713, -0.07502692427285546, -3.3730537922087858
-34.76389452759604, -1.7094177734267866, -3.3742513969992043
-34.761326255834945, -3.3435625606156085, -3.375449001789624
-34.75875798407386, -4.977461285839281, -3.376646606580043
-34.75618971231277, -6.61111394909782, -3.377844211370462
-34.75362144055168, -8.244520550391233, -3.3790418161608815
-34.75105316879059, -9.877681089719498, -3.380239420951301
-34.7484848970295, -11.510595567082634, -3.38143702574172
-34.74591662526841, -13.143263982480642, -3.382634630532139
-34.74334835350732, -14.775686335913505, -3.3838322353225583
-34.74078008174624, -16.407862627381235, -3.3850298401129773
-34.73821180998514, -18.03979285688386, -3.386227444903396
-34.73564353822405, -19.671477024421318, -3.3874250496938156
-34.73307526646296, -21.30291512999365, -3.388622654484235
-34.73050699470188, -22.934107173600854, -3.389820259274654
-34.727938722940785, -24.565053155242914, -3.391017864065073
-34.7253704511797, -26.195753074919843, -3.3922154688554924
-34.72280217941861, -27.826206932631628, -3.3934130736459114
-34.720233907657516, -29.456414728378288, -3.3946106784363304
-34.71766563589643, -31.086376462159834, -3.3958082832267498
-34.52463766348869, -32.69745587595718, -3.39700588801717
-33.63537353834862, -34.034872546037676, -3.398203492807589
-32.14151083144331, -34.647234768962505, -3.399401097598008
-30.510704333831182, -34.70739254885222, -3.400598702388427
-28.876836366353146, -34.704824277091134, -3.401796307178846
-27.243214460840264, -34.70225600533004, -3.4029939119692654
-25.609838617292485, -34.69968773356895, -3.404191516759685
-23.976708835709857, -34.69711946180786, -3.4053891215501038
-22.343825116092347, -34.694551190046774, -3.4065867263405227
-20.711187458439987, -34.69198291828569, -3.407784331130942
-19.07879586275277, -34.6894146465246, -3.408981935921361
-17.446650329030668, -34.686846374763505, -3.4101795407117805
-15.814750857273694, -34.68427810300242, -3.4113771455021995
-14.183097447481899, -34.68170983124133, -3.4125747502926185
-12.551690099655195, -34.679141559480236, -3.413772355083038
-10.920528813793638, -34.67657328771915, -3.4149699598734573
-9.289613589897217, -34.67400501595806, -3.4161675646638763
-7.658944427965917, -34.67143674419697, -3.4173651694542952
-6.028521327999762, -34.668868472435875, -3.418562774244714
-4.398344289998743, -34.66630020067479, -3.419760379035133
-2.768413313962859, -34.6637319289137, -3.420957983825553
-1.1387283998921256, -34.661163657152606, -3.422155588615972
0.4907104522134911, -34.658595385391514, -3.423353193406391
2.1199032423540025, -34.65602711363042, -3.4245507981968104
3.7488499705293505, -34.65345884186934, -3.4257484029872294
5.377550636739564, -34.650890570108245, -3.426946007777649
7.006005240984635, -34.64832229834716, -3.4281436125680678
8.634213783264581, -34.64575402658607, -3.4293412173584867
10.26217626357938, -34.643185754824984, -3.4305388221489057
11.889892681929068, -34.64061748306389, -3.4317364269393256
13.517363038313611, -34.6380492113028, -3.4329340317297445
15.144587332733021, -34.63548093954171, -3.4341316365201635
16.771565565187302, -34.63291266778062, -3.435329241310583
18.39829773567645, -34.63034439601953, -3.436526846101002
20.024783844200453, -34.627776124258446, -3.4377244508914213
21.651023890759323, -34.625207852497354, -3.4389220556818403
23.27701787535306, -34.62263958073626, -3.4401196604722593
24.902765797981655, -34.62007130897517, -3.4413172652626787
26.52826765864512, -34.61750303721409, -3.4425148700530976
28.153523457343464, -34.614934765453, -3.4437124748435166
29.778533194076665, -34.61236649369191, -3.444910079633936
31.40323237391705, -34.6050550750544, -3.446107684424355
32.98078627179798, -34.26650491084025, -3.4473052892147744
34.158534901614374, -33.184376428162494, -3.448502894005194
34.586049172778075, -31.62732617741494, -3.449700498795613
34.59952513488645, -29.998841335268704, -3.450898103586032
34.596956863125364, -28.370171426804134, -3.452095708376451
34.59438859136427, -26.741747580304693, -3.45329331316687
34.59182031960319, -25.11356979577038, -3.4544909179572896
34.589252047842095, -23.485638073201216, -3.4556885227477085
34.586683776081, -21.857952412597168, -3.4568861275381275
34.58411550431992, -20.230512813958264, -3.458083732328547
34.581547232558826, -18.60331927728452, -3.459281337118966
34.578978960797734, -16.976371802575887, -3.4604789419093853
34.57641068903665, -15.349670389832388, -3.4616765466998043
34.57384241727556, -13.723215039054022, -3.4628741514902233
34.571274145514465, -12.097005750240783, -3.4640717562806427
34.56870587375338, -10.471042523392688, -3.465269361071062
34.56613760199229, -8.8453253585097, -3.466466965861481
34.5635693302312, -7.219854255591917, -3.4676645706519005
34.56100105847011, -5.5946292146392205, -3.4688621754423195
34.55843278670903, -3.969650235651661, -3.4700597802327384
34.555864514947935, -2.3449173186292027, -3.471257385023158
34.55329624318684, -0.7204304635719107, -3.472454989813577
34.55072797142576, 0.9038103295202481, -3.473652594603996
34.548159699664666, 2.5278050606472693, -3.474850199394415
34.545591427903574, 4.151553729809159, -3.4760478041848346
34.54302315614249, 5.775056337005914, -3.4772454089752536
34.5404548843814, 7.398312882237517, -3.478443013765673
34.53788661262031, 9.021323365504005, -3.479640618556092
34.53531834085922, 10.644087786805356, -3.480838223346511
34.53275006909813, 12.266606146141573, -3.4820358281369304
34.53018179733704, 13.888878443512658, -3.4832334329273493
34.52761352557595, 15.510904678918607, -3.4844310377177683
34.52504525381486, 17.132684852359414, -3.4856286425081877
34.522476982053774, 18.754218963835058, -3.4868262472986067
34.51990871029268, 20.375507013345604, -3.4880238520890257
34.51734043853159, 21.99654900089101, -3.489221456879445
34.514772166770506, 23.617344926471294, -3.490419061669864
34.51220389500942, 25.237894790086443, -3.4916166664602835
34.50963562324832, 26.858198591736436, -3.492814271250703
34.50706735148724, 28.47825633142129, -3.494011876041122
34.50449907972615, 30.09806800914102, -3.4952094808315413
34.46970238821605, 31.716512099815382, -3.4964070856219602
33.95679778242768, 33.237342983782355, -3.497604690412379
32.7046918343769, 34.22643997674411, -3.4988022952027986
31.11327989875621, 34.49422599268167, -3.4999998999932176
31.11327989875622, 34.494225992681656, -3.4999998999932176
29.489561987339975, 34.49165772092057, -3.5011975047836366
27.866090137888865, 34.48908944915948, -3.502395109574056
26.242864350402893, 34.48652117739839, -3.503592714364475
24.619884624882054, 34.483952905637295, -3.5047903191548944
22.997150961326348, 34.48138463387621, -3.5059879239453133
21.37466335973578, 34.47881636211512, -3.5071855287357327
19.75242182011034, 34.476248090354034, -3.508383133526152
18.130426342450033, 34.47367981859294, -3.5095807383165707
16.508676926754866, 34.47111154683185, -3.51077834310699
14.887173573024834, 34.468543275070765, -3.511975947897409
13.265916281259933, 34.46597500330967, -3.5131735526878285
11.644905051460167, 34.46340673154859, -3.5143711574782475
10.024139883625534, 34.460838459787496, -3.5155687622686664
8.403620777756037, 34.458270188026404, -3.516766367059086
6.783347733851676, 34.45570191626531, -3.517963971849505
5.163320751912446, 34.45313364450423, -3.5191615766399242
3.5435398319383515, 34.450565372743135, -3.520359181430343
1.9240049739293903, 34.44799710098205, -3.5215567862207626
0.30471617788556493, 34.44542882922096, -3.5227543910111816
-1.3143265561931252, 34.442860557459866, -3.5239519958016006
-2.9331232283066844, 34.440292285698774, -3.5251496005920204
-4.55167383845511, 34.43772401393768, -3.526347205382439
-6.169978386638395, 34.4351557421766, -3.5275448101728584
-7.7880368728565506, 34.432587470415505, -3.5287424149632773
-9.405849297109572, 34.43001919865442, -3.5299400197536968
-11.023415659397463, 34.42745092689333, -3.531137624544116
-12.640735959720208, 34.42488265513224, -3.532335229334535
-14.257810198077829, 34.422314383371145, -3.533532834124954
-15.874638374470315, 34.41974611161005, -3.534730438915373
-17.49122048889766, 34.41717783984897, -3.5359280437057925
-19.10755654135987, 34.41460956808788, -3.5371256484962115
-20.723646531856957, 34.41204129632679, -3.538323253286631
-22.339490460388905, 34.4094730245657, -3.53952085807705
-23.955088326955714, 34.40690475280461, -3.540718462867469
-25.57044013155739, 34.40433648104352, -3.5419160676578887
-27.18554587419394, 34.40176820928243, -3.543113672448307
-28.80040555486535, 34.399199937521345, -3.5443112772387266
-30.415019173571622, 34.39663166576025, -3.5455088820291456
-32.022687622116074, 34.29526920804843, -3.546706486819565
-33.45405333186647, 33.59224072280787, -3.5479040916099835
-34.247243460753424, 32.208676132387446, -3.549101696400403
-34.38635857871591, 30.601386142447858, -3.5502993011908215
-34.383790306954815, 28.982866290045088, -3.551496905981241
-34.38122203519372, 27.364592499607422, -3.5526945107716594
-34.37865376343264, 25.746564771134906, -3.5538921155620793
-34.37608549167155, 24.12878310462754, -3.5550897203524983
-34.37351721991046, 22.5112475000853, -3.5562873251429172
-34.37094894814937, 20.893957957508185, -3.557484929933336
-34.36838067638828, 19.27691447689621, -3.5586825347237556
-34.36581240462719, 17.660117058249362, -3.559880139514175
-34.3632441328661, 16.043565701567665, -3.561077744304594
-34.360675861105015, 14.42726040685108, -3.562275349095013
-34.35810758934392, 12.811201174099637, -3.563472953885433
-34.35553931758283, 11.195388003313337, -3.564670558675852
-34.35297104582175, 9.579820894492165, -3.5658681634662703
-34.350402774060655, 7.964499847636125, -3.5670657682566898
-34.34783450229957, 6.349424862745222, -3.568263373047109
-34.34526623053848, 4.734595939819452, -3.5694609778375277
-34.342697958777386, 3.1200130788588263, -3.5706585826279476
-34.3401296870163, 1.5056762798633243, -3.5718561874183665
-34.33756141525521, -0.10841445716705297, -3.5730537922087855
-34.33499314349412, -1.7222591322322645, -3.5742513969992045
-34.33242487173303, -3.3358577453323743, -3.5754490017896234
-34.32985659997194, -4.949210296467336, -3.5766466065800433
-34.32728832821085, -6.562316785637163, -3.5778442113704623
-34.32472005644976, -8.175177212841865, -3.5790418161608812
-34.32215178468867, -9.787791578081414, -3.580239420951301
-34.31958351292758, -11.400159881355847, -3.58143702574172
-34.317015241166494, -13.012282122665134, -3.5826346305321386
-34.31444696940541, -14.624158302009281, -3.583832235322558
-34.31187869764432, -16.235788419388307, -3.5850298401129774
-34.309310425883226, -17.8471724748022, -3.586227444903396
-34.306742154122134, -19.458310468250964, -3.587425049693816
-34.30417388236105, -21.069202399734586, -3.588622654484235
-34.301605610599964, -22.679848269253057, -3.5898202592746538
-34.29903733883887, -24.290248076806414, -3.5910178640650727
-34.29646906707778, -25.90040182239463, -3.5922154688554926
-34.29390079531669, -27.510309506017705, -3.5934130736459116
-34.291332523555596, -29.119971127675655, -3.5946106784363305
-34.28876425179451, -30.729386687368475, -3.5958082832267495
-34.08095956101618, -32.31774856192195, -3.597005888017171
-33.181769545039074, -33.62439961697487, -3.59820349280759
-31.702449506755507, -34.21985388632844, -3.599401097598009
-30.09207603677354, -34.27849116475031, -3.600598702388427
-28.478754243384202, -34.275922892989215, -3.601796307178846
-26.86567851196004, -34.27335462122813, -3.6029939119692656
-25.252848842500974, -34.270786349467045, -3.604191516759685
-23.64026523500705, -34.26821807770595, -3.605389121550104
-22.02792768947828, -34.26564980594486, -3.606586726340523
-20.415836205914612, -34.263081534183776, -3.607784331130942
-18.80399078431612, -34.260513262422684, -3.6089819359213613
-17.192391424682736, -34.25794499066159, -3.6101795407117807
-15.581038127014473, -34.25537671890051, -3.6113771455021997
-13.969930891311371, -34.252808447139415, -3.612574750292619
-12.35906971757339, -34.25024017537832, -3.6137723550830376
-10.74845460580056, -34.24767190361724, -3.614969959873457
-9.13808555599285, -34.245103631856146, -3.6161675646638765
-7.5279625681502695, -34.24253536009506, -3.6173651694542954
-5.918085642272825, -34.23996708833397, -3.618562774244715
-4.308454778360517, -34.23739881657288, -3.6197603790351334
-2.6990699764133423, -34.23483054481179, -3.6209579838255532
-1.08993123643133, -34.232262273050694, -3.622155588615972
0.5189614415855766, -34.2296940012896, -3.623353193406391
2.1276080576373606, -34.22712572952852, -3.624550798196811
3.736008611723998, -34.224557457767425, -3.6257484029872296
5.344163103845499, -34.22198918600634, -3.626946007777649
6.952071534001839, -34.21942091424525, -3.628143612568068
8.559733902193091, -34.216852642484156, -3.6293412173584874
10.167150208419171, -34.214284370723064, -3.630538822148906
11.774320452680136, -34.21171609896198, -3.6317364269393253
13.381244634975968, -34.209147827200894, -3.6329340317297447
14.987922755306666, -34.2065795554398, -3.6341316365201637
16.59435481367223, -34.20401128367871, -3.635329241310583
18.200540810072642, -34.201443011917625, -3.636526846101002
19.806480744507954, -34.19887474015653, -3.6377244508914215
21.412174616978092, -34.19630646839544, -3.6389220556818405
23.01762242748312, -34.19373819663436, -3.6401196604722594
24.622824176023, -34.191169924873265, -3.6413172652626793
26.227779862597735, -34.18860165311218, -3.642514870053098
27.832489487207376, -34.18603338135109, -3.6437124748435172
29.436953049851844, -34.183465109589996, -3.644910079633936
31.041081367825484, -34.17433807906765, -3.6461076844243547
32.59336492493301, -33.8171947801184, -3.647305289214774
33.74299751399288, -32.733543204603876, -3.648502894005193
34.15758522947024, -31.193306910458986, -3.6497004987956125
34.170623750784536, -29.585349581733265, -3.650898103586032
34.168055479023444, -27.977225847357424, -3.6520957083764514
34.16548720726236, -26.3693481749467, -3.6532933131668703
34.16291893550127, -24.761716564501086, -3.6544909179572898
34.160350663740175, -23.15433101602066, -3.6556885227477087
34.15778239197909, -21.547191529505305, -3.656886127538128
34.155214120218, -19.940298104955115, -3.6580837323285476
34.15264584845691, -18.333650742370065, -3.659281337118966
34.15007757669582, -16.727249441750168, -3.6604789419093855
34.14750930493473, -15.121094203095385, -3.6616765466998045
34.14494103317364, -13.51518502640571, -3.662874151490224
34.14237276141255, -11.909521911681239, -3.664071756280643
34.13980448965146, -10.304104858921834, -3.665269361071062
34.137236217890376, -8.69893386812758, -3.6664669658614812
34.134667946129284, -7.094008939298498, -3.6676645706519
34.13209967436819, -5.489330072434518, -3.6688621754423196
34.12953140260711, -3.884897267535673, -3.6700597802327386
34.126963130846015, -2.2807105246019344, -3.671257385023158
34.12439485908493, -0.6767698436334066, -3.672454989813577
34.12182658732384, 0.9269247753700615, -3.6736525946039964
34.119258315562746, 2.5303733324083715, -3.6748501993944154
34.11669004380166, 4.133575827481519, -3.6760478041848343
34.11412177204057, 5.7365322605895575, -3.6772454089752538
34.111553500279484, 7.339242631732457, -3.6784430137656727
34.10898522851839, 8.941706940910201, -3.679640618556092
34.1064169567573, 10.543925188122834, -3.680838223346511
34.10384868499621, 12.145897373370362, -3.68203582813693
34.10128041323512, 13.74762349665273, -3.6832334329273495
34.09871214147403, 15.34910355796994, -3.684431037717769
34.09614386971294, 16.95033755732204, -3.685628642508188
34.093575597951855, 18.551325494709005, -3.686826247298607
34.09100732619076, 20.152067370130805, -3.6880238520890263
34.08843905442968, 21.7525631835875, -3.6892214568794452
34.085870782668586, 23.35281293507909, -3.6904190616698647
34.083302510907494, 24.952816624605482, -3.691616666460284
34.08073423914641, 26.552574252166746, -3.6928142712507026
34.07816596738532, 28.152085817762934, -3.694011876041122
34.075597695624225, 29.75135132139399, -3.695209480831541
34.03358348371425, 31.34879415018601, -3.6964070856219613
33.505177581360265, 32.84262977129337, -3.6976046904123803
32.256648623032206, 33.805004228548945, -3.6988022952027992
30.6843785146543, 34.06532460857975, -3.6999998999932187
30.684378514654306, 34.065324608579736, -3.6999998999932178
29.08120677732677, 34.062756336818644, -3.7011975047836367
27.478281101964377, 34.06018806505756, -3.702395109574056
25.87560148856711, 34.05761979329647, -3.703592714364475
24.273167937134982, 34.05505152153538, -3.7047903191548945
22.670980447667983, 34.05248324977429, -3.7059879239453135
21.069039020166127, 34.049914978013206, -3.707185528735733
19.4673436546294, 34.047346706252114, -3.7083831335261523
17.865894351057804, 34.04477843449102, -3.709580738316571
16.26469110945135, 34.04221016272994, -3.7107783431069903
14.663733929810025, 34.03964189096884, -3.7119759478974093
13.063022812133836, 34.03707361920775, -3.7131735526878287
11.462557756422783, 34.03450534744666, -3.714371157478248
9.86233876267686, 34.03193707568557, -3.7155687622686666
8.262365830896073, 34.029368803924484, -3.716766367059086
6.662638961080421, 34.02680053216339, -3.717963971849505
5.063158153229906, 34.02423226040231, -3.7191615766399244
3.4639234073445184, 34.021663988641215, -3.7203591814303434
1.8649347234242748, 34.01909571688013, -3.721556786220763
0.2661921014691569, 34.01652744511904, -3.7227543910111818
-1.332304458520821, 34.01395917335795, -3.7239519958016007
-2.930554956545665, 34.011390901596855, -3.7251496005920206
-4.528559392605381, 34.00882262983576, -3.7263472053824396
-6.126317766699956, 34.00625435807468, -3.7275448101728585
-7.723830078829396, 34.00368608631358, -3.7287424149632775
-9.321096328993708, 34.0011178145525, -3.729940019753697
-10.91811651719288, 33.99854954279141, -3.7311376245441163
-12.514890643426922, 33.99598127103032, -3.732335229334535
-14.111418707695828, 33.993412999269225, -3.7335328341249543
-15.707700709999594, 33.99084472750814, -3.7347304389153733
-17.303736650338234, 33.98827645574705, -3.7359280437057927
-18.899526528711736, 33.98570818398596, -3.737125648496212
-20.495070345120105, 33.98313991222487, -3.738323253286631
-22.090368099563342, 33.98057164046378, -3.73952085807705
-23.685419792041444, 33.97800336870269, -3.740718462867469
-25.2802254225544, 33.9754350969416, -3.741916067657889
-26.874784991102228, 33.97286682518051, -3.743113672448308
-28.46909849768493, 33.970298553419426, -3.744311277238727
-30.063165942302494, 33.96773028165833, -3.745508882029146
-31.64895888666969, 33.85418371781064, -3.7467064868195665
-33.05177735466222, 33.13917515868781, -3.747904091609986
-33.82230987180916, 31.764895467366593, -3.749101696400405
-33.957457194613994, 30.177621301867994, -3.7502993011908217
-33.9548889228529, 28.579647623553928, -3.7514969059812415
-33.95232065109181, 26.981920007204984, -3.7526945107716596
-33.949752379330725, 25.38443845282119, -3.753892115562079
-33.94718410756963, 23.787202960402535, -3.7550897203524984
-33.94461583580854, 22.190213529949006, -3.7562873251429174
-33.942047564047456, 20.59347016146061, -3.7574849299333364
-33.939479292286364, 18.99697285493735, -3.758682534723756
-33.93691102052528, 17.400721610379218, -3.759880139514175
-33.93434274876419, 15.804716427786232, -3.761077744304594
-33.931774477003096, 14.208957307158368, -3.762275349095013
-33.92920620524201, 12.613444248495632, -3.763472953885433
-33.92663793348092, 11.018177251798043, -3.7646705586758515
-33.92406966171983, 9.42315631706559, -3.765868163466271
-33.92150138995874, 7.828381444298263, -3.76706576825669
-33.91893311819766, 6.233852633496078, -3.768263373047109
-33.91636484643656, 4.639569884659023, -3.769460977837528
-33.91379657467547, 3.045533197787103, -3.7706585826279473
-33.91122830291439, 1.4517425728803215, -3.7718561874183667
-33.90866003115329, -0.14180199006133612, -3.7730537922087857
-33.906091759392204, -1.7351004910378458, -3.7742513969992046
-33.90352348763111, -3.3281529300492245, -3.775449001789624
-33.90095521587003, -4.92095930709547, -3.7766466065800435
-33.898386944108935, -6.513519622176576, -3.7778442113704624
-33.89581867234784, -8.105833875292559, -3.7790418161608814
-33.89325040058676, -9.697902066443397, -3.780239420951301
-33.89068212882567, -11.289724195629121, -3.78143702574172
-33.888113857064575, -12.881300262849692, -3.782634630532139
-33.88554558530349, -14.47263026810512, -3.783832235322558
-33.8829773135424, -16.063714211395435, -3.785029840112977
-33.880409041781306, -17.654552092720607, -3.786227444903396
-33.87784077002022, -19.24514391208065, -3.787425049693816
-33.875272498259136, -20.83548966947555, -3.788622654484235
-33.872704226498044, -22.425589364905314, -3.789820259274654
-33.87013595473695, -24.01544299836995, -3.791017864065073
-33.86756768297587, -25.605050569869455, -3.7922154688554928
-33.864999411214775, -27.19441207940382, -3.7934130736459117
-33.86243113945368, -28.783527526973046, -3.7946106784363307
-33.8598628676926, -30.372396912577145, -3.7958082832267497
-33.63598974853952, -31.937596153269983, -3.7970058880171713
-32.72816555172952, -33.21392668791208, -3.7982034928075903
-31.2633881820677, -33.79247300369438, -3.7994010975980093
-29.67344773971591, -33.8495897806484, -3.8005987023884273
-28.080672120415297, -33.84702150888731, -3.8017963071788468
-26.488142563079847, -33.84445323712622, -3.802993911969266
-24.895859067709505, -33.84188496536513, -3.804191516759685
-23.303821634304292, -33.83931669360404, -3.805389121550104
-21.712030262864246, -33.836748421842955, -3.806586726340523
-20.120484953389308, -33.83418015008186, -3.807784331130942
-18.529185705879513, -33.83161187832077, -3.808981935921362
-16.938132520334843, -33.82904360655969, -3.810179540711781
-15.34732539675532, -33.826475334798594, -3.8113771455022
-13.756764335140932, -33.82390706303751, -3.812574750292619
-12.166449335491663, -33.82133879127642, -3.813772355083038
-10.57638039780754, -33.818770519515326, -3.8149699598734577
-8.986557522088557, -33.81620224775424, -3.8161675646638766
-7.396980708334704, -33.81363397599315, -3.8173651694542956
-5.807649956545971, -33.811065704232064, -3.8185627742447146
-4.21856526672239, -33.80849743247097, -3.8197603790351344
-2.629726638863926, -33.80592916070988, -3.8209579838255534
-1.0411340729706247, -33.80336088894878, -3.8221555886159724
0.5472124309575543, -33.800792617187696, -3.8233531934063913
2.135312872920618, -33.798224345426604, -3.8245507981968103
3.723167252918545, -33.79565607366551, -3.82574840298723
5.3107755709513365, -33.79308780190443, -3.826946007777649
6.898137827018949, -33.790519530143335, -3.828143612568068
8.485254021121484, -33.78795125838225, -3.829341217358487
10.072124153258864, -33.78538298662116, -3.830538822148906
11.6587482234311, -33.782814714860066, -3.831736426939326
13.245126231638203, -33.78024644309898, -3.832934031729745
14.83125817788019, -33.77767817133789, -3.834131636520164
16.41714406215703, -33.775109899576805, -3.835329241310583
18.00278388446874, -33.77254162781571, -3.8365268461010027
19.58817764481533, -33.76997335605462, -3.8377244508914217
21.17332534319675, -33.767405084293536, -3.8389220556818406
22.75822697961305, -33.764836812532444, -3.8401196604722596
24.342882554064232, -33.76226854077136, -3.8413172652626786
25.927292066550272, -33.75970026901027, -3.8425148700530984
27.511455517071152, -33.757131997249175, -3.8437124748435174
29.095372905626924, -33.75456372548809, -3.8449100796339364
30.67891742209781, -33.74339120398683, -3.8461076844243562
32.205943578067995, -33.367884649396565, -3.847305289214775
33.32638451150081, -32.28211922459887, -3.848502894005194
33.72912128616239, -30.759287643503164, -3.849700498795613
33.74172236668262, -29.17185782819796, -3.850898103586032
33.73915409492153, -27.584280267910795, -3.852095708376451
33.736585823160446, -25.996948769588798, -3.853293313166871
33.734017551399354, -24.40986333323195, -3.85449091795729
33.73144927963827, -22.82302395884019, -3.855688522747709
33.72888100787718, -21.236430646413588, -3.856886127538128
33.726312736116085, -19.650083395952123, -3.858083732328547
33.723744464355, -18.063982207455776, -3.8592813371189667
33.72117619259391, -16.478127080924594, -3.8604789419093857
33.718607920832824, -14.892518016358535, -3.8616765466998046
33.71603964907173, -13.307155013757562, -3.8628741514902236
33.71347137731064, -11.722038073121787, -3.8640717562806435
33.710903105549555, -10.137167194451106, -3.8652693610710624
33.70833483378846, -8.552542377745587, -3.8664669658614814
33.70576656202738, -6.9681636230052035, -3.8676645706519004
33.703198290266286, -5.38403093022993, -3.8688621754423194
33.700630018505194, -3.8001442994198142, -3.870059780232739
33.69806174674411, -2.21650373057483, -3.871257385023158
33.69549347498302, -0.6331092236949427, -3.872454989813577
33.692925203221925, 0.950039221219774, -3.873652594603996
33.69035693146084, 2.5329416041693533, -3.874850199394415
33.68778865969975, 4.115597925153817, -3.876047804184835
33.685220387938664, 5.698008184173124, -3.877245408975254
33.68265211617757, 7.280172381227297, -3.878443013765673
33.68008384441648, 8.862090516316359, -3.879640618556092
33.677515572655395, 10.443762589440267, -3.8808382233465117
33.6749473008943, 12.02518860059904, -3.8820358281369307
33.67237902913322, 13.60636854979273, -3.8832334329273497
33.669810757372126, 15.187302437021234, -3.8844310377177687
33.667242485611034, 16.767990262284602, -3.8856286425081876
33.66467421384995, 18.348432025582863, -3.8868262472986075
33.66210594208886, 19.928627726915963, -3.8880238520890265
33.65953767032777, 21.508577366283955, -3.8892214568794454
33.65696939856668, 23.088280943686787, -3.8904190616698644
33.654401126805595, 24.667738459124486, -3.8916166664602834
33.6518328550445, 26.24694991259711, -3.8928142712507032
33.64926458328341, 27.825915304104548, -3.894011876041122
33.64669631152233, 29.40463463364684, -3.895209480831541
33.59559267435353, 30.98085635383411, -3.89640708562196
33.05172691497903, 32.44668005475742, -3.89760469041238
31.80860541168756, 33.383568480353745, -3.898802295202799
30.25547713055239, 33.63642322447783, -3.899999899993218
30.255477130552393, 33.63642322447782, -3.899999899993218
28.672851567313575, 33.633854952716725, -3.901197504783637
27.090472066039897, 33.63128668095564, -3.9023951095740563
25.508338626731348, 33.62871840919455, -3.9035927143644753
23.92645124938794, 33.626150137433456, -3.9047903191548947
22.34480993400966, 33.62358186567237, -3.9059879239453137
20.76341468059652, 33.621013593911286, -3.907185528735733
19.182265489148506, 33.61844532215019, -3.9083831335261516
17.601362359665632, 33.6158770503891, -3.909580738316571
16.020705292147895, 33.61330877862801, -3.9107783431069905
14.44029428659529, 33.610740506866925, -3.9119759478974094
12.860129343007817, 33.60817223510584, -3.9131735526878293
11.280210461385478, 33.60560396334474, -3.914371157478248
9.700537641728278, 33.603035691583656, -3.915568762268667
8.12111088403621, 33.600467419822564, -3.916766367059086
6.541930188309276, 33.59789914806147, -3.917963971849505
4.962995554547473, 33.59533087630039, -3.919161576639925
3.3843069827508065, 33.592762604539296, -3.9203591814303436
1.805864472919275, 33.59019433277821, -3.921556786220763
0.2276680250528833, 33.58762606101712, -3.922754391011182
-1.3502823608483798, 33.58505778925603, -3.923951995801601
-2.9279866847845115, 33.582489517494935, -3.92514960059202
-4.505444946755507, 33.57992124573384, -3.9263472053824393
-6.082657146761368, 33.57735297397276, -3.9275448101728587
-7.659623284802092, 33.574784702211666, -3.9287424149632777
-9.236343360877678, 33.572216430450574, -3.9299400197536976
-10.812817374988136, 33.56964815868949, -3.931137624544116
-12.389045327133458, 33.5670798869284, -3.932335229334535
-13.965027217313647, 33.564511615167305, -3.9335328341249545
-15.540763045528701, 33.56194334340622, -3.9347304389153734
-17.116252811778615, 33.55937507164513, -3.9359280437057933
-18.691496516063406, 33.55680679988404, -3.937125648496212
-20.266494158383058, 33.55423852812295, -3.9383232532866312
-21.84124573873757, 33.55167025636186, -3.93952085807705
-23.415751257126956, 33.549101984600775, -3.940718462867469
-24.9900107135512, 33.54653371283968, -3.9419160676578886
-26.56402410801032, 33.54396544107859, -3.9431136724483076
-28.137791440504294, 33.541397169317506, -3.944311277238727
-29.711312711033134, 33.538828897556414, -3.945508882029146
-31.275230151223063, 33.413098227572895, -3.9467064868195663
-32.649477975405475, 32.686086192515624, -3.9479040916099852
-33.396731425744264, 31.32094699726788, -3.949101696400404
-33.528555810512074, 29.753856461288382, -3.950299301190822
-33.52598753875098, 28.176428957063045, -3.9514969059812413
-33.52341926698989, 26.59924751480281, -3.95269451077166
-33.5208509952288, 25.022312134507743, -3.9538921155620796
-33.51828272346772, 23.44562281617778, -3.9550897203524986
-33.51571445170663, 21.869179559812977, -3.9562873251429176
-33.51314617994554, 20.292982365413287, -3.9574849299333366
-33.510577908184445, 18.717031232978744, -3.958682534723756
-33.50800963642336, 17.141326162509337, -3.9598801395141754
-33.50544136466226, 15.565867154005051, -3.9610777443045944
-33.502873092901176, 13.99065420746591, -3.9622753490950133
-33.50030482114009, 12.415687322891886, -3.9634729538854327
-33.497736549379, 10.840966500283022, -3.964670558675852
-33.49516827761791, 9.266491739639285, -3.965868163466271
-33.49260000585682, 7.692263040960679, -3.96706576825669
-33.49003173409573, 6.118280404247201, -3.968263373047109
-33.48746346233464, 4.544543829498866, -3.969460977837528
-33.48489519057355, 2.971053316715666, -3.970658582627948
-33.48232691881246, 1.3978088658976027, -3.971856187418367
-33.479758647051376, -0.17518952295533974, -3.973053792208786
-33.477190375290284, -1.7479418498431412, -3.974251396999205
-33.47462210352919, -3.320448114765804, -3.9754490017896242
-33.47205383176811, -4.8927083177233435, -3.9766466065800437
-33.469485560007016, -6.464722458715739, -3.9778442113704626
-33.466917288245924, -8.036490537742992, -3.979041816160882
-33.46434901648484, -9.608012554805123, -3.980239420951301
-33.461780744723754, -11.179288509902122, -3.98143702574172
-33.459212472962655, -12.75031840303398, -3.9826346305321394
-33.45664420120157, -14.321102234200698, -3.9838322353225584
-33.45407592944048, -15.891640003402287, -3.985029840112978
-33.451507657679386, -17.46193171063876, -3.9862274449033963
-33.4489393859183, -19.03197735591008, -3.987425049693816
-33.446371114157216, -20.601776939216272, -3.988622654484235
-33.443802842396124, -22.17133046055732, -3.989820259274654
-33.44123457063503, -23.74063791993323, -3.991017864065073
-33.43866629887395, -25.309699317344027, -3.992215468855493
-33.436098027112855, -26.87851465278967, -3.993413073645912
-33.43352975535176, -28.44708392627019, -3.994610678436331
-33.43092430097033, -30.01540663219497, -3.9958082832267507
-33.18905470936195, -31.556766571086115, -3.997005888017171
-32.27456155842017, -32.803453758849145, -3.9982034928075896
-30.82432685738012, -33.365092121060286, -3.9994010975980085
-29.25481944265851, -33.42068839654648, -4.0005987023884275
-27.68258999744663, -33.4181201247854, -4.0017963071788465
-26.11060661419988, -33.41555185302431, -4.002993911969266
-24.538869292918257, -33.41298358126322, -4.004191516759684
-22.96737803360175, -33.41041530950213, -4.005389121550104
-21.396132836250406, -33.407847037741035, -4.006586726340524
-19.825133700864196, -33.40527876597995, -4.007784331130942
-18.25438062744311, -33.402710494218866, -4.008981935921362
-16.683873615987142, -33.400142222457774, -4.01017954071178
-15.113612666496334, -33.39757395069668, -4.0113771455022
-13.543597778970662, -33.39500567893559, -4.012574750292619
-11.973828953410111, -33.392437407174505, -4.013772355083038
-10.404306189814697, -33.38986913541341, -4.014969959873458
-8.835029488184427, -33.38730086365233, -4.016167564663877
-7.265998848519289, -33.384732591891236, -4.017365169454296
-5.697214270819275, -33.382164320130144, -4.018562774244715
-4.128675755084409, -33.37959604836906, -4.019760379035135
-2.5603833013146655, -33.37702777660797, -4.020957983825554
-0.9923369095100496, -33.37445950484687, -4.0221555886159726
0.5754634203294156, -33.37189123308578, -4.0233531934063915
2.1430176882037575, -33.36932296132469, -4.0245507981968105
3.710325894112982, -33.36675468956361, -4.02574840298723
5.277388038057054, -33.364186417802514, -4.026946007777649
6.844204120035972, -33.36161814604142, -4.028143612568068
8.410774140049776, -33.35904987428034, -4.029341217358487
9.977098098098445, -33.356481602519246, -4.030538822148906
11.543175994181965, -33.35391333075816, -4.031736426939326
13.109007828300358, -33.35134505899707, -4.032934031729745
14.674593600453628, -33.34877678723598, -4.034131636520164
16.23993331064177, -33.346208515474885, -4.035329241310583
17.80502695886477, -33.3436402437138, -4.036526846101003
19.369874545122627, -33.341071971952715, -4.037724450891421
20.934476069415346, -33.33850370019162, -4.038922055681841
22.49883153174293, -33.33593542843053, -4.040119660472261
24.06294093210539, -33.33336715666944, -4.041317265262679
25.626804270502717, -33.330798884908354, -4.042514870053099
27.19042154693491, -33.32823061314727, -4.043712474843518
28.753792761401968, -33.32566234138618, -4.044910079633937
30.316602458094533, -33.30976141383971, -4.046107684424356
31.818522231202955, -32.91857451867476, -4.047305289214775
32.90896993866758, -31.830255000730332, -4.048502894005194
33.30065734285455, -30.325268376547335, -4.049700498795613
33.31282098258072, -28.75836607466263, -4.050898103586032
33.310252710819626, -27.191334688464195, -4.052095708376451
33.307684439058534, -25.624549364230905, -4.053293313166871
33.30511616729745, -24.058010101962758, -4.05449091795729
33.30254789553636, -22.49171690165972, -4.055688522747709
33.299979623775265, -20.925669763321842, -4.056886127538128
33.29741135201418, -19.35986868694909, -4.058083732328547
33.29484308025309, -17.794313672541467, -4.059281337118967
33.292274808491996, -16.22900472009896, -4.060478941909386
33.28970653673091, -14.663941829621612, -4.061676546699805
33.28713826496982, -13.099125001109385, -4.062874151490224
33.284569993208734, -11.534554234562304, -4.064071756280644
33.28200172144764, -9.970229529980354, -4.065269361071063
33.27943344968655, -8.406150887363541, -4.066466965861482
33.276865177925465, -6.842318306711864, -4.067664570651901
33.27429690616437, -5.278731788025316, -4.0688621754423195
33.27172863440329, -3.7153913313039078, -4.070059780232739
33.2691603626422, -2.1522969365476086, -4.071257385023158
33.266592090881105, -0.5894486037564598, -4.072454989813577
33.26402381912002, 0.9731536670695712, -4.073652594603996
33.26145554735893, 2.535509875930444, -4.074850199394415
33.25888727559784, 4.09762002282621, -4.076047804184835
33.25631900383675, 5.659484107756814, -4.077245408975254
33.25375073207566, 7.221102130722284, -4.078443013765673
33.25118246031457, 8.782474091722623, -4.079640618556092
33.24861418855348, 10.343599990757824, -4.080838223346512
33.24604591679239, 11.904479827827892, -4.082035828136931
33.243477645031305, 13.46511360293283, -4.08323343292735
33.24090937327021, 15.025501316072628, -4.084431037717769
33.23834110150912, 16.585642967247292, -4.085628642508188
33.235772829748036, 18.145538556456824, -4.086826247298608
33.233204557986944, 19.70518808370125, -4.088023852089027
33.23063628622586, 21.264591548980512, -4.089221456879446
33.22806801446477, 22.82374895229464, -4.090419061669865
33.225499742703676, 24.38266029364363, -4.0916166664602835
33.22293147094259, 25.941325573027495, -4.092814271250703
33.2203631991815, 27.499744790446215, -4.094011876041122
33.21779492742041, 29.05791794589981, -4.095209480831541
33.15756828144459, 30.612914613247025, -4.09640708562196
32.59825425749173, 32.05071548293221, -4.09760469041238
31.360562200342873, 32.96213273215857, -4.098802295202799
29.82657574645048, 33.207521840375904, -4.099999899993218
29.82657574645048, 33.2075218403759, -4.099999899993218
28.26449635730038, 33.204953568614805, -4.101197504783637
26.70266303011542, 33.20238529685371, -4.102395109574057
25.141075764895586, 33.19981702509263, -4.103592714364475
23.579734561640894, 33.19724875333154, -4.104790319154895
22.018639420351334, 33.194680481570444, -4.105987923945314
20.457790341026904, 33.19211220980936, -4.107185528735733
18.897187323667616, 33.189543938048274, -4.108383133526152
17.33683036827345, 33.18697566628718, -4.109580738316572
15.77671947484443, 33.18440739452609, -4.110778343106991
14.216854643380536, 33.181839122765, -4.11197594789741
12.657235873881781, 33.17927085100391, -4.1131735526878295
11.09786316634816, 33.17670257924282, -4.1143711574782476
9.538736520779674, 33.17413430748173, -4.115568762268667
7.979855937176321, 33.171566035720645, -4.116766367059086
6.4212214155381, 33.16899776395955, -4.117963971849505
4.8628329558650165, 33.16642949219847, -4.119161576639925
3.304690558157067, 33.163861220437376, -4.120359181430344
1.746794222414252, 33.16129294867629, -4.121556786220763
0.18914394863656814, 33.1587246769152, -4.122754391011182
-1.3682602631759786, 33.15615640515411, -4.123951995801601
-2.9254184130233907, 33.153588133393015, -4.12514960059202
-4.482330500905673, 33.15101986163192, -4.12634720538244
-6.038996526822819, 33.14845158987084, -4.127544810172859
-7.5954164907748245, 33.145883318109746, -4.128742414963278
-9.151590392761698, 33.14331504634866, -4.129940019753698
-10.70751823278344, 33.14074677458757, -4.131137624544117
-12.263200010840054, 33.13817850282648, -4.132335229334536
-13.818635726931522, 33.13561023106539, -4.133532834124955
-15.373825381057863, 33.1330419593043, -4.134730438915374
-16.92876897321907, 33.130473687543216, -4.1359280437057935
-18.483466503415137, 33.127905415782124, -4.1371256484962124
-20.037917971646078, 33.12533714402103, -4.138323253286631
-21.592123377911875, 33.12276887225994, -4.13952085807705
-23.146082722212544, 33.12020060049885, -4.140718462867469
-24.699796004548073, 33.11763232873776, -4.141916067657888
-26.253263224918474, 33.11506405697667, -4.143113672448308
-27.80648438332375, 33.112495785215586, -4.144311277238727
-29.359459479763874, 33.109927513454494, -4.145508882029146
-30.901392006038133, 32.971592287312674, -4.146706486819565
-32.24653818126479, 32.23235681145935, -4.147904091609984
-32.97115297967938, 30.87699852716906, -4.149101696400402
-33.099654426410154, 29.330091620708682, -4.150299301190822
-33.09708615464906, 27.773210290572045, -4.151496905981242
-33.09451788288797, 26.21657502240053, -4.15269451077166
-33.091949611126886, 24.66018581619417, -4.15389211556208
-33.0893813393658, 23.104042671952918, -4.155089720352499
-33.08681306760471, 21.54814558967682, -4.156287325142918
-33.08424479584362, 19.992494569365864, -4.157484929933337
-33.081676524082525, 18.43708961102003, -4.158682534723756
-33.07910825232143, 16.88193071463934, -4.159880139514176
-33.07653998056034, 15.327017880223764, -4.1610777443045945
-33.073971708799256, 13.77235110777334, -4.1622753490950135
-33.07140343703817, 12.217930397288038, -4.163472953885433
-33.06883516527708, 10.663755748767876, -4.164670558675852
-33.06626689351599, 9.109827162212856, -4.165868163466271
-33.0636986217549, 7.5561446376229675, -4.16706576825669
-33.06113034999381, 6.002708174998197, -4.168263373047109
-33.05856207823272, 4.449517774338577, -4.169460977837528
-33.05599380647163, 2.896573435644096, -4.170658582627948
-33.05342553471055, 1.3438751589147295, -4.171856187418367
-33.05085726294946, -0.20857705584948882, -4.173053792208786
-33.048288991188365, -1.7607832086485673, -4.174251396999205
-33.04572071942727, -3.3127432994825314, -4.175449001789625
-33.04315244766619, -4.864457328351348, -4.176646606580043
-33.040584175905096, -6.415925295255029, -4.177844211370463
-33.038015904144004, -7.967147200193569, -4.179041816160882
-33.03544763238292, -9.518123043166995, -4.180239420951301
-33.03287936062183, -11.068852824175275, -4.181437025741721
-33.030311088860735, -12.619336543218413, -4.182634630532139
-33.02774281709965, -14.169574200296424, -4.1838322353225585
-33.02517454533856, -15.719565795409306, -4.1850298401129775
-33.022606273577466, -17.269311328557052, -4.1862274449033965
-33.02003800181638, -18.818810799739666, -4.187425049693816
-33.017469730055296, -20.368064208957158, -4.188622654484235
-33.014901458294204, -21.917071556209493, -4.189820259274654
-33.01233318653311, -23.465832841496695, -4.191017864065073
-33.00976491477202, -25.01434806481877, -4.192215468855493
-33.007196643010936, -26.562617226175696, -4.193413073645912
-33.004628371249844, -28.11064032556751, -4.194610678436331
-33.00104582240351, -29.658403571364055, -4.195808283226752
-32.741489235493184, -31.175719755091123, -4.197005888017172
-31.82095756511066, -32.39298082978631, -4.19820349280759
-30.385265532692344, -32.93771123842622, -4.199401097598009
-28.836191145600914, -32.991787012444576, -4.200598702388428
-27.28450787447774, -32.989218740683484, -4.201796307178848
-25.733070665319687, -32.9866504689224, -4.2029939119692665
-24.1818795181268, -32.98408219716131, -4.2041915167596855
-22.630934432899, -32.98151392540022, -4.2053891215501045
-21.080235409636366, -32.97894565363913, -4.206586726340523
-19.529782448338878, -32.97637738187804, -4.207784331130943
-17.979575549006498, -32.97380911011695, -4.208981935921361
-16.429614711639243, -32.97124083835587, -4.210179540711781
-14.879899936237154, -32.968672566594776, -4.2113771455022
-13.330431222800172, -32.966104294833684, -4.212574750292619
-11.781208571328344, -32.96353602307259, -4.213772355083038
-10.232231981821657, -32.96096775131151, -4.214969959873457
-8.683501454280073, -32.958399479550415, -4.216167564663877
-7.135016988703644, -32.95583120778933, -4.217365169454296
-5.586778585092351, -32.95326293602824, -4.218562774244715
-4.038786243446194, -32.95069466426715, -4.219760379035135
-2.491039963765168, -32.94812639250606, -4.220957983825554
-0.9435397460492587, -32.94555812074496, -4.222155588615973
0.6037144097015021, -32.94298984898387, -4.223353193406392
2.150722503487124, -32.940421577222786, -4.224550798196811
3.697484535307621, -32.937853305461694, -4.2257484029872305
5.244000505162973, -32.93528503370061, -4.2269460077776495
6.790270413053196, -32.93271676193952, -4.2281436125680685
8.336294258978306, -32.930148490178425, -4.2293412173584874
9.882072042938246, -32.92758021841733, -4.230538822148907
11.427603764933068, -32.925011946656255, -4.231736426939326
12.972889424962778, -32.92244367489516, -4.232934031729745
14.517929023027317, -32.91987540313407, -4.234131636520164
16.06272255912674, -32.91730713137298, -4.235329241310584
17.607270033261038, -32.914738859611894, -4.236526846101003
19.15157144543017, -32.9121705878508, -4.237724450891422
20.695626795634205, -32.90960231608971, -4.238922055681841
22.23943608387308, -32.907034044328626, -4.24011966047226
23.782999310146806, -32.904465772567534, -4.241317265262679
25.32631647445544, -32.90189750080645, -4.242514870053098
26.869387576798925, -32.89932922904536, -4.243712474843518
28.412212617177243, -32.89676095728427, -4.244910079633937
29.954233551094372, -32.8751732994149, -4.246107684424356
31.430940206980154, -32.468971835994026, -4.247305289214776
32.49140674713237, -31.378309151496662, -4.2485028940051945
32.87219339954672, -29.89124910959134, -4.2497004987956135
32.883919598478805, -28.344874321127143, -4.2508981035860325
32.88135132671771, -26.798389109017435, -4.2520957083764515
32.87878305495662, -25.252149958872863, -4.253293313166871
32.876214783195536, -23.706156870693423, -4.25449091795729
32.873646511434444, -22.160409844479112, -4.255688522747709
32.87107823967335, -20.614908880229915, -4.256886127538128
32.86850996791227, -19.069653977945926, -4.258083732328547
32.865941696151175, -17.524645137626997, -4.259281337118967
32.86337342439008, -15.979882359273223, -4.260478941909386
32.860805152629, -14.43536564288459, -4.261676546699805
32.858236880867906, -12.891094988461067, -4.262874151490225
32.85566860910682, -11.3470703960027, -4.264071756280644
32.85310033734573, -9.803291865509491, -4.265269361071063
32.850532065584645, -8.259759396981392, -4.266466965861482
32.84796379382355, -6.7164729904184295, -4.267664570651901
32.84539552206246, -5.1734326458206, -4.26886217544232
32.84282725030137, -3.63063836318788, -4.27005978023274
32.840258978540284, -2.0880901425203158, -4.2712573850231585
32.83769070677919, -0.5457879838179155, -4.2724549898135775
32.83512243501811, 0.9962681129193807, -4.2736525946039965
32.832554163257015, 2.5380781476915395, -4.2748501993944155
32.82998589149592, 4.0796421204985975, -4.276047804184834
32.82741761973484, 5.620960031340495, -4.277245408975254
32.824849347973746, 7.162031880217252, -4.278443013765673
32.82228107621266, 8.702857667128848, -4.279640618556092
32.81971280445157, 10.243437392075345, -4.280838223346512
32.81714453269048, 11.78377105505671, -4.282035828136931
32.81457626092939, 13.323858656072964, -4.28323343292735
32.8120079891683, 14.863700195124057, -4.284431037717769
32.80943971740721, 16.40329567221001, -4.285628642508188
32.806871445646124, 17.9426450873308, -4.286826247298608
32.80430317388503, 19.481748440486477, -4.288023852089027
32.80173490212394, 21.020605731677048, -4.289221456879446
32.799166630362855, 22.55921696090246, -4.290419061669865
32.79659835860176, 24.097582128162745, -4.291616666460284
32.79403008684068, 25.635701233457898, -4.292814271250703
32.791461815079586, 27.173574276787885, -4.2940118760411226
32.7888935433185, 28.71120125815276, -4.2952094808315415
32.71954388853565, 30.24497287266004, -4.2964070856219605
32.14478160000438, 31.65475091110707, -4.2976046904123795
30.912518988998222, 32.540696983963365, -4.298802295202799
29.397674362348567, 32.77862045627399, -4.299999899993218
29.397674362348575, 32.77862045627398, -4.299999899993218
27.856141147287186, 32.776052184512885, -4.301197504783637
26.314853994190937, 32.7734839127518, -4.302395109574056
24.77381290305982, 32.77091564099071, -4.303592714364475
23.233017873893832, 32.76834736922962, -4.304790319154895
21.69246890669298, 32.76577909746853, -4.305987923945314
20.152166001457267, 32.76321082570744, -4.307185528735733
18.612109158186684, 32.76064255394635, -4.308383133526152
17.072298376881236, 32.75807428218526, -4.309580738316571
15.532733657540923, 32.75550601042418, -4.310778343106991
13.993415000165742, 32.752937738663086, -4.31197594789741
12.4543424047557, 32.750369466901994, -4.313173552687829
10.915515871310792, 32.7478011951409, -4.314371157478249
9.376935399831014, 32.74523292337982, -4.315568762268668
7.8386009903163725, 32.742664651618725, -4.316766367059087
6.300512642766863, 32.74009637985763, -4.3179639718495055
4.7626703571824915, 32.73752810809655, -4.319161576639925
3.2250741335632505, 32.734959836335456, -4.320359181430344
1.6877239719091506, 32.73239156457437, -4.321556786220763
0.15061987222018114, 32.72982329281328, -4.322754391011182
-1.3862381655036562, 32.72725502105219, -4.323951995801601
-2.922850141262354, 32.724686749291095, -4.32514960059202
-4.459216055055926, 32.72211847753, -4.32634720538244
-5.995335906884358, 32.71955020576892, -4.327544810172859
-7.53120969674765, 32.716981934007826, -4.328742414963278
-9.06683742464582, 32.714413662246734, -4.329940019753698
-10.60221909057885, 32.71184539048564, -4.331137624544117
-12.13735469454675, 32.70927711872456, -4.332335229334536
-13.672244236549504, 32.706708846963465, -4.333532834124955
-15.206887716587135, 32.70414057520238, -4.334730438915374
-16.741285134659627, 32.70157230344129, -4.335928043705794
-18.275436490766978, 32.6990040316802, -4.337125648496213
-19.80934178490921, 32.69643575991911, -4.338323253286632
-21.34300101708629, 32.69386748815802, -4.339520858077051
-22.876414187298256, 32.69129921639693, -4.3407184628674695
-24.409581295545074, 32.68873094463584, -4.3419160676578885
-25.942502341826756, 32.68616267287476, -4.3431136724483075
-27.475177326143317, 32.683594401113666, -4.344311277238727
-29.007606248494728, 32.681026129352574, -4.345508882029146
-30.527056830772228, 32.52817631315757, -4.3467064868195635
-31.841800977181, 31.776830020459762, -4.3479040916099825
-32.54557453361454, 30.433050057070098, -4.3491016964004015
-32.670753042308235, 28.906326780128822, -4.350299301190822
-32.66818477054714, 27.36999162408089, -4.351496905981241
-32.66561649878605, 25.833902529998095, -4.35269451077166
-32.66304822702496, 24.298059497880452, -4.35389211556208
-32.66047995526388, 22.762462527727926, -4.355089720352499
-32.65791168350279, 21.22711161954054, -4.356287325142918
-32.6553434117417, 19.692006773318298, -4.357484929933337
-32.652775139980605, 18.157147989061173, -4.358682534723757
-32.65020686821952, 16.62253526676919, -4.359880139514176
-32.64763859645842, 15.08816860644234, -4.361077744304595
-32.64507032469734, 13.554048008080624, -4.362275349095015
-32.64250205293625, 12.020173471684046, -4.3634729538854335
-32.63993378117516, 10.486544997252583, -4.3646705586758525
-32.63736550941407, 8.953162584786279, -4.365868163466271
-32.634797237652975, 7.420026234285098, -4.3670657682566905
-32.63222896589189, 5.887135945749042, -4.368263373047109
-32.629660694130806, 4.354491719178133, -4.369460977837528
-32.627092422369714, 2.822093554572368, -4.370658582627948
-32.62452415060862, 1.2899414519317127, -4.371856187418367
-32.62195587884753, -0.2419645887437935, -4.373053792208786
-32.619387607086445, -1.7736245674541582, -4.374251396999205
-32.61681933532536, -3.3050384841994065, -4.375449001789625
-32.61425106356427, -4.836206338979505, -4.376646606580044
-32.611682791803176, -6.367128131794475, -4.377844211370463
-32.609114520042084, -7.897803862644304, -4.379041816160882
-32.606546248281, -9.428233531529012, -4.380239420951302
-32.603977976519914, -10.958417138448581, -4.381437025741721
-32.60140970475882, -12.488354683403008, -4.38263463053214
-32.59884143299773, -14.018046166392306, -4.383832235322559
-32.59627316123664, -15.547491587416484, -4.385029840112978
-32.593704889475546, -17.076690946475505, -4.386227444903397
-32.59113661771446, -18.6056442435694, -4.3874250496938165
-32.58856834595338, -20.13435147869818, -4.3886226544842355
-32.586000074192285, -21.662812651861802, -4.3898202592746545
-32.58343180243119, -23.19102776306029, -4.391017864065073
-32.58086353067011, -24.718996812293653, -4.392215468855493
-32.578295258909016, -26.24671979956187, -4.393413073645912
-32.575726987147924, -27.774196724864964, -4.394610678436331
-32.57018916396406, -29.30138720973492, -4.395808283226752
-32.29392376162437, -30.794672939096262, -4.397005888017171
-31.367353571801054, -31.98250790072356, -4.398203492807591
-29.946204208004467, -32.51033035579217, -4.399401097598009
-28.417562848543188, -32.56288562834267, -4.400598702388428
-26.88642575150873, -32.56031735658158, -4.401796307178847
-25.355534716439394, -32.557749084820486, -4.402993911969267
-23.824889743335213, -32.5551808130594, -4.404191516759685
-22.294490832196153, -32.55261254129831, -4.405389121550105
-20.76433798302223, -32.550044269537224, -4.406586726340524
-19.234431195813453, -32.54747599777613, -4.407784331130943
-17.704770470569784, -32.54490772601504, -4.4089819359213624
-16.175355807291268, -32.542339454253955, -4.410179540711781
-14.646187205977888, -32.53977118249286, -4.4113771455022
-13.117264666629623, -32.53720291073178, -4.412574750292619
-11.588588189246504, -32.53463463897069, -4.413772355083038
-10.060157773828525, -32.532066367209595, -4.414969959873458
-8.531973420375673, -32.5294980954485, -4.416167564663877
-7.004035128887956, -32.52692982368742, -4.417365169454296
-5.476342899365372, -32.524361551926326, -4.418562774244715
-3.948896731807925, -32.52179328016524, -4.419760379035135
-2.421696626215627, -32.51922500840415, -4.420957983825554
-0.8947425825884416, -32.51665673664306, -4.422155588615973
0.6319653990736078, -32.514088464881965, -4.423353193406392
2.1584273187705207, -32.51152019312087, -4.424550798196812
3.6846431765022984, -32.50895192135978, -4.42574840298723
5.2106129722689225, -32.506383649598696, -4.42694600777765
6.736336706070432, -32.50381537783761, -4.428143612568069
8.26181437790682, -32.50124710607652, -4.429341217358488
9.787045987778036, -32.49867883431543, -4.4305388221489075
11.312031535684145, -32.49611056255434, -4.4317364269393265
12.836771021625133, -32.49354229079325, -4.432934031729745
14.361264445600966, -32.49097401903216, -4.434131636520164
15.885511807611653, -32.488405747271074, -4.435329241310583
17.409513107657254, -32.48583747550998, -4.436526846101003
18.93326834573766, -32.48326920374889, -4.437724450891422
20.45677752185297, -32.480700931987805, -4.438922055681841
21.98004063600314, -32.47813266022671, -4.440119660472261
23.50305768818814, -32.47556438846562, -4.441317265262679
25.02582867840805, -32.472996116704536, -4.442514870053099
26.548353606662815, -32.470427844943444, -4.443712474843518
28.070632472952436, -32.46785957318235, -4.444910079633937
29.591864644094066, -32.4405851849901, -4.446107684424356
31.041986320212967, -32.01687134603291, -4.447305289214776
32.07384355559712, -30.92636330226307, -4.448502894005195
32.44372945623887, -29.45722984263544, -4.449700498795614
32.45501821437689, -27.931382567591744, -4.450898103586033
32.4524499426158, -26.40544352957076, -4.4520957083764525
32.449881670854715, -24.879750553514896, -4.453293313166871
32.44731339909363, -23.35430363942416, -4.4544909179572905
32.44474512733254, -21.82910278729856, -4.455688522747709
32.44217685557145, -20.30414799713811, -4.456886127538128
32.439608583810355, -18.77943926894277, -4.458083732328547
32.43704031204927, -17.25497660271259, -4.459281337118967
32.43447204028818, -15.730759998447525, -4.460478941909386
32.43190376852709, -14.206789456147618, -4.461676546699805
32.429335496766, -12.683064975812819, -4.462874151490224
32.426767225004916, -11.159586557443184, -4.464071756280644
32.424198953243824, -9.636354201038639, -4.465269361071063
32.42163068148273, -8.113367906599246, -4.466466965861482
32.41906240972165, -6.590627674125013, -4.467664570651901
32.416494137960555, -5.068133503615866, -4.46886217544232
32.41392586619946, -3.5458853950718954, -4.47005978023274
32.41135759443838, -2.023883348493041, -4.471257385023159
32.408789322677286, -0.5021273638793491, -4.472454989813578
32.406221050916194, 1.019382558769239, -4.473652594603997
32.40365277915511, 2.5406464194526683, -4.474850199394416
32.40108450739402, 4.061664218171015, -4.4760478041848355
32.39851623563293, 5.582435954924198, -4.4772454089752545
32.39594796387184, 7.102961629712224, -4.478443013765673
32.393379692110756, 8.623241242535164, -4.479640618556092
32.390811420349664, 10.143274793392894, -4.480838223346511
32.38824314858857, 11.663062282285566, -4.482035828136931
32.38567487682749, 13.182603709213055, -4.48323343292735
32.383106605066395, 14.701899074175433, -4.484431037717769
32.3805383333053, 16.22094837717265, -4.485628642508188
32.37797006154422, 17.73975161820479, -4.486826247298608
32.375401789783126, 19.258308797271738, -4.488023852089026
32.372833518022034, 20.77661991437358, -4.489221456879446
32.37026524626095, 22.294684969510314, -4.490419061669865
32.36769697449986, 23.81250396268183, -4.491616666460285
32.36512870273877, 25.330076893888293, -4.492814271250704
32.36256043097768, 26.84740376312957, -4.494011876041123
32.359992159216596, 28.364484570405743, -4.495209480831542
32.2815194956267, 29.877031132072975, -4.496407085621962
31.691308942517043, 31.258786339281915, -4.4976046904123805
30.464475777653536, 32.1192612357682, -4.4988022952027995
28.96877297824666, 32.34971907217207, -4.4999998999932185
28.968772978246662, 32.34971907217206, -4.4999998999932185
27.447785937273988, 32.347150800410965, -4.5011975047836374
25.92704495826645, 32.34458252864988, -4.502395109574057
24.406550041224047, 32.34201425688879, -4.503592714364476
22.88630118614678, 32.3394459851277, -4.504790319154895
21.366298393034644, 32.33687771336661, -4.505987923945314
19.846541661887642, 32.33430944160553, -4.507185528735734
18.327030992705776, 32.331741169844435, -4.508383133526153
16.807766385489042, 32.32917289808334, -4.509580738316571
15.288747840237447, 32.32660462632225, -4.510778343106991
13.769975356950983, 32.324036354561166, -4.51197594789741
12.251448935629654, 32.321468082800074, -4.51317355268783
10.733168576273455, 32.31889981103898, -4.514371157478248
9.215134278882395, 32.3163315392779, -4.515568762268667
7.697346043456469, 32.313763267516805, -4.516766367059087
6.179803869995678, 32.31119499575571, -4.517963971849506
4.662507758500021, 32.30862672399463, -4.519161576639925
3.1454577089694977, 32.306058452233536, -4.520359181430344
1.6286537214041092, 32.30349018047245, -4.5215567862207635
0.11209579580385168, 32.30092190871136, -4.5227543910111825
-1.404216067831265, 32.29835363695027, -4.5239519958016015
-2.9202818695012542, 32.295785365189175, -4.52514960059202
-4.436101609206102, 32.29321709342808, -4.52634720538244
-5.951675286945819, 32.290648821667, -4.527544810172859
-7.467002902720408, 32.28808054990591, -4.528742414963278
-8.982084456529856, 32.28551227814482, -4.529940019753697
-10.49691994837417, 32.28294400638373, -4.531137624544117
-12.01150937825335, 32.28037573462264, -4.532335229334535
-13.525852746167395, 32.277807462861546, -4.533532834124955
-15.039950052116305, 32.27523919110046, -4.534730438915374
-16.553801296100083, 32.27267091933937, -4.535928043705794
-18.067406478118723, 32.27010264757828, -4.537125648496213
-19.58076559817223, 32.26753437581719, -4.538323253286632
-21.09387865626061, 32.2649661040561, -4.539520858077051
-22.606745652383847, 32.262397832295015, -4.54071846286747
-24.11936658654195, 32.25982956053392, -4.541916067657889
-25.631741458734922, 32.25726128877284, -4.5431136724483085
-27.143870268962765, 32.254693017011746, -4.5443112772387275
-28.655753017225464, 32.252124745250654, -4.5455088820291465
-30.152268923743577, 32.08302053884801, -4.546706486819566
-31.437063773097105, 31.32130322946028, -4.547904091609985
-32.11999608754967, 29.98910158697127, -4.549101696400404
-32.241851658206315, 28.482561939549097, -4.550299301190822
-32.23928338644522, 26.96677295758989, -4.551496905981242
-32.23671511468413, 25.451230037595817, -4.55269451077166
-32.234146842923046, 23.935933179566874, -4.55389211556208
-32.231578571161954, 22.420882383503073, -4.555089720352499
-32.22901029940087, 20.906077649404395, -4.556287325142918
-32.22644202763978, 19.39151897727085, -4.557484929933337
-32.223873755878685, 17.877206367102445, -4.558682534723757
-32.2213054841176, 16.363139818899175, -4.559880139514176
-32.21873721235651, 14.849319332661043, -4.561077744304595
-32.216168940595416, 13.335744908388037, -4.562275349095014
-32.21360066883433, 11.822416546080174, -4.563472953885434
-32.21103239707324, 10.309334245737436, -4.564670558675852
-32.20846412531215, 8.79649800735984, -4.565868163466272
-32.20589585355106, 7.283907830947371, -4.567065768256691
-32.20332758178997, 5.771563716500035, -4.56826337304711
-32.200759310028886, 4.259465664017849, -4.569460977837529
-32.198191038267794, 2.7476136735007946, -4.570658582627948
-32.19562276650671, 1.2360077449488647, -4.571856187418367
-32.19305449474562, -0.27535212163792233, -4.573053792208786
-32.19048622298452, -1.7864659262595854, -4.574251396999205
-32.18791795122344, -3.2973336689161137, -4.575449001789625
-32.18534967946235, -4.807955349607493, -4.576646606580044
-32.182781407701256, -6.318330968333752, -4.577844211370463
-32.180213135940164, -7.828460525094879, -4.579041816160882
-32.17764486417908, -9.338344019890862, -4.580239420951302
-32.17507659241799, -10.847981452721704, -4.581437025741721
-32.1725083206569, -12.357372823587426, -4.58263463053214
-32.16994004889581, -13.866518132488004, -4.583832235322559
-32.16737177713472, -15.375417379423464, -4.585029840112979
-32.16480350537363, -16.88407056439377, -4.586227444903397
-32.16223523361254, -18.39247768739895, -4.587425049693817
-32.15966696185146, -19.900638748439, -4.588622654484236
-32.157098690090365, -21.40855374751392, -4.589820259274655
-32.15453041832927, -22.91622268462369, -4.591017864065074
-32.15196214656819, -24.423645559768318, -4.5922154688554935
-32.149393874807096, -25.93082237294783, -4.5934130736459124
-32.146825603046004, -27.437753124162196, -4.594610678436331
-32.139332505524614, -28.944370848105578, -4.59580828322675
-31.84635828775564, -30.413626123101203, -4.59700588801717
-30.913749578491625, -31.572034971660678, -4.598203492807589
-29.50714288331681, -32.08294947315809, -4.599401097598008
-27.998934551485675, -32.13398424424075, -4.600598702388428
-26.48834362853994, -32.131415972479665, -4.601796307178848
-24.977998767559313, -32.12884770071858, -4.602993911969266
-23.46789996854384, -32.12627942895749, -4.604191516759686
-21.958047231493502, -32.1237111571964, -4.605389121550105
-20.448440556408297, -32.121142885435304, -4.606586726340524
-18.939079943288224, -32.11857461367422, -4.607784331130944
-17.42996539213327, -32.116006341913135, -4.608981935921362
-15.921096902943482, -32.11343807015204, -4.610179540711782
-14.412474475718799, -32.11086979839095, -4.611377145502201
-12.904098110459266, -32.10830152662986, -4.6125747502926195
-11.39596780716485, -32.105733254868774, -4.6137723550830385
-9.888083565835586, -32.10316498310768, -4.6149699598734575
-8.38044538647145, -32.10059671134659, -4.616167564663877
-6.873053269072452, -32.098028439585505, -4.617365169454296
-5.365907213638572, -32.09546016782441, -4.618562774244715
-3.859007220169845, -32.09289189606332, -4.619760379035135
-2.3523532886662473, -32.090323624302236, -4.620957983825554
-0.8459454191277884, -32.087755352541144, -4.622155588615973
0.6602163884455362, -32.08518708078005, -4.623353193406392
2.166132134053745, -32.08261880901896, -4.624550798196811
3.6718018176968004, -32.080050537257875, -4.625748402987231
5.177225439374727, -32.07748226549678, -4.62694600777765
6.682402999087513, -32.07491399373569, -4.628143612568069
8.187334496835184, -32.07234572197461, -4.629341217358489
9.69201993261769, -32.06977745021352, -4.630538822148908
11.196459306435091, -32.06720917845243, -4.631736426939327
12.70065261828734, -32.06464090669134, -4.632934031729746
14.204599868174476, -32.062072634930246, -4.634131636520165
15.70830105609645, -32.059504363169154, -4.6353292413105835
17.21175618205333, -32.05693609140807, -4.6365268461010025
18.714965246045033, -32.054367819646984, -4.637724450891422
20.217928248071605, -32.05179954788589, -4.638922055681841
21.72064518813307, -32.0492312761248, -4.64011966047226
23.22311606622937, -32.04666300436371, -4.64131726526268
24.72534088236056, -32.04409473260262, -4.642514870053099
26.2273196365266, -32.04152646084154, -4.643712474843518
27.729052328727526, -32.03895818908045, -4.644910079633937
29.229495737093654, -32.005997070565314, -4.646107684424356
30.652562247133005, -31.563914768266322, -4.647305289214776
31.656280364061814, -30.474417453029567, -4.648502894005195
32.01526551293102, -29.02321057567962, -4.649700498795614
32.02611683027498, -27.517890814056422, -4.650898103586033
32.023548558513895, -26.012497950124153, -4.652095708376452
32.0209802867528, -24.507351148157007, -4.653293313166872
32.01841201499171, -23.002450408154978, -4.654490917957291
32.015843743230626, -21.497795730118106, -4.65568852274771
32.013275471469534, -19.99338711404635, -4.656886127538129
32.01070719970845, -18.489224559939736, -4.6580837323285476
32.00813892794736, -16.985308067798247, -4.659281337118967
32.005570656186265, -15.481637637621914, -4.660478941909386
32.00300238442518, -13.978213269410716, -4.661676546699805
32.00043411266409, -12.475034963164626, -4.662874151490224
31.997865840903, -10.972102718883674, -4.664071756280644
31.99529756914191, -9.46941653656787, -4.665269361071063
31.992729297380823, -7.966976416217205, -4.666466965861482
31.990161025619734, -6.464782357831677, -4.667664570651901
31.987592753858642, -4.962834361411252, -4.668862175442321
31.985024482097554, -3.4611324269559702, -4.67005978023274
31.982456210336466, -1.959676554465844, -4.671257385023159
31.979887938575374, -0.45846674394085635, -4.672454989813578
31.97731966681429, 1.042497004619003, -4.673652594603997
31.974751395053197, 2.543214691213774, -4.674850199394417
31.97218312329211, 4.043686315843366, -4.676047804184835
31.96961485153102, 5.543911878507818, -4.677245408975255
31.967046579769928, 7.043891379207135, -4.6784430137656745
31.96447830800884, 8.543624817941375, -4.679640618556093
31.96191003624775, 10.04311219471042, -4.6808382233465125
31.959341764486663, 11.542353509514337, -4.682035828136931
31.956773492725574, 13.04134876235312, -4.68323343292735
31.954205220964482, 14.540097953226773, -4.684431037717769
31.951636949203394, 16.03860108213533, -4.685628642508189
31.949068677442302, 17.536858149078704, -4.686826247298607
31.946500405681213, 19.034869154056945, -4.688023852089027
31.94393213392013, 20.53263409707005, -4.689221456879446
31.941363862159037, 22.030152978118085, -4.690419061669866
31.938795590397948, 23.527425797200923, -4.691616666460284
31.936227318636856, 25.02445255431863, -4.692814271250704
31.933659046875768, 26.5212332494712, -4.694011876041123
31.93109077511468, 28.017767882658703, -4.695209480831542
31.840445809826818, 29.508525212314378, -4.696407085621961
31.2378362850297, 30.86282176745676, -4.697604690412381
30.016432566308854, 31.697825487573017, -4.698802295202799
28.539871594144767, 31.92081768807015, -4.699999899993219
28.53987159414475, 31.920817688070144, -4.699999899993219
27.03943072726079, 31.918249416309056, -4.701197504783637
25.539235922341973, 31.915681144547964, -4.7023951095740575
24.039287179388282, 31.913112872786876, -4.703592714364476
22.53958449839973, 31.910544601025787, -4.704790319154895
21.04012787937631, 31.9079763292647, -4.705987923945314
19.540917322318023, 31.90540805750361, -4.707185528735734
18.041952827224875, 31.90283978574252, -4.708383133526152
16.543234394096864, 31.90027151398143, -4.709580738316572
15.04476202293398, 31.897703242220338, -4.710778343106991
13.54653571373623, 31.89513497045925, -4.71197594789741
12.048555466503617, 31.892566698698165, -4.713173552687829
10.550821281236137, 31.88999842693707, -4.714371157478249
9.053333157933793, 31.887430155175977, -4.715568762268667
7.556091096596581, 31.88486188341489, -4.716766367059087
6.059095097224507, 31.8822936116538, -4.717963971849506
4.562345159817567, 31.879725339892712, -4.719161576639926
3.065841284375758, 31.87715706813162, -4.720359181430344
1.5695834708990863, 31.874588796370535, -4.721556786220765
0.07357171938754606, 31.87202052460944, -4.722754391011183
-1.4221939701588597, 31.86945225284835, -4.7239519958016025
-2.9177135977401316, 31.866883981087263, -4.7251496005920215
-4.412987163356269, 31.864315709326174, -4.7263472053824405
-5.908014667007266, 31.861747437565086, -4.727544810172859
-7.402796108693135, 31.859179165803994, -4.728742414963278
-8.897331488413869, 31.85661089404291, -4.729940019753698
-10.391620806169469, 31.854042622281817, -4.731137624544117
-11.885664061959934, 31.851474350520725, -4.732335229334536
-13.379461255785268, 31.848906078759633, -4.733532834124955
-14.873012387645458, 31.846337806998545, -4.734730438915374
-16.36631745754052, 31.843769535237456, -4.735928043705794
-17.85937646547045, 31.841201263476364, -4.737125648496213
-19.35218941143524, 31.83863299171528, -4.738323253286632
-20.844756295434898, 31.836064719954187, -4.739520858077051
-22.337077117469423, 31.833496448193095, -4.74071846286747
-23.829151877538813, 31.83092817643201, -4.74191606765789
-25.320980575643066, 31.82835990467092, -4.743113672448308
-26.81256321178219, 31.82579163290983, -4.744311277238728
-28.30389978595618, 31.82322336114874, -4.745508882029147
-29.777481016714905, 31.637864764538467, -4.746706486819567
-31.032326569013208, 30.865776438460806, -4.7479040916099855
-31.694417641484794, 29.545153116872456, -4.7491016964004045
-31.81295027410439, 28.0587970989694, -4.7502993011908226
-31.810382002343303, 26.563554291098903, -4.751496905981242
-31.80781373058221, 25.06855754519354, -4.752694510771661
-31.805245458821126, 23.57380686125332, -4.75389211556208
-31.802677187060034, 22.079302239278228, -4.755089720352499
-31.800108915298946, 20.58504367926826, -4.756287325142918
-31.797540643537857, 19.091031181223435, -4.757484929933337
-31.794972371776765, 17.597264745143747, -4.758682534723757
-31.79240410001568, 16.103744371029194, -4.759880139514177
-31.78983582825459, 14.610470058879768, -4.761077744304595
-31.787267556493497, 13.11744180869548, -4.762275349095015
-31.78469928473241, 11.624659620476322, -4.763472953885434
-31.78213101297132, 10.132123494222302, -4.764670558675853
-31.77956274121023, 8.639833429933416, -4.765868163466272
-31.776994469449143, 7.147789427609665, -4.767065768256691
-31.77442619768805, 5.655991487251052, -4.768263373047111
-31.771857925926962, 4.164439608857579, -4.769460977837529
-31.769289654165874, 2.6731337924292347, -4.770658582627949
-31.766721382404786, 1.1820740379660202, -4.7718561874183685
-31.764153110643697, -0.308739654532061, -4.773053792208787
-31.7615848388826, -1.799307285065004, -4.7742513969992055
-31.759016567121513, -3.289628853632818, -4.775449001789625
-31.75644829536043, -4.779704360235485, -4.776646606580044
-31.753880023599336, -6.269533804873031, -4.777844211370463
-31.751311751838248, -7.759117187545437, -4.779041816160883
-31.74874348007716, -9.248454508252706, -4.780239420951302
-31.74617520831607, -10.737545766994845, -4.781437025741721
-31.743606936554976, -12.226390963771848, -4.78263463053214
-31.74103866479389, -13.714990098583716, -4.78383223532256
-31.738470393032802, -15.20334317143046, -4.785029840112978
-31.735902121271707, -16.691450182312053, -4.786227444903398
-31.733333849510622, -18.179311131228523, -4.787425049693817
-31.730765577749537, -19.66692601817985, -4.788622654484236
-31.728197305988445, -21.154294843166056, -4.789820259274656
-31.725629034227353, -22.64141760618712, -4.791017864065074
-31.723060762466268, -24.128294307243035, -4.792215468855494
-31.720492490705176, -25.61492494633384, -4.7934130736459135
-31.717924218944084, -27.1013095234595, -4.794610678436332
-31.70847584708517, -28.5873544864763, -4.7958082832267515
-31.39768011276886, -30.03208965541726, -4.797005888017171
-30.459463038807453, -31.160551631457622, -4.798203492807589
-29.068081558629075, -31.655568590524016, -4.799401097598008
-27.58030625442811, -31.70508286013884, -4.800598702388428
-26.09026150557108, -31.702514588377753, -4.801796307178847
-24.600462818679176, -31.69994631661666, -4.802993911969267
-23.110910193752417, -31.697378044855576, -4.804191516759685
-21.62160363079078, -31.694809773094484, -4.805389121550105
-20.13254312979429, -31.6922415013334, -4.806586726340524
-18.643728690762917, -31.689673229572307, -4.807784331130943
-17.15516031369668, -31.687104957811215, -4.808981935921363
-15.6668379985956, -31.68453668605013, -4.810179540711781
-14.178761745459624, -31.681968414289038, -4.811377145502201
-12.690931554288813, -31.679400142527946, -4.812574750292621
-11.203347425083123, -31.676831870766854, -4.813772355083039
-9.71600935784257, -31.67426359900577, -4.8149699598734585
-8.228917352567127, -31.671695327244677, -4.8161675646638775
-6.74207140925685, -31.669127055483592, -4.8173651694542965
-5.255471527911694, -31.6665587837225, -4.818562774244716
-3.7691177085316805, -31.66399051196141, -4.819760379035134
-2.2830099511167754, -31.661422240200324, -4.820957983825554
-0.7971482556670382, -31.65885396843923, -4.822155588615973
0.6884673778175654, -31.65628569667814, -4.823353193406392
2.173836949337047, -31.653717424917055, -4.824550798196812
3.6589604588914035, -31.651149153155963, -4.825748402987231
5.143837906480622, -31.648580881394878, -4.82694600777765
6.628469292104697, -31.646012609633786, -4.828143612568069
8.112854615763649, -31.643444337872694, -4.829341217358488
9.596993877457454, -31.64087606611161, -4.830538822148908
11.080887077186134, -31.638307794350517, -4.831736426939327
12.564534214949692, -31.635739522589425, -4.832934031729746
14.047935290748104, -31.633171250828333, -4.834131636520165
15.531090304581365, -31.63060297906725, -4.835329241310584
17.013999256449505, -31.628034707306156, -4.836526846101003
18.496662146352513, -31.625466435545064, -4.837724450891423
19.97907897429037, -31.62289816378398, -4.8389220556818415
21.461249740263103, -31.620329892022887, -4.8401196604722605
22.94317444427069, -31.617761620261803, -4.8413172652626795
24.42485308631317, -31.61519334850071, -4.842514870053099
25.906285666390488, -31.61262507673962, -4.843712474843518
27.38747218450268, -31.610056804978534, -4.844910079633937
28.866952342129125, -31.569923262542705, -4.846107684424356
30.26313817405316, -31.110958190499666, -4.847305289214776
31.238717172526574, -30.02247160379595, -4.848502894005195
31.586801569623187, -28.589191308723635, -4.849700498795614
31.597215446173074, -27.104399060520933, -4.850898103586033
31.594647174411982, -25.61955237067738, -4.852095708376452
31.59207890265089, -24.134951742798954, -4.853293313166872
31.589510630889805, -22.650597176885658, -4.854490917957291
31.586942359128713, -21.166488672937483, -4.85568852274771
31.58437408736762, -19.682626230954455, -4.856886127538129
31.581805815606536, -18.199009850936566, -4.858083732328549
31.579237543845444, -16.71563953288381, -4.859281337118967
31.576669272084356, -15.232515276796189, -4.860478941909387
31.574101000323267, -13.749637082673704, -4.8616765466998055
31.571532728562175, -12.267004950516316, -4.8628741514902245
31.568964456801087, -10.784618880324086, -4.864071756280644
31.56639618504, -9.30247887209699, -4.865269361071063
31.56382791327891, -7.820584925835039, -4.866466965861482
31.561259641517818, -6.338937041538201, -4.867664570651901
31.55869136975673, -4.857535219206518, -4.868862175442321
31.55612309799564, -3.376379458839972, -4.870059780232739
31.553554826234553, -1.8954697604385635, -4.871257385023159
31.550986554473464, -0.41480612400226513, -4.872454989813578
31.548418282712372, 1.0656114504688763, -4.873652594603997
31.545850010951284, 2.545782962974891, -4.874850199394416
31.543281739190196, 4.025708413515795, -4.876047804184836
31.540713467429104, 5.505387802091541, -4.877245408975255
31.53814519566802, 6.984821128702148, -4.878443013765674
31.535576923906927, 8.464008393347624, -4.879640618556094
31.53300865214584, 9.942949596027994, -4.880838223346513
31.53044038038475, 11.421644736743204, -4.882035828136932
31.527872108623658, 12.900093815493273, -4.883233432927351
31.52530383686257, 14.378296832278204, -4.8844310377177695
31.52273556510148, 15.856253787098032, -4.8856286425081885
31.520167293340393, 17.33396467995269, -4.886826247298608
31.5175990215793, 18.81142951084222, -4.888023852089027
31.515030749818212, 20.28864827976664, -4.889221456879446
31.512462478057124, 21.765620986725903, -4.890419061669865
31.509894206296035, 23.242347631720026, -4.891616666460285
31.507325934534947, 24.718828214749017, -4.892814271250703
31.504757662773855, 26.195062735812904, -4.894011876041123
31.502189391012767, 27.671051194911623, -4.895209480831542
31.398271781433643, 29.139815707529593, -4.896407085621961
30.782978880320048, 30.465716731671908, -4.89760469041238
29.56838935496416, 31.276389739377837, -4.8988022952028
28.11097021004283, 31.491916303968235, -4.899999899993219
28.110970210042836, 31.491916303968218, -4.899999899993219
26.63107551724759, 31.489348032207126, -4.901197504783638
25.151426886417486, 31.48677976044604, -4.902395109574057
23.67202431755251, 31.48421148868495, -4.903592714364476
22.192867810652672, 31.48164321692386, -4.904790319154896
20.713957365717963, 31.479074945162772, -4.905987923945315
19.235292982748394, 31.476506673401683, -4.9071855287357335
17.756874661743954, 31.473938401640595, -4.908383133526153
16.278702402704653, 31.471370129879503, -4.909580738316572
14.800776205630482, 31.468801858118415, -4.910778343106991
13.323096070521448, 31.466233586357326, -4.91197594789741
11.84566199737755, 31.463665314596238, -4.91317355268783
10.368473986198783, 31.461097042835146, -4.914371157478248
8.89153203698515, 31.458528771074054, -4.915568762268668
7.414836149736654, 31.455960499312965, -4.916766367059087
5.938386324453291, 31.453392227551873, -4.917963971849506
4.462182561135063, 31.45082395579079, -4.919161576639926
2.9862248597819683, 31.448255684029697, -4.920359181430345
1.5105132203940088, 31.445687412268608, -4.921556786220764
0.03504764297118261, 31.44311914050752, -4.922754391011183
-1.4401718724865087, 31.440550868746428, -4.923951995801602
-2.9151453259790654, 31.437982596985336, -4.925149600592021
-4.389872717506488, 31.435414325224247, -4.92634720538244
-5.864354047068778, 31.43284605346316, -4.92754481017286
-7.338589314665931, 31.430277781702067, -4.9287424149632795
-8.81257852029795, 31.427709509940982, -4.9299400197536976
-10.286321663964838, 31.42514123817989, -4.931137624544117
-11.759818745666589, 31.422572966418798, -4.932335229334536
-13.233069765403204, 31.42000469465771, -4.933532834124955
-14.706074723174687, 31.417436422896618, -4.934730438915374
-16.178833618981038, 31.41486815113553, -4.935928043705794
-17.65134645282225, 31.41229987937444, -4.937125648496212
-19.12361322469833, 31.409731607613352, -4.938323253286632
-20.59563393460928, 31.40716333585226, -4.939520858077051
-22.067408582555082, 31.404595064091172, -4.94071846286747
-23.53893716853576, 31.402026792330084, -4.941916067657889
-25.010219692551306, 31.39945852056899, -4.943113672448309
-26.481256154601716, 31.396890248807907, -4.944311277238728
-27.952046554686987, 31.394321977046815, -4.945508882029147
-29.40269310968633, 31.192708990228894, -4.946706486819567
-30.627589364929374, 30.410249647461264, -4.947904091609985
-31.268839195419936, 29.101204646773553, -4.949101696400405
-31.38404889000247, 27.635032258389604, -4.950299301190823
-31.381480618241383, 26.16033562460782, -4.951496905981243
-31.37891234648029, 24.685885052791168, -4.952694510771662
-31.376344074719206, 23.21168054293965, -4.9538921155620805
-31.373775802958114, 21.73772209505328, -4.9550897203525
-31.371207531197026, 20.264009709132026, -4.956287325142919
-31.368639259435934, 18.79054338517592, -4.957484929933338
-31.366070987674846, 17.317323123184945, -4.958682534723757
-31.36350271591376, 15.84434892315911, -4.959880139514177
-31.36093444415267, 14.371620785098397, -4.961077744304596
-31.35836617239158, 12.899138709002827, -4.962275349095015
-31.355797900630492, 11.426902694872382, -4.963472953885434
-31.3532296288694, 9.954912742707082, -4.964670558675853
-31.350661357108308, 8.483168852506916, -4.965868163466272
-31.348093085347223, 7.011671024271878, -4.967065768256692
-31.34552481358613, 5.540419258001982, -4.968263373047111
-31.342956541825043, 4.069413553697211, -4.96946097783753
-31.340388270063954, 2.598653911357582, -4.970658582627949
-31.337819998302862, 1.1281403309830784, -4.971856187418369
-31.335251726541774, -0.3421271874262911, -4.973053792208788
-31.332683454780682, -1.8121486438705188, -4.974251396999207
-31.330115183019593, -3.2819240383496195, -4.975449001789626
-31.327546911258505, -4.751453370863575, -4.9766466065800445
-31.324978639497417, -6.220736641412406, -4.9778442113704635
-31.322410367736328, -7.689773849996101, -4.979041816160883
-31.31984209597524, -9.158564996614658, -4.980239420951302
-31.317273824214148, -10.627110081268079, -4.981437025741721
-31.314705552453056, -12.095409103956369, -4.98263463053214
-31.31213728069197, -13.563462064679525, -4.983832235322559
-31.30956900893088, -15.031268963437547, -4.985029840112979
-31.30700073716979, -16.498829800230432, -4.986227444903397
-31.304432465408702, -17.966144575058184, -4.987425049693817
-31.301864193647617, -19.433213287920807, -4.988622654484237
-31.299295921886525, -20.90003593881828, -4.989820259274655
-31.296727650125433, -22.36661252775064, -4.991017864065075
-31.29415937836435, -23.83294305471785, -4.992215468855494
-31.291591106603256, -25.299027519719935, -4.993413073645913
-31.289022834842164, -26.764865922756886, -4.994610678436333
-31.276456891753433, -28.230272700460556, -4.9958082832267525
-30.946987169146524, -29.649666575102927, -4.9970058880171715
-30.00435824020471, -30.74785697733152, -4.9982034928075905
-28.62902023394127, -31.228187707889955, -4.999401097598009
-27.161677957370493, -31.276181476036932, -5.000598702388428
-25.692179382602163, -31.27361320427584, -5.001796307178847
-24.222926869798986, -31.271044932514755, -5.002993911969266
-22.75392041896093, -31.268476660753663, -5.004191516759686
-21.285160030088036, -31.265908388992575, -5.005389121550105
-19.816645703180242, -31.263340117231486, -5.006586726340524
-18.348377438237584, -31.260771845470394, -5.007784331130944
-16.880355235260073, -31.25820357370931, -5.008981935921362
-15.412579094247702, -31.255635301948217, -5.010179540711782
-13.945049015200468, -31.25306703018713, -5.011377145502201
-12.477764998118353, -31.250498758426037, -5.01257475029262
-11.0107270430014, -31.24793048666495, -5.01377235508304
-9.543935149849545, -31.245362214903857, -5.014969959873458
-8.077389318662831, -31.242793943142768, -5.016167564663878
-6.611089549441264, -31.24022567138168, -5.017365169454298
-5.14503584218483, -31.237657399620588, -5.018562774244716
-3.6792281968935296, -31.235089127859496, -5.0197603790351355
-2.2136666135673537, -31.23252085609841, -5.0209579838255545
-0.7483510922063262, -31.229952584337322, -5.022155588615973
0.7167183671895674, -31.227384312576234, -5.023353193406393
2.181541764620328, -31.224816040815142, -5.024550798196812
3.646119100085966, -31.222247769054054, -5.025748402987231
5.11045037358646, -31.219679497292965, -5.02694600777765
6.574535585121822, -31.217111225531873, -5.028143612568069
8.03837473469205, -31.21454295377079, -5.029341217358489
9.501967822297143, -31.211974682009696, -5.030538822148908
10.9653148479371, -31.209406410248604, -5.031736426939327
12.428415811611934, -31.206838138487512, -5.032934031729746
13.891270713321628, -31.20426986672642, -5.034131636520165
15.353879553066179, -31.201701594965336, -5.035329241310585
16.816242330845597, -31.199133323204247, -5.036526846101004
18.278359046659887, -31.19656505144316, -5.037724450891423
19.740229700509033, -31.193996779682067, -5.038922055681842
21.201854292393048, -31.19142850792098, -5.040119660472261
22.663232822311926, -31.18886023615989, -5.0413172652626805
24.124365290265676, -31.186291964398798, -5.042514870053099
25.585251696254286, -31.183723692637713, -5.0437124748435185
27.045892040277767, -31.18115542087662, -5.0449100796339374
28.50415901899465, -31.13172141844926, -5.046107684424356
29.87371410097324, -30.658001612733063, -5.047305289214776
30.821153980991276, -29.570525754562436, -5.048502894005194
31.158337626315344, -28.155172041767763, -5.049700498795614
31.16831406207116, -26.690907306985586, -5.050898103586033
31.16574579031007, -25.226606791230715, -5.052095708376452
31.163177518548984, -23.762552337441022, -5.053293313166872
31.160609246787892, -22.298743945616437, -5.05449091795729
31.158040975026804, -20.835181615756984, -5.05568852274771
31.155472703265715, -19.371865347862673, -5.056886127538129
31.152904431504624, -17.90879514193347, -5.058083732328548
31.150336159743535, -16.445970997969447, -5.059281337118967
31.147767887982447, -14.983392915970512, -5.060478941909387
31.145199616221355, -13.521060895936735, -5.061676546699806
31.142631344460266, -12.058974937868108, -5.062874151490226
31.140063072699178, -10.597135041764595, -5.064071756280644
31.13749480093809, -9.135541207626195, -5.0652693610710635
31.134926529177, -7.6741934354529775, -5.0664669658614825
31.13235825741591, -6.213091725244866, -5.0676645706519015
31.12978998565482, -4.752236077001871, -5.06886217544232
31.127221713893732, -3.2916264907240342, -5.07005978023274
31.12465344213264, -1.8312629664113556, -5.071257385023159
31.12208517037155, -0.37114550406378216, -5.072454989813578
31.119516898610467, 1.0887258963186779, -5.073652594603998
31.116948626849375, 2.5483512347359794, -5.074850199394417
31.114380355088286, 4.007730511188124, -5.076047804184836
31.111812083327198, 5.466863725675181, -5.077245408975255
31.109243811566106, 6.925750878197082, -5.078443013765674
31.106675539805018, 8.384391968753823, -5.079640618556093
31.10410726804393, 9.842786997345481, -5.080838223346512
31.101538996282837, 11.300935963971975, -5.082035828136931
31.09897072452175, 12.758838868633335, -5.083233432927351
31.096402452760664, 14.216495711329536, -5.08443103771777
31.093834180999572, 15.673906492060658, -5.08562864250819
31.091265909238484, 17.13107121082662, -5.0868262472986085
31.088697637477395, 18.587989867627414, -5.0880238520890275
31.086129365716303, 20.044662462463133, -5.0892214568794465
31.083561093955215, 21.50108899533368, -5.0904190616698655
31.080992822194126, 22.957269466239104, -5.091616666460284
31.078424550433034, 24.413203875179363, -5.092814271250704
31.075856278671946, 25.868892222154546, -5.094011876041122
31.073288006910857, 27.32433450716457, -5.095209480831542
30.95607864518352, 28.77110266741543, -5.096407085621961
30.326480971924084, 30.067260593462194, -5.09760469041238
29.119852833537514, 30.853522354977674, -5.098802295202799
27.682068825940924, 31.06301491986632, -5.099999899993218
27.682068825940924, 31.063014919866305, -5.099999899993219
26.222720307234393, 31.060446648105213, -5.101197504783638
24.763617850493, 31.057878376344124, -5.102395109574058
23.304761455716736, 31.055310104583036, -5.103592714364477
21.846151122905617, 31.052741832821948, -5.104790319154896
20.38778685205962, 31.05017356106086, -5.105987923945315
18.929668643178765, 31.04760528929977, -5.107185528735734
17.471796496263043, 31.045037017538682, -5.108383133526153
16.014170411312453, 31.04246874577759, -5.109580738316572
14.556790388327, 31.039900474016502, -5.1107783431069915
13.099656427306677, 31.03733220225541, -5.1119759478974105
11.642768528251494, 31.03476393049432, -5.11317355268783
10.18612669116144, 31.032195658733233, -5.114371157478249
8.729730916036523, 31.029627386972138, -5.115568762268668
7.27358120287674, 31.02705911521105, -5.116766367059087
5.817677551682093, 31.02449084344996, -5.117963971849506
4.362019962452579, 31.021922571688876, -5.119161576639925
2.906608435188199, 31.019354299927784, -5.120359181430344
1.4514429698889544, 31.016786028166695, -5.121556786220764
-0.003476433445159426, 31.014217756405603, -5.122754391011183
-1.4581497748141363, 31.01164948464451, -5.123951995801602
-2.912577054217975, 31.009081212883427, -5.125149600592022
-4.366758271656682, 31.006512941122335, -5.126347205382441
-5.820693427130261, 31.003944669361246, -5.12754481017286
-7.274382520638702, 31.001376397600154, -5.128742414963279
-8.727825552182006, 30.99880812583907, -5.129940019753699
-10.181022521760177, 30.996239854077977, -5.131137624544117
-11.633973429373212, 30.993671582316885, -5.132335229334536
-13.086678275021116, 30.991103310555793, -5.1335328341249555
-14.539137058703883, 30.98853503879471, -5.1347304389153745
-15.991349780421515, 30.98596676703362, -5.1359280437057935
-17.443316440174016, 30.983398495272528, -5.137125648496213
-18.89503703796138, 30.98083022351144, -5.138323253286632
-20.346511573783616, 30.97826195175035, -5.139520858077051
-21.797740047640705, 30.97569367998926, -5.14071846286747
-23.24872245953267, 30.97312540822817, -5.14191606765789
-24.699458809459493, 30.97055713646708, -5.143113672448308
-26.149949097421196, 30.96798886470599, -5.144311277238728
-27.60018699412637, 30.964955118221777, -5.145508882029147
-29.027688043008098, 30.746922996452973, -5.146706486819566
-30.222852160845502, 29.954722856461768, -5.147904091609985
-30.843260749355064, 28.657256176674714, -5.149101696400404
-30.955147505900555, 27.21126741780988, -5.150299301190823
-30.952579234139463, 25.75711695811681, -5.151496905981242
-30.950010962378375, 24.303212560388882, -5.152694510771661
-30.947442690617287, 22.849554224626075, -5.15389211556208
-30.944874418856198, 21.396141950828415, -5.1550897203525
-30.942306147095106, 19.942975738995884, -5.156287325142919
-30.939737875334014, 18.490055589128488, -5.157484929933338
-30.93716960357293, 17.03738150122623, -5.1586825347237575
-30.93460133181184, 15.584953475289108, -5.1598801395141765
-30.93203306005075, 14.13277151131711, -5.161077744304595
-30.929464788289657, 12.680835609310256, -5.162275349095014
-30.926896516528572, 11.22914576926853, -5.163472953885434
-30.924328244767484, 9.777701991191943, -5.164670558675853
-30.92175997300639, 8.326504275080492, -5.165868163466271
-30.919191701245303, 6.875552620934169, -5.167065768256691
-30.91662342948421, 5.424847028752982, -5.16826337304711
-30.914055157723126, 3.9743874985369336, -5.169460977837529
-30.911486885962034, 2.5241740302860203, -5.170658582627949
-30.90891861420095, 1.0742066240002415, -5.171856187418369
-30.906350342439858, -0.37551472032040856, -5.173053792208787
-30.903782070678766, -1.8249900026759258, -5.174251396999206
-30.90121379891768, -3.274219223066302, -5.175449001789625
-30.89864552715659, -4.723202381491542, -5.176646606580045
-30.896077255395497, -6.171939477951655, -5.177844211370463
-30.89350898363441, -7.620430512446639, -5.179041816160883
-30.89094071187332, -9.068675484976486, -5.1802394209513025
-30.88837244011223, -10.516674395541184, -5.181437025741721
-30.885804168351143, -11.964427244140769, -5.1826346305321405
-30.88323589659005, -13.411934030775193, -5.183832235322559
-30.880667624828963, -14.859194755444506, -5.185029840112978
-30.878099353067874, -16.30620941814867, -5.186227444903397
-30.875531081306786, -17.752978018887713, -5.187425049693816
-30.872962809545697, -19.199500557661622, -5.188622654484236
-30.870394537784605, -20.645777034470385, -5.189820259274656
-30.867826266023513, -22.091807449314015, -5.191017864065074
-30.86525799426243, -23.537591802192505, -5.192215468855494
-30.862689722501337, -24.983130093105878, -5.193413073645912
-30.860121450740245, -26.42842232205411, -5.194610678436332
-30.842339159142107, -27.873072776628987, -5.195808283226753
-30.495409399911388, -29.266854121264203, -5.197005888017172
-29.549138648754866, -30.334992389006032, -5.198203492807591
-28.189958909253626, -30.800806825255872, -5.19940109759801
-26.74304966031302, -30.84728009193502, -5.2005987023884295
-25.294097259633403, -30.84471182017393, -5.201796307178848
-23.84539092091894, -30.842143548412842, -5.202993911969267
-22.396930644169608, -30.83957527665175, -5.2041915167596855
-20.94871642938542, -30.837007004890662, -5.205389121550105
-19.500748276566338, -30.834438733129574, -5.206586726340525
-18.053026185712408, -30.83187046136848, -5.207784331130943
-16.605550156823607, -30.829302189607397, -5.208981935921363
-15.158320189899955, -30.826733917846305, -5.210179540711782
-13.711336284941437, -30.824165646085216, -5.211377145502201
-12.264598441948024, -30.82159737432412, -5.212574750292621
-10.818106660919774, -30.819029102563036, -5.213772355083039
-9.371860941856632, -30.816460830801944, -5.214969959873459
-7.925861284758653, -30.813892559040855, -5.216167564663878
-6.48010768962579, -30.811324287279763, -5.217365169454297
-5.034600156458078, -30.808756015518675, -5.218562774244717
-3.5893386852554854, -30.806187743757583, -5.219760379035135
-2.144323276018027, -30.803619471996498, -5.220957983825555
-0.699553928745702, -30.801051200235406, -5.222155588615974
0.7449693565614716, -30.798482928474318, -5.223353193406393
2.1892465799035294, -30.79591465671323, -5.224550798196812
3.633277741280451, -30.79334638495214, -5.2257484029872305
5.077062840692237, -30.790778113191053, -5.22694600777765
6.520601878138873, -30.78820984142996, -5.228143612568069
7.9638948536203955, -30.78564156966887, -5.229341217358488
9.40694176713676, -30.783073297907784, -5.230538822148908
10.849742618688008, -30.780505026146688, -5.231736426939327
12.29229740827412, -30.7779367543856, -5.232934031729746
13.734606135895095, -30.775368482624508, -5.234131636520165
15.176668801550944, -30.772800210863423, -5.235329241310584
16.618485405241657, -30.77023193910233, -5.236526846101004
18.060055946967218, -30.767663667341242, -5.237724450891423
19.501380426727657, -30.765095395580154, -5.238922055681842
20.94245884452295, -30.762527123819066, -5.240119660472261
22.383291200353128, -30.759958852057977, -5.241317265262681
23.823877494218166, -30.757390580296885, -5.2425148700531
25.26421772611806, -30.754822308535793, -5.243712474843519
26.704311896052836, -30.75225403677471, -5.244910079633938
28.141297248700468, -30.692936774806405, -5.246107684424356
29.48429002789327, -30.20504503496649, -5.247305289214776
30.403590789455965, -29.118579905328957, -5.2485028940051945
30.72987368300749, -27.721152774811966, -5.2497004987956135
30.73941267796925, -26.27741555345027, -5.250898103586033
30.736844406208156, -24.833661211784136, -5.252095708376453
30.734276134447065, -23.39015293208313, -5.253293313166871
30.731707862685976, -21.946890714347248, -5.254490917957291
30.729139590924888, -20.503874558576506, -5.25568852274771
30.7265713191638, -19.061104464770914, -5.256886127538129
30.72400304740271, -17.618580432930433, -5.258083732328548
30.721434775641622, -16.176302463055094, -5.259281337118968
30.718866503880534, -14.73427055514488, -5.260478941909387
30.716298232119442, -13.29248470919983, -5.261676546699806
30.71372996035835, -11.850944925219896, -5.262874151490225
30.711161688597265, -10.409651203205112, -5.264071756280645
30.708593416836173, -8.968603543155414, -5.265269361071064
30.706025145075085, -7.5278019450709035, -5.266466965861483
30.703456873313996, -6.087246408951522, -5.267664570651902
30.700888601552908, -4.646936934797225, -5.268862175442321
30.698320329791816, -3.206873522608114, -5.2700597802327405
30.695752058030727, -1.7670561723841178, -5.271257385023159
30.693183786269636, -0.32748488412525156, -5.272454989813578
30.69061551450855, 1.1118403421684608, -5.273652594603997
30.68804724274746, 2.5509195064970602, -5.274850199394416
30.68547897098637, 3.9897526088604924, -5.276047804184836
30.682910699225282, 5.428339649258847, -5.277245408975255
30.68034242746419, 6.866680627692018, -5.278443013765674
30.6777741557031, 8.304775544160103, -5.279640618556093
30.675205883942013, 9.742624398663004, -5.280838223346513
30.672637612180925, 11.180227191200771, -5.282035828136932
30.670069340419836, 12.61758392177343, -5.283233432927351
30.667501068658744, 14.054694590380928, -5.284431037717771
30.664932796897656, 15.49155919702335, -5.285628642508189
30.662364525136567, 16.928177741700576, -5.286826247298608
30.659796253375475, 18.364550224412667, -5.288023852089028
30.657227981614387, 19.800676645159687, -5.289221456879447
30.6546597098533, 21.236557003941513, -5.2904190616698665
30.65209143809221, 22.672191300758257, -5.2916166664602855
30.64952316633112, 24.107579535609812, -5.2928142712507045
30.646954894570033, 25.542721708496234, -5.294011876041123
30.64438662280894, 26.977617819417553, -5.295209480831543
30.513885508933416, 28.40238962730122, -5.296407085621961
29.86996338208724, 29.668788245814685, -5.29760469041238
28.671274058049388, 30.430532344978726, -5.2988022952028
27.25316744183904, 30.6341135357644, -5.299999899993219
27.253167441839018, 30.634113535764385, -5.299999899993219
25.814365097221202, 30.631545264003293, -5.301197504783638
24.37580881456853, 30.628976992242208, -5.302395109574057
22.93749859388098, 30.626408720481116, -5.303592714364476
21.499434435158573, 30.623840448720028, -5.304790319154897
20.061616338401294, 30.621272176958936, -5.305987923945315
18.624044303609157, 30.61870390519785, -5.307185528735735
17.186718330782146, 30.61613563343676, -5.308383133526154
15.749638419920274, 30.61356736167567, -5.309580738316573
14.312804571023536, 30.610999089914582, -5.310778343106992
12.87621678409193, 30.60843081815349, -5.311975947897411
11.439875059125464, 30.6058625463924, -5.31317355268783
10.003779396124123, 30.603294274631313, -5.314371157478249
8.567929795087926, 30.600726002870218, -5.3155687622686685
7.132326256016858, 30.598157731109133, -5.3167663670590875
5.696968778910928, 30.59558945934804, -5.317963971849506
4.261857363770129, 30.593021187586956, -5.319161576639926
2.8269920105944633, 30.59045291582586, -5.320359181430344
1.3923727193839328, 30.587884644064776, -5.321556786220764
-0.042000509861460616, 30.585316372303684, -5.322754391011183
-1.4761276771417255, 30.582748100542595, -5.323951995801602
-2.9100087824568504, 30.580179828781503, -5.325149600592022
-4.343643825806841, 30.57761155702042, -5.326347205382441
-5.777032807191698, 30.575043285259326, -5.32754481017286
-7.2101757266114275, 30.572475013498238, -5.328742414963279
-8.643072584066012, 30.56990674173715, -5.329940019753699
-10.075723379555466, 30.567338469976058, -5.331137624544117
-11.508128113079788, 30.564770198214966, -5.332335229334536
-12.940286784638976, 30.562201926453877, -5.333532834124956
-14.372199394233029, 30.559633654692785, -5.334730438915376
-15.803865941861943, 30.5570653829317, -5.3359280437057945
-17.235286427525732, 30.55449711117061, -5.3371256484962135
-18.66646085122438, 30.551928839409523, -5.3383232532866325
-20.097389212957893, 30.549360567648428, -5.3395208580770515
-21.528071512726275, 30.54679229588734, -5.34071846286747
-22.958507750529513, 30.54422402412625, -5.341916067657889
-24.388697926367634, 30.54165575236516, -5.343113672448308
-25.818642040240615, 30.539087480604074, -5.344311277238729
-27.248305794757407, 30.533996877724434, -5.345508882029148
-28.651843307267825, 30.298700197362816, -5.346706486819567
-29.817935838754366, 29.49904854566341, -5.347904091609986
-30.41768230329017, 28.213307706575936, -5.349101696400405
-30.526246121798636, 26.787502577230192, -5.350299301190823
-30.523677850037547, 25.353898291625846, -5.351496905981243
-30.52110957827646, 23.92054006798663, -5.352694510771661
-30.518541306515367, 22.487427906312547, -5.353892115562081
-30.51597303475428, 21.0545618066036, -5.3550897203525
-30.51340476299319, 19.621941768859784, -5.356287325142919
-30.510836491232098, 18.1895677930811, -5.357484929933338
-30.508268219471013, 16.757439879267565, -5.358682534723757
-30.50569994770992, 15.325558027419161, -5.359880139514177
-30.50313167594883, 13.893922237535868, -5.361077744304595
-30.500563404187744, 12.462532509617738, -5.362275349095015
-30.497995132426656, 11.031388843664725, -5.363472953885434
-30.495426860665564, 9.600491239676854, -5.3646705586758525
-30.492858588904475, 8.169839697654117, -5.365868163466272
-30.490290317143383, 6.739434217596507, -5.367065768256691
-30.4877220453823, 5.309274799504032, -5.36826337304711
-30.485153773621207, 3.8793614433767, -5.369460977837529
-30.482585501860118, 2.449694149214503, -5.370658582627949
-30.48001723009903, 1.020272917017446, -5.371856187418368
-30.477448958337938, -0.408902253214496, -5.373053792208788
-30.474880686576846, -1.8378313614812924, -5.374251396999206
-30.47231241481576, -3.2665144077829513, -5.375449001789626
-30.46974414305467, -4.694951392119476, -5.376646606580045
-30.467175871293577, -6.123142314490872, -5.377844211370464
-30.464607599532492, -7.551087174897139, -5.379041816160883
-30.462039327771404, -8.97878597333827, -5.380239420951302
-30.459471056010315, -10.406238709814268, -5.381437025741722
-30.456902784249223, -11.833445384325127, -5.38263463053214
-30.45433451248814, -13.260405996870842, -5.38383223532256
-30.451766240727046, -14.68712054745144, -5.385029840112979
-30.449197968965954, -16.11358903606689, -5.3862274449033976
-30.446629697204866, -17.539811462717214, -5.387425049693817
-30.44406142544378, -18.965787827402405, -5.388622654484237
-30.441493153682686, -20.391518130122467, -5.389820259274655
-30.4389248819216, -21.817002370877372, -5.391017864065074
-30.43635661016051, -23.242240549667148, -5.392215468855494
-30.433788338399417, -24.6672326664918, -5.393413073645913
-30.431220066638332, -26.091978721351328, -5.394610678436331
-30.40731360392325, -27.515821752482516, -5.395808283226751
-30.04383163067625, -28.884041667425468, -5.397005888017171
-29.093919057305037, -29.922127800680535, -5.39820349280759
-27.75089758456599, -30.373425942621786, -5.399401097598009
-26.32442136325554, -30.418378707833106, -5.400598702388429
-24.89601513666465, -30.415810436072018, -5.401796307178849
-23.4678549720389, -30.41324216431093, -5.402993911969267
-22.039940869378295, -30.41067389254984, -5.404191516759687
-20.61227282868279, -30.408105620788753, -5.4053891215501055
-19.18485084995244, -30.40553734902766, -5.4065867263405245
-17.75767493318723, -30.402969077266572, -5.407784331130944
-16.33074507838714, -30.400400805505484, -5.4089819359213624
-14.904061285552189, -30.397832533744392, -5.410179540711782
-13.477623554682374, -30.395264261983307, -5.411377145502201
-12.051431885777696, -30.39269599022221, -5.41257475029262
-10.62548627883815, -30.390127718461123, -5.41377235508304
-9.199786733863721, -30.38755944670003, -5.414969959873459
-7.774333250854443, -30.384991174938946, -5.416167564663878
-6.3491258298103075, -30.382422903177854, -5.417365169454297
-4.924164470731315, -30.379854631416762, -5.418562774244716
-3.4994491736174425, -30.377286359655677, -5.419760379035136
-2.074979938468686, -30.37471808789459, -5.420957983825554
-0.6507567652850645, -30.372149816133497, -5.422155588615974
0.7732203459333957, -30.36958154437241, -5.423353193406393
2.1969513951867334, -30.367013272611317, -5.424550798196812
3.620436382474952, -30.364445000850232, -5.425748402987232
5.043675307798017, -30.36187672908914, -5.42694600777765
6.466668171155957, -30.359308457328048, -5.4281436125680695
7.8894149725487575, -30.356740185566963, -5.429341217358489
9.311915711976427, -30.354171913805875, -5.430538822148908
10.734170389438953, -30.35160364204478, -5.431736426939327
12.15617900493636, -30.349035370283687, -5.432934031729746
13.577941558468615, -30.346467098522602, -5.434131636520165
14.999458050035729, -30.343898826761514, -5.435329241310584
16.42072847963773, -30.34133055500042, -5.436526846101003
17.841752847274577, -30.338762283239333, -5.437724450891423
19.262531152946316, -30.336194011478245, -5.438922055681842
20.683063396652898, -30.333625739717156, -5.440119660472261
22.103349578394372, -30.331057467956064, -5.44131726526268
23.52338969817069, -30.32848919619498, -5.4425148700531
24.94318375598187, -30.325920924433888, -5.443712474843519
26.362731751827944, -30.3233526526728, -5.444910079633938
27.778435478406344, -30.254152131163544, -5.446107684424357
29.093579914668744, -29.75018466086161, -5.447305289214776
29.98602759792067, -28.666634056095443, -5.448502894005196
30.301409739699647, -27.287133507856154, -5.449700498795615
30.310511293867336, -25.863923799914943, -5.4508981035860335
30.30794302210625, -24.440715632337515, -5.4520957083764525
30.30537475034516, -23.01775352672523, -5.453293313166872
30.30280647858407, -21.595037483078073, -5.4544909179572905
30.300238206822982, -20.172567501396053, -5.45568852274771
30.29766993506189, -18.750343581679154, -5.456886127538129
30.2951016633008, -17.328365723927377, -5.458083732328548
30.292533391539713, -15.906633928140756, -5.459281337118968
30.28996511977862, -14.485148194319274, -5.460478941909387
30.287396848017536, -13.063908522462908, -5.461676546699806
30.284828576256448, -11.642914912571669, -5.462874151490225
30.282260304495356, -10.222167364645596, -5.464071756280645
30.279692032734268, -8.801665878684647, -5.465269361071064
30.277123760973176, -7.381410454688845, -5.466466965861483
30.274555489212087, -5.96140109265816, -5.467664570651902
30.271987217451, -4.541637792592593, -5.468862175442322
30.269418945689907, -3.1221205544921666, -5.47005978023274
30.266850673928822, -1.7028493783569019, -5.47125738502316
30.264282402167733, -0.28382426418677487, -5.472454989813579
30.26171413040664, 1.1349547880182238, -5.473652594603998
30.259145858645553, 2.55348777825812, -5.474850199394417
30.25657758688446, 3.971774706532852, -5.476047804184836
30.254009315123373, 5.389815572842457, -5.477245408975255
30.251441043362284, 6.807610377186921, -5.478443013765674
30.248872771601196, 8.225159119566309, -5.479640618556093
30.246304499840107, 9.642461799980499, -5.480838223346512
30.24373622807902, 11.059518418429583, -5.482035828136932
30.241167956317927, 12.476328974913512, -5.483233432927351
30.23859968455684, 13.892893469432305, -5.48443103771777
30.236031412795747, 15.309211901985986, -5.485628642508189
30.23346314103466, 16.725284272574505, -5.486826247298609
30.230894869273573, 18.14111058119789, -5.488023852089028
30.22832659751248, 19.556690827856194, -5.489221456879447
30.225758325751393, 20.9720250125493, -5.490419061669867
30.223190053990304, 22.387113135277282, -5.491616666460285
30.220621782229212, 23.801955196040165, -5.492814271250705
30.218053510468124, 25.216551194837887, -5.494011876041124
30.215485238707032, 26.630901131670473, -5.495209480831543
30.07098129978029, 28.033491551401223, -5.496407085621962
29.41344579225042, 29.27031589816714, -5.497604690412381
28.222695045920826, 30.00754164822503, -5.4988022952028
26.8242660577371, 30.20521215166248, -5.499999899993219
26.824266057737105, 30.205212151662465, -5.499999899993219
25.406009887208004, 30.202643879901377, -5.501197504783638
23.987999778644046, 30.200075608140285, -5.502395109574058
22.570235732045216, 30.197507336379196, -5.503592714364476
21.15271774741152, 30.194939064618108, -5.504790319154896
19.735445824742957, 30.19237079285702, -5.505987923945315
18.318419964039535, 30.189802521095928, -5.507185528735735
16.901640165301245, 30.18723424933484, -5.508383133526153
15.485106428528082, 30.18466597757375, -5.509580738316573
14.068818753720059, 30.182097705812662, -5.510778343106992
12.65277714087717, 30.17952943405157, -5.511975947897411
11.236981589999415, 30.176961162290482, -5.513173552687831
9.821432101086794, 30.174392890529393, -5.514371157478249
8.406128674139309, 30.1718246187683, -5.515568762268668
6.991071309156954, 30.16925634700721, -5.516766367059088
5.576260006139738, 30.16668807524612, -5.517963971849507
4.161694765087653, 30.164119803485033, -5.519161576639926
2.7473755860007016, 30.161551531723944, -5.520359181430345
1.3333024688788884, 30.158983259962852, -5.521556786220764
-0.08052458627779427, 30.156414988201764, -5.522754391011183
-1.49410557946934, 30.153846716440675, -5.523951995801602
-2.9074405106957535, 30.151278444679583, -5.525149600592022
-4.320529379957033, 30.148710172918495, -5.526347205382441
-5.733372187253178, 30.146141901157407, -5.52754481017286
-7.145968932584183, 30.143573629396318, -5.528742414963279
-8.558319615950055, 30.14100535763523, -5.529940019753698
-9.970424237350798, 30.138437085874138, -5.531137624544118
-11.382282796786406, 30.13586881411305, -5.532335229334536
-12.79389529425688, 30.133300542351957, -5.533532834124956
-14.205261729762217, 30.13073227059087, -5.534730438915375
-15.616382103302419, 30.128163998829777, -5.535928043705795
-17.027256414877492, 30.12559572706869, -5.537125648496213
-18.437884664487427, 30.1230274553076, -5.538323253286633
-19.84826685213223, 30.12045918354651, -5.539520858077052
-21.258402977811897, 30.117890911785416, -5.540718462867471
-22.66829304152643, 30.11532264002433, -5.5419160676578905
-24.077937043275824, 30.112754368263243, -5.5431136724483085
-25.487334983060087, 30.11018609650215, -5.544311277238728
-26.896424077590467, 30.103000556832306, -5.545508882029148
-28.27558194808352, 29.849268314517364, -5.546706486819567
-29.411991775523134, 29.042527797543208, -5.547904091609986
-29.992103857225306, 27.769359236477065, -5.549101696400406
-30.097344737696716, 26.363737736650442, -5.550299301190823
-30.094776465935627, 24.95067962513481, -5.551496905981243
-30.092208194174535, 23.537867575584297, -5.552694510771662
-30.08963992241345, 22.125301587998933, -5.553892115562081
-30.087071650652362, 20.712981662378695, -5.5550897203525
-30.08450337889127, 19.300907798723607, -5.556287325142919
-30.081935107130178, 17.889079997033637, -5.557484929933338
-30.07936683536909, 16.47749825730881, -5.558682534723758
-30.076798563608, 15.066162579549118, -5.559880139514177
-30.07423029184691, 13.655072963754542, -5.561077744304596
-30.071662020085824, 12.244229409925126, -5.562275349095015
-30.069093748324732, 10.833631918060831, -5.563472953885435
-30.066525476563644, 9.423280488161668, -5.564670558675854
-30.063957204802556, 8.013175120227643, -5.565868163466272
-30.061388933041467, 6.603315814258747, -5.5670657682566915
-30.058820661280375, 5.193702570254985, -5.568263373047111
-30.056252389519287, 3.7843353882163626, -5.5694609778375295
-30.0536841177582, 2.3752142681428694, -5.570658582627949
-30.05111584599711, 0.966339210034525, -5.571856187418369
-30.048547574236018, -0.4422897861087073, -5.573053792208787
-30.045979302474926, -1.8506727202867852, -5.574251396999206
-30.04341103071384, -3.258809592499733, -5.575449001789625
-30.04084275895275, -4.666700402747553, -5.576646606580045
-30.038274487191657, -6.074345151030226, -5.577844211370463
-30.035706215430572, -7.481743837347791, -5.579041816160883
-30.033137943669487, -8.888896461700195, -5.580239420951303
-30.030569671908392, -10.295803024087487, -5.581437025741722
-30.028001400147303, -11.702463524509621, -5.582634630532141
-30.02543312838622, -13.108877962966641, -5.58383223532256
-30.022864856625127, -14.515046339458523, -5.585029840112979
-30.020296584864035, -15.920968653985259, -5.586227444903399
-30.01772831310295, -17.326644906546875, -5.587425049693817
-30.01516004134186, -18.732075097143344, -5.588622654484237
-30.012591769580766, -20.13725922577469, -5.5898202592746555
-30.010023497819677, -21.54219729244089, -5.5910178640650745
-30.007455226058593, -22.946889297141958, -5.592215468855494
-30.004886954297504, -24.351335239877898, -5.593413073645913
-30.002318682536412, -25.75553512064871, -5.594610678436332
-29.972288048704367, -27.15857072833621, -5.595808283226752
-29.592253861441044, -28.501229213586885, -5.597005888017171
-28.63869946585504, -29.509263212355137, -5.59820349280759
-27.31183625987817, -29.946045059987725, -5.599401097598009
-25.905793066197894, -29.9894773237312, -5.600598702388429
-24.49793301369572, -29.98690905197011, -5.601796307178848
-23.090319023158678, -29.984340780209024, -5.602993911969268
-21.68295109458679, -29.981772508447932, -5.604191516759686
-20.275829227980005, -29.979204236686844, -5.605389121550106
-18.868953423338372, -29.976635964925755, -5.606586726340525
-17.462323680661864, -29.974067693164663, -5.607784331130944
-16.05593999995049, -29.97149942140358, -5.6089819359213635
-14.649802381204253, -29.968931149642486, -5.6101795407117825
-13.24391082442316, -29.966362877881398, -5.6113771455022015
-11.838265329607204, -29.963794606120302, -5.612574750292621
-10.432865896756363, -29.961226334359218, -5.613772355083039
-9.027712525870662, -29.958658062598126, -5.614969959873459
-7.62280521695008, -29.956089790837037, -5.616167564663877
-6.21814396999468, -29.95352151907595, -5.617365169454297
-4.813728785004381, -29.950953247314857, -5.618562774244717
-3.409559661979229, -29.94838497555377, -5.619760379035135
-2.005636600919183, -29.94581670379268, -5.620957983825555
-0.6019596018242885, -29.94324843203159, -5.622155588615974
0.8014713353054611, -29.9406801602705, -5.623353193406393
2.2046562104700773, -29.93811188850941, -5.624550798196813
3.6075950236695853, -29.935543616748323, -5.625748402987231
5.010287774903929, -29.93297534498723, -5.626946007777651
6.412734464173169, -29.930407073226142, -5.62814361256807
7.8149350914772455, -29.927838801465054, -5.629341217358489
9.2168896568162, -29.925270529703965, -5.6305388221489086
10.618598160190007, -29.92270225794287, -5.631736426939327
12.020060601598706, -29.92013398618178, -5.6329340317297465
13.42127698104224, -29.917565714420693, -5.6341316365201655
14.822247298520644, -29.914997442659605, -5.635329241310584
16.22297155403394, -29.912429170898513, -5.636526846101004
17.623449747582054, -29.909860899137428, -5.637724450891423
19.023681879165082, -29.907292627376336, -5.638922055681842
20.423667948782956, -29.904724355615244, -5.640119660472261
21.823407956435716, -29.90215608385416, -5.641317265262681
23.222901902123315, -29.899587812093067, -5.6425148700531
24.622149785845778, -29.897019540331982, -5.643712474843518
26.021151607603123, -29.89445126857089, -5.644910079633938
27.415525371499676, -29.815106236314524, -5.646107684424358
28.701910897361113, -29.29390476801929, -5.647305289214776
29.568464406385417, -28.214688206861837, -5.648502894005195
29.872945796391807, -26.853114240900176, -5.649700498795615
29.881609909765427, -25.450432046379483, -5.650898103586034
29.879041638004338, -24.04777005289078, -5.652095708376454
29.876473366243246, -22.645354121367184, -5.653293313166872
29.873905094482158, -21.24318425180875, -5.6544909179572915
29.87133682272107, -19.84126044421545, -5.6556885227477105
29.868768550959977, -18.439582698587277, -5.6568861275381295
29.866200279198893, -17.038151014924214, -5.658083732328548
29.8636320074378, -15.636965393226316, -5.659281337118967
29.861063735676712, -14.236025833493553, -5.660478941909387
29.858495463915624, -12.835332335725898, -5.661676546699807
29.85592719215453, -11.434884899923397, -5.662874151490225
29.853358920393443, -10.034683526086036, -5.664071756280644
29.850790648632355, -8.63472821421381, -5.665269361071064
29.848222376871263, -7.235018964306694, -5.666466965861483
29.845654105110178, -5.835555776364734, -5.667664570651903
29.843085833349086, -4.436338650387906, -5.668862175442321
29.840517561587998, -3.037367586376214, -5.670059780232741
29.83794928982691, -1.638642584329637, -5.67125738502316
29.835381018065817, -0.24016364424821965, -5.672454989813579
29.832812746304732, 1.1580692338680918, -5.673652594603998
29.83024447454364, 2.556056050019248, -5.674850199394417
29.827676202782552, 3.953796804205264, -5.676047804184837
29.825107931021464, 5.35129149642617, -5.6772454089752555
29.82253965926037, 6.748540126681919, -5.6784430137656745
29.819971387499287, 8.145542694972567, -5.6796406185560935
29.817403115738195, 9.54229920129802, -5.680838223346513
29.814834843977103, 10.938809645658365, -5.682035828136932
29.812266572216018, 12.335074028053603, -5.683233432927351
29.809698300454926, 13.731092348483681, -5.68443103771777
29.807130028693834, 15.126864606948628, -5.68562864250819
29.80456175693275, 16.52239080344846, -5.686826247298609
29.801993485171657, 17.91767093798313, -5.688023852089027
29.799425213410572, 19.312705010552698, -5.689221456879447
29.79685694164948, 20.707493021157106, -5.690419061669866
29.794288669888388, 22.102034969796403, -5.691616666460286
29.791720398127303, 23.496330856470543, -5.692814271250704
29.78915212636621, 24.890380681179515, -5.694011876041124
29.786583854605123, 26.28418444392338, -5.695209480831543
29.62441461224857, 27.66364042334311, -5.696407085621962
28.956928202413604, 28.87184355051959, -5.69760469041238
27.774116033792243, 29.584550951471346, -5.698802295202799
26.39536467363519, 29.77631076756056, -5.699999899993219
26.395364673635193, 29.776310767560545, -5.6999998999932195
24.997654677194806, 29.773742495799453, -5.7011975047836385
23.600190742719555, 29.77117422403837, -5.7023951095740575
22.202972870209436, 29.768605952277277, -5.703592714364477
20.806001059664453, 29.766037680516188, -5.704790319154896
19.409275311084606, 29.7634694087551, -5.705987923945315
18.01279562446989, 29.76090113699401, -5.707185528735734
16.61656199982031, 29.75833286523292, -5.708383133526154
15.220574437135863, 29.75576459347183, -5.709580738316572
13.824832936416554, 29.753196321710742, -5.710778343106992
12.429337497662374, 29.75062804994965, -5.711975947897411
11.034088120873335, 29.748059778188566, -5.713173552687831
9.639084806049425, 29.745491506427474, -5.71437115747825
8.24432755319065, 29.742923234666378, -5.715568762268668
6.84981636229701, 29.740354962905293, -5.716766367059088
5.455551233368506, 29.7377866911442, -5.717963971849507
4.061532166405132, 29.735218419383113, -5.719161576639927
2.667759161406896, 29.732650147622024, -5.720359181430345
1.2742322183737953, 29.730081875860936, -5.721556786220765
-0.11904866269417208, 29.727513604099844, -5.7227543910111836
-1.5120834817970106, 29.724945332338756, -5.7239519958016025
-2.904872238934706, 29.722377060577667, -5.725149600592022
-4.29741493410727, 29.719808788816575, -5.7263472053824405
-5.689711567314703, 29.717240517055487, -5.72754481017286
-7.081762138556998, 29.7146722452944, -5.728742414963279
-8.47356664783416, 29.71210397353331, -5.729940019753699
-9.865125095146189, 29.709535701772218, -5.731137624544117
-11.256437480493084, 29.70696743001113, -5.732335229334537
-12.647503803874843, 29.704399158250038, -5.733532834124956
-14.038324065291466, 29.70183088648895, -5.734730438915375
-15.428898264742958, 29.69926261472786, -5.735928043705794
-16.819226402229315, 29.69669434296677, -5.737125648496213
-18.20930847775054, 29.69412607120568, -5.738323253286634
-19.599144491306625, 29.691557799444592, -5.739520858077052
-20.988734442897577, 29.6889895276835, -5.740718462867471
-22.378078332523394, 29.68642125592241, -5.74191606765789
-23.76717616018408, 29.683852984161323, -5.74311367244831
-25.156027925879627, 29.681284712400235, -5.744311277238729
-26.544542360423574, 29.672004235940186, -5.745508882029148
-27.89932058889926, 29.3998364316719, -5.7467064868195665
-29.004590255633502, 28.584806702699087, -5.747904091609986
-29.56652541116046, 27.325410766378155, -5.7491016964004045
-29.668443353594796, 25.93997289607065, -5.750299301190823
-29.665875081833708, 24.547460958643725, -5.751496905981242
-29.663306810072616, 23.15519508318194, -5.752694510771661
-29.660738538311527, 21.76317526968528, -5.753892115562081
-29.658170266550442, 20.371401518153764, -5.7550897203525
-29.65560199478935, 18.97987382858738, -5.756287325142919
-29.65303372302826, 17.58859220098612, -5.757484929933338
-29.650465451267173, 16.19755663535001, -5.758682534723757
-29.64789717950608, 14.806767131679024, -5.759880139514177
-29.64532890774499, 13.416223689973172, -5.761077744304595
-29.642760635983905, 12.025926310232459, -5.762275349095015
-29.640192364222816, 10.63587499245688, -5.763472953885435
-29.637624092461724, 9.24606973664643, -5.764670558675853
-29.635055820700636, 7.856510542801124, -5.765868163466273
-29.632487548939544, 6.467197410920944, -5.767065768256692
-29.62991927717846, 5.078130341005899, -5.768263373047111
-29.627351005417367, 3.6893093330559967, -5.76946097783753
-29.62478273365628, 2.3007343870712202, -5.770658582627949
-29.62221446189519, 0.9124055030515859, -5.7718561874183685
-29.619646190134098, -0.47567731900291776, -5.7730537922087874
-29.617077918373006, -1.8635140790922913, -5.774251396999206
-29.61450964661192, -3.2511047772165225, -5.775449001789626
-29.61194137485083, -4.638449413375628, -5.776646606580045
-29.60937310308974, -6.02554798756959, -5.777844211370464
-29.606804831328652, -7.412400499798428, -5.779041816160883
-29.604236559567568, -8.799006950062122, -5.780239420951303
-29.601668287806476, -10.185367338360686, -5.781437025741722
-29.599100016045384, -11.571481664694106, -5.78263463053214
-29.5965317442843, -12.957349929062413, -5.78383223532256
-29.593963472523207, -14.342972131465562, -5.78502984011298
-29.591395200762115, -15.728348271903592, -5.786227444903398
-29.58882692900103, -17.11347835037649, -5.787425049693818
-29.58625865723994, -18.498362366884244, -5.788622654484238
-29.58369038547885, -19.883000321426888, -5.789820259274656
-29.58112211371776, -21.26739221400436, -5.791017864065075
-29.578553841956673, -22.65153804461672, -5.7922154688554945
-29.57598557019558, -24.035437813263947, -5.7934130736459135
-29.57341729843449, -25.41909151994603, -5.794610678436332
-29.536583434469758, -26.80123995179309, -5.795808283226753
-29.139482926149462, -28.11776144104745, -5.797005888017172
-28.183479874405094, -29.096398624029707, -5.798203492807591
-26.872774935190414, -29.518664177353656, -5.79940109759801
-25.487164769140314, -29.560575939629288, -5.800598702388429
-24.099850890726852, -29.558007667868203, -5.801796307178849
-22.712783074278526, -29.55543939610711, -5.802993911969267
-21.325961319795354, -29.55287112434602, -5.804191516759687
-19.939385627277296, -29.550302852584934, -5.805389121550106
-18.55305599672436, -29.547734580823843, -5.806586726340525
-17.16697242813657, -29.545166309062754, -5.807784331130945
-15.781134921513917, -29.542598037301666, -5.808981935921363
-14.39554347685641, -29.540029765540577, -5.810179540711783
-13.010198094164029, -29.53746149377949, -5.811377145502202
-11.625098773436786, -29.53489322201839, -5.812574750292621
-10.240245514674665, -29.5323249502573, -5.8137723550830405
-8.855638317877686, -29.529756678496213, -5.8149699598734585
-7.471277183045831, -29.527188406735128, -5.816167564663878
-6.087162110179133, -29.524620134974036, -5.817365169454297
-4.703293099277545, -29.522051863212944, -5.818562774244716
-3.3196701503411026, -29.519483591451856, -5.819760379035136
-1.9362932633698013, -29.516915319690767, -5.820957983825554
-0.5531624383636291, -29.514347047929682, -5.822155588615974
0.8297223246774101, -29.51177877616859, -5.823353193406393
2.2123610257533337, -29.5092105044075, -5.824550798196812
3.594753664864114, -29.50664223264641, -5.825748402987232
4.976900242009731, -29.50407396088532, -5.826946007777651
6.358800757190242, -29.501505689124233, -5.82814361256807
7.740455210405608, -29.498937417363145, -5.82934121735849
9.121863601655843, -29.496369145602053, -5.830538822148909
10.503025930940941, -29.49380087384096, -5.831736426939328
11.883942198260915, -29.491232602079872, -5.832934031729747
13.264612403615747, -29.488664330318784, -5.834131636520166
14.645036547005443, -29.486096058557692, -5.8353292413105855
16.025214628430017, -29.483527786796603, -5.836526846101004
17.40514664788943, -29.480959515035515, -5.8377244508914234
18.784832605383734, -29.478391243274423, -5.838922055681842
20.16427250091288, -29.475822971513338, -5.840119660472261
21.543466334476932, -29.473254699752246, -5.84131726526268
22.922414106075816, -29.470686427991158, -5.842514870053099
24.30111581570958, -29.46811815623007, -5.843712474843519
25.67957146337818, -29.465549884468977, -5.844910079633938
27.05203535244142, -29.3729260144824, -5.846107684424357
28.31006342707051, -28.837360701358808, -5.847305289214777
29.149730578829022, -27.7622272112916, -5.848502894005195
29.444481853083964, -26.41909497394432, -5.849700498795615
29.452708525663514, -25.036940292844154, -5.850898103586034
29.450140253902422, -23.65482447344415, -5.852095708376453
29.447571982141337, -22.272954716009284, -5.853293313166873
29.44500371038025, -20.891331020539553, -5.854490917957292
29.442435438619157, -19.50995338703496, -5.855688522747711
29.43986716685807, -18.128821815495503, -5.85688612753813
29.43729889509698, -16.747936305921172, -5.8580837323285495
29.434730623335888, -15.367296858311981, -5.8592813371189685
29.4321623515748, -13.986903472667922, -5.8604789419093875
29.42959407981371, -12.606756148988994, -5.861676546699806
29.427025808052623, -11.226854887275207, -5.862874151490226
29.424457536291534, -9.847199687526578, -5.864071756280645
29.421889264530442, -8.467790549743057, -5.865269361071064
29.419320992769354, -7.088627473924642, -5.866466965861483
29.41675272100826, -5.709710460071388, -5.867664570651902
29.414184449247173, -4.331039508183271, -5.868862175442322
29.41161617748609, -2.952614618260313, -5.870059780232741
29.409047905724996, -1.5744357903024353, -5.87125738502316
29.406479633963908, -0.19650302430974484, -5.872454989813578
29.403911362202816, 1.1811836797178645, -5.873652594603999
29.401343090441728, 2.558624321780287, -5.874850199394417
29.39877481868064, 3.9358189018775978, -5.876047804184836
29.396206546919547, 5.312767420009751, -5.877245408975255
29.39363827515846, 6.689469876176821, -5.878443013765675
29.391070003397374, 8.065926270378759, -5.879640618556094
29.388501731636282, 9.442136602615506, -5.880838223346513
29.385933459875194, 10.818100872887147, -5.882035828136932
29.3833651881141, 12.193819081193631, -5.8832334329273515
29.380796916353013, 13.56929122753503, -5.88443103771777
29.378228644591925, 14.944517311911245, -5.885628642508189
29.375660372830833, 16.319497334322378, -5.886826247298608
29.373092101069748, 17.694231294768347, -5.888023852089028
29.370523829308656, 19.068719193249155, -5.889221456879447
29.367955557547567, 20.442961029764884, -5.890419061669866
29.36538728578648, 21.816956804315424, -5.891616666460285
29.362819014025387, 23.190706516900878, -5.892814271250705
29.3602507422643, 24.564210167521153, -5.894011876041124
29.35768247050321, 25.937467756176318, -5.895209480831543
29.177781166101962, 27.29377192332115, -5.896407085621962
28.500410612576797, 28.473371202872045, -5.897604690412382
27.325537021663695, 29.16156025471766, -5.898802295202801
25.96646328953328, 29.34740938345864, -5.89999989999322
25.966463289533287, 29.34740938345863, -5.89999989999322
24.58929946718162, 29.344841111697537, -5.901197504783639
23.212381706795085, 29.34227283993645, -5.9023951095740586
21.83571000837368, 29.33970456817536, -5.903592714364477
20.459284371917416, 29.337136296414272, -5.9047903191548965
19.083104797426284, 29.33456802465318, -5.9059879239453155
17.707171284900287, 29.33199975289209, -5.907185528735735
16.331483834339423, 29.329431481131003, -5.908383133526153
14.956042445743694, 29.326863209369915, -5.909580738316572
13.580847119113102, 29.324294937608826, -5.910778343106992
12.20589785444764, 29.321726665847734, -5.911975947897411
10.831194651747316, 29.31915839408665, -5.91317355268783
9.456737511012122, 29.316590122325557, -5.914371157478249
8.082526432242062, 29.314021850564462, -5.915568762268668
6.708561415437142, 29.311453578803373, -5.916766367059088
5.3348424605973515, 29.308885307042285, -5.917963971849506
3.9613695677227003, 29.306317035281197, -5.919161576639926
2.588142736813178, 29.303748763520105, -5.920359181430345
1.2151619678687942, 29.301180491759016, -5.921556786220765
-0.15757273911045833, 29.298612219997928, -5.922754391011184
-1.5300613841245743, 29.296043948236836, -5.923951995801603
-2.9023039671735584, 29.293475676475747, -5.925149600592022
-4.2743004882574045, 29.29090740471466, -5.9263472053824415
-5.6460509473761205, 29.288339132953574, -5.9275448101728605
-7.017555344529702, 29.285770861192482, -5.9287424149632795
-8.38881367971815, 29.28320258943139, -5.929940019753699
-9.75982595294146, 29.2806343176703, -5.931137624544118
-11.130592164199633, 29.278066045909213, -5.932335229334537
-12.50111231349268, 29.27549777414812, -5.933532834124957
-13.871386400820587, 29.27292950238703, -5.934730438915375
-15.241414426183365, 29.270361230625944, -5.935928043705795
-16.611196389580996, 29.267792958864852, -5.937125648496214
-17.980732291013506, 29.265224687103764, -5.938323253286633
-19.350022130480877, 29.262656415342672, -5.939520858077052
-20.719065907983115, 29.260088143581584, -5.940718462867471
-22.08786362352022, 29.257519871820495, -5.941916067657891
-23.45641527709218, 29.254951600059403, -5.94311367244831
-24.824720868699014, 29.252383328298315, -5.944311277238729
-26.192613962523748, 29.24017860852326, -5.945508882029147
-27.523059229714857, 28.95040454882649, -5.946706486819567
-28.597188735743764, 28.127085607855086, -5.947904091609986
-29.14094696509557, 26.88146229627939, -5.949101696400405
-29.239541969492876, 25.516208055491, -5.950299301190824
-29.236973697731788, 24.144242292152793, -5.951496905981243
-29.2344054259707, 22.772522590779722, -5.9526945107716625
-29.231837154209607, 21.40104895137178, -5.9538921155620805
-29.229268882448523, 20.029821373928982, -5.9550897203525
-29.22670061068743, 18.658839858451316, -5.956287325142919
-29.22413233892634, 17.28810440493877, -5.957484929933338
-29.221564067165254, 15.917615013391373, -5.958682534723757
-29.21899579540416, 14.547371683809104, -5.959880139514177
-29.21642752364307, 13.177374416191975, -5.961077744304596
-29.21385925188198, 11.807623210539964, -5.962275349095016
-29.211290980120896, 10.438118066853107, -5.963472953885434
-29.208722708359804, 9.06885898513137, -5.964670558675854
-29.206154436598712, 7.699845965374774, -5.965868163466272
-29.203586164837624, 6.331079007583311, -5.967065768256692
-29.20101789307654, 4.962558111756986, -5.968263373047112
-29.198449621315447, 3.5942832778957965, -5.96946097783753
-29.195881349554355, 2.2262545059997403, -5.97065858262795
-29.19331307779327, 0.8584717960688104, -5.971856187418369
-29.19074480603218, -0.5090648518969753, -5.973053792208788
-29.188176534271086, -1.8763554378976286, -5.974251396999207
-29.18560826251, -3.2433999619331484, -5.975449001789626
-29.18303999074891, -4.610198424003535, -5.976646606580045
-29.18047171898782, -5.976750824108791, -5.9778442113704635
-29.177903447226733, -7.343057162248908, -5.979041816160883
-29.175335175465644, -8.70911743842389, -5.980239420951303
-29.172766903704552, -10.074931652633744, -5.981437025741721
-29.170198631943464, -11.440499804878447, -5.982634630532141
-29.167630360182375, -12.80582189515804, -5.98383223532256
-29.165062088421287, -14.170897923472474, -5.985029840112979
-29.162493816660195, -15.53572788982178, -5.986227444903399
-29.159925544899103, -16.900311794205965, -5.987425049693817
-29.157357273138018, -18.264649636625002, -5.988622654484237
-29.154789001376926, -19.628741417078935, -5.989820259274656
-29.152220729615834, -20.992587135567696, -5.991017864065075
-29.14965245785475, -22.356186792091346, -5.992215468855495
-29.147084186093657, -23.719540386649854, -5.993413073645914
-29.14451591433257, -25.082647919243218, -5.994610678436333
-29.09865444968126, -26.44364793303257, -5.995808283226753
-28.684673187530258, -27.733173903207245, -5.997005888017172
-27.728260282955265, -28.683534035704206, -5.998203492807591
-26.4337136105028, -29.091283294719567, -5.99940109759801
-25.06853647208286, -29.131674555527376, -6.000598702388429
-23.701768767758132, -29.129106283766284, -6.001796307178848
-22.335247125398517, -29.1265380120052, -6.002993911969268
-20.96897154500404, -29.123969740244107, -6.004191516759686
-19.602942026574702, -29.121401468483015, -6.005389121550106
-18.237158570110484, -29.11883319672193, -6.006586726340525
-16.87162117561142, -29.116264924960838, -6.007784331130944
-15.506329843077479, -29.11369665319975, -6.008981935921364
-14.141284572508685, -29.11112838143866, -6.010179540711782
-12.77648536390501, -29.10856010967757, -6.011377145502202
-11.411932217266472, -29.105991837916477, -6.012574750292621
-10.047625132593076, -29.103423566155392, -6.01377235508304
-8.6835641098848, -29.1008552943943, -6.01496995987346
-7.319749149141675, -29.098287022633208, -6.016167564663879
-5.9561802503636665, -29.09571875087212, -6.017365169454298
-4.592857413550809, -29.09315047911103, -6.018562774244717
-3.22978063870307, -29.09058220734994, -6.019760379035136
-1.8669499258204758, -29.088013935588855, -6.020957983825555
-0.5043652749030226, -29.085445663827763, -6.022155588615974
0.8579733140493262, -29.082877392066674, -6.023353193406393
2.220065841036514, -29.080309120305586, -6.024550798196813
3.581912306058579, -29.077740848544494, -6.025748402987231
4.943512709115483, -29.07517257678341, -6.026946007777651
6.304867050207282, -29.072604305022317, -6.02814361256807
7.665975329333946, -29.07003603326123, -6.029341217358489
9.026837546495457, -29.067467761500136, -6.030538822148909
10.387453701691854, -29.064899489739048, -6.031736426939327
11.74782379492312, -29.062331217977956, -6.032934031729747
13.107947826189246, -29.059762946216868, -6.034131636520167
14.467825795490214, -29.05719467445578, -6.035329241310586
15.827457702826067, -29.054626402694687, -6.036526846101005
17.18684354819679, -29.052058130933595, -6.037724450891424
18.545983331602365, -29.04948985917251, -6.038922055681843
19.904877053042814, -29.04692158741142, -6.040119660472262
21.263524712518127, -29.04435331565033, -6.041317265262681
22.621926310028314, -29.04178504388924, -6.0425148700531
23.980081845573366, -29.039216772128153, -6.043712474843519
25.337991319153282, -29.036648500367065, -6.044910079633938
26.688338007659528, -28.929625232219944, -6.046107684424357
27.918215956779907, -28.380816634698334, -6.047305289214776
28.730271846244634, -27.309447216337315, -6.048502894005196
29.016017909776114, -25.98507570698852, -6.049700498795615
29.023807141561605, -24.62344853930883, -6.050898103586034
29.021238869800513, -23.261878893997554, -6.052095708376453
29.018670598039428, -21.900555310651395, -6.053293313166872
29.016102326278336, -20.539477789270368, -6.054490917957292
29.013534054517248, -19.178646329854477, -6.055688522747711
29.01096578275616, -17.81806093240372, -6.05688612753813
29.00839751099507, -16.45772159691812, -6.058083732328549
29.005829239233982, -15.097628323397629, -6.059281337118969
29.00326096747289, -13.737781111842299, -6.060478941909388
29.0006926957118, -12.37817996225208, -6.061676546699807
28.99812442395071, -11.018824874626993, -6.062874151490226
28.99555615218962, -9.65971584896707, -6.0640717562806445
28.992987880428533, -8.300852885272253, -6.065269361071064
28.990419608667445, -6.942235983542563, -6.066466965861483
28.987851336906356, -5.583865143778013, -6.067664570651902
28.985283065145268, -4.225740365978622, -6.068862175442321
28.982714793384176, -2.867861650144345, -6.070059780232741
28.980146521623084, -1.5102289962751947, -6.071257385023159
28.977578249861995, -0.15284240437121122, -6.072454989813579
28.975009978100907, 1.204298125567636, -6.073652594603998
28.97244170633982, 2.5611925935413886, -6.074850199394417
28.96987343457873, 3.9178409995499712, -6.076047804184837
28.96730516281764, 5.27424334359344, -6.077245408975255
28.964736891056553, 6.63039962567175, -6.078443013765675
28.96216861929546, 7.986309845784977, -6.079640618556095
28.959600347534373, 9.341974003933018, -6.080838223346514
28.957032075773284, 10.697392100115923, -6.082035828136933
28.954463804012192, 12.052564134333739, -6.083233432927352
28.951895532251104, 13.407490106586375, -6.084431037717771
28.949327260490016, 14.762170016873895, -6.0856286425081905
28.946758988728927, 16.116603865196268, -6.086826247298609
28.944190716967835, 17.470791651553558, -6.088023852089028
28.941622445206747, 18.824733375945662, -6.089221456879447
28.93905417344566, 20.178429038372638, -6.090419061669867
28.93648590168457, 21.531878638834524, -6.091616666460286
28.93391762992348, 22.885082177331228, -6.092814271250705
28.931349358162393, 24.238039653862796, -6.094011876041124
28.927589907723863, 25.590734871380157, -6.095209480831543
28.73114771995536, 26.92390342329916, -6.096407085621962
28.042375213474223, 28.07338104595877, -6.097604690412382
26.876958009535162, 28.738569557963963, -6.098802295202801
25.537561905431367, 28.91850799935672, -6.09999989999322
25.537561905431367, 28.918507999356706, -6.09999989999322
24.180944257168413, 28.915939727595617, -6.101197504783639
22.82457267087059, 28.91337145583453, -6.102395109574059
21.46844714653791, 28.910803184073437, -6.103592714364477
20.112567684170358, 28.90823491231235, -6.104790319154897
18.756934283767936, 28.90566664055126, -6.105987923945316
17.401546945330654, 28.90309836879017, -6.1071855287357355
16.046405668858508, 28.900530097029083, -6.1083831335261545
14.691510454351494, 28.89796182526799, -6.1095807383165734
13.336861301809614, 28.895393553506903, -6.110778343106992
11.982458211232865, 28.89282528174581, -6.111975947897411
10.628301182621259, 28.890257009984726, -6.113173552687831
9.274390215974778, 28.887688738223634, -6.11437115747825
7.920725311293436, 28.885120466462542, -6.115568762268669
6.567306468577226, 28.88255219470145, -6.116766367059088
5.214133687826153, 28.87998392294036, -6.117963971849507
3.861206969040215, 28.877415651179273, -6.119161576639927
2.5085263122194075, 28.874847379418185, -6.120359181430346
1.1560917173637368, 28.872279107657096, -6.121556786220765
-0.19609681552679828, 28.869710835896004, -6.122754391011184
-1.5480392864522063, 28.867142564134912, -6.123951995801603
-2.899735695412474, 28.864574292373828, -6.125149600592023
-4.251186042407607, 28.862006020612736, -6.126347205382442
-5.602390327437606, 28.85943774885165, -6.127544810172862
-6.953348550502477, 28.856869477090555, -6.128742414963279
-8.304060711602203, 28.85430120532947, -6.129940019753699
-9.654526810736803, 28.85173293356838, -6.1311376245441185
-11.004746847906267, 28.84916466180729, -6.132335229334537
-12.354720823110599, 28.846596390046198, -6.133532834124956
-13.704448736349786, 28.84402811828511, -6.134730438915376
-15.053930587623851, 28.841459846524018, -6.135928043705794
-16.403166376932777, 28.83889157476293, -6.137125648496214
-17.752156104276565, 28.83632330300184, -6.138323253286634
-19.100899769655225, 28.833755031240752, -6.139520858077052
-20.44939737306875, 28.831186759479664, -6.140718462867471
-21.79764891451714, 28.828618487718572, -6.14191606765789
-23.145654394000392, 28.826050215957483, -6.14311367244831
-24.49341381151851, 28.823481944196395, -6.144311277238729
-25.84051656627335, 28.80535064102881, -6.14550888202915
-27.146352181974084, 28.499959868177463, -6.1467064868195695
-28.1897872158541, 27.66936451301099, -6.147904091609988
-28.715368519030694, 26.437513826180528, -6.1491016964004075
-28.810640585390956, 25.092443214911228, -6.150299301190824
-28.808072313629868, 23.74102362566174, -6.151496905981244
-28.80550404186878, 22.38985009837738, -6.152694510771662
-28.802935770107688, 21.03892263305816, -6.153892115562082
-28.800367498346603, 19.68824122970407, -6.155089720352501
-28.79779922658551, 18.33780588831511, -6.1562873251429195
-28.79523095482442, 16.98761660889128, -6.1574849299333385
-28.792662683063334, 15.6376733914326, -6.158682534723758
-28.790094411302245, 14.287976235939052, -6.159880139514177
-28.78752613954115, 12.938525142410626, -6.161077744304596
-28.784957867780065, 11.589320110847336, -6.162275349095015
-28.782389596018977, 10.240361141249195, -6.163472953885435
-28.779821324257888, 8.89164823361617, -6.164670558675853
-28.777253052496796, 7.543181387948291, -6.165868163466273
-28.774684780735708, 6.194960604245537, -6.167065768256693
-28.77211650897462, 4.8469858825079255, -6.168263373047111
-28.769548237213527, 3.499257222735449, -6.16946097783753
-28.76697996545244, 2.1517746249281076, -6.170658582627949
-28.76441169369135, 0.8045380890858873, -6.171856187418369
-28.76184342193026, -0.5424523847911896, -6.173053792208788
-28.75927515016917, -1.8891967967031291, -6.174251396999207
-28.75670687840808, -3.235695146649939, -6.175449001789627
-28.754138606646993, -4.581947434631608, -6.176646606580045
-28.7515703348859, -5.927953660648152, -6.177844211370465
-28.749002063124813, -7.273713824699554, -6.179041816160884
-28.746433791363728, -8.61922792678582, -6.180239420951303
-28.743865519602636, -9.96449596690696, -6.181437025741722
-28.741297247841544, -11.309517945062957, -6.1826346305321405
-28.73872897608046, -12.65429386125383, -6.18383223532256
-28.736160704319367, -13.99882371547956, -6.18502984011298
-28.733592432558275, -15.343107507740159, -6.186227444903398
-28.73102416079719, -16.687145238035626, -6.187425049693818
-28.728455889036102, -18.030936906365948, -6.188622654484237
-28.725887617275013, -19.37448251273115, -6.189820259274656
-28.72331934551392, -20.717782057131203, -6.191017864065075
-28.720751073752833, -22.060835539566142, -6.192215468855495
-28.718182801991745, -23.40364296003593, -6.193413073645914
-28.715614530230653, -24.74620431854059, -6.194610678436332
-28.65910955530446, -26.08586613303142, -6.195808283226752
-28.22904381046752, -27.348136198018736, -6.197005888017172
-27.273040691505294, -28.2706694473788, -6.1982034928075915
-25.994652285814993, -28.663902412085505, -6.19940109759801
-24.649908175025228, -28.702773171425463, -6.2005987023884295
-23.30368664478921, -28.700204899664374, -6.2017963071788484
-21.95771117651831, -28.697636627903286, -6.202993911969267
-20.611981770212545, -28.695068356142198, -6.204191516759687
-19.266498425871916, -28.69250008438111, -6.205389121550105
-17.9212611434964, -28.689931812620017, -6.206586726340525
-16.57626992308606, -28.68736354085893, -6.207784331130945
-15.231524764640827, -28.68479526909784, -6.208981935921363
-13.887025668160735, -28.68222699733675, -6.210179540711783
-12.542772633645773, -28.679658725575656, -6.211377145502202
-11.198765661095944, -28.67709045381457, -6.212574750292621
-9.855004750511249, -28.67452218205348, -6.213772355083041
-8.511489901891677, -28.671953910292387, -6.214969959873459
-7.16822111523727, -28.669385638531303, -6.216167564663879
-5.825198390547988, -28.66681736677021, -6.217365169454298
-4.482421727823834, -28.66424909500912, -6.218562774244717
-3.1398911270648213, -28.661680823248034, -6.219760379035137
-1.7976065882709262, -28.659112551486945, -6.220957983825555
-0.4555681114421771, -28.656544279725853, -6.2221555886159745
0.8862243034214397, -28.653976007964765, -6.2233531934063935
2.227770656319916, -28.651407736203677, -6.2245507981968125
3.5690709472532545, -28.648839464442585, -6.225748402987232
4.910125176221448, -28.646271192681496, -6.22694600777765
6.250933343224556, -28.64370292092041, -6.22814361256807
7.591495448262496, -28.64113464915932, -6.22934121735849
8.931811491335294, -28.638566377398224, -6.230538822148908
10.271881472442988, -28.635998105637135, -6.231736426939328
11.611705391585522, -28.63342983387605, -6.232934031729747
12.951283248762937, -28.63086156211496, -6.234131636520166
14.290615043975208, -28.628293290353866, -6.235329241310585
15.629700777222334, -28.62572501859278, -6.236526846101004
16.968540448504346, -28.62315674683169, -6.237724450891424
18.307134057821198, -28.6205884750706, -6.238922055681843
19.645481605172947, -28.618020203309513, -6.240119660472262
20.983583090559534, -28.615451931548424, -6.241317265262682
22.321438513981008, -28.612883659787332, -6.242514870053101
23.65904787543735, -28.610315388026244, -6.2437124748435195
24.996411174928536, -28.607747116265156, -6.2449100796339385
26.324640662877748, -28.486324449957465, -6.2461076844243575
27.526368486489446, -27.92427256803775, -6.247305289214777
28.310702507026186, -26.856618548181842, -6.248502894005196
28.587553966468285, -25.551056440032514, -6.249700498795615
28.594905757459692, -24.209956785773308, -6.250898103586034
28.592337485698604, -22.868933314550755, -6.252095708376454
28.58976921393751, -21.528155905293307, -6.253293313166873
28.587200942176423, -20.187624558001016, -6.254490917957292
28.584632670415335, -18.84733927267384, -6.255688522747711
28.582064398654246, -17.50730004931182, -6.25688612753813
28.579496126893154, -16.167506887914914, -6.25808373232855
28.57692785513207, -14.827959788483138, -6.259281337118969
28.574359583370978, -13.488658751016526, -6.260478941909388
28.57179131160989, -12.149603775515043, -6.261676546699807
28.5692230398488, -10.810794861978671, -6.262874151490226
28.56665476808771, -9.472232010407462, -6.264071756280646
28.56408649632662, -8.13391522080136, -6.265269361071065
28.561518224565532, -6.795844493160389, -6.266466965861484
28.55894995280444, -5.458019827484576, -6.2676645706519025
28.55638168104335, -4.120441223773881, -6.2688621754423215
28.553813409282263, -2.78310868202834, -6.270059780232741
28.55124513752117, -1.4460222022479088, -6.27125738502316
28.548676865760086, -0.10918178443261525, -6.27245498981358
28.546108593998998, 1.227412571417518, -6.273652594603998
28.543540322237906, 2.5637608653025485, -6.274850199394417
28.540972050476817, 3.8998630972224126, -6.276047804184837
28.53840377871573, 5.235719267177147, -6.277245408975256
28.535835506954637, 6.57132937516677, -6.278443013765676
28.53326723519355, 7.906693421191238, -6.279640618556094
28.53069896343246, 9.241811405250587, -6.280838223346513
28.528130691671368, 10.576683327344782, -6.282035828136933
28.525562419910283, 11.9113091874739, -6.283233432927352
28.52299414814919, 13.245688985637827, -6.284431037717772
28.520425876388103, 14.579822721836646, -6.28562864250819
28.517857604627014, 15.913710396070302, -6.286826247298609
28.515289332865926, 17.24735200833885, -6.288023852089029
28.512721061104834, 18.580747558642237, -6.289221456879448
28.510152789343746, 19.91389704698052, -6.2904190616698665
28.507584517582654, 21.24680047335364, -6.2916166664602855
28.505016245821565, 22.579457837761627, -6.2928142712507045
28.502447974060477, 23.911869140204505, -6.294011876041124
28.49647821633563, 25.24398812898537, -6.295209480831543
28.28451427380875, 26.554034923277197, -6.296407085621963
27.58306008182527, 27.672111156499167, -6.297604690412381
26.42837899740656, 28.31557886121029, -6.298802295202801
25.108660521329455, 28.4896066152548, -6.29999989999322
25.108660521329462, 28.48960661525479, -6.29999989999322
23.772589047155222, 28.4870383434937, -6.301197504783639
22.43676363494611, 28.48447007173261, -6.302395109574058
21.101184284702136, 28.48190179997152, -6.303592714364478
19.765850996423293, 28.479333528210432, -6.304790319154897
18.43076377010959, 28.476765256449344, -6.305987923945316
17.095922605761018, 28.474196984688252, -6.307185528735735
15.761327503377583, 28.471628712927163, -6.308383133526154
14.42697846295928, 28.46906044116607, -6.309580738316574
13.092875484506111, 28.466492169404987, -6.310778343106993
11.759018568018078, 28.463923897643898, -6.311975947897412
10.425407713495183, 28.461355625882806, -6.3131735526878305
9.092042920937413, 28.458787354121718, -6.3143711574782495
7.758924190344781, 28.456219082360622, -6.315568762268669
6.426051521717286, 28.453650810599537, -6.316766367059088
5.093424915054923, 28.451082538838442, -6.317963971849507
3.761044370357696, 28.448514267077357, -6.319161576639926
2.4289098876256037, 28.445945995316265, -6.320359181430345
1.0970214668586427, 28.44337772355518, -6.321556786220766
-0.23462089194317812, 28.440809451794088, -6.322754391011184
-1.5660171887798706, 28.438241180032996, -6.323951995801603
-2.897167423651429, 28.43567290827191, -6.325149600592022
-4.228071596557847, 28.43310463651082, -6.326347205382441
-5.558729707499136, 28.43053636474973, -6.327544810172862
-6.8891417564752935, 28.42796809298864, -6.32874241496328
-8.219307743486306, 28.425399821227554, -6.3299400197537
-9.549227668532197, 28.422831549466466, -6.331137624544118
-10.878901531612943, 28.420263277705374, -6.332335229334537
-12.208329332728558, 28.41769500594428, -6.3335328341249575
-13.537511071879038, 28.415126734183193, -6.334730438915376
-14.86644674906439, 28.412558462422105, -6.335928043705795
-16.195136364284597, 28.409990190661013, -6.3371256484962135
-17.52357991753968, 28.407421918899924, -6.338323253286633
-18.851777408829623, 28.404853647138832, -6.339520858077053
-20.179728838154432, 28.402285375377744, -6.340718462867471
-21.50743420551411, 28.399717103616656, -6.341916067657891
-22.834893510908653, 28.397148831855567, -6.343113672448309
-24.162106754338055, 28.394580560094475, -6.344311277238729
-25.488383424981002, 28.369887645015858, -6.345508882029149
-26.76817448204684, 28.04617322758184, -6.346706486819569
-27.78238569596446, 27.211643418166858, -6.347904091609987
-28.289790072965843, 25.99356535608161, -6.349101696400406
-28.38173920128904, 24.66867837433142, -6.350299301190824
-28.37917092952795, 23.337804959170644, -6.351496905981244
-28.37660265776686, 22.007177605975002, -6.352694510771661
-28.374034386005775, 20.67679631474449, -6.353892115562082
-28.371466114244683, 19.346661085479113, -6.355089720352501
-28.368897842483594, 18.016771918178872, -6.35628732514292
-28.366329570722502, 16.687128812843753, -6.357484929933339
-28.363761298961414, 15.357731769473789, -6.358682534723758
-28.361193027200326, 14.02858078806895, -6.359880139514178
-28.358624755439234, 12.699675868629235, -6.3610777443045965
-28.356056483678145, 11.371017011154663, -6.3622753490950155
-28.35348821191706, 10.042604215645243, -6.363472953885435
-28.35091994015597, 8.714437482100934, -6.364670558675854
-28.348351668394876, 7.386516810521765, -6.365868163466272
-28.34578339663379, 6.058842200907733, -6.367065768256692
-28.3432151248727, 4.731413653258832, -6.368263373047111
-28.340646853111608, 3.404231167575069, -6.36946097783753
-28.338078581350523, 2.077294743856442, -6.37065858262795
-28.335510309589434, 0.7506043821029356, -6.37185618741837
-28.332942037828346, -0.5758399176854145, -6.373053792208788
-28.33037376606725, -1.9020381555086452, -6.374251396999207
-28.327805494306162, -3.2279903313667444, -6.375449001789626
-28.325237222545077, -4.553696445259704, -6.376646606580046
-28.322668950783985, -5.879156497187523, -6.377844211370464
-28.320100679022893, -7.204370487150208, -6.379041816160884
-28.317532407261808, -8.529338415147764, -6.380239420951304
-28.314964135500716, -9.85406028118018, -6.381437025741722
-28.312395863739628, -11.178536085247469, -6.3826346305321415
-28.30982759197854, -12.502765827349617, -6.3838322353225605
-28.307259320217447, -13.826749507486639, -6.3850298401129795
-28.30469104845636, -15.150487125658529, -6.386227444903398
-28.30212277669527, -16.473978681865276, -6.387425049693817
-28.299554504934186, -17.797224176106887, -6.388622654484237
-28.296986233173094, -19.120223608383363, -6.389820259274657
-28.294417961412, -20.44297697869471, -6.391017864065075
-28.291849689650917, -21.765484287040927, -6.392215468855495
-28.289281417889825, -23.087745533422005, -6.393413073645913
-28.286713146128733, -24.40976071783794, -6.394610678436333
-28.219564660927666, -25.728084333030242, -6.395808283226752
-27.773414433404795, -26.9630984928302, -6.397005888017171
-26.817311203072762, -27.856876468377017, -6.39820349280759
-25.555590961127216, -28.236521529451437, -6.399401097598009
-24.231279877967623, -28.273871787323557, -6.40059870238843
-22.905604521820315, -28.271303515562465, -6.401796307178849
-21.580175227638122, -28.268735243801373, -6.4029939119692685
-20.254991995421094, -28.26616697204029, -6.404191516759687
-18.930054825169172, -28.263598700279196, -6.405389121550106
-17.60536371688238, -28.261030428518108, -6.406586726340525
-16.280918670560737, -28.25846215675702, -6.407784331130944
-14.956719686204229, -28.25589388499593, -6.408981935921364
-13.63276676381285, -28.253325613234836, -6.410179540711783
-12.309059903386608, -28.25075734147375, -6.411377145502202
-10.985599104925495, -28.24818906971266, -6.412574750292621
-9.66238436842952, -28.245620797951567, -6.41377235508304
-8.33941569389867, -28.243052526190482, -6.41496995987346
-7.016693081332983, -28.24048425442939, -6.416167564663879
-5.694216530732415, -28.237915982668298, -6.417365169454298
-4.371986042096979, -28.235347710907213, -6.418562774244717
-3.050001615426672, -28.23277943914612, -6.419760379035136
-1.728263250721505, -28.230211167385036, -6.420957983825556
-0.40677094798147295, -28.227642895623944, -6.422155588615975
0.914475292793415, -28.225074623862856, -6.423353193406394
2.235475471603198, -28.222506352101767, -6.4245507981968135
3.5562295884477977, -28.219938080340675, -6.425748402987232
4.876737643327298, -28.217369808579587, -6.4269460077776515
6.196999636241672, -28.2148015368185, -6.428143612568071
7.5170155671908905, -28.212233265057407, -6.429341217358489
8.836785436174972, -28.209664993296315, -6.430538822148909
10.15630924319395, -28.207096721535226, -6.431736426939328
11.475586988247766, -28.204528449774134, -6.432934031729747
12.794618671336458, -28.201960178013046, -6.434131636520167
14.113404292460011, -28.199391906251957, -6.435329241310585
15.431943851618442, -28.19682363449087, -6.436526846101005
16.750237348811705, -28.194255362729777, -6.437724450891424
18.068284784039868, -28.191687090968692, -6.438922055681843
19.386086157302884, -28.1891188192076, -6.440119660472262
20.70364146860076, -28.186550547446515, -6.441317265262681
22.020950717933506, -28.183982275685423, -6.442514870053101
23.33801390530114, -28.18141400392433, -6.44371247484352
24.654831030703612, -28.178845732163246, -6.444910079633939
25.96094331809581, -28.043023667695017, -6.446107684424358
27.133649781563502, -27.46667065142855, -6.4473052892147775
27.89113316780768, -26.403789880026515, -6.4485028940051965
28.159090023160434, -25.11703717307669, -6.4497004987956155
28.16600437335778, -23.796465032238, -6.450898103586034
28.16343610159669, -22.47598773510415, -6.452095708376453
28.160867829835603, -21.155756499935418, -6.453293313166873
28.158299558074514, -19.835771326731837, -6.454490917957292
28.155731286313422, -18.51603221549339, -6.455688522747711
28.153163014552334, -17.196539166220063, -6.45688612753813
28.150594742791245, -15.877292178911903, -6.458083732328549
28.148026471030153, -14.558291253568836, -6.459281337118969
28.145458199269065, -13.23953639019093, -6.460478941909388
28.142889927507976, -11.92102758877816, -6.461676546699807
28.140321655746884, -10.602764849330518, -6.462874151490226
28.137753383985796, -9.284748171847992, -6.464071756280645
28.135185112224708, -7.966977556330621, -6.465269361071065
28.13261684046362, -6.6494530027783805, -6.466466965861484
28.130048568702527, -5.332174511191277, -6.467664570651903
28.12748029694144, -4.015142081569283, -6.468862175442323
28.12491202518035, -2.6983557139124517, -6.470059780232741
28.122343753419262, -1.381815408220751, -6.4712573850231605
28.119775481658174, -0.0655211644941843, -6.4724549898135795
28.11720720989708, 1.2505270172672702, -6.4736525946039984
28.114638938135993, 2.5663291370635446, -6.474850199394418
28.112070666374905, 3.8818851948947275, -6.476047804184836
28.109502394613813, 5.197195190760753, -6.477245408975256
28.106934122852728, 6.51225912466165, -6.478443013765675
28.104365851091636, 7.827076996597408, -6.479640618556094
28.101797579330544, 9.141648806568055, -6.480838223346513
28.09922930756946, 10.455974554573544, -6.482035828136933
28.096661035808367, 11.770054240613884, -6.483233432927352
28.094092764047282, 13.083887864689132, -6.484431037717771
28.09152449228619, 14.397475426799248, -6.485628642508191
28.088956220525098, 15.710816926944199, -6.48682624729861
28.086387948764013, 17.02391236512399, -6.488023852089029
28.08381967700292, 18.3367617413387, -6.489221456879448
28.081251405241833, 19.64936505558825, -6.490419061669867
28.078683133480745, 20.961722307872694, -6.491616666460287
28.076114861719656, 22.273833498191948, -6.4928142712507055
28.073546589958564, 23.585698626546126, -6.4940118760411245
28.065342232990833, 24.897241056280727, -6.4952094808315435
27.83443232676226, 26.18297814633425, -6.4964070856219625
27.123729661269028, 27.27082597813211, -6.497604690412382
25.979799985278035, 27.892588164456594, -6.4988022952028
24.67975913722755, 28.06070523115288, -6.49999989999322
24.67975913722755, 28.06070523115287, -6.49999989999322
23.36423383714202, 28.058136959391778, -6.501197504783638
22.04895459902163, 28.055568687630693, -6.502395109574059
20.733921422866377, 28.0530004158696, -6.503592714364477
19.419134308676252, 28.050432144108512, -6.504790319154897
18.104593256451263, 28.047863872347424, -6.505987923945316
16.79029826619141, 28.045295600586336, -6.507185528735735
15.476249337896688, 28.042727328825244, -6.508383133526155
14.162446471567101, 28.04015905706415, -6.509580738316573
12.84888966720265, 28.037590785303067, -6.510778343106993
11.535578924803332, 28.035022513541975, -6.511975947897412
10.222514244369151, 28.032454241780886, -6.513173552687832
8.9096956259001, 28.029885970019798, -6.514371157478251
7.597123069396185, 28.027317698258702, -6.515568762268669
6.284796574857408, 28.024749426497614, -6.5167663670590885
4.972716142283761, 28.022181154736522, -6.5179639718495075
3.6608817716752493, 28.019612882975437, -6.519161576639927
2.349293463031875, 28.017044611214345, -6.520359181430345
1.037951216353631, 28.014476339453257, -6.521556786220765
-0.27314496835947766, 28.01190806769217, -6.522754391011184
-1.5839950911074525, 28.009339795931076, -6.523951995801603
-2.8945991518902927, 28.006771524169988, -6.525149600592023
-4.204957150707996, 28.0042032524089, -6.526347205382441
-5.515069087560568, 28.00163498064781, -6.527544810172861
-6.824934962448006, 27.99906670888672, -6.52874241496328
-8.134554775370308, 27.99649843712563, -6.529940019753699
-9.443928526327477, 27.993930165364542, -6.531137624544119
-10.753056215319505, 27.991361893603454, -6.532335229334537
-12.061937842346406, 27.988793621842362, -6.533532834124957
-13.370573407408173, 27.986225350081277, -6.534730438915376
-14.678962910504804, 27.983657078320185, -6.535928043705795
-15.9871063516363, 27.981088806559093, -6.537125648496215
-17.295003730802666, 27.978520534798008, -6.5383232532866336
-18.60265504800389, 27.975952263036916, -6.5395208580770525
-19.91006030323998, 27.973383991275824, -6.5407184628674715
-21.21721949651094, 27.970815719514736, -6.5419160676578905
-22.524132627816766, 27.968247447753647, -6.54311367244831
-23.83079969715746, 27.96567917599256, -6.544311277238729
-25.136250283688508, 27.93442464900293, -6.545508882029148
-26.389970921234443, 27.59232781983337, -6.546706486819568
-27.374984176074744, 26.75392232332284, -6.547904091609986
-27.86421162690096, 25.549616885982832, -6.549101696400406
-27.95283781718712, 24.24491353375176, -6.550299301190824
-27.950269545426032, 22.934586292679697, -6.551496905981243
-27.94770127366494, 21.62450511357277, -6.552694510771662
-27.94513300190385, 20.314669996430975, -6.553892115562082
-27.942564730142763, 19.005080941254313, -6.555089720352502
-27.93999645838167, 17.695737948042787, -6.55628732514292
-27.937428186620583, 16.386641016796396, -6.557484929933338
-27.934859914859494, 15.077790147515147, -6.558682534723759
-27.93229164309841, 13.769185340199018, -6.559880139514178
-27.929723371337314, 12.460826594848028, -6.561077744304597
-27.927155099576225, 11.152713911462165, -6.562275349095016
-27.92458682781514, 9.844847290041447, -6.5634729538854355
-27.92201855605405, 8.537226730585864, -6.5646705586758545
-27.919450284292957, 7.229852233095405, -6.565868163466273
-27.91688201253187, 5.922723797570088, -6.5670657682566915
-27.91431374077078, 4.615841424009901, -6.568263373047111
-27.911745469009688, 3.3092051124148534, -6.5694609778375295
-27.909177197248603, 2.002814862784941, -6.57065858262795
-27.90660892548751, 0.6966706751201539, -6.571856187418369
-27.904040653726423, -0.6092274505794906, -6.573053792208788
-27.90147238196533, -1.9148795143140052, -6.574251396999207
-27.898904110204242, -3.2202855160833805, -6.575449001789627
-27.896335838443154, -4.525445455887629, -6.576646606580046
-27.893767566682065, -5.830359333726734, -6.577844211370465
-27.891199294920973, -7.135027149600704, -6.579041816160885
-27.88863102315989, -8.439448903509543, -6.580239420951304
-27.886062751398796, -9.743624595453245, -6.581437025741723
-27.883494479637704, -11.047554225431817, -6.582634630532141
-27.88092620787662, -12.351237793445247, -6.583832235322561
-27.878357936115528, -13.654675299493558, -6.58502984011298
-27.87578966435444, -14.957866743576725, -6.586227444903399
-27.87322139259335, -16.260812125694756, -6.5874250496938185
-27.870653120832266, -17.563511445847663, -6.588622654484238
-27.868084849071174, -18.865964704035424, -6.589820259274656
-27.865516577310082, -20.168171900258052, -6.591017864065075
-27.862948305548997, -21.47013303451555, -6.592215468855495
-27.860380033787905, -22.771848106807912, -6.593413073645914
-27.857811762026813, -24.073317117135133, -6.594610678436332
-27.779500432966568, -25.37020644609929, -6.595808283226752
-27.317785056342153, -26.578060787641526, -6.597005888017172
-26.36090747684027, -27.4418558765266, -6.598203492807592
-25.1165296364396, -27.809140646817347, -6.59940109759801
-23.812651580910185, -27.844970403221645, -6.60059870238843
-22.5075223988516, -27.842402131460556, -6.601796307178849
-21.20263927875812, -27.839833859699468, -6.602993911969268
-19.8980022206298, -27.837265587938376, -6.604191516759688
-18.5936112244666, -27.834697316177287, -6.605389121550107
-17.28946629026854, -27.8321290444162, -6.606586726340526
-15.985567418035606, -27.829560772655107, -6.607784331130945
-14.681914607767814, -27.82699250089402, -6.608981935921364
-13.378507859465152, -27.824424229132923, -6.610179540711783
-12.075347173127629, -27.821855957371838, -6.611377145502202
-10.772432548755242, -27.819287685610746, -6.612574750292621
-9.469763986347989, -27.81671941384966, -6.613772355083041
-8.167341485905862, -27.81415114208857, -6.614969959873459
-6.8651650474288815, -27.81158287032748, -6.616167564663879
-5.563234670917024, -27.809014598566392, -6.617365169454298
-4.261550356370306, -27.8064463268053, -6.618562774244717
-2.9601121037887212, -27.80387805504421, -6.619760379035137
-1.6589199131722707, -27.801309783283124, -6.620957983825556
-0.35797378452095197, -27.798741511522035, -6.622155588615975
0.9427262821652336, -27.796173239760947, -6.623353193406394
2.243180286886296, -27.793604967999855, -6.624550798196813
3.5433882296422, -27.791036696238763, -6.625748402987233
4.843350110432991, -27.788468424477678, -6.626946007777652
6.143065929258639, -27.785900152716586, -6.628143612568071
7.442535686119154, -27.783331880955497, -6.6293412173584905
8.741759381014532, -27.780763609194402, -6.6305388221489086
10.040737013944785, -27.778195337433317, -6.631736426939328
11.339468584909897, -27.775627065672225, -6.632934031729747
12.637954093909876, -27.773058793911137, -6.634131636520166
13.93619354094472, -27.770490522150048, -6.635329241310586
15.234186926014416, -27.767922250388956, -6.636526846101004
16.531934249118983, -27.76535397862787, -6.637724450891424
17.82943551025843, -27.76278570686678, -6.638922055681843
19.126690709432733, -27.76021743510569, -6.640119660472262
20.423699846641902, -27.757649163344603, -6.641317265262682
21.720462921885943, -27.755080891583514, -6.642514870053101
23.016979935164855, -27.752512619822426, -6.64371247484352
24.313250886478624, -27.749944348061334, -6.644910079633939
25.596468823838205, -27.596736382409443, -6.646107684424358
26.739412725076022, -27.00722515783524, -6.647305289214778
27.471563828589137, -25.950961211871274, -6.648502894005197
27.730626079852577, -24.683017906120945, -6.649700498795616
27.73710298925587, -23.382973278702764, -6.6508981035860355
27.73453471749478, -22.08304215565762, -6.652095708376454
27.73196644573369, -20.783357094577603, -6.653293313166873
27.729398173972605, -19.483918095462727, -6.654490917957292
27.726829902211513, -18.184725158312993, -6.655688522747711
27.72426163045042, -16.88577828312838, -6.65688612753813
27.721693358689333, -15.587077469908913, -6.65808373232855
27.719125086928244, -14.28862271865459, -6.659281337118969
27.716556815167152, -12.99041402936539, -6.660478941909387
27.713988543406067, -11.692451402041323, -6.661676546699807
27.711420271644975, -10.394734836682389, -6.662874151490226
27.708851999883887, -9.097264333288582, -6.664071756280646
27.7062837281228, -7.800039891859917, -6.665269361071065
27.703715456361707, -6.5030615123963855, -6.666466965861485
27.70114718460062, -5.206329194897984, -6.667664570651903
27.69857891283953, -3.9098429393647174, -6.668862175442322
27.69601064107844, -2.61360274579659, -6.670059780232742
27.693442369317353, -1.3176086141935954, -6.671257385023161
27.69087409755626, -0.021860544555734655, -6.67245498981358
27.688305825795172, 1.2736414631169977, -6.6736525946039995
27.685737554034084, 2.5688974088245873, -6.674850199394418
27.683169282272996, 3.8639072925670455, -6.676047804184837
27.680601010511907, 5.158671114344367, -6.677245408975256
27.678032738750815, 6.453188874156559, -6.678443013765675
27.675464466989727, 7.747460572003615, -6.679640618556094
27.67289619522864, 9.041486207885537, -6.680838223346514
27.67032792346755, 10.335265781802299, -6.682035828136932
27.66775965170646, 11.628799293753977, -6.683233432927352
27.66519137994537, 12.922086743740476, -6.684431037717771
27.66262310818428, 14.215128131761888, -6.68562864250819
27.660054836423193, 15.507923457818109, -6.68682624729861
27.6574865646621, 16.800472721909244, -6.688023852089029
27.654918292901012, 18.0927759240352, -6.689221456879448
27.652350021139924, 19.384833064196023, -6.690419061669867
27.649781749378835, 20.676644142391766, -6.691616666460286
27.647213477617747, 21.968209158622315, -6.692814271250706
27.644645205856655, 23.259528112887786, -6.694011876041125
27.63420624964604, 24.550493983576096, -6.6952094808315445
27.383154752229515, 25.81150938267903, -6.6964070856219635
26.664399240712726, 26.869540799765115, -6.697604690412382
25.531220973149445, 27.469597467702908, -6.6988022952028015
24.25085775312563, 27.63180384705096, -6.69999989999322
24.250857753125636, 27.63180384705095, -6.69999989999322
22.95587862712883, 27.629235575289858, -6.701197504783639
21.661145563097147, 27.626667303528773, -6.702395109574058
20.366658561030608, 27.62409903176768, -6.703592714364478
19.072417620929198, 27.621530760006593, -6.704790319154898
17.778422742792927, 27.6189624882455, -6.705987923945316
16.48467392662179, 27.616394216484416, -6.707185528735736
15.191171172415784, 27.613825944723324, -6.708383133526154
13.897914480174913, 27.611257672962232, -6.709580738316573
12.604903849899177, 27.608689401201147, -6.710778343106993
11.312139281588575, 27.60612112944006, -6.711975947897412
10.019620775243109, 27.60355285767897, -6.713173552687832
8.727348330862775, 27.600984585917878, -6.714371157478251
7.435321948447575, 27.598416314156786, -6.715568762268669
6.143541627997509, 27.595848042395698, -6.716766367059089
4.852007369512579, 27.593279770634606, -6.717963971849507
3.5607191729927843, 27.590711498873517, -6.7191615766399275
2.2696770384381235, 27.58814322711243, -6.7203591814303465
0.9788809658485937, 27.58557495535134, -6.7215567862207655
-0.3116690447757987, 27.58300668359025, -6.722754391011184
-1.6019729934350597, 27.58043841182916, -6.723951995801603
-2.8920308801291803, 27.57787014006807, -6.725149600592022
-4.181842704858173, 27.57530186830698, -6.726347205382442
-5.471408467622031, 27.57273359654589, -6.727544810172862
-6.760728168420751, 27.570165324784803, -6.72874241496328
-8.049801807254338, 27.567597053023714, -6.7299400197537
-9.338629384122793, 27.565028781262622, -6.731137624544118
-10.627210899026116, 27.562460509501534, -6.732335229334537
-11.9155463519643, 27.559892237740446, -6.733532834124958
-13.203635742937347, 27.557323965979357, -6.734730438915376
-14.491479071945268, 27.55475569421826, -6.735928043705796
-15.779076338988045, 27.552187422457173, -6.737125648496214
-17.066427544065697, 27.54961915069609, -6.738323253286634
-18.353532687178213, 27.547050878934996, -6.739520858077053
-19.640391768325586, 27.544482607173904, -6.740718462867472
-20.927004787507833, 27.541914335412816, -6.7419160676578915
-22.213371744724945, 27.539346063651728, -6.7431136724483105
-23.499492639976925, 27.536777791890636, -6.7443112772387295
-24.784009458226336, 27.49804476635963, -6.745508882029148
-26.011767360422112, 27.13848241208487, -6.746706486819567
-26.967272010275565, 26.295991382970424, -6.747904091609986
-27.438633180836092, 25.105668415883983, -6.749101696400405
-27.523936433085204, 23.821148693172027, -6.750299301190824
-27.521368161324116, 22.531367626188676, -6.751496905981243
-27.518799889563024, 21.241832621170456, -6.752694510771661
-27.516231617801935, 19.952543678117372, -6.753892115562082
-27.513663346040847, 18.663500797029428, -6.755089720352501
-27.511095074279755, 17.374703977906616, -6.75628732514292
-27.508526802518666, 16.086153220748937, -6.757484929933339
-27.505958530757578, 14.797848525556393, -6.758682534723758
-27.50339025899649, 13.509789892328987, -6.759880139514177
-27.500821987235398, 12.221977321066708, -6.761077744304597
-27.498253715474313, 10.934410811769565, -6.762275349095016
-27.49568544371322, 9.647090364437558, -6.763472953885435
-27.49311717195213, 8.360015979070683, -6.764670558675855
-27.490548900191044, 7.073187655668947, -6.765868163466273
-27.487980628429952, 5.786605394232339, -6.767065768256693
-27.485412356668864, 4.500269194760875, -6.7682633730471125
-27.48284408490777, 3.2141790572545412, -6.7694609778375305
-27.480275813146687, 1.9283349817133377, -6.77065858262795
-27.4777075413856, 0.6427369681372728, -6.771856187418369
-27.475139269624506, -0.6426149834736636, -6.773053792208788
-27.472570997863414, -1.9277208731194517, -6.774251396999206
-27.47000272610233, -3.2125807008001184, -6.775449001789626
-27.467434454341237, -4.49719446651565, -6.776646606580046
-27.464866182580145, -5.781562170266043, -6.777844211370464
-27.46229791081906, -7.06568381205131, -6.779041816160884
-27.459729639057976, -8.349559391871423, -6.780239420951304
-27.457161367296884, -9.633188909726417, -6.781437025741722
-27.45459309553579, -10.916572365616277, -6.782634630532141
-27.4520248237747, -12.199709759540998, -6.78383223532256
-27.449456552013615, -13.482601091500591, -6.78502984011298
-27.446888280252523, -14.765246361495041, -6.786227444903398
-27.444320008491434, -16.047645569524366, -6.787425049693818
-27.441751736730346, -17.329798715588552, -6.788622654484238
-27.439183464969254, -18.611705799687606, -6.789820259274656
-27.436615193208166, -19.893366821821516, -6.791017864065076
-27.43404692144708, -21.174781781990298, -6.792215468855495
-27.43147864968599, -22.45595068019395, -6.7934130736459135
-27.4289103779249, -23.736873516432464, -6.794610678436333
-27.337060926718962, -25.01188908595813, -6.795808283226754
-26.860690977651508, -26.19203365671688, -6.797005888017173
-25.904352734580364, -27.02656032350466, -6.798203492807592
-24.67746831175183, -27.381759764183286, -6.799401097598011
-23.394023283852583, -27.416069019119732, -6.80059870238843
-22.109440275882697, -27.413500747358643, -6.801796307178849
-20.82510332987794, -27.410932475597555, -6.802993911969269
-19.541012445838327, -27.408364203836467, -6.804191516759687
-18.25716762376383, -27.405795932075378, -6.805389121550107
-16.973568863654492, -27.403227660314286, -6.806586726340527
-15.690216165510261, -27.400659388553194, -6.807784331130945
-14.40710952933118, -27.39809111679211, -6.808981935921365
-13.124248955117226, -27.395522845031017, -6.8101795407117836
-11.841634442868415, -27.392954573269925, -6.8113771455022025
-10.559265992584736, -27.390386301508837, -6.8125747502926215
-9.277143604266193, -27.38781802974775, -6.8137723550830405
-7.995267277912784, -27.385249757986657, -6.81496995987346
-6.713637013524501, -27.38268148622557, -6.816167564663878
-5.4322528111013595, -27.38011321446448, -6.817365169454298
-4.151114670643345, -27.37754494270339, -6.818562774244717
-2.87022259215048, -27.374976670942303, -6.819760379035136
-1.5895765756227234, -27.37240839918121, -6.820957983825556
-0.3091766210601262, -27.369840127420126, -6.822155588615974
0.9709772715373515, -27.367271855659034, -6.823353193406394
2.2508851021696943, -27.364703583897946, -6.824550798196814
3.530546870836908, -27.362135312136857, -6.825748402987233
4.80996257753897, -27.359567040375765, -6.826946007777652
6.08913222227591, -27.356998768614673, -6.828143612568072
7.368055805047716, -27.354430496853585, -6.82934121735849
8.646733325854385, -27.351862225092496, -6.83053882214891
9.9251647846959, -27.349293953331404, -6.831736426939328
11.20335018157232, -27.346725681570316, -6.832934031729748
12.481289516483569, -27.344157409809227, -6.8341316365201665
13.758982789429703, -27.341589138048136, -6.8353292413105855
15.036430000410697, -27.339020866287044, -6.836526846101005
16.31363114942657, -27.33645259452596, -6.8377244508914234
17.590586236477282, -27.333884322764867, -6.838922055681843
18.867295261562877, -27.33131605100378, -6.840119660472262
20.143758224683335, -27.32874777924269, -6.841317265262681
21.41997512583866, -27.326179507481598, -6.8425148700531
22.695945965028834, -27.32361123572051, -6.843712474843519
23.971655841173334, -27.319947094623743, -6.844910079633939
25.231570374756124, -27.148819883690013, -6.846107684424359
26.344744006985408, -26.547255542281448, -6.847305289214778
27.051994489370706, -25.498132543715773, -6.848502894005197
27.302050908334728, -24.248992378253877, -6.849700498795616
27.308201605153958, -22.969481525167218, -6.850898103586035
27.30563333339287, -21.69009657621079, -6.852095708376455
27.303065061631777, -20.410957689219494, -6.853293313166874
27.30049678987069, -19.132064864193353, -6.854490917957293
27.2979285181096, -17.853418101132327, -6.855688522747712
27.295360246348512, -16.575017400036433, -6.8568861275381305
27.292791974587423, -15.296862760905675, -6.8580837323285495
27.290223702826335, -14.018954183740078, -6.8592813371189685
27.287655431065247, -12.741291668539588, -6.860478941909388
27.285087159304155, -11.463875215304231, -6.861676546699807
27.282518887543063, -10.186704824034011, -6.862874151490226
27.279950615781974, -8.909780494728947, -6.864071756280645
27.277382344020886, -7.633102227388972, -6.865269361071064
27.274814072259797, -6.356670022014178, -6.866466965861484
27.27224580049871, -5.080483878604494, -6.867664570651904
27.269677528737617, -3.8045437971599445, -6.868862175442323
27.26710925697653, -2.528849777680529, -6.870059780232742
27.26454098521544, -1.253401820166273, -6.871257385023161
27.26197271345435, 0.021800075382872423, -6.87245498981358
27.259404441693263, 1.2967559089668852, -6.873652594603999
27.25683616993217, 2.5714656805857636, -6.874850199394419
27.25426789817108, 3.8459293902394807, -6.876047804184838
27.25169962640999, 5.1201470379280885, -6.877245408975257
27.249131354648902, 6.394118623651562, -6.878443013765676
27.246563082887814, 7.667844147409902, -6.8796406185560945
27.243994811126726, 8.941323609203083, -6.8808382233465135
27.241426539365634, 10.214557009031175, -6.882035828136933
27.238858267604545, 11.487544346894087, -6.883233432927352
27.236289995843457, 12.760285622791887, -6.884431037717771
27.23372172408237, 14.032780836724559, -6.88562864250819
27.23115345232128, 15.305029988692091, -6.886826247298609
27.22858518056019, 16.577033078694466, -6.888023852089028
27.226016908799103, 17.84879010673173, -6.889221456879448
27.22344863703801, 19.12030107280389, -6.890419061669868
27.220880365276923, 20.391565976910854, -6.891616666460287
27.21831209351583, 21.662584819052686, -6.892814271250706
27.215743821754742, 22.933357599229417, -6.894011876041125
27.200067744746836, 24.203577902305657, -6.895209480831544
26.931856460407403, 25.440033480305388, -6.896407085621963
26.205068820156427, 26.468255621398114, -6.897604690412383
25.082641961020926, 27.046606770949218, -6.898802295202802
23.821956369023752, 27.202902462949044, -6.899999899993221
23.82195636902373, 27.202902462949034, -6.899999899993221
22.54752341711563, 27.200334191187945, -6.90119750478364
21.27333652717267, 27.197765919426857, -6.902395109574059
19.999395699194835, 27.195197647665765, -6.903592714364478
18.725700933182143, 27.192629375904676, -6.904790319154897
17.45225222913458, 27.190061104143588, -6.905987923945316
16.179049587052155, 27.1874928323825, -6.907185528735736
14.90609300693486, 27.18492456062141, -6.908383133526155
13.6333824887827, 27.182356288860316, -6.909580738316574
12.360918032595677, 27.17978801709923, -6.910778343106993
11.088699638373786, 27.17721974533814, -6.911975947897411
9.816727306117029, 27.174651473577054, -6.913173552687831
8.545001035825411, 27.172083201815962, -6.91437115747825
7.273520827498922, 27.169514930054866, -6.915568762268669
6.002286681137571, 27.166946658293778, -6.916766367059089
4.731298596741353, 27.16437838653269, -6.917963971849508
3.460556574310267, 27.1618101147716, -6.919161576639928
2.190060613844318, 27.15924184301051, -6.920359181430346
0.9198107153435034, 27.15667357124942, -6.921556786220766
-0.35019312119218016, 27.154105299488332, -6.922754391011185
-1.6199508957627262, 27.151537027727244, -6.923951995801604
-2.8894626083681376, 27.148968755966152, -6.9251496005920234
-4.158728259008418, 27.146400484205067, -6.926347205382442
-5.427747847683562, 27.143832212443975, -6.927544810172861
-6.696521374393566, 27.141263940682887, -6.92874241496328
-7.965048839138442, 27.138695668921798, -6.9299400197537
-9.233330241918184, 27.136127397160706, -6.931137624544119
-10.50136558273279, 27.133559125399614, -6.932335229334538
-11.769154861582262, 27.13099085363853, -6.933532834124957
-13.0366980784666, 27.128422581877437, -6.934730438915375
-14.303995233385802, 27.125854310116345, -6.935928043705795
-15.57104632633987, 27.123286038355257, -6.937125648496214
-16.837851357328812, 27.12071776659417, -6.938323253286634
-18.10441032635261, 27.11814949483308, -6.939520858077053
-19.370723233411272, 27.115581223071988, -6.940718462867472
-20.636790078504806, 27.1130129513109, -6.941916067657891
-21.902610861633203, 27.110444679549808, -6.943113672448311
-23.168185582796465, 27.107876407788723, -6.94431127723873
-24.431381355361115, 27.05836737514099, -6.945508882029149
-25.63329550013755, 26.684148500310886, -6.9467064868195685
-26.558215861685582, 25.837152564087084, -6.9479040916099875
-27.013054734771238, 24.661719945785055, -6.949101696400406
-27.095035048983284, 23.397383852592196, -6.950299301190824
-27.0924667772222, 22.128148959697562, -6.9514969059812435
-27.089898505461107, 20.859160128768053, -6.952694510771662
-27.08733023370002, 19.590417359803688, -6.953892115562081
-27.08476196193893, 18.321920652804458, -6.9550897203525
-27.08219369017784, 17.053670007770357, -6.95628732514292
-27.079625418416747, 15.7856654247014, -6.957484929933338
-27.07705714665566, 14.51790690359757, -6.958682534723758
-27.07448887489457, 13.250394444458873, -6.959880139514178
-27.07192060313348, 11.98312804728531, -6.961077744304596
-27.069352331372393, 10.71610771207688, -6.962275349095016
-27.066784059611305, 9.449333438833591, -6.963472953885436
-27.064215787850213, 8.18280522755543, -6.964670558675854
-27.061647516089124, 6.916523078242411, -6.965868163466273
-27.059079244328032, 5.650486990894518, -6.967065768256693
-27.056510972566947, 4.384696965511759, -6.968263373047112
-27.053942700805855, 3.1191530020941443, -6.969460977837531
-27.051374429044767, 1.8538551006416548, -6.97065858262795
-27.04880615728368, 0.5888032611543076, -6.9718561874183695
-27.046237885522586, -0.6760025163679146, -6.973053792208788
-27.0436696137615, -1.940562231924994, -6.974251396999207
-27.04110134200041, -3.204875885516941, -6.975449001789626
-27.03853307023932, -4.468943477143764, -6.976646606580045
-27.03596479847823, -5.732765006805439, -6.9778442113704635
-27.03339652671714, -6.996340474501986, -6.979041816160883
-27.030828254956056, -8.259669880233393, -6.980239420951303
-27.028259983194964, -9.522753223999674, -6.981437025741722
-27.025691711433872, -10.785590505800826, -6.982634630532141
-27.023123439672784, -12.048181725636827, -6.983832235322561
-27.020555167911695, -13.310526883507706, -6.985029840112979
-27.017986896150603, -14.572625979413441, -6.986227444903399
-27.015418624389515, -15.834479013354052, -6.987425049693818
-27.012850352628426, -17.09608598532952, -6.988622654484238
-27.010282080867334, -18.357446895339862, -6.989820259274657
-27.007713809106246, -19.618561743385065, -6.991017864065075
-27.005145537345157, -20.879430529465132, -6.992215468855495
-27.00257726558407, -22.14005325358007, -6.993413073645915
-27.00000899382298, -23.400429915729866, -6.994610678436333
-26.892652498444125, -24.653207436508666, -6.9958082832267525
-26.401573108031883, -25.804639427680712, -6.997005888017172
-25.447797992320407, -26.611264770482748, -6.998203492807591
-24.2384004477968, -26.954323202365426, -6.99940109759801
-22.97539498679492, -26.98716763501782, -7.00059870238843
-21.71135815291375, -26.98459936325673, -7.00179630717885
-20.4475673809977, -26.982031091495642, -7.002993911969268
-19.184022671046804, -26.97946281973455, -7.004191516759688
-17.92072402306102, -26.976894547973462, -7.005389121550107
-16.65767143704041, -26.974326276212373, -7.006586726340526
-15.39486491298489, -26.971758004451285, -7.007784331130945
-14.132304450894523, -26.969189732690197, -7.008981935921364
-12.869990050769287, -26.966621460929105, -7.010179540711784
-11.60792171260919, -26.964053189168013, -7.011377145502203
-10.346099436414223, -26.961484917406924, -7.012574750292622
-9.084523222184394, -26.958916645645836, -7.0137723550830415
-7.823193069919709, -26.956348373884744, -7.0149699598734605
-6.562108979620143, -26.953780102123655, -7.0161675646638795
-5.301270951285716, -26.951211830362567, -7.017365169454298
-4.04067898491641, -26.948643558601475, -7.018562774244717
-2.7803330805122553, -26.946075286840387, -7.019760379035137
-1.5202332380732217, -26.943507015079298, -7.020957983825555
-0.26037945759933945, -26.940938743318213, -7.022155588615975
0.9992282609094181, -26.93837047155712, -7.023353193406395
2.258589917453032, -26.93580219979603, -7.024550798196813
3.5177055120315135, -26.933233928034944, -7.025748402987233
4.776575044644869, -26.930665656273852, -7.026946007777653
6.035198515293099, -26.92809738451276, -7.028143612568071
7.293575923976176, -26.925529112751676, -7.02934121735849
8.55170727069413, -26.922960840990584, -7.030538822148909
9.809592555446926, -26.92039256922949, -7.031736426939329
11.067231778234607, -26.9178242974684, -7.032934031729748
12.32462493905716, -26.915256025707315, -7.034131636520167
13.581772037914567, -26.912687753946223, -7.035329241310586
14.838673074806863, -26.91011948218513, -7.0365268461010055
16.09532804973403, -26.907551210424046, -7.0377244508914245
17.351736962696023, -26.904982938662954, -7.0389220556818435
18.60789981369291, -26.90241466690187, -7.0401196604722625
19.86381660272464, -26.899846395140777, -7.041317265262682
21.119487329791237, -26.89727812337969, -7.0425148700531
22.374911994892713, -26.8947098516186, -7.04371247484352
23.63004664066107, -26.888908825594754, -7.04491007963394
24.86662128174084, -26.700708765706338, -7.046107684424358
25.95007528889467, -26.087285926727763, -7.047305289214778
26.632425150152216, -25.04530387556039, -7.048502894005196
26.873326704368242, -23.814958461517865, -7.049700498795616
26.879300221052045, -22.555989771631854, -7.050898103586035
26.876731949290956, -21.297150996764135, -7.052095708376454
26.874163677529868, -20.038558283861544, -7.053293313166873
26.871595405768776, -18.780211632924118, -7.054490917957293
26.869027134007688, -17.5221110439518, -7.055688522747712
26.8664588622466, -16.264256516944638, -7.056886127538131
26.863890590485507, -15.006648051902607, -7.058083732328551
26.86132231872442, -13.749285648825698, -7.0592813371189695
26.858754046963334, -12.492169307713937, -7.0604789419093885
26.856185775202242, -11.235299028567287, -7.0616765466998075
26.85361750344115, -9.978674811385796, -7.062874151490227
26.851049231680065, -8.722296656169421, -7.064071756280646
26.848480959918973, -7.466164562918171, -7.065269361071065
26.845912688157885, -6.2102785316321105, -7.066466965861483
26.843344416396796, -4.954638562311134, -7.067664570651903
26.840776144635704, -3.6992446549552906, -7.068862175442323
26.838207872874616, -2.4440968095646056, -7.070059780232741
26.835639601113527, -1.189195026139035, -7.071257385023161
26.833071329352435, 0.06546069532138117, -7.07245498981358
26.830503057591347, 1.3198703548166895, -7.073652594603999
26.82793478583026, 2.574033952346838, -7.074850199394418
26.825366514069167, 3.8279514879118457, -7.076047804184838
26.82279824230808, 5.081622961511748, -7.077245408975257
26.820229970546993, 6.335048373146492, -7.078443013765676
26.817661698785905, 7.588227722816127, -7.079640618556095
26.815093427024813, 8.841161010520622, -7.080838223346515
26.812525155263724, 10.093848236259968, -7.0820358281369336
26.809956883502636, 11.34628940003417, -7.0832334329273525
26.807388611741544, 12.59848450184327, -7.0844310377177715
26.804820339980456, 13.850433541687206, -7.085628642508191
26.802252068219367, 15.102136519566036, -7.08682624729861
26.799683796458275, 16.353593435479702, -7.088023852089028
26.797115524697187, 17.604804289428266, -7.089221456879448
26.7945472529361, 18.855769081411665, -7.090419061669867
26.791978981175006, 20.106487811429957, -7.091616666460286
26.78941070941392, 21.356960479483117, -7.092814271250705
26.786842437652833, 22.607187085571116, -7.094011876041125
26.764207745075097, 23.856564920028198, -7.095209480831544
26.480558168585283, 25.06855757793177, -7.096407085621963
25.745738399600143, 26.066970443031096, -7.097604690412382
24.63406294889234, 26.623616074195535, -7.098802295202802
23.39305498492181, 26.774001078847125, -7.099999899993221
23.39305498492181, 26.774001078847114, -7.099999899993221
22.139168207102426, 26.771432807086025, -7.10119750478364
20.88552749124818, 26.768864535324937, -7.102395109574059
19.632132837359066, 26.766296263563845, -7.103592714364478
18.378984245435085, 26.763727991802757, -7.104790319154898
17.12608171547624, 26.761159720041668, -7.1059879239453165
15.873425247482531, 26.75859144828058, -7.1071855287357355
14.621014841453954, 26.756023176519488, -7.1083831335261545
13.36885049739051, 26.753454904758396, -7.1095807383165734
12.116932215292202, 26.75088663299731, -7.110778343106994
10.865259995159029, 26.74831836123622, -7.111975947897412
9.613833836990988, 26.745750089475134, -7.113173552687832
8.362653740788085, 26.74318181771404, -7.114371157478251
7.111719706550312, 26.740613545952947, -7.11556876226867
5.861031734277676, 26.738045274191858, -7.116766367059089
4.610589823970173, 26.73547700243077, -7.117963971849508
3.3603939756278045, 26.732908730669685, -7.119161576639928
2.110444189250573, 26.73034045890859, -7.120359181430346
0.8607404648384736, 26.727772187147504, -7.121556786220766
-0.38871719760849227, 26.725203915386412, -7.122754391011185
-1.6379287980903234, 26.722635643625324, -7.123951995801604
-2.8868943366070177, 26.720067371864232, -7.125149600592023
-4.135613813158583, 26.717499100103144, -7.126347205382442
-5.38408722774501, 26.714930828342055, -7.1275448101728625
-6.6323145803663, 26.712362556580967, -7.1287424149632805
-7.880295871022463, 26.70979428481988, -7.1299400197537
-9.128031099713485, 26.707226013058786, -7.1311376245441185
-10.375520266439377, 26.704657741297694, -7.132335229334538
-11.622763371200135, 26.70208946953661, -7.133532834124956
-12.869760413995754, 26.699521197775514, -7.134730438915376
-14.116511394826244, 26.69695292601443, -7.135928043705796
-15.363016313691595, 26.694384654253337, -7.137125648496215
-16.60927517059182, 26.69181638249225, -7.138323253286634
-17.855287965526898, 26.689248110731157, -7.139520858077053
-19.101054698496846, 26.68667983897007, -7.140718462867472
-20.346575369501664, 26.68411156720898, -7.141916067657892
-21.591849978541344, 26.68154329544789, -7.14311367244831
-22.836878525615894, 26.678975023686803, -7.14431127723873
-24.078679525652742, 26.618062230030283, -7.14550888202915
-25.25363973027354, 26.22765899504911, -7.1467064868195695
-26.148024072656185, 25.377546604745874, -7.147904091609988
-26.587476288706355, 24.217771475686256, -7.1491016964004075
-26.666133664881364, 22.97361901201251, -7.150299301190825
-26.663565393120273, 21.724930293206583, -7.1514969059812445
-26.66099712135918, 20.476487636365796, -7.152694510771662
-26.658428849598096, 19.22829104149015, -7.153892115562082
-26.655860577837007, 17.980340508579634, -7.1550897203525015
-26.65329230607592, 16.732636037634247, -7.15628732514292
-26.650724034314823, 15.485177628654, -7.1574849299333385
-26.648155762553735, 14.237965281638889, -7.158682534723758
-26.64558749079265, 12.990998996588903, -7.159880139514178
-26.643019219031558, 11.744278773504059, -7.161077744304597
-26.640450947270466, 10.49780461238435, -7.162275349095015
-26.63788267550938, 9.251576513229773, -7.163472953885435
-26.63531440374829, 8.00559447604033, -7.164670558675855
-26.6327461319872, 6.759858500816024, -7.165868163466273
-26.630177860226112, 5.514368587556843, -7.167065768256693
-26.62760958846502, 4.269124736262803, -7.168263373047112
-26.62504131670393, 3.0241269469338983, -7.169460977837531
-26.622473044942844, 1.7793752195701278, -7.17065858262795
-26.61990477318176, 0.5348695541714864, -7.17185618741837
-26.617336501420663, -0.7093900492620162, -7.173053792208789
-26.614768229659575, -1.9534035907303904, -7.174251396999208
-26.612199957898486, -3.1971710702336136, -7.175449001789627
-26.609631686137398, -4.4406924877717255, -7.1766466065800465
-26.607063414376306, -5.683967843344691, -7.177844211370465
-26.604495142615217, -6.926997136952514, -7.179041816160884
-26.60192687085413, -8.169780368595212, -7.180239420951303
-26.59935859909304, -9.412317538272772, -7.181437025741722
-26.596790327331952, -10.654608645985213, -7.182634630532141
-26.59422205557086, -11.8966536917325, -7.183832235322561
-26.591653783809775, -13.138452675514664, -7.18502984011298
-26.589085512048683, -14.380005597331687, -7.186227444903398
-26.586517240287595, -15.621312457183585, -7.187425049693818
-26.583948968526506, -16.86237325507034, -7.188622654484238
-26.581380696765414, -18.10318799099197, -7.189820259274656
-26.578812425004323, -19.34375666494845, -7.191017864065076
-26.576244153243238, -20.58407927693981, -7.192215468855496
-26.573675881482146, -21.82415582696603, -7.193413073645914
-26.571107609721054, -23.063986315027115, -7.194610678436334
-26.448244070169316, -24.29452578705903, -7.1958082832267545
-25.94195763219822, -25.416909058924688, -7.1970058880171734
-24.991243250060585, -26.195969217460757, -7.198203492807593
-23.79929481951583, -26.526565092767804, -7.199401097598011
-22.556766689737422, -26.55826625091591, -7.200598702388431
-21.313276029944962, -26.55569797915482, -7.201796307178849
-20.070031432117634, -26.55312970739373, -7.202993911969269
-18.827032896255446, -26.55056143563264, -7.204191516759687
-17.584280422358397, -26.547993163871553, -7.205389121550107
-16.341774010426484, -26.54542489211046, -7.206586726340526
-15.099513660459694, -26.542856620349376, -7.207784331130945
-13.857499372458047, -26.540288348588284, -7.208981935921365
-12.615731146421535, -26.537720076827192, -7.210179540711784
-11.374208982350149, -26.5351518050661, -7.211377145502203
-10.132932880243901, -26.532583533305015, -7.212574750292623
-8.891902840102789, -26.530015261543923, -7.213772355083041
-7.651118861926804, -26.527446989782835, -7.214969959873461
-6.410580945715964, -26.524878718021746, -7.21616756466388
-5.170289091470256, -26.522310446260654, -7.217365169454299
-3.930243299189683, -26.51974217449957, -7.2185627742447185
-2.690443568874225, -26.517173902738477, -7.2197603790351375
-1.450889900523918, -26.51460563097739, -7.220957983825556
-0.21158229413874471, -26.5120373592163, -7.2221555886159745
1.0274792502812948, -26.50946908745521, -7.223353193406394
2.2662947327362044, -26.50690081569412, -7.224550798196813
3.5048641532259674, -26.50433254393303, -7.225748402987232
4.743187511750607, -26.50176427217194, -7.226946007777652
5.981264808310115, -26.499196000410855, -7.228143612568071
7.219096042904497, -26.496627728649763, -7.22934121735849
8.456681215533735, -26.49405945688867, -7.23053882214891
9.694020326197826, -26.49149118512758, -7.231736426939328
10.931113374896785, -26.488922913366494, -7.232934031729748
12.167960361630637, -26.486354641605402, -7.234131636520167
13.404561286399325, -26.483786369844314, -7.235329241310586
14.640916149202887, -26.481218098083225, -7.236526846101006
15.877024950041317, -26.478649826322133, -7.237724450891425
17.11288768891461, -26.476081554561045, -7.238922055681844
18.348504365822777, -26.473513282799956, -7.2401196604722635
19.583874980765792, -26.470945011038868, -7.241317265262682
20.8189995337437, -26.46837673927778, -7.2425148700531015
22.053878024756457, -26.465808467516688, -7.24371247484352
23.288434212418686, -26.457633179797284, -7.244910079633939
24.501672188725433, -26.252597647722705, -7.246107684424358
25.555406570803882, -25.627316311174123, -7.247305289214778
26.2128558109337, -24.592475207405098, -7.248502894005197
26.444564982719008, -23.38092243295373, -7.249700498795616
26.45039883695014, -22.142498018096575, -7.250898103586035
26.447830565189047, -20.904205417317556, -7.252095708376455
26.44526229342796, -19.666158878503694, -7.253293313166873
26.44269402166687, -18.428358401654968, -7.254490917957293
26.440125749905782, -17.190803986771378, -7.255688522747712
26.43755747814469, -15.953495633852922, -7.256886127538132
26.4349892063836, -14.716433342899602, -7.258083732328551
26.432420934622513, -13.47961711391141, -7.25928133711897
26.42985266286142, -12.243046946888336, -7.260478941909389
26.427284391100336, -11.006722841830413, -7.261676546699808
26.424716119339244, -9.770644798737631, -7.262874151490227
26.422147847578156, -8.534812817609978, -7.264071756280646
26.419579575817068, -7.299226898447435, -7.2652693610710655
26.41701130405598, -6.063887041250059, -7.266466965861484
26.414443032294887, -4.828793246017809, -7.267664570651903
26.4118747605338, -3.5939455127506914, -7.268862175442322
26.40930648877271, -2.359343841448713, -7.270059780232742
26.40673821701162, -1.1249882321118656, -7.27125738502316
26.404169945250533, 0.10912131525984303, -7.27245498981358
26.40160167348944, 1.3429848006664478, -7.273652594603999
26.399033401728353, 2.5766022241078894, -7.274850199394419
26.396465129967265, 3.8099735855841947, -7.276047804184838
26.393896858206176, 5.04309888509537, -7.277245408975257
26.391328586445084, 6.275978122641432, -7.278443013765676
26.388760314684, 7.5086112982223385, -7.279640618556096
26.386192042922907, 8.74099841183811, -7.280838223346514
26.383623771161815, 9.973139463488748, -7.282035828136934
26.38105549940073, 11.205034453174278, -7.283233432927353
26.37848722763964, 12.436683380894644, -7.284431037717772
26.37591895587855, 13.668086246649873, -7.285628642508191
26.37335068411746, 14.899243050439976, -7.2868262472986105
26.370782412356373, 16.13015379226494, -7.2880238520890295
26.36821414059528, 17.360818472124766, -7.2892214568794484
26.365645868834193, 18.59123709001945, -7.290419061669867
26.363077597073104, 19.821409645949007, -7.291616666460287
26.360509325312012, 21.051336139913463, -7.292814271250706
26.357941053550924, 22.281016571912783, -7.294011876041125
26.328307308268098, 23.50954966158971, -7.295209480831544
26.026935082085217, 24.69605863386077, -7.296407085621964
25.284842040977107, 25.663783908317058, -7.297604690412383
24.185483936763784, 26.20062537744185, -7.298802295202802
22.9641536008199, 26.34509969474521, -7.299999899993221
22.964153600819905, 26.345099694745194, -7.299999899993221
21.730812997089235, 26.342531422984102, -7.30119750478364
20.497718455323707, 26.339963151223017, -7.30239510957406
19.264869975523304, 26.337394879461925, -7.303592714364479
18.032267557688044, 26.334826607700837, -7.304790319154898
16.79991120181791, 26.332258335939745, -7.305987923945317
15.567800907912915, 26.32969006417866, -7.307185528735737
14.335936675973052, 26.327121792417568, -7.3083831335261555
13.104318505998325, 26.324553520656476, -7.309580738316574
11.872946397988734, 26.32198524889539, -7.310778343106994
10.641820351944276, 26.3194169771343, -7.3119759478974125
9.410940367864951, 26.31684870537321, -7.313173552687832
8.180306445750757, 26.31428043361212, -7.31437115747825
6.9499185856017025, 26.31171216185103, -7.31556876226867
5.71977678741778, 26.309143890089942, -7.316766367059089
4.489881051198994, 26.30657561832885, -7.317963971849508
3.2602313769453395, 26.304007346567765, -7.319161576639928
2.0308277646568222, 26.301439074806673, -7.320359181430347
0.8016702143334392, 26.298870803045585, -7.321556786220766
-0.4272412740248126, 26.296302531284493, -7.322754391011185
-1.6559067004179273, 26.293734259523404, -7.323951995801604
-2.8843260648459106, 26.291165987762316, -7.325149600592024
-4.112499367308756, 26.288597716001224, -7.326347205382442
-5.340426607806472, 26.286029444240135, -7.327544810172862
-6.568107786339055, 26.283461172479047, -7.32874241496328
-7.795542902906497, 26.28089290071796, -7.329940019753701
-9.022731957508807, 26.278324628956867, -7.331137624544119
-10.249674950145984, 26.275756357195775, -7.332335229334538
-11.476371880818027, 26.27318808543469, -7.3335328341249575
-12.70282274952493, 26.270619813673594, -7.3347304389153765
-13.929027556266705, 26.268051541912506, -7.335928043705795
-15.154986301043346, 26.265483270151417, -7.337125648496215
-16.380698983854852, 26.26291499839033, -7.338323253286634
-17.606165604701218, 26.26034672662924, -7.339520858077053
-18.831386163582458, 26.25777845486815, -7.340718462867472
-20.056360660498562, 26.25521018310706, -7.341916067657891
-21.281089095449524, 26.25264191134597, -7.343113672448311
-22.505571468435356, 26.250073639584883, -7.34431127723873
-23.72597459622815, 26.177740331478105, -7.345508882029149
-24.872988392976275, 25.769356818690337, -7.346706486819569
-25.737832283626805, 24.917940645404634, -7.347904091609988
-26.1616668070136, 23.773780259451236, -7.349101696400406
-26.237232280779445, 22.549854171432777, -7.350299301190824
-26.234664009018356, 21.32171162671557, -7.351496905981245
-26.232095737257264, 20.093815143963504, -7.352694510771662
-26.229527465496176, 18.866164723176556, -7.353892115562082
-26.226959193735087, 17.63876036435476, -7.355089720352501
-26.224390921974, 16.411602067498087, -7.356287325142921
-26.22182265021291, 15.184689832606544, -7.357484929933339
-26.21925437845182, 13.958023659680148, -7.3586825347237586
-26.21668610669073, 12.731603548718883, -7.3598801395141775
-26.21411783492964, 11.505429499722753, -7.3610777443045965
-26.211549563168553, 10.27950151269175, -7.3622753490950155
-26.20898129140747, 9.05381958762589, -7.363472953885436
-26.206413019646376, 7.828383724525157, -7.364670558675854
-26.203844747885285, 6.603193923389561, -7.365868163466272
-26.201276476124196, 5.378250184219099, -7.367065768256692
-26.198708204363108, 4.153552507013773, -7.368263373047112
-26.196139932602016, 2.9291008917735857, -7.369460977837531
-26.193571660840927, 1.7048953384985333, -7.37065858262795
-26.19100338907984, 0.48093584718860577, -7.37185618741837
-26.188435117318747, -0.7427775821561788, -7.373053792208788
-26.185866845557655, -1.9662449495358383, -7.374251396999208
-26.18329857379657, -3.1894662549503536, -7.375449001789627
-26.180730302035478, -4.412441498399742, -7.376646606580046
-26.17816203027439, -5.635170679883995, -7.377844211370464
-26.1755937585133, -6.857653799403105, -7.379041816160885
-26.173025486752213, -8.079890856957094, -7.380239420951304
-26.170457214991124, -9.301881852545936, -7.381437025741723
-26.167888943230032, -10.52362678616965, -7.3826346305321415
-26.165320671468944, -11.745125657828233, -7.383832235322561
-26.162752399707855, -12.966378467521675, -7.3850298401129795
-26.160184127946764, -14.187385215249986, -7.386227444903399
-26.157615856185675, -15.408145901013167, -7.387425049693817
-26.155047584424587, -16.62866052481121, -7.388622654484238
-26.152479312663495, -17.848929086644127, -7.389820259274657
-26.149911040902406, -19.06895158651189, -7.391017864065075
-26.14734276914132, -20.288728024414542, -7.392215468855495
-26.14477449738023, -21.508258400352045, -7.393413073645914
-26.142013254138263, -22.727540090395166, -7.394610678436334
-26.003101907530578, -23.9356532048457, -7.395808283226755
-25.48234215636453, -25.029178690168713, -7.3970058880171745
-24.53468850780071, -25.7806736644388, -7.3982034928075935
-23.36015766970597, -26.098538590254023, -7.3994010975980125
-22.138138392679856, -26.129364866813997, -7.4005987023884305
-20.9151939069761, -26.12679659505291, -7.40179630717885
-19.69249548323749, -26.124228323291817, -7.4029939119692685
-18.470043121464023, -26.121660051530732, -7.404191516759688
-17.24783682165569, -26.11909177976964, -7.405389121550107
-16.02587658381247, -26.116523508008555, -7.406586726340526
-14.804162407934392, -26.113955236247463, -7.407784331130946
-13.582694294021456, -26.111386964486375, -7.408981935921365
-12.361472242073654, -26.10881869272528, -7.410179540711784
-11.14049625209099, -26.10625042096419, -7.411377145502203
-9.919766324073453, -26.103682149203102, -7.412574750292622
-8.699282458021043, -26.10111387744201, -7.413772355083042
-7.479044653933767, -26.098545605680926, -7.41496995987346
-6.2590529118116365, -26.095977333919834, -7.41616756466388
-5.03930723165463, -26.093409062158745, -7.4173651694543
-3.819807613462771, -26.090840790397657, -7.418562774244718
-2.600554057236038, -26.088272518636565, -7.419760379035138
-1.3815465629744421, -26.085704246875476, -7.420957983825557
-0.16278513067797962, -26.083135975114388, -7.422155588615976
1.0557302396533579, -26.080567703353296, -7.4233531934063945
2.273999548019558, -26.07799943159221, -7.4245507981968135
3.492022794420616, -26.07543115983112, -7.425748402987233
4.70979997885653, -26.07286288807003, -7.4269460077776515
5.927331101327319, -26.070294616308942, -7.428143612568071
7.1446161618329835, -26.067726344547854, -7.429341217358491
8.36165516037353, -26.06515807278676, -7.430538822148909
9.578448096948916, -26.062589801025666, -7.431736426939329
10.794994971559165, -26.06002152926458, -7.432934031729748
12.011295784204268, -26.05745325750349, -7.434131636520167
13.227350534884248, -26.0548849857424, -7.435329241310586
14.443159223599114, -26.052316713981313, -7.436526846101005
15.658721850348822, -26.04974844222022, -7.437724450891425
16.8740384151334, -26.047180170459136, -7.438922055681844
18.089108917952842, -26.044611898698044, -7.440119660472263
19.30393335880715, -26.042043626936955, -7.441317265262683
20.51851173769633, -26.039475355175863, -7.442514870053101
21.73284405462037, -26.03690708341478, -7.443712474843521
22.946821784176496, -26.026357533999807, -7.4449100796339405
24.135732347271997, -25.80161127665577, -7.4461076844243586
25.160359658308778, -25.166968501215923, -7.4473052892147775
25.793286471715245, -24.139646539249636, -7.448502894005197
26.015803261069784, -22.946886404389364, -7.449700498795616
26.021497452848227, -21.72900626456107, -7.450898103586035
26.018929181087138, -20.511259837870785, -7.452095708376454
26.016360909326046, -19.293759473145638, -7.453293313166874
26.01379263756496, -18.07650517038561, -7.454490917957292
26.01122436580387, -16.859496929590733, -7.455688522747712
26.00865609404278, -15.642734750760994, -7.456886127538132
26.006087822281692, -14.426218633896408, -7.45808373232855
26.0035195505206, -13.209948578996933, -7.45928133711897
26.00095127875951, -11.993924586062569, -7.460478941909389
25.998383006998424, -10.778146655093362, -7.461676546699808
25.995814735237335, -9.562614786089295, -7.462874151490227
25.993246463476243, -8.34732897905036, -7.464071756280646
25.990678191715155, -7.132289233976578, -7.465269361071066
25.988109919954063, -5.917495550867889, -7.466466965861484
25.985541648192978, -4.702947929724356, -7.467664570651904
25.982973376431886, -3.4886463705459585, -7.4688621754423234
25.980405104670798, -2.2745908733326954, -7.4700597802327415
25.97783683290971, -1.0607814380845666, -7.471257385023161
25.975268561148617, 0.1527819351984279, -7.47245498981358
25.972700289387532, 1.3660992465162936, -7.473652594604
25.97013201762644, 2.5791704958690236, -7.474850199394418
25.967563745865352, 3.7919956832566264, -7.476047804184838
25.96499547410426, 5.004574808679091, -7.477245408975257
25.96242720234317, 6.216907872136416, -7.478443013765676
25.959858930582087, 7.428994873628629, -7.479640618556095
25.957290658820995, 8.640835813155656, -7.480838223346515
25.954722387059906, 9.852430690717577, -7.482035828136934
25.952154115298814, 11.063779506314365, -7.483233432927353
25.949585843537726, 12.27488225994604, -7.484431037717772
25.947017571776637, 13.485738951612555, -7.485628642508192
25.94444930001555, 14.696349581313937, -7.48682624729861
25.941881028254457, 15.906714149050156, -7.48802385208903
25.93931275649337, 17.116832654821273, -7.489221456879449
25.93674448473228, 18.326705098627283, -7.490419061669868
25.93417621297119, 19.536331480468125, -7.491616666460287
25.931607941210103, 20.745711800343834, -7.492814271250706
25.92903966944901, 21.95484605825441, -7.494011876041125
25.892406871461105, 23.16253440315125, -7.495209480831545
25.57086600168621, 24.322483313551487, -7.496407085621964
24.82301489677429, 25.259467217112682, -7.497604690412384
23.73690492463521, 25.777634680688166, -7.498802295202802
22.535252216718018, 25.91619831064329, -7.499999899993222
22.535252216718, 25.916198310643274, -7.499999899993221
21.322457787076043, 25.913630038882182, -7.501197504783639
20.109909419399223, 25.911061767121097, -7.50239510957406
18.897607113687535, 25.908493495360005, -7.503592714364478
17.685550869940982, 25.905925223598917, -7.504790319154898
16.473740688159562, 25.903356951837825, -7.505987923945317
15.262176568343282, 25.90078868007674, -7.507185528735737
14.050858510492132, 25.898220408315648, -7.508383133526155
12.839786514606114, 25.895652136554556, -7.509580738316574
11.628960580685234, 25.89308386479347, -7.510778343106994
10.418380708729487, 25.89051559303238, -7.511975947897413
9.208046898738875, 25.88794732127129, -7.513173552687832
7.997959150713396, 25.885379049510203, -7.5143711574782515
6.788117464653052, 25.882810777749107, -7.5155687622686695
5.578521840557845, 25.88024250598802, -7.516766367059089
4.369172278427768, 25.87767423422693, -7.517963971849508
3.1600687782628283, 25.87510596246584, -7.519161576639928
1.9512113400630193, 25.87253769070475, -7.520359181430346
0.7425999638283484, 25.86996941894366, -7.521556786220766
-0.46576535044118855, 25.867401147182573, -7.522754391011185
-1.673884602745594, 25.86483287542148, -7.523951995801604
-2.881757793084862, 25.862264603660392, -7.525149600592023
-4.089384921458997, 25.859696331899308, -7.526347205382443
-5.296765987868, 25.857128060138216, -7.527544810172862
-6.5039009923118645, 25.854559788377124, -7.528742414963281
-7.710789934790596, 25.851991516616035, -7.5299400197537
-8.917432815304196, 25.849423244854947, -7.53113762454412
-10.123829633852653, 25.846854973093855, -7.532335229334538
-11.329980390435981, 25.84428670133277, -7.533532834124958
-12.535885085054181, 25.841718429571678, -7.534730438915377
-13.741543717707241, 25.839150157810586, -7.5359280437057965
-14.946956288395166, 25.836581886049498, -7.537125648496215
-16.152122797117958, 25.83401361428841, -7.538323253286635
-17.357043243875616, 25.831445342527317, -7.539520858077053
-18.56171762866814, 25.828877070766225, -7.540718462867472
-19.76614595149553, 25.82630879900514, -7.541916067657891
-20.97032821235778, 25.82374052724405, -7.543113672448311
-22.174264411254903, 25.821172255482963, -7.54431127723873
-23.3730428621969, 25.736192592430992, -7.545508882029148
-24.492337055679087, 25.311054642331523, -7.546706486819568
-25.327640494597475, 24.458334686063324, -7.547904091609986
-25.73512248303564, 23.329653082937295, -7.549101696400406
-25.808330896677525, 22.126089330852974, -7.550299301190825
-25.805762624916436, 20.91849296022448, -7.551496905981244
-25.803194353155348, 19.711142651561122, -7.552694510771662
-25.800626081394256, 18.504038404862897, -7.553892115562082
-25.79805780963317, 17.297180220129807, -7.555089720352502
-25.79548953787208, 16.090568097361857, -7.55628732514292
-25.792921266110987, 14.88420203655903, -7.55748492993334
-25.7903529943499, 13.678082037721342, -7.55868253472376
-25.78778472258881, 12.472208100848793, -7.559880139514178
-25.785216450827722, 11.266580225941375, -7.561077744304598
-25.782648179066634, 10.061198412999087, -7.5622753490950165
-25.78007990730554, 8.856062662021944, -7.5634729538854355
-25.777511635544457, 7.651172973009931, -7.5646705586758545
-25.774943363783365, 6.4465293459630395, -7.565868163466273
-25.772375092022273, 5.242131780881307, -7.567065768256693
-25.769806820261184, 4.037980277764684, -7.568263373047111
-25.767238548500096, 2.83407483661321, -7.569460977837531
-25.764670276739007, 1.6304154574268663, -7.570658582627951
-25.76210200497792, 0.42700214020566174, -7.57185618741837
-25.75953373321683, -0.7761651150504145, -7.573053792208789
-25.756965461455735, -1.9790863083413517, -7.574251396999207
-25.75439718969465, -3.1817614396671585, -7.575449001789627
-25.751828917933558, -4.384190509027825, -7.576646606580047
-25.74926064617247, -5.586373516423367, -7.577844211370465
-25.74669237441138, -6.788310461853763, -7.579041816160885
-25.744124102650293, -7.990001345319037, -7.580239420951304
-25.741555830889205, -9.191446166819171, -7.581437025741723
-25.738987559128113, -10.39264492635416, -7.582634630532142
-25.736419287367024, -11.593597623924037, -7.583832235322561
-25.733851015605936, -12.794304259528765, -7.5850298401129805
-25.731282743844844, -13.994764833168365, -7.586227444903399
-25.728714472083755, -15.194979344842823, -7.5874250496938185
-25.726146200322667, -16.394947794552156, -7.588622654484238
-25.723577928561575, -17.594670182296355, -7.589820259274657
-25.721009656800486, -18.794146508075407, -7.591017864065075
-25.718441385039398, -19.993376771889338, -7.592215468855495
-25.71587311327831, -21.19236097373813, -7.593413073645914
-25.711707692859648, -22.391077396396916, -7.594610678436335
-25.555413932813586, -23.576118149999303, -7.595808283226755
-25.0227266805308, -24.641448321412796, -7.597005888017174
-24.078133765540777, -25.365378111416877, -7.598203492807593
-22.921020519896047, -25.670512087740256, -7.599401097598012
-21.71951009562223, -25.700463482712088, -7.600598702388431
-20.517111784007195, -25.697895210951, -7.60179630717885
-19.314959534357307, -25.69532693918991, -7.6029939119692695
-18.113053346672537, -25.69275866742882, -7.6041915167596885
-16.911393220952913, -25.690190395667734, -7.6053891215501075
-15.709979157198427, -25.687622123906642, -7.606586726340527
-14.508811155409063, -25.685053852145554, -7.607784331130945
-13.307889215584826, -25.682485580384466, -7.608981935921364
-12.107213337725742, -25.679917308623374, -7.610179540711783
-10.906783521831798, -25.67734903686228, -7.611377145502203
-9.70659976790298, -25.674780765101193, -7.612574750292622
-8.506662075939275, -25.672212493340105, -7.613772355083041
-7.306970445940728, -25.669644221579013, -7.614969959873461
-6.107524877907313, -25.667075949817928, -7.61616756466388
-4.908325371839025, -25.664507678056836, -7.617365169454299
-3.7093719277358805, -25.661939406295748, -7.618562774244719
-2.5106645455978596, -25.65937113453466, -7.619760379035138
-1.3122032254249834, -25.656802862773567, -7.620957983825557
-0.11398796721724157, -25.654234591012482, -7.622155588615975
1.0839812290253725, -25.65166631925139, -7.623353193406395
2.2817043633028637, -25.649098047490302, -7.624550798196814
3.479181435615201, -25.64652977572921, -7.625748402987233
4.676412445962399, -25.64396150396812, -7.6269460077776525
5.873397394344476, -25.64139323220703, -7.6281436125680715
7.070136280761412, -25.638824960445945, -7.6293412173584905
8.266629105213234, -25.636256688684853, -7.63053882214891
9.46287586769991, -25.63368841692376, -7.631736426939329
10.658876568221432, -25.631120145162676, -7.632934031729748
11.85463120677783, -25.628551873401584, -7.634131636520168
13.050139783369103, -25.625983601640495, -7.635329241310587
14.245402297995247, -25.623415329879407, -7.636526846101005
15.440418750656228, -25.620847058118315, -7.637724450891424
16.635189141352097, -25.618278786357227, -7.638922055681844
17.829713470082833, -25.615710514596138, -7.640119660472263
19.02399173684843, -25.61314224283505, -7.641317265262682
20.218023941648873, -25.61057397107396, -7.642514870053102
21.411810084484205, -25.60800569931287, -7.643712474843521
22.60500991941499, -25.591538798862878, -7.64491007963394
23.769145688445768, -25.348747775559264, -7.64610768442436
24.7632249598406, -24.704532905284797, -7.647305289214779
25.37371713249675, -23.68681787109427, -7.648502894005198
25.58704153942055, -22.51285037582513, -7.649700498795617
25.592596068746314, -21.315514511025697, -7.6508981035860355
25.590027796985225, -20.11831425842415, -7.6520957083764545
25.587459525224137, -18.92136006778771, -7.6532933131668734
25.58489125346305, -17.724651939116406, -7.654490917957293
25.582322981701957, -16.52818987241026, -7.655688522747712
25.579754709940868, -15.331973867669202, -7.656886127538131
25.57718643817978, -14.136003924893332, -7.658083732328551
25.57461816641869, -12.940280044082566, -7.65928133711897
25.572049894657603, -11.74480222523695, -7.660478941909389
25.56948162289651, -10.549570468356432, -7.661676546699809
25.566913351135423, -9.354584773441092, -7.662874151490228
25.56434507937433, -8.159845140490864, -7.664071756280647
25.561776807613242, -6.965351569505799, -7.665269361071065
25.55920853585215, -5.7711040604858335, -7.666466965861485
25.55664026409106, -4.577102613431007, -7.667664570651904
25.554071992329973, -3.383347228341315, -7.668862175442323
25.551503720568885, -2.1898379052167805, -7.670059780232743
25.548935448807796, -0.9965746440573582, -7.671257385023162
25.546367177046708, 0.19644255513693026, -7.6724549898135805
25.543798905285616, 1.3892136923660863, -7.6736525946039995
25.541230633524528, 2.581738767630083, -7.674850199394419
25.53866236176344, 3.7740177809289697, -7.676047804184838
25.53609409000235, 4.9660507322627225, -7.677245408975257
25.533525818241262, 6.157837621631342, -7.678443013765676
25.53095754648017, 7.349378449034801, -7.679640618556095
25.528389274719082, 8.540673214473145, -7.680838223346514
25.525821002957993, 9.73172191794636, -7.682035828136934
25.523252731196905, 10.922524559454441, -7.683233432927353
25.520684459435817, 12.113081138997366, -7.684431037717772
25.518116187674725, 13.30339165657518, -7.685628642508191
25.515547915913633, 14.493456112187857, -7.686826247298611
25.512979644152548, 15.683274505835401, -7.68802385208903
25.510411372391456, 16.872846837517784, -7.689221456879449
25.507843100630367, 18.062173107235065, -7.690419061669869
25.505274828869275, 19.251253314987203, -7.691616666460288
25.502706557108187, 20.44008746077418, -7.692814271250706
25.5001382853471, 21.62867554459608, -7.694011876041126
25.451914563045353, 22.81497985025108, -7.6952094808315445
25.114752955424382, 23.94888864576549, -7.6964070856219635
24.361176700395635, 24.85513710639618, -7.6976046904123825
23.288059695460248, 25.353620940055766, -7.698802295202802
22.106350832616073, 25.48729692654136, -7.699999899993221
22.10635083261608, 25.487296926541354, -7.699999899993221
20.914102577062838, 25.484728654780266, -7.70119750478364
19.722100383474732, 25.482160383019178, -7.702395109574059
18.530344251851762, 25.479592111258086, -7.703592714364478
17.338834182193928, 25.477023839496997, -7.704790319154898
16.147570174501222, 25.47445556773591, -7.705987923945317
14.956552228773656, 25.47188729597482, -7.707185528735736
13.765780345011223, 25.46931902421373, -7.708383133526156
12.575254523213923, 25.466750752452636, -7.709580738316575
11.384974763381758, 25.46418248069155, -7.710778343106994
10.194941065514726, 25.461614208930463, -7.711975947897413
9.00515342961283, 25.45904593716937, -7.713173552687833
7.815611855676068, 25.456477665408283, -7.714371157478251
6.62631634370444, 25.453909393647187, -7.71556876226867
5.437266893697949, 25.451341121886102, -7.71676636705909
4.248463505656589, 25.448772850125007, -7.7179639718495086
3.0599061795803633, 25.446204578363922, -7.7191615766399275
1.8715949154692728, 25.443636306602833, -7.7203591814303465
0.6835297133233161, 25.441068034841745, -7.721556786220766
-0.5042894268575062, 25.438499763080653, -7.722754391011185
-1.6918625050731937, 25.43593149131956, -7.723951995801604
-2.8791895213237466, 25.433363219558476, -7.725149600592024
-4.0662704756091665, 25.430794947797384, -7.726347205382443
-5.253105367929451, 25.428226676036296, -7.727544810172862
-6.439694198284601, 25.425658404275204, -7.728742414963281
-7.626036966674618, 25.42309013251412, -7.7299400197537
-8.812133673099499, 25.420521860753027, -7.73113762454412
-9.997984317559244, 25.417953588991935, -7.732335229334538
-11.183588900053858, 25.41538531723085, -7.733532834124958
-12.368947420583337, 25.412817045469755, -7.734730438915376
-13.554059879147681, 25.41024877370867, -7.735928043705797
-14.738926275746891, 25.407680501947574, -7.737125648496216
-15.923546610380967, 25.40511223018649, -7.7383232532866355
-17.107920883049907, 25.4025439584254, -7.739520858077054
-18.292049093753715, 25.399975686664305, -7.740718462867473
-19.475931242492386, 25.39740741490322, -7.7419160676578915
-20.659567329265926, 25.39483914314213, -7.743113672448311
-21.842957354074333, 25.392270871381044, -7.74431127723873
-23.019376908079597, 25.290676518143837, -7.7455088820291484
-24.111643767368488, 24.852690363568076, -7.746706486819568
-24.917448705568077, 23.99872872672211, -7.747904091609987
-25.30850185113547, 22.885511787956705, -7.749101696400405
-25.379429512575605, 21.702324490273284, -7.750299301190824
-25.376861240814517, 20.515274293733512, -7.751496905981244
-25.37429296905343, 19.32847015915886, -7.752694510771662
-25.37172469729234, 18.14191208654936, -7.753892115562081
-25.36915642553125, 16.955600075904982, -7.755089720352501
-25.36658815377016, 15.769534127225747, -7.756287325142921
-25.364019882009067, 14.583714240511636, -7.757484929933339
-25.361451610247983, 13.398140415762668, -7.758682534723759
-25.358883338486894, 12.212812652978826, -7.759880139514179
-25.356315066725802, 11.02773095216013, -7.761077744304597
-25.353746794964714, 9.842895313306556, -7.762275349095017
-25.351178523203625, 8.658305736418125, -7.763472953885436
-25.348610251442533, 7.4739622214948245, -7.764670558675855
-25.346041979681445, 6.289864768536652, -7.765868163466273
-25.343473707920353, 5.106013377543629, -7.767065768256693
-25.340905436159268, 3.9224080485157273, -7.768263373047112
-25.338337164398176, 2.7390487814529645, -7.769460977837531
-25.335768892637088, 1.5559355763553364, -7.77065858262795
-25.333200620876, 0.37306843322284644, -7.77185618741837
-25.330632349114907, -0.8095526479445189, -7.773053792208788
-25.32806407735382, -1.9919276671467405, -7.774251396999208
-25.32549580559273, -3.174056624383836, -7.775449001789627
-25.322927533831642, -4.355939519655788, -7.776646606580046
-25.32035926207055, -5.537576352962601, -7.777844211370464
-25.31779099030946, -6.718967124304296, -7.779041816160884
-25.315222718548377, -7.90011183368085, -7.780239420951304
-25.312654446787285, -9.081010481092267, -7.781437025741724
-25.310086175026193, -10.26166306653855, -7.782634630532142
-25.307517903265108, -11.442069590019706, -7.783832235322562
-25.304949631504016, -12.62223005153572, -7.785029840112981
-25.302381359742924, -13.802144451086605, -7.7862274449034
-25.29981308798184, -14.98181278867235, -7.787425049693819
-25.297244816220747, -16.16123506429296, -7.7886226544842385
-25.294676544459662, -17.340411277948437, -7.7898202592746575
-25.29210827269857, -18.519341429638793, -7.791017864065076
-25.289540000937482, -19.698025519363995, -7.792215468855495
-25.286971729176393, -20.876463547124075, -7.793413073645914
-25.28029238460949, -22.054599612616908, -7.794610678436335
-25.105825142992877, -23.21608846399061, -7.795808283226754
-24.561290061394715, -24.252218077251115, -7.797005888017173
-23.62157902328097, -24.95008255839489, -7.798203492807593
-22.48188337008628, -25.242485585226476, -7.799401097598011
-21.300881798564753, -25.271562098610175, -7.800598702388431
-20.11902966103844, -25.268993826849087, -7.80179630717885
-18.937423585477266, -25.266425555088, -7.802993911969269
-17.756063571881207, -25.263857283326907, -7.804191516759689
-16.574949620250294, -25.26128901156582, -7.8053891215501086
-15.394081730584524, -25.25872073980473, -7.806586726340527
-14.213459902883887, -25.25615246804364, -7.8077843311309465
-13.033084137148379, -25.253584196282553, -7.808981935921365
-11.852954433378006, -25.251015924521457, -7.810179540711784
-10.67307079157276, -25.24844765276037, -7.811377145502203
-9.493433211732665, -25.245879380999277, -7.812574750292622
-8.314041693857686, -25.243311109238192, -7.813772355083042
-7.13489623794786, -25.2407428374771, -7.814969959873461
-5.9559968440031525, -25.23817456571601, -7.81616756466388
-4.7773435120235845, -25.235606293954923, -7.817365169454299
-3.5989362420091604, -25.23303802219383, -7.818562774244718
-2.420775033959843, -25.230469750432746, -7.819760379035138
-1.2428598878756785, -25.227901478671654, -7.820957983825556
-0.06519080375665681, -25.225333206910562, -7.822155588615976
1.1122322183972488, -25.222764935149478, -7.823353193406396
2.289409178586013, -25.220196663388386, -7.824550798196814
3.4663400768096384, -25.217628391627297, -7.825748402987234
4.643024913068139, -25.21506011986621, -7.826946007777653
5.819463687361491, -25.212491848105117, -7.828143612568072
6.9956563996897145, -25.209923576344032, -7.829341217358491
8.1716030500528, -25.20735530458294, -7.83053882214891
9.347303638450768, -25.204787032821848, -7.831736426939329
10.522758164883571, -25.202218761060756, -7.832934031729749
11.697966629351255, -25.19965048929967, -7.834131636520167
12.872929031853825, -25.19708221753858, -7.835329241310587
14.047645372391237, -25.194513945777487, -7.836526846101005
15.222115650963527, -25.1919456740164, -7.837724450891425
16.39633986757069, -25.18937740225531, -7.838922055681843
17.5703180222127, -25.186809130494222, -7.840119660472263
18.74405011488958, -25.184240858733133, -7.841317265262683
19.917536145601336, -25.18167258697204, -7.842514870053102
21.09077611434794, -25.179104315210957, -7.843712474843521
22.263115213477832, -25.155248348881617, -7.844910079633939
23.402455242882727, -24.89558307476051, -7.846107684424358
24.36539180719039, -24.241398855171795, -7.847305289214777
24.953340679312667, -23.233711089368583, -7.848502894005197
25.15827981777132, -22.078814347260987, -7.849700498795617
25.1636946846444, -20.902022757490414, -7.850898103586037
25.161126412883313, -19.725368678977574, -7.8520957083764555
25.15855814112222, -18.54896066242984, -7.8532933131668745
25.155989869361132, -17.372798707847263, -7.8544909179572935
25.153421597600044, -16.196882815229827, -7.8556885227477125
25.150853325838955, -15.021212984577492, -7.856886127538131
25.148285054077864, -13.845789215890324, -7.85808373232855
25.145716782316775, -12.670611509168257, -7.85928133711897
25.14314851055569, -11.495679864411336, -7.860478941909389
25.1405802387946, -10.320994281619559, -7.861676546699808
25.138011967033506, -9.146554760792927, -7.862874151490228
25.13544369527242, -7.972361301931427, -7.864071756280646
25.13287542351133, -6.798413905035041, -7.865269361071066
25.13030715175024, -5.624712570103783, -7.866466965861485
25.127738879989153, -4.451257297137682, -7.867664570651904
25.125170608228064, -3.2780480861366925, -7.868862175442324
25.122602336466972, -2.105084937100866, -7.870059780232743
25.120034064705884, -0.9323678500301699, -7.871257385023162
25.117465792944795, 0.24010317507541684, -7.872454989813581
25.114897521183707, 1.412328138215846, -7.873652594604
25.112329249422615, 2.584307039391161, -7.874850199394419
25.109760977661526, 3.7560398786013183, -7.876047804184838
25.107192705900438, 4.927526655846341, -7.877245408975257
25.104624434139346, 6.098767371126256, -7.878443013765677
25.102056162378258, 7.269762024441008, -7.879640618556096
25.09948789061717, 8.440510615790654, -7.880838223346515
25.096919618856077, 9.611013145175166, -7.882035828136934
25.09435134709499, 10.781269612594517, -7.883233432927353
25.0917830753339, 11.951280018048724, -7.884431037717772
25.089214803572812, 13.121044361537797, -7.885628642508191
25.086646531811724, 14.290562643061769, -7.886826247298611
25.08407826005063, 15.459834862620609, -7.88802385208903
25.081509988289547, 16.62886102021429, -7.889221456879449
25.078941716528455, 17.797641115842865, -7.890419061669868
25.076373444767366, 18.966175149506274, -7.891616666460287
25.073805173006278, 20.13446312120455, -7.892814271250707
25.071236901245186, 21.302505030937724, -7.894011876041126
25.010860194828588, 22.467359285980464, -7.895209480831545
24.658639909162556, 23.575293977979488, -7.896407085621965
23.899338504016985, 24.450806995679674, -7.8976046904123836
22.83909623261916, 24.92915283998232, -7.8988022952028025
21.677449448514167, 25.05839554243945, -7.8999998999932215
21.677449448514174, 25.058395542439435, -7.8999998999932215
20.505747367049647, 25.055827270678346, -7.9011975047836405
19.334291347550263, 25.053258998917258, -7.90239510957406
18.16308139001601, 25.050690727156166, -7.903592714364479
16.992117494446884, 25.048122455395077, -7.904790319154898
15.821399660842898, 25.04555418363399, -7.905987923945317
14.650927889204047, 25.0429859118729, -7.907185528735736
13.48070217953033, 25.040417640111812, -7.908383133526155
12.310722531821742, 25.03784936835072, -7.909580738316574
11.140988946078295, 25.03528109658963, -7.910778343106994
9.971501422299978, 25.03271282482854, -7.911975947897413
8.802259960486795, 25.03014455306745, -7.913173552687833
7.633264560638752, 25.02757628130636, -7.914371157478251
6.464515222755837, 25.02500800954527, -7.91556876226867
5.296011946838062, 25.02243973778418, -7.91676636705909
4.127754732885416, 25.01987146602309, -7.917963971849509
2.959743580897905, 25.017303194262002, -7.919161576639929
1.7919784908755312, 25.014734922500914, -7.920359181430348
0.6244594628182885, 25.012166650739825, -7.921556786220767
-0.5428135032738197, 25.00959837897873, -7.9227543910111855
-1.7098404074007905, 25.00703010721764, -7.923951995801604
-2.8766212495626275, 25.004461835456553, -7.9251496005920234
-4.043156029759335, 25.001893563695464, -7.926347205382443
-5.209444747990901, 24.99932529193438, -7.927544810172862
-6.375487404257335, 24.996757020173288, -7.928742414963281
-7.54128399855864, 24.9941887484122, -7.929940019753701
-8.706834530894804, 24.991620476651107, -7.93113762454412
-9.87213900126584, 24.98905220489002, -7.932335229334538
-11.037197409671734, 24.98648393312893, -7.933532834124958
-12.202009756112504, 24.98391566136784, -7.934730438915377
-13.366576040588129, 24.98134738960675, -7.935928043705797
-14.530896263098626, 24.978779117845654, -7.937125648496215
-15.694970423643989, 24.97621084608457, -7.938323253286635
-16.858798522224212, 24.973642574323478, -7.939520858077055
-18.022380558839306, 24.97107430256239, -7.940718462867473
-19.185716533489266, 24.9685060308013, -7.941916067657892
-20.348806446174095, 24.965937759040212, -7.943113672448311
-21.51164987106605, 24.963338170654943, -7.9443112772387305
-22.66571095396231, 24.84516044385667, -7.94550888202915
-23.730163036508326, 24.393160390056444, -7.94670648681957
-24.507256916538687, 23.53912276738088, -7.947904091609988
-24.8818812192353, 22.44137049297609, -7.949101696400407
-24.95052812847369, 21.278559649693563, -7.950299301190825
-24.9479598567126, 20.1120556272425, -7.951496905981245
-24.94539158495151, 18.945797666756565, -7.9526945107716625
-24.942823313190424, 17.779785768235776, -7.953892115562082
-24.940255041429335, 16.61401993168012, -7.955089720352502
-24.93768676966824, 15.448500157089594, -7.956287325142921
-24.93511849790715, 14.283226444464205, -7.95748492993334
-24.932550226146063, 13.118198793803941, -7.95868253472376
-24.929981954384978, 11.95341720510882, -7.95988013951418
-24.927413682623886, 10.78888167837883, -7.961077744304598
-24.924845410862794, 9.624592213613978, -7.962275349095016
-24.92227713910171, 8.460548810814252, -7.963472953885436
-24.919708867340617, 7.296751469979668, -7.964670558675855
-24.917140595579525, 6.133200191110215, -7.965868163466274
-24.91457232381844, 4.969894974205909, -7.967065768256694
-24.91200405205735, 3.8068358192667233, -7.968263373047113
-24.909435780296256, 2.644022726292668, -7.969460977837532
-24.90686750853517, 1.4814556952837667, -7.9706585826279515
-24.904299236774087, 0.31913472623998607, -7.9718561874183695
-24.90173096501299, -0.842940180838662, -7.973053792208789
-24.899162693251903, -2.004769025952171, -7.9742513969992075
-24.89659442149081, -3.166351809100551, -7.975449001789627
-24.894026149729726, -4.327688530283792, -7.976646606580047
-24.891457877968634, -5.488779189501894, -7.977844211370465
-24.888889606207545, -6.649623786754874, -7.979041816160885
-24.886321334446457, -7.810222322042721, -7.980239420951305
-24.883753062685365, -8.970574795365415, -7.981437025741723
-24.881184790924276, -10.13068120672299, -7.982634630532141
-24.878616519163188, -11.290541556115432, -7.983832235322561
-24.876048247402096, -12.450155843542731, -7.985029840112981
-24.873479975641008, -13.609524069004904, -7.986227444903399
-24.87091170387992, -14.768646232501933, -7.987425049693819
-24.868343432118834, -15.92752233403383, -7.988622654484239
-24.865775160357742, -17.086152373600598, -7.989820259274658
-24.86320688859665, -18.244536351202232, -7.991017864065076
-24.860638616835566, -19.402674266838723, -7.9922154688554965
-24.858070345074474, -20.560566120510085, -7.993413073645915
-24.848877076359322, -21.718121828836956, -7.9946106784363336
-24.656236353172147, -22.85605877798197, -7.995808283226753
-24.097894921811424, -23.861374815241703, -7.997005888017172
-23.16476240368523, -24.534191906426074, -7.998203492807592
-22.04274622027644, -24.814459082712705, -7.99940109759801
-20.882253501507186, -24.842660714508263, -8.00059870238843
-19.72094753806958, -24.840092442747174, -8.00179630717885
-18.559887636597118, -24.837524170986086, -8.00299391196927
-17.399073797089784, -24.834955899224997, -8.004191516759688
-16.23850601954758, -24.832387627463905, -8.005389121550108
-15.07818430397051, -24.829819355702817, -8.006586726340528
-13.918108650358583, -24.827251083941725, -8.007784331130946
-12.758279058711796, -24.82468281218064, -8.008981935921366
-11.598695529030127, -24.82211454041955, -8.010179540711786
-10.439358061313598, -24.819546268658456, -8.011377145502204
-9.280266655562212, -24.81697799689737, -8.012574750292623
-8.12142131177594, -24.81440972513628, -8.013772355083042
-6.962822029954825, -24.81184145337519, -8.014969959873461
-5.804468810098824, -24.8092731816141, -8.016167564663881
-4.646361652207971, -24.80670490985301, -8.0173651694543
-3.4885005562822564, -24.804136638091922, -8.018562774244717
-2.3308855223216653, -24.801568366330834, -8.019760379035137
-1.1735165503261977, -24.79900009456974, -8.020957983825557
-0.016393640295878167, -24.796431822808653, -8.022155588615975
1.1404832077693106, -24.793863551047565, -8.023353193406395
2.2971139938693534, -24.791295279286476, -8.024550798196815
3.453498718004266, -24.788727007525388, -8.025748402987233
4.609637380174058, -24.786158735764296, -8.026946007777653
5.765529980378713, -24.783590464003208, -8.028143612568073
6.921176518618222, -24.78102219224212, -8.029341217358493
8.076576994892593, -24.77845392048103, -8.03053882214891
9.231731409201846, -24.77588564871994, -8.031736426939329
10.386639761545942, -24.773317376958847, -8.032934031729749
11.541302051924916, -24.77074910519776, -8.034131636520168
12.695718280338752, -24.768180833436666, -8.035329241310587
13.849888446787476, -24.76561256167558, -8.036526846101006
15.003812551271054, -24.76304428991449, -8.037724450891425
16.157490593789497, -24.7604760181534, -8.038922055681844
17.310922574342797, -24.757907746392313, -8.040119660472264
18.46410849293097, -24.755339474631224, -8.041317265262682
19.617048349554032, -24.752771202870132, -8.042514870053102
20.76974214421193, -24.750202931109044, -8.04371247484352
21.921217837893472, -24.71891047128054, -8.04491007963394
23.035764797319924, -24.442418373961658, -8.046107684424358
23.967558654540348, -23.7782648050586, -8.047305289214778
24.532048238071752, -22.780288678475237, -8.048502894005198
24.729518096122096, -21.64477831869663, -8.049700498795616
24.734793300542496, -20.48853100395495, -8.050898103586036
24.732225028781404, -19.332423099530825, -8.052095708376456
24.729656757020315, -18.176561257071818, -8.053293313166874
24.727088485259227, -17.020945476577946, -8.054490917957294
24.724520213498135, -15.865575758049202, -8.055688522747712
24.721951941737046, -14.710452101485604, -8.056886127538132
24.719383669975958, -13.555574506887126, -8.058083732328551
24.71681539821487, -12.400942974253798, -8.05928133711897
24.714247126453778, -11.246557503585608, -8.06047894190939
24.711678854692693, -10.092418094882557, -8.06167654669981
24.7091105829316, -8.938524748144639, -8.062874151490227
24.706542311170512, -7.784877463371856, -8.064071756280647
24.703974039409424, -6.6314762405641785, -8.065269361071065
24.701405767648335, -5.478321079721659, -8.066466965861485
24.698837495887243, -4.325411980844255, -8.067664570651905
24.696269224126155, -3.172748943932003, -8.068862175442323
24.693700952365067, -2.020331968984891, -8.070059780232743
24.691132680603978, -0.8681610560029154, -8.071257385023163
24.688564408842886, 0.2837637950139553, -8.072454989813581
24.6859961370818, 1.4354425840656648, -8.073652594603999
24.68342786532071, 2.5868753111522422, -8.074850199394419
24.680859593559617, 3.7380619762736806, -8.076047804184839
24.67829132179853, 4.88900257943001, -8.077245408975257
24.67572305003744, 6.039697120621185, -8.078443013765677
24.673154778276352, 7.190145599847247, -8.079640618556096
24.67058650651526, 8.340348017108152, -8.080838223346515
24.66801823475417, 9.490304372403921, -8.082035828136934
24.665449962993083, 10.640014665734556, -8.083233432927353
24.662881691231995, 11.789478897100055, -8.084431037717772
24.660313419470903, 12.938697066500424, -8.085628642508192
24.657745147709818, 14.087669173935696, -8.08682624729861
24.655176875948726, 15.236395219405805, -8.08802385208903
24.652608604187638, 16.38487520291081, -8.08922145687945
24.65004033242655, 17.53310912445065, -8.090419061669868
24.64747206066546, 18.681096984025356, -8.091616666460288
24.64490378890437, 19.82883878163493, -8.092814271250706
24.64233551714328, 20.9763345172794, -8.094011876041126
24.569794798983967, 22.119737426565052, -8.095209480831546
24.200834211792394, 23.200769660946996, -8.096407085621964
23.43750030763833, 24.046476884963162, -8.097604690412384
22.390132067187988, 24.5046820399298, -8.098802295202802
21.248548064412255, 24.62949415833753, -8.099999899993222
21.24854806441226, 24.629494158337515, -8.099999899993222
20.09739215703645, 24.626925886576423, -8.10119750478364
18.946482311625775, 24.624357614815338, -8.10239510957406
17.795818528180227, 24.621789343054246, -8.10359271436448
16.645400806699822, 24.619221071293158, -8.1047903191549
15.495229147184547, 24.616652799532066, -8.105987923945317
14.345303549634409, 24.61408452777098, -8.107185528735737
13.1956240140494, 24.61151625600989, -8.108383133526155
12.046190540429528, 24.6089479842488, -8.109580738316575
10.897003128774791, 24.606379712487712, -8.110778343106995
9.74806177908519, 24.603811440726624, -8.111975947897413
8.599366491360723, 24.60124316896553, -8.113173552687833
7.450917265601386, 24.59867489720444, -8.114371157478251
6.302714101807187, 24.596106625443348, -8.11556876226867
5.15475699997812, 24.593538353682263, -8.116766367059089
4.00704596011419, 24.59097008192117, -8.117963971849509
2.8595809822153933, 24.588401810160082, -8.119161576639929
1.7123620662817312, 24.58583353839899, -8.120359181430347
0.5653892123132005, 24.583265266637902, -8.121556786220767
-0.581337579690193, 24.580696994876813, -8.122754391011185
-1.7278183097284519, 24.578128723115725, -8.123951995801605
-2.87405297780158, 24.575560451354633, -8.125149600592025
-4.020041583909567, 24.572992179593548, -8.126347205382443
-5.165784128052426, 24.57042390783246, -8.127544810172862
-6.311280610230148, 24.567855636071368, -8.12874241496328
-7.456531030442733, 24.56528736431028, -8.1299400197537
-8.60153538869019, 24.56271909254919, -8.13113762454412
-9.74629368497251, 24.5601508207881, -8.132335229334538
-10.890805919289695, 24.55758254902701, -8.133532834124958
-12.035072091641746, 24.555014277265915, -8.134730438915376
-13.179092202028663, 24.552446005504827, -8.135928043705796
-14.322866250450442, 24.549877733743735, -8.137125648496216
-15.466394236907092, 24.54730946198265, -8.138323253286636
-16.60967616139861, 24.54474119022156, -8.139520858077054
-17.752712023924982, 24.54217291846047, -8.140718462867472
-18.89550182448623, 24.53960464669938, -8.141916067657892
-20.038045563082342, 24.537036374938292, -8.14311367244831
-21.180333323488185, 24.53373883478613, -8.14431127723873
-22.31193039732367, 24.399203964232505, -8.14550888202915
-23.346549769286995, 23.93047350504954, -8.14670648681957
-24.096700442044625, 23.079316513031465, -8.147904091609988
-24.455260587335157, 21.997229197995395, -8.149101696400407
-24.52162674437177, 20.854794809113756, -8.150299301190826
-24.51905847261068, 19.708836960751412, -8.151496905981245
-24.516490200849592, 18.563125174354195, -8.152694510771664
-24.5139219290885, 17.417659449922112, -8.153892115562083
-24.511353657327412, 16.272439787455166, -8.155089720352503
-24.508785385566323, 15.127466186953361, -8.15628732514292
-24.506217113805235, 13.982738648416674, -8.15748492993334
-24.503648842044147, 12.838257171845132, -8.15868253472376
-24.501080570283058, 11.694021757238733, -8.15988013951418
-24.498512298521966, 10.550032404597447, -8.161077744304597
-24.495944026760878, 9.406289113921313, -8.162275349095017
-24.49337575499979, 8.262791885210307, -8.163472953885435
-24.490807483238697, 7.1195407184644335, -8.164670558675855
-24.488239211477605, 5.976535613683692, -8.165868163466275
-24.48567093971652, 4.833776570868093, -8.167065768256693
-24.48310266795543, 3.6912635900176207, -8.168263373047113
-24.480534396194336, 2.5489966711322927, -8.169460977837531
-24.47796612443325, 1.4069758142121, -8.17065858262795
-24.475397852672163, 0.2652010192570326, -8.17185618741837
-24.472829580911075, -0.8763277137329022, -8.17305379220879
-24.470261309149983, -2.017610384757694, -8.174251396999207
-24.467693037388894, -3.158646993817362, -8.175449001789627
-24.465124765627806, -4.299437540911887, -8.176646606580046
-24.462556493866714, -5.439982026041288, -8.177844211370465
-24.459988222105626, -6.580280449205555, -8.179041816160886
-24.457419950344537, -7.720332810404678, -8.180239420951306
-24.454851678583445, -8.860139109638665, -8.181437025741722
-24.452283406822357, -9.999699346907525, -8.182634630532142
-24.44971513506127, -11.139013522211254, -8.183832235322562
-24.44714686330018, -12.278081635549839, -8.18502984011298
-24.444578591539088, -13.416903686923298, -8.1862274449034
-24.442010319778, -14.555479676331611, -8.18742504969382
-24.439442048016915, -15.6938096037748, -8.188622654484238
-24.436873776255823, -16.831893469252854, -8.189820259274658
-24.43430550449473, -17.969731272765763, -8.191017864065078
-24.431737232733646, -19.107323014313536, -8.192215468855496
-24.429168960972554, -20.244668693896188, -8.193413073645916
-24.415699116624047, -21.381544827384836, -8.194610678436336
-24.205303820733604, -22.49556606807205, -8.195808283226754
-23.63447328054081, -23.470509726707817, -8.197005888017173
-22.707416027271705, -24.117097417083357, -8.198203492807593
-21.603609070466504, -24.386432580198935, -8.199401097598011
-20.463625204449535, -24.413759330406354, -8.200598702388431
-19.32286541510065, -24.411191058645265, -8.20179630717885
-18.182351687716903, -24.408622786884177, -8.20299391196927
-17.042084022298283, -24.40605451512309, -8.204191516759689
-15.902062418844803, -24.403486243361996, -8.205389121550107
-14.762286877356454, -24.400917971600908, -8.206586726340527
-13.622757397833237, -24.39834969983982, -8.207784331130945
-12.48347398027515, -24.395781428078728, -8.208981935921365
-11.34443662468221, -24.393213156317636, -8.210179540711785
-10.205645331054402, -24.390644884556547, -8.211377145502203
-9.067100099391734, -24.38807661279546, -8.212574750292623
-7.928800929694175, -24.38550834103437, -8.21377235508304
-6.790747821961758, -24.382940069273282, -8.21496995987346
-5.652940776194487, -24.38037179751219, -8.21616756466388
-4.515379792392341, -24.3778035257511, -8.2173651694543
-3.378064870555347, -24.375235253990013, -8.218562774244718
-2.2409960106834785, -24.37266698222892, -8.219760379035138
-1.104173212776742, -24.370098710467833, -8.220957983825556
0.03240352316487129, -24.367530438706744, -8.222155588615976
1.1687341971413467, -24.364962166945652, -8.223353193406394
2.30481880915267, -24.362393895184564, -8.224550798196814
3.440657359198865, -24.359825623423475, -8.225748402987232
4.576249847279931, -24.357257351662387, -8.226946007777652
5.71159627339587, -24.3546890799013, -8.228143612568072
6.846696637546653, -24.352120808140207, -8.22934121735849
7.98155093973232, -24.34955253637912, -8.23053882214891
9.116159179952858, -24.34698426461803, -8.231736426939328
10.250521358208237, -24.344415992856938, -8.232934031729748
11.384637474498497, -24.341847721095846, -8.234131636520168
12.518507528823609, -24.339279449334757, -8.235329241310588
13.652131521183616, -24.33671117757367, -8.236526846101006
14.78550945157847, -24.33414290581258, -8.237724450891424
15.918641320008193, -24.331574634051492, -8.238922055681844
17.05152712647278, -24.3290063622904, -8.240119660472264
18.184166870972234, -24.326438090529315, -8.241317265262683
19.31656055350656, -24.323869818768223, -8.242514870053101
20.448708174075744, -24.32130154700713, -8.243712474843521
21.579109907292217, -24.280779803891704, -8.24491007963394
22.667656603389858, -23.98603193365118, -8.24610768442436
23.569725501890204, -23.315130754945525, -8.24730528921478
24.110535213155124, -22.326790259340036, -8.248502894005197
24.30075637447286, -21.210742290132416, -8.249700498795617
24.305891916440583, -20.075039250419593, -8.250898103586035
24.303323644679494, -18.939477520084175, -8.252095708376455
24.300755372918402, -17.80416185171389, -8.253293313166873
24.298187101157314, -16.669092245308732, -8.254490917957293
24.295618829396226, -15.53426870086871, -8.255688522747711
24.293050557635137, -14.399691218393828, -8.256886127538131
24.29048228587405, -13.265359797884074, -8.25808373232855
24.287914014112957, -12.131274439339458, -8.259281337118969
24.285345742351865, -10.99743514275998, -8.260478941909389
24.28277747059078, -9.863841908145634, -8.261676546699807
24.280209198829688, -8.730494735496423, -8.262874151490227
24.2776409270686, -7.597393624812345, -8.264071756280646
24.27507265530751, -6.464538576093396, -8.265269361071066
24.272504383546423, -5.331929589339588, -8.266466965861484
24.269936111785334, -4.199566664550909, -8.267664570651904
24.267367840024242, -3.067449801727369, -8.268862175442322
24.264799568263154, -1.9355790008689628, -8.270059780232742
24.262231296502065, -0.8039542619756914, -8.271257385023162
24.259663024740977, 0.3274244149524505, -8.27245498981358
24.257094752979885, 1.4585570299154555, -8.273652594604
24.254526481218797, 2.589443582913325, -8.274850199394418
24.251958209457708, 3.720084073946058, -8.276047804184838
24.24938993769662, 4.850478503013663, -8.277245408975256
24.24682166593553, 5.98062687011613, -8.278443013765676
24.24425339417444, 7.110529175253465, -8.279640618556096
24.24168512241335, 8.24018541842566, -8.280838223346514
24.239116850652263, 9.369595599632724, -8.282035828136934
24.236548578891174, 10.498759718874654, -8.283233432927352
24.233980307130082, 11.627677776151451, -8.284431037717772
24.231412035368994, 12.756349771463114, -8.285628642508192
24.2288437636079, 13.884775704809641, -8.28682624729861
24.226275491846817, 15.012955576191036, -8.28802385208903
24.223707220085725, 16.1408893856073, -8.28922145687945
24.221138948324636, 17.26857713305842, -8.290419061669867
24.218570676563544, 18.39601881854441, -8.291616666460287
24.21600240480246, 19.523214442065267, -8.292814271250707
24.213434133041368, 20.65016400362099, -8.294011876041125
24.126931222957314, 21.771782868441473, -8.295209480831545
23.739915613056507, 22.824535655252337, -8.296407085621965
22.97566211125968, 23.642146774246655, -8.297604690412383
21.94116790175687, 24.080211239877272, -8.298802295202803
20.819646680310342, 24.20059277423561, -8.299999899993221
20.81964668031035, 24.2005927742356, -8.299999899993221
19.68903694702325, 24.198024502474507, -8.30119750478364
18.558673275701288, 24.19545623071342, -8.302395109574059
17.42855566634446, 24.19288795895233, -8.303592714364479
16.29868411895277, 24.19031968719124, -8.304790319154899
15.16905863352621, 24.187751415430153, -8.305987923945317
14.039679210064785, 24.185183143669065, -8.307185528735737
12.910545848568495, 24.182614871907973, -8.308383133526155
11.781658549037338, 24.180046600146884, -8.309580738316575
10.653017311471318, 24.177478328385796, -8.310778343106994
9.52462213587043, 24.174910056624704, -8.311975947897412
8.396473022234677, 24.17234178486361, -8.313173552687832
7.268569970564055, 24.169773513102523, -8.31437115747825
6.140912980858572, 24.16720524134143, -8.31556876226867
5.013502053118223, 24.164636969580346, -8.316766367059088
3.886337187343006, 24.162068697819254, -8.317963971849508
2.759418383532925, 24.159500426058166, -8.319161576639928
1.6327456416879778, 24.156932154297078, -8.320359181430346
0.5063189618081646, 24.15436388253599, -8.321556786220766
-0.6198616561065137, 24.151795610774897, -8.322754391011184
-1.745796212056058, 24.14922733901381, -8.323951995801604
-2.8714847060404685, 24.14665906725272, -8.325149600592024
-3.9969271380597435, 24.14409079549163, -8.326347205382442
-5.122123508113885, 24.14152252373054, -8.327544810172862
-6.247073816202896, 24.13895425196945, -8.328742414963282
-7.371778062326766, 24.136385980208363, -8.3299400197537
-8.496236246485504, 24.13381770844727, -8.33113762454412
-9.620448368679105, 24.131249436686183, -8.332335229334538
-10.744414428907577, 24.128681164925094, -8.333532834124957
-11.868134427170911, 24.126112893164002, -8.334730438915376
-12.991608363469114, 24.123544621402917, -8.335928043705795
-14.11483623780218, 24.120976349641822, -8.337125648496215
-15.237818050170112, 24.118408077880733, -8.338323253286635
-16.36055380057291, 24.115839806119645, -8.339520858077053
-17.483043489010573, 24.113271534358553, -8.340718462867471
-18.605287115483105, 24.110703262597465, -8.341916067657891
-19.7272846799905, 24.108134990836376, -8.343113672448311
-20.84899018417052, 24.102183864083283, -8.34431127723873
-21.957546749028516, 23.950929867326685, -8.345508882029149
-22.96293650206558, 23.467786620042688, -8.346706486819569
-23.6846714651727, 22.61870152100478, -8.347904091609987
-24.02863995543499, 21.5530879030148, -8.349101696400407
-24.092725360269853, 20.43102996853406, -8.350299301190827
-24.09015708850876, 19.305618294260427, -8.351496905981245
-24.087588816747672, 18.180452681951927, -8.352694510771663
-24.085020544986584, 17.055533131608563, -8.353892115562083
-24.082452273225492, 15.930859643230331, -8.355089720352503
-24.079884001464407, 14.806432216817239, -8.356287325142922
-24.077315729703315, 13.682250852369265, -8.35748492993334
-24.074747457942223, 12.558315549886439, -8.35868253472376
-24.07217918618114, 11.43462630936875, -8.359880139514178
-24.069610914420046, 10.311183130816193, -8.361077744304598
-24.067042642658958, 9.187986014228768, -8.362275349095018
-24.06447437089787, 8.065034959606479, -8.363472953885438
-24.061906099136777, 6.942329966949326, -8.364670558675856
-24.059337827375685, 5.819871036257294, -8.365868163466274
-24.0567695556146, 4.697658167530414, -8.367065768256694
-24.054201283853512, 3.575691360768663, -8.368263373047112
-24.05163301209242, 2.453970615972041, -8.369460977837532
-24.049064740331332, 1.3324959331405588, -8.37065858262795
-24.046496468570243, 0.21126731227420642, -8.371856187418372
-24.043928196809155, -0.909715246627008, -8.37305379220879
-24.041359925048063, -2.030451743563094, -8.374251396999208
-24.038791653286975, -3.1509421785340397, -8.375449001789628
-24.036223381525886, -4.271186551539852, -8.376646606580046
-24.033655109764794, -5.391184862580534, -8.377844211370466
-24.03108683800371, -6.5109371116560775, -8.379041816160886
-24.028518566242617, -7.6304432987664885, -8.380239420951305
-24.025950294481525, -8.749703423911761, -8.381437025741723
-24.023382022720437, -9.868717487091907, -8.382634630532143
-24.02081375095935, -10.987485488306913, -8.383832235322561
-24.01824547919826, -12.106007427556788, -8.385029840112981
-24.01567720743717, -13.224283304841524, -8.3862274449034
-24.01310893567608, -14.34231312016113, -8.38742504969382
-24.010540663914995, -15.4600968735156, -8.388622654484239
-24.007972392153903, -16.577634564904937, -8.389820259274657
-24.00540412039281, -17.69492619432913, -8.391017864065077
-24.002835848631726, -18.8119717617882, -8.392215468855497
-24.000267576870634, -19.92877126728213, -8.393413073645917
-23.979784774830353, -21.044813798060062, -8.394610678436333
-23.751646611436534, -22.134134494950942, -8.395808283226753
-23.17105163927031, -23.079644638173818, -8.397005888017173
-22.249801902305713, -23.699394486841523, -8.398203492807593
-21.164471920656737, -23.958406077685154, -8.39940109759801
-20.04499690739207, -23.984857946304444, -8.400598702388429
-18.9247832921319, -23.982289674543356, -8.401796307178849
-17.80481573883686, -23.979721402782268, -8.402993911969268
-16.68509424750696, -23.977153131021176, -8.404191516759688
-15.565618818142198, -23.97458485926009, -8.405389121550106
-14.446389450742572, -23.972016587499, -8.406586726340526
-13.32740614530806, -23.969448315737907, -8.407784331130944
-12.208668901838694, -23.96688004397682, -8.408981935921364
-11.090177720334463, -23.96431177221573, -8.410179540711784
-9.97193260079537, -23.961743500454638, -8.411377145502202
-8.853933543221409, -23.959175228693553, -8.412574750292622
-7.736180547612577, -23.95660695693246, -8.41377235508304
-6.61867361396887, -23.95403868517137, -8.41496995987346
-5.501412742290318, -23.951470413410284, -8.41616756466388
-4.3843979325768805, -23.948902141649192, -8.417365169454298
-3.2676291848285977, -23.946333869888104, -8.418562774244718
-2.1511064990454356, -23.943765598127015, -8.419760379035138
-1.0348298752274223, -23.941197326365923, -8.420957983825556
0.08120068662546771, -23.93862905460484, -8.422155588615976
1.1969851865132337, -23.936060782843747, -8.423353193406394
2.312523624435845, -23.933492511082658, -8.424550798196814
3.427816000393335, -23.93092423932157, -8.425748402987232
4.542862314385681, -23.928355967560478, -8.426946007777651
5.657662566412904, -23.92578769579939, -8.428143612568071
6.772216756474979, -23.9232194240383, -8.429341217358491
7.886524884571936, -23.92065115227721, -8.43053882214891
9.000586950703752, -23.91808288051612, -8.431736426939327
10.114402954870434, -23.91551460875503, -8.432934031729747
11.227972897071966, -23.91294633699394, -8.434131636520167
12.34129677730837, -23.910378065232848, -8.435329241310587
13.454374595579646, -23.907809793471763, -8.436526846101005
14.56720635188579, -23.90524152171067, -8.437724450891423
15.679792046226797, -23.902673249949583, -8.438922055681843
16.792131678602654, -23.900104978188494, -8.440119660472263
17.904225249013397, -23.897536706427402, -8.441317265262681
19.01607275745901, -23.894968434666314, -8.4425148700531
20.127674203939485, -23.892400162905226, -8.443712474843519
21.23666550313588, -23.83978420190065, -8.444910079633939
22.298766390537956, -23.52786840699918, -8.446107684424359
23.171892349239993, -22.851996704832526, -8.447305289214777
23.689022188238475, -21.873291840204917, -8.448502894005196
23.87199465282363, -20.776706261568282, -8.449700498795616
23.876990532338674, -19.661547496884307, -8.450898103586034
23.874422260577585, -18.546531940637593, -8.452095708376454
23.871853988816497, -17.431762446356032, -8.453293313166872
23.869285717055405, -16.317239014039583, -8.454490917957292
23.86671744529432, -15.202961643688269, -8.455688522747712
23.864149173533228, -14.088930335302091, -8.45688612753813
23.86158090177214, -12.975145088881067, -8.45808373232855
23.85901263001105, -11.861605904425154, -8.45928133711897
23.85644435824996, -10.748312781934377, -8.460478941909388
23.853876086488874, -9.635265721408734, -8.461676546699806
23.851307814727782, -8.522464722848248, -8.462874151490226
23.848739542966694, -7.409909786252873, -8.464071756280646
23.846171271205606, -6.2976009116226335, -8.465269361071066
23.843602999444514, -5.18553809895755, -8.466466965861484
23.841034727683425, -4.073721348257577, -8.467664570651902
23.838466455922337, -2.9621506595227407, -8.468862175442322
23.83589818416125, -1.850826032753038, -8.470059780232742
23.833329912400156, -0.7397474679484924, -8.471257385023161
23.830761640639068, 0.3710850348909434, -8.47245498981358
23.82819336887798, 1.4816714757652203, -8.473652594604
23.82562509711689, 2.5920118546743867, -8.474850199394417
23.823056825355803, 3.702106171618418, -8.476047804184837
23.82048855359471, 4.811954426597291, -8.477245408975255
23.817920281833622, 5.921556619611056, -8.478443013765675
23.815352010072534, 7.030912750659685, -8.479640618556095
23.812783738311445, 8.140022819743153, -8.480838223346513
23.810215466550353, 9.248886826861515, -8.482035828136933
23.807647194789265, 10.357504772014744, -8.483233432927351
23.805078923028177, 11.46587665520284, -8.484431037717771
23.802510651267088, 12.574002476425772, -8.48562864250819
23.799942379506, 13.681882235683593, -8.48682624729861
23.797374107744908, 14.78951593297628, -8.488023852089029
23.79480583598382, 15.896903568303838, -8.489221456879449
23.79223756422273, 17.004045141666236, -8.490419061669867
23.789669292461642, 18.110940653063526, -8.491616666460285
23.78710102070055, 19.217590102495677, -8.492814271250705
23.784532748939462, 20.323993489962696, -8.494011876041125
23.680396509056646, 21.423149077591308, -8.495209480831543
23.27894063740164, 22.448270685846452, -8.496407085621962
22.51240193948304, 23.235711634719763, -8.497604690412382
21.492203736325724, 23.65574043982476, -8.4988022952028
20.39074529620843, 23.77169139013369, -8.49999989999322
20.390745296208443, 23.771691390133682, -8.49999989999322
19.280681737010063, 23.769123118372594, -8.501197504783638
18.17086423977682, 23.766554846611506, -8.50239510957406
17.061292804508703, 23.763986574850414, -8.503592714364478
15.951967431205727, 23.761418303089325, -8.504790319154896
14.842888119867883, 23.758850031328237, -8.505987923945316
13.734054870495173, 23.75628175956715, -8.507185528735736
12.6254676830876, 23.753713487806056, -8.508383133526154
11.517126557645158, 23.751145216044968, -8.509580738316572
10.409031494167852, 23.74857694428388, -8.510778343106992
9.301182492655679, 23.74600867252279, -8.511975947897412
8.193579553108641, 23.743440400761695, -8.513173552687832
7.086222675526736, 23.740872129000607, -8.51437115747825
5.979111859909968, 23.73830385723952, -8.51556876226867
4.8722471062583335, 23.735735585478427, -8.516766367059088
3.7656284145718306, 23.73316731371734, -8.517963971849507
2.6592557848504668, 23.73059904195625, -8.519161576639927
1.5531292170942332, 23.72803077019516, -8.520359181430345
0.4472487113031342, 23.72546249843407, -8.521556786220765
-0.6583857325228277, 23.72289422667298, -8.522754391011183
-1.763774114383658, 23.720325954911893, -8.523951995801603
-2.8689164342793547, 23.717757683150804, -8.525149600592023
-3.973812692209913, 23.715189411389716, -8.526347205382441
-5.078462888175341, 23.712621139628624, -8.527544810172861
-6.1828670221756346, 23.710052867867535, -8.528742414963281
-7.287025094210794, 23.707484596106447, -8.529940019753699
-8.390937104280814, 23.704916324345355, -8.531137624544119
-9.494603052385706, 23.702348052584266, -8.532335229334537
-10.598022938525459, 23.699779780823178, -8.533532834124957
-11.70119676270008, 23.69721150906209, -8.534730438915375
-12.80412452490957, 23.694643237301, -8.535928043705795
-13.906806225153922, 23.692074965539906, -8.537125648496215
-15.009241863433136, 23.689506693778817, -8.538323253286633
-16.11143143974722, 23.686938422017725, -8.539520858077053
-17.21337495409617, 23.684370150256637, -8.54071846286747
-18.315072406479988, 23.68180187849555, -8.54191606765789
-19.416523796898666, 23.67923360673446, -8.54311367244831
-20.517647044852858, 23.670628893380442, -8.54431127723873
-21.60243647002651, 23.499863405668908, -8.545508882029148
-22.579323234844175, 23.005099735035834, -8.546706486819568
-23.27164355066405, 22.157537885718604, -8.547904091609986
-23.602019323534822, 21.108946608034184, -8.549101696400406
-23.663823976167937, 20.007265127954348, -8.550299301190824
-23.661255704406848, 18.902399627769427, -8.551496905981244
-23.658687432645756, 17.797780189549645, -8.552694510771662
-23.656119160884664, 16.69340681329499, -8.553892115562082
-23.65355088912358, 15.589279499005476, -8.555089720352502
-23.650982617362487, 14.485398246681093, -8.55628732514292
-23.648414345601395, 13.381763056321843, -8.557484929933338
-23.64584607384031, 12.27837392792773, -8.558682534723758
-23.643277802079222, 11.175230861498749, -8.559880139514178
-23.64070953031813, 10.072333857034907, -8.561077744304596
-23.63814125855704, 8.969682914536197, -8.562275349095016
-23.635572986795953, 7.8672780340026165, -8.563472953885436
-23.63300471503486, 6.76511921543417, -8.564670558675854
-23.630436443273773, 5.663206458830861, -8.565868163466273
-23.627868171512684, 4.56153976419269, -8.567065768256693
-23.625299899751596, 3.4601191315196544, -8.568263373047111
-23.622731627990504, 2.3589445608117448, -8.569460977837531
-23.620163356229416, 1.2580160520689765, -8.57065858262795
-23.617595084468327, 0.1573336052913356, -8.57185618741837
-23.61502681270724, -0.943102779521164, -8.573053792208789
-23.612458540946147, -2.043293102368539, -8.574251396999207
-23.60989026918506, -3.1432373632507717, -8.575449001789627
-23.60732199742397, -4.242935562167871, -8.576646606580045
-23.60475372566288, -5.34238769911984, -8.577844211370465
-23.60218545390179, -6.441593774106667, -8.579041816160883
-23.599617182140705, -7.540553787128367, -8.580239420951305
-23.597048910379613, -8.639267738184923, -8.581437025741723
-23.59448063861852, -9.737735627276352, -8.58263463053214
-23.591912366857436, -10.835957454402642, -8.58383223532256
-23.589344095096344, -11.933933219563805, -8.58502984011298
-23.586775823335252, -13.031662922759828, -8.586227444903399
-23.584207551574167, -14.12914656399072, -8.587425049693818
-23.581639279813075, -15.226384143256476, -8.588622654484237
-23.579071008051987, -16.323375660557108, -8.589820259274656
-23.576502736290898, -17.42012111589259, -8.591017864065076
-23.57393446452981, -18.516620509262946, -8.592215468855496
-23.57136619276872, -19.612873840668158, -8.593413073645912
-23.543009456435215, -20.708034305329555, -8.594610678436332
-23.296615501661037, -21.772229506198713, -8.595808283226752
-22.707194841105437, -22.688344392745588, -8.597005888017172
-21.79218777733963, -23.281691556599725, -8.598203492807592
-20.72533477084687, -23.530379575171384, -8.599401097598008
-19.626368610334488, -23.55595656220254, -8.60059870238843
-18.526701169163033, -23.553388290441447, -8.601796307178848
-17.427279789956707, -23.55082001868036, -8.602993911969268
-16.328104472715516, -23.54825174691927, -8.604191516759688
-15.22917521743946, -23.545683475158178, -8.605389121550107
-14.13049202412854, -23.543115203397093, -8.606586726340526
-13.032054892782748, -23.540546931635998, -8.607784331130944
-11.933863823402088, -23.53797865987491, -8.608981935921364
-10.835918815986574, -23.535410388113817, -8.610179540711783
-9.738219870536184, -23.53284211635273, -8.611377145502201
-8.640766987050936, -23.53027384459164, -8.612574750292621
-7.543560165530814, -23.527705572830552, -8.61377235508304
-6.446599405975837, -23.525137301069464, -8.61496995987346
-5.349884708385982, -23.52256902930837, -8.61616756466388
-4.253416072761272, -23.520000757547283, -8.617365169454299
-3.1571934991016866, -23.517432485786195, -8.618562774244717
-2.0612169874072466, -23.514864214025103, -8.619760379035137
-0.96548653767793, -23.512295942264014, -8.620957983825555
0.1299978500862352, -23.509727670502926, -8.622155588615975
1.2252361758852905, -23.507159398741834, -8.623353193406395
2.320228439719188, -23.50459112698075, -8.624550798196813
3.414974641587971, -23.502022855219657, -8.625748402987231
4.509474781491608, -23.49945458345857, -8.62694600777765
5.603728859430117, -23.49688631169748, -8.62814361256807
6.6977368754034945, -23.49431803993639, -8.629341217358489
7.791498829411722, -23.491749768175303, -8.630538822148909
8.885014721454832, -23.48918149641421, -8.631736426939327
9.978284551532795, -23.48661322465312, -8.632934031729746
11.071308319645635, -23.484044952892027, -8.634131636520166
12.164086025793333, -23.481476681130943, -8.635329241310584
13.256617669975894, -23.47890840936985, -8.636526846101004
14.348903252193326, -23.476340137608762, -8.637724450891422
15.44094277244562, -23.473771865847674, -8.638922055681842
16.532736230732773, -23.47120359408658, -8.640119660472262
17.624283627054808, -23.468635322325493, -8.64131726526268
18.715584961411686, -23.466067050564405, -8.6425148700531
19.80664023380345, -23.463498778803316, -8.643712474843518
20.89412361401351, -23.397958555322088, -8.644910079633938
21.929780615778412, -23.06948772222397, -8.646107684424358
22.771775234999303, -22.386981606801417, -8.647305289214776
23.267509163321893, -21.419793421069567, -8.648502894005196
23.443232931174403, -20.342670233003915, -8.649700498795614
23.448089148236765, -19.248055743348807, -8.650898103586034
23.445520876475676, -18.153586361190825, -8.652095708376454
23.442952604714588, -17.05936304099796, -8.653293313166872
23.4403843329535, -15.965385782770223, -8.654490917957292
23.437816061192407, -14.871654586507647, -8.655688522747711
23.43524778943132, -13.778169452210179, -8.65688612753813
23.43267951767023, -12.684930379877873, -8.65808373232855
23.430111245909142, -11.591937369510676, -8.65928133711897
23.42754297414805, -10.499190421108636, -8.660478941909387
23.42497470238696, -9.406689534671706, -8.661676546699807
23.422406430625873, -8.31443471019994, -8.662874151490225
23.41983815886478, -7.222425947693271, -8.664071756280645
23.417269887103693, -6.130663247151756, -8.665269361071065
23.414701615342604, -5.039146608575365, -8.666466965861483
23.412133343581516, -3.947876031964128, -8.667664570651903
23.409565071820428, -2.8568515173179927, -8.668862175442321
23.406996800059336, -1.766073064637018, -8.67005978023274
23.404428528298247, -0.6755406739211679, -8.67125738502316
23.40186025653716, 0.4147456548295281, -8.672454989813579
23.39929198477607, 1.5047859216151116, -8.673652594603997
23.39672371301498, 2.594580126435538, -8.674850199394417
23.39415544125389, 3.6841282692908552, -8.676047804184837
23.3915871694928, 4.773430350181009, -8.677245408975255
23.38901889773171, 5.8624863691060565, -8.678443013765675
23.38645062597062, 6.95129632606597, -8.679640618556093
23.383882354209533, 8.03986022106072, -8.680838223346512
23.381314082448444, 9.12817805409037, -8.682035828136932
23.378745810687356, 10.216249825154856, -8.68323343292735
23.376177538926264, 11.304075534254233, -8.68443103771777
23.373609267165175, 12.391655181388455, -8.68562864250819
23.371040995404087, 13.47898876655757, -8.686826247298608
23.368472723643, 14.566076289761526, -8.688023852089028
23.365904451881907, 15.652917751000368, -8.689221456879448
23.363336180120818, 16.739513150274085, -8.690419061669868
23.36076790835973, 17.82586248758264, -8.691616666460286
23.358199636598638, 18.911965762926076, -8.692814271250706
23.354939960794034, 19.99781357493957, -8.694011876041124
23.23377278875714, 21.074498818806354, -8.695209480831544
22.817965661746793, 22.07200571644054, -8.696407085621962
22.048418174159345, 22.828205319653595, -8.697604690412382
21.04323957089453, 23.23126963977225, -8.6988022952028
19.961843912106527, 23.342790006031777, -8.69999989999322
19.96184391210653, 23.342790006031766, -8.69999989999322
18.87232652699686, 23.340221734270678, -8.701197504783638
17.783055203852328, 23.33765346250959, -8.70239510957406
16.69402994267293, 23.3350851907485, -8.703592714364477
15.605250743458663, 23.33251691898741, -8.704790319154897
14.51671760620953, 23.329948647226317, -8.705987923945315
13.428430530925533, 23.327380375465232, -8.707185528735735
12.34038951760667, 23.32481210370414, -8.708383133526153
11.252594566252942, 23.32224383194305, -8.709580738316573
10.165045676864349, 23.319675560181963, -8.710778343106993
9.077742849440888, 23.31710728842087, -8.711975947897411
7.990686083982563, 23.31453901665978, -8.713173552687831
6.903875380489373, 23.31197074489869, -8.71437115747825
5.817310738961317, 23.309402473137602, -8.715568762268667
4.730992159398392, 23.306834201376514, -8.716766367059087
3.644919641800603, 23.30426592961542, -8.717963971849507
2.5590931861679507, 23.301697657854334, -8.719161576639927
1.4735127925004312, 23.29912938609324, -8.720359181430345
0.3881784607980471, 23.296561114332157, -8.721556786220765
-0.6969098089392065, 23.293992842571065, -8.722754391011183
-1.781752016711322, 23.291424570809976, -8.723951995801603
-2.8663481625183067, 23.288856299048884, -8.725149600592022
-3.950698246360154, 23.286288027287796, -8.72634720538244
-5.034802268236867, 23.28371975552671, -8.72754481017286
-6.118660228148445, 23.28115148376562, -8.72874241496328
-7.20227212609489, 23.27858321200453, -8.729940019753698
-8.2856379620762, 23.27601494024344, -8.731137624544118
-9.36875773609238, 23.273446668482347, -8.732335229334536
-10.451631448143424, 23.270878396721262, -8.733532834124956
-11.534259098229331, 23.268310124960173, -8.734730438915376
-12.616640686350106, 23.265741853199085, -8.735928043705794
-13.698776212505743, 23.26317358143799, -8.737125648496214
-14.780665676696248, 23.260605309676905, -8.738323253286634
-15.86230907892162, 23.25803703791581, -8.739520858077052
-16.943706419181854, 23.25546876615472, -8.74071846286747
-18.024857697476957, 23.252900494393632, -8.74191606765789
-19.105762913806924, 23.250332222632544, -8.74311367244831
-20.18624967028479, 23.238110406373337, -8.74431127723873
-21.247326191024612, 23.048796944011094, -8.745508882029148
-22.19512753653236, 22.541705664301638, -8.746706486819567
-22.858615636155452, 21.69637425043233, -8.747904091609985
-23.17539869163468, 20.664805313053467, -8.749101696400405
-23.234922592066017, 19.583500287374523, -8.750299301190823
-23.23235432030493, 18.49918096127832, -8.751496905981243
-23.229786048543836, 17.415107697147246, -8.752694510771661
-23.22721777678275, 16.331280494981307, -8.753892115562081
-23.22464950502166, 15.247699354780506, -8.755089720352501
-23.22208123326057, 14.164364276544836, -8.75628732514292
-23.21951296149948, 13.081275260274305, -8.757484929933337
-23.21694468973839, 11.998432305968905, -8.758682534723757
-23.214376417977306, 10.91583541362864, -8.759880139514177
-23.211808146216214, 9.833484583253508, -8.761077744304595
-23.209239874455122, 8.75137981484351, -8.762275349095015
-23.206671602694037, 7.669521108398644, -8.763472953885435
-23.204103330932945, 6.587908463918911, -8.764670558675853
-23.201535059171853, 5.506541881404316, -8.765868163466271
-23.198966787410768, 4.425421360854855, -8.76706576825669
-23.196398515649676, 3.3445469022705296, -8.76826337304711
-23.193830243888588, 2.263918505651338, -8.769460977837529
-23.1912619721275, 1.183536170997277, -8.770658582627949
-23.188693700366407, 0.10339989830835239, -8.771856187418368
-23.18612542860532, -0.9764903124154357, -8.773053792208787
-23.18355715684423, -2.0561344611740946, -8.774251396999205
-23.18098888508314, -3.1355325479676175, -8.775449001789625
-23.178420613322054, -4.214684572796, -8.776646606580044
-23.17585234156096, -5.293590535659252, -8.777844211370462
-23.173284069799873, -6.372250436557373, -8.779041816160882
-23.170715798038785, -7.450664275490353, -8.780239420951302
-23.168147526277693, -8.528832052458203, -8.78143702574172
-23.165579254516604, -9.60675376746091, -8.78263463053214
-23.163010982755516, -10.684429420498489, -8.78383223532256
-23.160442710994428, -11.761859011570937, -8.78502984011298
-23.15787443923334, -12.839042540678244, -8.786227444903398
-23.155306167472247, -13.915980007820425, -8.787425049693818
-23.15273789571116, -14.992671412997474, -8.788622654484236
-23.15016962395007, -16.06911675620939, -8.789820259274656
-23.14760135218898, -17.145316037456162, -8.791017864065076
-23.145033080427893, -18.2212692567378, -8.792215468855495
-23.1424648086668, -19.296976414054303, -8.793413073645912
-23.105202409139544, -20.37113364072645, -8.794610678436332
-22.841584391885505, -21.410324517446583, -8.795808283226751
-22.241605797509525, -22.295311901886446, -8.797005888017171
-21.334573652373464, -22.863988626357962, -8.798203492807591
-20.286197621036912, -23.102353072657618, -8.79940109759801
-19.207740313276823, -23.127055178100626, -8.80059870238843
-18.12861904619408, -23.12448690633954, -8.801796307178847
-17.049743841076474, -23.12191863457845, -8.802993911969267
-15.971114697923998, -23.11935036281736, -8.804191516759687
-14.892731616736654, -23.116782091056272, -8.805389121550105
-13.814594597514454, -23.11421381929518, -8.806586726340525
-12.736703640257378, -23.11164554753409, -8.807784331130943
-11.659058744965439, -23.109077275772997, -8.808981935921363
-10.581659911638633, -23.10650900401191, -8.810179540711783
-9.504507140276964, -23.10394073225082, -8.8113771455022
-8.427600430880434, -23.10137246048973, -8.81257475029262
-7.350939783449025, -23.098804188728643, -8.813772355083039
-6.274525197982779, -23.09623591696755, -8.814969959873459
-5.198356674481647, -23.093667645206466, -8.816167564663878
-4.122434212945651, -23.091099373445374, -8.817365169454296
-3.0467578133747804, -23.088531101684286, -8.818562774244716
-1.9713274757690644, -23.085962829923197, -8.819760379035136
-0.8961432001284617, -23.083394558162105, -8.820957983825554
0.17879501354698699, -23.080826286401017, -8.822155588615974
1.2534871652573216, -23.07825801463993, -8.823353193406392
2.3279332550025105, -23.075689742878836, -8.824550798196812
3.4021332827825645, -23.07312147111775, -8.82574840298723
4.47608724859749, -23.07055319935666, -8.82694600777765
5.549795152447282, -23.06798492759557, -8.82814361256807
6.623256994331934, -23.065416655834483, -8.829341217358488
7.69647277425145, -23.06284838407339, -8.830538822148908
8.769442492205833, -23.060280112312302, -8.831736426939326
9.842166148195084, -23.05771184055121, -8.832934031729746
10.91464374221921, -23.055143568790122, -8.834131636520166
11.986875274278189, -23.052575297029033, -8.835329241310584
13.058860744372037, -23.050007025267945, -8.836526846101004
14.130600152500755, -23.047438753506853, -8.837724450891422
15.202093498664325, -23.044870481745765, -8.838922055681842
16.27334078286277, -23.042302209984676, -8.840119660472261
17.344342005096077, -23.039733938223588, -8.841317265262681
18.41509716536425, -23.037165666462496, -8.8425148700531
19.4856062636673, -23.034597394701407, -8.843712474843517
20.55151678404273, -22.955781914454978, -8.844910079633937
21.56073868993689, -22.611004800835126, -8.846107684424357
22.370602046373662, -21.92109673647171, -8.847305289214777
22.84599613840527, -20.966295001934366, -8.848502894005195
23.014471209525176, -19.90863420443971, -8.849700498795613
23.019187764134855, -18.83456398981348, -8.850898103586033
23.016619492373767, -17.760640781744215, -8.852095708376453
23.01405122061268, -16.68696363564007, -8.853293313166873
23.011482948851587, -15.613532551501043, -8.85449091795729
23.0089146770905, -14.540347529327178, -8.855688522747709
23.006346405329413, -13.46740856911844, -8.856886127538129
23.00377813356832, -12.39471567087482, -8.858083732328549
23.001209861807233, -11.322268834596352, -8.859281337118968
22.998641590046145, -10.250068060283024, -8.860478941909387
22.996073318285053, -9.178113347934802, -8.861676546699806
22.993505046523964, -8.106404697551742, -8.862874151490225
22.990936774762872, -7.034942109133809, -8.864071756280644
22.988368503001787, -5.963725582681014, -8.865269361071064
22.9858002312407, -4.892755118193327, -8.866466965861482
22.983231959479607, -3.822030715670803, -8.867664570651902
22.98066368771852, -2.7515523751134072, -8.86886217544232
22.97809541595743, -1.6813200965211264, -8.87005978023274
22.97552714419634, -0.6113338798940018, -8.87125738502316
22.97295887243525, 0.4584062747679844, -8.872454989813578
22.97039060067416, 1.527900367464865, -8.873652594603998
22.967822328913073, 2.5971483981965835, -8.874850199394416
22.965254057151984, 3.66615036696317, -8.876047804184836
22.962685785390892, 4.734906273764644, -8.877245408975254
22.960117513629807, 5.803416118600963, -8.878443013765674
22.957549241868715, 6.871679901472148, -8.879640618556094
22.954980970107627, 7.939697622378194, -8.880838223346512
22.952412698346535, 9.007469281319135, -8.882035828136932
22.94984442658545, 10.074994878294914, -8.883233432927351
22.94727615482436, 11.14227441330556, -8.88443103771777
22.94470788306327, 12.209307886351096, -8.885628642508188
22.942139611302178, 13.276095297431477, -8.886826247298607
22.93957133954109, 14.34263664654672, -8.888023852089027
22.93700306778, 15.408931933696858, -8.889221456879445
22.934434796018913, 16.474981158881842, -8.890419061669865
22.93186652425782, 17.54078432210169, -8.891616666460285
22.929298252496736, 18.606341423356398, -8.892814271250703
22.923307618218736, 19.671605927080247, -8.894011876041123
22.78714906845764, 20.725848560021387, -8.895209480831543
22.355519465466646, 21.69474691762771, -8.896407085621961
21.584425846926784, 22.420686329920297, -8.89760469041238
20.594275405463417, 22.80679883971973, -8.8988022952028
19.532942528004618, 22.91388862192986, -8.899999899993219
19.532942528004618, 22.91388862192985, -8.899999899993219
18.463971316983667, 22.911320350168758, -8.901197504783637
17.395246167927844, 22.908752078407673, -8.902395109574057
16.326767080837158, 22.90618380664658, -8.903592714364475
15.258534055711607, 22.903615534885493, -8.904790319154896
14.19054709255119, 22.9010472631244, -8.905987923945315
13.12280619135591, 22.898478991363312, -8.907185528735734
12.05531135212576, 22.895910719602224, -8.908383133526153
10.988062574860745, 22.893342447841135, -8.909580738316572
9.921059859560867, 22.890774176080047, -8.91077834310699
8.85430320622612, 22.888205904318955, -8.91197594789741
7.787792614856508, 22.885637632557867, -8.913173552687828
6.721528085452033, 22.883069360796775, -8.914371157478248
5.65550961801269, 22.880501089035683, -8.915568762268666
4.589737212538481, 22.877932817274594, -8.916766367059088
3.5242108690294076, 22.875364545513506, -8.917963971849506
2.4589305874854697, 22.872796273752417, -8.919161576639926
1.3938963679066625, 22.870228001991325, -8.920359181430344
0.32910821029299303, 22.867659730230237, -8.921556786220764
-0.735433885355545, 22.865091458469152, -8.922754391011182
-1.7997299190389457, 22.86252318670806, -8.923951995801602
-2.8637798907572125, 22.85995491494697, -8.925149600592022
-3.9275838005103476, 22.85738664318588, -8.92634720538244
-4.991141648298349, 22.85481837142479, -8.92754481017286
-6.054453434121209, 22.852250099663703, -8.92874241496328
-7.117519157978938, 22.849681827902614, -8.929940019753698
-8.180338819871537, 22.847113556141522, -8.931137624544117
-9.242912419798996, 22.84454528438043, -8.932335229334535
-10.305239957761327, 22.841977012619346, -8.933532834124955
-11.367321433758518, 22.839408740858254, -8.934730438915375
-12.42915684779058, 22.836840469097165, -8.935928043705793
-13.490746199857503, 22.834272197336073, -8.937125648496213
-14.552089489959291, 22.831703925574985, -8.938323253286633
-15.61318671809595, 22.829135653813896, -8.939520858077051
-16.674037884267474, 22.826567382052804, -8.94071846286747
-17.73464298847386, 22.823999110291716, -8.941916067657889
-18.79500203071511, 22.821430838530624, -8.943113672448309
-19.85464541533615, 22.801916586115002, -8.944311277238729
-20.891840795609703, 22.596641856238733, -8.945508882029147
-21.808797434265532, 22.07572000799141, -8.946706486819567
-22.445587721646813, 21.23521061514614, -8.947904091609985
-22.74877805973452, 20.220664018072846, -8.949101696400403
-22.8060212079641, 19.1597354467948, -8.950299301190823
-22.803452936203012, 18.095962294787313, -8.951496905981243
-22.800884664441917, 17.03243520474495, -8.95269451077166
-22.79831639268083, 15.969154176667729, -8.95389211556208
-22.795748120919743, 14.906119210555637, -8.9550897203525
-22.79317984915865, 13.843330306408685, -8.956287325142918
-22.790611577397563, 12.78078746422687, -8.957484929933337
-22.78804330563647, 11.718490684010188, -8.958682534723756
-22.785475033875386, 10.656439965758638, -8.959880139514176
-22.782906762114294, 9.59463530947222, -8.961077744304594
-22.78033849035321, 8.533076715150933, -8.962275349095014
-22.777770218592117, 7.471764182794789, -8.963472953885434
-22.77520194683103, 6.410697712403777, -8.964670558675852
-22.772633675069937, 5.349877303977896, -8.965868163466272
-22.77006540330885, 4.289302957517151, -8.967065768256692
-22.76749713154776, 3.228974673021541, -8.96826337304711
-22.76492885978667, 2.1688924504910623, -8.969460977837528
-22.762360588025583, 1.1090562899257268, -8.970658582627948
-22.759792316264495, 0.049466191325513546, -8.971856187418368
-22.757224044503403, -1.009877845309555, -8.973053792208788
-22.75465577274231, -2.0689758199795003, -8.974251396999204
-22.752087500981226, -3.1278277326843016, -8.975449001789624
-22.749519229220134, -4.186433583423965, -8.976646606580044
-22.746950957459045, -5.24479337219851, -8.977844211370464
-22.744382685697957, -6.30290709900791, -8.979041816160883
-22.741814413936865, -7.360774763852172, -8.980239420951303
-22.73924614217578, -8.418396366731312, -8.98143702574172
-22.736677870414688, -9.475771907645305, -8.98263463053214
-22.7341095986536, -10.532901386594167, -8.98383223532256
-22.73154132689251, -11.589784803577901, -8.98502984011298
-22.72897305513142, -12.646422158596494, -8.986227444903397
-22.726404783370334, -13.702813451649952, -8.987425049693815
-22.723836511609242, -14.758958682738285, -8.988622654484235
-22.72126823984815, -15.814857851861472, -8.989820259274655
-22.718699968087062, -16.87051095901953, -8.991017864065075
-22.716131696325974, -17.925918004212452, -8.992215468855495
-22.71356342456488, -18.98107898744024, -8.993413073645913
-22.664529106135532, -20.03389634741027, -8.99461067843633
-22.38423091921217, -21.04739755711823, -8.99580828322675
-21.77466811783969, -21.900930774953125, -8.99700588801717
-20.876959527407486, -22.446285696116128, -8.99820349280759
-19.847060471227156, -22.67432657014384, -8.999401097598009
-18.78911201621936, -22.698153793998717, -9.000598702388427
-17.730536923225326, -22.69558552223763, -9.001796307178846
-16.67220789219644, -22.69301725047654, -9.002993911969266
-15.614124923132675, -22.69044897871545, -9.004191516759686
-14.556288016034047, -22.68788070695436, -9.005389121550106
-13.49869717090056, -22.68531243519327, -9.006586726340522
-12.4413523877322, -22.68274416343218, -9.007784331130942
-11.384253666528982, -22.68017589167109, -9.008981935921362
-10.327401007290884, -22.67760761991, -9.010179540711782
-9.270794410017944, -22.67503934814891, -9.011377145502202
-8.214433874710114, -22.672471076387822, -9.01257475029262
-7.158319401367434, -22.669902804626734, -9.01377235508304
-6.102450989989885, -22.667334532865645, -9.014969959873458
-5.04682864057747, -22.664766261104553, -9.016167564663878
-3.991452353130193, -22.662197989343465, -9.017365169454298
-2.9363221276480376, -22.659629717582376, -9.018562774244716
-1.8814379641310395, -22.657061445821284, -9.019760379035134
-0.8267998625791491, -22.6544931740602, -9.020957983825554
0.22759217700759343, -22.651924902299108, -9.022155588615973
1.2817381546291993, -22.64935663053802, -9.023353193406393
2.335638070285687, -22.64678835877693, -9.024550798196811
3.3892919239770247, -22.64422008701584, -9.02574840298723
4.442699715703227, -22.64165181525475, -9.02694600777765
5.495861445464312, -22.639083543493662, -9.02814361256807
6.548777113260241, -22.63651527173257, -9.029341217358489
7.601446719091047, -22.63394699997148, -9.030538822148907
8.653870262956726, -22.631378728210393, -9.031736426939325
9.706047744857257, -22.6288104564493, -9.032934031729745
10.757979164792662, -22.62624218468821, -9.034131636520165
11.80966452276294, -22.62367391292712, -9.035329241310585
12.861103818768065, -22.621105641166032, -9.036526846101003
13.912297052808064, -22.618537369404944, -9.037724450891421
14.963244224882938, -22.615969097643855, -9.03892205568184
16.01394533499266, -22.613400825882763, -9.04011966047226
17.064400383137244, -22.610832554121675, -9.04131726526268
18.114609369316717, -22.608264282360587, -9.042514870053099
19.16457229353105, -22.605696010599495, -9.043712474843517
20.208158508496464, -22.509543837493894, -9.044910079633937
21.189618881173022, -22.14873859145375, -9.046107684424356
21.969343344830293, -21.45514143855853, -9.047305289214776
22.42448311348863, -20.51279658279921, -9.048502894005194
22.585709487875945, -19.474598175875542, -9.049700498795612
22.590286380032946, -18.42107223627821, -9.050898103586032
22.587718108271858, -17.36769520229762, -9.052095708376452
22.585149836510766, -16.314564230282212, -9.053293313166872
22.58258156474968, -15.26167932023191, -9.05449091795729
22.58001329298859, -14.209040472146725, -9.055688522747708
22.577445021227497, -13.15664768602672, -9.056886127538128
22.574876749466412, -12.104500961871818, -9.058083732328548
22.57230847770532, -11.052600299682034, -9.059281337118968
22.569740205944232, -10.000945699457432, -9.060478941909386
22.567171934183143, -8.949537161197934, -9.061676546699804
22.564603662422055, -7.898374684903553, -9.062874151490224
22.562035390660967, -6.847458270574352, -9.064071756280644
22.559467118899875, -5.79678791821024, -9.065269361071062
22.556898847138783, -4.746363627811303, -9.066466965861482
22.554330575377698, -3.6961853993774816, -9.0676645706519
22.551762303616606, -2.64625323290877, -9.06886217544232
22.549194031855517, -1.5965671284052365, -9.07005978023274
22.54662576009443, -0.5471270858668191, -9.071257385023157
22.54405748833334, 0.5020668947064897, -9.072454989813577
22.54148921657225, 1.5510148133146198, -9.073652594603995
22.53892094481116, 2.599716669957635, -9.074850199394415
22.536352673050068, 3.648172464635516, -9.076047804184835
22.533784401288983, 4.696382197348267, -9.077245408975255
22.53121612952789, 5.744345868095881, -9.078443013765673
22.528647857766803, 6.792063476878358, -9.079640618556093
22.526079586005714, 7.839535023695703, -9.080838223346511
22.523511314244626, 8.886760508547914, -9.082035828136931
22.520943042483534, 9.93373993143499, -9.083233432927349
22.518374770722446, 10.980473292356933, -9.084431037717769
22.515806498961357, 12.026960591313744, -9.085628642508189
22.51323822720027, 13.073201828305418, -9.086826247298607
22.510669955439177, 14.11919700333196, -9.088023852089027
22.508101683678092, 15.164946116393368, -9.089221456879446
22.505533411917, 16.210449167489635, -9.090419061669865
22.50296514015591, 17.25570615662077, -9.091616666460284
22.50039686839482, 18.300717083786775, -9.092814271250703
22.49161298506322, 19.345397432224964, -9.094011876041122
22.335352814272156, 20.37585230159541, -9.09520948083154
21.88982018659189, 21.31529061757688, -9.09640708562196
21.1204335196942, 22.013167340187014, -9.09760469041238
20.145311240032242, 22.382328039667215, -9.098802295202798
19.10404114390271, 22.484987237827944, -9.099999899993218
19.104041143902712, 22.48498723782793, -9.099999899993218
18.055616106970472, 22.482418966066838, -9.101197504783636
17.00743713200337, 22.479850694305753, -9.102395109574056
15.959504219001401, 22.47728242254466, -9.103592714364474
14.911817367964566, 22.474714150783573, -9.104790319154894
13.864376578892866, 22.472145879022484, -9.105987923945314
12.8171818517863, 22.469577607261396, -9.107185528735734
11.770233186644868, 22.467009335500304, -9.108383133526154
10.72353058346857, 22.464441063739216, -9.109580738316572
9.677074042257406, 22.461872791978127, -9.110778343106992
8.630863563011376, 22.459304520217035, -9.11197594789741
7.584899145730481, 22.456736248455947, -9.11317355268783
6.53918079041472, 22.454167976694855, -9.114371157478248
5.493708497064094, 22.451599704933766, -9.115568762268666
4.448482265678603, 22.449031433172678, -9.116766367059085
3.4035020962582445, 22.446463161411586, -9.117963971849505
2.358767988803023, 22.443894889650498, -9.119161576639923
1.3142799433129302, 22.44132661788941, -9.120359181430345
0.2700379597879754, 22.43875834612832, -9.121556786220763
-0.7739579617718426, 22.43619007436723, -9.122754391011183
-1.8177078213665288, 22.43362180260614, -9.123951995801601
-2.861211618996081, 22.431053530845052, -9.125149600592021
-3.9044693546604985, 22.42848525908396, -9.126347205382439
-4.947481028359782, 22.425916987322875, -9.127544810172859
-5.990246640093931, 22.423348715561783, -9.128742414963277
-7.032766189862943, 22.420780443800695, -9.129940019753697
-8.075039677666826, 22.418212172039606, -9.131137624544117
-9.117067103505569, 22.415643900278514, -9.132335229334535
-10.158848467379183, 22.413075628517426, -9.133532834124955
-11.200383769287663, 22.410507356756337, -9.134730438915373
-12.241673009231004, 22.40793908499525, -9.135928043705793
-13.282716187209214, 22.405370813234157, -9.137125648496212
-14.323513303222283, 22.40280254147307, -9.13832325328663
-15.364064357270225, 22.400234269711977, -9.13952085807705
-16.404369349353033, 22.397665997950888, -9.140718462867468
-17.4444282794707, 22.395097726189796, -9.141916067657888
-18.484241147623244, 22.392529454428704, -9.143113672448308
-19.52298380545953, 22.3647038269258, -9.144311277238726
-20.534999899820967, 22.140552968039753, -9.145508882029146
-21.42173597528834, 21.608846341004032, -9.146706486819566
-22.032559807138142, 20.774046979860003, -9.147904091609984
-22.322157427834348, 19.776522723092278, -9.149101696400404
-22.377119823862184, 18.735970606215133, -9.15029930119082
-22.374551552101096, 17.692743628296355, -9.15149690598124
-22.371983280340004, 16.649762712342714, -9.152694510771658
-22.369415008578915, 15.60702785835421, -9.153892115562078
-22.366846736817827, 14.564539066330838, -9.155089720352498
-22.36427846505674, 13.522296336272596, -9.156287325142916
-22.361710193295647, 12.480299668179493, -9.157484929933336
-22.359141921534558, 11.438549062051528, -9.158682534723756
-22.35657364977347, 10.397044517888695, -9.159880139514176
-22.35400537801238, 9.355786035690985, -9.161077744304592
-22.35143710625129, 8.31477361545842, -9.162275349095012
-22.348868834490204, 7.274007257190993, -9.163472953885432
-22.346300562729112, 6.233486960888692, -9.164670558675851
-22.34373229096802, 5.193212726551527, -9.16586816346627
-22.341164019206932, 4.1531845541795, -9.16706576825669
-22.338595747445844, 3.113402443772608, -9.168263373047107
-22.33602747568475, 2.0738663953308425, -9.169460977837527
-22.333459203923667, 1.0345764088542275, -9.170658582627947
-22.33089093216258, -0.004467515657271824, -9.171856187418367
-22.32832266040149, -1.0432653782036265, -9.173053792208785
-22.325754388640398, -2.0818171787848536, -9.174251396999203
-22.32318611687931, -3.1201229174009306, -9.175449001789623
-22.32061784511822, -4.158182594051888, -9.176646606580043
-22.31804957335713, -5.19599620873772, -9.177844211370461
-22.31548130159604, -6.233563761458395, -9.17904181616088
-22.312913029834952, -7.270885252213951, -9.180239420951299
-22.31034475807386, -8.307960681004372, -9.181437025741719
-22.307776486312772, -9.344790047829651, -9.182634630532139
-22.305208214551683, -10.381373352689788, -9.183832235322557
-22.30263994279059, -11.417710595584804, -9.185029840112977
-22.300071671029503, -12.453801776514688, -9.186227444903395
-22.297503399268415, -13.48964689547943, -9.187425049693815
-22.29493512750733, -14.525245952479041, -9.188622654484234
-22.292366855746238, -15.560598947513522, -9.189820259274653
-22.289798583985146, -16.595705880582866, -9.191017864065072
-22.28723031222406, -17.630566751687077, -9.192215468855492
-22.28466204046297, -18.66518156082615, -9.19341307364591
-22.221943208823085, -19.696434428580567, -9.19461067843633
-21.923983359060486, -20.683197033926728, -9.19580828322675
-21.307730438169862, -21.506549648019792, -9.19700588801717
-20.419345402441515, -22.028582765874283, -9.19820349280759
-19.4079233214174, -22.24630006763006, -9.199401097598008
-18.370483719161886, -22.269252409896808, -9.200598702388428
-17.332454800256574, -22.26668413813572, -9.201796307178846
-16.294671943316388, -22.26411586637463, -9.202993911969266
-15.257135148341346, -22.261547594613543, -9.204191516759685
-14.219844415331437, -22.25897932285245, -9.205389121550104
-13.182799744286655, -22.256411051091362, -9.206586726340523
-12.146001135207015, -22.25384277933027, -9.207784331130942
-11.109448588092503, -22.25127450756918, -9.208981935921361
-10.07314210294313, -22.248706235808093, -9.210179540711781
-9.037081679758893, -22.246137964047, -9.2113771455022
-8.001267318539785, -22.243569692285913, -9.21257475029262
-6.965699019285815, -22.241001420524825, -9.213772355083039
-5.9303767819969755, -22.238433148763733, -9.214969959873457
-4.895300606673276, -22.235864877002648, -9.216167564663877
-3.8604704933147094, -22.233296605241556, -9.217365169454295
-2.8258864419212673, -22.230728333480467, -9.218562774244715
-1.7915484524929874, -22.22816006171938, -9.219760379035133
-0.7574565250298119, -22.225591789958287, -9.220957983825553
0.2763893404682241, -22.2230235181972, -9.222155588615973
1.3099891440011209, -22.22045524643611, -9.22335319340639
2.343342885568876, -22.21788697467502, -9.22455079819681
3.376450565171508, -22.215318702913933, -9.225748402987229
4.409312182808993, -22.21275043115284, -9.226946007777649
5.441927738481363, -22.210182159391753, -9.228143612568068
6.474297232188588, -22.207613887630664, -9.229341217358487
7.506420663930665, -22.205045615869572, -9.230538822148906
8.538298033707632, -22.20247734410848, -9.231736426939325
9.569929341519453, -22.199909072347392, -9.232934031729744
10.601314587366147, -22.197340800586304, -9.234131636520164
11.63245377124769, -22.194772528825215, -9.235329241310582
12.66334689316411, -22.192204257064123, -9.236526846101002
13.693993953115388, -22.189635985303035, -9.237724450891422
14.724394951101551, -22.187067713541946, -9.23892205568184
15.754549887122547, -22.184499441780858, -9.24011966047226
16.784458761178428, -22.181931170019766, -9.241317265262678
17.814121573269187, -22.17936289825868, -9.242514870053098
18.84351758894647, -22.175269754120183, -9.243712474843518
19.864523945043743, -22.061812471182055, -9.244910079633936
20.81774027965836, -21.68509081650288, -9.246107684424356
21.56808464328693, -20.98918614064535, -9.247305289214774
22.002970088571985, -20.059298163664067, -9.248502894005194
22.156947766226715, -19.040562147311356, -9.249700498795614
22.16138499593104, -18.007580482742902, -9.250898103586032
22.158816724169952, -16.974749622851043, -9.252095708376451
22.15624845240886, -15.942164824924323, -9.25329331316687
22.153680180647772, -14.909826088962728, -9.25449091795729
22.151111908886683, -13.87773341496626, -9.25568852274771
22.14854363712559, -12.845886802934963, -9.256886127538127
22.145975365364507, -11.814286252868769, -9.258083732328547
22.143407093603415, -10.782931764767705, -9.259281337118965
22.140838821842326, -9.751823338631787, -9.260478941909385
22.138270550081238, -8.72096097446102, -9.261676546699805
22.135702278320146, -7.6903446722553594, -9.262874151490223
22.133134006559057, -6.659974432014867, -9.264071756280643
22.13056573479797, -5.629850253739474, -9.265269361071061
22.12799746303688, -4.5999721374292255, -9.26646696586148
22.12542919127579, -3.5703400830841314, -9.2676645706519
22.1228609195147, -2.540954090704142, -9.268862175442319
22.12029264775361, -1.511814160289296, -9.270059780232739
22.11772437599252, -0.48292029183957996, -9.271257385023157
22.11515610423143, 0.5457275146449814, -9.272454989813577
22.112587832470343, 1.5741292591644251, -9.273652594603996
22.110019560709254, 2.602284941718738, -9.274850199394415
22.107451288948162, 3.630194562307918, -9.276047804184833
22.104883017187074, 4.657858120931938, -9.277245408975253
22.102314745425986, 5.6852756175908485, -9.278443013765674
22.099746473664894, 6.7124470522846265, -9.27964061855609
22.097178201903805, 7.739372425013264, -9.280838223346512
22.09460993014272, 8.766051735776761, -9.28203582813693
22.09204165838163, 9.792484984575095, -9.28323343292735
22.08947338662054, 10.818672171408322, -9.284431037717768
22.08690511485945, 11.844613296276394, -9.285628642508188
22.084336843098363, 12.870308359179365, -9.286826247298606
22.081768571337275, 13.895757360117173, -9.288023852089026
22.079200299576186, 14.920960299089877, -9.289221456879444
22.076632027815094, 15.945917176097446, -9.290419061669864
22.074063756054006, 16.970627991139878, -9.291616666460282
22.071495484292917, 17.99509274421718, -9.292814271250704
22.05913970465735, 19.019145108190557, -9.294011876041122
21.882823553734504, 20.02566529984927, -9.295209480831542
21.424061892411846, 20.93579445189009, -9.296407085621961
20.656441192461614, 21.60564835045372, -9.29760469041238
19.6963470746011, 21.957857239614693, -9.2988022952028
18.6751397598008, 22.056085853726024, -9.299999899993217
18.675139759800807, 22.056085853726017, -9.299999899993217
17.647260896957285, 22.05351758196493, -9.301197504783637
16.619628096078895, 22.050949310203837, -9.302395109574055
15.59224135716564, 22.04838103844275, -9.303592714364475
14.56510068021752, 22.04581276668166, -9.304790319154895
13.538206065234533, 22.04324449492057, -9.305987923945311
12.511557512216683, 22.04067622315948, -9.307185528735733
11.485155021163964, 22.03810795139839, -9.308383133526151
10.458998592076382, 22.035539679637303, -9.309580738316571
9.433088224953934, 22.032971407876214, -9.310778343106989
8.407423919796619, 22.030403136115122, -9.311975947897409
7.38200567660444, 22.02783486435403, -9.313173552687829
6.356833495377393, 22.025266592592942, -9.314371157478247
5.331907376115482, 22.022698320831854, -9.315568762268667
4.307227318818703, 22.02013004907076, -9.316766367059087
3.2827933234870605, 22.017561777309673, -9.317963971849503
2.2586053901205525, 22.014993505548585, -9.319161576639925
1.2346635187191772, 22.012425233787496, -9.320359181430343
0.21096770928293948, 22.009856962026404, -9.321556786220764
-0.8124820381881707, 22.007288690265316, -9.32275439101118
-1.8356857236941397, 22.004720418504228, -9.3239519958016
-2.8586433472349784, 22.002152146743136, -9.32514960059202
-3.881354908810679, 21.999583874982047, -9.326347205382438
-4.9038204084212484, 21.99701560322096, -9.327544810172858
-5.9260398460666845, 21.99444733145987, -9.328742414963276
-6.948013221746982, 21.99187905969878, -9.329940019753696
-7.969740535462149, 21.98931078793769, -9.331137624544116
-8.991221787212185, 21.9867425161766, -9.332335229334534
-10.012456976997083, 21.984174244415513, -9.333532834124954
-11.033446104816843, 21.98160597265442, -9.334730438915372
-12.054189170671473, 21.979037700893333, -9.335928043705792
-13.074686174560965, 21.976469429132237, -9.337125648496212
-14.094937116485328, 21.973901157371152, -9.338323253286632
-15.114941996444553, 21.97133288561006, -9.33952085807705
-16.134700814438645, 21.968764613848972, -9.340718462867468
-17.154213570467597, 21.966196342087883, -9.341916067657888
-18.17348026453142, 21.96362807032679, -9.343113672448307
-19.191222678674166, 21.926643721990384, -9.344311277238727
-20.17788036787941, 21.683655449287578, -9.345508882029145
-21.034674516311192, 21.14197267401662, -9.346706486819565
-21.619531892629507, 20.312883344573812, -9.347904091609983
-21.895536795934188, 19.332381428111646, -9.349101696400403
-21.948218439760264, 18.312205765635397, -9.35029930119082
-21.945650167999176, 17.289524961805334, -9.351496905981241
-21.943081896238088, 16.26709021994041, -9.35269451077166
-21.940513624477, 15.244901540040617, -9.353892115562077
-21.93794535271591, 14.222958922105958, -9.355089720352499
-21.93537708095482, 13.201262366136433, -9.356287325142917
-21.932808809193727, 12.17981187213204, -9.357484929933335
-21.93024053743264, 11.158607440092787, -9.358682534723755
-21.927672265671553, 10.137649070018668, -9.359880139514175
-21.92510399391046, 9.116936761909672, -9.361077744304593
-21.922535722149373, 8.096470515765825, -9.362275349095013
-21.919967450388285, 7.076250331587104, -9.363472953885433
-21.917399178627193, 6.056276209373514, -9.36467055867585
-21.9148309068661, 5.036548149125068, -9.365868163466269
-21.912262635105016, 4.017066150841747, -9.367065768256689
-21.909694363343927, 2.997830214523566, -9.368263373047109
-21.907126091582835, 1.9788403401705192, -9.369460977837527
-21.904557819821747, 0.9600965277826068, -9.370658582627946
-21.901989548060662, -0.05840122264017571, -9.371856187418366
-21.89942127629957, -1.0766529110978187, -9.373053792208784
-21.896853004538478, -2.0946585375903313, -9.374251396999203
-21.89428473277739, -3.1124181021177, -9.375449001789624
-21.8917164610163, -4.129931604679948, -9.376646606580042
-21.88914818925521, -5.14719904527706, -9.37784421137046
-21.886579917494124, -6.164220423909029, -9.379041816160882
-21.884011645733032, -7.180995740575875, -9.3802394209513
-21.881443373971944, -8.197524995277572, -9.38143702574172
-21.878875102210856, -9.213808188014136, -9.382634630532138
-21.876306830449764, -10.229845318785568, -9.383832235322558
-21.87373855868868, -11.24563638759187, -9.385029840112978
-21.871170286927587, -12.261181394433034, -9.386227444903394
-21.868602015166495, -13.276480339309082, -9.387425049693814
-21.86603374340541, -14.291533222219972, -9.388622654484234
-21.863465471644318, -15.306340043165747, -9.389820259274654
-21.86089719988323, -16.320900802146383, -9.391017864065072
-21.85832892812214, -17.335215499161876, -9.392215468855492
-21.85576065636105, -18.349284134212237, -9.393413073645911
-21.77878447889877, -19.358866524448878, -9.39461067843633
-21.463335035771976, -20.31882015219344, -9.39580828322675
-20.84079275849992, -21.11216852108657, -9.39700588801717
-19.96173127747538, -21.61087983563251, -9.398203492807589
-18.968786171607476, -21.81827356511629, -9.399401097598007
-17.951855422104238, -21.840351025794902, -9.400598702388425
-16.934372677287644, -21.83778275403381, -9.401796307178845
-15.917135994436169, -21.83521448227272, -9.402993911969265
-14.90014537354984, -21.832646210511633, -9.404191516759685
-13.883400814628647, -21.83007793875054, -9.405389121550105
-12.866902317672583, -21.827509666989453, -9.406586726340521
-11.850649882681658, -21.824941395228358, -9.40778433113094
-10.834643509655862, -21.822373123467273, -9.40898193592136
-9.818883198595206, -21.81980485170618, -9.41017954071178
-8.80336894949967, -21.817236579945092, -9.4113771455022
-7.788100762369292, -21.814668308184004, -9.412574750292618
-6.773078637204025, -21.812100036422915, -9.413772355083037
-5.758302574003906, -21.809531764661827, -9.414969959873456
-4.743772572768922, -21.806963492900735, -9.416167564663876
-3.7294886334990753, -21.804395221139647, -9.417365169454296
-2.715450756194345, -21.801826949378558, -9.418562774244714
-1.7016589408547689, -21.799258677617466, -9.419760379035132
-0.6881131874803169, -21.79669040585638, -9.420957983825552
0.32518650392900994, -21.79412213409529, -9.422155588615972
1.3382401333731857, -21.791553862334197, -9.42335319340639
2.351047700852224, -21.78898559057311, -9.42455079819681
3.3636092063661476, -21.78641731881202, -9.425748402987228
4.375924649914923, -21.783849047050932, -9.426946007777648
5.387994031498561, -21.781280775289844, -9.428143612568068
6.399817351117083, -21.77871250352875, -9.429341217358486
7.4113946087704505, -21.776144231767667, -9.430538822148906
8.422725804458693, -21.77357596000657, -9.431736426939326
9.43381093818181, -21.771007688245483, -9.432934031729744
10.444650009939775, -21.768439416484394, -9.434131636520164
11.455243019732606, -21.765871144723302, -9.435329241310582
12.465589967560321, -21.763302872962214, -9.436526846101001
13.47569085342289, -21.760734601201122, -9.437724450891421
14.485545677320317, -21.758166329440037, -9.43892205568184
15.495154439252612, -21.755598057678945, -9.44011966047226
16.50451713921979, -21.753029785917857, -9.441317265262677
17.513633777221823, -21.75046151415677, -9.442514870053097
18.522446841346174, -21.74366364701524, -9.443712474843517
19.520889381591186, -21.614081104870184, -9.444910079633935
20.44586167814386, -21.221443041551908, -9.446107684424355
21.166825941743667, -20.523230842732026, -9.447305289214773
21.5814570636554, -19.60579974452874, -9.448502894005193
21.728186044577487, -18.606526118747016, -9.449700498795613
21.732483611829128, -17.594088729207392, -9.45089810358603
21.72991534006804, -16.581804043404244, -9.45209570837645
21.727347068306948, -15.56976541956624, -9.453293313166869
21.72477879654586, -14.55797285769338, -9.454490917957289
21.72221052478477, -13.546426357785633, -9.455688522747709
21.719642253023682, -12.535125919843047, -9.456886127538127
21.71707398126259, -11.524071543865569, -9.458083732328546
21.714505709501502, -10.513263229853223, -9.459281337118965
21.711937437740414, -9.502700977806036, -9.460478941909384
21.709369165979325, -8.492384787723987, -9.461676546699804
21.706800894218237, -7.482314659607045, -9.462874151490222
21.704232622457145, -6.472490593455244, -9.464071756280642
21.701664350696056, -5.462912589268595, -9.46526936107106
21.699096078934968, -4.453580647047055, -9.46646696586148
21.69652780717388, -3.4444947667906773, -9.4676645706519
21.693959535412787, -2.435654948499409, -9.468862175442318
21.6913912636517, -1.427061192173298, -9.470059780232738
21.68882299189061, -0.4187134978122964, -9.471257385023156
21.686254720129522, 0.5893881345835421, -9.472454989813576
21.683686448368434, 1.5972437050142752, -9.473652594603996
21.68111817660734, 2.6048532134798723, -9.474850199394414
21.678549904846253, 3.612216659980309, -9.476047804184834
21.675981633085165, 4.619334044515612, -9.477245408975254
21.673413361324076, 5.6262053670858085, -9.478443013765672
21.670845089562988, 6.6328306276908675, -9.479640618556092
21.668276817801896, 7.639209826330767, -9.48083822334651
21.665708546040804, 8.645342963005556, -9.48203582813693
21.66314027427972, 9.651230037715184, -9.483233432927348
21.66057200251863, 10.656871050459708, -9.484431037717767
21.65800373075754, 11.662266001239093, -9.485628642508187
21.65543545899645, 12.66741489005332, -9.486826247298607
21.65286718723536, 13.672317716902413, -9.488023852089025
21.65029891547427, 14.676974481786397, -9.489221456879445
21.64773064371318, 15.681385184705249, -9.490419061669863
21.64516237195209, 16.685549825658942, -9.491616666460283
21.642594100191, 17.689468404647524, -9.492814271250701
21.621643782735614, 18.692610065306727, -9.494011876041121
21.430279420239664, 19.67547442785395, -9.495209480831539
20.958303598231797, 20.556298286203315, -9.496407085621959
20.192448865229046, 21.198129360720422, -9.497604690412379
19.247382909169957, 21.53338643956217, -9.498802295202797
18.24623837569889, 21.62718446962411, -9.499999899993217
18.2462383756989, 21.627184469624098, -9.499999899993217
17.23890568694409, 21.624616197863006, -9.501197504783635
16.231819060154415, 21.62204792610192, -9.502395109574056
15.224978495329873, 21.61947965434083, -9.503592714364475
14.218383992470464, 21.61691138257974, -9.504790319154893
13.212035551576191, 21.61434311081865, -9.505987923945312
12.205933172647052, 21.611774839057563, -9.507185528735732
11.200076855683047, 21.60920656729647, -9.50838313352615
10.194466600684176, 21.606638295535383, -9.509580738316568
9.189102407650442, 21.60407002377429, -9.51077834310699
8.183984276581839, 21.6015017520132, -9.511975947897408
7.179112207478371, 21.59893348025211, -9.513173552687828
6.174486200340038, 21.596365208491022, -9.514371157478248
5.170106255166839, 21.59379693672993, -9.515568762268666
4.165972371958776, 21.591228664968845, -9.516766367059084
3.162084550715847, 21.588660393207753, -9.517963971849504
2.1584427914380484, 21.586092121446665, -9.519161576639924
1.155047094125388, 21.583523849685573, -9.520359181430342
0.15189745877786207, 21.580955577924488, -9.521556786220762
-0.8510061146045325, 21.578387306163396, -9.522754391011182
-1.8536636260217896, 21.575819034402308, -9.5239519958016
-2.8560750754739166, 21.57325076264122, -9.525149600592018
-3.8582404629609046, 21.57068249088013, -9.52634720538244
-4.860159788482759, 21.56811421911904, -9.527544810172857
-5.861833052039482, 21.565545947357947, -9.528742414963276
-6.8632602536310685, 21.562977675596862, -9.529940019753695
-7.86444139325752, 21.56040940383577, -9.531137624544115
-8.86537647091884, 21.55784113207468, -9.532335229334533
-9.866065486615023, 21.55527286031359, -9.533532834124953
-10.86650844034607, 21.5527045885525, -9.534730438915371
-11.866705332111984, 21.55013631679141, -9.535928043705791
-12.866656161912772, 21.54756804503032, -9.537125648496211
-13.866360929748417, 21.544999773269232, -9.53832325328663
-14.865819635618926, 21.542431501508144, -9.539520858077049
-15.865032279524304, 21.539863229747052, -9.540718462867467
-16.863998861464548, 21.537294957985964, -9.541916067657887
-17.862719381439657, 21.53472668622487, -9.543113672448307
-18.859051818803206, 21.485094907534005, -9.544311277238727
-19.820512790027532, 21.22619426258933, -9.545508882029145
-20.64723182158437, 20.674717771279447, -9.546706486819565
-21.2062049154224, 19.851588104714665, -9.547904091609983
-21.46891616403404, 18.888240133130964, -9.549101696400403
-21.51931705565835, 17.888440925055612, -9.55029930119082
-21.51674878389726, 16.886306295314267, -9.55149690598124
-21.51418051213617, 15.884417727538054, -9.552694510771659
-21.51161224037508, 14.882775221726975, -9.553892115562078
-21.509043968613994, 13.881378777881032, -9.555089720352498
-21.506475696852903, 12.880228396000222, -9.556287325142916
-21.503907425091814, 11.87932407608454, -9.557484929933334
-21.501339153330726, 10.878665818134005, -9.558682534723754
-21.498770881569637, 9.878253622148595, -9.559880139514174
-21.496202609808545, 8.878087488128319, -9.561077744304592
-21.493634338047457, 7.8781674160731825, -9.562275349095012
-21.49106606628637, 6.878493405983175, -9.563472953885432
-21.488497794525276, 5.8790654578583075, -9.56467055867585
-21.485929522764188, 4.879883571698571, -9.56586816346627
-21.4833612510031, 3.8809477475039724, -9.567065768256688
-21.48079297924201, 2.8822579852745025, -9.568263373047108
-21.47822470748092, 1.883814285010173, -9.569460977837526
-21.475656435719834, 0.8856166467109734, -9.570658582627946
-21.473088163958742, -0.11233492962308307, -9.571856187418366
-21.470519892197654, -1.11004044399202, -9.573053792208784
-21.467951620436562, -2.1074998963958196, -9.574251396999202
-21.465383348675473, -3.1047132868344756, -9.575449001789623
-21.462815076914385, -4.101680615308005, -9.576646606580042
-21.460246805153297, -5.098401881816393, -9.577844211370461
-21.457678533392205, -6.094877086359654, -9.579041816160881
-21.45511026163112, -7.091106228937777, -9.580239420951301
-21.452541989870028, -8.087089309550766, -9.58143702574172
-21.449973718108936, -9.082826328198617, -9.582634630532137
-21.44740544634785, -10.078317284881342, -9.583832235322557
-21.44483717458676, -11.073562179598923, -9.585029840112977
-21.442268902825667, -12.06856101235138, -9.586227444903393
-21.439700631064582, -13.063313783138703, -9.587425049693815
-21.437132359303494, -14.057820491960882, -9.588622654484233
-21.4345640875424, -15.052081138817936, -9.589820259274653
-21.431995815781313, -16.046095723709847, -9.591017864065071
-21.429427544020225, -17.039864246636633, -9.59221546885549
-21.42625354144727, -18.033378471175084, -9.593413073645909
-21.33260242916822, -19.020739246677138, -9.594610678436329
-21.001825603164328, -19.953970326197847, -9.595808283226749
-20.373058594084966, -20.716820305251467, -9.597005888017168
-19.50411715250931, -21.193176905390704, -9.598203492807588
-18.529649021797614, -21.39024706260252, -9.599401097598005
-17.533227125046672, -21.41144964169299, -9.600598702388426
-16.536290554318796, -21.408881369931905, -9.601796307178844
-15.539600045556043, -21.406313098170813, -9.602993911969264
-14.543155598758423, -21.40374482640972, -9.604191516759684
-13.546957213925946, -21.401176554648636, -9.605389121550102
-12.551004891058604, -21.398608282887544, -9.606586726340522
-11.555298630156388, -21.396040011126452, -9.60778433113094
-10.559838431219312, -21.39347173936536, -9.60898193592136
-9.564624294247366, -21.390903467604275, -9.61017954071178
-8.569656219240546, -21.388335195843183, -9.611377145502198
-7.574934206198881, -21.385766924082095, -9.612574750292616
-6.580458255122329, -21.383198652321006, -9.613772355083036
-5.586228366010926, -21.380630380559914, -9.614969959873456
-4.592244538864658, -21.37806210879883, -9.616167564663876
-3.598506773683522, -21.375493837037737, -9.617365169454294
-2.6050150704675152, -21.37292556527665, -9.618562774244714
-1.6117694292166416, -21.37035729351556, -9.619760379035132
-0.6187698499309107, -21.36778902175447, -9.620957983825551
0.3739836673896917, -21.36522074999338, -9.622155588615971
1.3664911227451577, -21.36265247823229, -9.62335319340639
2.358752516135495, -21.360084206471203, -9.62455079819681
3.350767847560694, -21.35751593471011, -9.625748402987227
4.342537117020763, -21.354947662949023, -9.626946007777647
5.334060324515693, -21.352379391187934, -9.628143612568067
6.325337470045479, -21.349811119426846, -9.629341217358487
7.316368553610145, -21.347242847665758, -9.630538822148905
8.307153575209677, -21.344674575904662, -9.631736426939325
9.29769253484406, -21.342106304143574, -9.632934031729743
10.287985432513317, -21.339538032382485, -9.634131636520163
11.278032268217444, -21.336969760621393, -9.635329241310583
12.267833041956429, -21.334401488860305, -9.636526846101
13.257387753730292, -21.331833217099216, -9.63772445089142
14.246696403539014, -21.329264945338128, -9.638922055681839
15.235758991382585, -21.32669667357704, -9.640119660472259
16.224575517261044, -21.324128401815948, -9.641317265262678
17.213145981174367, -21.321560130054863, -9.642514870053096
18.201372990953203, -21.31182935140705, -9.643712474843516
19.17624927353382, -21.16248553727394, -9.644910079633934
20.0732258124268, -20.75667424652875, -9.646107684424354
20.763971243612943, -20.056197427563905, -9.647305289214774
21.159944038738775, -19.152301325393534, -9.648502894005192
21.29942432292826, -18.172490090182798, -9.64970049879561
21.303582227727222, -17.18059697567202, -9.65089810358603
21.301013955966134, -16.188858463957597, -9.65209570837645
21.298445684205042, -15.197366014208304, -9.653293313166868
21.295877412443954, -14.206119626424144, -9.654490917957288
21.29330914068286, -13.215119300605139, -9.655688522747706
21.290740868921773, -12.224365036751237, -9.656886127538126
21.288172597160685, -11.233856834862486, -9.658083732328546
21.285604325399596, -10.24359469493887, -9.659281337118964
21.283036053638508, -9.253578616980397, -9.660478941909384
21.28046778187742, -8.26380860098703, -9.661676546699802
21.277899510116328, -7.274284646958817, -9.662874151490222
21.27533123835524, -6.285006754895742, -9.664071756280642
21.27276296659415, -5.295974924797806, -9.66526936107106
21.27019469483306, -4.307189156664971, -9.66646696586148
21.26762642307197, -3.318649450497299, -9.6676645706519
21.265058151310882, -2.330355806294758, -9.668862175442317
21.262489879549793, -1.342308224057356, -9.670059780232737
21.259921607788705, -0.35450670378508486, -9.671257385023157
21.257353336027613, 0.6330487545220735, -9.672454989813575
21.254785064266525, 1.6203581508640779, -9.673652594603993
21.252216792505436, 2.6074214852409456, -9.674850199394413
21.249648520744348, 3.5942387576526755, -9.676047804184833
21.247080248983256, 4.580809968099297, -9.677245408975251
21.244511977222167, 5.567135116580737, -9.678443013765671
21.24194370546108, 6.553214203097093, -9.67964061855609
21.23937543369999, 7.539047227648287, -9.680838223346509
21.236807161938902, 8.524634190234348, -9.682035828136929
21.23423889017781, 9.509975090855301, -9.683233432927349
21.23167061841672, 10.495069929511097, -9.684431037717767
21.22910234665563, 11.479918706201781, -9.685628642508185
21.226534074894545, 12.464521420927275, -9.686826247298605
21.223965803133456, 13.44887807368768, -9.688023852089025
21.221397531372364, 14.432988664482926, -9.689221456879443
21.218829259611276, 15.416853193313047, -9.690419061669862
21.216260987850188, 16.40047166017803, -9.691616666460282
21.2136927160891, 17.38384406507791, -9.6928142712507
21.183993582752347, 18.366066338284146, -9.69401187604112
20.97416930475107, 19.324054797558475, -9.69520948083154
20.491032502103323, 20.175556191965423, -9.696407085621958
19.727390396073982, 20.788669201977783, -9.697604690412376
18.798418743738782, 21.10891563950966, -9.698802295202796
17.81733699159698, 21.198283085522192, -9.699999899993216
17.817336991596985, 21.198283085522178, -9.699999899993216
16.830550476930892, 21.195714813761086, -9.701197504783634
15.84401002422993, 21.193146541999997, -9.702395109574054
14.857715633494104, 21.19057827023891, -9.703592714364474
13.871667304723413, 21.18800999847782, -9.704790319154894
12.885865037917856, 21.18544172671673, -9.705987923945312
11.900308833077434, 21.18287345495564, -9.70718552873573
10.914998690202145, 21.180305183194555, -9.70838313352615
9.92993460929199, 21.177736911433463, -9.709580738316568
8.94511659034697, 21.175168639672375, -9.710778343106988
7.960544633367085, 21.17260036791128, -9.711975947897407
6.976218738352332, 21.170032096150194, -9.713173552687827
5.992138905302714, 21.167463824389102, -9.714371157478245
5.008305134218231, 21.16489555262801, -9.715568762268665
4.024717425098884, 21.162327280866922, -9.716766367059085
3.0413757779446704, 21.159759009105834, -9.717963971849503
2.0582801927555887, 21.157190737344745, -9.719161576639923
1.0754306695316422, 21.154622465583657, -9.720359181430341
0.09282720827283039, 21.15205419382257, -9.721556786220761
-0.889530191020844, 21.149485922061476, -9.722754391011179
-1.8716415283493875, 21.146917650300388, -9.723951995801599
-2.8535068037127997, 21.1443493785393, -9.725149600592019
-3.8351260171110715, 21.141781106778208, -9.726347205382437
-4.816499168544212, 21.13921283501712, -9.727544810172857
-5.797626258012218, 21.13664456325603, -9.728742414963277
-6.77850728551509, 21.134076291494942, -9.729940019753695
-7.759142251052828, 21.131508019733854, -9.731137624544115
-8.739531154625428, 21.128939747972762, -9.732335229334533
-9.719673996232897, 21.126371476211673, -9.733532834124953
-10.699570775875234, 21.123803204450585, -9.73473043891537
-11.67922149355243, 21.121234932689497, -9.73592804370579
-12.658626149264498, 21.118666660928405, -9.73712564849621
-13.637784743011432, 21.116098389167313, -9.73832325328663
-14.616697274793228, 21.11353011740622, -9.739520858077048
-15.595363744609891, 21.110961845645136, -9.740718462867466
-16.57378415246142, 21.108393573884047, -9.741916067657886
-17.551958498347815, 21.105825302122955, -9.743113672448306
-18.526669870266478, 21.041748759487632, -9.744311277238726
-19.461948564638682, 20.766013773410812, -9.745508882029144
-20.258015905485763, 20.205689647170622, -9.746706486819564
-20.791554756664837, 19.389710589821952, -9.747904091609982
-21.042295532133874, 18.444098838150367, -9.749101696400402
-21.090415671556432, 17.464676084475904, -9.75029930119082
-21.087847399795344, 16.483087628823277, -9.751496905981238
-21.08527912803425, 15.501745235135779, -9.752694510771656
-21.082710856273163, 14.520648903413413, -9.753892115562076
-21.080142584512075, 13.539798633656183, -9.755089720352496
-21.077574312750986, 12.559194425864087, -9.756287325142914
-21.075006040989898, 11.578836280037123, -9.757484929933334
-21.07243776922881, 10.598724196175297, -9.758682534723754
-21.069869497467717, 9.618858174278605, -9.759880139514173
-21.067301225706625, 8.63923821434705, -9.76107774430459
-21.064732953945537, 7.659864316380618, -9.76227534909501
-21.062164682184452, 6.680736480379332, -9.76347295388543
-21.05959641042336, 5.701854706343178, -9.76467055867585
-21.057028138662268, 4.723218994272151, -9.765868163466267
-21.054459866901183, 3.744829344166267, -9.767065768256687
-21.05189159514009, 2.7666857560255176, -9.768263373047105
-21.049323323379, 1.7887882298498954, -9.769460977837525
-21.046755051617914, 0.8111367656394141, -9.770658582627945
-21.044186779856826, -0.16626863660593114, -9.771856187418365
-21.041618508095734, -1.1434279768861553, -9.773053792208783
-21.039050236334646, -2.120341255201235, -9.774251396999201
-21.036481964573557, -3.097008471551185, -9.775449001789621
-21.03391369281247, -4.073429625935998, -9.77664660658004
-21.031345421051377, -5.0496047183556705, -9.777844211370459
-21.02877714929029, -6.025533748810225, -9.779041816160879
-21.0262088775292, -7.001216717299632, -9.780239420951299
-21.023640605768108, -7.976653623823918, -9.781437025741717
-21.02107233400702, -8.951844468383054, -9.782634630532137
-21.01850406224593, -9.926789250977066, -9.783832235322555
-21.01593579048484, -10.901487971605935, -9.785029840112974
-21.013367518723754, -11.875940630269682, -9.786227444903393
-21.010799246962662, -12.850147226968282, -9.787425049693812
-21.008230975201574, -13.824107761701754, -9.788622654484232
-21.005662703440485, -14.797822234470093, -9.789820259274652
-21.003094431679393, -15.771290645273282, -9.791017864065068
-21.00052615991831, -16.744512994111357, -9.79221546885549
-20.995225908533502, -17.717452132898238, -9.79341307364591
-20.883763416844005, -18.682120378556803, -9.794610678436328
-20.53752357752309, -19.587586733440425, -9.795808283226748
-19.903754830998807, -20.31956628837664, -9.797005888017168
-19.046115795401313, -20.77435018795217, -9.798203492807588
-18.090511871987765, -20.962220560088745, -9.799401097598006
-17.114598827989123, -20.982548257591084, -9.800598702388426
-16.138208431349955, -20.979979985829992, -9.801796307178844
-15.16206409667592, -20.977411714068904, -9.802993911969264
-14.186165823967007, -20.974843442307815, -9.804191516759683
-13.210513613223249, -20.972275170546723, -9.805389121550103
-12.23510746444461, -20.96970689878563, -9.806586726340521
-11.259947377631107, -20.967138627024543, -9.80778433113094
-10.28503335278275, -20.964570355263454, -9.80898193592136
-9.31036538989951, -20.962002083502362, -9.810179540711779
-8.335943488981409, -20.959433811741278, -9.811377145502199
-7.3617676500284475, -20.956865539980186, -9.812574750292617
-6.387837873040616, -20.954297268219097, -9.813772355083035
-5.414154158017926, -20.95172899645801, -9.814969959873455
-4.440716504960368, -20.949160724696917, -9.816167564663875
-3.4675249138679387, -20.94659245293583, -9.817365169454295
-2.4945793847406517, -20.94402418117474, -9.818562774244713
-1.5218799175784918, -20.941455909413648, -9.81976037903513
-0.549426512381463, -20.93888763765256, -9.82095798382555
0.4227808308504231, -20.93631936589147, -9.82215558861597
1.3947421121171804, -20.93375109413038, -9.823353193406389
2.3664573314188027, -20.931182822369294, -9.824550798196809
3.3379264887552846, -20.928614550608202, -9.825748402987227
4.309149584126629, -20.926046278847114, -9.826946007777646
5.280126617532867, -20.923478007086025, -9.828143612568066
6.250857588973932, -20.920909735324933, -9.829341217358484
7.221342498449882, -20.918341463563845, -9.830538822148904
8.1915813459607, -20.915773191802757, -9.831736426939324
9.161574131506372, -20.913204920041665, -9.832934031729742
10.131320855086928, -20.910636648280573, -9.834131636520162
11.100821516702341, -20.908068376519488, -9.83532924131058
12.07007611635261, -20.905500104758396, -9.836526846101
13.039084654037755, -20.902931832997307, -9.83772445089142
14.007847129757765, -20.90036356123622, -9.838922055681838
14.976363543512642, -20.897795289475127, -9.840119660472258
15.944633895302381, -20.89522701771404, -9.841317265262678
16.91265818512699, -20.89265874595295, -9.842514870053096
17.880108999815807, -20.87661711053847, -9.843712474843514
18.831046418447567, -20.708727392520974, -9.844910079633934
19.698510667946753, -20.288827380177825, -9.846107684424354
20.35949933422195, -19.588071564342727, -9.847305289214773
20.738431013822176, -18.698802906258244, -9.848502894005192
20.87066260127903, -17.738454061618476, -9.84970049879561
20.87468084362531, -16.767105222136557, -9.85089810358603
20.87211257186422, -15.795912884510852, -9.85209570837645
20.86954430010313, -14.824966608850273, -9.85329331316687
20.86697602834204, -13.854266395154841, -9.854490917957287
20.864407756580952, -12.88381224342454, -9.855688522747705
20.861839484819864, -11.91360415365934, -9.856886127538125
20.859271213058776, -10.943642125859315, -9.858083732328545
20.856702941297687, -9.973926160024401, -9.859281337118965
20.854134669536595, -9.004456256154658, -9.860478941909383
20.851566397775507, -8.035232414250023, -9.861676546699801
20.848998126014415, -7.066254634310505, -9.862874151490221
20.84642985425333, -6.097522916336137, -9.86407175628064
20.843861582492238, -5.129037260326903, -9.86526936107106
20.84129331073115, -4.160797666282806, -9.866466965861479
20.83872503897006, -3.192804134203845, -9.867664570651897
20.83615676720897, -2.225056664090012, -9.868862175442317
20.83358849544788, -1.2575552559413194, -9.870059780232737
20.831020223686792, -0.290299909757767, -9.871257385023155
20.828451951925704, 0.6767093744606553, -9.872454989813574
20.825883680164612, 1.6434725967139392, -9.873652594603994
20.823315408403523, 2.609989757002089, -9.874850199394412
20.820747136642435, 3.5762608553251036, -9.876047804184832
20.818178864881347, 4.542285891682988, -9.877245408975252
20.815610593120255, 5.508064866075734, -9.87844301376567
20.813042321359166, 6.473597778503388, -9.879640618556088
20.810474049598078, 7.438884628965853, -9.88083822334651
20.807905777836986, 8.403925417463212, -9.882035828136928
20.8053375060759, 9.368720143995427, -9.883233432927346
20.80276923431481, 10.3332688085625, -9.884431037717768
20.80020096255372, 11.29757141116447, -9.885628642508186
20.79763269079263, 12.261627951801275, -9.886826247298604
20.79506441903154, 13.22543843047292, -9.888023852089024
20.79249614727045, 14.189002847179456, -9.889221456879444
20.789927875509363, 15.152321201920886, -9.890419061669864
20.787359603748275, 16.115393494697155, -9.891616666460282
20.784791331987186, 17.07821972550829, -9.892814271250701
20.745423109021925, 18.039414529290337, -9.89401187604112
20.515466845369033, 18.97174190305654, -9.89520948083154
20.020761185267958, 19.79234314596675, -9.896407085621957
19.26162626460247, 20.3779242144607, -9.897604690412377
18.34945457830764, 20.684444839457147, -9.898802295202797
17.388435607495072, 20.769381701420272, -9.899999899993215
17.38843560749508, 20.769381701420265, -9.899999899993215
16.422195266917697, 20.766813429659173, -9.901197504783635
15.456200988305453, 20.764245157898088, -9.902395109574053
14.490452771658338, 20.761676886136996, -9.903592714364473
13.524950616976358, 20.759108614375908, -9.904790319154893
12.559694524259513, 20.75654034261482, -9.905987923945311
11.594684493507804, 20.75397207085373, -9.90718552873573
10.629920524721229, 20.75140379909264, -9.90838313352615
9.665402617899785, 20.74883552733155, -9.909580738316569
8.70113077304348, 20.74626725557046, -9.910778343106989
7.737104990152306, 20.74369898380937, -9.911975947897407
6.7733252692262695, 20.74113071204828, -9.913173552687827
5.809791610265364, 20.73856244028719, -9.914371157478245
4.846504013269593, 20.7359941685261, -9.915568762268665
3.8834624782389575, 20.733425896765013, -9.916766367059083
2.9206670051734567, 20.73085762500392, -9.917963971849503
1.9581175940730897, 20.728289353242833, -9.919161576639922
0.9958142449378563, 20.725721081481744, -9.92035918143034
0.03375695776775868, 20.723152809720656, -9.92155678622076
-0.9280542674372043, 20.720584537959567, -9.92275439101118
-1.8896194306770364, 20.718016266198475, -9.923951995801598
-2.850938531951731, 20.715447994437383, -9.925149600592018
-3.8120115712612908, 20.7128797226763, -9.926347205382436
-4.77283854860572, 20.710311450915206, -9.927544810172856
-5.733419463985011, 20.707743179154114, -9.928742414963274
-6.693754317399169, 20.705174907393026, -9.929940019753696
-7.6538431088481955, 20.702606635631938, -9.931137624544112
-8.613685838332083, 20.700038363870846, -9.932335229334532
-9.573282505850841, 20.69747009210976, -9.933532834124952
-10.532633111404458, 20.69490182034867, -9.934730438915372
-11.49173765499295, 20.69233354858758, -9.93592804370579
-12.4505961366163, 20.689765276826492, -9.93712564849621
-13.409208556274521, 20.6871970050654, -9.938323253286628
-14.367574913967603, 20.684628733304308, -9.939520858077048
-15.325695209695553, 20.68206046154322, -9.940718462867466
-16.28356944345837, 20.67949218978213, -9.941916067657885
-17.24119459522568, 20.676701816096127, -9.943113672448305
-18.194123058942726, 20.59751155599297, -9.944311277238723
-19.102180575931698, 20.303097811608986, -9.945508882029143
-19.867086804269384, 19.73494833794389, -9.946706486819563
-20.375718235399724, 18.92731100804515, -9.947904091609981
-20.615674900233724, 17.999957543169685, -9.9491016964004
-20.661514287454516, 17.040911243896126, -9.95029930119082
-20.658946015693424, 16.07986896233221, -9.951496905981239
-20.656377743932335, 15.119072742733422, -9.952694510771657
-20.653809472171247, 14.15852258509977, -9.953892115562077
-20.65124120041016, 13.198218489431252, -9.955089720352497
-20.64867292864907, 12.238160455727872, -9.956287325142915
-20.646104656887978, 11.278348483989623, -9.957484929933333
-20.64353638512689, 10.31878257421651, -9.958682534723753
-20.6409681133658, 9.359462726408534, -9.959880139514173
-20.63839984160471, 8.400388940565682, -9.96107774430459
-20.63583156984362, 7.4415612166879725, -9.962275349095009
-20.633263298082532, 6.482979554775403, -9.963472953885429
-20.630695026321444, 5.524643954827954, -9.964670558675849
-20.628126754560352, 4.566554416845645, -9.965868163466268
-20.625558482799264, 3.6087109408284688, -9.967065768256688
-20.622990211038175, 2.6511135267764305, -9.968263373047106
-20.620421939277083, 1.69376217468953, -9.969460977837524
-20.617853667516, 0.7366568845677574, -9.970658582627944
-20.61528539575491, -0.2202023435888793, -9.971856187418364
-20.612717123993818, -1.1768155097803845, -9.973053792208784
-20.610148852232726, -2.1331826140067465, -9.9742513969992
-20.60758058047164, -3.089303656267986, -9.97544900178962
-20.60501230871055, -4.045178636564081, -9.97664660658004
-20.60244403694946, -5.00080755489504, -9.977844211370458
-20.599875765188372, -5.956190411260877, -9.979041816160878
-20.597307493427284, -6.911327205661568, -9.980239420951298
-20.594739221666195, -7.866217938097139, -9.981437025741716
-20.592170949905103, -8.82086260856757, -9.982634630532136
-20.589602678144015, -9.775261217072861, -9.983832235322556
-20.587034406382926, -10.729413763613024, -9.985029840112976
-20.584466134621834, -11.68332024818805, -9.986227444903392
-20.581897862860746, -12.636980670797936, -9.987425049693812
-20.579329591099658, -13.590395031442686, -9.988622654484232
-20.576761319338566, -14.543563330122323, -9.989820259274651
-20.574193047577477, -15.496485566836796, -9.99101786406507
-20.57162477581639, -16.44916174158615, -9.992215468855491
-20.563251950472612, -17.401512926967676, -9.993413073645911
-20.434486027446965, -18.343387435711147, -9.994610678436327
-20.071203003276032, -19.22009449981725, -9.995808283226747
-19.433682431550892, -19.921378996006545, -9.997005888017167
-18.587705639548574, -20.354337094834776, -9.998203492807587
-17.651374722177838, -20.53419405757497, -9.999401097598005
-16.69597053093149, -20.55364687348917, -10.000598702388423
-15.74012630838104, -20.551078601728083, -10.001796307178843
-14.784528147795719, -20.548510329966994, -10.002993911969263
-13.829176049175523, -20.545942058205906, -10.004191516759683
-12.87407001252048, -20.543373786444814, -10.0053891215501
-11.919210037830554, -20.540805514683722, -10.006586726340519
-10.964596125105775, -20.538237242922634, -10.007784331130939
-10.01022827434613, -20.535668971161545, -10.008981935921359
-9.056106485551608, -20.533100699400457, -10.010179540711778
-8.102230758722232, -20.530532427639365, -10.011377145502196
-7.148601093857984, -20.527964155878276, -10.012574750292616
-6.1952174909588695, -20.525395884117188, -10.013772355083034
-5.242079950024898, -20.522827612356096, -10.014969959873454
-4.289188471056058, -20.52025934059501, -10.016167564663874
-3.3365430540523375, -20.51769106883392, -10.017365169454292
-2.3841436990137694, -20.515122797072827, -10.018562774244712
-1.4319904059403352, -20.512554525311742, -10.01976037903513
-0.4800831748320207, -20.50998625355065, -10.02095798382555
0.47157799431115444, -20.507417981789565, -10.02215558861597
1.422993101489187, -20.504849710028473, -10.02335319340639
2.3741621467020955, -20.50228143826738, -10.024550798196808
3.32508512994987, -20.499713166506297, -10.025748402987226
4.275762051232495, -20.497144894745205, -10.026946007777646
5.22619291055001, -20.494576622984116, -10.028143612568066
6.176377707902376, -20.492008351223028, -10.029341217358485
7.126316443289604, -20.489440079461936, -10.030538822148904
8.076009116711706, -20.486871807700847, -10.031736426939323
9.025455728168673, -20.48430353593976, -10.032934031729742
9.974656277660493, -20.481735264178667, -10.034131636520161
10.923610765187192, -20.479166992417575, -10.03532924131058
11.872319190748765, -20.47659872065649, -10.036526846101
12.820781554345178, -20.474030448895398, -10.037724450891417
13.768997855976474, -20.47146217713431, -10.038922055681837
14.716968095642645, -20.46889390537322, -10.040119660472257
15.664692273343665, -20.46632563361213, -10.041317265262675
16.612170389079555, -20.463757361851044, -10.042514870053095
17.558707747972104, -20.438966364691538, -10.043712474843513
18.48577495345892, -20.254705587189072, -10.044910079633933
19.323131603794568, -19.819997676824602, -10.046107684424353
19.954653143784753, -19.119692869218802, -10.047305289214773
20.315579213851617, -18.244956110334808, -10.04850289400519
20.441900879629806, -17.30441803305422, -10.049700498795609
20.4457794595234, -16.35361346860118, -10.050898103586029
20.443211187762316, -15.4029673050642, -10.052095708376449
20.440642916001224, -14.45256720349234, -10.053293313166868
20.438074644240135, -13.5024131638856, -10.054490917957287
20.435506372479047, -12.55250518624403, -10.055688522747706
20.432938100717955, -11.602843270567567, -10.056886127538124
20.430369828956866, -10.653427416856243, -10.058083732328544
20.427801557195778, -9.70425762511006, -10.059281337118962
20.425233285434686, -8.755333895329013, -10.060478941909382
20.422665013673598, -7.8066562275130895, -10.061676546699802
20.420096741912513, -6.858224621662308, -10.06287415149022
20.41752847015142, -5.910039077776654, -10.06407175628064
20.414960198390332, -4.9620995958561345, -10.065269361071058
20.412391926629244, -4.014406175900775, -10.066466965861478
20.409823654868152, -3.0669588179105256, -10.067664570651898
20.407255383107064, -2.119757521885409, -10.068862175442316
20.404687111345975, -1.172802287825427, -10.070059780232736
20.402118839584883, -0.22609311573057916, -10.071257385023156
20.399550567823795, 0.7203699943991344, -10.072454989813574
20.396982296062706, 1.6665870425636893, -10.073652594603994
20.394414024301618, 2.6125580287631323, -10.074850199394412
20.391845752540526, 3.558282952997441, -10.076047804184832
20.38927748077944, 4.503761815266592, -10.07724540897525
20.38670920901835, 5.448994615570632, -10.07844301376567
20.38414093725726, 6.3939813539095685, -10.079640618556088
20.381572665496172, 7.338722030283315, -10.080838223346507
20.379004393735084, 8.283216644691956, -10.082035828136927
20.376436121973992, 9.227465197135462, -10.083233432927347
20.373867850212903, 10.171467687613806, -10.084431037717765
20.371299578451815, 11.115224116127045, -10.085628642508185
20.368731306690727, 12.058734482675145, -10.086826247298605
20.366163034929635, 13.00199878725811, -10.088023852089023
20.363594763168546, 13.945017029875943, -10.089221456879443
20.361026491407458, 14.887789210528643, -10.090419061669861
20.358458219646366, 15.830315329216209, -10.091616666460279
20.355889947885277, 16.772595385938615, -10.092814271250699
20.301481606096097, 17.712131917315585, -10.094011876041119
20.05670291764018, 18.61940782792568, -10.095209480831537
19.55043549256369, 19.409085316546395, -10.096407085621957
18.795853736289942, 19.96716393846539, -10.097604690412377
17.900490412876472, 20.25997403940463, -10.098802295202795
16.959534223393163, 20.340480317318356, -10.099999899993215
16.959534223393163, 20.340480317318345, -10.099999899993215
16.013840056904495, 20.337912045557257, -10.101197504783633
15.068391952380962, 20.335343773796165, -10.102395109574053
14.123189909822564, 20.332775502035076, -10.10359271436447
13.1782339292293, 20.330207230273988, -10.10479031915489
12.233524010601169, 20.3276389585129, -10.10598792394531
11.289060153938175, 20.325070686751808, -10.10718552873573
10.344842359240312, 20.32250241499072, -10.108383133526148
9.400870626507587, 20.31993414322963, -10.109580738316568
8.457144955739992, 20.31736587146854, -10.110778343106988
7.513665346937533, 20.314797599707447, -10.111975947897406
6.570431800100211, 20.31222932794636, -10.113173552687826
5.627444315228021, 20.30966105618527, -10.114371157478244
4.684702892320964, 20.307092784424178, -10.115568762268662
3.7422075313790453, 20.30452451266309, -10.116766367059084
2.7999582324022563, 20.301956240902, -10.117963971849502
1.8579549953906056, 20.299387969140916, -10.119161576639922
0.916197820344087, 20.29681969737982, -10.12035918143034
-0.025313292737298928, 20.294251425618736, -10.12155678622076
-0.9665783438535466, 20.291683153857644, -10.122754391011178
-1.907597333004664, 20.289114882096555, -10.123951995801598
-2.8483702601906433, 20.286546610335467, -10.125149600592016
-3.7888971254114887, 20.283978338574375, -10.126347205382437
-4.7291779286672035, 20.28141006681329, -10.127544810172855
-5.669212669957779, 20.278841795052195, -10.128742414963275
-6.609001349283222, 20.27627352329111, -10.129940019753695
-7.548543966643532, 20.27370525153002, -10.131137624544113
-8.48784052203871, 20.271136979768926, -10.132335229334531
-9.426891015468746, 20.26856870800784, -10.133532834124951
-10.365695446933653, 20.26600043624675, -10.13473043891537
-11.304253816433429, 20.263432164485664, -10.135928043705789
-12.242566123968064, 20.260863892724572, -10.137125648496209
-13.180632369537566, 20.25829562096348, -10.138323253286629
-14.118452553141935, 20.25572734920239, -10.139520858077047
-15.056026674781169, 20.253159077441303, -10.140718462867465
-15.99335473445527, 20.25059080568021, -10.141916067657885
-16.930413306880993, 20.24629976961881, -10.143113672448305
-17.86089129213317, 20.149572284080406, -10.144311277238725
-18.742335221089732, 19.84004098606256, -10.145508882029143
-19.476157703052962, 19.26420702871721, -10.146706486819562
-19.959881714134596, 18.4649114262684, -10.14790409160998
-20.189054268333564, 17.555816248189053, -10.1491016964004
-20.2326129033526, 16.61714640331639, -10.150299301190818
-20.23004463159151, 15.676650295841188, -10.151496905981238
-20.22747635983042, 14.736400250331116, -10.152694510771656
-20.22490808806933, 13.796396266786182, -10.153892115562076
-20.222339816308242, 12.856638345206377, -10.155089720352496
-20.219771544547154, 11.917126485591712, -10.156287325142914
-20.21720327278606, 10.97786068794218, -10.157484929933332
-20.214635001024973, 10.038840952257775, -10.158682534723752
-20.21206672926389, 9.100067278538518, -10.159880139514172
-20.209498457502796, 8.161539666784385, -10.16107774430459
-20.206930185741705, 7.223258116995392, -10.16227534909501
-20.20436191398062, 6.28522262917153, -10.16347295388543
-20.201793642219528, 5.3474332033128, -10.164670558675848
-20.199225370458436, 4.4098898394192085, -10.165868163466268
-20.19665709869735, 3.4725925374907574, -10.167065768256688
-20.19408882693626, 2.535541297527426, -10.168263373047106
-20.19152055517517, 1.598736119529243, -10.169460977837524
-20.188952283414082, 0.6621770034961888, -10.170658582627944
-20.186384011652994, -0.27413605057173807, -10.171856187418364
-20.183815739891905, -1.210203042674523, -10.173053792208783
-20.181247468130813, -2.146023972812174, -10.1742513969992
-20.178679196369725, -3.0815988409846957, -10.175449001789621
-20.176110924608636, -4.016927647192074, -10.17664660658004
-20.173542652847544, -4.952010391434322, -10.17784421137046
-20.170974381086456, -5.8868470737114365, -10.179041816160879
-20.168406109325367, -6.821437694023416, -10.180239420951297
-20.165837837564276, -7.7557822523702615, -10.181437025741717
-20.163269565803184, -8.689880748751984, -10.182634630532135
-20.1607012940421, -9.623733183168557, -10.183832235322555
-20.15813302228101, -10.557339555620004, -10.185029840112975
-20.15556475051992, -11.490699866106317, -10.186227444903393
-20.15299647875883, -12.423814114627483, -10.187425049693813
-20.150428206997745, -13.356682301183522, -10.18862265448423
-20.147859935236653, -14.28930442577444, -10.18982025927465
-20.14529166347556, -15.221680488400207, -10.191017864065069
-20.142723391714476, -16.15381048906084, -10.19221546885549
-20.129486881398023, -17.085472901409865, -10.193413073645909
-19.982007937539336, -18.003821604800592, -10.194610678436327
-19.604882429029047, -18.85260226619397, -10.195808283226746
-18.96361003210307, -19.523191703636385, -10.197005888017166
-18.129287813406727, -19.934301741755203, -10.198203492807586
-17.212237572368046, -20.106167555061194, -10.199401097598004
-16.277342233873984, -20.124745489387266, -10.200598702388424
-15.342044185412247, -20.122177217626174, -10.201796307178842
-14.406992198915638, -20.119608945865085, -10.202993911969262
-13.472186274384157, -20.117040674103997, -10.204191516759682
-12.537626411817822, -20.1144724023429, -10.205389121550102
-11.603312611216616, -20.111904130581813, -10.20658672634052
-10.669244872580553, -20.109335858820724, -10.207784331130938
-9.735423195909615, -20.106767587059636, -10.208981935921358
-8.801847581203809, -20.104199315298544, -10.210179540711778
-7.868518028463155, -20.10163104353746, -10.211377145502198
-6.935434537687621, -20.099062771776367, -10.212574750292614
-6.002597108877223, -20.09649450001528, -10.213772355083034
-5.0700057420319675, -20.09392622825419, -10.214969959873454
-4.137660437151833, -20.0913579564931, -10.216167564663873
-3.2055611942368296, -20.08878968473201, -10.217365169454293
-2.2737080132869716, -20.08622141297092, -10.218562774244711
-1.3421008943022479, -20.08365314120983, -10.21976037903513
-0.4107398372826543, -20.08108486944874, -10.22095798382555
0.5203751577717973, -20.078516597687653, -10.22215558861597
1.4512440908611186, -20.075948325926564, -10.223353193406387
2.3818669619853114, -20.073380054165472, -10.224550798196807
3.3122437711443697, -20.070811782404384, -10.225748402987225
4.242374518338298, -20.068243510643295, -10.226946007777645
5.172259203567089, -20.065675238882207, -10.228143612568065
6.101897826830744, -20.063106967121115, -10.229341217358483
7.0312903881292605, -20.06053869536003, -10.230538822148903
7.960436887462647, -20.05797042359894, -10.231736426939323
8.889337324830898, -20.055402151837846, -10.23293403172974
9.817991700233996, -20.052833880076754, -10.23413163652016
10.74640001367198, -20.050265608315666, -10.23532924131058
11.674562265144832, -20.047697336554577, -10.236526846100999
12.602478454652537, -20.04512906479349, -10.237724450891417
13.530148582195118, -20.042560793032397, -10.238922055681837
14.457572647772563, -20.03999252127131, -10.240119660472256
15.38475065138487, -20.03742424951022, -10.241317265262674
16.311682593032057, -20.03485597774913, -10.242514870053094
17.237281903803424, -20.00087872391421, -10.243712474843512
18.13929132422797, -19.79716595751308, -10.244910079633932
18.94775253964233, -19.351167973471423, -10.246107684424352
19.549806953347513, -18.651314174094953, -10.24730528921477
19.89222818772454, -17.79097940550369, -10.24850289400519
20.013139157980575, -16.870382004490047, -10.24970049879561
20.01687807542149, -15.940121715065874, -10.250898103586028
20.014309803660403, -15.010021725617598, -10.252095708376448
20.011741531899315, -14.080167798134454, -10.253293313166868
20.009173260138226, -13.150559932616435, -10.254490917957286
20.006604988377134, -12.221198129063565, -10.255688522747706
20.004036716616046, -11.29208238747582, -10.256886127538124
20.001468444854957, -10.36321270785322, -10.258083732328544
19.998900173093865, -9.434589090195749, -10.259281337118964
19.996331901332777, -8.506211534503407, -10.260478941909382
19.99376362957169, -7.578080040776201, -10.261676546699801
19.991195357810597, -6.650194609014131, -10.26287415149022
19.988627086049508, -5.722555239217193, -10.26407175628064
19.98605881428842, -4.795161931385366, -10.265269361071057
19.98349054252733, -3.86801468551872, -10.266466965861477
19.980922270766243, -2.9411135016171768, -10.267664570651897
19.97835399900515, -2.014458379680788, -10.268862175442315
19.975785727244062, -1.0880493197095087, -10.270059780232735
19.973217455482974, -0.16188632170338835, -10.271257385023153
19.970649183721886, 0.7640306143376223, -10.272454989813575
19.968080911960797, 1.6897014884134702, -10.273652594603991
19.965512640199705, 2.6151263005241874, -10.274850199394413
19.962944368438617, 3.540305050669795, -10.27604780418483
19.96037609667753, 4.465237738850241, -10.27724540897525
19.957807824916436, 5.389924365065579, -10.278443013765669
19.955239553155348, 6.314364929315762, -10.279640618556089
19.95267128139426, 7.23855943160083, -10.280838223346507
19.95010300963317, 8.162507871920742, -10.282035828136927
19.94753473787208, 9.086210250275544, -10.283233432927345
19.94496646611099, 10.009666566665183, -10.284431037717765
19.942398194349902, 10.932876821089716, -10.285628642508184
19.939829922588814, 11.855841013549115, -10.286826247298603
19.937261650827725, 12.778559144043356, -10.288023852089022
19.934693379066633, 13.701031212572488, -10.289221456879442
19.93212510730554, 14.62325721913646, -10.29041906166986
19.929556835544457, 15.545237163735324, -10.29161666646028
19.926988563783368, 16.46697104636902, -10.2928142712507
19.857375207315798, 17.384829939071825, -10.294011876041118
19.595485411183187, 18.265994038800923, -10.295209480831538
19.080109799859393, 19.025827487126076, -10.296407085621956
18.330081207977436, 19.55640366247008, -10.297604690412376
17.451526247445354, 19.835503239352107, -10.298802295202796
16.530632839291254, 19.91157893321644, -10.299999899993214
16.530632839291258, 19.91157893321643, -10.299999899993214
15.605484846891306, 19.909010661455337, -10.301197504783634
14.680582916456489, 19.906442389694252, -10.302395109574052
13.755927047986805, 19.90387411793316, -10.30359271436447
12.831517241482258, 19.90130584617207, -10.304790319154892
11.907353496942845, 19.89873757441098, -10.30598792394531
10.983435814368566, 19.896169302649895, -10.30718552873573
10.059764193759419, 19.893601030888803, -10.308383133526148
9.136338635115406, 19.891032759127715, -10.309580738316567
8.213159138436529, 19.888464487366623, -10.310778343106985
7.290225703722786, 19.885896215605534, -10.311975947897405
6.3675383309741775, 19.883327943844442, -10.313173552687825
5.445097020190706, 19.880759672083354, -10.314371157478245
4.522901771372365, 19.87819140032226, -10.315568762268661
3.6009525845191606, 19.875623128561177, -10.316766367059081
2.6792494596310874, 19.873054856800085, -10.317963971849501
1.757792396708151, 19.870486585039, -10.319161576639921
0.83658139575035, 19.867918313277908, -10.320359181430339
-0.08438354324232157, 19.86535004151682, -10.321556786220759
-1.0051024202698522, 19.862781769755728, -10.322754391011179
-1.9255752353322548, 19.860213497994636, -10.323951995801595
-2.8458019884295176, 19.85764522623355, -10.325149600592017
-3.765782679561651, 19.85507695447246, -10.326347205382435
-4.685517308728649, 19.85250868271137, -10.327544810172856
-5.605005875930507, 19.84994041095028, -10.328742414963273
-6.524248381167239, 19.847372139189194, -10.329940019753693
-7.44324482443883, 19.8448038674281, -10.331137624544112
-8.361995205745291, 19.842235595667013, -10.33233522933453
-9.280499525086613, 19.839667323905925, -10.33353283412495
-10.198757782462806, 19.837099052144836, -10.334730438915368
-11.116769977873865, 19.834530780383744, -10.335928043705788
-12.034536111319785, 19.831962508622656, -10.337125648496206
-12.952056182800575, 19.829394236861564, -10.338323253286628
-13.869330192316225, 19.826825965100475, -10.339520858077046
-14.786358139866744, 19.824257693339383, -10.340718462867464
-15.703140025452134, 19.821689421578295, -10.341916067657884
-16.61960874541264, 19.814186149105243, -10.343113672448304
-17.52728811934511, 19.699625625743845, -10.344311277238724
-18.381545077786253, 19.375263944808392, -10.345508882029142
-19.085110400483757, 18.793368370038866, -10.346706486819562
-19.544045192869447, 18.002511844491686, -10.34790409160998
-19.762433636433396, 17.111674953208457, -10.3491016964004
-19.803711519250683, 16.1933815627367, -10.350299301190816
-19.801143247489595, 15.273431629350211, -10.351496905981236
-19.798574975728503, 14.35372775792885, -10.352694510771656
-19.796006703967414, 13.434269948472629, -10.353892115562074
-19.793438432206326, 12.515058200981544, -10.355089720352494
-19.790870160445238, 11.596092515455595, -10.356287325142912
-19.788301888684146, 10.677372891894779, -10.357484929933332
-19.785733616923057, 9.75889933029909, -10.358682534723751
-19.78316534516197, 8.840671830668542, -10.359880139514171
-19.780597073400877, 7.922690393003132, -10.361077744304588
-19.77802880163979, 7.004955017302851, -10.362275349095007
-19.7754605298787, 6.0874657035677, -10.363472953885427
-19.77289225811761, 5.170222451797686, -10.364670558675847
-19.770323986356523, 4.253225261992808, -10.365868163466265
-19.76775571459543, 3.336474134153069, -10.367065768256685
-19.765187442834343, 2.4199690682784594, -10.368263373047103
-19.762619171073254, 1.5037100643689838, -10.369460977837523
-19.760050899312162, 0.5876971224246429, -10.370658582627943
-19.757482627551077, -0.3280697575545682, -10.371856187418363
-19.754914355789985, -1.2435905755686394, -10.37305379220878
-19.752346084028893, -2.158865331617577, -10.374251396999199
-19.749777812267805, -3.073894025701381, -10.375449001789619
-19.747209540506717, -3.9886766578200508, -10.376646606580039
-19.744641268745625, -4.903213227973586, -10.377844211370457
-19.74207299698454, -5.817503736161983, -10.379041816160877
-19.73950472522345, -6.73154818238525, -10.380239420951295
-19.73693645346236, -7.645346566643385, -10.381437025741715
-19.73436818170127, -8.55889888893639, -10.382634630532134
-19.73179990994018, -9.472205149264253, -10.383832235322553
-19.729231638179094, -10.385265347626984, -10.38502984011297
-19.726663366418002, -11.298079484024585, -10.38622744490339
-19.724095094656914, -12.210647558457037, -10.38742504969381
-19.721526822895825, -13.12296957092437, -10.38862265448423
-19.718958551134737, -14.03504552142656, -10.38982025927465
-19.716390279373645, -14.946875409963624, -10.391017864065066
-19.713822007612556, -15.858459236535545, -10.392215468855488
-19.69240941355402, -16.7692464246459, -10.393413073645908
-19.526508460370383, -17.663469546818565, -10.394610678436326
-19.136281726406466, -18.483569775051073, -10.395808283226746
-18.49353763265524, -19.125004411266232, -10.397005888017166
-17.670869987264854, -19.514266388675633, -10.398203492807585
-16.77310042255823, -19.678141052547417, -10.399401097598004
-15.858713936816454, -19.695844105285353, -10.400598702388422
-14.943962062443429, -19.693275833524265, -10.401796307178842
-14.029456250035533, -19.690707561763176, -10.402993911969261
-13.11519649959277, -19.688139290002084, -10.404191516759681
-12.201182811115142, -19.685571018240992, -10.4053891215501
-11.287415184602658, -19.683002746479904, -10.40658672634052
-10.373893620055297, -19.680434474718815, -10.407784331130937
-9.460618117473079, -19.677866202957727, -10.408981935921357
-8.54758867685599, -19.67529793119664, -10.410179540711777
-7.6348052982040455, -19.672729659435547, -10.411377145502195
-6.7222679815172235, -19.670161387674458, -10.412574750292615
-5.809976726795547, -19.66759311591337, -10.413772355083033
-4.897931534038997, -19.665024844152278, -10.414969959873453
-3.9861324032475793, -19.662456572391193, -10.416167564663873
-3.074579334421294, -19.6598883006301, -10.41736516945429
-2.1632723275601498, -19.65732002886901, -10.418562774244709
-1.2522113826641326, -19.654751757107924, -10.419760379035129
-0.3413964997332598, -19.652183485346832, -10.420957983825549
0.5691723212324828, -19.649615213585744, -10.422155588615968
1.4794950802330888, -19.647046941824655, -10.423353193406388
2.3895717772685674, -19.644478670063567, -10.424550798196806
3.299402412338903, -19.641910398302475, -10.425748402987224
4.2089869854441195, -19.639342126541386, -10.426946007777644
5.118325496584187, -19.636773854780298, -10.428143612568064
6.027417945759128, -19.63420558301921, -10.429341217358482
6.936264332968927, -19.63163731125812, -10.430538822148902
7.8448646582136, -19.629069039497033, -10.431736426939322
8.753218921493133, -19.62650076773594, -10.43293403172974
9.661327122807533, -19.62393249597485, -10.43413163652016
10.569189262156792, -19.62136422421376, -10.435329241310578
11.476805339540928, -19.618795952452672, -10.436526846100998
12.384175354959918, -19.61622768069158, -10.437724450891416
13.291299308413787, -19.61365940893049, -10.438922055681836
14.19817719990251, -19.611091137169403, -10.440119660472256
15.10480902942611, -19.60852286540831, -10.441317265262676
16.011194796984572, -19.605954593647226, -10.442514870053094
16.915337631766796, -19.55837688203327, -10.443712474843512
17.791909122977792, -19.33701858012929, -10.444910079633932
18.57050971299193, -18.88007529642185, -10.446107684424351
19.144960762910266, -18.18293547897111, -10.44730528921477
19.468865033684366, -17.33699954474031, -10.44850289400519
19.58437743633134, -16.4363459759259, -10.44970049879561
19.587976691319582, -15.5266299615306, -10.450898103586027
19.585408419558494, -14.617076146171042, -10.452095708376447
19.582840147797405, -13.707768392776607, -10.453293313166865
19.580271876036317, -12.798706701347296, -10.454490917957287
19.57770360427523, -11.889891071883152, -10.455688522747705
19.575135332514137, -10.981321504384107, -10.456886127538123
19.572567060753048, -10.072997998850235, -10.458083732328543
19.56999878899196, -9.16492055528146, -10.459281337118961
19.56743051723087, -8.257089173677855, -10.46047894190938
19.56486224546978, -7.349503854039346, -10.461676546699799
19.56229397370869, -6.442164596366008, -10.46287415149022
19.559725701947603, -5.535071400657771, -10.464071756280639
19.557157430186514, -4.628224266914698, -10.465269361071059
19.554589158425422, -3.721623195136732, -10.466466965861477
19.552020886664334, -2.81526818532393, -10.467664570651895
19.549452614903245, -1.9091592374762323, -10.468862175442315
19.546884343142157, -1.0032963515936992, -10.470059780232734
19.54431607138107, -0.09767952767626772, -10.471257385023154
19.541747799619976, 0.8076912342760154, -10.472454989813574
19.539179527858888, 1.7128159342631606, -10.473652594603992
19.5366112560978, 2.6176945722851706, -10.47485019939441
19.53404298433671, 3.522327148342075, -10.47604780418483
19.531474712575623, 4.426713662433818, -10.477245408975248
19.52890644081453, 5.330854114560429, -10.478443013765668
19.526338169053442, 6.234748504721901, -10.479640618556088
19.52376989729235, 7.1383968329182705, -10.480838223346508
19.521201625531262, 8.041799099149477, -10.482035828136926
19.518633353770177, 8.94495530341555, -10.483233432927346
19.516065082009085, 9.847865445716488, -10.484431037717764
19.513496810247997, 10.750529526052317, -10.485628642508182
19.510928538486905, 11.652947544422986, -10.486826247298602
19.508360266725816, 12.555119500828521, -10.488023852089022
19.50579199496473, 13.457045395268924, -10.489221456879442
19.50322372320364, 14.358725227744216, -10.49041906166986
19.50065545144255, 15.26015899825435, -10.49161666646028
19.496812313314894, 16.16132937180712, -10.492814271250698
19.411358641235438, 17.057174542300007, -10.494011876041117
19.13039536495997, 17.910876112234163, -10.495209480831535
18.608149450357082, 18.64093500090771, -10.496407085621957
17.864308679664934, 19.145643386474763, -10.497604690412375
17.00231929148297, 19.409720197589763, -10.498802295202793
16.101731455189345, 19.482677549114523, -10.499999899993213
16.101731455189352, 19.482677549114513, -10.499999899993213
15.197129636878115, 19.48010927735342, -10.501197504783631
14.292773880532014, 19.477541005592332, -10.502395109574053
13.388664186151042, 19.474972733831244, -10.503592714364471
12.484800553735209, 19.472404462070156, -10.504790319154889
11.581182983284508, 19.469836190309067, -10.505987923945309
10.677811474798942, 19.467267918547975, -10.507185528735729
9.774686028278511, 19.46469964678689, -10.508383133526147
8.871806643723213, 19.4621313750258, -10.509580738316567
7.96917332113305, 19.459563103264706, -10.510778343106987
7.066786060508022, 19.456994831503614, -10.511975947897405
6.164644861848127, 19.454426559742526, -10.513173552687824
5.262749725153366, 19.451858287981437, -10.514371157478243
4.361100650423741, 19.44929001622035, -10.51556876226866
3.4596976376592496, 19.446721744459257, -10.51676636705908
2.5585406868598928, 19.44415347269817, -10.5179639718495
1.65762979802567, 19.441585200937084, -10.51916157663992
0.7569649711565817, 19.439016929175992, -10.52035918143034
-0.14345379374737416, 19.436448657414903, -10.521556786220758
-1.0436264966861941, 19.43388038565381, -10.522754391011176
-1.9435531376598794, 19.43131211389272, -10.523951995801596
-2.843233716668434, 19.42874384213163, -10.525149600592016
-3.742668233711851, 19.426175570370543, -10.526347205382434
-4.641856688790134, 19.423607298609454, -10.527544810172856
-5.540799081903282, 19.421039026848366, -10.528742414963274
-6.439495413051297, 19.418470755087274, -10.529940019753692
-7.337945682234176, 19.41590248332619, -10.531137624544112
-8.236149889451921, 19.413334211565097, -10.53233522933453
-9.134108034704534, 19.41076593980401, -10.53353283412495
-10.031820117992009, 19.408197668042916, -10.534730438915368
-10.929286139314355, 19.40562939628183, -10.53592804370579
-11.826506098671562, 19.40306112452074, -10.537125648496207
-12.723479996063636, 19.400492852759648, -10.538323253286627
-13.620207831490577, 19.397924580998556, -10.539520858077045
-14.516689604952381, 19.395356309237467, -10.540718462867464
-15.412925316449055, 19.39278803747638, -10.541916067657883
-16.30875370877312, 19.38117581197331, -10.543113672448303
-17.193394905475607, 19.248564370288037, -10.544311277238723
-18.018439212054354, 18.90627057126529, -10.545508882029141
-18.692815604885492, 18.321502288581286, -10.546706486819561
-19.12820867160432, 17.540112262714917, -10.547904091609979
-19.33581300453324, 16.667533658227793, -10.549101696400399
-19.374810135148767, 15.769616722156933, -10.550299301190815
-19.37224186338768, 14.870212962859156, -10.551496905981235
-19.369673591626587, 13.971055265526513, -10.552694510771653
-19.3671053198655, 13.072143630159008, -10.553892115562073
-19.36453704810441, 12.173478056756633, -10.555089720352493
-19.36196877634332, 11.275058545319395, -10.556287325142911
-19.35940050458223, 10.37688509584729, -10.55748492993333
-19.35683223282114, 9.478957708340321, -10.55868253472375
-19.354263961060056, 8.581276382798485, -10.55988013951417
-19.351695689298964, 7.683841119221783, -10.561077744304587
-19.349127417537876, 6.7866519176102145, -10.562275349095007
-19.346559145776787, 5.889708777963782, -10.563472953885427
-19.343990874015695, 4.99301170028248, -10.564670558675846
-19.341422602254607, 4.096560684566314, -10.565868163466265
-19.33885433049352, 3.200355730815284, -10.567065768256684
-19.336286058732426, 2.3043968390293874, -10.568263373047103
-19.333717786971338, 1.4086840092086246, -10.569460977837522
-19.33114951521025, 0.5132172413529952, -10.570658582627942
-19.32858124344916, -0.3820034645375009, -10.571856187418362
-19.32601297168807, -1.2769781084628606, -10.57305379220878
-19.32344469992698, -2.171706690423088, -10.574251396999198
-19.32087642816589, -3.0661892104181776, -10.575449001789618
-19.318308156404804, -3.960425668448134, -10.576646606580038
-19.315739884643712, -4.8544160645129555, -10.577844211370456
-19.313171612882623, -5.748160398612642, -10.579041816160876
-19.310603341121535, -6.641658670747196, -10.580239420951296
-19.308035069360443, -7.534910880916618, -10.581437025741714
-19.305466797599355, -8.427917029120904, -10.582634630532134
-19.302898525838266, -9.320677115360057, -10.583832235322554
-19.300330254077174, -10.213191139634073, -10.585029840112972
-19.29776198231609, -11.105459101942959, -10.58622744490339
-19.295193710554997, -11.997481002286701, -10.58742504969381
-19.292625438793912, -12.889256840665318, -10.58862265448423
-19.29005716703282, -13.780786617078792, -10.589820259274648
-19.28748889527173, -14.672070331527145, -10.591017864065066
-19.284920623510644, -15.563107984010355, -10.592215468855487
-19.253884331982604, -16.45293846333131, -10.593413073645909
-19.070350481929026, -17.322890583903998, -10.594610678436325
-18.66480820080035, -18.11259665317442, -10.595808283226745
-18.02248213005617, -18.725361776940293, -10.597005888017165
-17.21245216112289, -19.094231035596096, -10.598203492807585
-16.3339632727483, -19.25011455003365, -10.599401097598001
-15.440085639758813, -19.266942721183447, -10.600598702388423
-14.545879939474494, -19.264374449422355, -10.60179630717884
-13.651920301155313, -19.261806177661263, -10.60299391196926
-12.758206724801274, -19.25923790590018, -10.60419151675968
-11.864739210412363, -19.256669634139087, -10.605389121550099
-10.971517757988593, -19.254101362377995, -10.606586726340517
-10.078542367529952, -19.251533090616906, -10.607784331130937
-9.18581303903645, -19.248964818855818, -10.608981935921356
-8.293329772508068, -19.246396547094726, -10.610179540711776
-7.4010925679448345, -19.24382827533364, -10.611377145502196
-6.50910142534673, -19.24126000357255, -10.612574750292614
-5.617356344713767, -19.238691731811457, -10.613772355083032
-4.725857326045931, -19.236123460050372, -10.614969959873452
-3.8346043693432357, -19.23355518828928, -10.616167564663872
-2.9435974746056672, -19.23098691652819, -10.617365169454292
-2.05283664183324, -19.228418644767103, -10.61856277424471
-1.1623218710259329, -19.22585037300601, -10.619760379035128
-0.2720531621837746, -19.223282101244923, -10.620957983825548
0.6179694846932642, -19.220713829483834, -10.622155588615968
1.5077460696051546, -19.218145557722746, -10.623353193406386
2.3972765925519157, -19.215577285961658, -10.624550798196806
3.2865610535335366, -19.213009014200566, -10.625748402987224
4.1755994525500295, -19.210440742439477, -10.626946007777644
5.064391789601381, -19.20787247067839, -10.628143612568064
5.952938064687614, -19.205304198917297, -10.629341217358483
6.8412382778086975, -19.20273592715621, -10.630538822148901
7.729292428964653, -19.20016765539512, -10.63173642693932
8.617100518155471, -19.19759938363403, -10.63293403172974
9.504662545381157, -19.195031111872936, -10.63413163652016
10.391978510641703, -19.192462840111848, -10.635329241310577
11.279048413937119, -19.18989456835076, -10.636526846100997
12.165872255267399, -19.18732629658967, -10.637724450891415
13.052450034632548, -19.184758024828582, -10.638922055681835
13.938781752032568, -19.18218975306749, -10.640119660472255
14.824867407467448, -19.179621481306402, -10.641317265262675
15.710707000937191, -19.177053209545313, -10.642514870053093
16.593136642947556, -19.113689201821124, -10.643712474843513
17.444360504657705, -18.876388243423726, -10.64491007963393
18.19146615020912, -18.406796172061448, -10.64610768442435
18.739535521090126, -17.714238753345015, -10.64730528921477
19.04550187964423, -16.88301968397674, -10.648502894005189
19.155615714682114, -16.00230994736154, -10.649700498795609
19.159075307217673, -15.113138207995108, -10.650898103586027
19.156507035456585, -14.224130566724256, -10.652095708376446
19.153938763695493, -13.33536898741854, -10.653293313166866
19.151370491934404, -12.446853470077954, -10.654490917957286
19.148802220173316, -11.558584014702513, -10.655688522747703
19.146233948412227, -10.670560621292196, -10.656886127538122
19.14366567665114, -9.782783289847025, -10.658083732328542
19.141097404890047, -8.895252020366978, -10.659281337118962
19.13852913312896, -8.007966812852075, -10.66047894190938
19.13596086136787, -7.120927667302286, -10.6616765466998
19.13339258960678, -6.23413458371765, -10.662874151490218
19.130824317845693, -5.347587562098131, -10.664071756280636
19.1282560460846, -4.461286602443764, -10.665269361071056
19.125687774323513, -3.575231704754524, -10.666466965861476
19.123119502562425, -2.689422869030414, -10.667664570651896
19.120551230801333, -1.803860095271443, -10.668862175442316
19.117982959040244, -0.9185433834776127, -10.670059780232734
19.115414687279156, -0.033472733648910596, -10.671257385023152
19.112846415518067, 0.8513518542146558, -10.672454989813572
19.110278143756975, 1.7359303801130876, -10.673652594603992
19.10770987199589, 2.6202628440463833, -10.67485019939441
19.1051416002348, 3.5043492460145482, -10.67604780418483
19.102573328473706, 4.3881895860175755, -10.67724540897525
19.10000505671262, 5.271783864055468, -10.678443013765667
19.09743678495153, 6.155132080128226, -10.679640618556085
19.09486851319044, 7.038234234235853, -10.680838223346505
19.092300241429353, 7.921090326378368, -10.682035828136925
19.08973196966826, 8.803700356555726, -10.683233432927345
19.087163697907172, 9.686064324767948, -10.684431037717763
19.084595426146084, 10.568182231015037, -10.685628642508183
19.082027154384996, 11.450054075296988, -10.686826247298603
19.079458882623907, 12.331679857613805, -10.688023852089021
19.076890610862815, 13.21305957796549, -10.689221456879439
19.074322339101727, 14.09419323635204, -10.690419061669859
19.07175406734064, 14.975080832773456, -10.691616666460279
19.064631947304942, 15.855660446289274, -10.692814271250697
18.960453402230485, 16.728614644865363, -10.694011876041117
18.66521176464486, 17.55571701655344, -10.695209480831537
18.133650404154867, 18.25350381798939, -10.696407085621955
17.398536151352403, 18.734883110479455, -10.697604690412373
16.5530981031359, 18.98386023219797, -10.698802295202793
15.672830071087436, 19.053776165012604, -10.699999899993212
15.67283007108744, 19.053776165012593, -10.699999899993212
14.788774426864915, 19.051207893251505, -10.70119750478363
13.904964844607525, 19.048639621490416, -10.70239510957405
13.021401324315267, 19.046071349729324, -10.70359271436447
12.138083865988145, 19.043503077968236, -10.70479031915489
11.255012469626159, 19.040934806207147, -10.705987923945308
10.372187135229305, 19.03836653444606, -10.707185528735728
9.489607862797586, 19.035798262684967, -10.708383133526146
8.607274652331, 19.033229990923875, -10.709580738316564
7.725187503829551, 19.030661719162786, -10.710778343106984
6.843346417293236, 19.028093447401698, -10.711975947897404
5.961751392722054, 19.02552517564061, -10.713173552687824
5.080402430116007, 19.022956903879518, -10.714371157478242
4.199299529475093, 19.02038863211843, -10.71556876226866
3.3184426907993148, 19.01782036035734, -10.716766367059082
2.4378319140886697, 19.01525208859625, -10.7179639718495
1.5574671993431606, 19.01268381683516, -10.71916157663992
0.6773485465627858, 19.01011554507407, -10.720359181430338
-0.20252404425245654, 19.00754727331298, -10.721556786220757
-1.0821505731025645, 19.00497900155189, -10.722754391011177
-1.9615310399875343, 19.0024107297908, -10.723951995801595
-2.840665444907374, 18.999842458029715, -10.725149600592015
-3.719553787862079, 18.997274186268623, -10.726347205382435
-4.598196068851649, 18.994705914507534, -10.727544810172853
-5.476592287876083, 18.992137642746446, -10.728742414963271
-6.354742444935384, 18.989569370985357, -10.729940019753691
-7.232646540029552, 18.987001099224265, -10.731137624544111
-8.110304573158585, 18.984432827463177, -10.732335229334529
-8.987716544322481, 18.98186455570209, -10.733532834124949
-9.864882453521243, 18.979296283940997, -10.734730438915367
-10.741802300754875, 18.97672801217991, -10.735928043705787
-11.618476086023371, 18.97415974041882, -10.737125648496207
-12.494903809326729, 18.97159146865773, -10.738323253286627
-13.371085470664955, 18.96902319689664, -10.739520858077045
-14.247021070038045, 18.966454925135547, -10.740718462867463
-15.122710607446008, 18.96388665337446, -10.741916067657883
-15.997682368305657, 18.944322729340634, -10.743113672448303
-16.858367335937682, 18.793143906289526, -10.74431127723872
-17.65533334632248, 18.437277197722178, -10.74550888202914
-18.297699721688556, 17.847312787598803, -10.74670648681956
-18.712372150339213, 17.077712680938124, -10.747904091609978
-18.909192372633086, 16.223392363247118, -10.749101696400396
-18.94590875104685, 15.34585188157715, -10.750299301190816
-18.94334047928576, 14.466994296368087, -10.751496905981234
-18.940772207524667, 13.588382773124161, -10.752694510771653
-18.938203935763582, 12.71001731184537, -10.753892115562072
-18.93563566400249, 11.831897912531709, -10.755089720352492
-18.9330673922414, 10.954024575183187, -10.75628732514291
-18.93049912048031, 10.076397299799796, -10.75748492993333
-18.92793084871922, 9.199016086381544, -10.75868253472375
-18.925362576958136, 8.32188093492842, -10.75988013951417
-18.922794305197044, 7.444991845440429, -10.761077744304588
-18.920226033435956, 6.5683488179175775, -10.762275349095006
-18.917657761674867, 5.691951852359859, -10.763472953885426
-18.915089489913775, 4.815800948767274, -10.764670558675846
-18.912521218152683, 3.939896107139824, -10.765868163466264
-18.9099529463916, 3.0642373274775117, -10.767065768256684
-18.907384674630507, 2.188824609780333, -10.768263373047104
-18.904816402869418, 1.3136579540482853, -10.769460977837522
-18.90224813110833, 0.43873736028137156, -10.770658582627942
-18.89967985934724, -0.435937171520409, -10.771856187418361
-18.897111587586153, -1.3103656413570541, -10.77305379220878
-18.89454331582506, -2.1845480492285634, -10.774251396999198
-18.891975044063972, -3.0584843951349363, -10.775449001789617
-18.889406772302884, -3.9321746790761742, -10.776646606580037
-18.886838500541792, -4.805618901052282, -10.777844211370455
-18.884270228780704, -5.678817061063251, -10.779041816160875
-18.881701957019615, -6.551769159109083, -10.780239420951295
-18.879133685258523, -7.424475195189789, -10.781437025741713
-18.876565413497435, -8.296935169305359, -10.782634630532133
-18.873997141736346, -9.1691490814558, -10.783832235322553
-18.871428869975258, -10.041116931641097, -10.785029840112971
-18.86886059821417, -10.912838719861261, -10.786227444903389
-18.866292326453078, -11.784314446116287, -10.787425049693809
-18.86372405469199, -12.655544110406183, -10.788622654484229
-18.8611557829309, -13.526527712730948, -10.789820259274649
-18.85858751116981, -14.397265253090584, -10.791017864065065
-18.856019239408724, -15.267756731485076, -10.792215468855485
-18.812476259821103, -16.13629190786792, -10.793413073645906
-18.610807399250312, -16.981145189152116, -10.794610678436324
-18.192907088273962, -17.741334690556815, -10.795808283226744
-17.55005991962862, -18.323695929442895, -10.797005888017164
-16.75403433498103, -18.67419568251652, -10.798203492807584
-15.89482612293848, -18.822088047519877, -10.799401097598002
-15.021457342701282, -18.838041337081535, -10.800598702388422
-14.147797816505681, -18.835473065320446, -10.80179630717884
-13.274384352275217, -18.832904793559358, -10.80299391196926
-12.401216950009893, -18.830336521798266, -10.80419151675968
-11.528295609709694, -18.827768250037174, -10.8053891215501
-10.655620331374632, -18.82519997827609, -10.806586726340518
-9.783191115004712, -18.822631706514997, -10.807784331130936
-8.911007960599926, -18.82006343475391, -10.808981935921356
-8.039070868160259, -18.81749516299282, -10.810179540711776
-7.1673798376857345, -18.81492689123173, -10.811377145502194
-6.29593486917635, -18.81235861947064, -10.812574750292612
-5.424735962632094, -18.80979034770955, -10.813772355083032
-4.553783118052972, -18.80722207594846, -10.814969959873451
-3.683076335438999, -18.804653804187375, -10.816167564663871
-2.812615614790144, -18.802085532426283, -10.81736516945429
-1.9424009561064237, -18.799517260665194, -10.81856277424471
-1.0724323593878404, -18.796948988904106, -10.819760379035127
-0.20270982463438947, -18.794380717143014, -10.820957983825547
0.6667666481539252, -18.791812445381925, -10.822155588615967
1.535997058977109, -18.789244173620837, -10.823353193406387
2.4049814078351486, -18.78667590185975, -10.824550798196803
3.273719694728063, -18.78410763009866, -10.825748402987223
4.1422119196558445, -18.781539358337568, -10.826946007777643
5.010458082618481, -18.77897108657648, -10.828143612568063
5.878458183615988, -18.77640281481539, -10.82934121735848
6.746212222648367, -18.7738345430543, -10.8305388221489
7.613720199715612, -18.77126627129321, -10.831736426939319
8.480982114817712, -18.768697999532122, -10.832934031729739
9.347997967954687, -18.76612972777103, -10.834131636520159
10.214767759126527, -18.76356145600994, -10.835329241310578
11.081291488333214, -18.76099318424885, -10.836526846100996
11.947569155574797, -18.75842491248776, -10.837724450891415
12.813600760851225, -18.755856640726673, -10.838922055681834
13.679386304162524, -18.753288368965585, -10.840119660472254
14.544925785508696, -18.750720097204493, -10.841317265262672
15.410198149238052, -18.746603330826396, -10.842514870053092
16.27074099971078, -18.66788408298821, -10.843712474843512
17.09523112908473, -18.412165740281814, -10.84491007963393
17.812011950345564, -17.93301845364032, -10.84610768442435
18.33179648381476, -17.244271229389273, -10.847305289214768
18.622138725604064, -16.429039823213305, -10.848502894005188
18.726853993032886, -15.56827391879732, -10.849700498795606
18.730173923115768, -14.699646454459756, -10.850898103586026
18.727605651354676, -13.831184987277615, -10.852095708376446
18.725037379593587, -12.962969582060618, -10.853293313166864
18.7224691078325, -12.095000238808757, -10.854490917957285
18.71990083607141, -11.227276957522008, -10.855688522747704
18.71733256431032, -10.359799738200426, -10.856886127538122
18.71476429254923, -9.492568580843944, -10.858083732328542
18.71219602078814, -8.62558348545262, -10.85928133711896
18.709627749027053, -7.75884445202643, -10.86047894190938
18.707059477265965, -6.89235148056536, -10.8616765466998
18.704491205504873, -6.026104571069437, -10.862874151490217
18.701922933743784, -5.160103723538636, -10.864071756280637
18.699354661982696, -4.294348937972983, -10.865269361071057
18.696786390221604, -3.428840214372441, -10.866466965861475
18.694218118460515, -2.563577552737055, -10.867664570651895
18.691649846699427, -1.6985609530668064, -10.868862175442313
18.68908157493834, -0.8337904153616773, -10.870059780232733
18.686513303177247, 0.030734060378305887, -10.871257385023153
18.683945031416158, 0.8950124741531659, -10.872454989813571
18.681376759655073, 1.7590448259628786, -10.873652594603989
18.67880848789398, 2.6228311158074558, -10.87485019939441
18.67624021613289, 3.4863713436869244, -10.876047804184829
18.673671944371804, 4.3496655096012224, -10.877245408975247
18.671103672610712, 5.212713613550411, -10.878443013765668
18.668535400849624, 6.075515655534465, -10.879640618556087
18.665967129088536, 6.938071635553385, -10.880838223346505
18.663398857327444, 7.800381553607174, -10.882035828136924
18.660830585566355, 8.662445409695797, -10.883233432927344
18.658262313805267, 9.524263203819313, -10.884431037717762
18.65569404204418, 10.385834935977694, -10.885628642508182
18.65312577028309, 11.247160606170945, -10.8868262472986
18.650557498521998, 12.108240214399034, -10.88802385208902
18.64798922676091, 12.969073760662017, -10.88922145687944
18.64542095499982, 13.829661244959865, -10.890419061669858
18.64285268323873, 14.690002667292548, -10.891616666460278
18.632378664338706, 15.54999052928334, -10.892814271250698
18.509399097881573, 16.40002716740967, -10.894011876041116
18.198201473919095, 17.19955465365757, -10.895209480831534
17.659105465371383, 17.866026742489847, -10.896407085621954
16.932204833611184, 18.322853022419512, -10.897604690412374
16.10387683786237, 18.55799985103173, -10.898802295202794
15.243928686985527, 18.624874780910687, -10.899999899993212
15.243928686985527, 18.624874780910677, -10.899999899993212
14.380419216851719, 18.62230650914959, -10.901197504783632
13.517155808683045, 18.619738237388496, -10.90239510957405
12.654138462479505, 18.617169965627408, -10.90359271436447
11.7913671782411, 18.61460169386632, -10.904790319154888
10.928841955967828, 18.61203342210523, -10.905987923945307
10.06656279565969, 18.60946515034414, -10.907185528735727
9.204529697316689, 18.60689687858305, -10.908383133526147
8.34274266093882, 18.60432860682196, -10.909580738316563
7.481201686526087, 18.601760335060867, -10.910778343106985
6.619906774078489, 18.59919206329978, -10.911975947897403
5.758857923596022, 18.596623791538693, -10.913173552687823
4.898055135078689, 18.5940555197776, -10.914371157478241
4.037498408526495, 18.59148724801651, -10.915568762268661
3.1771877439394314, 18.588918976255425, -10.916766367059079
2.3171231413175035, 18.586350704494333, -10.917963971849499
1.4573046006607107, 18.583782432733244, -10.919161576639919
0.5977321219690515, 18.581214160972152, -10.920359181430337
-0.2615942947574748, 18.578645889211067, -10.921556786220759
-1.1206746495188669, 18.576077617449975, -10.922754391011175
-1.9795089423151198, 18.573509345688883, -10.923951995801595
-2.8380971731462448, 18.5709410739278, -10.925149600592015
-3.6964393420122326, 18.56837280216671, -10.926347205382433
-4.554535448913086, 18.565804530405618, -10.927544810172853
-5.412385493848808, 18.56323625864453, -10.928742414963272
-6.26998947681939, 18.56066798688344, -10.92994001975369
-7.12734739782484, 18.558099715122353, -10.93113762454411
-7.984459256865155, 18.55553144336126, -10.932335229334528
-8.841325053940341, 18.552963171600172, -10.933532834124948
-9.697944789050387, 18.550394899839084, -10.934730438915366
-10.554318462195301, 18.547826628077992, -10.935928043705786
-11.41044607337508, 18.545258356316904, -10.937125648496206
-12.266327622589724, 18.542690084555815, -10.938323253286626
-13.121963109839237, 18.540121812794723, -10.939520858077042
-13.977352535123611, 18.53755354103363, -10.940718462867462
-14.832495898442856, 18.534985269272543, -10.941916067657882
-15.686490552345738, 18.505345412880914, -10.9431136724483
-16.522934684962298, 18.336166757283518, -10.944311277238722
-17.29142899644741, 17.96710178394951, -10.94550888202914
-17.90258383849155, 17.373123286616394, -10.94670648681956
-18.296444496201893, 16.615281696795044, -10.947904091609978
-18.48257174073292, 15.779251068266543, -10.949101696400398
-18.51700736694493, 14.922087040997479, -10.950299301190814
-18.514439095183842, 14.063775629877131, -10.951496905981234
-18.51187082342275, 13.205710280721918, -10.952694510771652
-18.509302551661662, 12.347890993531841, -10.953892115562072
-18.506734279900574, 11.4903177683069, -10.955089720352492
-18.50416600813948, 10.632990605047091, -10.95628732514291
-18.501597736378393, 9.775909503752409, -10.95748492993333
-18.499029464617305, 8.919074464422877, -10.95868253472375
-18.496461192856216, 8.062485487058469, -10.95988013951417
-18.493892921095124, 7.2061425716591945, -10.961077744304585
-18.491324649334036, 6.350045718225058, -10.962275349095005
-18.488756377572948, 5.49419492675605, -10.963472953885425
-18.48618810581186, 4.638590197252186, -10.964670558675845
-18.483619834050767, 3.783231529713447, -10.965868163466263
-18.48105156228968, 2.928118924139846, -10.967065768256683
-18.47848329052859, 2.073252380531387, -10.968263373047103
-18.475915018767502, 1.2186318988880482, -10.969460977837521
-18.473346747006413, 0.3642574792098514, -10.97065858262794
-18.47077847524532, -0.4898708785032104, -10.97185618741836
-18.468210203484233, -1.343753174251142, -10.973053792208779
-18.465641931723145, -2.1973894080339296, -10.974251396999197
-18.463073659962056, -3.050779579851593, -10.975449001789617
-18.460505388200964, -3.9039236897041167, -10.976646606580037
-18.457937116439872, -4.756821737591514, -10.977844211370455
-18.455368844678787, -5.609473723513773, -10.979041816160874
-18.4528005729177, -6.461879647470889, -10.980239420951294
-18.450232301156607, -7.31403950946288, -10.981437025741712
-18.44766402939552, -8.165953309489732, -10.98263463053213
-18.44509575763443, -9.017621047551458, -10.98383223532255
-18.44252748587334, -9.869042723648043, -10.98502984011297
-18.43995921411225, -10.720218337779492, -10.986227444903388
-18.43739094235116, -11.57114788994581, -10.987425049693808
-18.434822670590073, -12.421831380146994, -10.988622654484228
-18.43225439882898, -13.272268808383044, -10.989820259274648
-18.429686127067892, -14.122460174653964, -10.991017864065064
-18.427117855306804, -14.97240547895974, -10.992215468855484
-18.36734459495707, -15.819208033356126, -10.993413073645906
-18.14831065356811, -16.638382027642585, -10.994610678436324
-17.71987008123213, -17.36913721657941, -10.995808283226744
-17.07729485661342, -17.921522538301733, -10.997005888017163
-16.295616508839196, -18.254160329436942, -10.998203492807583
-15.455688973128694, -18.394061545006096, -10.999401097598001
-14.602829045643793, -18.40913995297963, -11.00059870238842
-13.749715693536904, -18.406571681218537, -11.00179630717884
-12.89684840339515, -18.40400340945745, -11.00299391196926
-12.04422717521854, -18.401435137696353, -11.004191516759679
-11.191852009007055, -18.39886686593527, -11.005389121550097
-10.339722904760706, -18.396298594174176, -11.006586726340517
-9.487839862479497, -18.393730322413088, -11.007784331130935
-8.636202882163424, -18.391162050652, -11.008981935921355
-7.784811963812478, -18.388593778890908, -11.010179540711775
-6.933667107426666, -18.386025507129823, -11.011377145502193
-6.082768313005994, -18.38345723536873, -11.012574750292613
-5.232115580550452, -18.38088896360764, -11.01377235508303
-4.381708910060035, -18.378320691846554, -11.01496995987345
-3.5315483015347806, -18.375752420085462, -11.01616756466387
-2.68163375497464, -18.373184148324373, -11.01736516945429
-1.8319652703796248, -18.370615876563285, -11.018562774244709
-0.982542847749757, -18.368047604802193, -11.019760379035127
-0.13336648708502558, -18.365479333041105, -11.020957983825546
0.7155638116145815, -18.362911061280016, -11.022155588615966
1.564248048349051, -18.360342789518924, -11.023353193406384
2.4126862231183788, -18.35777451775784, -11.024550798196804
3.2608783359225777, -18.355206245996747, -11.025748402987222
4.108824386761643, -18.35263797423566, -11.026946007777642
4.956524375635568, -18.35006970247457, -11.028143612568062
5.803978302544358, -18.34750143071348, -11.02934121735848
6.651186167488021, -18.34493315895239, -11.0305388221489
7.4981479704665475, -18.3423648871913, -11.031736426939318
8.344863711479938, -18.33979661543021, -11.032934031729738
9.191333390528209, -18.33722834366912, -11.034131636520158
10.037557007611337, -18.33466007190803, -11.035329241310578
10.88353456272931, -18.33209180014694, -11.036526846100996
11.72926605588218, -18.329523528385852, -11.037724450891414
12.574751487069895, -18.326955256624764, -11.038922055681834
13.419990856292467, -18.324386984863672, -11.040119660472254
14.264984163549933, -18.321818713102584, -11.041317265262672
15.109668029597449, -18.314589345070985, -11.042514870053092
15.94748108699725, -18.217407733978995, -11.04371247484351
16.744906761100918, -17.945227695824226, -11.04491007963393
17.432557750482, -17.459240735219197, -11.04610768442435
17.923303846332775, -16.77388980805045, -11.04730528921477
18.198775571563896, -15.975059962449883, -11.048502894005187
18.29809227138366, -15.13423789023311, -11.049700498795607
18.301272539013855, -14.286154700924408, -11.050898103586025
18.298704267252766, -13.438239407830986, -11.052095708376445
18.296135995491674, -12.590570176702702, -11.053293313166865
18.29356772373059, -11.743147007539541, -11.054490917957285
18.290999451969498, -10.89596990034152, -11.055688522747701
18.28843118020841, -10.049038855108641, -11.056886127538121
18.28586290844732, -9.202353871840886, -11.05808373232854
18.28329463668623, -8.355914950538285, -11.05928133711896
18.28072636492514, -7.509722091200805, -11.060478941909379
18.278158093164052, -6.663775293828447, -11.061676546699797
18.275589821402964, -5.818074558421237, -11.062874151490217
18.27302154964187, -4.972619884979157, -11.064071756280637
18.270453277880783, -4.127411273502215, -11.065269361071055
18.267885006119695, -3.28244872399039, -11.066466965861474
18.265316734358606, -2.4377322364437135, -11.067664570651893
18.262748462597518, -1.5932618108621823, -11.068862175442312
18.260180190836426, -0.7490374472457739, -11.070059780232732
18.257611919075337, 0.09494085440549767, -11.07125738502315
18.25504364731425, 0.9386730940916368, -11.07245498981357
18.25247537555316, 1.782159271812651, -11.07365259460399
18.24990710379207, 2.625399387568518, -11.074850199394408
18.24733883203098, 3.4683934413592534, -11.076047804184828
18.244770560269888, 4.31114143318485, -11.077245408975248
18.2422022885088, 5.153643363045328, -11.078443013765668
18.23963401674771, 5.995899230940633, -11.079640618556086
18.237065744986623, 6.837909036870832, -11.080838223346506
18.234497473225534, 7.679672780835908, -11.082035828136924
18.231929201464446, 8.521190462835817, -11.083233432927344
18.229360929703354, 9.362462082870623, -11.084431037717762
18.226792657942266, 10.203487640940303, -11.085628642508182
18.224224386181174, 11.04426713704482, -11.0868262472986
18.221656114420085, 11.884800571184227, -11.088023852089018
18.219087842658997, 12.72508794335848, -11.089221456879438
18.21651957089791, 13.565129253567592, -11.090419061669857
18.21395129913682, 14.404924501811585, -11.091616666460276
18.19465346735969, 15.244012604383704, -11.092814271250695
18.054508749031676, 16.070441472323004, -11.094011876041115
17.72664574551961, 16.840895814856232, -11.095209480831535
17.184560526587937, 17.47854966699026, -11.096407085621953
16.465029938109286, 17.908905959622885, -11.097604690412373
15.654655572588839, 18.132139469865493, -11.098802295202791
14.815027302883621, 18.195973396808768, -11.099999899993211
14.815027302883621, 18.19597339680876, -11.099999899993211
13.972064006838528, 18.19340512504767, -11.101197504783629
13.129346772758566, 18.190836853286584, -11.102395109574049
12.28687560064374, 18.18826858152549, -11.103592714364467
11.44465049049405, 18.185700309764403, -11.104790319154889
10.602671442309495, 18.18313203800331, -11.105987923945307
9.76093845609007, 18.180563766242226, -11.107185528735727
8.919451531835781, 18.177995494481134, -11.108383133526145
8.078210669546628, 18.175427222720042, -11.109580738316563
7.2372158692226085, 18.172858950958954, -11.110778343106983
6.396467130863722, 18.170290679197866, -11.1119759478974
5.5559644544699704, 18.167722407436774, -11.113173552687822
4.715707840041352, 18.165154135675685, -11.114371157478242
3.8756972875778706, 18.162585863914593, -11.11556876226866
3.0359327970795214, 18.160017592153505, -11.11676636705908
2.196414368546308, 18.157449320392416, -11.117963971849498
1.3571420019782292, 18.154881048631328, -11.119161576639918
0.5181156973752827, 18.15231277687024, -11.120359181430336
-0.3206645452625275, 18.149744505109147, -11.121556786220758
-1.1591987259352052, 18.14717623334806, -11.122754391011176
-1.997486844642747, 18.144607961586967, -11.123951995801594
-2.8355289013851546, 18.142039689825882, -11.125149600592014
-3.673324896162431, 18.13947141806479, -11.126347205382432
-4.51087482897457, 18.136903146303702, -11.127544810172852
-5.3481786998215775, 18.134334874542613, -11.12874241496327
-6.185236508703448, 18.131766602781525, -11.12994001975369
-7.022048255620184, 18.129198331020433, -11.13113762454411
-7.858613940571786, 18.126630059259345, -11.132335229334528
-8.694933563558257, 18.124061787498256, -11.133532834124948
-9.53100712457959, 18.121493515737164, -11.134730438915366
-10.36683462363579, 18.11892524397608, -11.135928043705785
-11.202416060726849, 18.116356972214987, -11.137125648496204
-12.037751435852785, 18.1137887004539, -11.138323253286625
-12.872840749013584, 18.111220428692803, -11.139520858077042
-13.707684000209243, 18.108652156931715, -11.140718462867463
-14.542281189439775, 18.106083885170627, -11.141916067657881
-15.375106177662603, 18.064728537706564, -11.143113672448301
-16.18697756738754, 17.877667552679014, -11.14431127723872
-16.924693434342704, 17.492735170159893, -11.145508882029139
-17.507467955294587, 16.89893378563394, -11.14670648681956
-17.87966685322276, 16.152557825350087, -11.147904091609977
-18.055757866424557, 15.335087077842864, -11.149101696400397
-18.088105982843015, 14.498322200417737, -11.150299301190813
-18.085537711081926, 13.660556963386103, -11.151496905981233
-18.082969439320834, 12.823037788319603, -11.152694510771651
-18.080401167559746, 11.985764675218238, -11.153892115562071
-18.077832895798657, 11.148737624082013, -11.15508972035249
-18.07526462403757, 10.311956634910917, -11.156287325142909
-18.072696352276477, 9.47542170770495, -11.157484929933329
-18.07012808051539, 8.639132842464127, -11.158682534723749
-18.067559808754304, 7.803090039188433, -11.159880139514168
-18.06499153699321, 6.967293297877873, -11.161077744304585
-18.062423265232123, 6.131742618532448, -11.162275349095005
-18.059854993471035, 5.296438001152157, -11.163472953885424
-18.057286721709943, 4.461379445737001, -11.164670558675844
-18.05471844994885, 3.626566952286982, -11.165868163466262
-18.052150178187766, 2.7920005208020884, -11.167065768256682
-18.049581906426674, 1.957680151282338, -11.168263373047102
-18.047013634665586, 1.1236058437277154, -11.16946097783752
-18.044445362904497, 0.2897775981382329, -11.17065858262794
-18.04187709114341, -0.5438045854861154, -11.17185618741836
-18.039308819382317, -1.3771407071453319, -11.173053792208778
-18.03674054762123, -2.2102307668394054, -11.174251396999196
-18.03417227586014, -3.0430747645683582, -11.175449001789616
-18.03160400409905, -3.8756727003321676, -11.176646606580036
-18.02903573233796, -4.7080245741308495, -11.177844211370454
-18.02646746057687, -5.540130385964396, -11.179041816160872
-18.023899188815783, -6.371990135832798, -11.180239420951294
-18.02133091705469, -7.203603823736077, -11.181437025741712
-18.018762645293602, -8.03497144967422, -11.182634630532132
-18.016194373532514, -8.866093013647228, -11.183832235322551
-18.013626101771425, -9.696968515655097, -11.18502984011297
-18.011057830010333, -10.527597955697832, -11.186227444903388
-18.008489558249245, -11.357981333775443, -11.187425049693807
-18.005921286488157, -12.188118649887915, -11.188622654484227
-18.003353014727068, -13.01800990403524, -11.189820259274647
-18.000784742965976, -13.847655096217444, -11.191017864065063
-17.996564674641235, -14.677031766134906, -11.192215468855485
-17.920768368866714, -15.501890351741892, -11.193413073645907
-17.68459010650667, -16.295080324019246, -11.194610678436323
-17.244181045522353, -16.994755558321394, -11.195808283226743
-16.604529793598132, -17.519349147160632, -11.197005888017163
-15.837198682697267, -17.834124976357394, -11.198203492807583
-15.016551823318807, -17.966035042492326, -11.199401097598
-14.184200748586193, -17.980238568877716, -11.20059870238842
-13.351633570568012, -17.977670297116628, -11.201796307178839
-12.519312454514978, -17.97510202535554, -11.202993911969259
-11.687237400427072, -17.972533753594448, -11.204191516759678
-10.855408408304303, -17.969965481833356, -11.205389121550098
-10.023825478146668, -17.96739721007227, -11.206586726340515
-9.192488609954168, -17.96482893831118, -11.207784331130934
-8.361397803726812, -17.962260666550087, -11.208981935921354
-7.530553059464589, -17.959692394789002, -11.210179540711774
-6.699954377167491, -17.95712412302791, -11.211377145502194
-5.869601756835534, -17.95455585126682, -11.212574750292612
-5.0394951984687015, -17.951987579505733, -11.21377235508303
-4.2096347020669995, -17.94941930774464, -11.21496995987345
-3.3800202676304467, -17.946851035983556, -11.21616756466387
-2.550651895159022, -17.944282764222464, -11.21736516945429
-1.7215295846527332, -17.941714492461376, -11.218562774244706
-0.892653336111584, -17.939146220700287, -11.219760379035126
-0.0640231495355657, -17.9365779489392, -11.220957983825546
0.7643609750753195, -17.934009677178107, -11.222155588615966
1.5924990377210737, -17.93144140541702, -11.223353193406385
2.4203910384016964, -17.928873133655927, -11.224550798196804
3.2480369771171835, -17.92630486189484, -11.225748402987222
4.075436853867535, -17.92373659013375, -11.226946007777642
4.902590668652746, -17.92116831837266, -11.228143612568061
5.7294984214728295, -17.918600046611573, -11.229341217358481
6.556160112327769, -17.91603177485048, -11.2305388221489
7.382575741217574, -17.913463503089396, -11.231736426939317
8.208745308142255, -17.910895231328304, -11.232934031729737
9.034668813101812, -17.908326959567216, -11.234131636520157
9.860346256096229, -17.90575868780612, -11.235329241310575
10.685777637125504, -17.90319041604503, -11.236526846100995
11.51096295618964, -17.900622144283943, -11.237724450891415
12.33590221328865, -17.898053872522855, -11.238922055681833
13.160595408422507, -17.895485600761766, -11.240119660472253
13.985042541591252, -17.892917329000674, -11.241317265262673
14.80909511143193, -17.88152760638272, -11.24251487005309
15.623909304873902, -17.76524578361773, -11.24371247484351
16.39435655844658, -17.477776456995763, -11.244910079633929
17.04980920156578, -16.982168667745306, -11.246107684424349
17.514811208850816, -16.30350838671157, -11.247305289214767
17.775412417523746, -15.521080101686376, -11.248502894005187
17.86933054973443, -14.700201861668816, -11.249700498795605
17.87237115491195, -13.872662947388987, -11.250898103586024
17.86980288315086, -13.045293828384278, -11.252095708376443
17.86723461138977, -12.218170771344713, -11.253293313166864
17.86466633962868, -11.391293776270281, -11.254490917957282
17.862098067867592, -10.564662843160963, -11.2556885227477
17.8595297961065, -9.738277972016803, -11.25688612753812
17.85696152434541, -8.912139162837752, -11.25808373232854
17.854393252584323, -8.086246415623865, -11.25928133711896
17.851824980823235, -7.260599730375107, -11.260478941909376
17.849256709062146, -6.4351991070914645, -11.261676546699798
17.846688437301054, -5.61004454577297, -11.262874151490218
17.844120165539966, -4.785136046419608, -11.264071756280636
17.841551893778878, -3.96047360903136, -11.265269361071056
17.838983622017786, -3.1360572336082706, -11.266466965861474
17.836415350256697, -2.311886920150314, -11.267664570651894
17.83384707849561, -1.4879626686574692, -11.268862175442312
17.83127880673452, -0.6642844791297792, -11.270059780232732
17.82871053497343, 0.1591476484327875, -11.271257385023151
17.82614226321234, 0.9823337140302035, -11.27245498981357
17.82357399145125, 1.8052737176624887, -11.27365259460399
17.821005719690163, 2.6279676593296637, -11.274850199394407
17.818437447929075, 3.450415539031678, -11.276047804184827
17.815869176167986, 4.272617356768581, -11.277245408975245
17.813300904406894, 5.09457311254033, -11.278443013765665
17.810732632645806, 5.91628280634694, -11.279640618556083
17.808164360884717, 6.737746438188427, -11.280838223346503
17.80559608912363, 7.558964008064768, -11.282035828136923
17.803027817362537, 8.379935515975983, -11.283233432927341
17.80045954560145, 9.200660961922068, -11.284431037717763
17.797891273840357, 10.021140345903007, -11.285628642508179
17.79532300207927, 10.841373667918807, -11.2868262472986
17.792754730318183, 11.661360927969502, -11.288023852089019
17.79018645855709, 12.481102126055035, -11.289221456879439
17.787618186796003, 13.30059726217546, -11.290419061669859
17.785049915034914, 14.119846336330726, -11.291616666460277
17.755306348891857, 14.937943383345349, -11.292814271250695
17.59615710410349, 15.739955076848297, -11.294011876041115
17.25497957268042, 16.482176317015693, -11.295209480831534
16.70834676377721, 17.089046311381978, -11.296407085621953
15.997844899521832, 17.494935847334446, -11.297604690412372
15.205434307315318, 17.70627908869925, -11.298802295202792
14.386125918781708, 17.767072012706855, -11.29999989999321
14.386125918781715, 17.767072012706844, -11.29999989999321
13.563708796825335, 17.764503740945752, -11.30119750478363
12.74153773683409, 17.761935469184664, -11.302395109574048
11.919612738807977, 17.759367197423575, -11.303592714364466
11.097933802746999, 17.756798925662487, -11.304790319154888
10.276500928651153, 17.7542306539014, -11.305987923945306
9.455314116520448, 17.751662382140307, -11.307185528735724
8.63437336635487, 17.749094110379215, -11.308383133526144
7.81367867815443, 17.746525838618126, -11.309580738316564
6.993230051919124, 17.743957566857038, -11.310778343106984
6.173027487648952, 17.741389295095946, -11.3119759478974
5.353070985343915, 17.738821023334857, -11.313173552687822
4.533360545004011, 17.736252751573765, -11.31437115747824
3.713896166629242, 17.73368447981268, -11.31556876226866
2.8946778502196073, 17.731116208051592, -11.316766367059078
2.0757055957751076, 17.7285479362905, -11.317963971849498
1.2569794032957415, 17.72597966452941, -11.319161576639917
0.43849927278151, 17.723411392768323, -11.320359181430335
-0.37973479576758745, 17.720843121007235, -11.321556786220755
-1.1977228023515503, 17.718274849246143, -11.322754391011173
-2.0154647469703804, 17.715706577485054, -11.323951995801593
-2.8329606296240732, 17.713138305723966, -11.325149600592013
-3.6502104503126347, 17.710570033962874, -11.326347205382431
-4.46721420903606, 17.708001762201786, -11.327544810172851
-5.283971905794352, 17.705433490440697, -11.328742414963271
-6.100483540587508, 17.70286521867961, -11.329940019753689
-6.916749113415532, 17.70029694691852, -11.331137624544107
-7.732768624278421, 17.69772867515743, -11.332335229334527
-8.548542073176176, 17.69516040339634, -11.333532834124947
-9.364069460108794, 17.69259213163525, -11.334730438915367
-10.179350785076279, 17.690023859874163, -11.335928043705785
-10.99438604807863, 17.68745558811307, -11.337125648496205
-11.80917524911585, 17.684887316351983, -11.338323253286624
-12.623718388187935, 17.68231904459089, -11.33952085807704
-13.438015465294878, 17.679750772829802, -11.34071846286746
-14.252061408971983, 17.676809530622307, -11.34191606765788
-15.063044110297547, 17.618341386724502, -11.343113672448299
-15.849138321749457, 17.413706220345304, -11.344311277238718
-16.557548573259712, 17.017762648460305, -11.345508882029138
-17.11154976792833, 16.42420231734691, -11.346706486819556
-17.46110917198026, 15.68922059220151, -11.347904091609974
-17.628305609392218, 14.890848112268126, -11.349101696400394
-17.659204598741095, 14.074557359837975, -11.350299301190812
-17.656636326980006, 13.257338296895059, -11.351496905981232
-17.654068055218918, 12.440365295917271, -11.35269451077165
-17.65149978345783, 11.623638356904616, -11.35389211556207
-17.64893151169674, 10.807157479857109, -11.35508972035249
-17.646363239935653, 9.990922664774729, -11.356287325142908
-17.64379496817456, 9.174933911657478, -11.357484929933326
-17.641226696413472, 8.359191220505364, -11.358682534723746
-17.638658424652384, 7.543694591318388, -11.359880139514166
-17.636090152891292, 6.728444024096547, -11.361077744304584
-17.633521881130203, 5.913439518839835, -11.362275349095004
-17.630953609369115, 5.098681075548258, -11.363472953885424
-17.628385337608023, 4.284168694221819, -11.364670558675844
-17.625817065846935, 3.4699023748605162, -11.36586816346626
-17.623248794085846, 2.6558821174643414, -11.367065768256682
-17.620680522324758, 1.842107922033301, -11.3682633730471
-17.618112250563666, 1.0285797885673995, -11.36946097783752
-17.615543978802577, 0.21529771706663206, -11.370658582627938
-17.61297570704149, -0.597738292469001, -11.37185618741836
-17.6104074352804, -1.4105282400395067, -11.373053792208776
-17.60783916351931, -2.223072125644867, -11.374251396999195
-17.60527089175822, -3.0353699492850987, -11.375449001789615
-17.60270261999713, -3.8474217109601954, -11.376646606580035
-17.60013434823604, -4.659227410670162, -11.377844211370451
-17.59756607647495, -5.470787048414992, -11.379041816160873
-17.594997804713863, -6.282100624194682, -11.380239420951291
-17.592429532952774, -7.093168138009238, -11.381437025741711
-17.589861261191682, -7.90398958985867, -11.382634630532129
-17.587292989430594, -8.714564979742953, -11.383832235322549
-17.584724717669506, -9.524894307662116, -11.385029840112967
-17.582156445908417, -10.33497757361614, -11.386227444903387
-17.57958817414733, -11.144814777605026, -11.387425049693807
-17.57701990238624, -11.954405919628787, -11.388622654484227
-17.57445163062515, -12.763750999687396, -11.389820259274643
-17.57188335886406, -13.572850017780882, -11.391017864065063
-17.5640583424032, -14.381631495336443, -11.392215468855486
-17.470488620989208, -15.183887445739966, -11.393413073645904
-17.217313681543306, -15.950213832159292, -11.394610678436322
-16.766951301384346, -16.619104988014644, -11.395808283226742
-16.131764730582887, -17.117175756019495, -11.397005888017162
-15.378735280749886, -17.41391448029031, -11.398203492807582
-14.577414673508972, -17.538008539978552, -11.399401097598
-13.76557245152864, -17.55133718477581, -11.400598702388418
-12.953551447599182, -17.54876891301472, -11.401796307178838
-12.141776505634866, -17.54620064125363, -11.402993911969258
-11.330247625635675, -17.54363236949254, -11.404191516759678
-10.518964807601616, -17.54106409773145, -11.405389121550096
-9.707928051532697, -17.538495825970358, -11.406586726340516
-8.897137357428905, -17.535927554209273, -11.407784331130934
-8.086592725290261, -17.53335928244818, -11.408981935921354
-7.2762941551167515, -17.530791010687093, -11.410179540711773
-6.466241646908367, -17.528222738926004, -11.411377145502192
-5.656435200665125, -17.525654467164912, -11.412574750292611
-4.846874816387009, -17.523086195403828, -11.41377235508303
-4.037560494074029, -17.520517923642736, -11.41496995987345
-3.2284922337261848, -17.517949651881644, -11.41616756466387
-2.4196700353434752, -17.51538138012056, -11.417365169454287
-1.6110938989259047, -17.512813108359467, -11.418562774244707
-0.8027638244734611, -17.51024483659838, -11.419760379035125
0.005320188013836895, -17.50767656483729, -11.420957983825545
0.8131581385360134, -17.5051082930762, -11.422155588615965
1.6207500270930522, -17.50254002131511, -11.423353193406385
2.428095853684957, -17.49997174955402, -11.424550798196803
3.235195618311727, -17.497403477792933, -11.425748402987221
4.042049320973365, -17.494835206031844, -11.42694600777764
4.848656961669862, -17.492266934270752, -11.42814361256806
5.65501854040123, -17.489698662509664, -11.429341217358479
6.461134057167457, -17.487130390748575, -11.430538822148899
7.26700351196856, -17.484562118987483, -11.431736426939317
8.072626904804519, -17.4819938472264, -11.432934031729737
8.878004235675357, -17.479425575465307, -11.434131636520156
9.683135504581044, -17.476857303704215, -11.435329241310576
10.488020711521612, -17.474289031943126, -11.436526846100994
11.292659856497021, -17.471720760182038, -11.437724450891414
12.097052939507321, -17.469152488420946, -11.438922055681832
12.901199960552471, -17.466584216659857, -11.440119660472252
13.705100919632496, -17.46401594489877, -11.441317265262672
14.508246056585316, -17.44356016168555, -11.44251487005309
15.299522598729535, -17.3099521666614, -11.443712474843508
16.041595807846033, -17.006300381439523, -11.444910079633928
16.66580068918001, -16.50383663680197, -11.446107684424346
17.106318571368824, -15.833126965372761, -11.447305289214768
17.352049263483583, -15.067100240922931, -11.448502894005186
17.4405688280852, -14.266165833104605, -11.449700498795606
17.443469770810037, -13.45917119385365, -11.450898103586024
17.440901499048948, -12.652348248937654, -11.452095708376444
17.43833322728786, -11.845771365986788, -11.453293313166862
17.435764955526768, -11.039440545001067, -11.454490917957282
17.43319668376568, -10.233355785980462, -11.455688522747701
17.43062841200459, -9.427517088925033, -11.45688612753812
17.428060140243502, -8.621924453834696, -11.45808373232854
17.425491868482414, -7.816577880709511, -11.459281337118957
17.422923596721322, -7.011477369549451, -11.460478941909376
17.420355324960234, -6.20662292035453, -11.461676546699797
17.417787053199145, -5.402014533124756, -11.462874151490215
17.415218781438053, -4.597652207860107, -11.464071756280635
17.412650509676965, -3.793535944560576, -11.465269361071053
17.410082237915876, -2.989665743226197, -11.466466965861473
17.407513966154788, -2.186041603856964, -11.467664570651893
17.404945694393696, -1.3826635264528484, -11.468862175442313
17.402377422632608, -0.5795315110138579, -11.47005978023273
17.39980915087152, 0.22335444245998842, -11.47125738502315
17.39724087911043, 1.0259943339687099, -11.472454989813569
17.394672607349342, 1.828388163512272, -11.473652594603987
17.39210433558825, 2.6305359310907153, -11.474850199394407
17.389536063827162, 3.4324376367040217, -11.476047804184827
17.386967792066073, 4.2340932803522096, -11.477245408975246
17.38439952030498, 5.035502862035247, -11.478443013765665
17.381831248543893, 5.836666381753137, -11.479640618556083
17.379262976782805, 6.637583839505907, -11.480838223346503
17.376694705021713, 7.438255235293554, -11.482035828136922
17.374126433260628, 8.238680569116054, -11.483233432927342
17.371558161499536, 9.038859840973434, -11.48443103771776
17.368989889738447, 9.838793050865652, -11.48562864250818
17.36642161797736, 10.638480198792752, -11.486826247298598
17.363853346216267, 11.437921284754719, -11.488023852089018
17.36128507445518, 12.23711630875156, -11.489221456879436
17.35871680269409, 13.03606527078324, -11.490419061669856
17.356148530932998, 13.834768170849802, -11.491616666460276
17.31363333762107, 14.631604228563365, -11.492814271250694
17.137702283260424, 15.409441832879626, -11.494011876041114
16.781709123840688, 16.122373109064807, -11.495209480831532
16.230077208788984, 16.697046820333938, -11.496407085621954
15.530659860934382, 17.080965735046007, -11.497604690412372
14.756213042041763, 17.280418707533013, -11.49880229520279
13.9572245346798, 17.338170628604935, -11.49999989999321
13.957224534679803, 17.338170628604928, -11.49999989999321
13.155353586812137, 17.33560235684384, -11.501197504783628
12.353728700909606, 17.33303408508275, -11.50239510957405
11.552349876972208, 17.33046581332166, -11.503592714364467
10.751217114999946, 17.32789754156057, -11.504790319154885
9.95033041499282, 17.325329269799482, -11.505987923945305
9.149689776950826, 17.322760998038394, -11.507185528735725
8.349295200873964, 17.320192726277302, -11.508383133526143
7.549146686762239, 17.31762445451621, -11.509580738316563
6.749244234615648, 17.31505618275512, -11.510778343106981
5.949587844434192, 17.31248791099403, -11.511975947897401
5.15017751621787, 17.309919639232945, -11.513173552687821
4.351013249966681, 17.30735136747185, -11.514371157478239
3.552095045680627, 17.30478309571076, -11.515568762268659
2.7534229033597066, 17.302214823949672, -11.516766367059079
1.9549968230039225, 17.299646552188584, -11.517963971849497
1.1568168046132712, 17.297078280427495, -11.519161576639917
0.3588828481877556, 17.294510008666407, -11.520359181430335
-0.43880504627262895, 17.29194173690532, -11.521556786220755
-1.2362468787678755, 17.289373465144227, -11.522754391011174
-2.0334426492979882, 17.286805193383138, -11.523951995801593
-2.8303923578629684, 17.284236921622046, -11.52514960059201
-3.627096004462812, 17.281668649860958, -11.52634720538243
-4.4235535890975255, 17.27910037809987, -11.52754481017285
-5.2197651117671, 17.27653210633878, -11.528742414963268
-6.015730572471545, 17.273963834577692, -11.52994001975369
-6.811449971210851, 17.2713955628166, -11.531137624544108
-7.606923307985023, 17.268827291055512, -11.532335229334526
-8.402150582794066, 17.266259019294424, -11.533532834124946
-9.197131795637969, 17.26369074753333, -11.534730438915364
-9.991866946516739, 17.261122475772247, -11.535928043705784
-10.786356035430376, 17.258554204011155, -11.537125648496204
-11.58059906237888, 17.255985932250066, -11.538323253286624
-12.374596027362244, 17.253417660488974, -11.53952085807704
-13.168346930380478, 17.250849388727886, -11.54071846286746
-13.961816827124993, 17.245711209626815, -11.541916067657878
-14.75081657791498, 17.171059925340913, -11.543113672448296
-15.510983056244037, 16.948939570482562, -11.544311277238716
-16.18966751885469, 16.54189624348711, -11.545508882029134
-16.71277670742802, 15.94754234369184, -11.546706486819556
-17.042551490737747, 15.225883359052993, -11.547904091609974
-17.20071654767251, 14.446593079604344, -11.549101696400392
-17.230303214639182, 13.650792519258276, -11.55029930119081
-17.227734942878094, 12.854119630404075, -11.551496905981232
-17.225166671117, 12.057692803515007, -11.552694510771648
-17.222598399355913, 11.261512038591066, -11.553892115562068
-17.220030127594825, 10.465577335632268, -11.55508972035249
-17.217461855833733, 9.669888694638601, -11.556287325142907
-17.21489358407264, 8.874446115610072, -11.557484929933326
-17.212325312311556, 8.079249598546676, -11.558682534723744
-17.209757040550468, 7.2842991434484095, -11.559880139514165
-17.207188768789376, 6.48959475031528, -11.561077744304583
-17.204620497028287, 5.695136419147287, -11.562275349095003
-17.2020522252672, 4.900924149944426, -11.563472953885423
-17.199483953506107, 4.106957942706701, -11.564670558675841
-17.19691568174502, 3.3132377974341045, -11.56586816346626
-17.19434740998393, 2.519763714126648, -11.567065768256679
-17.19177913822284, 1.7265356927843252, -11.568263373047099
-17.18921086646175, 0.9335537334071347, -11.569460977837517
-17.18664259470066, 0.14081783599508127, -11.570658582627937
-17.184074322939573, -0.6516719994518385, -11.571856187418357
-17.181506051178484, -1.4439157729336283, -11.573053792208775
-17.178937779417392, -2.2359134844502773, -11.574251396999195
-17.176369507656304, -3.027665134001791, -11.575449001789615
-17.173801235895215, -3.8191707215881765, -11.576646606580033
-17.171232964134127, -4.610430247209425, -11.57784421137045
-17.168664692373035, -5.401443710865539, -11.57904181616087
-17.16609642061195, -6.1922111125565245, -11.58023942095129
-17.163528148850858, -6.9827324522823675, -11.58143702574171
-17.160959877089766, -7.773007730043081, -11.582634630532128
-17.158391605328678, -8.563036945838657, -11.583832235322546
-17.15582333356759, -9.352820099669106, -11.585029840112966
-17.153255061806497, -10.142357191534419, -11.586227444903386
-17.150686790045413, -10.931648221434589, -11.587425049693806
-17.148118518284324, -11.720693189369634, -11.588622654484226
-17.145550246523232, -12.509492095339532, -11.589820259274644
-17.142981974762144, -13.298044939344308, -11.591017864065062
-17.12943286783301, -14.086113062139411, -11.592215468855485
-17.017219024615592, -14.865331358948872, -11.593413073645904
-16.747594804201526, -15.604272522531234, -11.594610678436322
-16.28956715257657, -16.24330001303812, -11.595808283226742
-15.658024863358818, -16.713227498249058, -11.597005888017161
-14.919986535609233, -16.992607440590334, -11.598203492807581
-14.13827752369913, -17.109982037464775, -11.599401097597998
-13.346944154471085, -17.122435800673898, -11.60059870238842
-12.55546932463035, -17.119867528912806, -11.601796307178837
-11.764240556754741, -17.117299257151718, -11.602993911969257
-10.973257850844274, -17.11473098539063, -11.604191516759677
-10.182521206898933, -17.112162713629537, -11.605389121550097
-9.392030624918728, -17.109594441868452, -11.606586726340515
-8.601786104903649, -17.10702617010736, -11.607784331130933
-7.81178764685372, -17.104457898346272, -11.608981935921353
-7.022035250768916, -17.101889626585184, -11.610179540711773
-6.232528916649253, -17.099321354824095, -11.611377145502193
-5.443268644494715, -17.096753083063007, -11.612574750292609
-4.654254434305322, -17.094184811301915, -11.613772355083029
-3.8654862860810555, -17.091616539540826, -11.614969959873449
-3.0769641998219237, -17.089048267779738, -11.616167564663868
-2.288688175527935, -17.086479996018646, -11.617365169454288
-1.500658213199071, -17.083911724257558, -11.618562774244706
-0.7128743128353459, -17.08134345249647, -11.619760379035124
0.0746635255632418, -17.07877518073538, -11.620957983825544
0.8619553019967008, -17.076206908974292, -11.622155588615964
1.6490010164650268, -17.0736386372132, -11.623353193406382
2.4358006689682075, -17.071070365452112, -11.624550798196802
3.222354259506265, -17.068502093691023, -11.62574840298722
4.0086617880791895, -17.065933821929935, -11.62694600777764
4.794723254686978, -17.063365550168847, -11.62814361256806
5.580538659329622, -17.060797278407755, -11.62934121735848
6.366108002007142, -17.058229006646666, -11.630538822148898
7.151431282719523, -17.055660734885578, -11.631736426939316
7.936508501466772, -17.053092463124486, -11.632934031729736
8.721339658248887, -17.050524191363397, -11.634131636520156
9.505924753065866, -17.047955919602305, -11.635329241310576
10.29026378591771, -17.045387647841217, -11.636526846100994
11.07435675680442, -17.042819376080125, -11.637724450891413
11.858203665726005, -17.040251104319037, -11.638922055681833
12.641804512682453, -17.037682832557948, -11.64011966047225
13.42515929767376, -17.03511456079686, -11.64131726526267
14.20729174383256, -17.003722757731943, -11.64251487005309
14.974178664494538, -16.850980023660597, -11.64371247484351
15.68746430822296, -16.53232852603822, -11.644910079633927
16.28177563939732, -16.025488068461705, -11.646107684424347
16.697825933886847, -15.36274554403392, -11.647305289214767
16.928686109443426, -14.613120380159483, -11.648502894005185
17.011807106435974, -13.832129804540378, -11.649700498795605
17.014568386708127, -13.045679440318283, -11.650898103586023
17.01200011494704, -12.259402669491001, -11.652095708376443
17.009431843185947, -11.47337196062886, -11.653293313166863
17.00686357142486, -10.687587313731857, -11.65449091795728
17.00429529966377, -9.902048728799986, -11.655688522747699
17.00172702790268, -9.116756205833237, -11.656886127538119
16.99915875614159, -8.331709744831635, -11.658083732328539
16.9965904843805, -7.546909345795158, -11.659281337118959
16.994022212619413, -6.762355008723824, -11.660478941909378
16.991453940858325, -5.978046733617611, -11.661676546699795
16.988885669097236, -5.193984520476537, -11.662874151490215
16.986317397336144, -4.4101683693006075, -11.664071756280634
16.983749125575056, -3.6265982800898113, -11.665269361071054
16.981180853813967, -2.8432742528441297, -11.666466965861472
16.978612582052875, -2.060196287563608, -11.66766457065189
16.976044310291787, -1.2773643842482183, -11.66886217544231
16.9734760385307, -0.49477854289794837, -11.67005978023273
16.97090776676961, 0.28756123648718485, -11.67125738502315
16.96833949500852, 1.0696549539071856, -11.672454989813568
16.96577122324743, 1.851502609362036, -11.673652594603988
16.96320295148634, 2.6331042028517535, -11.674850199394406
16.960634679725253, 3.4144597343763623, -11.676047804184826
16.95806640796416, 4.195569203935813, -11.677245408975244
16.955498136203072, 4.976432611530127, -11.678443013765664
16.952929864441984, 5.757049957159306, -11.679640618556084
16.950361592680895, 6.537421240823378, -11.680838223346504
16.947793320919807, 7.317546462522293, -11.682035828136922
16.94522504915872, 8.097425622256084, -11.68323343292734
16.942656777397627, 8.877058720024733, -11.68443103771776
16.94008850563654, 9.65644575582827, -11.68562864250818
16.937520233875446, 10.435586729666648, -11.686826247298598
16.934951962114358, 11.21448164153989, -11.688023852089017
16.93238369035327, 11.993130491447998, -11.689221456879437
16.92981541859218, 12.771533279391, -11.690419061669855
16.927001819193137, 13.549686669526862, -11.691616666460275
16.866679577123463, 14.324644873772638, -11.692814271250693
16.67254891239611, 15.076620417150108, -11.694011876041113
16.30377858490321, 15.759421947300426, -11.695209480831533
15.751770606271954, 16.305002346310147, -11.696407085621951
15.063474822346954, 16.666995622757554, -11.69760469041237
14.306991776768237, 16.85455832636677, -11.698802295202789
13.52832315057789, 16.90926924450302, -11.699999899993209
13.528323150577897, 16.909269244503008, -11.699999899993209
12.746998376798944, 16.90670097274192, -11.701197504783627
11.965919664985128, 16.904132700980828, -11.702395109574047
11.185087015136446, 16.90156442921974, -11.703592714364467
10.404500427252898, 16.89899615745865, -11.704790319154887
9.624159901334483, 16.896427885697562, -11.705987923945305
8.844065437381206, 16.89385961393647, -11.707185528735724
8.06421703539306, 16.89129134217538, -11.708383133526144
7.284614695370048, 16.88872307041429, -11.709580738316562
6.505258417312172, 16.8861547986532, -11.710778343106982
5.72614820121943, 16.88358652689211, -11.7119759478974
4.947284047091822, 16.88101825513102, -11.71317355268782
4.168665954929348, 16.878449983369933, -11.714371157478238
3.3902939247320094, 16.875881711608844, -11.715568762268656
2.612167956499804, 16.873313439847752, -11.716766367059076
1.834288050232733, 16.870745168086664, -11.717963971849496
1.0566542059307962, 16.868176896325576, -11.719161576639916
0.2792664235939936, 16.865608624564484, -11.720359181430334
-0.49787529677767456, 16.863040352803395, -11.721556786220754
-1.2747709551842072, 16.860472081042307, -11.722754391011172
-2.0514205516256068, 16.857903809281215, -11.723951995801592
-2.827824086101872, 16.855335537520126, -11.725149600592012
-3.6039815586130017, 16.852767265759038, -11.72634720538243
-4.379892969159, 16.85019899399795, -11.72754481017285
-5.15555831773986, 16.84763072223686, -11.72874241496327
-5.930977604355586, 16.845062450475773, -11.72994001975369
-6.706150829006179, 16.84249417871468, -11.731137624544107
-7.481077991691639, 16.839925906953592, -11.732335229334526
-8.255759092411964, 16.837357635192504, -11.733532834124945
-9.030194131167157, 16.834789363431412, -11.734730438915365
-9.80438310795721, 16.832221091670323, -11.735928043705783
-10.578326022782132, 16.829652819909235, -11.737125648496203
-11.352022875641921, 16.827084548148147, -11.738323253286623
-12.125473666536573, 16.824516276387058, -11.739520858077043
-12.898678395466094, 16.821948004625963, -11.74071846286746
-13.67153561716247, 16.812768435707376, -11.741916067657879
-14.437833721093323, 16.719696063262067, -11.743113672448297
-15.171638229728316, 16.481469721803073, -11.744311277238717
-15.818953540883083, 16.062590112947277, -11.745508882029137
-16.31327611558295, 15.470390912785257, -11.746706486819557
-16.623993809495232, 14.76254612590444, -11.747904091609975
-16.77312748595279, 14.002338046940528, -11.749101696400393
-16.801401830537262, 13.227027678678535, -11.750299301190813
-16.798833558776174, 12.45090096391305, -11.75149690598123
-16.796265287015082, 11.675020311112693, -11.752694510771649
-16.793697015253997, 10.899385720277472, -11.75389211556207
-16.791128743492905, 10.123997191407385, -11.75508972035249
-16.788560471731817, 9.348854724502434, -11.756287325142907
-16.785992199970725, 8.573958319562617, -11.757484929933325
-16.783423928209636, 7.7993079765879365, -11.758682534723745
-16.78085565644855, 7.0249036955783914, -11.759880139514165
-16.77828738468746, 6.250745476533979, -11.761077744304583
-16.775719112926367, 5.476833319454699, -11.762275349095002
-16.773150841165283, 4.7031672243405485, -11.763472953885424
-16.77058256940419, 3.9297471911915407, -11.764670558675842
-16.768014297643102, 3.156573220007661, -11.76586816346626
-16.765446025882014, 2.383645310788918, -11.76706576825668
-16.76287775412092, 1.61096346353531, -11.768263373047098
-16.760309482359833, 0.8385276782468318, -11.769460977837518
-16.757741210598745, 0.06633795492349336, -11.770658582627938
-16.755172938837656, -0.7056057064347128, -11.771856187418358
-16.752604667076568, -1.477303305827784, -11.773053792208774
-16.750036395315476, -2.248754843255721, -11.774251396999194
-16.747468123554388, -3.0199603187185247, -11.775449001789614
-16.7448998517933, -3.7909197322161945, -11.776646606580034
-16.742331580032207, -4.561633083748722, -11.777844211370452
-16.73976330827112, -5.332100373316124, -11.779041816160872
-16.73719503651003, -6.102321600918391, -11.780239420951292
-16.73462676474894, -6.872296766555523, -11.78143702574171
-16.73205849298785, -7.642025870227515, -11.782634630532128
-16.72949022122676, -8.411508911934384, -11.78383223532255
-16.726921949465673, -9.18074589167611, -11.785029840112967
-16.72435367770458, -9.949736809452704, -11.786227444903385
-16.721785405943493, -10.718481665264163, -11.787425049693805
-16.719217134182404, -11.486980459110491, -11.788622654484225
-16.716648862421316, -12.255233190991678, -11.789820259274645
-16.714080590660224, -13.023239860907738, -11.791017864065063
-16.69088427824293, -13.790373801204446, -11.792215468855485
-16.561033940325373, -14.546016602272612, -11.793413073645905
-16.275805638038474, -15.257194154927566, -11.794610678436321
-15.809811431679208, -15.865123465971996, -11.79580828322674
-15.183145509506456, -16.307204529708173, -11.79700588801716
-14.460990979513477, -16.570351932562517, -11.79820349280758
-13.699140373889309, -16.681955534951, -11.799401097597999
-12.928315857413551, -16.693534416571993, -11.800598702388418
-12.157387201661528, -16.6909661448109, -11.801796307178837
-11.386704607874634, -16.68839787304981, -11.802993911969256
-10.616268076052881, -16.68582960128872, -11.804191516759676
-9.846077606196248, -16.683261329527628, -11.805389121550094
-9.076133198304763, -16.68069305776654, -11.806586726340512
-8.306434852378407, -16.67812478600545, -11.807784331130932
-7.536982568417182, -16.675556514244363, -11.808981935921352
-6.767776346421092, -16.67298824248327, -11.810179540711772
-5.998816186390151, -16.670419970722183, -11.81137714550219
-5.230102088324321, -16.667851698961094, -11.81257475029261
-4.461634052223641, -16.665283427200002, -11.813772355083028
-3.69341207808809, -16.662715155438917, -11.814969959873448
-2.9254361659176764, -16.660146883677825, -11.816167564663868
-2.157706315712404, -16.657578611916737, -11.817365169454286
-1.3902225274722597, -16.65501034015565, -11.818562774244706
-0.6229848011972525, -16.652442068394556, -11.819760379035124
0.14400686311262648, -16.649873796633468, -11.820957983825544
0.9107524654573681, -16.64730552487238, -11.822155588615963
1.6772520058369795, -16.64473725311129, -11.823353193406383
2.44350548425145, -16.642168981350203, -11.8245507981968
3.209512900700793, -16.63960070958911, -11.82574840298722
3.9752742551850124, -16.637032437828022, -11.82694600777764
4.740789547704076, -16.634464166066934, -11.82814361256806
5.50605877825801, -16.631895894305842, -11.829341217358479
6.271081946846824, -16.629327622544753, -11.830538822148897
7.035859053470488, -16.626759350783665, -11.831736426939315
7.800390098129013, -16.624191079022577, -11.832934031729735
8.564675080822415, -16.621622807261485, -11.834131636520155
9.328714001550681, -16.619054535500393, -11.835329241310575
10.092506860313808, -16.616486263739304, -11.836526846100993
10.856053657111808, -16.613917991978212, -11.837724450891411
11.619354391944675, -16.611349720217127, -11.83892205568183
12.382409064812403, -16.608781448456035, -11.84011966047225
13.145217675714992, -16.606213176694947, -11.841317265262669
13.905840477027137, -16.559653993423012, -11.842514870053089
14.648502564410695, -16.39080879500525, -11.843712474843507
15.333131178273693, -16.057989553903003, -11.844910079633928
15.896495914260292, -15.546106162051064, -11.846107684424346
16.28747319075589, -14.891545570562966, -11.847305289214765
16.505322955403255, -14.159140519396054, -11.848502894005184
16.583045384786743, -13.398093775976186, -11.849700498795602
16.58566700260622, -12.632187686782954, -11.850898103586022
16.58309873084513, -11.866457090044381, -11.852095708376442
16.580530459084038, -11.100972555270952, -11.85329331316686
16.57796218732295, -10.335734082462668, -11.85449091795728
16.57539391556186, -9.570741671619498, -11.8556885227477
16.57282564380077, -8.805995322741456, -11.856886127538118
16.570257372039684, -8.041495035828582, -11.858083732328538
16.567689100278592, -7.277240810880823, -11.859281337118956
16.565120828517504, -6.513232647898188, -11.860478941909378
16.562552556756415, -5.749470546880707, -11.861676546699796
16.559984284995323, -4.985954507828349, -11.862874151490214
16.557416013234235, -4.222684530741122, -11.864071756280634
16.554847741473147, -3.459660615619053, -11.865269361071052
16.552279469712058, -2.696882762462091, -11.866466965861472
16.54971119795097, -1.9343509712702787, -11.867664570651892
16.547142926189878, -1.1720652420436115, -11.86886217544231
16.54457465442879, -0.4100255747820487, -11.870059780232728
16.5420063826677, 0.35176803051436867, -11.87125738502315
16.539438110906612, 1.1133155738456404, -11.872454989813567
16.53686983914552, 1.874617055211799, -11.873652594603987
16.534301567384432, 2.635672474612811, -11.874850199394405
16.531733295623344, 3.396481832048694, -11.876047804184825
16.52916502386225, 4.157045127519439, -11.877245408975245
16.526596752101163, 4.91736236102506, -11.878443013765663
16.524028480340075, 5.677433532565521, -11.879640618556083
16.521460208578986, 6.43725864214086, -11.880838223346501
16.518891936817898, 7.196837689751081, -11.882035828136921
16.516323665056806, 7.956170675396143, -11.88323343292734
16.513755393295718, 8.715257599076079, -11.884431037717759
16.51118712153463, 9.474098460790897, -11.885628642508177
16.50861884977354, 10.23269326054055, -11.886826247298599
16.50605057801245, 10.991041998325098, -11.888023852089017
16.50348230625136, 11.749144674144498, -11.889221456879437
16.500914034490272, 12.507001287998747, -11.890419061669855
16.49434306854594, 13.2645574132638, -11.891616666460273
16.419532175407493, 14.017662776700444, -11.892814271250694
16.206345380119824, 14.743437139090995, -11.894011876041112
15.825734654030478, 15.39639418775199, -11.89520948083153
15.273464003754942, 15.91295787228634, -11.89640708562195
14.596289783759543, 16.253025510469104, -11.89760469041237
13.857770511494731, 16.42869794520053, -11.89880229520279
13.099421766475981, 16.480367860401103, -11.899999899993208
13.099421766475984, 16.48036786040109, -11.899999899993208
12.338643166785747, 16.477799588639996, -11.901197504783628
11.578110629060648, 16.47523131687891, -11.902395109574046
10.817824153300679, 16.47266304511782, -11.903592714364466
10.057783739505846, 16.47009477335673, -11.904790319154884
9.297989387676148, 16.467526501595643, -11.905987923945304
8.538441097811582, 16.464958229834554, -11.907185528735724
7.779138869912152, 16.46238995807346, -11.908383133526142
7.020082703977855, 16.45982168631237, -11.90958073831656
6.261272600008695, 16.457253414551282, -11.910778343106982
5.502708558004667, 16.45468514279019, -11.9119759478974
4.744390577965773, 16.4521168710291, -11.91317355268782
3.9863186598920146, 16.449548599268013, -11.914371157478238
3.2284928037833915, 16.44698032750692, -11.915568762268656
2.4709130096399003, 16.444412055745836, -11.916766367059077
1.7135792774615453, 16.441843783984744, -11.917963971849494
0.9564916072483228, 16.439275512223656, -11.919161576639915
0.19964999900023644, 16.436707240462567, -11.920359181430335
-0.5569455472827158, 16.43413896870148, -11.921556786220753
-1.3132950316005367, 16.43157069694039, -11.922754391011171
-2.0693984539532204, 16.4290024251793, -11.923951995801591
-2.8252558143407693, 16.42643415341821, -11.925149600592011
-3.5808671127631873, 16.423865881657118, -11.926347205382429
-4.336232349220468, 16.42129760989603, -11.927544810172849
-5.091351523712614, 16.41872933813494, -11.928742414963267
-5.846224636239627, 16.416161066373853, -11.929940019753687
-6.600851686801504, 16.413592794612764, -11.931137624544107
-7.355232675398247, 16.411024522851672, -11.932335229334525
-8.10936760202986, 16.408456251090584, -11.933532834124943
-8.863256466696335, 16.405887979329496, -11.934730438915363
-9.616899269397674, 16.403319707568407, -11.935928043705784
-10.370296010133883, 16.400751435807315, -11.9371256484962
-11.123446688904957, 16.398183164046227, -11.938323253286622
-11.876351305710894, 16.39561489228514, -11.939520858077042
-12.629009860551697, 16.393046620524046, -11.940718462867459
-13.381117359854237, 16.377390947266246, -11.941916067657878
-14.124231874708977, 16.265082656114146, -11.943113672448296
-14.830305813126575, 16.009483205947973, -11.944311277238718
-15.447106600133116, 15.581908343092408, -11.945508882029136
-15.913775523737879, 14.993239481878687, -11.946706486819556
-16.205436128252714, 14.2992088927559, -11.947904091609974
-16.345538424233073, 13.558083014276729, -11.949101696400394
-16.372500446435346, 12.803262838098814, -11.95029930119081
-16.369932174674254, 12.04768229742204, -11.95149690598123
-16.367363902913166, 11.292347818710397, -11.952694510771648
-16.364795631152077, 10.537259401963897, -11.953892115562066
-16.36222735939099, 9.782417047182522, -11.955089720352488
-16.3596590876299, 9.027820754366285, -11.956287325142906
-16.35709081586881, 8.273470523515181, -11.957484929933324
-16.35452254410772, 7.519366354629213, -11.958682534723746
-16.35195427234663, 6.765508247708381, -11.959880139514164
-16.34938600058554, 6.011896202752683, -11.961077744304582
-16.34681772882445, 5.258530219762121, -11.962275349095002
-16.344249457063363, 4.505410298736686, -11.963472953885422
-16.341681185302274, 3.752536439676394, -11.964670558675842
-16.339112913541182, 2.9999086425812274, -11.965868163466258
-16.336544641780094, 2.2475269074512028, -11.967065768256678
-16.333976370019005, 1.4953912342863074, -11.968263373047098
-16.331408098257917, 0.7435016230865485, -11.969460977837516
-16.328839826496825, -0.008141926148075814, -11.970658582627935
-16.32627155473574, -0.7595394134175673, -11.971856187418355
-16.32370328297465, -1.5106908387219236, -11.973053792208773
-16.321135011213556, -2.2615962020611478, -11.974251396999193
-16.318566739452468, -3.0122555034352323, -11.975449001789613
-16.31599846769138, -3.762668742844188, -11.976646606580033
-16.31343019593029, -4.512835920288003, -11.97784421137045
-16.310861924169203, -5.26275703576669, -11.97904181616087
-16.308293652408114, -6.012432089280243, -11.980239420951289
-16.305725380647022, -6.761861080828654, -11.981437025741709
-16.303157108885934, -7.5110440104119345, -11.982634630532127
-16.30058883712484, -8.259980878030087, -11.983832235322547
-16.298020565363757, -9.008671683683103, -11.985029840112965
-16.295452293602665, -9.757116427370978, -11.986227444903385
-16.292884021841576, -10.505315109093722, -11.987425049693805
-16.290315750080488, -11.253267728851334, -11.988622654484224
-16.287747478319396, -12.00097428664381, -11.989820259274643
-16.285179206558308, -12.748434782471156, -11.99101786406506
-16.24949515660076, -13.494406504546006, -11.992215468855484
-16.100635515954675, -14.225605447900165, -11.993413073645902
-15.800330684252346, -14.908091454211473, -11.99461067843632
-15.327659233782152, -15.484550441906158, -11.99580828322674
-14.70815519514131, -15.900979530739509, -11.99700588801716
-14.001995423417739, -16.148096424534696, -11.99820349280758
-13.260003224079489, -16.253929032437224, -11.999401097597998
-12.509687560356028, -16.26463303247008, -12.000598702388416
-11.75930507869271, -16.262064760708988, -12.001796307178836
-11.009168658994534, -16.2594964889479, -12.002993911969256
-10.259278301261492, -16.25692821718681, -12.004191516759676
-9.509634005493577, -16.25435994542572, -12.005389121550095
-8.760235771690805, -16.25179167366463, -12.006586726340513
-8.01108359985316, -16.249223401903542, -12.007784331130932
-7.262177489980651, -16.246655130142454, -12.008981935921351
-6.513517442073274, -16.244086858381365, -12.010179540711771
-5.7651034561310475, -16.241518586620273, -12.011377145502191
-5.0169355321539335, -16.238950314859185, -12.01257475029261
-4.269013670141961, -16.236382043098097, -12.013772355083027
-3.521337870095132, -16.233813771337005, -12.014969959873447
-2.773908132013438, -16.231245499575916, -12.016167564663867
-2.0267244558968707, -16.228677227814828, -12.017365169454287
-1.2797868417454374, -16.22610895605374, -12.018562774244703
-0.5330952895591446, -16.22354068429265, -12.019760379035123
0.21335020066202315, -16.22097241253156, -12.020957983825543
0.9595496289180495, -16.21840414077047, -12.022155588615963
1.7055029952089482, -16.215835869009382, -12.02335319340638
2.4512102995347025, -16.213267597248294, -12.0245507981968
3.196671541895334, -16.210699325487205, -12.025748402987219
3.941886722290828, -16.208131053726113, -12.026946007777639
4.686855840721185, -16.205562781965025, -12.028143612568059
5.431578897186411, -16.202994510203936, -12.029341217358477
6.1760558916865, -16.200426238442844, -12.030538822148896
6.920286824221458, -16.197857966681756, -12.031736426939315
7.6642716947912675, -16.195289694920668, -12.032934031729734
8.408010503395952, -16.192721423159576, -12.034131636520154
9.151503250035505, -16.190153151398487, -12.035329241310574
9.894749934709926, -16.1875848796374, -12.036526846100992
10.637750557419203, -16.185016607876307, -12.03772445089141
11.380505118163356, -16.18244833611522, -12.03892205568183
12.123013616942375, -16.17988006435413, -12.04011966047225
12.865246634099572, -16.175148184421225, -12.04131726526267
13.604010323781484, -16.112359166153137, -12.042514870053088
14.320855223331673, -15.92491682379756, -12.043712474843508
14.975634605299973, -15.578967562134519, -12.044910079633926
15.508393356793365, -15.06439939917233, -12.046107684424346
15.875655502339328, -14.419700937963245, -12.047305289214766
16.08195980136309, -13.705160658632616, -12.048502894005184
16.154283663137512, -12.964057747411957, -12.049700498795604
16.15676561850431, -12.218695933247584, -12.050898103586022
16.15419734674322, -11.473511510597737, -12.052095708376442
16.151629074982132, -10.728573149913016, -12.053293313166861
16.149060803221044, -9.983880851193442, -12.05449091795728
16.146492531459955, -9.239434614438998, -12.0556885227477
16.143924259698863, -8.495234439649678, -12.056886127538117
16.141355987937775, -7.7512803268254995, -12.058083732328537
16.138787716176687, -7.007572275966449, -12.059281337118957
16.136219444415598, -6.264110287072542, -12.060478941909377
16.13365117265451, -5.520894360143764, -12.061676546699793
16.131082900893418, -4.777924495180129, -12.062874151490215
16.12851462913233, -4.035200692181626, -12.064071756280633
16.12594635737124, -3.292722951148252, -12.065269361071053
16.123378085610153, -2.550491272080019, -12.066466965861471
16.120809813849064, -1.808505654976911, -12.06766457065189
16.118241542087972, -1.0667660998389512, -12.068862175442309
16.115673270326884, -0.3252726066660965, -12.070059780232729
16.11310499856579, 0.4159748245415988, -12.071257385023147
16.110536726804703, 1.1569761937841707, -12.072454989813567
16.107968455043615, 1.8977315010615985, -12.073652594603985
16.105400183282526, 2.63824074637389, -12.074850199394405
16.102831911521438, 3.3785039297210613, -12.076047804184824
16.100263639760346, 4.118521051103085, -12.077245408975243
16.097695367999258, 4.858292110519986, -12.078443013765662
16.09512709623817, 5.597817107971737, -12.07964061855608
16.09255882447708, 6.3370960434583825, -12.0808382233465
16.089990552715992, 7.0761289169798705, -12.08203582813692
16.0874222809549, 7.814915728536235, -12.083233432927338
16.084854009193812, 8.553456478127453, -12.084431037717758
16.082285737432723, 9.291751165753537, -12.085628642508176
16.079717465671635, 10.029799791414495, -12.086826247298596
16.077149193910547, 10.76760235511031, -12.088023852089016
16.074580922149455, 11.505158856841, -12.089221456879434
16.072012650388366, 12.242469296606544, -12.090419061669854
16.06153113576898, 12.97942607410716, -12.091616666460274
15.965005513850198, 13.709315371390153, -12.092814271250692
15.737535207811751, 14.409109276818713, -12.094011876041112
15.346051530472597, 15.032016405506136, -12.095209480831532
14.793647514640998, 15.518678229643175, -12.09640708562195
14.129095478268493, 15.83902850468059, -12.09760469041237
13.408549246221204, 16.002837564034287, -12.098802295202788
12.670520382374072, 16.051466476299183, -12.099999899993207
12.670520382374079, 16.051466476299176, -12.099999899993207
11.930287956772556, 16.048898204538087, -12.101197504783626
11.190301593136171, 16.046329932776995, -12.102395109574045
10.450561291464917, 16.043761661015907, -12.103592714364463
9.711067051758798, 16.04119338925482, -12.104790319154885
8.971818874017814, 16.03862511749373, -12.105987923945303
8.232816758241965, 16.03605684573264, -12.107185528735723
7.494060704431249, 16.033488573971546, -12.108383133526141
6.755550712585666, 16.030920302210458, -12.10958073831656
6.017286782705219, 16.02835203044937, -12.110778343106979
5.279268914789906, 16.025783758688277, -12.111975947897399
4.541497108839729, 16.02321548692719, -12.113173552687819
3.803971364854684, 16.0206472151661, -12.114371157478237
3.066691682834774, 16.018078943405012, -12.115568762268655
2.3296580627799996, 16.01551067164392, -12.116766367059075
1.592870504690357, 16.01294239988283, -12.117963971849493
0.856329008565849, 16.010374128121743, -12.119161576639915
0.12003357440647676, 16.007805856360655, -12.120359181430333
-0.6160157977877625, 16.005237584599566, -12.121556786220752
-1.3518191080168662, 16.002669312838474, -12.12275439101117
-2.087376356280837, 16.000101041077386, -12.123951995801589
-2.8226875425796703, 15.997532769316296, -12.125149600592009
-3.557752666913371, 15.994964497555207, -12.126347205382428
-4.29257172928194, 15.992396225794119, -12.127544810172848
-5.027144729685372, 15.989827954033029, -12.128742414963266
-5.761471668123671, 15.98725968227194, -12.129940019753686
-6.495552544596834, 15.98469141051085, -12.131137624544104
-7.229387359104866, 15.98212313874976, -12.132335229334524
-7.962976111647759, 15.979554866988671, -12.133532834124942
-8.696318802225521, 15.976986595227581, -12.134730438915364
-9.429415430838148, 15.974418323466493, -12.135928043705782
-10.16226599748564, 15.971850051705403, -12.137125648496202
-10.894870502168002, 15.969281779944314, -12.13832325328662
-11.627228944885225, 15.966713508183224, -12.13952085807704
-12.359341325637313, 15.964145236422134, -12.140718462867458
-13.09039881280941, 15.936678661724498, -12.141916067657878
-13.809990450013848, 15.808011417340904, -12.143113672448298
-14.488387049017593, 15.536429102761595, -12.144311277238717
-15.07461897604887, 15.100585889903229, -12.145508882029135
-15.513884823359327, 14.515873792934858, -12.146706486819555
-15.786878447010206, 13.835871659607335, -12.147904091609973
-15.91794936251336, 13.113827981612909, -12.149101696400393
-15.94359906233343, 12.379497997519069, -12.15029930119081
-15.941030790572343, 11.644463630931003, -12.15149690598123
-15.93846251881125, 10.90967532630808, -12.152694510771646
-15.935894247050163, 10.175133083650284, -12.153892115562066
-15.933325975289073, 9.44083690295763, -12.155089720352485
-15.930757703527984, 8.706786784230108, -12.156287325142904
-15.928189431766894, 7.972982727467717, -12.157484929933325
-15.925621160005804, 7.239424732670463, -12.158682534723741
-15.923052888244715, 6.506112799838343, -12.159880139514161
-15.920484616483627, 5.7730469289713575, -12.161077744304581
-15.917916344722537, 5.040227120069508, -12.162275349095001
-15.915348072961448, 4.3076533731327915, -12.16347295388542
-15.912779801200358, 3.575325688161204, -12.164670558675839
-15.910211529439268, 2.8432440651547575, -12.165868163466257
-15.907643257678181, 2.1114085041134474, -12.167065768256677
-15.905074985917091, 1.379819005037264, -12.168263373047097
-15.902506714156, 0.6484755679262191, -12.169460977837515
-15.899938442394912, -0.08262180721969137, -12.170658582627937
-15.897370170633822, -0.813473120400467, -12.171856187418355
-15.894801898872732, -1.544078371616111, -12.173053792208773
-15.892233627111644, -2.274437560866618, -12.174251396999193
-15.889665355350553, -3.0045506881519977, -12.175449001789612
-15.887097083589465, -3.7344177534722363, -12.17664660658003
-15.884528811828375, -4.4640387568273345, -12.177844211370449
-15.881960540067286, -5.193413698217314, -12.179041816160868
-15.879392268306198, -5.922542577642149, -12.180239420951288
-15.87682399654511, -6.651425395101854, -12.181437025741708
-15.874255724784017, -7.380062150596418, -12.182634630532124
-15.871687453022929, -8.108452844125855, -12.183832235322544
-15.869119181261839, -8.836597475690159, -12.185029840112964
-15.866550909500749, -9.56449604528932, -12.186227444903384
-15.86398263773966, -10.292148552923347, -12.187425049693804
-15.861414365978572, -11.019554998592245, -12.188622654484224
-15.858846094217483, -11.746715382296014, -12.18982025927464
-15.855259865361546, -12.473615862365612, -12.191017864065062
-15.804048056997171, -13.197962616809587, -12.192215468855483
-15.637782642066181, -13.904433892295389, -12.193413073645901
-15.323318912821005, -14.558144692153594, -12.19461067843632
-14.845507035885035, -15.10397741784038, -12.19580828322674
-14.23316488077609, -15.49475453177088, -12.19700588801716
-13.542999867321917, -15.725840916506897, -12.198203492807579
-12.820866074269595, -15.825902529923457, -12.199401097597997
-12.091059263298423, -15.83573164836817, -12.200598702388417
-11.361222955723814, -15.83316337660708, -12.201796307178835
-10.631632710114353, -15.83059510484599, -12.202993911969255
-9.902288526470027, -15.828026833084902, -12.204191516759675
-9.173190404790834, -15.825458561323812, -12.205389121550093
-8.444338345076773, -15.822890289562723, -12.206586726340513
-7.715732347327836, -15.820322017801633, -12.20778433113093
-6.98737241154405, -15.817753746040543, -12.20898193592135
-6.259258537725399, -15.815185474279454, -12.21017954071177
-5.53139072587188, -15.812617202518364, -12.211377145502189
-4.803768975983489, -15.810048930757276, -12.212574750292607
-4.076393288060223, -15.807480658996186, -12.213772355083027
-3.349263662102106, -15.804912387235097, -12.214969959873446
-2.622380098109125, -15.802344115474007, -12.216167564663866
-1.8957425960812722, -15.799775843712919, -12.217365169454284
-1.1693511560185534, -15.797207571951828, -12.218562774244704
-0.4432057779209633, -15.79463930019074, -12.219760379035122
0.2826935382114893, -15.79207102842965, -12.220957983825542
1.008346792378801, -15.789502756668561, -12.222155588615962
1.7337539845809808, -15.786934484907471, -12.223353193406382
2.45891511481802, -15.784366213146383, -12.2245507981968
3.183830183089933, -15.781797941385292, -12.225748402987218
3.9084991893967054, -15.779229669624202, -12.226946007777638
4.632922133738347, -15.776661397863114, -12.228143612568058
5.357099016114856, -15.774093126102024, -12.229341217358478
6.081029836526225, -15.771524854340935, -12.230538822148896
6.804714594972467, -15.768956582579845, -12.231736426939316
7.528153291453577, -15.766388310818757, -12.232934031729734
8.251345925969545, -15.763820039057666, -12.234131636520154
8.97429249852038, -15.761251767296578, -12.235329241310572
9.696993009106086, -15.758683495535486, -12.236526846100992
10.419447457726651, -15.756115223774398, -12.237724450891411
11.141655844382086, -15.75354695201331, -12.23892205568183
11.863618169072387, -15.75097868025222, -12.24011966047225
12.585253881834316, -15.742486527031364, -12.241317265262667
13.301598684195636, -15.66169768325862, -12.242514870053087
13.992448432254292, -15.456820851185283, -12.243712474843505
14.61678219204758, -15.097938445029541, -12.244910079633925
15.11942029194278, -14.581975695120676, -12.246107684424345
15.463551799027584, -13.947730442565094, -12.247305289214763
15.657334931727702, -13.250947355663083, -12.248502894005183
15.725521941488285, -12.53002171884769, -12.249700498795601
15.7278642344024, -11.805204179712177, -12.250898103586021
15.725295962641312, -11.080565931151046, -12.25209570837644
15.722727690880221, -10.356173744555045, -12.25329331316686
15.720159419119133, -9.632027619924184, -12.254490917957279
15.717591147358043, -8.908127557258467, -12.255688522747697
15.715022875596954, -8.184473556557858, -12.256886127538117
15.712454603835864, -7.461065617822395, -12.258083732328537
15.709886332074776, -6.737903741052062, -12.259281337118955
15.707318060313685, -6.014987926246867, -12.260478941909376
15.704749788552597, -5.292318173406807, -12.261676546699793
15.702181516791507, -4.569894482531872, -12.262874151490212
15.699613245030418, -3.847716853622084, -12.264071756280632
15.697044973269328, -3.1257852866774374, -12.265269361071052
15.694476701508238, -2.4040997816979046, -12.266466965861472
15.691908429747151, -1.6826603386835184, -12.267664570651888
15.68934015798606, -0.9614669576342685, -12.268862175442308
15.686771886224971, -0.24051963855014719, -12.270059780232728
15.684203614463883, 0.48018161856883557, -12.271257385023148
15.681635342702794, 1.200636813722686, -12.272454989813566
15.679067070941704, 1.9208459469114174, -12.273652594603984
15.676498799180616, 2.6408090181349895, -12.274850199394406
15.673930527419525, 3.360526027393451, -12.276047804184824
15.671362255658435, 4.0799969746867495, -12.277245408975244
15.668793983897347, 4.799221860014939, -12.278443013765662
15.666225712136256, 5.518200683377996, -12.279640618556082
15.663657440375168, 6.236933444775897, -12.280838223346501
15.661089168614078, 6.9554201442086825, -12.28203582813692
15.65852089685299, 7.673660781676311, -12.28323343292734
15.6559526250919, 8.391655357178816, -12.284431037717757
15.65338435333081, 9.109403870716198, -12.285628642508177
15.65081608156972, 9.826906322288423, -12.286826247298595
15.648247809808632, 10.544162711895543, -12.288023852089015
15.645679538047542, 11.261173039537503, -12.289221456879435
15.643111266286454, 11.977937305214354, -12.290419061669853
15.622035942748946, 12.693918541738238, -12.291616666460273
15.50954517239927, 13.400795216931845, -12.292814271250691
15.26344166223508, 14.072456430233624, -12.294011876041111
14.862023374336227, 14.66406009789516, -12.29520948083153
14.312140141408483, 15.121895477741052, -12.296407085621949
13.660851559338901, 15.421985413570162, -12.297604690412369
12.959327980947668, 15.57697718286805, -12.298802295202789
12.241618998272166, 15.622565092197263, -12.299999899993207
12.241618998272166, 15.622565092197258, -12.299999899993207
11.521932746759356, 15.619996820436167, -12.301197504783627
10.802492557211684, 15.617428548675079, -12.302395109574046
10.083298429629146, 15.61486027691399, -12.303592714364463
9.36435036401174, 15.612292005152902, -12.304790319154884
8.64564836035947, 15.60972373339181, -12.305987923945302
7.927192418672334, 15.607155461630722, -12.307185528735722
7.208982538950331, 15.604587189869632, -12.30838313352614
6.491018721193464, 15.602018918108541, -12.309580738316559
5.77330096540173, 15.599450646347455, -12.31077834310698
5.0558292715751305, 15.596882374586365, -12.311975947897398
4.338603639713667, 15.594314102825276, -12.313173552687818
3.6216240698173356, 15.591745831064186, -12.314371157478236
2.904890561886139, 15.589177559303092, -12.315568762268654
2.188403115920077, 15.586609287542005, -12.316766367059076
1.4721617319191513, 15.584041015780915, -12.317963971849494
0.7561664098833564, 15.581472744019827, -12.319161576639914
0.04041714981269742, 15.578904472258737, -12.320359181430332
-0.6750860482928259, 15.576336200497648, -12.321556786220752
-1.3903431844332177, 15.573767928736558, -12.32275439101117
-2.105354258608474, 15.57119965697547, -12.323951995801588
-2.8201192708185925, 15.56863138521438, -12.32514960059201
-3.534638221063582, 15.56606311345329, -12.326347205382428
-4.2489111093434335, 15.5634948416922, -12.327544810172848
-4.962937935658154, 15.56092656993111, -12.328742414963266
-5.676718700007741, 15.558358298170022, -12.329940019753685
-6.390253402392188, 15.555790026408934, -12.331137624544105
-7.103542042811503, 15.553221754647844, -12.332335229334523
-7.816584621265686, 15.550653482886755, -12.333532834124945
-8.529381137754731, 15.548085211125663, -12.334730438915361
-9.241931592278643, 15.545516939364575, -12.335928043705781
-9.954235984837423, 15.542948667603484, -12.337125648496201
-10.66629431543107, 15.540380395842396, -12.338323253286621
-11.378106584059577, 15.537812124081306, -12.339520858077039
-12.089668109652058, 15.53489959258425, -12.340718462867457
-12.79947703229622, 15.494235926382744, -12.341916067657877
-13.494235427065188, 15.34512358098665, -12.343113672448297
-14.144057754981207, 15.05898604732371, -12.344311277238715
-14.699396999017228, 14.616529083766633, -12.345508882029135
-15.11206307305147, 14.037447519737832, -12.346706486819555
-15.368320765767706, 13.372534426458762, -12.347904091609974
-15.49036030079365, 12.669572948949073, -12.34910169640039
-15.514697678231512, 11.955733156939315, -12.35029930119081
-15.512129406470423, 11.241244964439966, -12.351496905981229
-15.509561134709331, 10.527002833905755, -12.352694510771649
-15.506992862948243, 9.813006765336674, -12.353892115562067
-15.504424591187155, 9.09925675873274, -12.355089720352487
-15.501856319426064, 8.38575281409393, -12.356287325142906
-15.499288047664972, 7.672494931420253, -12.357484929933324
-15.496719775903887, 6.959483110711715, -12.358682534723744
-15.494151504142799, 6.246717351968305, -12.359880139514164
-15.491583232381707, 5.534197655190034, -12.361077744304582
-15.489014960620619, 4.8219240203768985, -12.362275349095002
-15.48644668885953, 4.109896447528898, -12.36347295388542
-15.483878417098438, 3.398114936646032, -12.36467055867584
-15.48131014533735, 2.6865794877283014, -12.365868163466256
-15.478741873576261, 1.975290100775699, -12.367065768256676
-15.476173601815171, 1.2642467757882356, -12.368263373047096
-15.473605330054081, 0.5534495127659019, -12.369460977837514
-15.471037058292993, -0.15710168829129453, -12.370658582627936
-15.468468786531904, -0.8674068273833546, -12.371856187418356
-15.465900514770812, -1.577465904510285, -12.373053792208774
-15.463332243009724, -2.287278919672077, -12.374251396999192
-15.460763971248635, -2.9968458728687395, -12.375449001789612
-15.458195699487547, -3.7061667641002654, -12.376646606580032
-15.455627427726455, -4.415241593366651, -12.37784421137045
-15.453059155965367, -5.124070360667911, -12.379041816160868
-15.450490884204278, -5.832653066004033, -12.38023942095129
-15.44792261244319, -6.540989709375023, -12.381437025741707
-15.445354340682098, -7.249080290780871, -12.382634630532127
-15.44278606892101, -7.956924810221592, -12.383832235322547
-15.44021779715992, -8.664523267697179, -12.385029840112965
-15.437649525398829, -9.371875663207629, -12.386227444903383
-15.43508125363774, -10.078981996752944, -12.387425049693803
-15.432512981876656, -10.785842268333123, -12.388622654484223
-15.429944710115564, -11.492456477948178, -12.389820259274643
-15.423232842765238, -12.198768283067514, -12.391017864065063
-15.35502523193421, -12.901074792793441, -12.392215468855483
-15.170731860471598, -13.581815830806299, -12.393413073645903
-14.84323242400353, -14.206120916965446, -12.394610678436319
-14.361912703718225, -14.721653359550897, -12.395808283226739
-13.75817456641093, -15.088529532802223, -12.397005888017159
-13.084004311226149, -15.303585408479083, -12.398203492807578
-12.381728924459761, -15.397876027409682, -12.399401097597996
-11.672430966240881, -15.406830264266258, -12.400598702388415
-10.963140832754993, -15.40426199250517, -12.401796307178834
-10.254096761234244, -15.401693720744081, -12.402993911969254
-9.54529875167863, -15.399125448982991, -12.404191516759674
-8.836746804088149, -15.3965571772219, -12.405389121550094
-8.128440918462804, -15.393988905460812, -12.40658672634051
-7.420381094802586, -15.391420633699722, -12.40778433113093
-6.712567333107511, -15.388852361938632, -12.40898193592135
-6.004999633377577, -15.386284090177544, -12.41017954071177
-5.297677995612769, -15.383715818416455, -12.41137714550219
-4.590602419813102, -15.381147546655365, -12.412574750292608
-3.8837729059785504, -15.378579274894275, -12.413772355083026
-3.177189454109149, -15.376011003133186, -12.414969959873446
-2.470852064204875, -15.373442731372098, -12.416167564663866
-1.764760736265747, -15.370874459611008, -12.417365169454285
-1.0589154702917436, -15.368306187849917, -12.418562774244704
-0.35331626628286394, -15.365737916088829, -12.419760379035122
0.3520368757608663, -15.36316964432774, -12.420957983825542
1.0571439558394702, -15.36060137256665, -12.422155588615961
1.762004973952926, -15.35803310080556, -12.423353193406381
2.4666199301012566, -15.355464829044472, -12.4245507981968
3.170988824284448, -15.352896557283382, -12.425748402987217
3.875111656502513, -15.350328285522291, -12.426946007777637
4.578988426755436, -15.347760013761203, -12.428143612568057
5.282619135043229, -15.345191742000114, -12.429341217358477
5.98600378136588, -15.342623470239024, -12.430538822148895
6.689142365723409, -15.340055198477934, -12.431736426939313
7.392034888115809, -15.337486926716846, -12.432934031729733
8.09468134854306, -15.334918654955757, -12.434131636520153
8.797081747005183, -15.332350383194667, -12.435329241310573
9.499236083502163, -15.329782111433577, -12.43652684610099
10.20114435803402, -15.327213839672488, -12.437724450891409
10.902806570600744, -15.3246455679114, -12.438922055681829
11.604222721202335, -15.32207729615031, -12.440119660472247
12.30504972497296, -15.305849262822463, -12.441317265262668
12.998346021635005, -15.206490613594902, -12.442514870053087
13.662427633661355, -14.985057153111027, -12.443712474843505
14.257302894770211, -14.616132665242858, -12.444910079633924
14.730447227092153, -14.099551991069076, -12.446107684424344
15.051448095715818, -13.475759947167003, -12.447305289214764
15.232244516305698, -12.796647917564709, -12.448502894005182
15.296760219839056, -12.095985690283491, -12.449700498795602
15.29896285030049, -11.391712426176857, -12.45089810358602
15.2963945785394, -10.687620351704432, -12.45209570837644
15.29382630677831, -9.983774339197138, -12.453293313166858
15.291258035017222, -9.280174388654991, -12.454490917957278
15.288689763256134, -8.576820500077972, -12.455688522747698
15.286121491495043, -7.873712673466089, -12.456886127538116
15.283553219733955, -7.170850908819333, -12.458083732328536
15.280984947972865, -6.468235206137724, -12.459281337118956
15.278416676211776, -5.765865565421236, -12.460478941909374
15.275848404450688, -5.063741986669894, -12.461676546699794
15.273280132689598, -4.361864469883672, -12.462874151490212
15.270711860928508, -3.6602330150626, -12.464071756280632
15.268143589167419, -2.9588476222066533, -12.465269361071051
15.26557531740633, -2.2577082913158364, -12.466466965861471
15.26300704564524, -1.5568150223901727, -12.46766457065189
15.260438773884152, -0.8561678154296316, -12.468862175442307
15.257870502123062, -0.15576667043422462, -12.470059780232727
15.255302230361973, 0.5443884125960525, -12.471257385023145
15.252733958600883, 1.2442974336611843, -12.472454989813567
15.250165686839795, 1.9439603927611966, -12.473652594603985
15.247597415078705, 2.643377289896056, -12.474850199394403
15.245029143317616, 3.3425481250657945, -12.476047804184823
15.242460871556528, 4.041472898270385, -12.477245408975241
15.239892599795438, 4.7401516095098595, -12.478443013765661
15.237324328034349, 5.438584258784188, -12.47964061855608
15.234756056273257, 6.136770846093393, -12.480838223346499
15.232187784512169, 6.834711371437451, -12.482035828136919
15.229619512751079, 7.532405834816387, -12.483233432927337
15.22705124098999, 8.22985423623019, -12.484431037717757
15.2244829692289, 8.927056575678845, -12.485628642508177
15.221914697467811, 9.624012853162377, -12.486826247298595
15.219346425706721, 10.320723068680763, -12.488023852089015
15.216778153945633, 11.017187222234027, -12.489221456879433
15.214209882184544, 11.713405313822138, -12.490419061669854
15.180943312130271, 12.408321091401142, -12.491616666460272
15.048690768915954, 13.090873262607282, -12.492814271250692
14.789187507866655, 13.735732906658225, -12.49401187604111
14.377889578764503, 14.296016786702, -12.495209480831528
13.830602342610577, 14.725067685192071, -12.496407085621948
13.19259491918368, 15.004905404164713, -12.497604690412368
12.510106715674135, 15.151116801701807, -12.498802295202786
11.812717614170253, 15.19366370809535, -12.499999899993206
11.812717614170253, 15.193663708095338, -12.499999899993206
11.11357753674616, 15.191095436334248, -12.501197504783624
10.414683521287202, 15.18852716457316, -12.502395109574046
9.716035567793377, 15.185958892812069, -12.503592714364462
9.017633676264689, 15.183390621050982, -12.504790319154882
8.319477846701131, 15.18082234928989, -12.505987923945302
7.621568079102711, 15.178254077528802, -12.507185528735722
6.9239043734694246, 15.175685805767714, -12.508383133526142
6.226486729801271, 15.173117534006623, -12.50958073831656
5.529315148098253, 15.170549262245533, -12.510778343106978
4.832389628360369, 15.167980990484445, -12.511975947897398
4.13571017058762, 15.165412718723356, -12.513173552687817
3.439276774780004, 15.162844446962266, -12.514371157478235
2.743089440937522, 15.160276175201174, -12.515568762268655
2.0471481690601765, 15.157707903440086, -12.516766367059073
1.3514529591479632, 15.155139631678995, -12.517963971849493
0.6560038112008844, 15.152571359917907, -12.519161576639913
-0.039199274781058877, 15.150003088156819, -12.520359181430331
-0.734156298797869, 15.147434816395728, -12.521556786220751
-1.4288672608495434, 15.144866544634638, -12.52275439101117
-2.123332160936085, 15.14229827287355, -12.523951995801587
-2.8175509990574907, 15.139730001112461, -12.525149600592009
-3.511523775213764, 15.13716172935137, -12.526347205382427
-4.205250489404903, 15.134593457590283, -12.527544810172849
-4.898731141630906, 15.132025185829193, -12.528742414963265
-5.5919657318917775, 15.129456914068104, -12.529940019753685
-6.2849542601875115, 15.126888642307014, -12.531137624544105
-6.977696726518111, 15.124320370545924, -12.532335229334523
-7.670193130883577, 15.121752098784835, -12.533532834124943
-8.362443473283912, 15.119183827023743, -12.534730438915362
-9.054447753719108, 15.116615555262655, -12.53592804370578
-9.746205972189172, 15.114047283501566, -12.5371256484962
-10.437718128694103, 15.111479011740476, -12.53832325328662
-11.128984223233898, 15.108910739979386, -12.539520858077038
-11.819969277806639, 15.103770082971625, -12.540718462867458
-12.507777469591133, 15.045170694022865, -12.541916067657876
-13.177930695872735, 14.880640435205972, -12.543113672448296
-13.798414005262472, 14.579178080763313, -12.544311277238716
-14.32227600066825, 14.130573256312768, -12.545508882029136
-14.708105712596126, 13.557848312346348, -12.546706486819554
-14.949403673658114, 12.90910366721476, -12.547904091609972
-15.062771239073932, 12.225317916285285, -12.549101696400392
-15.085796294129594, 11.531968316359594, -12.550299301190808
-15.083228022368505, 10.838026297948964, -12.551496905981228
-15.080659750607413, 10.144330341503466, -12.552694510771646
-15.078091478846327, 9.450880447023101, -12.553892115562066
-15.075523207085238, 8.757676614507876, -12.555089720352484
-15.072954935324148, 8.064718843957781, -12.556287325142904
-15.070386663563056, 7.3720071353728205, -12.557484929933322
-15.06781839180197, 6.679541488752999, -12.558682534723744
-15.06525012004088, 5.987321904098303, -12.559880139514163
-15.062681848279789, 5.295348381408746, -12.56107774430458
-15.060113576518702, 4.603620920684325, -12.562275349095
-15.057545304757612, 3.912139521925039, -12.56347295388542
-15.054977032996522, 3.220904185130885, -12.56467055867584
-15.052408761235434, 2.5299149103018665, -12.565868163466256
-15.049840489474343, 1.8391716974379828, -12.567065768256677
-15.047272217713255, 1.1486745465392312, -12.568263373047095
-15.044703945952165, 0.4584234576056093, -12.569460977837513
-15.042135674191076, -0.23158156936287, -12.570658582627935
-15.039567402429988, -0.9213405343662151, -12.571856187418355
-15.036999130668898, -1.6108534374044288, -12.573053792208771
-15.034430858907808, -2.3001202784775057, -12.574251396999191
-15.031862587146719, -2.9891410575854493, -12.575449001789611
-15.02929431538563, -3.677915774728263, -12.576646606580029
-15.026726043624539, -4.366444429905941, -12.577844211370447
-15.02415777186345, -5.054727023118481, -12.579041816160869
-15.021589500102362, -5.742763554365888, -12.580239420951287
-15.019021228341272, -6.4305540236481615, -12.581437025741707
-15.016452956580181, -7.118098430965297, -12.582634630532125
-15.013884684819093, -7.805396776317298, -12.583832235322545
-15.011316413058005, -8.492449059704171, -12.585029840112963
-15.008748141296914, -9.17925528112591, -12.586227444903383
-15.006179869535826, -9.865815440582512, -12.587425049693802
-15.003611597774736, -10.552129538073977, -12.588622654484222
-15.001043326013647, -11.238197573600305, -12.58982025927464
-14.988297460517575, -11.92380242913508, -12.591017864065062
-14.90177790207688, -12.60340535228432, -12.592215468855482
-14.70061716226307, -13.258127468575976, -12.5934130736459
-14.359401499757801, -13.85156772506251, -12.594610678436318
-13.8760898577661, -14.336623447869059, -12.595808283226738
-13.282380473804132, -14.680478000874857, -12.597005888017158
-12.625008755130395, -14.881329900451266, -12.598203492807578
-11.942591774649934, -14.969849524895906, -12.599401097597994
-11.25380266918334, -14.977928880164352, -12.600598702388416
-10.565058709786173, -14.975360608403264, -12.601796307178834
-9.876560812354139, -14.972792336642174, -12.602993911969254
-9.188308976887235, -14.970224064881084, -12.604191516759673
-8.500303203385469, -14.967655793119995, -12.605389121550092
-7.81254349184884, -14.965087521358907, -12.606586726340511
-7.125029842277337, -14.962519249597815, -12.60778433113093
-6.437762254670975, -14.959950977836726, -12.60898193592135
-5.750740729029747, -14.957382706075638, -12.61017954071177
-5.063965265353653, -14.954814434314546, -12.611377145502187
-4.3774358636426935, -14.952246162553458, -12.612574750292607
-3.691152523896865, -14.949677890792367, -12.613772355083025
-3.005115246116177, -14.947109619031279, -12.614969959873445
-2.319324030300625, -14.94454134727019, -12.616167564663865
-1.6337788764502084, -14.9419730755091, -12.617365169454283
-0.9484797845649108, -14.939404803748012, -12.618562774244703
-0.26342675464475396, -14.936836531986922, -12.619760379035121
0.4213802133102629, -14.934268260225833, -12.62095798382554
1.105941119300151, -14.931699988464743, -12.62215558861596
1.7902559633248956, -14.929131716703655, -12.623353193406379
2.474324745384512, -14.926563444942566, -12.624550798196799
3.158147465478992, -14.923995173181474, -12.625748402987217
3.8417241236083415, -14.921426901420386, -12.626946007777637
4.525054719772561, -14.918858629659297, -12.628143612568056
5.208139253971641, -14.916290357898205, -12.629341217358476
5.890977726205584, -14.913722086137117, -12.630538822148894
6.573570136474396, -14.911153814376028, -12.631736426939314
7.255916484778075, -14.90858554261494, -12.632934031729732
7.938016771116613, -14.906017270853848, -12.634131636520152
8.619870995490022, -14.90344899909276, -12.635329241310572
9.301479157898301, -14.900880727331671, -12.63652684610099
9.982841258341441, -14.898312455570581, -12.63772445089141
10.663957296819447, -14.895744183809493, -12.638922055681828
11.34482727333232, -14.893175912048402, -12.640119660472248
12.024623418316612, -14.86526539658926, -12.641317265262668
12.694415516816402, -14.748278283916068, -12.642514870053086
13.330724373852364, -14.50947017306204, -12.643712474843506
13.894314910994042, -14.130066650976971, -12.644910079633924
14.338911239303327, -13.615396997950535, -12.646107684424344
14.63934439240407, -13.003789451768867, -12.647305289214763
14.80714438587339, -12.342346681998258, -12.648502894005182
14.867998498189827, -11.661949661719241, -12.649700498795601
14.870061466198582, -10.978220672641479, -12.65089810358602
14.867493194437492, -10.294674772257771, -12.65209570837644
14.864924922676403, -9.611374933839196, -12.65329331316686
14.862356650915313, -8.92832115738575, -12.654490917957277
14.859788379154224, -8.245513442897446, -12.655688522747695
14.857220107393134, -7.562951790374278, -12.656886127538115
14.854651835632046, -6.880636199816242, -12.658083732328535
14.852083563870956, -6.198566671223345, -12.659281337118955
14.849515292109867, -5.516743204595578, -12.660478941909373
14.846947020348777, -4.8351657999329465, -12.661676546699791
14.844378748587689, -4.153834457235437, -12.662874151490211
14.841810476826598, -3.4727491765030756, -12.66407175628063
14.83924220506551, -2.791909957735845, -12.66526936107105
14.83667393330442, -2.11131680093376, -12.66646696586147
14.834105661543331, -1.4309697060968025, -12.667664570651889
14.831537389782241, -0.7508686732249772, -12.668862175442307
14.828969118021153, -0.07101370231828615, -12.670059780232727
14.826400846260062, 0.6085952066232835, -12.671257385023146
14.823832574498974, 1.2879580535997048, -12.672454989813566
14.821264302737884, 1.9670748386109937, -12.673652594603984
14.818696030976795, 2.6459455616571583, -12.674850199394402
14.816127759215705, 3.3245702227381653, -12.676047804184822
14.813559487454617, 4.002948821854062, -12.677245408975242
14.810991215693527, 4.681081359004801, -12.678443013765662
14.808422943932438, 5.358967834190416, -12.67964061855608
14.80585467217135, 6.036608247410912, -12.680838223346498
14.803286400410261, 6.714002598666247, -12.682035828136918
14.800718128649171, 7.391150887956473, -12.683233432927338
14.798149856888083, 8.06805311528154, -12.684431037717758
14.795581585126993, 8.744709280641498, -12.685628642508174
14.793013313365904, 9.421119384036295, -12.686826247298594
14.790445041604814, 10.097283425465985, -12.688023852089014
14.787876769843725, 10.773201404930527, -12.689221456879434
14.783952386346918, 11.448854882704023, -12.690419061669852
14.733710406663025, 12.122005985454354, -12.69161666646027
14.584444218756587, 12.780068601990438, -12.69281427125069
14.308258032433187, 13.395343118270544, -12.69401187604111
13.892005816013382, 13.92622350832949, -12.69520948083153
13.349064543812679, 14.328239892643083, -12.69640708562195
12.724338279028478, 14.587825394759257, -12.697604690412366
12.0608854504006, 14.725256420535572, -12.698802295202785
11.383816230068348, 14.764762323993429, -12.699999899993205
11.383816230068348, 14.764762323993423, -12.699999899993205
10.705222326732969, 14.762194052232333, -12.701197504783623
10.026874485362727, 14.759625780471245, -12.702395109574043
9.348772705957616, 14.757057508710156, -12.703592714364463
8.67091698851764, 14.754489236949068, -12.704790319154883
7.9933073330427975, 14.751920965187976, -12.705987923945301
7.3159437395330915, 14.749352693426887, -12.707185528735721
6.638826207988519, 14.746784421665797, -12.708383133526139
5.96195473840908, 14.744216149904709, -12.709580738316559
5.2853293307947755, 14.74164787814362, -12.710778343106979
4.608949985145606, 14.73907960638253, -12.711975947897397
3.9328167014615705, 14.736511334621442, -12.713173552687817
3.2569294797426687, 14.733943062860352, -12.714371157478235
2.5812883199889027, 14.73137479109926, -12.715568762268655
1.9058932222002698, 14.728806519338171, -12.716766367059074
1.2307441863767725, 14.726238247577081, -12.717963971849493
0.555841212518408, 14.723669975815993, -12.719161576639912
-0.11881569937482389, 14.721101704054902, -12.720359181430332
-0.7932265493029182, 14.718533432293814, -12.721556786220752
-1.467391337265878, 14.715965160532726, -12.722754391011168
-2.1413100632637057, 14.713396888771634, -12.723951995801588
-2.8149827272963988, 14.710828617010545, -12.725149600592008
-3.4884093293639573, 14.708260345249455, -12.726347205382428
-4.161589869466382, 14.705692073488366, -12.727544810172848
-4.834524347603672, 14.703123801727278, -12.728742414963264
-5.507212763775827, 14.70055552996619, -12.729940019753684
-6.179655117982846, 14.6979872582051, -12.731137624544104
-6.851851410224735, 14.695418986444007, -12.732335229334522
-7.523801640501486, 14.692850714682919, -12.733532834124942
-8.195505808813106, 14.690282442921829, -12.73473043891536
-8.866963915159587, 14.68771417116074, -12.73592804370578
-9.538175959540938, 14.68514589939965, -12.737125648496198
-10.209141941957153, 14.682577627638562, -12.738323253286618
-10.879861862408235, 14.680009355877473, -12.739520858077038
-11.5502019471904, 14.669829878003174, -12.74071846286746
-12.215734789147536, 14.594118419565323, -12.741916067657879
-12.859511209402754, 14.410020053778542, -12.743113672448297
-13.451427241741328, 14.097381976608531, -12.744311277238717
-13.944661786542236, 13.644211221278887, -12.745508882029135
-14.304148352140794, 13.078249104954836, -12.746706486819555
-14.529084460332326, 12.445308047208984, -12.747904091609975
-14.635182177354217, 11.781062883621457, -12.749101696400393
-14.656894910027678, 11.108203475779847, -12.750299301190807
-14.654326638266589, 10.434807631457932, -12.751496905981227
-14.651758366505499, 9.761657849101146, -12.752694510771645
-14.649190094744409, 9.088754128709498, -12.753892115562065
-14.64662182298332, 8.416096470282984, -12.755089720352485
-14.644053551222232, 7.7436848738216035, -12.756287325142903
-14.641485279461142, 7.07151933932536, -12.75748492993332
-14.638917007700053, 6.399599866794255, -12.758682534723743
-14.636348735938963, 5.727926456228273, -12.759880139514161
-14.633780464177873, 5.056499107627433, -12.761077744304579
-14.631212192416784, 4.3853178209917285, -12.762275349094999
-14.628643920655698, 3.7143825963211525, -12.763472953885419
-14.626075648894606, 3.043693433615709, -12.764670558675839
-14.623507377133517, 2.373250332875405, -12.765868163466255
-14.620939105372427, 1.7030532941002359, -12.767065768256675
-14.618370833611337, 1.0331023172901939, -12.768263373047095
-14.615802561850247, 0.363397402445292, -12.769460977837515
-14.61323429008916, -0.30606145043447003, -12.770658582627934
-14.610666018328072, -0.9752742413491038, -12.771856187418352
-14.60809774656698, -1.6442409702986043, -12.77305379220877
-14.605529474805891, -2.312961637282966, -12.77425139699919
-14.602961203044803, -2.9814362423021956, -12.77544900178961
-14.60039293128371, -3.6496647853562934, -12.77664660658003
-14.597824659522622, -4.317647266445257, -12.777844211370446
-14.595256387761534, -4.9853836855690865, -12.779041816160866
-14.592688116000446, -5.652874042727779, -12.780239420951286
-14.590119844239355, -6.3201183379213415, -12.781437025741706
-14.587551572478265, -6.987116571149763, -12.782634630532124
-14.584983300717177, -7.653868742413048, -12.783832235322542
-14.582415028956087, -8.320374851711206, -12.785029840112962
-14.579846757194998, -8.986634899044228, -12.786227444903382
-14.577278485433908, -9.652648884412123, -12.787425049693802
-14.57471021367282, -10.31841680781487, -12.788622654484222
-14.572141941911731, -10.983938669252485, -12.789820259274638
-14.548932629559555, -11.648587246510065, -12.791017864065061
-14.444077721653859, -12.304912046822505, -12.792215468855483
-14.226358169823708, -12.932615381504707, -12.793413073645901
-13.874387431396894, -13.496092796814429, -12.79461067843632
-13.389549052179834, -13.950721792191658, -12.79580828322674
-12.805680378038858, -14.270367636618131, -12.79700588801716
-12.166013199034577, -14.459074392423465, -12.798203492807577
-11.503454624840046, -14.541823022382136, -12.799401097597997
-10.835174372125744, -14.549027496062443, -12.800598702388415
-10.16697658681729, -14.546459224301355, -12.801796307178833
-9.499024863473966, -14.543890952540266, -12.802993911969253
-8.831319202095779, -14.541322680779178, -12.804191516759673
-8.163859602682724, -14.538754409018088, -12.80538912155009
-7.496646065234809, -14.536186137256998, -12.806586726340509
-6.829678589752024, -14.533617865495907, -12.807784331130929
-6.1629571762343724, -14.531049593734817, -12.808981935921349
-5.49648182468186, -14.528481321973729, -12.810179540711768
-4.830252535094475, -14.52591305021264, -12.811377145502188
-4.164269307472228, -14.52334477845155, -12.812574750292605
-3.4985321418151134, -14.52077650669046, -12.813772355083024
-2.8330410381231457, -14.518208234929372, -12.814969959873444
-2.167795996396306, -14.515639963168283, -12.816167564663864
-1.5027970166345999, -14.513071691407193, -12.817365169454284
-0.8380440988380183, -14.510503419646103, -12.8185627742447
-0.17353724300657675, -14.507935147885014, -12.81976037903512
0.4907235508597211, -14.505366876123924, -12.82095798382554
1.1547382827608934, -14.502798604362837, -12.82215558861596
1.8185069526969353, -14.500230332601747, -12.82335319340638
2.482029560667833, -14.497662060840657, -12.824550798196798
3.145306106673603, -14.495093789079569, -12.825748402987216
3.8083365907142372, -14.492525517318478, -12.826946007777636
4.471121012789733, -14.489957245557388, -12.828143612568056
5.133659372900101, -14.487388973796298, -12.829341217358474
5.795951671045325, -14.484820702035208, -12.830538822148895
6.457997907225422, -14.48225243027412, -12.831736426939312
7.119798081440386, -14.479684158513031, -12.832934031729732
7.781352193690207, -14.477115886751942, -12.834131636520151
8.442660243974903, -14.474547614990852, -12.83532924131057
9.10372223229447, -14.471979343229762, -12.836526846100991
9.764538158648888, -14.469411071468674, -12.837724450891407
10.425108023038183, -14.466842799707585, -12.838922055681827
11.085418135185398, -14.463267704672779, -12.840119660472247
11.743718445479338, -14.420083441635851, -12.841317265262665
12.389021181611405, -14.284440609291945, -12.842514870053085
12.997798178578948, -14.031470730480159, -12.843712474843503
13.530075229357726, -13.642480829688346, -12.844910079633923
13.945207233635012, -13.129777479466949, -12.846107684424343
14.227194511532206, -12.531803044607726, -12.847305289214761
14.382044255441082, -11.888045446431777, -12.84850289400518
14.4392367765406, -11.227913633154959, -12.849700498795599
14.441160082096673, -10.564728919106072, -12.850898103586019
14.438591810335584, -9.901729192811079, -12.852095708376439
14.436023538574492, -9.23897552848122, -12.853293313166857
14.433455266813406, -8.5764679261165, -12.854490917957277
14.430886995052315, -7.914206385716909, -12.855688522747695
14.428318723291227, -7.252190907282453, -12.856886127538115
14.425750451530137, -6.5904214908131316, -12.858083732328534
14.423182179769048, -5.928898136308954, -12.859281337118952
14.420613908007958, -5.267620843769899, -12.860478941909372
14.41804563624687, -4.6065896131959905, -12.86167654669979
14.41547736448578, -3.9458044445871985, -12.862874151490212
14.412909092724691, -3.285265337943553, -12.86407175628063
14.4103408209636, -2.6249722932650355, -12.865269361071048
14.407772549202512, -1.9649253105516546, -12.866466965861468
14.405204277441422, -1.3051243898034175, -12.867664570651886
14.402636005680334, -0.6455695310202989, -12.868862175442308
14.400067733919244, 0.013739265797686764, -12.870059780232726
14.397499462158155, 0.6728020006505351, -12.871257385023144
14.394931190397065, 1.331618673538234, -12.872454989813564
14.392362918635976, 1.9901892844608098, -12.873652594603982
14.389794646874886, 2.6485138334182547, -12.874850199394404
14.387226375113798, 3.306592320410549, -12.876047804184822
14.384658103352708, 3.964424745437711, -12.87724540897524
14.38208983159162, 4.622011108499748, -12.87844301376566
14.379521559830529, 5.279351409596655, -12.879640618556078
14.37695328806944, 5.936445648728415, -12.8808382233465
14.37438501630835, 6.593293825895051, -12.882035828136917
14.371816744547262, 7.249895941096561, -12.883233432927335
14.369248472786172, 7.906251994332936, -12.884431037717755
14.366680201025083, 8.562361985604163, -12.885628642508175
14.364111929263993, 9.218225914910267, -12.886826247298595
14.361543657502905, 9.873843782251237, -12.888023852089013
14.358975385741815, 10.529215587627053, -12.889221456879431
14.350727665062855, 11.184264104745393, -12.890419061669851
14.283634729680127, 11.835357008906447, -12.891616666460271
14.11628286485758, 12.467925021810904, -12.89281427125069
13.825937245228937, 13.054189184257762, -12.894011876041109
13.402338161404622, 13.552646338099308, -12.895209480831527
12.866387291576126, 13.929337449753525, -12.896407085621947
12.25608163887327, 14.170745385353804, -12.897604690412367
11.61166418512706, 14.299396039369332, -12.898802295202787
10.954914845966453, 14.33586093989151, -12.899999899993205
10.954914845966442, 14.335860939891505, -12.899999899993205
10.296867116719778, 14.333292668130415, -12.901197504783624
9.639065449438247, 14.330724396369327, -12.902395109574043
8.98150984412185, 14.328156124608237, -12.903592714364462
8.324200300770588, 14.325587852847148, -12.90479031915488
7.667136819384461, 14.323019581086058, -12.9059879239453
7.0103193999634685, 14.32045130932497, -12.90718552873572
6.353748042507609, 14.317883037563881, -12.908383133526138
5.697422747016884, 14.31531476580279, -12.909580738316558
5.041343513491295, 14.3127464940417, -12.910778343106976
4.385510341930838, 14.310178222280612, -12.911975947897396
3.7299232323355165, 14.307609950519522, -12.913173552687816
3.07458218470533, 14.30504167875843, -12.914371157478234
2.4194871990402764, 14.302473406997342, -12.915568762268654
1.7646382753403582, 14.299905135236253, -12.916766367059072
1.1100354136055723, 14.297336863475163, -12.917963971849492
0.4556786138359228, 14.294768591714075, -12.919161576639912
-0.19843212396859272, 14.292200319952984, -12.92035918143033
-0.8522967998079739, 14.289632048191898, -12.921556786220751
-1.5059154136822206, 14.287063776430806, -12.922754391011168
-2.159287965591335, 14.284495504669716, -12.923951995801588
-2.812414455535311, 14.281927232908629, -12.925149600592007
-3.465294883514157, 14.279358961147537, -12.926347205382426
-4.117929249527866, 14.276790689386448, -12.927544810172845
-4.770317553576439, 14.27422241762536, -12.928742414963263
-5.422459795659885, 14.27165414586427, -12.929940019753683
-6.0743559757781895, 14.26908587410318, -12.931137624544103
-6.726006093931362, 14.266517602342091, -12.932335229334521
-7.3774101501194, 14.263949330581001, -12.933532834124941
-8.028568144342303, 14.26138105881991, -12.93473043891536
-8.679480076600075, 14.258812787058822, -12.935928043705779
-9.330145946892708, 14.256244515297732, -12.937125648496199
-9.98056575522021, 14.253676243536646, -12.938323253286619
-10.63073950158258, 14.251107971775554, -12.939520858077037
-11.280212575981343, 14.231945011042246, -12.940718462867455
-11.922495598750148, 14.13659921141089, -12.941916067657875
-12.540146120882131, 13.936988666026846, -12.943113672448295
-13.100750786796699, 13.610123818216254, -12.944311277238715
-13.564567340065093, 13.155806491692198, -12.945508882029133
-13.900190991685468, 12.598649897563337, -12.946706486819552
-14.107936598316867, 11.981296795780898, -12.94790409160997
-14.20759311563451, 11.336807850957644, -12.94910169640039
-14.227993525925758, 10.684438635200118, -12.950299301190807
-14.22542525416467, 10.031588964966916, -12.951496905981227
-14.222856982403579, 9.378985356698845, -12.952694510771646
-14.220288710642489, 8.726627810395915, -12.953892115562065
-14.217720438881402, 8.074516326058117, -12.955089720352486
-14.215152167120312, 7.422650903685447, -12.956287325142902
-14.212583895359222, 6.771031543277922, -12.957484929933322
-14.210015623598132, 6.119658244835525, -12.958682534723742
-14.207447351837045, 5.4685310083582594, -12.959880139514162
-14.204879080075955, 4.817649833846132, -12.961077744304578
-14.202310808314865, 4.16701472129914, -12.962275349094998
-14.199742536553778, 3.5166256707172785, -12.963472953885418
-14.197174264792686, 2.866482682100555, -12.964670558675838
-14.194605993031596, 2.216585755448966, -12.965868163466254
-14.192037721270509, 1.56693489076251, -12.967065768256676
-14.189469449509419, 0.9175300880411883, -12.968263373047096
-14.186901177748329, 0.2683713472850027, -12.969460977837514
-14.18433290598724, -0.38054133150605085, -12.970658582627934
-14.181764634226152, -1.0292079483319718, -12.971856187418354
-14.17919636246506, -1.6776285031927531, -12.973053792208772
-14.176628090703971, -2.325802996088401, -12.97425139699919
-14.174059818942883, -2.97373142701892, -12.97544900178961
-14.171491547181791, -3.621413795984302, -12.97664660658003
-14.168923275420703, -4.268850102984546, -12.977844211370448
-14.166355003659614, -4.916040348019665, -12.979041816160867
-14.163786731898526, -5.562984531089644, -12.980239420951287
-14.161218460137436, -6.209682652194486, -12.981437025741705
-14.158650188376345, -6.856134711334194, -12.982634630532125
-14.156081916615257, -7.502340708508771, -12.983832235322545
-14.153513644854169, -8.148300643718212, -12.985029840112963
-14.150945373093077, -8.794014516962518, -12.986227444903381
-14.148377101331988, -9.439482328241695, -12.987425049693801
-14.1458088295709, -10.084704077555731, -12.988622654484221
-14.142463988771192, -10.72966920550909, -12.98982025927464
-14.104873142542402, -11.372983360721143, -12.99101786406506
-13.982072264674693, -12.005298419903713, -12.992215468855482
-13.74756873842863, -12.605109643981958, -12.9934130736459
-13.386038173014441, -13.137871039428862, -12.99461067843632
-12.902506152574272, -13.564076858973849, -12.99580828322674
-12.328924425830047, -13.860130342283057, -12.99700588801716
-11.707017642938816, -14.03681888439565, -12.998203492807576
-11.064312557517333, -14.113709157796736, -12.999401097597996
-10.416546075068208, -14.120126111960534, -13.000598702388412
-9.768894463848468, -14.117557840199446, -13.001796307178832
-9.121488914593858, -14.114989568438354, -13.002993911969252
-8.474329427304387, -14.112421296677265, -13.004191516759672
-7.827416001980045, -14.109853024916175, -13.005389121550092
-7.180748638620846, -14.107284753155087, -13.00658672634051
-6.534327337226774, -14.104716481393996, -13.007784331130928
-5.888152097797838, -14.102148209632908, -13.008981935921348
-5.242222920334043, -14.099579937871818, -13.010179540711768
-4.59653980483537, -14.097011666110728, -13.011377145502186
-3.9511027513018355, -14.09444339434964, -13.012574750292606
-3.3059117597334358, -14.09187512258855, -13.013772355083024
-2.6609668301301843, -14.08930685082746, -13.014969959873444
-2.0162679624920496, -14.08673857906637, -13.016167564663863
-1.3718151568190573, -14.084170307305282, -13.017365169454282
-0.7276084131112006, -14.081602035544194, -13.018562774244701
-0.0836477313684698, -14.079033763783102, -13.01976037903512
0.5600668884091218, -14.076465492022013, -13.02095798382554
1.2035354462215802, -14.073897220260925, -13.02215558861596
1.846757942068905, -14.071328948499836, -13.023353193406379
2.48973437595109, -14.068760676738748, -13.024550798196799
3.132464747868145, -14.066192404977656, -13.025748402987217
3.7749490578200655, -14.063624133216566, -13.026946007777635
4.417187305806846, -14.061055861455475, -13.028143612568055
5.059179491828498, -14.058487589694387, -13.029341217358475
5.700925615885011, -14.055919317933299, -13.030538822148895
6.342425677976394, -14.05335104617221, -13.031736426939313
6.983679678102643, -14.050782774411118, -13.03293403172973
7.624687616263763, -14.04821450265003, -13.03413163652015
8.265449492459734, -14.04564623088894, -13.03532924131057
8.905965306690579, -14.043077959127851, -13.03652684610099
9.546235058956295, -14.040509687366761, -13.037724450891409
10.186258749256861, -14.037941415605673, -13.038922055681827
10.825972930960852, -14.030707091760696, -13.040119660472246
11.462283480363201, -13.970388819353625, -13.041317265262666
12.082797652382322, -13.817705554406185, -13.042514870053084
12.662007820867023, -13.548256388037517, -13.043712474843504
13.164258488044677, -13.153317948723082, -13.044910079633922
13.551052240382107, -12.643853312777724, -13.046107684424342
13.812497451013868, -12.058938935837915, -13.047305289214762
13.956944125008764, -11.433744210865358, -13.04850289400518
14.01047505489137, -10.793877604590744, -13.0497004987956
14.01225869799476, -10.151237165570713, -13.050898103586018
14.009690426233671, -9.508783613364447, -13.052095708376438
14.007122154472583, -8.866576123123302, -13.053293313166858
14.004553882711495, -8.224614694847283, -13.054490917957276
14.001985610950403, -7.582899328536417, -13.055688522747696
13.999417339189314, -6.941430024190664, -13.056886127538114
13.996849067428226, -6.300206781810058, -13.058083732328534
13.994280795667136, -5.659229601394587, -13.059281337118954
13.991712523906049, -5.018498482944249, -13.060478941909372
13.989144252144957, -4.378013426459047, -13.061676546699792
13.986575980383869, -3.737774431938977, -13.06287415149021
13.98400770862278, -3.0977814993840433, -13.06407175628063
13.98143943686169, -2.4580346287942474, -13.06526936107105
13.9788711651006, -1.818533820169583, -13.066466965861467
13.976302893339511, -1.1792790735100411, -13.067664570651887
13.973734621578421, -0.5402703888156537, -13.068862175442305
13.971166349817333, 0.09849223391361024, -13.070059780232725
13.968598078056242, 0.7370087946777466, -13.071257385023145
13.966029806295154, 1.375279293476724, -13.072454989813563
13.963461534534064, 2.0133037303105827, -13.073652594603983
13.960893262772975, 2.6510821051793227, -13.074850199394401
13.958324991011885, 3.288614418082915, -13.076047804184821
13.955756719250797, 3.9259006690213694, -13.07724540897524
13.953188447489707, 4.562940857994694, -13.078443013765659
13.950620175728618, 5.199734985002884, -13.079640618556079
13.94805190396753, 5.836283050045939, -13.080838223346497
13.94548363220644, 6.4725850531238605, -13.082035828136917
13.942915360445351, 7.108640994236647, -13.083233432927337
13.94034708868426, 7.744450873384296, -13.084431037717755
13.937778816923172, 8.380014690566806, -13.085628642508174
13.935210545162082, 9.015332445784189, -13.086826247298593
13.932642273400994, 9.65040413903645, -13.088023852089012
13.930074001639904, 10.285229770323554, -13.089221456879432
13.914014258838321, 10.919483179650307, -13.09041906166985
13.827322734151535, 11.547561808228176, -13.09161666646027
13.642781403718429, 12.153941359122094, -13.092814271250688
13.340297584684226, 12.710797926395477, -13.094011876041108
12.912578704393955, 13.178977365467212, -13.095209480831528
12.382206316988041, 13.527697116939624, -13.096407085621946
11.78782499871806, 13.75366537594835, -13.097604690412366
11.162442919853532, 13.873535658203092, -13.098802295202784
10.526013461864544, 13.906959555789594, -13.099999899993204
10.52601346186453, 13.906959555789586, -13.099999899993204
9.888511906706581, 13.904391284028495, -13.101197504783622
9.251256413513765, 13.901823012267407, -13.102395109574042
8.614246982286085, 13.899254740506318, -13.103592714364462
7.977483613023539, 13.896686468745228, -13.104790319154882
7.340966305726126, 13.894118196984138, -13.1059879239453
6.704695060393849, 13.89154992522305, -13.10718552873572
6.068669877026705, 13.88898165346196, -13.108383133526138
5.432890755624697, 13.886413381700871, -13.109580738316556
4.797357696187822, 13.883845109939783, -13.110778343106977
4.1620706987160805, 13.881276838178692, -13.111975947897395
3.5270297632094745, 13.8787085664176, -13.113173552687815
2.892234889668003, 13.876140294656512, -13.114371157478233
2.2576860780916648, 13.873572022895422, -13.115568762268651
1.6233833284804604, 13.871003751134333, -13.116766367059071
0.9893266408343921, 13.868435479373243, -13.117963971849491
0.3555160151534582, 13.865867207612155, -13.119161576639911
-0.27804854856234307, 13.863298935851066, -13.120359181430329
-0.9113670503130086, 13.860730664089976, -13.121556786220749
-1.544439490098541, 13.858162392328886, -13.122754391011167
-2.177265867918939, 13.855594120567796, -13.123951995801587
-2.8098461837742024, 13.853025848806709, -13.125149600592007
-3.442180437664332, 13.850457577045619, -13.126347205382425
-4.074268629589325, 13.84788930528453, -13.127544810172845
-4.706110759549186, 13.84532103352344, -13.128742414963263
-5.337706827543912, 13.84275276176235, -13.129940019753683
-5.969056833573505, 13.840184490001262, -13.131137624544102
-6.600160777637961, 13.837616218240171, -13.13233522933452
-7.231018659737288, 13.835047946479083, -13.13353283412494
-7.861630479871472, 13.832479674717993, -13.134730438915359
-8.49199623804053, 13.829911402956903, -13.135928043705778
-9.122115934244448, 13.827343131195812, -13.137125648496198
-9.751989568483236, 13.824774859434724, -13.138323253286618
-10.38161095932232, 13.821751986775418, -13.139520858077036
-11.00985794055331, 13.788566623784018, -13.140718462867454
-11.62858763066496, 13.6761375649887, -13.141916067657874
-12.218509085118587, 13.458794428244378, -13.143113672448294
-12.749332158805077, 13.121964515989863, -13.144311277238714
-13.181737093560825, 12.665148584571384, -13.145508882029132
-13.495345638169136, 12.118659922790542, -13.146706486819552
-13.686788736301397, 11.51728554435283, -13.14790409160997
-13.780004053914798, 10.892552818293852, -13.14910169640039
-13.79909214182384, 10.260673794620399, -13.150299301190806
-13.796523870062751, 9.628370298475913, -13.151496905981226
-13.793955598301661, 8.996312864296556, -13.152694510771644
-13.791387326540573, 8.364501492082338, -13.153892115562064
-13.788819054779484, 7.7329361818332565, -13.155089720352484
-13.786250783018394, 7.101616933549301, -13.156287325142902
-13.783682511257304, 6.4705437472304865, -13.15748492993332
-13.781114239496215, 5.839716622876804, -13.15868253472374
-13.778545967735127, 5.209135560488258, -13.159880139514161
-13.775977695974035, 4.578800560064842, -13.161077744304578
-13.773409424212947, 3.9487116216065647, -13.162275349094998
-13.770841152451858, 3.31886874511342, -13.163472953885417
-13.768272880690768, 2.6892719305854094, -13.164670558675837
-13.76570460892968, 2.059921178022532, -13.165868163466254
-13.763136337168591, 1.4308164874247862, -13.167065768256673
-13.7605680654075, 0.801957858792186, -13.168263373047093
-13.75799979364641, 0.17334529212471225, -13.169460977837511
-13.75543152188532, -0.4550212125776314, -13.170658582627933
-13.752863250124232, -1.0831416553148367, -13.171856187418353
-13.750294978363144, -1.7110160360869058, -13.17305379220877
-13.747726706602053, -2.3386443548938405, -13.174251396999189
-13.745158434840965, -2.9660266117356486, -13.175449001789609
-13.742590163079875, -3.593162806612311, -13.176646606580029
-13.740021891318786, -4.2200529395238435, -13.177844211370445
-13.737453619557698, -4.846697010470249, -13.179041816160865
-13.73488534779661, -5.473095019451513, -13.180239420951285
-13.732317076035518, -6.099246966467639, -13.181437025741705
-13.72974880427443, -6.725152851518634, -13.182634630532123
-13.72718053251334, -7.3508126746045, -13.183832235322543
-13.72461226075225, -7.976226435725225, -13.18502984011296
-13.72204398899116, -8.601394134880817, -13.18622744490338
-13.719475717230072, -9.226315772071283, -13.1874250496938
-13.716907445468983, -9.850991347296606, -13.18862265448422
-13.71047744293, -10.475368350682285, -13.189820259274644
-13.656004809125472, -11.096814697766927, -13.19101786406506
-13.514904064372914, -11.704341341049709, -13.192215468855482
-13.265530723352388, -12.27581969744157, -13.1934130736459
-12.895000326008972, -12.777434987349308, -13.194610678436318
-12.413613461541118, -13.174693577220651, -13.19580828322674
-11.852168473621223, -13.449893047947986, -13.19700588801716
-11.24802208684304, -13.61456337636784, -13.198203492807576
-10.625153769708009, -13.685298245418707, -13.199401097597995
-9.997917778010645, -13.691224727858621, -13.200598702388413
-9.370812340879622, -13.688656456097533, -13.201796307178832
-8.743952965713735, -13.686088184336445, -13.202993911969251
-8.117339652512973, -13.683519912575356, -13.204191516759671
-7.490972401277346, -13.680951640814264, -13.20538912155009
-6.864851212006857, -13.678383369053174, -13.20658672634051
-6.238976084701502, -13.675815097292084, -13.207784331130927
-5.613347019361279, -13.673246825530995, -13.208981935921347
-4.987964015986197, -13.670678553769907, -13.210179540711767
-4.362827074576243, -13.668110282008819, -13.211377145502187
-3.7379361951314243, -13.665542010247728, -13.212574750292605
-3.1132913776517395, -13.662973738486638, -13.213772355083023
-2.4888926221371905, -13.66040546672555, -13.214969959873443
-1.8647399285877788, -13.657837194964461, -13.216167564663863
-1.2408332970034968, -13.655268923203371, -13.217365169454283
-0.6171727273843551, -13.65270065144228, -13.2185627742447
0.006241780269658204, -13.650132379681192, -13.219760379035119
0.629410225958538, -13.647564107920104, -13.220957983825539
1.252332609682284, -13.644995836159016, -13.222155588615959
1.8750089314408847, -13.642427564397925, -13.223353193406378
2.4974391912343616, -13.639859292636835, -13.224550798196795
3.1196233890627, -13.637291020875747, -13.225748402987215
3.7415615249259075, -13.634722749114655, -13.226946007777634
4.363253598823973, -13.632154477353566, -13.228143612568054
4.984699610756913, -13.629586205592478, -13.229341217358474
5.605899560724719, -13.627017933831388, -13.230538822148894
6.226853448727381, -13.624449662070298, -13.23173642693931
6.847561274764917, -13.621881390309209, -13.23293403172973
7.468023038837325, -13.619313118548119, -13.23413163652015
8.088238740944579, -13.616744846787029, -13.23532924131057
8.708208381086713, -13.61417657502594, -13.23652684610099
9.327931959263715, -13.611608303264852, -13.237724450891406
9.947409475475576, -13.609040031503762, -13.238922055681826
10.566351795941602, -13.594300747462285, -13.240119660472246
11.179952345428093, -13.515392543961358, -13.241317265262664
11.774371243799047, -13.344577518809317, -13.242514870053084
12.32522016248312, -13.063226218717965, -13.243712474843502
12.79508843013356, -12.660801751159717, -13.244910079633922
13.15689724712922, -12.157929146088476, -13.246107684424341
13.396895113445481, -11.58576288867604, -13.24730528921476
13.531843994576455, -10.97944297529891, -13.24850289400518
13.581713333242142, -10.359841576026492, -13.249700498795598
13.583357313892854, -9.737745412035327, -13.250898103586017
13.580789042131764, -9.115838033917774, -13.252095708376437
13.578220770370674, -8.49417671776534, -13.253293313166855
13.575652498609585, -7.872761463578039, -13.254490917957275
13.573084226848497, -7.2515922713558885, -13.255688522747693
13.570515955087407, -6.630669141098855, -13.256886127538113
13.567947683326317, -6.009992072806958, -13.258083732328533
13.565379411565228, -5.389561066480197, -13.259281337118951
13.56281113980414, -4.76937612211858, -13.260478941909371
13.56024286804305, -4.1494372397220864, -13.261676546699789
13.55767459628196, -3.529744419290741, -13.262874151490209
13.555106324520871, -2.9102976608245172, -13.264071756280629
13.55253805275978, -2.2910969643234393, -13.265269361071047
13.549969780998692, -1.6721423297874838, -13.266466965861467
13.547401509237604, -1.0534337572166712, -13.267664570651887
13.544833237476515, -0.4349712466109858, -13.268862175442305
13.542264965715425, 0.18324520202956754, -13.270059780232724
13.539696693954337, 0.801215588704988, -13.271257385023143
13.537128422193247, 1.418939913415258, -13.272454989813562
13.534560150432156, 2.0364181761604088, -13.273652594603982
13.531991878671068, 2.653650376940427, -13.2748501993944
13.52942360690998, 3.270636515755296, -13.27604780418482
13.52685533514889, 3.8873765926050416, -13.277245408975238
13.5242870633878, 4.503870607489655, -13.278443013765658
13.52171879162671, 5.1201185604091215, -13.279640618556078
13.519150519865622, 5.736120451363466, -13.280838223346496
13.516582248104532, 6.351876280352664, -13.282035828136916
13.514013976343442, 6.9673860473767375, -13.283233432927334
13.511445704582353, 7.582649752435668, -13.284431037717754
13.508877432821263, 8.197667395529477, -13.285628642508174
13.506309161060175, 8.812438976658148, -13.286826247298592
13.503740889299086, 9.426964495821675, -13.288023852089012
13.501172617537996, 10.041243953020079, -13.28922145687943
13.471403051525204, 10.654370273956472, -13.29041906166985
13.367547076007593, 11.259125761827605, -13.29161666646027
13.166380319665146, 11.838700195608457, -13.292814271250688
12.850105400404933, 12.364331377251125, -13.294011876041107
12.421048907840657, 12.80315885295407, -13.295209480831527
11.897998216570201, 13.126007394997627, -13.296407085621945
11.319568358562849, 13.336585366542899, -13.297604690412365
10.713126326460076, 13.446863597113367, -13.298802295202783
10.09711207776262, 13.478058171687678, -13.299999899993203
10.097112077762617, 13.47805817168767, -13.299999899993203
9.480156696693381, 13.475489899926579, -13.301197504783621
8.86344737758928, 13.47292162816549, -13.302395109574043
8.24698412045031, 13.4703533564044, -13.30359271436446
7.63076692527648, 13.467785084643312, -13.30479031915488
7.0147957920677815, 13.465216812882224, -13.305987923945299
6.399070720824217, 13.462648541121133, -13.307185528735719
5.783591711545787, 13.460080269360045, -13.308383133526139
5.168358764232492, 13.457511997598955, -13.309580738316555
4.553371878884331, 13.454943725837865, -13.310778343106975
3.938631055501304, 13.452375454076776, -13.311975947897395
3.324136294083411, 13.449807182315686, -13.313173552687815
2.709887594630652, 13.447238910554596, -13.314371157478233
2.0958849571430287, 13.444670638793506, -13.31556876226865
1.4821283816205384, 13.442102367032417, -13.31676636705907
0.8686178680631833, 13.439534095271327, -13.31796397184949
0.25535341647096244, 13.436965823510238, -13.31916157663991
-0.35766497315612417, 13.434397551749148, -13.320359181430328
-0.9704373008180764, 13.43182927998806, -13.321556786220748
-1.5829635665148944, 13.429261008226971, -13.322754391011166
-2.195243770246578, 13.42669273646588, -13.323951995801586
-2.807277912013129, 13.424124464704791, -13.325149600592006
-3.419065991814544, 13.421556192943703, -13.326347205382426
-4.030608009650825, 13.418987921182612, -13.327544810172844
-4.641903965521973, 13.416419649421524, -13.328742414963262
-5.252953859427984, 13.413851377660436, -13.329940019753684
-5.863757691368861, 13.411283105899345, -13.331137624544102
-6.474315461344604, 13.408714834138255, -13.33233522933452
-7.084627169355215, 13.406146562377167, -13.33353283412494
-7.694692815400691, 13.403578290616075, -13.334730438915358
-8.304512399481032, 13.401010018854986, -13.33592804370578
-8.914085921596236, 13.398441747093896, -13.337125648496198
-9.523413381746309, 13.395873475332808, -13.338323253286617
-10.132450363909692, 13.390038718571857, -13.339520858077035
-10.73895066111761, 13.340482698996762, -13.340718462867454
-11.332942091169341, 13.208998615894332, -13.341916067657873
-11.895120168182757, 12.976841421547777, -13.343113672448293
-12.394728483199465, 12.629937940449729, -13.344311277238711
-12.798636214271069, 12.174307861347977, -13.345508882029131
-13.087443135529044, 11.637324628769319, -13.346706486819551
-13.265640874285928, 11.053274292924709, -13.34790409160997
-13.352414992195085, 10.44829778563, -13.349101696400387
-13.370190757721927, 9.83690895404062, -13.350299301190805
-13.367622485960837, 9.22515163198485, -13.351496905981223
-13.365054214199747, 8.613640371894205, -13.352694510771641
-13.36248594243866, 8.002375173768703, -13.353892115562061
-13.35991767067757, 7.3913560376083325, -13.355089720352481
-13.35734939891648, 6.780582963413097, -13.356287325142901
-13.354781127155391, 6.170055951182991, -13.357484929933317
-13.352212855394301, 5.559775000918025, -13.358682534723739
-13.349644583633212, 4.949740112618192, -13.359880139514157
-13.347076311872122, 4.339951286283492, -13.361077744304577
-13.344508040111034, 3.7304085219139296, -13.362275349094997
-13.341939768349945, 3.1211118195094976, -13.363472953885417
-13.339371496588855, 2.5120611790702028, -13.364670558675835
-13.336803224827765, 1.903256600596042, -13.365868163466253
-13.334234953066677, 1.2946980840870095, -13.367065768256673
-13.331666681305588, 0.686385629543119, -13.368263373047093
-13.329098409544496, 0.07831923696435882, -13.369460977837509
-13.326530137783408, -0.5295010936492648, -13.37065858262793
-13.32396186602232, -1.1370753622977567, -13.371856187418349
-13.321393594261231, -1.7444035689811106, -13.373053792208768
-13.318825322500139, -2.351485713699332, -13.374251396999187
-13.31625705073905, -2.9583217964524207, -13.375449001789606
-13.313688778977962, -3.5649118172403718, -13.376646606580026
-13.31112050721687, -4.171255776063189, -13.377844211370444
-13.308552235455782, -4.777353672920876, -13.379041816160864
-13.305983963694695, -5.383205507813427, -13.380239420951284
-13.303415691933605, -5.988811280740839, -13.381437025741704
-13.300847420172513, -6.594170991703118, -13.38263463053212
-13.298279148411424, -7.199284640700265, -13.38383223532254
-13.295710876650336, -7.804152227732284, -13.38502984011296
-13.293142604889246, -8.40877375279916, -13.386227444903378
-13.29057433312816, -9.013149215900908, -13.3874250496938
-13.28800606136707, -9.617278617037517, -13.388622654484218
-13.274423925696409, -10.220909581807158, -13.389820259274641
-13.201674533164358, -10.819827417462998, -13.39101786406506
-13.043225759678862, -11.401843057526339, -13.39221546885548
-12.77887136567886, -11.943991585982278, -13.393413073645899
-12.402086011280346, -12.415122467546631, -13.394610678436319
-11.92330292696052, -12.783211383263843, -13.395808283226737
-11.375412521412379, -13.039655753612927, -13.397005888017159
-10.7888377172758, -13.191287363498454, -13.398203492807575
-10.185983096681404, -13.256676186222158, -13.399401097597995
-9.579289480953063, -13.262323343756714, -13.400598702388411
-8.972730217910751, -13.259755071995624, -13.40179630717883
-8.366417016833584, -13.257186800234535, -13.40299391196925
-7.760349877721536, -13.254618528473445, -13.40419151675967
-7.154528800574622, -13.252050256712355, -13.40538912155009
-6.5489537853928494, -13.249481984951267, -13.406586726340507
-5.94362483217621, -13.246913713190176, -13.407784331130927
-5.338541940924707, -13.244345441429086, -13.408981935921346
-4.733705111638335, -13.241777169667998, -13.410179540711766
-4.1291143443171, -13.23920889790691, -13.411377145502184
-3.5247696389609957, -13.23664062614582, -13.412574750292604
-2.920670995570024, -13.234072354384729, -13.413772355083022
-2.316818414144194, -13.23150408262364, -13.414969959873442
-1.7132118946834964, -13.228935810862552, -13.416167564663862
-1.109851437187935, -13.226367539101464, -13.41736516945428
-0.5067370416575023, -13.223799267340373, -13.418562774244698
0.0961312919077966, -13.221230995579283, -13.41976037903512
0.6987535635079527, -13.218662723818195, -13.420957983825538
1.3011297731429856, -13.216094452057105, -13.422155588615958
1.9032599208128738, -13.213526180296014, -13.423353193406376
2.5051440065176336, -13.210957908534926, -13.424550798196794
3.106782030257261, -13.208389636773838, -13.425748402987216
3.7081739920317514, -13.205821365012746, -13.426946007777634
4.309319891841107, -13.203253093251657, -13.428143612568054
4.910219729685323, -13.200684821490569, -13.429341217358472
5.510873505564411, -13.198116549729477, -13.43053882214889
6.111281219478359, -13.195548277968388, -13.431736426939311
6.71144287142719, -13.1929800062073, -13.43293403172973
7.311358461410873, -13.19041173444621, -13.43413163652015
7.911027989429419, -13.187843462685121, -13.435329241310567
8.510451455482839, -13.185275190924033, -13.436526846100989
9.109628859571123, -13.182706919162943, -13.437724450891405
9.708560201694274, -13.180138647401854, -13.438922055681825
10.306436488839546, -13.152668289237617, -13.440119660472245
10.896742060981751, -13.055644614326125, -13.441317265262663
11.464843758126733, -12.868419346755639, -13.442514870053083
11.984644119665134, -12.572587894440021, -13.443712474843503
12.424871483218348, -12.167238664592242, -13.444910079633921
12.75910000416521, -11.670004558472161, -13.44610768442434
12.981292775877096, -11.112586841514158, -13.447305289214759
13.106743864144144, -10.525141739732453, -13.448502894005179
13.152951611592911, -9.925805547462248, -13.449700498795599
13.154455929790945, -9.324253658499941, -13.450898103586017
13.151887658029855, -8.72289245447111, -13.452095708376437
13.149319386268767, -8.121777312407387, -13.453293313166856
13.146751114507676, -7.520908232308807, -13.454490917957274
13.144182842746588, -6.920285214175362, -13.455688522747694
13.141614570985498, -6.31990825800705, -13.456886127538112
13.13904629922441, -5.719777363803875, -13.458083732328532
13.13647802746332, -5.119892531565824, -13.459281337118952
13.13390975570223, -4.520253761292919, -13.46047894190937
13.131341483941142, -3.920861052985141, -13.461676546699788
13.128773212180052, -3.321714406642506, -13.462874151490208
13.126204940418964, -2.7228138222650036, -13.464071756280626
13.123636668657873, -2.1241592998526384, -13.465269361071048
13.121068396896785, -1.525750839405404, -13.466466965861466
13.118500125135697, -0.9275884409233062, -13.467664570651884
13.115931853374605, -0.3296721044063299, -13.468862175442304
13.113363581613516, 0.2679981701455034, -13.470059780232724
13.110795309852426, 0.8654223827322063, -13.471257385023144
13.108227038091337, 1.4626005333537728, -13.472454989813562
13.105658766330247, 2.0595326220102064, -13.47365259460398
13.103090494569159, 2.656218648701515, -13.4748501993944
13.100522222808069, 3.25265861342766, -13.47604780418482
13.09795395104698, 3.848852516188696, -13.47724540897524
13.095385679285892, 4.44480035698458, -13.478443013765657
13.092817407524802, 5.040502135815355, -13.479640618556076
13.090249135763713, 5.635957852680983, -13.480838223346497
13.087680864002623, 6.231167507581471, -13.482035828136915
13.085112592241535, 6.826131100516825, -13.483233432927335
13.082544320480444, 7.420848631487042, -13.484431037717753
13.079976048719356, 8.015320100492142, -13.485628642508171
13.077407776958268, 8.609545507532083, -13.486826247298593
13.074839505197176, 9.203524852606913, -13.488023852089011
13.069289786081693, 9.797217595493688, -13.48922145687943
13.023575590828328, 10.388662373351302, -13.490419061669849
12.900747961367525, 10.968872581835354, -13.491616666460267
12.683300741205757, 11.520520115244203, -13.492814271250689
12.359488796762228, 12.017535623799292, -13.494011876041107
11.926350588243618, 12.423493131200788, -13.495209480831527
11.413790116152386, 12.724317673055618, -13.496407085621945
10.85101237622168, 12.918355016860122, -13.497604690412365
10.263753744761809, 13.019714818524236, -13.498802295202784
9.668210693660711, 13.04915678758576, -13.499999899993202
9.668210693660711, 13.049156787585753, -13.499999899993202
9.07180148668019, 13.046588515824663, -13.50119750478362
8.475638341664805, 13.044020244063574, -13.502395109574042
7.879721258614551, 13.041451972302486, -13.503592714364459
7.284050237529433, 13.038883700541396, -13.50479031915488
6.688625278409449, 13.036315428780306, -13.505987923945298
6.0934463812546005, 13.033747157019217, -13.507185528735718
5.498513546064884, 13.031178885258129, -13.508383133526136
4.903826772840303, 13.028610613497039, -13.509580738316554
4.309386061580857, 13.02604234173595, -13.510778343106976
3.7151914122865444, 13.02347406997486, -13.511975947897394
3.1212428249573665, 13.020905798213768, -13.513173552687814
2.527540299593323, 13.01833752645268, -13.514371157478232
1.9340838361944137, 13.01576925469159, -13.51556876226865
1.3408734347606384, 13.0132009829305, -13.51676636705907
0.7479090952919978, 13.01063271116941, -13.51796397184949
0.15519081778849128, 13.008064439408324, -13.51916157663991
-0.4372813977498808, 13.005496167647232, -13.520359181430328
-1.0295075513231182, 13.002927895886144, -13.521556786220748
-1.6214876429312217, 13.000359624125053, -13.522754391011166
-2.213221672574191, 12.997791352363965, -13.523951995801585
-2.8047096402520255, 12.995223080602877, -13.525149600592004
-3.3959515459647274, 12.992654808841786, -13.526347205382423
-3.9869473897122925, 12.990086537080698, -13.527544810172843
-4.577697171494724, 12.987518265319606, -13.528742414963261
-5.168200891312024, 12.984949993558518, -13.529940019753683
-5.758458549164184, 12.982381721797429, -13.5311376245441
-6.3484701450512135, 12.979813450036339, -13.53233522933452
-6.938235678973109, 12.97724517827525, -13.533532834124939
-7.527755150929869, 12.974676906514159, -13.534730438915357
-8.117028560921495, 12.97210863475307, -13.535928043705777
-8.706055908947988, 12.96954036299198, -13.537125648496195
-9.294837195009347, 12.966972091230891, -13.538323253286617
-9.883181830212777, 12.954833135709649, -13.539520858077035
-10.467284014093687, 12.886692914996154, -13.540718462867453
-11.036235789371464, 12.738374940252122, -13.541916067657873
-11.569329428479836, 12.490515316089272, -13.54311367244829
-12.037989101901655, 12.13534110895236, -13.544311277238712
-12.413526715948903, 11.682110288834101, -13.54550888202913
-12.679072250170645, 11.155783219749809, -13.546706486819552
-12.844493012270458, 10.589263041496626, -13.547904091609968
-12.924825930475368, 10.004042752966193, -13.549101696400387
-12.941289373620009, 9.41314411346089, -13.550299301190803
-12.93872110185892, 8.821932965493833, -13.551496905981224
-12.93615283009783, 8.230967879491905, -13.55269451077164
-12.93358455833674, 7.640248855455117, -13.553892115562062
-12.931016286575652, 7.049775893383462, -13.555089720352482
-12.928448014814563, 6.45954899327694, -13.556287325142899
-12.925879743053473, 5.8695681551355525, -13.557484929933317
-12.923311471292385, 5.279833378959301, -13.558682534723738
-12.920743199531294, 4.69034466474818, -13.55988013951416
-12.918174927770206, 4.101102012502196, -13.561077744304576
-12.915606656009118, 3.5121054222213477, -13.562275349094996
-12.91303838424803, 2.9233548939056324, -13.563472953885416
-12.910470112486937, 2.334850427555053, -13.564670558675834
-12.907901840725847, 1.7465920231696075, -13.565868163466252
-12.905333568964759, 1.1585796807492912, -13.567065768256672
-12.90276529720367, 0.5708134002941144, -13.568263373047092
-12.90019702544258, -0.016706818195930305, -13.569460977837508
-12.897628753681492, -0.6039809747208383, -13.57065858262793
-12.895060481920403, -1.1910090692806141, -13.571856187418351
-12.892492210159311, -1.777791101875256, -13.573053792208768
-12.889923938398223, -2.3643270725047656, -13.574251396999186
-12.887355666637134, -2.9506169811691363, -13.575449001789607
-12.884787394876044, -3.5366608278683738, -13.576646606580026
-12.882219123114954, -4.122458612602475, -13.577844211370444
-12.879650851353865, -4.708010335371443, -13.579041816160863
-12.877082579592777, -5.293315996175284, -13.580239420951283
-12.874514307831687, -5.878375595013983, -13.581437025741703
-12.871946036070597, -6.463189131887543, -13.58263463053212
-12.869377764309508, -7.0477566067959785, -13.58383223532254
-12.866809492548418, -7.63207801973928, -13.58502984011296
-12.864241220787328, -8.216153370717441, -13.586227444903379
-12.86167294902624, -8.799982659730476, -13.587425049693799
-12.858934734583528, -9.383563575983178, -13.588622654484217
-12.833278675461322, -9.966164205000476, -13.589820259274639
-12.74208399993098, -10.541866886081946, -13.591017864065055
-12.566151590989744, -11.097485478952606, -13.592215468855478
-12.288809344950383, -11.609996723919362, -13.593413073645895
-11.90596402557789, -12.049602276770036, -13.594610678436315
-11.432992392379973, -12.39172918930701, -13.595808283226734
-10.898120402610454, -12.627862449103546, -13.597005888017154
-10.329457078936946, -12.766950551152012, -13.598203492807572
-9.746812423654864, -12.82805412702561, -13.59940109759799
-9.160661183895549, -12.833421959654807, -13.600598702388412
-8.574648094941951, -12.830853687893716, -13.60179630717883
-7.988881067953489, -12.828285416132628, -13.60299391196925
-7.403360102930162, -12.825717144371538, -13.60419151675967
-6.818085199871967, -12.823148872610446, -13.605389121550088
-6.233056358778908, -12.820580600849357, -13.606586726340508
-5.648273579650985, -12.818012329088269, -13.607784331130926
-5.063736862488194, -12.81544405732718, -13.608981935921346
-4.479446207290536, -12.81287578556609, -13.610179540711766
-3.8954016140580103, -12.810307513805, -13.611377145502185
-3.311603082790624, -12.807739242043912, -13.612574750292602
-2.7280506134883646, -12.805170970282823, -13.613772355083022
-2.144744206151252, -12.802602698521733, -13.614969959873441
-1.5616838607792702, -12.800034426760643, -13.616167564663861
-0.9788695773724163, -12.797466154999555, -13.61736516945428
-0.3963013559307033, -12.794897883238466, -13.618562774244698
0.1860208035458832, -12.792329611477378, -13.619760379035117
0.7680969010573246, -12.789761339716287, -13.620957983825537
1.349926936603644, -12.787193067955197, -13.622155588615957
1.9315109101848178, -12.784624796194109, -13.623353193406377
2.5128488218008647, -12.78205652443302, -13.624550798196793
3.0939406714517768, -12.77948825267193, -13.625748402987213
3.6747864591375476, -12.77691998091084, -13.626946007777633
4.255386184858195, -12.77435170914975, -13.628143612568053
4.8357398486136995, -12.77178343738866, -13.629341217358473
5.415847450404075, -12.769215165627571, -13.630538822148889
5.995708990229314, -12.766646893866483, -13.631736426939309
6.575324468089429, -12.764078622105393, -13.632934031729729
7.154693883984393, -12.761510350344302, -13.634131636520149
7.733817237914222, -12.758942078583214, -13.635329241310568
8.312694529878929, -12.756373806822126, -13.636526846100985
8.891325759878502, -12.753805535061037, -13.637724450891405
9.469670490961244, -12.748263410814419, -13.638922055681824
10.045890683125323, -12.70477983514601, -13.640119660472244
10.611968574336839, -12.589520948841638, -13.641317265262664
11.15232753032532, -12.385469455642001, -13.642514870053082
11.642309496425831, -12.079346246322942, -13.6437124748435
12.051930593519279, -11.671432165997633, -13.64491007963392
12.359753743770083, -11.181229209065439, -13.64610768442434
12.565690438308694, -10.639410794352328, -13.64730528921476
12.681643733711823, -10.070840504166073, -13.648502894005178
12.72418988994368, -9.49176951889806, -13.649700498795598
12.725554545689036, -8.910761904964632, -13.650898103586016
12.722986273927948, -8.329946875024497, -13.652095708376436
12.72041800216686, -7.749377907049489, -13.653293313166856
12.717849730405769, -7.169055001039629, -13.654490917957274
12.715281458644679, -6.588978156994891, -13.655688522747694
12.71271318688359, -6.009147374915301, -13.656886127538113
12.7101449151225, -5.429562654800833, -13.658083732328532
12.707576643361413, -4.8502239966515095, -13.65928133711895
12.705008371600323, -4.271131400467297, -13.66047894190937
12.702440099839233, -3.692284866248243, -13.66167654669979
12.699871828078145, -3.1136843939943124, -13.66287415149021
12.697303556317054, -2.5353299837055276, -13.664071756280627
12.694735284555964, -1.9572216353818772, -13.665269361071045
12.692167012794876, -1.3793593490233496, -13.666466965861465
12.689598741033787, -0.8017431246299556, -13.667664570651885
12.687030469272697, -0.22437296220169387, -13.668862175442303
12.684462197511607, 0.35275113826141974, -13.670059780232723
12.68189392575052, 0.929629176759412, -13.671257385023141
12.67932565398943, 1.5062611532922576, -13.672454989813561
12.676757382228342, 2.0826470678599684, -13.67365259460398
12.674189110467251, 2.6587869204625716, -13.674850199394399
12.671620838706163, 3.2346807111000118, -13.676047804184819
12.669052566945073, 3.8103284397723334, -13.677245408975237
12.666484295183983, 4.385730106479506, -13.678443013765657
12.663916023422894, 4.960885711221559, -13.679640618556077
12.661347751661804, 5.535795253998464, -13.680838223346495
12.658779479900716, 6.110458734810247, -13.682035828136915
12.656211208139627, 6.684876153656897, -13.683233432927334
12.653642936378539, 7.259047510538398, -13.684431037717752
12.651074664617449, 7.83297280545478, -13.685628642508172
12.648506392856358, 8.406652038406012, -13.68682624729859
12.64593812109527, 8.980085209392124, -13.68802385208901
12.635461686287853, 9.553164787186015, -13.68922145687943
12.57059308138015, 10.12234903568729, -13.690419061669848
12.43060488828832, 10.677749235120558, -13.691616666460266
12.197886577646607, 11.20108457914522, -13.692814271250686
11.861765953282871, 11.664887242306873, -13.694011876041106
11.431575579588218, 12.0437342938697, -13.695209480831526
10.92896331659971, 12.321221998199245, -13.696407085621946
10.381991026299957, 12.498336308914512, -13.697604690412362
9.814380829244019, 12.592563197598587, -13.698802295202782
9.239309309558799, 12.620255403483846, -13.699999899993202
9.239309309558806, 12.620255403483837, -13.699999899993202
8.663446276666999, 12.617687131722747, -13.70119750478362
8.087829305740327, 12.615118859961658, -13.70239510957404
7.51245839677879, 12.612550588200568, -13.70359271436446
6.937333549782387, 12.60998231643948, -13.70479031915488
6.362454764751118, 12.607414044678391, -13.705987923945298
5.787822041684983, 12.604845772917301, -13.707185528735717
5.213435380583983, 12.60227750115621, -13.708383133526135
4.6392947814481165, 12.599709229395122, -13.709580738316554
4.065400244277385, 12.597140957634032, -13.710778343106975
3.4917517690717874, 12.594572685872944, -13.711975947897393
2.918349355831325, 12.592004414111853, -13.713173552687813
2.3451930045559957, 12.589436142350763, -13.714371157478231
1.7722827152458005, 12.586867870589675, -13.71556876226865
1.1996184879007405, 12.584299598828585, -13.716766367059071
0.6272003225208159, 12.581731327067494, -13.717963971849489
0.055028219106022354, 12.579163055306408, -13.719161576639909
-0.5168978223436353, 12.576594783545316, -13.720359181430327
-1.088577801828157, 12.574026511784227, -13.721556786220747
-1.6600117193475465, 12.571458240023139, -13.722754391011165
-2.231199574901801, 12.568889968262049, -13.723951995801585
-2.8021413684909215, 12.566321696500959, -13.725149600592005
-3.3728371001149062, 12.56375342473987, -13.726347205382423
-3.943286769773758, 12.561185152978782, -13.727544810172843
-4.513490377467476, 12.55861688121769, -13.72874241496326
-5.08344792319606, 12.556048609456603, -13.72994001975368
-5.653159406959508, 12.553480337695513, -13.7311376245441
-6.222624828757822, 12.550912065934423, -13.732335229334518
-6.791844188591003, 12.548343794173334, -13.733532834124938
-7.36081748645905, 12.545775522412242, -13.734730438915356
-7.929544722361958, 12.543207250651154, -13.735928043705776
-8.498025896299737, 12.540638978890065, -13.737125648496196
-9.066255972991375, 12.537700397738448, -13.738323253286616
-9.633553422439247, 12.51323421019743, -13.739520858077036
-10.194500237128155, 12.426865232823248, -13.740718462867452
-10.737028535441254, 12.260493246275487, -13.741916067657872
-11.240863941182626, 11.999472552343963, -13.743113672448292
-11.679500773490123, 11.63899533034128, -13.744311277238712
-12.024717321288145, 11.187413386362197, -13.74550888202913
-12.270701364812243, 10.674241810730303, -13.746706486819551
-12.423345150254985, 10.125251790068546, -13.747904091609968
-12.497236868755648, 9.559787720302392, -13.749101696400388
-12.512387989518091, 8.989379272881163, -13.750299301190804
-12.509819717757003, 8.418714299002817, -13.751496905981224
-12.507251445995912, 7.84829538708961, -13.752694510771642
-12.504683174234824, 7.278122537141535, -13.75389211556206
-12.502114902473735, 6.708195749158594, -13.75508972035248
-12.499546630712645, 6.138515023140787, -13.7562873251429
-12.496978358951555, 5.569080359088112, -13.757484929933318
-12.494410087190465, 4.999891757000572, -13.75868253472374
-12.491841815429378, 4.430949216878169, -13.759880139514157
-12.489273543668286, 3.8622527387208985, -13.761077744304576
-12.486705271907198, 3.293802322528763, -13.762275349094995
-12.48413700014611, 2.7255979683017646, -13.763472953885415
-12.48156872838502, 2.1576396760398957, -13.764670558675835
-12.479000456623929, 1.5899274457431605, -13.765868163466251
-12.47643218486284, 1.0224612774115607, -13.767065768256671
-12.473863913101752, 0.4552411710450992, -13.768263373047091
-12.471295641340662, -0.11173287335623466, -13.769460977837511
-12.468727369579572, -0.6784608557924279, -13.77065858262793
-12.466159097818483, -1.244942776263486, -13.77185618741835
-12.463590826057395, -1.8111786347694165, -13.773053792208767
-12.461022554296305, -2.377168431310208, -13.774251396999187
-12.458454282535214, -2.9429121658858657, -13.775449001789607
-12.455886010774126, -3.508409838496396, -13.776646606580027
-12.453317739013036, -4.073661449141785, -13.777844211370443
-12.45074946725195, -4.6386669978220425, -13.779041816160863
-12.44818119549086, -5.203426484537168, -13.780239420951283
-12.445612923729769, -5.767939909287154, -13.781437025741702
-12.44304465196868, -6.332207272072001, -13.78263463053212
-12.44047638020759, -6.896228572891728, -13.78383223532254
-12.437908108446502, -7.460003811746311, -13.785029840112959
-12.435339836685412, -8.023532988635761, -13.786227444903378
-12.432771564924323, -8.58681610356008, -13.787425049693798
-12.427468092329661, -9.149815964632825, -13.788622654484218
-12.38570358311869, -9.710824460488423, -13.789820259274638
-12.276315979360664, -10.26248987314715, -13.791017864065054
-12.084065723380174, -10.790956253331213, -13.792215468855474
-11.794318741881835, -11.273010294660772, -13.793413073645894
-11.4085973094536, -11.682837355571692, -13.794610678436312
-10.94146697682637, -11.998035010955778, -13.795808283226734
-10.420145488549874, -12.214087603067876, -13.797005888017154
-9.870075873077571, -12.34261067145362, -13.79820349280757
-9.307641750628266, -12.39943206782906, -13.79940109759799
-8.742032886837968, -12.404520575552898, -13.800598702388411
-8.176565971973087, -12.40195230379181, -13.80179630717883
-7.611345119073334, -12.399384032030717, -13.80299391196925
-7.046370328138725, -12.396815760269629, -13.80419151675967
-6.481641599169242, -12.394247488508539, -13.805389121550089
-5.917158932164897, -12.391679216747448, -13.806586726340507
-5.3529223271256825, -12.38911094498636, -13.807784331130925
-4.7889317840516075, -12.38654267322527, -13.808981935921345
-4.225187302942667, -12.38397440146418, -13.810179540711765
-3.6616888837988544, -12.381406129703091, -13.811377145502183
-3.0984365266201843, -12.378837857942003, -13.812574750292603
-2.5354302314066395, -12.376269586180912, -13.813772355083021
-1.9726699981582367, -12.373701314419824, -13.81496995987344
-1.4101558268749708, -12.371133042658734, -13.81616756466386
-0.8478877175568261, -12.368564770897645, -13.81736516945428
-0.2858656702038339, -12.365996499136557, -13.818562774244699
0.27591031518404274, -12.363428227375467, -13.819760379035118
0.8374402386067696, -12.360859955614377, -13.820957983825537
1.3987241000643706, -12.358291683853288, -13.822155588615956
1.9597618995568364, -12.355723412092198, -13.823353193406376
2.520553637084168, -12.35315514033111, -13.824550798196793
3.0810993126463675, -12.35058686857002, -13.825748402987214
3.6413989262434265, -12.348018596808929, -13.826946007777632
4.201452477875358, -12.345450325047839, -13.828143612568052
4.761259967542155, -12.34288205328675, -13.829341217358472
5.320821395243814, -12.340313781525662, -13.830538822148888
5.880136760980342, -12.337745509764572, -13.831736426939308
6.43920606475173, -12.335177238003482, -13.832934031729728
6.998029306557992, -12.332608966242393, -13.834131636520148
7.556606486399106, -12.330040694481305, -13.835329241310568
8.114937604275095, -12.327472422720213, -13.836526846100984
8.673022660185953, -12.324904150959124, -13.837724450891404
9.230693542004953, -12.31337985611636, -13.838922055681824
9.784774461226846, -12.252034520715423, -13.840119660472244
10.325998155740887, -12.118797600795922, -13.841317265262662
10.838261483586589, -11.899172502997914, -13.842514870053082
11.296743335502885, -11.582152230497249, -13.8437124748435
11.675989905111566, -11.173155063195644, -13.84491007963392
11.960331660341431, -10.692412215621257, -13.84610768442434
12.150088100740318, -10.166234747190419, -13.847305289214757
12.256543603279518, -9.616539268599595, -13.848502894005177
12.295428168294453, -9.05773349033377, -13.849700498795595
12.296653161587125, -8.497270151429227, -13.850898103586015
12.294084889826037, -7.9370012955777955, -13.852095708376435
12.291516618064946, -7.376978501691511, -13.853293313166853
12.288948346303858, -6.817201769770362, -13.854490917957273
12.286380074542768, -6.257671099814344, -13.855688522747691
12.283811802781678, -5.698386491823467, -13.856886127538111
12.28124353102059, -5.139347945797708, -13.85808373232853
12.278675259259499, -4.580555461737095, -13.85928133711895
12.27610698749841, -4.022009039641612, -13.860478941909369
12.27353871573732, -3.46370867951127, -13.861676546699787
12.270970443976232, -2.90565438134606, -13.862874151490207
12.268402172215144, -2.347846145145975, -13.864071756280627
12.265833900454053, -1.7902839709110463, -13.865269361071046
12.263265628692965, -1.2329678586412398, -13.866466965861465
12.260697356931876, -0.6758978083365551, -13.867664570651884
12.258129085170786, -0.1190738199970156, -13.868862175442302
12.255560813409698, 0.43750410637738735, -13.870059780232722
12.252992541648606, 0.9938359707866578, -13.871257385023142
12.250424269887517, 1.5499217732307902, -13.87245498981356
12.247855998126429, 2.105761513709802, -13.87365259460398
12.245287726365339, 2.661355192223659, -13.874850199394398
12.24271945460425, 3.216702808772401, -13.876047804184818
12.24015118284316, 3.7718043633559986, -13.877245408975238
12.237582911082072, 4.326659855974475, -13.878443013765656
12.235014639320983, 4.881269286627792, -13.879640618556076
12.232446367559893, 5.435632655315985, -13.880838223346494
12.229878095798803, 5.989749962039059, -13.882035828136914
12.227309824037713, 6.543621206796984, -13.883233432927334
12.224741552276624, 7.097246389589776, -13.884431037717752
12.222173280515536, 7.650625510417432, -13.885628642508172
12.219605008754446, 8.203758569279954, -13.88682624729859
12.217036736993357, 8.756645566177356, -13.88802385208901
12.192473201183551, 9.308600668568753, -13.889221456879428
12.10983460023455, 9.854613674235406, -13.89041906166985
11.951951151198964, 10.383704532204304, -13.891616666460267
11.705109502741411, 10.877605135266988, -13.892814271250685
11.363824054843686, 11.312058449340908, -13.894011876041105
10.935203950322649, 11.661611890763472, -13.895209480831523
10.442663194756516, 11.914778295761392, -13.896407085621943
9.912964079539567, 12.078296092911394, -13.897604690412363
9.365007913726254, 12.165411576672938, -13.898802295202783
8.81040792545689, 12.191354019381928, -13.899999899993201
8.810407925456893, 12.19135401938192, -13.899999899993201
8.2550910666538, 12.18878574762083, -13.901197504783621
7.700020269815842, 12.186217475859742, -13.902395109574039
7.145195534943018, 12.183649204098653, -13.903592714364459
6.590616862035329, 12.181080932337563, -13.904790319154877
6.036284251092774, 12.178512660576473, -13.905987923945297
5.482197702115354, 12.175944388815385, -13.907185528735717
4.928357215103066, 12.173376117054296, -13.908383133526135
4.374762790055914, 12.170807845293206, -13.909580738316555
3.821414426973897, 12.168239573532116, -13.910778343106973
3.2683121258570127, 12.165671301771026, -13.911975947897393
2.715455886705263, 12.163103030009935, -13.913173552687812
2.162845709518648, 12.160534758248847, -13.91437115747823
1.6104815942971678, 12.157966486487757, -13.91556876226865
1.05836354104082, 12.155398214726668, -13.916766367059068
0.5064915497496083, 12.152829942965578, -13.917963971849488
-0.04513437957646912, 12.15026167120449, -13.919161576639908
-0.5965142469374121, 12.1476933994434, -13.920359181430326
-1.147648052333221, 12.145125127682311, -13.921556786220746
-1.698535795763897, 12.142556855921221, -13.922754391011164
-2.2491774772294373, 12.139988584160132, -13.923951995801584
-2.7995730967298433, 12.137420312399042, -13.925149600592004
-3.349722654265116, 12.134852040637952, -13.926347205382422
-3.8996261498352522, 12.132283768876864, -13.927544810172842
-4.449283583440256, 12.129715497115775, -13.92874241496326
-4.9986949550801265, 12.127147225354687, -13.92994001975368
-5.54786026475486, 12.124578953593597, -13.9311376245441
-6.096779512464461, 12.122010681832506, -13.932335229334518
-6.645452698208929, 12.119442410071416, -13.933532834124938
-7.193879821988258, 12.116874138310328, -13.934730438915356
-7.742060883802457, 12.114305866549238, -13.935928043705776
-8.28999588365152, 12.111737594788146, -13.937125648496195
-8.837644351886109, 12.106193065859651, -13.938323253286619
-9.383520914813978, 12.066833949147778, -13.939520858077037
-9.920581775619732, 11.961691415248074, -13.940718462867455
-10.436399417866795, 11.779073940992754, -13.941916067657875
-10.909874418545668, 11.504693319517358, -13.943113672448293
-11.316187878008636, 11.137824984660192, -13.944311277238713
-11.635907926627409, 10.692716483890262, -13.94550888202913
-11.862117701898939, 10.19262708328483, -13.946706486819552
-12.002197288239522, 9.661240538640437, -13.94790409160997
-12.069647807035938, 9.115532687638554, -13.949101696400389
-12.083486605416175, 8.565614432301409, -13.950299301190803
-12.080918333655086, 8.015495632511778, -13.951496905981221
-12.078350061893996, 7.4656228946872805, -13.95269451077164
-12.075781790132908, 6.915996218827919, -13.95389211556206
-12.07321351837182, 6.3666156049336955, -13.955089720352479
-12.070645246610729, 5.817481053004601, -13.956287325142899
-12.068076974849639, 5.268592563040642, -13.957484929933315
-12.06550870308855, 4.719950135041817, -13.958682534723737
-12.062940431327462, 4.171553769008126, -13.959880139514155
-12.06037215956637, 3.6234034649395745, -13.961077744304575
-12.057803887805282, 3.075499222836152, -13.962275349094995
-12.055235616044193, 2.527841042697865, -13.963472953885415
-12.052667344283105, 1.9804289245247106, -13.964670558675833
-12.050099072522015, 1.4332628683166908, -13.96586816346625
-12.047530800760924, 0.8863428740738066, -13.96706576825667
-12.044962528999836, 0.3396689417960602, -13.968263373047089
-12.042394257238746, -0.20675892851655486, -13.969460977837507
-12.039825985477657, -0.7529407368640337, -13.970658582627928
-12.037257713716567, -1.2988764832463848, -13.971856187418346
-12.034689441955479, -1.8445661676635952, -13.973053792208766
-12.032121170194388, -2.390009790115675, -13.974251396999183
-12.0295528984333, -2.935207350602619, -13.975449001789604
-12.02698462667221, -3.480158849124436, -13.976646606580024
-12.024416354911121, -4.024864285681109, -13.977844211370442
-12.021848083150033, -4.569323660272653, -13.979041816160862
-12.019279811388943, -5.1135369728990625, -13.980239420951282
-12.016711539627853, -5.657504223560331, -13.9814370257417
-12.014143267866764, -6.20122541225647, -13.98263463053212
-12.011574996105676, -6.744700538987479, -13.983832235322538
-12.009006724344585, -7.287929603753346, -13.985029840112958
-12.006438452583495, -7.830912606554081, -13.986227444903378
-12.003870180822407, -8.373649547389679, -13.987425049693798
-11.991103704881311, -8.915909720842148, -13.988622654484217
-11.931878250632682, -9.45471959591124, -13.989820259274637
-11.804778229714508, -9.981611458107253, -13.991017864065055
-11.596097356824153, -10.481807154068846, -13.992215468855477
-11.296253521648726, -10.933373301907213, -13.993413073645893
-10.908566040044857, -11.312837143395404, -13.994610678436313
-10.448342875048768, -11.601430038001876, -13.995808283226733
-9.942050034381321, -11.799962937336549, -13.997005888017153
-9.410694667218209, -11.918270791755228, -13.99820349280757
-8.868471077601683, -11.970810008632514, -13.999401097597989
-8.3234045897804, -11.975619191450985, -14.000598702388409
-7.778483849004237, -11.973050919689896, -14.001796307178829
-7.233809170193203, -11.970482647928804, -14.002993911969249
-6.689380553347302, -11.967914376167716, -14.004191516759668
-6.145197998466536, -11.965346104406628, -14.005389121550087
-5.6012615055509105, -11.962777832645537, -14.006586726340505
-5.0575710746004106, -11.960209560884447, -14.007784331130924
-4.514126705615052, -11.957641289123359, -14.008981935921344
-3.970928398594827, -11.95507301736227, -14.010179540711764
-3.42797615353973, -11.952504745601182, -14.011377145502184
-2.885269970449773, -11.949936473840092, -14.012574750292602
-2.342809849324948, -11.947368202079002, -14.01377235508302
-1.8005957901652612, -11.944799930317913, -14.01496995987344
-1.2586277929707035, -11.942231658556825, -14.01616756466386
-0.7169058577412815, -11.939663386795734, -14.01736516945428
-0.17542998447700014, -11.937095115034644, -14.018562774244698
0.3657998268221602, -11.934526843273556, -14.019760379035116
0.9067835761561739, -11.931958571512467, -14.020957983825536
1.447521263525056, -11.929390299751377, -14.022155588615956
1.9880128889288113, -11.926822027990289, -14.023353193406374
2.5282584523674245, -11.924253756229199, -14.024550798196794
3.0682579538409067, -11.92168548446811, -14.025748402987212
3.6080113933492517, -11.91911721270702, -14.026946007777632
4.147518770892468, -11.91654894094593, -14.028143612568051
4.686780086470547, -11.91398066918484, -14.02934121735847
5.225795340083488, -11.911412397423751, -14.030538822148888
5.764564531731303, -11.908844125662661, -14.031736426939307
6.303087661413974, -11.906275853901573, -14.032934031729727
6.841364729131518, -11.903707582140484, -14.034131636520147
7.379395734883925, -11.901139310379394, -14.035329241310565
7.917180678671195, -11.898571038618305, -14.036526846100983
8.454718226825058, -11.895904684967526, -14.037724450891403
8.991316361153551, -11.871180725205853, -14.038922055681823
9.522212744018516, -11.791022080677546, -14.040119660472243
10.037432689928107, -11.64029087594659, -14.041317265262663
10.520462183654946, -11.40607826075379, -14.04251487005308
10.948347316751192, -11.081522211512876, -14.0437124748435
11.299302476953653, -10.674262953005664, -14.044910079633919
11.560423162582719, -10.203381172245534, -14.046107684424339
11.734148432801703, -9.692970919732252, -14.047305289214759
11.8314434728472, -9.162238033033185, -14.048502894005177
11.866666446645226, -8.623697461769567, -14.049700498795596
11.867751777485216, -8.083778397893884, -14.050898103586015
11.865183505724126, -7.5440557161311705, -14.052095708376434
11.862615233963039, -7.004579096333593, -14.053293313166854
11.860046962201949, -6.465348538501161, -14.054490917957272
11.85747869044086, -5.926364042633851, -14.055688522747692
11.85491041867977, -5.3876256087316765, -14.05688612753811
11.85234214691868, -4.849133236794644, -14.05808373232853
11.849773875157592, -4.310886926822748, -14.05928133711895
11.847205603396501, -3.772886678815964, -14.060478941909368
11.844637331635413, -3.235132492774337, -14.061676546699788
11.842069059874325, -2.6976243686978454, -14.062874151490206
11.839500788113234, -2.160362306586465, -14.064071756280626
11.836932516352146, -1.6233463064402494, -14.065269361071044
11.834364244591056, -1.086576368259156, -14.066466965861464
11.831795972829966, -0.5500524920431896, -14.067664570651882
11.829227701068877, -0.013774677792368654, -14.068862175442302
11.826659429307787, 0.5222570744933244, -14.070059780232722
11.8240911575467, 1.0580427648138726, -14.07125738502314
11.82152288578561, 1.5935823931693007, -14.07245498981356
11.81895461402452, 2.1288759595595934, -14.073652594603978
11.816386342263431, 2.663923463984736, -14.074850199394398
11.813818070502341, 3.198724906444763, -14.076047804184817
11.811249798741253, 3.7332802869396517, -14.077245408975235
11.808681526980163, 4.267589605469393, -14.078443013765655
11.806113255219074, 4.801652862034008, -14.079640618556075
11.803544983457986, 5.335470056633496, -14.080838223346493
11.800976711696896, 5.86904118926784, -14.082035828136913
11.798408439935805, 6.402366259937063, -14.083233432927333
11.795840168174717, 6.935445268641151, -14.084431037717753
11.793271896413627, 7.46827821538009, -14.085628642508171
11.790703624652538, 8.000865100153911, -14.08682624729859
11.784599647201548, 8.53315784621337, -14.088023852089009
11.74532047682716, 9.063645272946516, -14.089221456879429
11.645642256505846, 9.586242980653486, -14.090419061669847
11.470880040698514, 10.0888268560289, -14.091616666460267
11.210195776742024, 10.552716640597207, -14.092814271250687
10.861289801763839, 10.954637301734303, -14.094011876041105
10.436184690982733, 11.275570054456155, -14.095209480831524
9.95633632892633, 11.508273819379678, -14.096407085621943
9.443937132779176, 11.658255876908278, -14.097604690412362
8.91563499820849, 11.738259955747296, -14.09880229520278
8.381506541354984, 11.762452635280008, -14.0999998999932
8.381506541354984, 11.76245263528, -14.0999998999932
8.11632932645991, 11.693523029496395, -14.100596914918572
7.854258597607183, 11.624693173126424, -14.101193929843946
7.595283793149459, 11.556075367235646, -14.10179094476932
7.339383896510221, 11.487800337605497, -14.102387959694694
7.086523144992145, 11.420017046289322, -14.102984974620066
6.83664592753921, 11.352892268609684, -14.10358198954544
6.589671363491239, 11.286607762978948, -14.104179004470812
6.345488478006732, 11.22135456205342, -14.104776019396185
6.1039533430856885, 11.157324134660126, -14.105373034321559
5.864853502172636, 11.094740366265102, -14.105970049246931
5.627986514955981, 11.033738447156736, -14.106567064172305
5.393146117159132, 10.97441630234127, -14.107164079097679
5.1601179221090865, 10.916846556325215, -14.107761094023052
4.928702821512964, 10.861063297836646, -14.108358108948424
4.698726669502115, 10.807068391084842, -14.108955123873796
4.470045343726238, 10.75484033206416, -14.109552138799168
4.242545355854277, 10.704343400599045, -14.110149153724544
4.016141178036057, 10.655535472183368, -14.110746168649918
3.7907707694309627, 10.608373732519441, -14.11134318357529
3.5663905820307478, 10.562818268697914, -14.111940198500664
3.3430286605610853, 10.51883242633565, -14.112537213426036
3.120531459052806, 10.476393404623753, -14.11313422835141
2.8996155377308286, 10.435479933318895, -14.113731243276781
2.680283904208137, 10.39609200692293, -14.114328258202157
2.4625365584847256, 10.35822962543585, -14.114925273127529
2.2463735005605994, 10.321892788857665, -14.115522288052903
2.031794730435756, 10.28708149718837, -14.116119302978275
1.8188002481101968, 10.253795750427965, -14.116716317903649
1.607390053583921, 10.222035548576454, -14.11731333282902
1.3975641468569264, 10.19180089163383, -14.117910347754393
1.1893225279292168, 10.1630917796001, -14.118507362679768
0.9826651968007916, 10.135908212475258, -14.119104377605142
0.7775921534716483, 10.110250190259306, -14.119701392530514
0.5741033979417881, 10.086117712952248, -14.120298407455888
0.37219893021121153, 10.063510780554079, -14.12089542238126
0.1718787502799184, 10.042429393064802, -14.121492437306634
-0.02685714185208954, 10.022873550484414, -14.122089452232006
-0.22400874618481592, 10.004843252812917, -14.12268646715738
-0.4195760627182594, 9.988338500050313, -14.123283482082751
-0.6135590914524192, 9.973359292196596, -14.123880497008125
-0.8059578323872953, 9.959905629251773, -14.124477511933499
-0.9967722855228871, 9.947977511215841, -14.125074526858873
-1.1860024508591964, 9.937574938088797, -14.125671541784245
-1.3736483283962229, 9.928697909870646, -14.126268556709617
-1.5597099181339642, 9.921346426561385, -14.12686557163499
-1.7441872200724253, 9.915520488161015, -14.127462586560366
-1.9270802342116, 9.911220094669535, -14.128059601485738
-2.108388960551491, 9.908445246086947, -14.12865661641111
-2.2881133990921017, 9.90719594241325, -14.129253631336482
-2.4662535498334286, 9.907472183648443, -14.129850646261858
-2.6428094127754695, 9.909273969792526, -14.13044766118723
-2.817780987918229, 9.9126013008455, -14.131044676112602
-2.9911682752617033, 9.917454176807366, -14.131641691037977
-3.1629712748058973, 9.923832597678123, -14.13223870596335
-3.3331899865508063, 9.93173656345777, -14.132835720888723
-3.501824410496431, 9.94116607414631, -14.133432735814097
-3.6688745466427735, 9.952121129743736, -14.134029750739469
-3.8343403949898307, 9.964601730250056, -14.13462676566484
-3.998221955537608, 9.978607875665265, -14.135223780590215
-4.160519228286101, 9.994139565989366, -14.135820795515588
-4.321232213235307, 10.011196801222358, -14.136417810440962
-4.480360910385235, 10.029779581364238, -14.137014825366334
-4.637905319735874, 10.04988790641501, -14.137611840291706
-4.793799477829795, 10.066670629496915, -14.138208855217082
-4.947661575645424, 10.076306281464667, -14.138805870142454
-5.098947492166372, 10.076665584119356, -14.139402885067827
-5.2468735026654425, 10.066474490439253, -14.139999899993201
-5.390376052681974, 10.044422587001439, -14.140596914918573
-5.528070749347135, 10.00925597926525, -14.141193929843947
-5.658242098052645, 9.959910634823812, -14.14179094476932
-5.778887416739771, 9.895677007927311, -14.142387959694693
-5.887834188694556, 9.816368731995494, -14.142984974620065
-5.982932593353684, 9.722451126505376, -14.143581989545439
-6.062295816397725, 9.615081284398078, -14.144179004470812
-6.12453266128849, 9.496030500807734, -14.144776019396186
-6.1689085890839515, 9.367498494864348, -14.145373034321558
-6.195392483348748, 9.231867913184349, -14.14597004924693
-6.204587235031633, 9.091464485235411, -14.146567064172304
-6.197579368034496, 8.948375464859962, -14.147164079097678
-6.175758397612149, 8.804348670543837, -14.14776109402305
-6.140649299726228, 8.660765557974582, -14.148358108948425
-6.093782602787167, 8.518665957857447, -14.148955123873797
-6.036608311159112, 8.378799830554245, -14.149552138799171
-5.971742031540198, 8.241670100388294, -14.150149153724541
-5.904956884460129, 8.107535995683069, -14.150746168649913
-5.8412535819003315, 7.976345395462642, -14.151343183575287
-5.781158330965991, 7.847892619778223, -14.151940198500661
-5.725201606155381, 7.721894852275664, -14.152537213426033
-5.673936315974753, 7.597969952170067, -14.153134228351407
-5.627908901302612, 7.4756225106096394, -14.15373124327678
-5.587618556605403, 7.35423921132627, -14.154328258202153
-5.553467338576906, 7.233099856192483, -14.154925273127526
-5.52570846112103, 7.111409113639709, -14.155522288052898
-5.504404163775308, 6.988349625772341, -14.156119302978272
-5.489405576510408, 6.8631501156989465, -14.156716317903648
-5.480362955201279, 6.735155294648213, -14.157313332829018
-5.476766096874955, 6.60388154691565, -14.157910347754392
-5.478010763515026, 6.469034454831133, -14.158507362679764
-5.483561990436986, 6.330237754329819, -14.159104377605138
-5.492587825615725, 6.188051776975351, -14.159701392530511
-5.50457864466647, 6.042707913637508, -14.160298407455883
-5.519109419940579, 5.8945018838806575, -14.160895422381255
-5.535854987844777, 5.743599438250421, -14.16149243730663
-5.554532940132331, 5.5901366233923575, -14.162089452232005
-5.574890974795746, 5.434513237137426, -14.162686467157377
-5.596815696295681, 5.2787511515609795, -14.16328348208275
-5.620265962704503, 5.124573353783813, -14.163880497008122
-5.645241774022217, 4.97197984380593, -14.164477511933498
-5.671743130248824, 4.820970621627334, -14.16507452685887
-5.699770031384318, 4.671545687248017, -14.165671541784242
-5.729322477428705, 4.523705040667988, -14.166268556709614
-5.760400468381983, 4.377448681887239, -14.166865571634988
-5.7930040042441515, 4.232776610905772, -14.167462586560362
-5.82713308501521, 4.089688827723593, -14.168059601485737
-5.8627877106951605, 3.948185332340694, -14.16865661641111
-5.899967881284002, 3.808266124757082, -14.169253631336481
-5.938673596781735, 3.669931204972748, -14.169850646261853
-5.978904857188355, 3.5331805729876997, -14.170447661187229
-6.020661662503868, 3.3980142288019373, -14.1710446761126
-6.063944012728273, 3.2644321724154532, -14.171641691037975
-6.108751907861565, 3.132434403828258, -14.172238705963345
-6.155085347903752, 3.002020923040346, -14.17283572088872
-6.2029443328548295, 2.8731917300517127, -14.173432735814094
-6.252328862714794, 2.745946824862362, -14.174029750739464
-6.303238937483653, 2.6202862074723, -14.17462676566484
-6.3556745571614, 2.49620987788152, -14.175223780590212
-6.4096357217480415, 2.373717836090018, -14.175820795515586
-6.465122431243571, 2.2528100820978056, -14.17641781044096
-6.522134685647992, 2.1334866159048738, -14.177014825366332
-6.580672484961302, 2.0157474375112248, -14.177611840291704
-6.640735829183506, 1.8995925469168626, -14.178208855217079
-6.702324718314599, 1.7850219441217838, -14.178805870142451
-6.765439152354583, 1.6720356291259875, -14.179402885067825
-6.830079131303458, 1.5606336019294713, -14.179999899993199
-6.8962446551612215, 1.4508158625322434, -14.18059691491857
-6.963935723927878, 1.3425824109342925, -14.181193929843946
-7.0331523376034255, 1.2359332471356268, -14.181790944769318
-7.1038944961878645, 1.1308683711362484, -14.18238795969469
-7.176162199681193, 1.0273877829361537, -14.182984974620064
-7.249955448083413, 0.9254914825353384, -14.183581989545436
-7.325274241394525, 0.8251794699338109, -14.18417900447081
-7.402118579614525, 0.7264517451315653, -14.184776019396185
-7.480488462743413, 0.6293083081286008, -14.185373034321554
-7.560383890781198, 0.533749158924917, -14.18597004924693
-7.641804863727874, 0.439774297520521, -14.186567064172303
-7.7247513815834346, 0.34738372391541184, -14.187164079097675
-7.808894982840327, 0.2565819043641051, -14.187761094023049
-7.890866663005515, 0.16741464889668478, -14.188358108948421
-7.966948999693507, 0.0802508959724122, -14.188955123873793
-8.037003814567097, -0.004498033028123238, -14.189552138799169
-8.100200558785744, -0.08626301534573244, -14.19014915372454
-8.155700886130298, -0.16428456972358685, -14.190746168649913
-8.202725452577157, -0.23758970885585118, -14.191343183575288
-8.240646745498186, -0.30499178247944503, -14.19194019850066
-8.269100166831716, -0.365128695793663, -14.192537213426032
-8.288093456380485, -0.4165510221450086, -14.193134228351408
-8.298083928109715, -0.4578586682120971, -14.19373124327678
-8.299992063564837, -0.48786479553429274, -14.194328258202152
-8.29513475350564, -0.5057478413672891, -14.194925273127526
-8.285013150097772, -0.5110119458495266, -14.1955222880529
-8.271273838578105, -0.5036347406724015, -14.196119302978271
-8.255795779298657, -0.48477072317151126, -14.196716317903645
-8.23989284049829, -0.4552972632046277, -14.197313332829017
-8.224589686003593, -0.4159795561589874, -14.19791034775439
-8.210719162800832, -0.3674566814753808, -14.198507362679765
-8.199041225901295, -0.3111791930401635, -14.199104377605138
-8.190025382008383, -0.24815923596319855, -14.199701392530512
-8.18396502310299, -0.18131346334219955, -14.200298407455886
-8.180763338422222, -0.11970417117465892, -14.20089542238126
-8.180183976090504, -0.06391008017743527, -14.201492437306634
-8.181782941512857, -0.015330286326281417, -14.202089452232006
-8.184973382263141, 0.025119410994614455, -14.20268646715738
-8.188984335943235, 0.05651015759402611, -14.203283482082753
-8.192842118827429, 0.07795927267641112, -14.203880497008125
-8.195371846262395, 0.08870938653050686, -14.204477511933497
-8.195230119312434, 0.08822038682410493, -14.205074526858873
-8.190976282366242, 0.07625885246913011, -14.205671541784245
-8.181180365254306, 0.052963187484804664, -14.206268556709619
-8.163751691431841, 0.018193449079261015, -14.206865571634992
-8.138109251220573, -0.02652463052724041, -14.207462586560364
-8.104028896172919, -0.07971118315628889, -14.208059601485736
-8.061368254131118, -0.1401034308240865, -14.20865661641111
-8.010313845821935, -0.20647513115815563, -14.209253631336484
-7.951304626979187, -0.27771789182151707, -14.209850646261856
-7.884946387841082, -0.3528861337392719, -14.210447661187231
-7.811933461260671, -0.4312104944547128, -14.211044676112603
-7.732986633522461, -0.5120891874796207, -14.211641691037975
-7.649349641035629, -0.5950538421935985, -14.21223870596335
-7.559264849886287, -0.6798125875197245, -14.212835720888721
-7.470240887854651, -0.7661010467333425, -14.213432735814095
-7.3828012136222965, -0.85391505085585, -14.214029750739467
-7.296945827189231, -0.9432545998872435, -14.214626765664843
-7.2126747285554424, -1.0341196938275337, -14.215223780590215
-7.129987917720938, -1.1265103326767125, -14.215820795515588
-7.04888539468572, -1.2204265164347787, -14.216417810440962
-6.969367159449782, -1.315868245101739, -14.217014825366334
-6.891433212013126, -1.4128355186775883, -14.217611840291706
-6.815083552375761, -1.5113283371623267, -14.21820885521708
-6.740318180537673, -1.6113467005559592, -14.218805870142454
-6.667137096498869, -1.7128906088584852, -14.219402885067826
-6.595540300259353, -1.8159600620699003, -14.219999899993201
-6.5255277918191155, -1.920555060190201, -14.220596914918573
-6.457099571178162, -2.0266756032193936, -14.221193929843945
-6.390255638336492, -2.1343216911574823, -14.22179094476932
-6.324995993294105, -2.2434933240044552, -14.222387959694693
-6.261320636051001, -2.3541905017603244, -14.222984974620065
-6.199229566607186, -2.4664132244250836, -14.223581989545439
-6.138722784962648, -2.5801614919987355, -14.224179004470813
-6.079800291117394, -2.695435304481277, -14.224776019396185
-6.022462085071426, -2.8122346618726994, -14.225373034321557
-5.966708166824739, -2.9305595641730235, -14.225970049246932
-5.91253853637734, -3.050410011382233, -14.226567064172304
-5.85995319372922, -3.171786003500337, -14.227164079097678
-5.808952138880383, -3.294687540527332, -14.227761094023052
-5.759535371830831, -3.419114622463219, -14.228358108948424
-5.71170289258056, -3.545067249307987, -14.228955123873797
-5.6654547011295735, -3.672545421061654, -14.22955213879917
-5.6207907974778735, -3.801549137724214, -14.230149153724543
-5.577711181625454, -3.9320783992956585, -14.230746168649915
-5.536215853572318, -4.064133205775998, -14.23134318357529
-5.49630481331847, -4.197713557165229, -14.231940198500663
-5.457978060863898, -4.332819453463342, -14.232537213426035
-5.421235596208611, -4.469450894670355, -14.23313422835141
-5.386077419352611, -4.607607880786258, -14.233731243276782
-5.352503530295891, -4.7472904118110515, -14.234328258202154
-5.320513929038453, -4.888498487744733, -14.234925273127528
-5.290108615580305, -5.031232108587308, -14.235522288052902
-5.2612875899214355, -5.175491274338765, -14.236119302978274
-5.234050852061849, -5.321275984999123, -14.236716317903646
-5.2083984020015475, -5.468586240568371, -14.237313332829022
-5.184340324999722, -5.616680341391876, -14.237910347754394
-5.1619193032672746, -5.764247937060359, -14.238507362679767
-5.141312543861291, -5.909288136185409, -14.239104377605141
-5.122855037915306, -6.05112934419553, -14.239701392530513
-5.106834766708334, -6.18996404958631, -14.240298407455887
-5.093670536273107, -6.325413311904766, -14.240895422381259
-5.083887342267511, -6.4571469522858, -14.241492437306633
-5.078110917703533, -6.584933697160135, -14.242089452232005
-5.0770410862433, -6.708698444494131, -14.24268646715738
-5.081399133155729, -6.828575146247239, -14.243283482082752
-5.092058575514457, -6.944732269230281, -14.243880497008124
-5.109606441067414, -7.057841621612528, -14.244477511933498
-5.134069008437179, -7.169000236146079, -14.245074526858872
-5.165415225488681, -7.279132709921543, -14.245671541784246
-5.203379538770159, -7.389144923044531, -14.246268556709618
-5.24751595115575, -7.499854791473858, -14.246865571634991
-5.2972645100150055, -7.611952505521931, -14.247462586560363
-5.352013964229202, -7.72598857617687, -14.248059601485735
-5.411151038580476, -7.842381788756972, -14.248656616411111
-5.474257576204742, -7.9614287289813435, -14.249253631336483
-5.541194450650632, -8.08337173556173, -14.249850646261857
-5.606391933721373, -8.208326951450399, -14.25044766118723
-5.662236931262381, -8.336011435151686, -14.251044676112604
-5.707352564610742, -8.465775810905214, -14.251641691037978
-5.741444688339028, -8.596960391866597, -14.25223870596335
-5.763221836347271, -8.728632679200794, -14.252835720888724
-5.771401222627462, -8.859589685094313, -14.253432735814098
-5.764800985396848, -8.988338351281184, -14.25402975073947
-5.742279922450489, -9.113005200372728, -14.254626765664844
-5.702157268639902, -9.230792476338346, -14.255223780590216
-5.6455047543665025, -9.340084834923463, -14.25582079551559
-5.572965210809679, -9.43894924391184, -14.256417810440961
-5.485719888051035, -9.525795764767963, -14.257014825366335
-5.385369233968492, -9.599523208379381, -14.257611840291709
-5.2737595272324365, -9.659589681762329, -14.258208855217081
-5.152797321416932, -9.70599855847571, -14.258805870142455
-5.024290806528799, -9.739215389635433, -14.259402885067828
-4.889841318808527, -9.760046112566416, -14.259999899993202
-4.750789292354845, -9.769507975805098, -14.260596914918574
-4.60820522063033, -9.768715939361448, -14.261193929843946
-4.46291046983882, -9.758795717560275, -14.26179094476932
-4.315529393010099, -9.741156632706746, -14.262387959694692
-4.1664027409916855, -9.71728650642064, -14.262984974620066
-4.015750544064392, -9.695000667933813, -14.263581989545438
-3.8635728022281977, -9.674299117246276, -14.264179004470812
-3.709869515483121, -9.655181854358016, -14.264776019396184
-3.5546406838291555, -9.637648879269042, -14.26537303432156
-3.3978863072663, -9.62170019197935, -14.265970049246931
-3.2396063857945543, -9.607335792488943, -14.266567064172303
-3.079800919413905, -9.59455568079782, -14.267164079097677
-2.9184699081243792, -9.583359856905977, -14.26776109402305
-2.7556133519259483, -9.57374832081342, -14.268358108948425
-2.5912312508186366, -9.565721072520143, -14.268955123873797
-2.4253236048024367, -9.559278112026156, -14.26955213879917
-2.2578904138773455, -9.554419439331447, -14.270149153724542
-2.0889316780433633, -9.551145054436024, -14.270746168649916
-1.9184473973004765, -9.549454957339883, -14.27134318357529
-1.7464375716487128, -9.549349148043023, -14.271940198500662
-1.5729022010880465, -9.550827626545452, -14.272537213426036
-1.3978412856184994, -9.553890392847158, -14.273134228351408
-1.2212548252400635, -9.558537446948153, -14.273731243276783
-1.043142819952739, -9.56476878884843, -14.274328258202155
-0.8635052697565231, -9.572584418547988, -14.274925273127527
-0.6823421746514027, -9.581984336046828, -14.275522288052901
-0.4996535346374038, -9.592968541344955, -14.276119302978273
-0.3154393497145016, -9.605537034442365, -14.276716317903649
-0.12969961988273337, -9.619689815339058, -14.27731333282902
0.057565654857952175, -9.635426884035034, -14.277910347754393
0.2463564745075142, -9.652748240530293, -14.278507362679767
0.4366728390659673, -9.671653884824838, -14.27910437760514
0.6285147485333252, -9.692143816918662, -14.279701392530514
0.8218822029095596, -9.714218036811774, -14.280298407455886
1.0167752021946852, -9.737876544504168, -14.28089542238126
1.213193746388701, -9.763119339995844, -14.281492437306632
1.4111378354916222, -9.789946423286803, -14.282089452232006
1.61060746950342, -9.818357794377045, -14.28268646715738
1.8116026484241083, -9.84835345326657, -14.283283482082751
2.0141233722537017, -9.87993339995538, -14.283880497008125
2.218169640992172, -9.913097634443472, -14.284477511933499
2.423741454639533, -9.947846156730849, -14.285074526858871
2.6308388131957843, -9.98417896681751, -14.285671541784245
2.8394617166609404, -10.02209606470345, -14.286268556709617
3.0496101650349736, -10.061597450388678, -14.28686557163499
3.2612841583179, -10.102683123873188, -14.287462586560364
3.4742333701253636, -10.145356488969364, -14.288059601485738
3.6882361698707418, -10.189634458360784, -14.28865661641111
3.903129717802799, -10.235546149284929, -14.289253631336482
4.1189438831539995, -10.283129906219626, -14.289850646261856
4.335725076232647, -10.33243022281179, -14.29044766118723
4.553542524159023, -10.383495240344224, -14.291044676112604
4.772494893008452, -10.436371663043982, -14.291641691037976
4.992715790055734, -10.491096594289772, -14.292238705963348
5.214376036248272, -10.547686646716604, -14.292835720888721
5.437680556903121, -10.606126016202623, -14.293432735814095
5.662858781838699, -10.66635650585318, -14.294029750739469
5.890149522051181, -10.728272844878319, -14.294626765664841
6.119783496683503, -10.791725430938888, -14.295223780590215
6.351967713119117, -10.856530179049285, -14.295820795515588
6.586875076907061, -10.922482785844286, -14.29641781044096
6.8246404854514005, -10.98937369336344, -14.297014825366334
7.065362524043967, -11.05700064692354, -14.297611840291706
7.309108705987589, -11.125177271526336, -14.29820885521708
7.555922120092046, -11.193737583093517, -14.298805870142454
7.805827929475512, -11.262537256052534, -14.299402885067828
8.05883889121317, -11.331452748682358, -14.2999998999932
8.19302296384341, -11.328700676480508, -14.2999998999932
8.180488145076957, -11.327481522558793, -14.300596914918573
8.43574992129775, -11.309197299251458, -14.301193929843947
8.689735208961427, -11.27820355072186, -14.30179094476932
8.941534154886208, -11.232903892701763, -14.302387959694691
9.189957129729095, -11.171776029758528, -14.302984974620065
9.433475810344266, -11.093320374446627, -14.303581989545439
9.67020065283648, -10.996181170489074, -14.30417900447081
9.897907486787368, -10.879310580905388, -14.304776019396185
10.11412483561558, -10.742138578446374, -14.305373034321558
10.315114960833586, -10.583314544598593, -14.305970049246932
10.498781590398034, -10.404651311892861, -14.306567064172304
10.663660807593734, -10.208432739085843, -14.307164079097676
10.808558707984714, -9.996904284126519, -14.30776109402305
10.933015752816306, -9.772591572554868, -14.308358108948424
11.03723837962772, -9.538048570190641, -14.308955123873798
11.121799807747822, -9.295626401149107, -14.309552138799168
11.187797628218156, -9.047450645398868, -14.310149153724543
11.23656479579357, -8.795311381201032, -14.310746168649915
11.270234653916097, -8.540638003549507, -14.31134318357529
11.290846821000978, -8.284476986766908, -14.311940198500665
11.300770883560464, -8.027609632238153, -14.312537213426035
11.299356954814241, -7.770471423538658, -14.313134228351409
11.297898055092963, -7.513397380157144, -14.31373124327678
11.296439155371685, -7.25638758430401, -14.314328258202156
11.294980255650408, -6.999442035979253, -14.314925273127526
11.29352135592913, -6.742560735182874, -14.3155222880529
11.292062456207853, -6.485743681914875, -14.316119302978274
11.290603556486577, -6.228990876175255, -14.316716317903648
11.289144656765298, -5.972302317964012, -14.31731333282902
11.28768575704402, -5.715678007281148, -14.317910347754392
11.286226857322745, -5.459117944126664, -14.318507362679767
11.284767957601467, -5.202622128500558, -14.319104377605141
11.28330905788019, -4.946190560402828, -14.319701392530513
11.281850158158914, -4.689823239833481, -14.320298407455887
11.280391258437636, -4.433520166792508, -14.320895422381259
11.278932358716357, -4.177281341279916, -14.321492437306633
11.27747345899508, -3.921106763295701, -14.322089452232005
11.276014559273802, -3.6649964328398674, -14.322686467157379
11.274555659552526, -3.40895034991241, -14.323283482082752
11.273096759831247, -3.152968514513332, -14.323880497008124
11.271637860109971, -2.897050926642633, -14.324477511933498
11.270178960388694, -2.6411975863003128, -14.32507452685887
11.268720060667418, -2.3854084934863686, -14.325671541784244
11.26726116094614, -2.1296836482008055, -14.326268556709618
11.265802261224861, -1.8740230504436206, -14.326865571634992
11.264343361503585, -1.618426700214814, -14.327462586560365
11.262884461782306, -1.3628945975143862, -14.328059601485737
11.26142556206103, -1.1074267423423374, -14.32865661641111
11.259966662339753, -0.852023134698665, -14.329253631336481
11.258507762618475, -0.596683774583373, -14.329850646261857
11.257048862897197, -0.3414086619964594, -14.330447661187229
11.25558996317592, -0.08619779693792332, -14.331044676112601
11.254131063454643, 0.16894882059223154, -14.331641691037976
11.252672163733367, 0.4240311905940093, -14.332238705963348
11.251213264012087, 0.6790493130674098, -14.332835720888722
11.249754364290812, 0.9340031880124307, -14.333432735814096
11.248295464569534, 1.1888928154290712, -14.334029750739468
11.246836564848257, 1.4437181953173377, -14.334626765664842
11.24537766512698, 1.698479327677221, -14.335223780590216
11.243918765405702, 1.9531762125087286, -14.335820795515588
11.242459865684424, 2.2078088498118564, -14.33641781044096
11.241000965963147, 2.4623772395866057, -14.337014825366333
11.239542066241869, 2.716881381832976, -14.337611840291707
11.238083166520592, 2.9713212765509676, -14.338208855217081
11.236624266799314, 3.22569692374058, -14.338805870142455
11.23516536707804, 3.480008323401818, -14.339402885067825
11.233706467356761, 3.734255475534675, -14.3399998999932
11.232247567635483, 3.988438380139149, -14.340596914918573
11.230788667914206, 4.242557037215251, -14.341193929843946
11.22932976819293, 4.496611446762972, -14.341790944769318
11.227870868471651, 4.750601608782314, -14.342387959694692
11.226411968750373, 5.0045275232732775, -14.342984974620066
11.224953069029096, 5.258389190235864, -14.343581989545438
11.22349416930782, 5.512186609670071, -14.34417900447081
11.222035269586543, 5.765919781575897, -14.344776019396184
11.220576369865263, 6.019588705953346, -14.345373034321558
11.219117470143987, 6.273193382802418, -14.345970049246931
11.21765857042271, 6.526733812123111, -14.346567064172305
11.216199670701434, 6.780209993915422, -14.347164079097677
11.214740770980155, 7.033621928179359, -14.347761094023049
11.213281871258879, 7.286969614914916, -14.348358108948425
11.2118229715376, 7.540253054122093, -14.348955123873797
11.210364071816324, 7.793472245800894, -14.349552138799169
11.208716271888367, 8.046625645215174, -14.350149153724544
11.196845961015583, 8.29938827844327, -14.350746168649914
11.170652809855577, 8.55100069386932, -14.35134318357529
11.128933671042466, 8.800390477059146, -14.351940198500662
11.070719756636729, 9.046338599024491, -14.352537213426034
10.99572906417665, 9.287693016238576, -14.35313422835141
10.90230732915247, 9.522487898378547, -14.353731243276782
10.789488470021713, 9.748562593054068, -14.354328258202155
10.656794286606644, 9.963567295380418, -14.354925273127527
10.504264728279944, 10.16502890444224, -14.355522288052901
10.332647830997093, 10.35062492415549, -14.356119302978273
10.1433788552798, 10.518419437058506, -14.356716317903647
9.938453588209438, 10.66705861360066, -14.357313332829019
9.720223399826995, 10.795880088953998, -14.357910347754393
9.491017627632967, 10.904479179297796, -14.358507362679767
9.253070508957178, 10.992846089987088, -14.359104377605139
9.008739140131334, 11.061563529085678, -14.359701392530514
8.759975052528393, 11.111590193285009, -14.360298407455886
8.50843333240989, 11.14426088426676, -14.360895422381258
8.255292778009743, 11.16498924867606, -14.361492437306634
8.001274617835954, 11.175900158198697, -14.362089452232006
7.746970047508068, 11.178268277947659, -14.362686467157378
7.492638342157782, 11.176809378226384, -14.363283482082752
7.23837088433587, 11.175350478505104, -14.363880497008124
6.984167674042343, 11.173891578783827, -14.364477511933499
6.730028711277189, 11.17243267906255, -14.365074526858873
6.475953996040416, 11.170973779341272, -14.365671541784245
6.221943528332023, 11.169514879619996, -14.366268556709617
5.967997308152005, 11.168055979898718, -14.36686557163499
5.714115335500367, 11.166597080177441, -14.367462586560361
5.460297610377111, 11.165138180456164, -14.368059601485736
5.206544132782229, 11.163679280734886, -14.36865661641111
4.952854902715725, 11.162220381013608, -14.369253631336482
4.699229920177602, 11.160761481292333, -14.369850646261858
4.44566918516786, 11.159302581571055, -14.370447661187228
4.192172697686492, 11.157843681849776, -14.371044676112604
3.9387404577335055, 11.1563847821285, -14.371641691037976
3.6853724653088964, 11.154925882407221, -14.372238705963348
3.4320687204126656, 11.153466982685945, -14.372835720888723
3.1788292230448114, 11.152008082964667, -14.373432735814095
2.9256539732053395, 11.15054918324339, -14.374029750739467
2.672542970894246, 11.149090283522114, -14.374626765664841
2.4194962161115305, 11.147631383800835, -14.375223780590215
2.16651370885719, 11.146172484079559, -14.375820795515587
1.9135954491312344, 11.144713584358282, -14.376417810440962
1.660741436933652, 11.143254684637004, -14.377014825366334
1.4079516722644514, 11.141795784915725, -14.377611840291706
1.1552261551236278, 11.14033688519445, -14.378208855217082
0.9025648855111803, 11.138877985473169, -14.378805870142454
0.6499678634271158, 11.137419085751894, -14.379402885067826
0.39743508887142553, 11.135960186030616, -14.3799998999932
0.14496656184411807, 11.134501286309337, -14.380596914918572
-0.10743771765480789, 11.13304238658806, -14.381193929843946
-0.35977774962536246, 11.131583486866784, -14.381790944769318
-0.6120535340675384, 11.130124587145506, -14.382387959694691
-0.8642650709813288, 11.12866568742423, -14.382984974620065
-1.1164123603667475, 11.127206787702951, -14.383581989545437
-1.3684954022237878, 11.125747887981674, -14.384179004470813
-1.6205141965524423, 11.124288988260398, -14.384776019396185
-1.8724687433527212, 11.122830088539118, -14.385373034321557
-2.1243590426246257, 11.121371188817843, -14.385970049246929
-2.3761850943681484, 11.119912289096565, -14.386567064172304
-2.627946898583295, 11.118453389375286, -14.387164079097676
-2.8796444552700606, 11.11699448965401, -14.38776109402305
-3.131277764428451, 11.115535589932733, -14.388358108948424
-3.3828468260584588, 11.114076690211455, -14.388955123873796
-3.6343516401600846, 11.11261779049018, -14.389552138799171
-3.8857922067333392, 11.111158890768902, -14.390149153724543
-4.137168525778211, 11.109699991047624, -14.390746168649915
-4.388480597294706, 11.108241091326347, -14.39134318357529
-4.639728421282824, 11.106782191605069, -14.391940198500663
-4.890911997742561, 11.105323291883792, -14.392537213426035
-5.142031326673919, 11.103864392162516, -14.39313422835141
-5.393086408076897, 11.102405492441235, -14.39373124327678
-5.644077241951498, 11.10094659271996, -14.394328258202155
-5.895003828297725, 11.099487692998682, -14.394925273127527
-6.145866167115571, 11.098028793277404, -14.395522288052899
-6.396664258405034, 11.09656989355613, -14.396119302978274
-6.6473981021661235, 11.09511099383485, -14.396716317903646
-6.898067698398835, 11.093652094113573, -14.39731333282902
-7.148673047103161, 11.092193194392298, -14.397910347754394
-7.399214148279116, 11.09073429467102, -14.398507362679766
-7.649691001926688, 11.089275394949741, -14.39910437760514
-7.900103608045882, 11.087816495228465, -14.399701392530513
-8.150430235578241, 11.084707498721045, -14.400298407455885
-8.399970083071485, 11.065186852354119, -14.400895422381259
-8.647539292300749, 11.029274468696062, -14.401492437306633
-8.891757794489262, 10.975792159403998, -14.402089452232005
-9.131322399013207, 10.904690298292707, -14.402686467157379
-9.36500945017557, 10.816303170163373, -14.403283482082752
-9.59081487222629, 10.70942920712481, -14.403880497008124
-9.806461347840028, 10.583291731384769, -14.404477511933498
-10.009539913401287, 10.437694003888062, -14.405074526858872
-10.197720286295397, 10.273127152597716, -14.405671541784244
-10.36883376242077, 10.090667449485007, -14.406268556709616
-10.520627595389731, 9.89154736051805, -14.40686557163499
-10.652782999166433, 9.678664712461192, -14.407462586560364
-10.765548783642334, 9.454715994353073, -14.408059601485736
-10.859707938522085, 9.222108667268547, -14.408656616411111
-10.934022706155625, 8.982358459757283, -14.409253631336483
-10.988364913539286, 8.737316164781074, -14.409850646261855
-11.02305754574914, 8.488827377671075, -14.410447661187229
-11.040944490707439, 8.238577833221049, -14.411044676112603
-11.051452979059109, 7.987530038637562, -14.411641691037975
-11.056770300942324, 7.736092301873969, -14.412238705963349
-11.055720701360366, 7.484506194341366, -14.412835720888722
-11.05426180163909, 7.232981074550681, -14.413432735814094
-11.052802901917811, 6.981520202288373, -14.414029750739466
-11.051344002196535, 6.730123577554453, -14.41462676566484
-11.049885102475258, 6.4787912003488985, -14.415223780590214
-11.04842620275398, 6.227523070671731, -14.415820795515586
-11.046967303032702, 5.976319188522942, -14.41641781044096
-11.045508403311425, 5.725179553902528, -14.417014825366333
-11.044049503590148, 5.4741041668105, -14.417611840291707
-11.04259060386887, 5.223093027246846, -14.418208855217081
-11.041131704147594, 4.972146135211568, -14.418805870142453
-11.039672804426317, 4.721263490704668, -14.419402885067827
-11.038213904705039, 4.470445093726147, -14.4199998999932
-11.03675500498376, 4.219690944276011, -14.420596914918573
-11.035296105262484, 3.9690010423542503, -14.421193929843945
-11.033837205541207, 3.718375387960865, -14.421790944769318
-11.032378305819929, 3.4678139810958655, -14.422387959694692
-11.030919406098652, 3.217316821759237, -14.422984974620064
-11.029460506377376, 2.9668839099509876, -14.423581989545438
-11.028001606656098, 2.716515245671121, -14.424179004470812
-11.02654270693482, 2.4662108289196283, -14.424776019396184
-11.025083807213543, 2.2159706596965196, -14.425373034321556
-11.023624907492266, 1.9657947380017888, -14.42597004924693
-11.022166007770988, 1.7156830638354348, -14.426567064172303
-11.02070710804971, 1.4656356371974566, -14.427164079097675
-11.019248208328433, 1.2156524580878614, -14.42776109402305
-11.017789308607156, 0.9657335265066406, -14.428358108948423
-11.016330408885878, 0.7158788424538032, -14.428955123873797
-11.014871509164601, 0.46608840592934386, -14.42955213879917
-11.013412609443325, 0.21636221693325855, -14.430149153724543
-11.011953709722047, -0.03329972453444571, -14.430746168649916
-11.010494810000768, -0.28289741847376926, -14.43134318357529
-11.009035910279492, -0.5324308648847188, -14.431940198500662
-11.007577010558215, -0.7819000637672896, -14.432537213426034
-11.006118110836937, -1.0313050151214822, -14.433134228351408
-11.00465921111566, -1.2806457189472913, -14.433731243276782
-11.003200311394384, -1.5299221752447265, -14.434328258202154
-11.001741411673105, -1.7791343840137808, -14.434925273127527
-11.000282511951827, -2.0282823452544543, -14.435522288052901
-10.998823612230552, -2.2773660589667495, -14.436119302978273
-10.997364712509274, -2.5263855251506704, -14.436716317903645
-10.995905812787996, -2.7753407438062077, -14.437313332829019
-10.994446913066719, -3.024231714933372, -14.437910347754393
-10.992988013345443, -3.273058438532157, -14.438507362679765
-10.991529113624164, -3.5218209146025563, -14.43910437760514
-10.990070213902886, -3.7705191431445844, -14.439701392530512
-10.988611314181611, -4.0191531241582314, -14.440298407455886
-10.987152414460333, -4.267722857643496, -14.44089542238126
-10.985693514739054, -4.516228343600389, -14.441492437306632
-10.984234615017778, -4.764669582028903, -14.442089452232006
-10.982775715296501, -5.013046572929032, -14.44268646715738
-10.981316815575223, -5.261359316300787, -14.443283482082752
-10.979857915853946, -5.509607812144163, -14.443880497008124
-10.97839901613267, -5.757792060459158, -14.444477511933497
-10.976940116411392, -6.005912061245777, -14.445074526858871
-10.975481216690113, -6.253967814504019, -14.445671541784243
-10.974022316968837, -6.501959320233888, -14.446268556709617
-10.97256341724756, -6.749886578435368, -14.44686557163499
-10.971104517526282, -6.99774958910847, -14.447462586560363
-10.969645617805003, -7.2455483522531985, -14.448059601485735
-10.968186718083727, -7.493282867869542, -14.448656616411109
-10.966727818362449, -7.740953135957511, -14.449253631336482
-10.965268918641172, -7.988559156517104, -14.449850646261856
-10.95812596375129, -8.235975914325442, -14.45044766118723
-10.932199478739532, -8.48213961563439, -14.451044676112604
-10.886619439424322, -8.72539181529526, -14.451641691037976
-10.821304690000744, -8.963993448394383, -14.452238705963348
-10.738956815397156, -9.19726403271356, -14.452835720888721
-10.638734107329881, -9.423465042337131, -14.453432735814093
-10.519176569877702, -9.640077316953441, -14.454029750739465
-10.380530128904411, -9.845038620475291, -14.45462676566484
-10.222685778671625, -10.03575001055286, -14.455223780590213
-10.046924519688837, -10.21021932242314, -14.455820795515585
-9.854896817563093, -10.366809935204774, -14.456417810440959
-9.648740137163841, -10.504557945344937, -14.457014825366333
-9.43083054961747, -10.623230128656704, -14.457611840291705
-9.203342915114643, -10.722734277981237, -14.458208855217078
-8.968643537005436, -10.80418427065291, -14.458805870142452
-8.727813021063671, -10.865368823920932, -14.459402885067826
-8.482650904196772, -10.905899347257574, -14.4599998999932
-8.23500597507006, -10.925833972662575, -14.460596914918572
-7.986518299443488, -10.931547240213412, -14.461193929843947
-7.73779600312633, -10.934245237607943, -14.46179094476932
-7.489000936709241, -10.93463202449493, -14.462387959694691
-7.240218154949775, -10.933173124773651, -14.462984974620065
-6.991499620718702, -10.931714225052374, -14.463581989545439
-6.742845334016005, -10.930255325331096, -14.464179004470811
-6.494255294841678, -10.928796425609818, -14.464776019396185
-6.245729503195739, -10.927337525888541, -14.465373034321559
-5.9972679590781794, -10.925878626167265, -14.46597004924693
-5.7488706624889865, -10.924419726445986, -14.466567064172303
-5.5005376134281825, -10.92296082672471, -14.467164079097676
-5.2522688118957594, -10.921501927003433, -14.46776109402305
-5.004064257891702, -10.920043027282155, -14.468358108948422
-4.755923951416037, -10.918584127560878, -14.468955123873796
-4.5078478924687495, -10.9171252278396, -14.46955213879917
-4.259836081049829, -10.915666328118323, -14.470149153724542
-4.011888517159299, -10.914207428397045, -14.470746168649915
-3.7640052007971456, -10.912748528675767, -14.471343183575287
-3.5161861319633605, -10.91128962895449, -14.471940198500661
-3.268431310657964, -10.909830729233214, -14.472537213426035
-3.0207407368809505, -10.908371829511937, -14.473134228351409
-2.7731144106323034, -10.906912929790659, -14.47373124327678
-2.5255523319120345, -10.905454030069382, -14.474328258202155
-2.2780545007201556, -10.903995130348104, -14.474925273127528
-2.0306209170566527, -10.902536230626826, -14.4755222880529
-1.7832515809215177, -10.901077330905549, -14.476119302978274
-1.5359464923147716, -10.899618431184273, -14.476716317903646
-1.2887056512364077, -10.898159531462994, -14.47731333282902
-1.0415290576864067, -10.896700631741718, -14.477910347754392
-0.7944167116647982, -10.895241732020441, -14.478507362679766
-0.5473686131715684, -10.893782832299163, -14.47910437760514
-0.3003847622067029, -10.892323932577886, -14.479701392530512
-0.05346515877023023, -10.890865032856608, -14.480298407455885
0.1933901971378639, -10.889406133135331, -14.48089542238126
0.4401813055175923, -10.887947233414053, -14.481492437306631
0.6869081663689305, -10.886488333692778, -14.482089452232005
0.933570779691889, -10.8850294339715, -14.482686467157377
1.1801691454864818, -10.883570534250222, -14.48328348208275
1.426703263752684, -10.882111634528943, -14.483880497008125
1.6731731344905068, -10.880652734807665, -14.484477511933498
1.919578757699964, -10.879193835086388, -14.48507452685887
2.1659201333810296, -10.87773493536511, -14.485671541784244
2.4121972615337177, -10.876276035643833, -14.486268556709618
2.6584101421580413, -10.874817135922555, -14.48686557163499
2.904558775253973, -10.87335823620128, -14.487462586560364
3.1506431608215406, -10.871899336480002, -14.488059601485736
3.3966632988607133, -10.870440436758724, -14.48865661641111
3.6426191893715214, -10.868981537037447, -14.489253631336483
3.888510832353937, -10.867522637316169, -14.489850646261855
4.134338227807975, -10.866063737594892, -14.490447661187229
4.380101375733647, -10.864604837873614, -14.491044676112601
4.625800276130927, -10.863145938152337, -14.491641691037975
4.871434928999827, -10.861687038431059, -14.492238705963349
5.117005334340367, -10.860228138709783, -14.49283572088872
5.362511492152513, -10.858769238988506, -14.493432735814094
5.607953402436281, -10.85731033926723, -14.494029750739466
5.853331065191681, -10.855851439545951, -14.494626765664842
6.098644480418691, -10.854392539824673, -14.495223780590214
6.34389364811732, -10.852933640103396, -14.495820795515588
6.589078568287586, -10.851474740382118, -14.496417810440962
6.834199240929458, -10.850015840660843, -14.497014825366334
7.079255666042951, -10.848556940939565, -14.497611840291707
7.324247843628081, -10.847098041218288, -14.49820885521708
7.569175773684819, -10.84563914149701, -14.498805870142453
7.814039456213176, -10.844180241775732, -14.499402885067825
8.05883889121317, -10.842721342054455, -14.499999899993199
8.058838891213165, -10.842721342054453, -14.499999899993199
8.301861824654608, -10.76903048090452, -14.500596914918571
8.540153932164616, -10.674166164951407, -14.501193929843947
8.77189049464748, -10.558564317107615, -14.501790944769319
8.995309796363923, -10.422834735934218, -14.502387959694692
9.209640888539155, -10.270099583238762, -14.502984974620064
9.413256411126635, -10.10035142903648, -14.503581989545438
9.604011614659603, -9.913026015906587, -14.504179004470812
9.779678370361435, -9.708175876587852, -14.504776019396184
9.938181165733171, -9.48657037125789, -14.505373034321558
10.077845162609249, -9.249668502528893, -14.50597004924693
10.197058727457852, -8.999118441932012, -14.506567064172302
10.295877200813402, -8.737675995912365, -14.507164079097675
10.374641620300098, -8.467745407495476, -14.50776109402305
10.434279730236321, -8.191576806045143, -14.508358108948423
10.475367777734268, -7.910912742497583, -14.508955123873795
10.49461109194459, -7.626406741655292, -14.509552138799169
10.49199353362904, -7.33992328505328, -14.510149153724543
10.467650861143294, -7.053278445884424, -14.510746168649915
10.43359050723961, -6.767874938838134, -14.511343183575288
10.398138247550223, -6.483932729172356, -14.511940198500662
10.361294082075133, -6.20145181688709, -14.512537213426036
10.323058010814341, -5.920432201982336, -14.513134228351408
10.283430033767845, -5.6408738844580935, -14.51373124327678
10.24241015093565, -5.362776864314364, -14.514328258202156
10.199998362317748, -5.086141141551146, -14.514925273127528
10.156194667914143, -4.810966716168442, -14.515522288052901
10.110999067724837, -4.537253588166248, -14.516119302978273
10.064411561749829, -4.265001757544568, -14.516716317903647
10.016432149989116, -3.994211224303399, -14.51731333282902
9.967060832442701, -3.7248819884427435, -14.517910347754391
9.916297609110584, -3.4570140499625985, -14.518507362679767
9.864142479992763, -3.1906074088629666, -14.519104377605139
9.81059544508924, -2.9256620651438467, -14.51970139253051
9.755656504400015, -2.66217801880524, -14.520298407455886
9.699325657925087, -2.4001552698471444, -14.520895422381258
9.641602905664454, -2.139593818269561, -14.521492437306632
9.58248824761812, -1.8804936640724899, -14.522089452232004
9.521981683786082, -1.6228548072559308, -14.522686467157378
9.460083214168344, -1.3666772478198863, -14.523283482082752
9.3967928387649, -1.1119609857643502, -14.523880497008124
9.332110557575756, -0.8587060210893294, -14.524477511933497
9.266036370600908, -0.6069123537948198, -14.525074526858871
9.198570277840357, -0.3565799838808219, -14.525671541784245
9.129712279294102, -0.10770891134733662, -14.526268556709617
9.059462374962148, 0.13970086380563673, -14.52686557163499
8.987820564844489, 0.38564934157809794, -14.527462586560365
8.914786848941127, 0.6301365219700469, -14.528059601485735
8.84036122725206, 0.8731624049814821, -14.528656616411109
8.764543699777294, 1.1147269906124082, -14.52925363133648
8.687334266516824, 1.35483027886282, -14.529850646261854
8.608732927470651, 1.5934722697327202, -14.530447661187228
8.528739682638776, 1.8306529632221065, -14.5310446761126
8.447354532021196, 2.066372359330982, -14.531641691037976
8.364577475617914, 2.3006304580593455, -14.532238705963348
8.28040851342893, 2.5334272594071954, -14.53283572088872
8.194847645454244, 2.764762763374536, -14.533432735814095
8.107894871693855, 2.9946369699613626, -14.534029750739467
8.019550192147761, 3.223049879167677, -14.534626765664841
7.9298136068159675, 3.4500014909934777, -14.535223780590215
7.838685115698469, 3.675491805438768, -14.535820795515587
7.746164718795269, 3.899520822503546, -14.53641781044096
7.652252416106365, 4.122088542187813, -14.537014825366333
7.556948207631758, 4.343194964491564, -14.537611840291706
7.460252093371449, 4.562840089414806, -14.53820885521708
7.362164073325437, 4.781023916957535, -14.538805870142454
7.262684147493722, 4.99774644711975, -14.539402885067824
7.161812315876306, 5.213007679901457, -14.539999899993198
7.059548578473185, 5.426807615302648, -14.540596914918572
6.955892935284362, 5.639146253323329, -14.541193929843944
6.850919201185646, 5.847839480420914, -14.541790944769318
6.745069961010512, 6.049859174198231, -14.542387959694691
6.63883119615093, 6.245319042914556, -14.542984974620065
6.533037262616181, 6.433344448510974, -14.543581989545437
6.428116900695205, 6.614520662242582, -14.54417900447081
6.324579286025166, 6.789020285249607, -14.544776019396185
6.223582310505882, 6.956222315209585, -14.545373034321557
6.125116530087325, 7.117142048492807, -14.545970049246929
6.030020452717871, 7.2717472725669925, -14.546567064172304
5.9391223246252425, 7.420205326615382, -14.547164079097676
5.852322109676429, 7.56331530387096, -14.54776109402305
5.770771395901534, 7.701215768467041, -14.548358108948424
5.694593179207558, 7.834576136667019, -14.548955123873796
5.623730709667793, 7.964029162579947, -14.54955213879917
5.558478148518629, 8.0900674699576, -14.550149153724542
5.483579189352956, 8.212761304540354, -14.550746168649914
5.392848760113086, 8.330850592706334, -14.551343183575288
5.286711316412914, 8.44296790832437, -14.551940198500661
5.166061897082011, 8.547929044718805, -14.552537213426033
5.033628205151846, 8.645440511669946, -14.553134228351407
4.888009576814425, 8.733689766954145, -14.553731243276781
4.72922942715819, 8.81109952626276, -14.554328258202153
4.55778807172791, 8.876199070641825, -14.554925273127527
4.374413256941837, 8.927532935407852, -14.5555222880529
4.180331054885911, 8.963991863204319, -14.556119302978274
3.9771394974008514, 8.984954798504603, -14.556716317903646
3.766622448852405, 8.99034314660089, -14.557313332829018
3.550557453966964, 8.980578671291699, -14.557910347754394
3.3302486441874475, 8.9554783546363, -14.558507362679766
3.107339837491158, 8.916247792502558, -14.559104377605138
2.882239012976069, 8.860192415099265, -14.559701392530513
2.6564077871601866, 8.787645747184216, -14.560298407455885
2.431162401946671, 8.699575151456347, -14.560895422381257
2.2073160470544586, 8.606880766329935, -14.561492437306631
1.9849309895427583, 8.512794475417818, -14.562089452232005
1.7640072294115665, 8.41731627872, -14.562686467157377
1.5445447666608914, 8.320446176236475, -14.563283482082753
1.3265436012907266, 8.22218416796725, -14.563880497008123
1.110003733301073, 8.122530253912323, -14.564477511933497
0.8949251626919352, 8.021484434071693, -14.565074526858872
0.681307889463306, 7.919046708445359, -14.565671541784242
0.4691519136151876, 7.815217077033324, -14.566268556709616
0.258457235147584, 7.709995539835586, -14.56686557163499
0.049223854060491234, 7.603382096852145, -14.567462586560362
-0.15854822964608717, 7.495376748083, -14.568059601485738
-0.364859015972153, 7.385979493528153, -14.56865661641111
-0.5697085049177097, 7.275190333187604, -14.569253631336483
-0.7730966964827508, 7.163009267061352, -14.569850646261857
-0.9750235906672802, 7.049436295149395, -14.57044766118723
-1.1754891874713, 6.934471417451737, -14.571044676112603
-1.3744934868948047, 6.818114633968377, -14.571641691037975
-1.5720364889377985, 6.700365944699313, -14.572238705963347
-1.7681181936002808, 6.581225349644546, -14.57283572088872
-1.962738600882252, 6.460692848804078, -14.573432735814094
-2.1558977107837105, 6.338768442177906, -14.574029750739466
-2.347595523304654, 6.215452129766032, -14.574626765664842
-2.537832038445086, 6.090743911568453, -14.575223780590214
-2.726607256205008, 5.964643787585174, -14.575820795515586
-2.9139211765844157, 5.8371517578161916, -14.576417810440962
-3.099773799583311, 5.708267822261506, -14.577014825366334
-3.2841651252016977, 5.577991980921117, -14.577611840291706
-3.4670951534395664, 5.446324233795024, -14.578208855217081
-3.648563884296928, 5.313264580883228, -14.578805870142451
-3.828571317773776, 5.178813022185733, -14.579402885067825
-4.007117453870113, 5.042969557702533, -14.579999899993199
-4.184202292585937, 4.905734187433629, -14.580596914918571
-4.359825833921244, 4.767106911379026, -14.581193929843945
-4.533988077876044, 4.627087729538719, -14.581790944769319
-4.7066890244503305, 4.485676641912707, -14.582387959694692
-4.877928673644103, 4.3428736485009924, -14.582984974620064
-5.047707025457365, 4.198678749303577, -14.583581989545436
-5.216024079890117, 4.053091944320458, -14.58417900447081
-5.382879836942351, 3.906113233551637, -14.584776019396184
-5.5482742966140774, 3.7577426169971107, -14.585373034321556
-5.712207458905291, 3.6079800946568854, -14.58597004924693
-5.874679323815989, 3.4568256665309565, -14.586567064172304
-6.035689891346182, 3.304279332619322, -14.587164079097676
-6.195239161495856, 3.1503410929219853, -14.58776109402305
-6.3533271342650215, 2.995010947438947, -14.588358108948423
-6.509953809653674, 2.8382888961702055, -14.588955123873795
-6.665119187661812, 2.680174939115763, -14.58955213879917
-6.8188232682894405, 2.5206690762756137, -14.590149153724543
-6.971066051536556, 2.3597713076497633, -14.590746168649915
-7.121353380927147, 2.197491337225029, -14.591343183575288
-7.263213357162077, 2.0341481708239515, -14.591940198500662
-7.392850291792224, 1.8706943947517813, -14.592537213426034
-7.508649374882036, 1.7086821208286942, -14.593134228351408
-7.611728291353782, 1.5491417567448673, -14.59373124327678
-7.702888480430225, 1.3929675324250113, -14.594328258202154
-7.7805649451105605, 1.2425350755752005, -14.594925273127526
-7.847235441052702, 1.0977759627520038, -14.5955222880529
-7.902980390397472, 0.9601470340375329, -14.596119302978273
-7.947949325718224, 0.8314524488730202, -14.596716317903645
-7.984055590704049, 0.7113116013177176, -14.59731333282902
-8.011578988217181, 0.6017365010492295, -14.597910347754393
-8.031809804410932, 0.5031789238816708, -14.598507362679765
-8.046176561245181, 0.4152663073573155, -14.599104377605139
-8.055531665486864, 0.34054626502613683, -14.599701392530513
-8.061368130372589, 0.27400227178493886, -14.600298407455885
-8.06381590053099, 0.20044299496600715, -14.600895422381258
-8.062026359781909, 0.11653967293174983, -14.601492437306632
-8.0551177671854, 0.02263233045549473, -14.602089452232004
-8.04243382283584, -0.0803666900915081, -14.602686467157376
-8.023563258304142, -0.19124192989727273, -14.603283482082752
-7.997537727167902, -0.31032064794981906, -14.603880497008124
-7.963318712950666, -0.43765286622608457, -14.604477511933496
-7.919895639458618, -0.5729551343490256, -14.605074526858871
-7.866409985528064, -0.715593901018333, -14.605671541784243
-7.802133832631711, -0.8647330424456197, -14.606268556709615
-7.726761325464356, -1.019209562017834, -14.60686557163499
-7.640484927236006, -1.1777088586888222, -14.607462586560363
-7.543706308765543, -1.3390517536208595, -14.608059601485735
-7.437205763758689, -1.5021445196278087, -14.608656616411109
-7.319830041605298, -1.6666111853042662, -14.609253631336482
-7.1912409794763406, -1.831693331086008, -14.609850646261854
-7.051400855491912, -1.9965257035682376, -14.610447661187228
-6.902269420270187, -2.1602663970009335, -14.611044676112602
-6.750941003921045, -2.3225555997390708, -14.611641691037974
-6.598220681786196, -2.483383505096697, -14.612238705963348
-6.444108453865647, -2.6427501130738076, -14.612835720888722
-6.288604320159397, -2.8006554236704067, -14.613432735814094
-6.131708280667444, -2.957099436886496, -14.614029750739466
-5.973420335389787, -3.11208215272207, -14.614626765664841
-5.813740484326429, -3.2656035711771354, -14.615223780590213
-5.652668727477367, -3.417663692251685, -14.615820795515585
-5.490205064842602, -3.5682625159457255, -14.61641781044096
-5.326349496422134, -3.7174000422592526, -14.617014825366333
-5.16110202221596, -3.8650762711922644, -14.617611840291705
-4.994462642224088, -4.0112912027447685, -14.61820885521708
-4.826431356446512, -4.156044836916759, -14.618805870142452
-4.6570081648832335, -4.299337173708237, -14.619402885067824
-4.486193067534248, -4.441168213119203, -14.619999899993198
-4.313986064399564, -4.5815379551496545, -14.620596914918572
-4.140387155479177, -4.720446399799597, -14.621193929843944
-3.965396340773088, -4.857893547069025, -14.621790944769318
-3.7890136202812954, -4.993879396957941, -14.622387959694692
-3.6112389940038, -5.128403949466347, -14.622984974620064
-3.432072461940602, -5.26146720459424, -14.623581989545437
-3.251514024091702, -5.393069162341616, -14.624179004470811
-3.069563680457094, -5.523209822708486, -14.624776019396183
-2.886221431036792, -5.6518891856948414, -14.625373034321555
-2.701487275830775, -5.779107251300682, -14.62597004924693
-2.515361214839063, -5.904864019526015, -14.626567064172303
-2.327843248061648, -6.0291594903708345, -14.627164079097675
-2.1389333754985302, -6.15199366383514, -14.62776109402305
-1.9486315971497115, -6.273366539918934, -14.628358108948422
-1.7569379130151885, -6.393278118622218, -14.628955123873794
-1.5638523230949621, -6.511728399944987, -14.62955213879917
-1.3693748273890352, -6.628717383887245, -14.630149153724542
-1.1735054258973991, -6.744245070448991, -14.630746168649914
-0.9762441186200643, -6.858311459630223, -14.631343183575288
-0.7775909055570276, -6.970916551430946, -14.631940198500661
-0.5775457867082894, -7.082060345851157, -14.632537213426033
-0.3761087620738466, -7.191742842890855, -14.633134228351407
-0.17327983165370142, -7.299964042550037, -14.633731243276781
0.03094100455214699, -7.406723944828712, -14.634328258202153
0.23655374654369643, -7.512022549726872, -14.634925273127527
0.44355839432095, -7.615859857244518, -14.6355222880529
0.6519549478839113, -7.718235867381655, -14.636119302978274
0.8617434072325687, -7.819150580138279, -14.636716317903645
1.0729237723669303, -7.918603995514388, -14.63731333282902
1.285496043286995, -8.016596113509989, -14.637910347754392
1.4994602199927631, -8.113126934125077, -14.638507362679764
1.7148163024842318, -8.20819645735965, -14.63910437760514
1.9315642907614046, -8.301804683213712, -14.639701392530512
2.1497041848242806, -8.393951611687264, -14.640298407455884
2.369235984672867, -8.4846372427803, -14.64089542238126
2.5901128677896224, -8.571477231717887, -14.641492437306631
2.811650271884717, -8.64446436825836, -14.642089452232003
3.0318145388473545, -8.697223203506212, -14.642686467157377
3.2488229090572687, -8.730968022030012, -14.64328348208275
3.4612987936216544, -8.74718745607712, -14.643880497008123
3.6659613672272973, -8.743474073336262, -14.644477511933497
3.8624639656479713, -8.723326230532638, -14.64507452685887
4.048937400547601, -8.687162714327382, -14.645671541784244
4.222368880663392, -8.634707159163877, -14.646268556709616
4.383354884827056, -8.569160259235268, -14.64686557163499
4.529152407163986, -8.49088545250714, -14.647462586560364
4.6585806108523045, -8.401572392945411, -14.648059601485736
4.772347758323078, -8.303584008110544, -14.64865661641111
4.8669048988431625, -8.197968677935314, -14.649253631336482
4.943699428585374, -8.087132643951884, -14.649850646261854
5.009830407919473, -7.97275304733688, -14.65044766118723
5.079267683289828, -7.855141440474139, -14.651044676112601
5.153713936293531, -7.733884110371676, -14.651641691037973
5.232965904964528, -7.608534411501008, -14.652238705963347
5.315868457839123, -7.479025415084319, -14.65283572088872
5.402413487589138, -7.344995903622605, -14.653432735814093
5.492783549950126, -7.205897953279026, -14.654029750739467
5.586647150502758, -7.061383319319138, -14.65462676566484
5.683746601349011, -6.911045283213726, -14.655223780590212
5.783665991768085, -6.75457422233058, -14.655820795515586
5.885863701618396, -6.591806409537549, -14.65641781044096
5.989727863380579, -6.422748703176904, -14.657014825366334
6.094639195531764, -6.247572475957387, -14.657611840291706
6.200075569949179, -6.066442275592294, -14.65820885521708
6.305490124434413, -5.8797971710939265, -14.658805870142453
6.410681452293525, -5.687180476891271, -14.659402885067825
6.515257164281834, -5.48861789529569, -14.659999899993199
6.618814819261457, -5.284248084891033, -14.660596914918571
6.721007950957116, -5.0757336675848155, -14.661193929843943
6.821740001541174, -4.8657712200129435, -14.661790944769319
6.921010754744721, -4.654416866655369, -14.66238795969469
7.018820210567758, -4.441670607512092, -14.662984974620063
7.11516836901028, -4.227532442583112, -14.663581989545436
7.210055230072292, -4.012002371868428, -14.66417900447081
7.30348079375379, -3.7950803953680436, -14.664776019396184
7.395445060054778, -3.5767665130819437, -14.665373034321556
7.485948028975251, -3.3570607250101525, -14.66597004924693
7.574989700515216, -3.1359630311526585, -14.666567064172304
7.662570074674664, -2.9134734315094626, -14.667164079097676
7.7486891514536005, -2.689591926080563, -14.66776109402305
7.83334693085203, -2.4643185148659605, -14.668358108948423
7.91654341286994, -2.2376531978656575, -14.668955123873795
7.998278597507341, -2.0095959750796513, -14.669552138799169
8.078552484764232, -1.7801468465079424, -14.670149153724543
8.157365074640609, -1.5493058121505303, -14.670746168649915
8.234716367136471, -1.3170728720074154, -14.671343183575289
8.310606362251827, -1.0834480260785964, -14.67194019850066
8.385035059986665, -0.8484312743640746, -14.672537213426033
8.458002460340992, -0.6120226168638513, -14.673134228351406
8.529508563314808, -0.3742220535779237, -14.67373124327678
8.599553368908113, -0.13502958450629365, -14.674328258202152
8.668136877120904, 0.10555479035103899, -14.674925273127526
8.73525908795318, 0.34753107099408576, -14.6755222880529
8.80092000140495, 0.5908992574228242, -14.676119302978273
8.865119617476203, 0.8356593496372655, -14.676716317903646
8.927857936166946, 1.0818113476374098, -14.67731333282902
8.989134957477177, 1.329355251423255, -14.677910347754393
9.048950681406893, 1.5782910609948044, -14.678507362679765
9.107305107956101, 1.828618776352057, -14.679104377605139
9.164198237124793, 2.0803383974950105, -14.679701392530513
9.219630068912975, 2.3334499244236806, -14.680298407455885
9.273600603320643, 2.5879533571380415, -14.680895422381258
9.3261098403478, 2.843848695638105, -14.681492437306632
9.377157779994445, 3.1011359399238696, -14.682089452232004
9.426744422260576, 3.3598150899953385, -14.682686467157378
9.474869767146199, 3.6198861458525107, -14.68328348208275
9.521533814651304, 3.8813491074953834, -14.683880497008124
9.566736564775901, 4.144203974923961, -14.684477511933496
9.610478017519986, 4.4084507481382404, -14.68507452685887
9.652758172883557, 4.674089427138224, -14.685671541784242
9.693577030866615, 4.941120011923908, -14.686268556709615
9.732934591469164, 5.209542502495296, -14.68686557163499
9.7708308546912, 5.479356898852387, -14.687462586560363
9.807265820532722, 5.750563200995181, -14.688059601485735
9.842239488993732, 6.023161408923676, -14.688656616411109
9.87575186007423, 6.297151522637876, -14.689253631336483
9.907802933774216, 6.5725335421377915, -14.689850646261855
9.938392710093689, 6.849307467423394, -14.690447661187228
9.967521189032652, 7.127473298494703, -14.691044676112602
9.989766272258517, 7.406924559016201, -14.691641691037974
9.988874611664473, 7.686045653546226, -14.692238705963348
9.962360876299053, 7.96230870326032, -14.692835720888722
9.912482415166803, 8.233751291862541, -14.693432735814094
9.83603893060627, 8.496407800101098, -14.694029750739467
9.737133091395155, 8.749194141523002, -14.69462676566484
9.616760434958072, 8.989953468375775, -14.695223780590213
9.473758266578924, 9.214311910939351, -14.695820795515585
9.312791852165178, 9.422980924812418, -14.696417810440959
9.134283574865425, 9.612612225860568, -14.697014825366333
8.940019854060766, 9.780944824970291, -14.697611840291705
8.733455199762439, 9.929014731773066, -14.698208855217079
8.515719651959532, 10.052398404806832, -14.698805870142452
8.289991958903247, 10.152169656847542, -14.699402885067824
8.058838891213135, 10.229092687455047, -14.699999899993198
