2.604049983950549e-17, -0.15761892434230437, 0.987500012500848
2.604049983950549e-17, -0.15761892434230437, 0.987500012500848
2.604049983950549e-17, -0.15761892434230437, 0.987500012500848
2.604049983950549e-17, -0.15761892434230437, 0.987500012500848
2.604049983950549e-17, -0.15761892434230437, 0.987500012500848
2.604049983950549e-17, -0.15761892434230437, 0.987500012500848
2.604049983950549e-17, -0.15761892434230437, 0.987500012500848
2.604049983950549e-17, -0.15761892434230437, 0.987500012500848
2.604049983950549e-17, -0.15761892434230437, 0.987500012500848
2.604049983950549e-17, -0.15761892434230437, 0.987500012500848
2.604049983950549e-17, -0.15761892434230437, 0.987500012500848
2.604049983950549e-17, -0.15761892434230437, 0.987500012500848
2.604049983950549e-17, -0.15761892434230437, 0.987500012500848
2.604049983950549e-17, -0.15761892434230437, 0.987500012500848
2.604049983950549e-17, -0.15761892434230437, 0.987500012500848
2.604049983950549e-17, -0.15761892434230437, 0.987500012500848
2.604049983950549e-17, -0.15761892434230437, 0.987500012500848
2.604049983950549e-17, -0.15761892434230437, 0.987500012500848
2.604049983950549e-17, -0.15761892434230437, 0.987500012500848
2.604049983950549e-17, -0.15761892434230437, 0.987500012500848
2.604049983950549e-17, -0.15761892434230437, 0.987500012500848
-1.0528320873957161e-06, -0.15761892434221922, 0.9875000125003003
0.006751010009177945, -0.15747333121409562, 0.9875001639595772
0.014328438075013598, -0.15696341371959138, 0.9875004722104305
0.022858761690968954, -0.15594846702732856, 0.9875006595672642
0.03247434815117722, -0.15423378076305497, 0.9875005608017092
0.04329839470028487, -0.15155380892397682, 0.9875002238060573
0.05541063435507367, -0.14755805531577582, 0.9875000161578706
0.06872734117684612, -0.1418436101958707, 0.9875003507955646
0.08298313190105074, -0.13400123877425668, 0.9875006166210011
0.0975400541391692, -0.12381024187089003, 0.987500360428491
0.11147218591426049, -0.11143463137582732, 0.9875000125051291
0.12384216765856161, -0.09749950276126919, 0.9875003617573687
0.13402528871741973, -0.0829442828292592, 0.9875006166733022
0.14186190905799687, -0.06868957902110294, 0.9875003496163047
0.14757055089346321, -0.05537734946630279, 0.9875000160380184
0.1515609422824747, -0.043273400467454655, 0.9875002246006994
0.15423752411296027, -0.03245655111846286, 0.9875005612378144
0.15595020288735856, -0.022846919364547413, 0.9875006594908894
0.15696405468172075, -0.014321432115864027, 0.9875004719593932
0.15747346554896055, -0.006747893519718253, 0.9875001638384912
0.15761892434221797, 1.052840522726069e-06, 0.9875000125003006
0.15761892434230446, 0.0, 0.987500012500848
0.15761892434230446, 0.0, 0.987500012500848
0.15761892434230446, 0.0, 0.987500012500848
0.15761892434230446, 0.0, 0.987500012500848
0.15761892434230446, 0.0, 0.987500012500848
0.15761892434230446, 0.0, 0.987500012500848
0.15761892434230446, 0.0, 0.987500012500848
0.15761892434230446, 0.0, 0.987500012500848
0.15761892434230446, 0.0, 0.987500012500848
0.15761892434230446, 0.0, 0.987500012500848
0.15761892434230446, 0.0, 0.987500012500848
0.15761892434230446, 0.0, 0.987500012500848
0.15761892434230446, 0.0, 0.987500012500848
0.15761892434230446, 0.0, 0.987500012500848
0.15761892434230446, 0.0, 0.987500012500848
0.15761892434230446, 0.0, 0.987500012500848
0.15761892434230446, 0.0, 0.987500012500848
0.15761892434230446, 0.0, 0.987500012500848
0.15761892434230446, 0.0, 0.987500012500848
0.15761892434230446, 0.0, 0.987500012500848
0.15761892434230446, 0.0, 0.987500012500848
0.15761892434223, -1.0528392434413375e-06, 0.9875000125002986
0.15747333121231863, 0.006751010005402441, 0.9875001639598864
0.15696341371683512, 0.014328438074095048, 0.9875004722108818
0.15594846702439555, 0.022858761692247338, 0.9875006595676977
0.1542337807606894, 0.032474348153708615, 0.9875005608019953
0.15155380892274228, 0.04329839470257857, 0.9875002238061461
0.14755805531576877, 0.05541063435505917, 0.9875000161578725
0.14184361019586533, 0.06872734117651848, 0.9875003507955883
0.13400123877417844, 0.08298313190072998, 0.9875006166210386
0.12381024187071307, 0.0975400541390526, 0.9875003604285247
0.11143463137582887, 0.11147218591425978, 0.9875000125051289
0.09749950276076448, 0.12384216765955315, 0.9875003617572942
0.08294428282910381, 0.13402528871848365, 0.9875006166731708
0.06868957902221773, 0.14186190905827478, 0.9875003496161874
0.05537734946949223, 0.1475705508923444, 0.9875000160380067
0.04327340046690827, 0.15156094228219164, 0.9875002246007667
0.03245655111656483, 0.15423752411305888, 0.9875005612378615
0.022846919363061213, 0.1559502028875432, 0.9875006594908946
0.014321432115731045, 0.1569640546818712, 0.9875004719593714
0.006747893521392781, 0.15747346554903657, 0.9875001638384675
-1.0528368871251218e-06, 0.15761892434221694, 0.9875000125003007
-2.6040499839505496e-17, 0.15761892434230437, 0.987500012500848
-2.6040499839505496e-17, 0.15761892434230437, 0.987500012500848
-2.6040499839505496e-17, 0.15761892434230437, 0.987500012500848
-2.6040499839505496e-17, 0.15761892434230437, 0.987500012500848
-2.6040499839505496e-17, 0.15761892434230437, 0.987500012500848
-2.6040499839505496e-17, 0.15761892434230437, 0.987500012500848
-2.6040499839505496e-17, 0.15761892434230437, 0.987500012500848
-2.6040499839505496e-17, 0.15761892434230437, 0.987500012500848
-2.6040499839505496e-17, 0.15761892434230437, 0.987500012500848
-2.6040499839505496e-17, 0.15761892434230437, 0.987500012500848
-2.6040499839505496e-17, 0.15761892434230437, 0.987500012500848
-2.6040499839505496e-17, 0.15761892434230437, 0.987500012500848
-2.6040499839505496e-17, 0.15761892434230437, 0.987500012500848
-2.6040499839505496e-17, 0.15761892434230437, 0.987500012500848
-2.6040499839505496e-17, 0.15761892434230437, 0.987500012500848
-2.6040499839505496e-17, 0.15761892434230437, 0.987500012500848
-2.6040499839505496e-17, 0.15761892434230437, 0.987500012500848
-2.6040499839505496e-17, 0.15761892434230437, 0.987500012500848
-2.6040499839505496e-17, 0.15761892434230437, 0.987500012500848
-2.6040499839505496e-17, 0.15761892434230437, 0.987500012500848
-2.6040499839505496e-17, 0.15761892434230437, 0.987500012500848
1.052836619887918e-06, 0.15761892434221755, 0.9875000125003006
-0.006751010006765247, 0.15747333121296933, 0.9875001639597732
-0.014328438074271995, 0.15696341371781455, 0.9875004722107235
-0.022858761691407124, 0.15594846702540596, 0.9875006595675577
-0.03247434815217709, 0.1542337807614971, 0.9875005608019197
-0.043298394700986245, 0.15155380892322387, 0.9875002238061419
-0.0554106343545754, 0.1475580553159855, 0.9875000161578672
-0.0687273411762231, 0.14184361019635686, 0.9875003507955382
-0.08298313190006959, 0.13400123877506254, 0.9875006166209742
-0.09754005413765623, 0.12381024187221179, 0.9875003604284747
-0.1114721859121649, 0.11143463137792242, 0.9875000125051292
-0.12384216765782693, 0.09749950276230555, 0.9875003617573584
-0.13402528871720437, 0.08294428283009703, 0.9875006166732611
-0.14186190905765558, 0.06868957902251484, 0.9875003496162555
-0.14757055089255008, 0.05537734946884308, 0.9875000160380124
-0.1515609422823531, 0.043273400467409004, 0.9875002246007201
-0.15423752411327393, 0.032456551117125115, 0.9875005612378095
-0.1559502028877133, 0.02284691936335638, 0.987500659490861
-0.15696405468192365, 0.01432143211595111, 0.9875004719593599
-0.15747346554900268, 0.0067478935218970495, 0.9875001638384695
-0.15761892434221822, -1.0528357188307308e-06, 0.9875000125003006
-0.15761892434230457, 0.0, 0.987500012500848
-0.15761892434230457, 0.0, 0.987500012500848
-0.15761892434230457, 0.0, 0.987500012500848
-0.15761892434230457, 0.0, 0.987500012500848
-0.15761892434230457, 0.0, 0.987500012500848
-0.15761892434230457, 0.0, 0.987500012500848
-0.15761892434230457, 0.0, 0.987500012500848
-0.15761892434230457, 0.0, 0.987500012500848
-0.15761892434230457, 0.0, 0.987500012500848
-0.15761892434230457, 0.0, 0.987500012500848
-0.15761892434230457, 0.0, 0.987500012500848
-0.15761892434230457, 0.0, 0.987500012500848
-0.15761892434230457, 0.0, 0.987500012500848
-0.15761892434230457, 0.0, 0.987500012500848
-0.15761892434230457, 0.0, 0.987500012500848
-0.15761892434230457, 0.0, 0.987500012500848
-0.15761892434230457, 0.0, 0.987500012500848
-0.15761892434230457, 0.0, 0.987500012500848
-0.15761892434230457, 0.0, 0.987500012500848
-0.15761892434230457, 0.0, 0.987500012500848
-0.15761892434230457, 0.0, 0.987500012500848
-0.15761892434221603, 1.0528391133525931e-06, 0.9875000125003008
-0.1574733312123453, -0.006751010006042524, 0.9875001639598776
-0.15696341371694839, -0.014328438074872095, 0.9875004722108526
-0.15594846702467424, -0.022858761692725008, 0.9875006595676427
-0.15423378076124514, -0.0324743481533517, 0.9875005608019204
-0.15155380892370257, -0.043298394700710945, 0.9875002238060806
-0.14755805531705066, -0.05541063435147582, 0.9875000161578821
-0.14184361019598693, -0.06872734117541945, 0.9875003507956474
-0.1340012387740032, -0.08298313190084354, 0.987500616621053
-0.12381024187132919, -0.0975400541387741, 0.987500360428475
-0.11143463137833963, -0.11147218591174625, 0.9875000125051294
-0.09749950276254306, -0.12384216765714388, 0.9875003617574207
-0.08294428282978536, -0.13402528871680938, 0.9875006166733408
-0.06868957902144034, -0.14186190905777926, 0.9875003496163126
-0.05537734946695807, -0.14757055089322205, 0.9875000160380178
-0.04327340046785241, -0.15156094228225325, 0.987500224600716
-0.03245655111863583, -0.15423752411265632, 0.9875005612378563
-0.02284691936466097, -0.1559502028869479, 0.9875006594909517
-0.014321432116072395, -0.15696405468128322, 0.9875004719594598
-0.006747893520128496, -0.15747346554864877, 0.9875001638385381
1.0528398581330897e-06, -0.15761892434221078, 0.9875000125003016
6.982150666838977e-17, -0.42261826174069383, 0.9063077870366526
6.982150666838977e-17, -0.42261826174069383, 0.9063077870366526
6.982150666838977e-17, -0.42261826174069383, 0.9063077870366526
6.982150666838977e-17, -0.42261826174069383, 0.9063077870366526
6.982150666838977e-17, -0.42261826174069383, 0.9063077870366526
6.982150666838977e-17, -0.42261826174069383, 0.9063077870366526
6.982150666838977e-17, -0.42261826174069383, 0.9063077870366526
6.982150666838977e-17, -0.42261826174069383, 0.9063077870366526
6.982150666838977e-17, -0.42261826174069383, 0.9063077870366526
6.982150666838977e-17, -0.42261826174069383, 0.9063077870366526
6.982150666838977e-17, -0.42261826174069383, 0.9063077870366526
6.982150666838977e-17, -0.42261826174069383, 0.9063077870366526
6.982150666838977e-17, -0.42261826174069383, 0.9063077870366526
6.982150666838977e-17, -0.42261826174069383, 0.9063077870366526
6.982150666838977e-17, -0.42261826174069383, 0.9063077870366526
6.982150666838977e-17, -0.42261826174069383, 0.9063077870366526
6.982150666838977e-17, -0.42261826174069383, 0.9063077870366526
6.982150666838977e-17, -0.42261826174069383, 0.9063077870366526
6.982150666838977e-17, -0.42261826174069383, 0.9063077870366526
6.982150666838977e-17, -0.42261826174069383, 0.9063077870366526
6.982150666838977e-17, -0.42261826174069383, 0.9063077870366526
-1.0824674490095274e-15, -0.4226182617406948, 0.906307787036652
0.022482850530739174, -0.4039563956536772, 0.9145019146193748
0.04494499688454548, -0.3849225311549255, 0.9218538887829968
0.0673657539507056, -0.3655341962931058, 0.928356939186112
0.08972447473338534, -0.34580924554422654, 0.9340050772506278
0.1120005693651871, -0.32576584336967557, 0.9387931016765717
0.13417352406811217, -0.30542244748878605, 0.9427166032319063
0.15622292004443325, -0.2847977918813609, 0.9457719688129331
0.1781284522801182, -0.2639108695357781, 0.9479563847715565
0.1998699482434572, -0.2427809149585905, 0.9492678395063363
0.22142738646170199, -0.22142738646170346, 0.9497051253149473
0.24278091495859025, -0.1998699482434574, 0.9492678395063363
0.2639108695357778, -0.1781284522801184, 0.9479563847715565
0.28479779188135945, -0.15622292004443475, 0.9457719688129332
0.3054224474887858, -0.1341735240681124, 0.9427166032319063
0.32576584336967535, -0.11200056936518732, 0.9387931016765718
0.3458092455442269, -0.08972447473338481, 0.9340050772506276
0.3655341962931056, -0.06736575395070576, 0.928356939186112
0.38492253115492464, -0.04494499688454631, 0.921853888782997
0.403956395653677, -0.02248285053073934, 0.9145019146193749
0.42261826174069406, 2.775557561562891e-16, 0.9063077870366525
0.4226182617406938, 0.0, 0.9063077870366526
0.4226182617406938, 0.0, 0.9063077870366526
0.4226182617406938, 0.0, 0.9063077870366526
0.4226182617406938, 0.0, 0.9063077870366526
0.4226182617406938, 0.0, 0.9063077870366526
0.4226182617406938, 0.0, 0.9063077870366526
0.4226182617406938, 0.0, 0.9063077870366526
0.4226182617406938, 0.0, 0.9063077870366526
0.4226182617406938, 0.0, 0.9063077870366526
0.4226182617406938, 0.0, 0.9063077870366526
0.4226182617406938, 0.0, 0.9063077870366526
0.4226182617406938, 0.0, 0.9063077870366526
0.4226182617406938, 0.0, 0.9063077870366526
0.4226182617406938, 0.0, 0.9063077870366526
0.4226182617406938, 0.0, 0.9063077870366526
0.4226182617406938, 0.0, 0.9063077870366526
0.4226182617406938, 0.0, 0.9063077870366526
0.4226182617406938, 0.0, 0.9063077870366526
0.4226182617406938, 0.0, 0.9063077870366526
0.4226182617406938, 0.0, 0.9063077870366526
0.4226182617406938, 0.0, 0.9063077870366526
0.42261826174069533, -1.9428902930940236e-15, 0.9063077870366518
0.4039563956536779, 0.02248285053073856, 0.9145019146193745
0.3849225311549258, 0.044944996884545695, 0.9218538887829966
0.36553419629310585, 0.06736575395070665, 0.928356939186112
0.34580924554422726, 0.08972447473338593, 0.9340050772506274
0.3257658433696765, 0.11200056936518792, 0.9387931016765714
0.30542244748878716, 0.1341735240681132, 0.9427166032319059
0.28479779188136106, 0.15622292004443572, 0.9457719688129328
0.263910869535779, 0.1781284522801202, 0.947956384771556
0.24278091495859158, 0.19986994824345938, 0.9492678395063356
0.22142738646170285, 0.22142738646170623, 0.9497051253149464
0.19986994824345755, 0.24278091495859405, 0.9492678395063354
0.17812845228011873, 0.26391086953578174, 0.9479563847715553
0.15622292004443467, 0.2847977918813641, 0.9457719688129319
0.1341735240681131, 0.30542244748879005, 0.9427166032319049
0.11200056936518817, 0.32576584336967973, 0.9387931016765702
0.08972447473338589, 0.3458092455442314, 0.9340050772506259
0.06736575395070694, 0.36553419629311024, 0.92835693918611
0.044944996884546416, 0.38492253115493047, 0.9218538887829946
0.022482850530740252, 0.40395639565368235, 0.9145019146193725
1.1102230246251563e-16, 0.42261826174070016, 0.9063077870366496
-6.982150666839085e-17, 0.4226182617407003, 0.9063077870366496
-6.982150666839085e-17, 0.4226182617407003, 0.9063077870366496
-6.982150666839085e-17, 0.4226182617407003, 0.9063077870366496
-6.982150666839085e-17, 0.4226182617407003, 0.9063077870366496
-6.982150666839085e-17, 0.4226182617407003, 0.9063077870366496
-6.982150666839085e-17, 0.4226182617407003, 0.9063077870366496
-6.982150666839085e-17, 0.4226182617407003, 0.9063077870366496
-6.982150666839085e-17, 0.4226182617407003, 0.9063077870366496
-6.982150666839085e-17, 0.4226182617407003, 0.9063077870366496
-6.982150666839085e-17, 0.4226182617407003, 0.9063077870366496
-6.982150666839085e-17, 0.4226182617407003, 0.9063077870366496
-6.982150666839085e-17, 0.4226182617407003, 0.9063077870366496
-6.982150666839085e-17, 0.4226182617407003, 0.9063077870366496
-6.982150666839085e-17, 0.4226182617407003, 0.9063077870366496
-6.982150666839085e-17, 0.4226182617407003, 0.9063077870366496
-6.982150666839085e-17, 0.4226182617407003, 0.9063077870366496
-6.982150666839085e-17, 0.4226182617407003, 0.9063077870366496
-6.982150666839085e-17, 0.4226182617407003, 0.9063077870366496
-6.982150666839085e-17, 0.4226182617407003, 0.9063077870366496
-6.982150666839085e-17, 0.4226182617407003, 0.9063077870366496
-6.982150666839085e-17, 0.4226182617407003, 0.9063077870366496
8.88178419700125e-16, 0.4226182617407011, 0.9063077870366493
-0.02248285053073881, 0.4039563956536841, 0.9145019146193718
-0.04494499688454646, 0.38492253115493125, 0.9218538887829941
-0.06736575395070722, 0.36553419629311124, 0.9283569391861097
-0.0897244747333857, 0.34580924554423303, 0.9340050772506252
-0.11200056936518818, 0.3257658433696817, 0.9387931016765696
-0.13417352406811328, 0.30542244748879216, 0.9427166032319043
-0.1562229200444363, 0.2847977918813652, 0.9457719688129314
-0.17812845228011995, 0.2639108695357836, 0.9479563847715545
-0.19986994824346024, 0.24278091495859483, 0.9492678395063345
-0.22142738646170504, 0.2214273864617078, 0.9497051253149454
-0.2427809149585939, 0.1998699482434611, 0.9492678395063345
-0.2639108695357815, 0.1781284522801221, 0.9479563847715549
-0.2847977918813637, 0.15622292004443783, 0.9457719688129316
-0.3054224474887895, 0.13417352406811608, 0.9427166032319048
-0.32576584336968023, 0.11200056936518966, 0.9387931016765698
-0.3458092455442317, 0.08972447473338724, 0.9340050772506256
-0.36553419629310985, 0.06736575395070872, 0.9283569391861102
-0.38492253115492936, 0.04494499688454864, 0.921853888782995
-0.4039563956536827, 0.02248285053074033, 0.9145019146193722
-0.4226182617406998, 6.383782391594647e-16, 0.9063077870366497
-0.4226182617407003, 0.0, 0.9063077870366496
-0.4226182617407003, 0.0, 0.9063077870366496
-0.4226182617407003, 0.0, 0.9063077870366496
-0.4226182617407003, 0.0, 0.9063077870366496
-0.4226182617407003, 0.0, 0.9063077870366496
-0.4226182617407003, 0.0, 0.9063077870366496
-0.4226182617407003, 0.0, 0.9063077870366496
-0.4226182617407003, 0.0, 0.9063077870366496
-0.4226182617407003, 0.0, 0.9063077870366496
-0.4226182617407003, 0.0, 0.9063077870366496
-0.4226182617407003, 0.0, 0.9063077870366496
-0.4226182617407003, 0.0, 0.9063077870366496
-0.4226182617407003, 0.0, 0.9063077870366496
-0.4226182617407003, 0.0, 0.9063077870366496
-0.4226182617407003, 0.0, 0.9063077870366496
-0.4226182617407003, 0.0, 0.9063077870366496
-0.4226182617407003, 0.0, 0.9063077870366496
-0.4226182617407003, 0.0, 0.9063077870366496
-0.4226182617407003, 0.0, 0.9063077870366496
-0.4226182617407003, 0.0, 0.9063077870366496
-0.4226182617407003, 0.0, 0.9063077870366496
-0.42261826174070116, 1.1102230246251565e-15, 0.9063077870366492
-0.4039563956536829, -0.02248285053073973, 0.9145019146193724
-0.3849225311549316, -0.044944996884545174, 0.9218538887829941
-0.3655341962931107, -0.06736575395070646, 0.92835693918611
-0.3458092455442324, -0.0897244747333847, 0.9340050772506256
-0.32576584336968073, -0.112000569365187, 0.9387931016765699
-0.3054224474887911, -0.1341735240681119, 0.9427166032319048
-0.2847977918813652, -0.15622292004443347, 0.9457719688129318
-0.26391086953578285, -0.1781284522801176, 0.9479563847715553
-0.2427809149585945, -0.19986994824345708, 0.9492678395063354
-0.22142738646170604, -0.22142738646170296, 0.9497051253149463
-0.1998699482434605, -0.24278091495859042, 0.9492678395063356
-0.17812845228012128, -0.26391086953577786, 0.947956384771556
-0.15622292004443686, -0.28479779188135995, 0.9457719688129328
-0.13417352406811497, -0.3054224474887855, 0.9427166032319061
-0.11200056936518907, -0.3257658433696754, 0.9387931016765716
-0.08972447473338703, -0.3458092455442262, 0.9340050772506276
-0.06736575395070715, -0.36553419629310535, 0.928356939186112
-0.04494499688454681, -0.3849225311549248, 0.921853888782997
-0.02248285053073973, -0.4039563956536769, 0.9145019146193749
1.1102230246251565e-16, -0.42261826174069383, 0.9063077870366526
6.982150666838977e-17, -0.42261826174069383, 0.9063077870366526
6.982150666838977e-17, -0.42261826174069383, 0.9063077870366526
6.982150666838977e-17, -0.42261826174069383, 0.9063077870366526
6.982150666838977e-17, -0.42261826174069383, 0.9063077870366526
6.982150666838977e-17, -0.42261826174069383, 0.9063077870366526
6.982150666838977e-17, -0.42261826174069383, 0.9063077870366526
6.982150666838977e-17, -0.42261826174069383, 0.9063077870366526
6.982150666838977e-17, -0.42261826174069383, 0.9063077870366526
6.982150666838977e-17, -0.42261826174069383, 0.9063077870366526
6.982150666838977e-17, -0.42261826174069383, 0.9063077870366526
6.982150666838977e-17, -0.42261826174069383, 0.9063077870366526
6.982150666838977e-17, -0.42261826174069383, 0.9063077870366526
6.982150666838977e-17, -0.42261826174069383, 0.9063077870366526
6.982150666838977e-17, -0.42261826174069383, 0.9063077870366526
6.982150666838977e-17, -0.42261826174069383, 0.9063077870366526
6.982150666838977e-17, -0.42261826174069383, 0.9063077870366526
6.982150666838977e-17, -0.42261826174069383, 0.9063077870366526
6.982150666838977e-17, -0.42261826174069383, 0.9063077870366526
6.982150666838977e-17, -0.42261826174069383, 0.9063077870366526
6.982150666838977e-17, -0.42261826174069383, 0.9063077870366526
6.982150666838977e-17, -0.42261826174069383, 0.9063077870366526
-1.7486012637846212e-15, -0.42261826174069533, 0.9063077870366518
0.022482850530738535, -0.40395639565367775, 0.9145019146193747
0.04494499688454484, -0.38492253115492603, 0.9218538887829966
0.0673657539507056, -0.3655341962931058, 0.928356939186112
0.08972447473338332, -0.3458092455442283, 0.9340050772506273
0.11200056936518646, -0.3257658433696762, 0.9387931016765717
0.13417352406811156, -0.30542244748878666, 0.9427166032319063
0.15622292004443325, -0.2847977918813609, 0.9457719688129331
0.17812845228011753, -0.2639108695357787, 0.9479563847715565
0.19986994824345655, -0.24278091495859114, 0.9492678395063363
0.22142738646170262, -0.22142738646170282, 0.9497051253149473
0.24278091495859025, -0.1998699482434574, 0.9492678395063363
0.2639108695357778, -0.1781284522801184, 0.9479563847715565
0.28479779188136, -0.1562229200444341, 0.9457719688129331
0.3054224474887858, -0.1341735240681124, 0.9427166032319063
0.32576584336967473, -0.11200056936518801, 0.938793101676572
0.34580924554422743, -0.08972447473338423, 0.9340050772506274
0.36553419629310446, -0.06736575395070707, 0.9283569391861124
0.38492253115492403, -0.04494499688454697, 0.9218538887829971
0.403956395653677, -0.02248285053073934, 0.9145019146193749
0.42261826174069456, 9.436895709313829e-16, 0.9063077870366522
0.4226182617406938, 0.0, 0.9063077870366526
0.4226182617406938, 0.0, 0.9063077870366526
0.4226182617406938, 0.0, 0.9063077870366526
0.4226182617406938, 0.0, 0.9063077870366526
0.4226182617406938, 0.0, 0.9063077870366526
0.4226182617406938, 0.0, 0.9063077870366526
0.4226182617406938, 0.0, 0.9063077870366526
0.4226182617406938, 0.0, 0.9063077870366526
0.4226182617406938, 0.0, 0.9063077870366526
0.4226182617406938, 0.0, 0.9063077870366526
0.4226182617406938, 0.0, 0.9063077870366526
0.4226182617406938, 0.0, 0.9063077870366526
0.4226182617406938, 0.0, 0.9063077870366526
0.4226182617406938, 0.0, 0.9063077870366526
0.4226182617406938, 0.0, 0.9063077870366526
0.4226182617406938, 0.0, 0.9063077870366526
0.4226182617406938, 0.0, 0.9063077870366526
0.4226182617406938, 0.0, 0.9063077870366526
0.4226182617406938, 0.0, 0.9063077870366526
0.4226182617406938, 0.0, 0.9063077870366526
0.4226182617406938, 0.0, 0.9063077870366526
0.42261826174069483, -1.27675647831893e-15, 0.9063077870366523
0.4039563956536779, 0.02248285053073856, 0.9145019146193745
0.3849225311549258, 0.044944996884545695, 0.9218538887829966
0.36553419629310585, 0.06736575395070665, 0.928356939186112
0.34580924554422726, 0.08972447473338593, 0.9340050772506274
0.32576584336967596, 0.11200056936518855, 0.9387931016765714
0.3054224474887866, 0.1341735240681138, 0.9427166032319059
0.28479779188136106, 0.15622292004443572, 0.9457719688129328
0.263910869535779, 0.1781284522801202, 0.947956384771556
0.24278091495859158, 0.19986994824345938, 0.9492678395063356
0.2214273864617035, 0.2214273864617056, 0.9497051253149464
0.19986994824345755, 0.24278091495859405, 0.9492678395063354
0.17812845228011873, 0.26391086953578174, 0.9479563847715553
0.15622292004443467, 0.2847977918813641, 0.9457719688129319
0.1341735240681131, 0.30542244748879005, 0.9427166032319049
0.11200056936518756, 0.32576584336968034, 0.9387931016765702
0.08972447473338523, 0.345809245544232, 0.9340050772506258
0.06736575395070694, 0.36553419629311024, 0.92835693918611
0.044944996884546416, 0.38492253115493047, 0.9218538887829946
0.022482850530740252, 0.40395639565368235, 0.9145019146193725
1.1102230246251563e-16, 0.42261826174070016, 0.9063077870366496
-6.982150666839085e-17, 0.4226182617407003, 0.9063077870366496
-6.982150666839085e-17, 0.4226182617407003, 0.9063077870366496
-6.982150666839085e-17, 0.4226182617407003, 0.9063077870366496
-6.982150666839085e-17, 0.4226182617407003, 0.9063077870366496
-6.982150666839085e-17, 0.4226182617407003, 0.9063077870366496
-6.982150666839085e-17, 0.4226182617407003, 0.9063077870366496
-6.982150666839085e-17, 0.4226182617407003, 0.9063077870366496
-6.982150666839085e-17, 0.4226182617407003, 0.9063077870366496
-6.982150666839085e-17, 0.4226182617407003, 0.9063077870366496
-6.982150666839085e-17, 0.4226182617407003, 0.9063077870366496
-6.982150666839085e-17, 0.4226182617407003, 0.9063077870366496
-6.982150666839085e-17, 0.4226182617407003, 0.9063077870366496
-6.982150666839085e-17, 0.4226182617407003, 0.9063077870366496
-6.982150666839085e-17, 0.4226182617407003, 0.9063077870366496
-6.982150666839085e-17, 0.4226182617407003, 0.9063077870366496
-6.982150666839085e-17, 0.4226182617407003, 0.9063077870366496
-6.982150666839085e-17, 0.4226182617407003, 0.9063077870366496
-6.982150666839085e-17, 0.4226182617407003, 0.9063077870366496
-6.982150666839085e-17, 0.4226182617407003, 0.9063077870366496
-6.982150666839085e-17, 0.4226182617407003, 0.9063077870366496
-6.982150666839085e-17, 0.4226182617407003, 0.9063077870366496
8.88178419700125e-16, 0.4226182617407011, 0.9063077870366493
-0.02248285053073881, 0.4039563956536841, 0.9145019146193718
-0.04494499688454646, 0.38492253115493125, 0.9218538887829941
-0.06736575395070722, 0.36553419629311124, 0.9283569391861097
-0.0897244747333857, 0.34580924554423303, 0.9340050772506252
-0.11200056936518818, 0.3257658433696817, 0.9387931016765696
-0.13417352406811328, 0.30542244748879216, 0.9427166032319043
-0.1562229200444363, 0.2847977918813652, 0.9457719688129314
-0.17812845228012059, 0.263910869535783, 0.9479563847715546
-0.19986994824345963, 0.2427809149585954, 0.9492678395063345
-0.22142738646170504, 0.2214273864617078, 0.9497051253149454
-0.2427809149585933, 0.19986994824346174, 0.9492678395063345
-0.2639108695357815, 0.1781284522801221, 0.9479563847715549
-0.2847977918813637, 0.15622292004443783, 0.9457719688129316
-0.3054224474887907, 0.1341735240681148, 0.9427166032319045
-0.3257658433696796, 0.11200056936519036, 0.93879310167657
-0.34580924554423115, 0.08972447473338788, 0.9340050772506259
-0.36553419629310985, 0.06736575395070872, 0.9283569391861102
-0.3849225311549299, 0.04494499688454794, 0.9218538887829948
-0.4039563956536827, 0.02248285053074033, 0.9145019146193722
-0.4226182617406998, 6.383782391594647e-16, 0.9063077870366497
-0.4226182617407003, 0.0, 0.9063077870366496
-0.4226182617407003, 0.0, 0.9063077870366496
-0.4226182617407003, 0.0, 0.9063077870366496
-0.4226182617407003, 0.0, 0.9063077870366496
-0.4226182617407003, 0.0, 0.9063077870366496
-0.4226182617407003, 0.0, 0.9063077870366496
-0.4226182617407003, 0.0, 0.9063077870366496
-0.4226182617407003, 0.0, 0.9063077870366496
-0.4226182617407003, 0.0, 0.9063077870366496
-0.4226182617407003, 0.0, 0.9063077870366496
-0.4226182617407003, 0.0, 0.9063077870366496
-0.4226182617407003, 0.0, 0.9063077870366496
-0.4226182617407003, 0.0, 0.9063077870366496
-0.4226182617407003, 0.0, 0.9063077870366496
-0.4226182617407003, 0.0, 0.9063077870366496
-0.4226182617407003, 0.0, 0.9063077870366496
-0.4226182617407003, 0.0, 0.9063077870366496
-0.4226182617407003, 0.0, 0.9063077870366496
-0.4226182617407003, 0.0, 0.9063077870366496
-0.4226182617407003, 0.0, 0.9063077870366496
-0.4226182617407003, 0.0, 0.9063077870366496
-0.42261826174070116, 1.1102230246251565e-15, 0.9063077870366492
-0.40395639565368396, -0.022482850530738396, 0.9145019146193718
-0.3849225311549316, -0.044944996884545174, 0.9218538887829941
-0.3655341962931119, -0.06736575395070513, 0.9283569391861095
-0.34580924554423353, -0.08972447473338342, 0.9340050772506252
-0.32576584336968073, -0.112000569365187, 0.9387931016765699
-0.3054224474887911, -0.1341735240681119, 0.9427166032319048
-0.2847977918813652, -0.15622292004443347, 0.9457719688129318
-0.26391086953578224, -0.1781284522801182, 0.9479563847715553
-0.24278091495859513, -0.19986994824345647, 0.9492678395063353
-0.22142738646170668, -0.22142738646170232, 0.9497051253149463
-0.1998699482434605, -0.24278091495859042, 0.9492678395063356
-0.17812845228012128, -0.26391086953577786, 0.947956384771556
-0.1562229200444375, -0.2847977918813593, 0.9457719688129329
-0.13417352406811434, -0.3054224474887861, 0.9427166032319061
-0.11200056936518907, -0.3257658433696754, 0.9387931016765716
-0.08972447473338575, -0.3458092455442274, 0.9340050772506273
-0.06736575395070715, -0.36553419629310535, 0.928356939186112
-0.04494499688454681, -0.3849225311549248, 0.921853888782997
-0.02248285053073973, -0.4039563956536769, 0.9145019146193749
1.1102230246251565e-16, -0.42261826174069383, 0.9063077870366526
6.982150666838977e-17, -0.42261826174069383, 0.9063077870366526
6.982150666838977e-17, -0.42261826174069383, 0.9063077870366526
6.982150666838977e-17, -0.42261826174069383, 0.9063077870366526
6.982150666838977e-17, -0.42261826174069383, 0.9063077870366526
6.982150666838977e-17, -0.42261826174069383, 0.9063077870366526
6.982150666838977e-17, -0.42261826174069383, 0.9063077870366526
6.982150666838977e-17, -0.42261826174069383, 0.9063077870366526
6.982150666838977e-17, -0.42261826174069383, 0.9063077870366526
6.982150666838977e-17, -0.42261826174069383, 0.9063077870366526
6.982150666838977e-17, -0.42261826174069383, 0.9063077870366526
6.982150666838977e-17, -0.42261826174069383, 0.9063077870366526
6.982150666838977e-17, -0.42261826174069383, 0.9063077870366526
6.982150666838977e-17, -0.42261826174069383, 0.9063077870366526
6.982150666838977e-17, -0.42261826174069383, 0.9063077870366526
6.982150666838977e-17, -0.42261826174069383, 0.9063077870366526
6.982150666838977e-17, -0.42261826174069383, 0.9063077870366526
6.982150666838977e-17, -0.42261826174069383, 0.9063077870366526
6.982150666838977e-17, -0.42261826174069383, 0.9063077870366526
6.982150666838977e-17, -0.42261826174069383, 0.9063077870366526
6.982150666838977e-17, -0.42261826174069383, 0.9063077870366526
6.982150666838977e-17, -0.42261826174069383, 0.9063077870366526
-1.0824674490095274e-15, -0.4226182617406948, 0.906307787036652
0.022482850530737924, -0.4039563956536783, 0.9145019146193745
0.04494499688454484, -0.38492253115492603, 0.9218538887829966
0.0673657539507049, -0.36553419629310646, 0.9283569391861117
0.08972447473338332, -0.3458092455442283, 0.9340050772506273
0.11200056936518583, -0.32576584336967673, 0.9387931016765716
0.13417352406811092, -0.3054224474887872, 0.9427166032319062
0.15622292004443325, -0.2847977918813609, 0.9457719688129331
0.17812845228011687, -0.26391086953577925, 0.9479563847715563
0.19986994824345655, -0.24278091495859114, 0.9492678395063363
0.22142738646170262, -0.22142738646170282, 0.9497051253149473
0.24278091495859025, -0.1998699482434574, 0.9492678395063363
0.2639108695357778, -0.1781284522801184, 0.9479563847715565
0.28479779188135945, -0.15622292004443475, 0.9457719688129332
0.30542244748878644, -0.13417352406811175, 0.9427166032319063
0.32576584336967535, -0.11200056936518732, 0.9387931016765718
0.34580924554422743, -0.08972447473338423, 0.9340050772506274
0.3655341962931056, -0.06736575395070576, 0.928356939186112
0.38492253115492464, -0.04494499688454631, 0.921853888782997
0.403956395653677, -0.02248285053073934, 0.9145019146193749
0.42261826174069406, 2.775557561562891e-16, 0.9063077870366525
0.4226182617406938, 0.0, 0.9063077870366526
0.4226182617406938, 0.0, 0.9063077870366526
0.4226182617406938, 0.0, 0.9063077870366526
0.4226182617406938, 0.0, 0.9063077870366526
0.4226182617406938, 0.0, 0.9063077870366526
0.4226182617406938, 0.0, 0.9063077870366526
0.4226182617406938, 0.0, 0.9063077870366526
0.4226182617406938, 0.0, 0.9063077870366526
0.4226182617406938, 0.0, 0.9063077870366526
0.4226182617406938, 0.0, 0.9063077870366526
0.4226182617406938, 0.0, 0.9063077870366526
0.4226182617406938, 0.0, 0.9063077870366526
0.4226182617406938, 0.0, 0.9063077870366526
0.4226182617406938, 0.0, 0.9063077870366526
0.4226182617406938, 0.0, 0.9063077870366526
0.4226182617406938, 0.0, 0.9063077870366526
0.4226182617406938, 0.0, 0.9063077870366526
0.4226182617406938, 0.0, 0.9063077870366526
0.4226182617406938, 0.0, 0.9063077870366526
0.4226182617406938, 0.0, 0.9063077870366526
0.4226182617406938, 0.0, 0.9063077870366526
0.42261826174069483, -1.27675647831893e-15, 0.9063077870366523
0.4039563956536768, 0.022482850530739864, 0.9145019146193749
0.3849225311549252, 0.04494499688454636, 0.9218538887829968
0.36553419629310646, 0.06736575395070597, 0.9283569391861117
0.34580924554422726, 0.08972447473338593, 0.9340050772506274
0.3257658433696765, 0.11200056936518792, 0.9387931016765714
0.3054224474887866, 0.1341735240681138, 0.9427166032319059
0.28479779188136106, 0.15622292004443572, 0.9457719688129328
0.263910869535779, 0.1781284522801202, 0.947956384771556
0.24278091495859094, 0.19986994824346, 0.9492678395063356
0.2214273864617035, 0.2214273864617056, 0.9497051253149464
0.19986994824345755, 0.24278091495859405, 0.9492678395063354
0.1781284522801181, 0.2639108695357824, 0.9479563847715553
0.15622292004443528, 0.28479779188136356, 0.945771968812932
0.1341735240681131, 0.30542244748879005, 0.9427166032319049
0.11200056936518817, 0.32576584336967973, 0.9387931016765702
0.08972447473338523, 0.345809245544232, 0.9340050772506258
0.06736575395070694, 0.36553419629311024, 0.92835693918611
0.044944996884546416, 0.38492253115493047, 0.9218538887829946
0.022482850530739614, 0.4039563956536829, 0.9145019146193722
1.1102230246251563e-16, 0.42261826174070016, 0.9063077870366496
-6.982150666839085e-17, 0.4226182617407003, 0.9063077870366496
-6.982150666839085e-17, 0.4226182617407003, 0.9063077870366496
-6.982150666839085e-17, 0.4226182617407003, 0.9063077870366496
-6.982150666839085e-17, 0.4226182617407003, 0.9063077870366496
-6.982150666839085e-17, 0.4226182617407003, 0.9063077870366496
-6.982150666839085e-17, 0.4226182617407003, 0.9063077870366496
-6.982150666839085e-17, 0.4226182617407003, 0.9063077870366496
-6.982150666839085e-17, 0.4226182617407003, 0.9063077870366496
-6.982150666839085e-17, 0.4226182617407003, 0.9063077870366496
-6.982150666839085e-17, 0.4226182617407003, 0.9063077870366496
-6.982150666839085e-17, 0.4226182617407003, 0.9063077870366496
-6.982150666839085e-17, 0.4226182617407003, 0.9063077870366496
-6.982150666839085e-17, 0.4226182617407003, 0.9063077870366496
-6.982150666839085e-17, 0.4226182617407003, 0.9063077870366496
-6.982150666839085e-17, 0.4226182617407003, 0.9063077870366496
-6.982150666839085e-17, 0.4226182617407003, 0.9063077870366496
-6.982150666839085e-17, 0.4226182617407003, 0.9063077870366496
-6.982150666839085e-17, 0.4226182617407003, 0.9063077870366496
-6.982150666839085e-17, 0.4226182617407003, 0.9063077870366496
-6.982150666839085e-17, 0.4226182617407003, 0.9063077870366496
-6.982150666839085e-17, 0.4226182617407003, 0.9063077870366496
8.88178419700125e-16, 0.4226182617407011, 0.9063077870366493
-0.02248285053073881, 0.4039563956536841, 0.9145019146193718
-0.04494499688454646, 0.38492253115493125, 0.9218538887829941
-0.06736575395070657, 0.36553419629311173, 0.9283569391861094
-0.08972447473338502, 0.3458092455442337, 0.9340050772506251
-0.11200056936518818, 0.3257658433696817, 0.9387931016765696
-0.13417352406811328, 0.30542244748879216, 0.9427166032319043
-0.15622292004443503, 0.28479779188136645, 0.9457719688129311
-0.17812845228012059, 0.263910869535783, 0.9479563847715546
-0.199869948243459, 0.24278091495859605, 0.9492678395063345
-0.22142738646170504, 0.2214273864617078, 0.9497051253149454
-0.24278091495859275, 0.19986994824346238, 0.9492678395063348
-0.26391086953578097, 0.17812845228012275, 0.9479563847715549
-0.2847977918813637, 0.15622292004443783, 0.9457719688129316
-0.30542244748878894, 0.13417352406811675, 0.9427166032319049
-0.3257658433696796, 0.11200056936519036, 0.93879310167657
-0.3458092455442306, 0.08972447473338853, 0.934005077250626
-0.3655341962931104, 0.06736575395070811, 0.92835693918611
-0.3849225311549299, 0.04494499688454794, 0.9218538887829948
-0.40395639565368163, 0.02248285053074166, 0.9145019146193727
-0.4226182617406992, 1.3045120539345583e-15, 0.90630778703665
-0.4226182617407003, 0.0, 0.9063077870366496
-0.4226182617407003, 0.0, 0.9063077870366496
-0.4226182617407003, 0.0, 0.9063077870366496
-0.4226182617407003, 0.0, 0.9063077870366496
-0.4226182617407003, 0.0, 0.9063077870366496
-0.4226182617407003, 0.0, 0.9063077870366496
-0.4226182617407003, 0.0, 0.9063077870366496
-0.4226182617407003, 0.0, 0.9063077870366496
-0.4226182617407003, 0.0, 0.9063077870366496
-0.4226182617407003, 0.0, 0.9063077870366496
-0.4226182617407003, 0.0, 0.9063077870366496
-0.4226182617407003, 0.0, 0.9063077870366496
-0.4226182617407003, 0.0, 0.9063077870366496
-0.4226182617407003, 0.0, 0.9063077870366496
-0.4226182617407003, 0.0, 0.9063077870366496
-0.4226182617407003, 0.0, 0.9063077870366496
-0.4226182617407003, 0.0, 0.9063077870366496
-0.4226182617407003, 0.0, 0.9063077870366496
-0.4226182617407003, 0.0, 0.9063077870366496
-0.4226182617407003, 0.0, 0.9063077870366496
-0.4226182617407003, 0.0, 0.9063077870366496
-0.42261826174070116, 1.1102230246251565e-15, 0.9063077870366492
-0.40395639565368396, -0.022482850530738396, 0.9145019146193718
-0.3849225311549316, -0.044944996884545174, 0.9218538887829941
-0.3655341962931113, -0.06736575395070574, 0.9283569391861097
-0.34580924554423303, -0.089724474733384, 0.9340050772506254
-0.3257658433696802, -0.11200056936518764, 0.93879310167657
-0.3054224474887905, -0.13417352406811256, 0.9427166032319049
-0.28479779188136456, -0.1562229200444341, 0.9457719688129318
-0.26391086953578163, -0.17812845228011884, 0.9479563847715554
-0.24278091495859513, -0.19986994824345647, 0.9492678395063353
-0.22142738646170604, -0.22142738646170296, 0.9497051253149463
-0.1998699482434605, -0.24278091495859042, 0.9492678395063356
-0.17812845228012128, -0.26391086953577786, 0.947956384771556
-0.15622292004443625, -0.28479779188136056, 0.9457719688129328
-0.13417352406811361, -0.30542244748878666, 0.9427166032319059
-0.11200056936518837, -0.325765843369676, 0.9387931016765714
-0.08972447473338575, -0.3458092455442274, 0.9340050772506273
-0.06736575395070646, -0.3655341962931059, 0.9283569391861117
-0.04494499688454681, -0.3849225311549248, 0.921853888782997
-0.02248285053073973, -0.4039563956536769, 0.9145019146193749
1.4432899320127037e-15, -0.42261826174069494, 0.9063077870366522
6.982150666838977e-17, -0.42261826174069383, 0.9063077870366526
6.982150666838977e-17, -0.42261826174069383, 0.9063077870366526
6.982150666838977e-17, -0.42261826174069383, 0.9063077870366526
6.982150666838977e-17, -0.42261826174069383, 0.9063077870366526
6.982150666838977e-17, -0.42261826174069383, 0.9063077870366526
6.982150666838977e-17, -0.42261826174069383, 0.9063077870366526
6.982150666838977e-17, -0.42261826174069383, 0.9063077870366526
6.982150666838977e-17, -0.42261826174069383, 0.9063077870366526
6.982150666838977e-17, -0.42261826174069383, 0.9063077870366526
6.982150666838977e-17, -0.42261826174069383, 0.9063077870366526
6.982150666838977e-17, -0.42261826174069383, 0.9063077870366526
6.982150666838977e-17, -0.42261826174069383, 0.9063077870366526
6.982150666838977e-17, -0.42261826174069383, 0.9063077870366526
6.982150666838977e-17, -0.42261826174069383, 0.9063077870366526
6.982150666838977e-17, -0.42261826174069383, 0.9063077870366526
6.982150666838977e-17, -0.42261826174069383, 0.9063077870366526
6.982150666838977e-17, -0.42261826174069383, 0.9063077870366526
6.982150666838977e-17, -0.42261826174069383, 0.9063077870366526
6.982150666838977e-17, -0.42261826174069383, 0.9063077870366526
6.982150666838977e-17, -0.42261826174069383, 0.9063077870366526
6.982150666838977e-17, -0.42261826174069383, 0.9063077870366526
-4.163336342344337e-16, -0.42261826174069433, 0.9063077870366525
0.022482850530739867, -0.4039563956536767, 0.9145019146193751
0.04494499688454745, -0.38492253115492375, 0.9218538887829973
0.06736575395070689, -0.36553419629310463, 0.9283569391861122
0.08972447473338467, -0.3458092455442271, 0.9340050772506276
0.11200056936518776, -0.32576584336967496, 0.9387931016765718
0.13417352406811284, -0.30542244748878544, 0.9427166032319065
0.15622292004443458, -0.28479779188135973, 0.9457719688129334
0.1781284522801182, -0.2639108695357781, 0.9479563847715565
0.1998699482434572, -0.2427809149585905, 0.9492678395063363
0.22142738646170199, -0.22142738646170346, 0.9497051253149473
0.24278091495859025, -0.1998699482434574, 0.9492678395063363
0.2639108695357778, -0.1781284522801184, 0.9479563847715565
0.28479779188135945, -0.15622292004443475, 0.9457719688129332
0.3054224474887858, -0.1341735240681124, 0.9427166032319063
0.32576584336967535, -0.11200056936518732, 0.9387931016765718
0.34580924554422743, -0.08972447473338423, 0.9340050772506274
0.36553419629310446, -0.06736575395070707, 0.9283569391861124
0.38492253115492403, -0.04494499688454697, 0.9218538887829971
0.403956395653677, -0.02248285053073934, 0.9145019146193749
0.42261826174069406, 2.775557561562891e-16, 0.9063077870366525
0.4226182617406938, 0.0, 0.9063077870366526
0.4226182617406938, 0.0, 0.9063077870366526
0.4226182617406938, 0.0, 0.9063077870366526
0.4226182617406938, 0.0, 0.9063077870366526
0.4226182617406938, 0.0, 0.9063077870366526
0.4226182617406938, 0.0, 0.9063077870366526
0.4226182617406938, 0.0, 0.9063077870366526
0.4226182617406938, 0.0, 0.9063077870366526
0.4226182617406938, 0.0, 0.9063077870366526
0.4226182617406938, 0.0, 0.9063077870366526
0.4226182617406938, 0.0, 0.9063077870366526
0.4226182617406938, 0.0, 0.9063077870366526
0.4226182617406938, 0.0, 0.9063077870366526
0.4226182617406938, 0.0, 0.9063077870366526
0.4226182617406938, 0.0, 0.9063077870366526
0.4226182617406938, 0.0, 0.9063077870366526
0.4226182617406938, 0.0, 0.9063077870366526
0.4226182617406938, 0.0, 0.9063077870366526
0.4226182617406938, 0.0, 0.9063077870366526
0.4226182617406938, 0.0, 0.9063077870366526
0.4226182617406938, 0.0, 0.9063077870366526
0.42261826174069483, -1.27675647831893e-15, 0.9063077870366523
0.4039563956536779, 0.02248285053073856, 0.9145019146193745
0.3849225311549258, 0.044944996884545695, 0.9218538887829966
0.36553419629310524, 0.0673657539507073, 0.928356939186112
0.34580924554422726, 0.08972447473338593, 0.9340050772506274
0.3257658433696765, 0.11200056936518792, 0.9387931016765714
0.3054224474887866, 0.1341735240681138, 0.9427166032319059
0.28479779188136106, 0.15622292004443572, 0.9457719688129328
0.263910869535779, 0.1781284522801202, 0.947956384771556
0.24278091495859094, 0.19986994824346, 0.9492678395063356
0.2214273864617035, 0.2214273864617056, 0.9497051253149464
0.19986994824345755, 0.24278091495859405, 0.9492678395063354
0.17812845228011873, 0.26391086953578174, 0.9479563847715553
0.15622292004443528, 0.28479779188136356, 0.945771968812932
0.1341735240681131, 0.30542244748879005, 0.9427166032319049
0.11200056936518817, 0.32576584336967973, 0.9387931016765702
0.08972447473338589, 0.3458092455442314, 0.9340050772506259
0.06736575395070694, 0.36553419629311024, 0.92835693918611
0.04494499688454769, 0.3849225311549294, 0.921853888782995
0.022482850530739614, 0.4039563956536829, 0.9145019146193722
1.1102230246251563e-16, 0.42261826174070016, 0.9063077870366496
-6.982150666839085e-17, 0.4226182617407003, 0.9063077870366496
-6.982150666839085e-17, 0.4226182617407003, 0.9063077870366496
-6.982150666839085e-17, 0.4226182617407003, 0.9063077870366496
-6.982150666839085e-17, 0.4226182617407003, 0.9063077870366496
-6.982150666839085e-17, 0.4226182617407003, 0.9063077870366496
-6.982150666839085e-17, 0.4226182617407003, 0.9063077870366496
-6.982150666839085e-17, 0.4226182617407003, 0.9063077870366496
-6.982150666839085e-17, 0.4226182617407003, 0.9063077870366496
-6.982150666839085e-17, 0.4226182617407003, 0.9063077870366496
-6.982150666839085e-17, 0.4226182617407003, 0.9063077870366496
-6.982150666839085e-17, 0.4226182617407003, 0.9063077870366496
-6.982150666839085e-17, 0.4226182617407003, 0.9063077870366496
-6.982150666839085e-17, 0.4226182617407003, 0.9063077870366496
-6.982150666839085e-17, 0.4226182617407003, 0.9063077870366496
-6.982150666839085e-17, 0.4226182617407003, 0.9063077870366496
-6.982150666839085e-17, 0.4226182617407003, 0.9063077870366496
-6.982150666839085e-17, 0.4226182617407003, 0.9063077870366496
-6.982150666839085e-17, 0.4226182617407003, 0.9063077870366496
-6.982150666839085e-17, 0.4226182617407003, 0.9063077870366496
-6.982150666839085e-17, 0.4226182617407003, 0.9063077870366496
-6.982150666839085e-17, 0.4226182617407003, 0.9063077870366496
1.5265566588595898e-15, 0.42261826174070166, 0.906307787036649
-0.022482850530738143, 0.4039563956536846, 0.9145019146193716
-0.044944996884545806, 0.3849225311549318, 0.9218538887829941
-0.06736575395070592, 0.3655341962931124, 0.9283569391861094
-0.08972447473338502, 0.3458092455442337, 0.9340050772506251
-0.11200056936518818, 0.3257658433696817, 0.9387931016765696
-0.13417352406811262, 0.3054224474887927, 0.9427166032319041
-0.15622292004443572, 0.28479779188136584, 0.9457719688129314
-0.17812845228011995, 0.2639108695357836, 0.9479563847715545
-0.19986994824345963, 0.2427809149585954, 0.9492678395063345
-0.22142738646170504, 0.2214273864617078, 0.9497051253149454
-0.24278091495859275, 0.19986994824346238, 0.9492678395063348
-0.2639108695357815, 0.1781284522801221, 0.9479563847715549
-0.2847977918813637, 0.15622292004443783, 0.9457719688129316
-0.3054224474887895, 0.13417352406811608, 0.9427166032319048
-0.32576584336967895, 0.11200056936519101, 0.93879310167657
-0.3458092455442317, 0.08972447473338724, 0.9340050772506256
-0.36553419629310985, 0.06736575395070872, 0.9283569391861102
-0.3849225311549299, 0.04494499688454794, 0.9218538887829948
-0.4039563956536822, 0.022482850530741002, 0.9145019146193727
-0.4226182617406998, 6.383782391594647e-16, 0.9063077870366497
-0.4226182617407003, 0.0, 0.9063077870366496
-0.4226182617407003, 0.0, 0.9063077870366496
-0.4226182617407003, 0.0, 0.9063077870366496
-0.4226182617407003, 0.0, 0.9063077870366496
-0.4226182617407003, 0.0, 0.9063077870366496
-0.4226182617407003, 0.0, 0.9063077870366496
-0.4226182617407003, 0.0, 0.9063077870366496
-0.4226182617407003, 0.0, 0.9063077870366496
-0.4226182617407003, 0.0, 0.9063077870366496
-0.4226182617407003, 0.0, 0.9063077870366496
-0.4226182617407003, 0.0, 0.9063077870366496
-0.4226182617407003, 0.0, 0.9063077870366496
-0.4226182617407003, 0.0, 0.9063077870366496
-0.4226182617407003, 0.0, 0.9063077870366496
-0.4226182617407003, 0.0, 0.9063077870366496
-0.4226182617407003, 0.0, 0.9063077870366496
-0.4226182617407003, 0.0, 0.9063077870366496
-0.4226182617407003, 0.0, 0.9063077870366496
-0.4226182617407003, 0.0, 0.9063077870366496
-0.4226182617407003, 0.0, 0.9063077870366496
-0.4226182617407003, 0.0, 0.9063077870366496
-0.4226182617407006, 3.885780586188048e-16, 0.9063077870366495
-0.4039563956536834, -0.022482850530739062, 0.914501914619372
-0.38492253115493047, -0.04494499688454648, 0.9218538887829946
-0.3655341962931113, -0.06736575395070574, 0.9283569391861097
-0.3458092455442324, -0.0897244747333847, 0.9340050772506256
-0.32576584336968073, -0.112000569365187, 0.9387931016765699
-0.3054224474887911, -0.1341735240681119, 0.9427166032319048
-0.28479779188136456, -0.1562229200444341, 0.9457719688129318
-0.26391086953578224, -0.1781284522801182, 0.9479563847715553
-0.2427809149585945, -0.19986994824345708, 0.9492678395063354
-0.22142738646170604, -0.22142738646170296, 0.9497051253149463
-0.1998699482434605, -0.24278091495859042, 0.9492678395063356
-0.1781284522801207, -0.26391086953577847, 0.947956384771556
-0.15622292004443558, -0.2847977918813611, 0.9457719688129327
-0.13417352406811361, -0.30542244748878666, 0.9427166032319059
-0.11200056936518907, -0.3257658433696754, 0.9387931016765716
-0.08972447473338575, -0.3458092455442274, 0.9340050772506273
-0.06736575395070715, -0.36553419629310535, 0.928356939186112
-0.0449449968845462, -0.38492253115492536, 0.9218538887829968
-0.02248285053073973, -0.4039563956536769, 0.9145019146193749
1.4432899320127037e-15, -0.42261826174069494, 0.9063077870366522
6.982150666838977e-17, -0.42261826174069383, 0.9063077870366526
6.982150666838977e-17, -0.42261826174069383, 0.9063077870366526
6.982150666838977e-17, -0.42261826174069383, 0.9063077870366526
6.982150666838977e-17, -0.42261826174069383, 0.9063077870366526
6.982150666838977e-17, -0.42261826174069383, 0.9063077870366526
6.982150666838977e-17, -0.42261826174069383, 0.9063077870366526
6.982150666838977e-17, -0.42261826174069383, 0.9063077870366526
6.982150666838977e-17, -0.42261826174069383, 0.9063077870366526
6.982150666838977e-17, -0.42261826174069383, 0.9063077870366526
6.982150666838977e-17, -0.42261826174069383, 0.9063077870366526
6.982150666838977e-17, -0.42261826174069383, 0.9063077870366526
6.982150666838977e-17, -0.42261826174069383, 0.9063077870366526
6.982150666838977e-17, -0.42261826174069383, 0.9063077870366526
6.982150666838977e-17, -0.42261826174069383, 0.9063077870366526
6.982150666838977e-17, -0.42261826174069383, 0.9063077870366526
6.982150666838977e-17, -0.42261826174069383, 0.9063077870366526
6.982150666838977e-17, -0.42261826174069383, 0.9063077870366526
6.982150666838977e-17, -0.42261826174069383, 0.9063077870366526
6.982150666838977e-17, -0.42261826174069383, 0.9063077870366526
6.982150666838977e-17, -0.42261826174069383, 0.9063077870366526
6.982150666838977e-17, -0.42261826174069383, 0.9063077870366526
-4.163336342344337e-16, -0.42261826174069433, 0.9063077870366525
0.022482850530739174, -0.4039563956536772, 0.9145019146193748
0.04494499688454617, -0.38492253115492486, 0.921853888782997
0.06736575395070621, -0.36553419629310524, 0.9283569391861121
0.08972447473338467, -0.3458092455442271, 0.9340050772506276
0.1120005693651871, -0.32576584336967557, 0.9387931016765717
0.13417352406811217, -0.30542244748878605, 0.9427166032319063
0.15622292004443392, -0.28479779188136034, 0.9457719688129332
0.1781284522801182, -0.2639108695357781, 0.9479563847715565
0.1998699482434572, -0.2427809149585905, 0.9492678395063363
0.22142738646170262, -0.22142738646170282, 0.9497051253149473
0.2427809149585896, -0.19986994824345808, 0.9492678395063363
0.2639108695357778, -0.1781284522801184, 0.9479563847715565
0.28479779188135945, -0.15622292004443475, 0.9457719688129332
0.30542244748878644, -0.13417352406811175, 0.9427166032319063
0.32576584336967473, -0.11200056936518801, 0.938793101676572
0.3458092455442269, -0.08972447473338481, 0.9340050772506276
0.365534196293105, -0.06736575395070646, 0.9283569391861122
0.38492253115492464, -0.04494499688454631, 0.921853888782997
0.403956395653677, -0.02248285053073934, 0.9145019146193749
0.42261826174069406, 2.775557561562891e-16, 0.9063077870366525
0.4226182617406938, 0.0, 0.9063077870366526
0.4226182617406938, 0.0, 0.9063077870366526
0.4226182617406938, 0.0, 0.9063077870366526
0.4226182617406938, 0.0, 0.9063077870366526
0.4226182617406938, 0.0, 0.9063077870366526
0.4226182617406938, 0.0, 0.9063077870366526
0.4226182617406938, 0.0, 0.9063077870366526
0.4226182617406938, 0.0, 0.9063077870366526
0.4226182617406938, 0.0, 0.9063077870366526
0.4226182617406938, 0.0, 0.9063077870366526
0.4226182617406938, 0.0, 0.9063077870366526
0.4226182617406938, 0.0, 0.9063077870366526
0.4226182617406938, 0.0, 0.9063077870366526
0.4226182617406938, 0.0, 0.9063077870366526
0.4226182617406938, 0.0, 0.9063077870366526
0.4226182617406938, 0.0, 0.9063077870366526
0.4226182617406938, 0.0, 0.9063077870366526
0.4226182617406938, 0.0, 0.9063077870366526
0.4226182617406938, 0.0, 0.9063077870366526
0.4226182617406938, 0.0, 0.9063077870366526
0.4226182617406938, 0.0, 0.9063077870366526
0.42261826174069483, -1.27675647831893e-15, 0.9063077870366523
0.4039563956536773, 0.02248285053073928, 0.9145019146193747
0.3849225311549258, 0.044944996884545695, 0.9218538887829966
0.36553419629310585, 0.06736575395070665, 0.928356939186112
0.3458092455442279, 0.08972447473338528, 0.9340050772506272
0.3257658433696765, 0.11200056936518792, 0.9387931016765714
0.3054224474887866, 0.1341735240681138, 0.9427166032319059
0.28479779188136106, 0.15622292004443572, 0.9457719688129328
0.263910869535779, 0.1781284522801202, 0.947956384771556
0.24278091495859094, 0.19986994824346, 0.9492678395063356
0.2214273864617035, 0.2214273864617056, 0.9497051253149464
0.19986994824345755, 0.24278091495859405, 0.9492678395063354
0.17812845228011873, 0.26391086953578174, 0.9479563847715553
0.15622292004443467, 0.2847977918813641, 0.9457719688129319
0.1341735240681131, 0.30542244748879005, 0.9427166032319049
0.11200056936518756, 0.32576584336968034, 0.9387931016765702
0.08972447473338589, 0.3458092455442314, 0.9340050772506259
0.06736575395070694, 0.36553419629311024, 0.92835693918611
0.044944996884547, 0.38492253115492997, 0.9218538887829948
0.022482850530739614, 0.4039563956536829, 0.9145019146193722
1.1102230246251563e-16, 0.42261826174070016, 0.9063077870366496
-6.982150666839085e-17, 0.4226182617407003, 0.9063077870366496
-6.982150666839085e-17, 0.4226182617407003, 0.9063077870366496
-6.982150666839085e-17, 0.4226182617407003, 0.9063077870366496
-6.982150666839085e-17, 0.4226182617407003, 0.9063077870366496
-6.982150666839085e-17, 0.4226182617407003, 0.9063077870366496
-6.982150666839085e-17, 0.4226182617407003, 0.9063077870366496
-6.982150666839085e-17, 0.4226182617407003, 0.9063077870366496
-6.982150666839085e-17, 0.4226182617407003, 0.9063077870366496
-6.982150666839085e-17, 0.4226182617407003, 0.9063077870366496
-6.982150666839085e-17, 0.4226182617407003, 0.9063077870366496
-6.982150666839085e-17, 0.4226182617407003, 0.9063077870366496
-6.982150666839085e-17, 0.4226182617407003, 0.9063077870366496
-6.982150666839085e-17, 0.4226182617407003, 0.9063077870366496
-6.982150666839085e-17, 0.4226182617407003, 0.9063077870366496
-6.982150666839085e-17, 0.4226182617407003, 0.9063077870366496
-6.982150666839085e-17, 0.4226182617407003, 0.9063077870366496
-6.982150666839085e-17, 0.4226182617407003, 0.9063077870366496
-6.982150666839085e-17, 0.4226182617407003, 0.9063077870366496
-6.982150666839085e-17, 0.4226182617407003, 0.9063077870366496
-6.982150666839085e-17, 0.4226182617407003, 0.9063077870366496
-6.982150666839085e-17, 0.4226182617407003, 0.9063077870366496
8.88178419700125e-16, 0.4226182617407011, 0.9063077870366493
-0.02248285053073881, 0.4039563956536841, 0.9145019146193718
-0.044944996884545806, 0.3849225311549318, 0.9218538887829941
-0.06736575395070592, 0.3655341962931124, 0.9283569391861094
-0.08972447473338502, 0.3458092455442337, 0.9340050772506251
-0.11200056936518818, 0.3257658433696817, 0.9387931016765696
-0.13417352406811328, 0.30542244748879216, 0.9427166032319043
-0.15622292004443572, 0.28479779188136584, 0.9457719688129314
-0.17812845228012059, 0.263910869535783, 0.9479563847715546
-0.19986994824345963, 0.2427809149585954, 0.9492678395063345
-0.22142738646170504, 0.2214273864617078, 0.9497051253149454
-0.24278091495859275, 0.19986994824346238, 0.9492678395063348
-0.26391086953578097, 0.17812845228012275, 0.9479563847715549
-0.2847977918813637, 0.15622292004443783, 0.9457719688129316
-0.3054224474887895, 0.13417352406811608, 0.9427166032319048
-0.3257658433696796, 0.11200056936519036, 0.93879310167657
-0.3458092455442306, 0.08972447473338853, 0.934005077250626
-0.36553419629310985, 0.06736575395070872, 0.9283569391861102
-0.38492253115492936, 0.04494499688454864, 0.921853888782995
-0.40395639565368163, 0.02248285053074166, 0.9145019146193727
-0.4226182617406992, 1.3045120539345583e-15, 0.90630778703665
-0.4226182617407003, 0.0, 0.9063077870366496
-0.4226182617407003, 0.0, 0.9063077870366496
-0.4226182617407003, 0.0, 0.9063077870366496
-0.4226182617407003, 0.0, 0.9063077870366496
-0.4226182617407003, 0.0, 0.9063077870366496
-0.4226182617407003, 0.0, 0.9063077870366496
-0.4226182617407003, 0.0, 0.9063077870366496
-0.4226182617407003, 0.0, 0.9063077870366496
-0.4226182617407003, 0.0, 0.9063077870366496
-0.4226182617407003, 0.0, 0.9063077870366496
-0.4226182617407003, 0.0, 0.9063077870366496
-0.4226182617407003, 0.0, 0.9063077870366496
-0.4226182617407003, 0.0, 0.9063077870366496
-0.4226182617407003, 0.0, 0.9063077870366496
-0.4226182617407003, 0.0, 0.9063077870366496
-0.4226182617407003, 0.0, 0.9063077870366496
-0.4226182617407003, 0.0, 0.9063077870366496
-0.4226182617407003, 0.0, 0.9063077870366496
-0.4226182617407003, 0.0, 0.9063077870366496
-0.4226182617407003, 0.0, 0.9063077870366496
-0.4226182617407003, 0.0, 0.9063077870366496
-0.42261826174070116, 1.1102230246251565e-15, 0.9063077870366492
-0.40395639565368396, -0.022482850530738396, 0.9145019146193718
-0.3849225311549316, -0.044944996884545174, 0.9218538887829941
-0.3655341962931107, -0.06736575395070646, 0.92835693918611
-0.3458092455442324, -0.0897244747333847, 0.9340050772506256
-0.32576584336968073, -0.112000569365187, 0.9387931016765699
-0.3054224474887911, -0.1341735240681119, 0.9427166032319048
-0.2847977918813652, -0.15622292004443347, 0.9457719688129318
-0.26391086953578163, -0.17812845228011884, 0.9479563847715554
-0.2427809149585945, -0.19986994824345708, 0.9492678395063354
-0.22142738646170604, -0.22142738646170296, 0.9497051253149463
-0.1998699482434605, -0.24278091495859042, 0.9492678395063356
-0.17812845228012128, -0.26391086953577786, 0.947956384771556
-0.15622292004443625, -0.28479779188136056, 0.9457719688129328
-0.13417352406811434, -0.3054224474887861, 0.9427166032319061
-0.11200056936518907, -0.3257658433696754, 0.9387931016765716
-0.08972447473338575, -0.3458092455442274, 0.9340050772506273
-0.06736575395070715, -0.36553419629310535, 0.928356939186112
-0.0449449968845462, -0.38492253115492536, 0.9218538887829968
-0.02248285053073973, -0.4039563956536769, 0.9145019146193749
7.494005416219805e-16, -0.4226182617406943, 0.9063077870366523
6.982150666838977e-17, -0.42261826174069383, 0.9063077870366526
6.982150666838977e-17, -0.42261826174069383, 0.9063077870366526
6.982150666838977e-17, -0.42261826174069383, 0.9063077870366526
6.982150666838977e-17, -0.42261826174069383, 0.9063077870366526
6.982150666838977e-17, -0.42261826174069383, 0.9063077870366526
6.982150666838977e-17, -0.42261826174069383, 0.9063077870366526
6.982150666838977e-17, -0.42261826174069383, 0.9063077870366526
6.982150666838977e-17, -0.42261826174069383, 0.9063077870366526
6.982150666838977e-17, -0.42261826174069383, 0.9063077870366526
6.982150666838977e-17, -0.42261826174069383, 0.9063077870366526
6.982150666838977e-17, -0.42261826174069383, 0.9063077870366526
6.982150666838977e-17, -0.42261826174069383, 0.9063077870366526
6.982150666838977e-17, -0.42261826174069383, 0.9063077870366526
6.982150666838977e-17, -0.42261826174069383, 0.9063077870366526
6.982150666838977e-17, -0.42261826174069383, 0.9063077870366526
6.982150666838977e-17, -0.42261826174069383, 0.9063077870366526
6.982150666838977e-17, -0.42261826174069383, 0.9063077870366526
6.982150666838977e-17, -0.42261826174069383, 0.9063077870366526
6.982150666838977e-17, -0.42261826174069383, 0.9063077870366526
6.982150666838977e-17, -0.42261826174069383, 0.9063077870366526
6.982150666838977e-17, -0.42261826174069383, 0.9063077870366526
-4.163336342344337e-16, -0.42261826174069433, 0.9063077870366525
0.022482850530738535, -0.40395639565367775, 0.9145019146193747
0.04494499688454548, -0.3849225311549255, 0.9218538887829968
0.06736575395070689, -0.36553419629310463, 0.9283569391861122
0.08972447473338534, -0.34580924554422654, 0.9340050772506278
0.11200056936518776, -0.32576584336967496, 0.9387931016765718
0.13417352406811284, -0.30542244748878544, 0.9427166032319065
0.15622292004443392, -0.28479779188136034, 0.9457719688129332
0.1781284522801182, -0.2639108695357781, 0.9479563847715565
0.1998699482434572, -0.2427809149585905, 0.9492678395063363
0.22142738646170324, -0.2214273864617022, 0.9497051253149473
0.24278091495859025, -0.1998699482434574, 0.9492678395063363
0.2639108695357778, -0.1781284522801184, 0.9479563847715565
0.28479779188135945, -0.15622292004443475, 0.9457719688129332
0.30542244748878467, -0.13417352406811367, 0.9427166032319066
0.32576584336967473, -0.11200056936518801, 0.938793101676572
0.3458092455442257, -0.08972447473338618, 0.934005077250628
0.36553419629310446, -0.06736575395070707, 0.9283569391861124
0.3849225311549235, -0.04494499688454767, 0.9218538887829975
0.40395639565367636, -0.022482850530740003, 0.914501914619375
0.42261826174069406, 2.775557561562891e-16, 0.9063077870366525
0.4226182617406938, 0.0, 0.9063077870366526
0.4226182617406938, 0.0, 0.9063077870366526
0.4226182617406938, 0.0, 0.9063077870366526
0.4226182617406938, 0.0, 0.9063077870366526
0.4226182617406938, 0.0, 0.9063077870366526
0.4226182617406938, 0.0, 0.9063077870366526
0.4226182617406938, 0.0, 0.9063077870366526
0.4226182617406938, 0.0, 0.9063077870366526
0.4226182617406938, 0.0, 0.9063077870366526
0.4226182617406938, 0.0, 0.9063077870366526
0.4226182617406938, 0.0, 0.9063077870366526
0.4226182617406938, 0.0, 0.9063077870366526
0.4226182617406938, 0.0, 0.9063077870366526
0.4226182617406938, 0.0, 0.9063077870366526
0.4226182617406938, 0.0, 0.9063077870366526
0.4226182617406938, 0.0, 0.9063077870366526
0.4226182617406938, 0.0, 0.9063077870366526
0.4226182617406938, 0.0, 0.9063077870366526
0.4226182617406938, 0.0, 0.9063077870366526
0.4226182617406938, 0.0, 0.9063077870366526
0.4226182617406938, 0.0, 0.9063077870366526
0.42261826174069483, -1.27675647831893e-15, 0.9063077870366523
0.4039563956536773, 0.02248285053073928, 0.9145019146193747
0.3849225311549258, 0.044944996884545695, 0.9218538887829966
0.36553419629310585, 0.06736575395070665, 0.928356939186112
0.3458092455442279, 0.08972447473338528, 0.9340050772506272
0.3257658433696765, 0.11200056936518792, 0.9387931016765714
0.3054224474887866, 0.1341735240681138, 0.9427166032319059
0.28479779188136106, 0.15622292004443572, 0.9457719688129328
0.263910869535779, 0.1781284522801202, 0.947956384771556
0.24278091495859158, 0.19986994824345938, 0.9492678395063356
0.2214273864617035, 0.2214273864617056, 0.9497051253149464
0.19986994824345755, 0.24278091495859405, 0.9492678395063354
0.17812845228011873, 0.26391086953578174, 0.9479563847715553
0.15622292004443467, 0.2847977918813641, 0.9457719688129319
0.1341735240681131, 0.30542244748879005, 0.9427166032319049
0.11200056936518756, 0.32576584336968034, 0.9387931016765702
0.08972447473338589, 0.3458092455442314, 0.9340050772506259
0.06736575395070694, 0.36553419629311024, 0.92835693918611
0.044944996884547, 0.38492253115492997, 0.9218538887829948
0.022482850530740252, 0.40395639565368235, 0.9145019146193725
1.1102230246251563e-16, 0.42261826174070016, 0.9063077870366496
-6.982150666839085e-17, 0.4226182617407003, 0.9063077870366496
-6.982150666839085e-17, 0.4226182617407003, 0.9063077870366496
-6.982150666839085e-17, 0.4226182617407003, 0.9063077870366496
-6.982150666839085e-17, 0.4226182617407003, 0.9063077870366496
-6.982150666839085e-17, 0.4226182617407003, 0.9063077870366496
-6.982150666839085e-17, 0.4226182617407003, 0.9063077870366496
-6.982150666839085e-17, 0.4226182617407003, 0.9063077870366496
-6.982150666839085e-17, 0.4226182617407003, 0.9063077870366496
-6.982150666839085e-17, 0.4226182617407003, 0.9063077870366496
-6.982150666839085e-17, 0.4226182617407003, 0.9063077870366496
-6.982150666839085e-17, 0.4226182617407003, 0.9063077870366496
-6.982150666839085e-17, 0.4226182617407003, 0.9063077870366496
-6.982150666839085e-17, 0.4226182617407003, 0.9063077870366496
-6.982150666839085e-17, 0.4226182617407003, 0.9063077870366496
-6.982150666839085e-17, 0.4226182617407003, 0.9063077870366496
-6.982150666839085e-17, 0.4226182617407003, 0.9063077870366496
-6.982150666839085e-17, 0.4226182617407003, 0.9063077870366496
-6.982150666839085e-17, 0.4226182617407003, 0.9063077870366496
-6.982150666839085e-17, 0.4226182617407003, 0.9063077870366496
-6.982150666839085e-17, 0.4226182617407003, 0.9063077870366496
-6.982150666839085e-17, 0.4226182617407003, 0.9063077870366496
8.88178419700125e-16, 0.4226182617407011, 0.9063077870366493
-0.022482850530738143, 0.4039563956536846, 0.9145019146193716
-0.04494499688454646, 0.38492253115493125, 0.9218538887829941
-0.06736575395070592, 0.3655341962931124, 0.9283569391861094
-0.0897244747333857, 0.34580924554423303, 0.9340050772506252
-0.11200056936518818, 0.3257658433696817, 0.9387931016765696
-0.13417352406811328, 0.30542244748879216, 0.9427166032319043
-0.15622292004443572, 0.28479779188136584, 0.9457719688129314
-0.17812845228011995, 0.2639108695357836, 0.9479563847715545
-0.19986994824345963, 0.2427809149585954, 0.9492678395063345
-0.22142738646170504, 0.2214273864617078, 0.9497051253149454
-0.24278091495859275, 0.19986994824346238, 0.9492678395063348
-0.26391086953578097, 0.17812845228012275, 0.9479563847715549
-0.2847977918813637, 0.15622292004443783, 0.9457719688129316
-0.30542244748878894, 0.13417352406811675, 0.9427166032319049
-0.32576584336967895, 0.11200056936519101, 0.93879310167657
-0.34580924554423115, 0.08972447473338788, 0.9340050772506259
-0.36553419629310985, 0.06736575395070872, 0.9283569391861102
-0.38492253115492936, 0.04494499688454864, 0.921853888782995
-0.40395639565368163, 0.02248285053074166, 0.9145019146193727
-0.4226182617406992, 1.3045120539345583e-15, 0.90630778703665
-0.4226182617407003, 0.0, 0.9063077870366496
-0.4226182617407003, 0.0, 0.9063077870366496
-0.4226182617407003, 0.0, 0.9063077870366496
-0.4226182617407003, 0.0, 0.9063077870366496
-0.4226182617407003, 0.0, 0.9063077870366496
-0.4226182617407003, 0.0, 0.9063077870366496
-0.4226182617407003, 0.0, 0.9063077870366496
-0.4226182617407003, 0.0, 0.9063077870366496
-0.4226182617407003, 0.0, 0.9063077870366496
-0.4226182617407003, 0.0, 0.9063077870366496
-0.4226182617407003, 0.0, 0.9063077870366496
-0.4226182617407003, 0.0, 0.9063077870366496
-0.4226182617407003, 0.0, 0.9063077870366496
-0.4226182617407003, 0.0, 0.9063077870366496
-0.4226182617407003, 0.0, 0.9063077870366496
-0.4226182617407003, 0.0, 0.9063077870366496
-0.4226182617407003, 0.0, 0.9063077870366496
-0.4226182617407003, 0.0, 0.9063077870366496
-0.4226182617407003, 0.0, 0.9063077870366496
-0.4226182617407003, 0.0, 0.9063077870366496
-0.4226182617407003, 0.0, 0.9063077870366496
-0.42261826174070116, 1.1102230246251565e-15, 0.9063077870366492
-0.4039563956536834, -0.022482850530739062, 0.914501914619372
-0.3849225311549316, -0.044944996884545174, 0.9218538887829941
-0.3655341962931113, -0.06736575395070574, 0.9283569391861097
-0.3458092455442324, -0.0897244747333847, 0.9340050772506256
-0.32576584336968073, -0.112000569365187, 0.9387931016765699
-0.3054224474887911, -0.1341735240681119, 0.9427166032319048
-0.28479779188136456, -0.1562229200444341, 0.9457719688129318
-0.26391086953578224, -0.1781284522801182, 0.9479563847715553
-0.2427809149585945, -0.19986994824345708, 0.9492678395063354
-0.22142738646170604, -0.22142738646170296, 0.9497051253149463
-0.1998699482434605, -0.24278091495859042, 0.9492678395063356
-0.17812845228012128, -0.26391086953577786, 0.947956384771556
-0.15622292004443625, -0.28479779188136056, 0.9457719688129328
-0.13417352406811361, -0.30542244748878666, 0.9427166032319059
-0.1120005693651897, -0.32576584336967485, 0.9387931016765718
-0.08972447473338575, -0.3458092455442274, 0.9340050772506273
-0.06736575395070715, -0.36553419629310535, 0.928356939186112
-0.04494499688454681, -0.3849225311549248, 0.921853888782997
-0.022482850530739062, -0.40395639565367736, 0.9145019146193747
7.494005416219805e-16, -0.4226182617406943, 0.9063077870366523
6.982150666838977e-17, -0.42261826174069383, 0.9063077870366526
6.982150666838977e-17, -0.42261826174069383, 0.9063077870366526
6.982150666838977e-17, -0.42261826174069383, 0.9063077870366526
6.982150666838977e-17, -0.42261826174069383, 0.9063077870366526
6.982150666838977e-17, -0.42261826174069383, 0.9063077870366526
6.982150666838977e-17, -0.42261826174069383, 0.9063077870366526
6.982150666838977e-17, -0.42261826174069383, 0.9063077870366526
6.982150666838977e-17, -0.42261826174069383, 0.9063077870366526
6.982150666838977e-17, -0.42261826174069383, 0.9063077870366526
6.982150666838977e-17, -0.42261826174069383, 0.9063077870366526
6.982150666838977e-17, -0.42261826174069383, 0.9063077870366526
6.982150666838977e-17, -0.42261826174069383, 0.9063077870366526
6.982150666838977e-17, -0.42261826174069383, 0.9063077870366526
6.982150666838977e-17, -0.42261826174069383, 0.9063077870366526
6.982150666838977e-17, -0.42261826174069383, 0.9063077870366526
6.982150666838977e-17, -0.42261826174069383, 0.9063077870366526
6.982150666838977e-17, -0.42261826174069383, 0.9063077870366526
6.982150666838977e-17, -0.42261826174069383, 0.9063077870366526
6.982150666838977e-17, -0.42261826174069383, 0.9063077870366526
6.982150666838977e-17, -0.42261826174069383, 0.9063077870366526
6.982150666838977e-17, -0.42261826174069383, 0.9063077870366526
-1.0824674490095274e-15, -0.4226182617406948, 0.906307787036652
0.022482850530739174, -0.4039563956536772, 0.9145019146193748
0.04494499688454548, -0.3849225311549255, 0.9218538887829968
0.06736575395070621, -0.36553419629310524, 0.9283569391861121
0.08972447473338467, -0.3458092455442271, 0.9340050772506276
0.11200056936518646, -0.3257658433696762, 0.9387931016765717
0.13417352406811217, -0.30542244748878605, 0.9427166032319063
0.15622292004443325, -0.2847977918813609, 0.9457719688129331
0.1781284522801182, -0.2639108695357781, 0.9479563847715565
0.19986994824345655, -0.24278091495859114, 0.9492678395063363
0.22142738646170199, -0.22142738646170346, 0.9497051253149473
0.2427809149585896, -0.19986994824345808, 0.9492678395063363
0.2639108695357766, -0.17812845228011967, 0.9479563847715566
0.28479779188135945, -0.15622292004443475, 0.9457719688129332
0.30542244748878467, -0.13417352406811367, 0.9427166032319066
0.32576584336967473, -0.11200056936518801, 0.938793101676572
0.3458092455442257, -0.08972447473338618, 0.934005077250628
0.3655341962931039, -0.06736575395070779, 0.9283569391861126
0.3849225311549235, -0.04494499688454767, 0.9218538887829975
0.40395639565367575, -0.022482850530740752, 0.9145019146193754
0.4226182617406936, -3.3306690738754696e-16, 0.9063077870366528
0.4226182617406938, 0.0, 0.9063077870366526
0.4226182617406938, 0.0, 0.9063077870366526
0.4226182617406938, 0.0, 0.9063077870366526
0.4226182617406938, 0.0, 0.9063077870366526
0.4226182617406938, 0.0, 0.9063077870366526
0.4226182617406938, 0.0, 0.9063077870366526
0.4226182617406938, 0.0, 0.9063077870366526
0.4226182617406938, 0.0, 0.9063077870366526
0.4226182617406938, 0.0, 0.9063077870366526
0.4226182617406938, 0.0, 0.9063077870366526
0.4226182617406938, 0.0, 0.9063077870366526
0.4226182617406938, 0.0, 0.9063077870366526
0.4226182617406938, 0.0, 0.9063077870366526
0.4226182617406938, 0.0, 0.9063077870366526
0.4226182617406938, 0.0, 0.9063077870366526
0.4226182617406938, 0.0, 0.9063077870366526
0.4226182617406938, 0.0, 0.9063077870366526
0.4226182617406938, 0.0, 0.9063077870366526
0.4226182617406938, 0.0, 0.9063077870366526
0.4226182617406938, 0.0, 0.9063077870366526
0.4226182617406938, 0.0, 0.9063077870366526
0.42261826174069483, -1.27675647831893e-15, 0.9063077870366523
0.4039563956536779, 0.02248285053073856, 0.9145019146193745
0.3849225311549258, 0.044944996884545695, 0.9218538887829966
0.36553419629310585, 0.06736575395070665, 0.928356939186112
0.34580924554422726, 0.08972447473338593, 0.9340050772506274
0.3257658433696765, 0.11200056936518792, 0.9387931016765714
0.3054224474887866, 0.1341735240681138, 0.9427166032319059
0.28479779188136106, 0.15622292004443572, 0.9457719688129328
0.263910869535779, 0.1781284522801202, 0.947956384771556
0.24278091495859158, 0.19986994824345938, 0.9492678395063356
0.2214273864617035, 0.2214273864617056, 0.9497051253149464
0.19986994824345755, 0.24278091495859405, 0.9492678395063354
0.17812845228011873, 0.26391086953578174, 0.9479563847715553
0.15622292004443467, 0.2847977918813641, 0.9457719688129319
0.1341735240681131, 0.30542244748879005, 0.9427166032319049
0.11200056936518756, 0.32576584336968034, 0.9387931016765702
0.08972447473338589, 0.3458092455442314, 0.9340050772506259
0.06736575395070694, 0.36553419629311024, 0.92835693918611
0.044944996884546416, 0.38492253115493047, 0.9218538887829946
0.022482850530739614, 0.4039563956536829, 0.9145019146193722
1.1102230246251563e-16, 0.42261826174070016, 0.9063077870366496
-6.982150666839085e-17, 0.4226182617407003, 0.9063077870366496
-6.982150666839085e-17, 0.4226182617407003, 0.9063077870366496
-6.982150666839085e-17, 0.4226182617407003, 0.9063077870366496
-6.982150666839085e-17, 0.4226182617407003, 0.9063077870366496
-6.982150666839085e-17, 0.4226182617407003, 0.9063077870366496
-6.982150666839085e-17, 0.4226182617407003, 0.9063077870366496
-6.982150666839085e-17, 0.4226182617407003, 0.9063077870366496
-6.982150666839085e-17, 0.4226182617407003, 0.9063077870366496
-6.982150666839085e-17, 0.4226182617407003, 0.9063077870366496
-6.982150666839085e-17, 0.4226182617407003, 0.9063077870366496
-6.982150666839085e-17, 0.4226182617407003, 0.9063077870366496
-6.982150666839085e-17, 0.4226182617407003, 0.9063077870366496
-6.982150666839085e-17, 0.4226182617407003, 0.9063077870366496
-6.982150666839085e-17, 0.4226182617407003, 0.9063077870366496
-6.982150666839085e-17, 0.4226182617407003, 0.9063077870366496
-6.982150666839085e-17, 0.4226182617407003, 0.9063077870366496
-6.982150666839085e-17, 0.4226182617407003, 0.9063077870366496
-6.982150666839085e-17, 0.4226182617407003, 0.9063077870366496
-6.982150666839085e-17, 0.4226182617407003, 0.9063077870366496
-6.982150666839085e-17, 0.4226182617407003, 0.9063077870366496
-6.982150666839085e-17, 0.4226182617407003, 0.9063077870366496
8.88178419700125e-16, 0.4226182617407011, 0.9063077870366493
-0.02248285053073881, 0.4039563956536841, 0.9145019146193718
-0.04494499688454646, 0.38492253115493125, 0.9218538887829941
-0.06736575395070657, 0.36553419629311173, 0.9283569391861094
-0.0897244747333857, 0.34580924554423303, 0.9340050772506252
-0.11200056936518818, 0.3257658433696817, 0.9387931016765696
-0.13417352406811328, 0.30542244748879216, 0.9427166032319043
-0.15622292004443572, 0.28479779188136584, 0.9457719688129314
-0.17812845228012059, 0.263910869535783, 0.9479563847715546
-0.19986994824345963, 0.2427809149585954, 0.9492678395063345
-0.22142738646170504, 0.2214273864617078, 0.9497051253149454
-0.24278091495859275, 0.19986994824346238, 0.9492678395063348
-0.26391086953578097, 0.17812845228012275, 0.9479563847715549
-0.2847977918813637, 0.15622292004443783, 0.9457719688129316
-0.3054224474887895, 0.13417352406811608, 0.9427166032319048
-0.3257658433696796, 0.11200056936519036, 0.93879310167657
-0.34580924554423115, 0.08972447473338788, 0.9340050772506259
-0.36553419629310985, 0.06736575395070872, 0.9283569391861102
-0.38492253115492936, 0.04494499688454864, 0.921853888782995
-0.40395639565368163, 0.02248285053074166, 0.9145019146193727
-0.4226182617406992, 1.3045120539345583e-15, 0.90630778703665
-0.4226182617407003, 0.0, 0.9063077870366496
-0.4226182617407003, 0.0, 0.9063077870366496
-0.4226182617407003, 0.0, 0.9063077870366496
-0.4226182617407003, 0.0, 0.9063077870366496
-0.4226182617407003, 0.0, 0.9063077870366496
-0.4226182617407003, 0.0, 0.9063077870366496
-0.4226182617407003, 0.0, 0.9063077870366496
-0.4226182617407003, 0.0, 0.9063077870366496
-0.4226182617407003, 0.0, 0.9063077870366496
-0.4226182617407003, 0.0, 0.9063077870366496
-0.4226182617407003, 0.0, 0.9063077870366496
-0.4226182617407003, 0.0, 0.9063077870366496
-0.4226182617407003, 0.0, 0.9063077870366496
-0.4226182617407003, 0.0, 0.9063077870366496
-0.4226182617407003, 0.0, 0.9063077870366496
-0.4226182617407003, 0.0, 0.9063077870366496
-0.4226182617407003, 0.0, 0.9063077870366496
-0.4226182617407003, 0.0, 0.9063077870366496
-0.4226182617407003, 0.0, 0.9063077870366496
-0.4226182617407003, 0.0, 0.9063077870366496
-0.4226182617407003, 0.0, 0.9063077870366496
-0.4226182617407006, 3.885780586188048e-16, 0.9063077870366495
-0.4039563956536834, -0.022482850530739062, 0.914501914619372
-0.38492253115493047, -0.04494499688454648, 0.9218538887829946
-0.3655341962931113, -0.06736575395070574, 0.9283569391861097
-0.3458092455442324, -0.0897244747333847, 0.9340050772506256
-0.32576584336968073, -0.112000569365187, 0.9387931016765699
-0.3054224474887911, -0.1341735240681119, 0.9427166032319048
-0.284797791881364, -0.15622292004443472, 0.9457719688129319
-0.26391086953578224, -0.1781284522801182, 0.9479563847715553
-0.2427809149585945, -0.19986994824345708, 0.9492678395063354
-0.22142738646170604, -0.22142738646170296, 0.9497051253149463
-0.1998699482434605, -0.24278091495859042, 0.9492678395063356
-0.1781284522801207, -0.26391086953577847, 0.947956384771556
-0.15622292004443558, -0.2847977918813611, 0.9457719688129327
-0.13417352406811361, -0.30542244748878666, 0.9427166032319059
-0.11200056936518907, -0.3257658433696754, 0.9387931016765716
-0.08972447473338575, -0.3458092455442274, 0.9340050772506273
-0.06736575395070715, -0.36553419629310535, 0.928356939186112
-0.0449449968845462, -0.38492253115492536, 0.9218538887829968
-0.02248285053073973, -0.4039563956536769, 0.9145019146193749
1.4432899320127037e-15, -0.42261826174069494, 0.9063077870366522
6.982150666838977e-17, -0.42261826174069383, 0.9063077870366526
6.982150666838977e-17, -0.42261826174069383, 0.9063077870366526
6.982150666838977e-17, -0.42261826174069383, 0.9063077870366526
6.982150666838977e-17, -0.42261826174069383, 0.9063077870366526
6.982150666838977e-17, -0.42261826174069383, 0.9063077870366526
6.982150666838977e-17, -0.42261826174069383, 0.9063077870366526
6.982150666838977e-17, -0.42261826174069383, 0.9063077870366526
6.982150666838977e-17, -0.42261826174069383, 0.9063077870366526
6.982150666838977e-17, -0.42261826174069383, 0.9063077870366526
6.982150666838977e-17, -0.42261826174069383, 0.9063077870366526
6.982150666838977e-17, -0.42261826174069383, 0.9063077870366526
6.982150666838977e-17, -0.42261826174069383, 0.9063077870366526
6.982150666838977e-17, -0.42261826174069383, 0.9063077870366526
6.982150666838977e-17, -0.42261826174069383, 0.9063077870366526
6.982150666838977e-17, -0.42261826174069383, 0.9063077870366526
6.982150666838977e-17, -0.42261826174069383, 0.9063077870366526
6.982150666838977e-17, -0.42261826174069383, 0.9063077870366526
6.982150666838977e-17, -0.42261826174069383, 0.9063077870366526
6.982150666838977e-17, -0.42261826174069383, 0.9063077870366526
6.982150666838977e-17, -0.42261826174069383, 0.9063077870366526
6.982150666838977e-17, -0.42261826174069383, 0.9063077870366526
-4.163336342344337e-16, -0.42261826174069433, 0.9063077870366525
0.022482850530738535, -0.40395639565367775, 0.9145019146193747
0.04494499688454548, -0.3849225311549255, 0.9218538887829968
0.0673657539507049, -0.36553419629310646, 0.9283569391861117
0.08972447473338332, -0.3458092455442283, 0.9340050772506273
0.11200056936518646, -0.3257658433696762, 0.9387931016765717
0.13417352406811156, -0.30542244748878666, 0.9427166032319063
0.15622292004443392, -0.28479779188136034, 0.9457719688129332
0.1781284522801182, -0.2639108695357781, 0.9479563847715565
0.1998699482434572, -0.2427809149585905, 0.9492678395063363
0.22142738646170135, -0.2214273864617041, 0.9497051253149473
0.2427809149585896, -0.19986994824345808, 0.9492678395063363
0.2639108695357778, -0.1781284522801184, 0.9479563847715565
0.28479779188135945, -0.15622292004443475, 0.9457719688129332
0.30542244748878516, -0.13417352406811306, 0.9427166032319065
0.32576584336967473, -0.11200056936518801, 0.938793101676572
0.3458092455442263, -0.0897244747333855, 0.9340050772506279
0.36553419629310446, -0.06736575395070707, 0.9283569391861124
0.3849225311549235, -0.04494499688454767, 0.9218538887829975
0.40395639565367636, -0.022482850530740003, 0.914501914619375
0.42261826174069406, 2.775557561562891e-16, 0.9063077870366525
0.4226182617406938, 0.0, 0.9063077870366526
0.4226182617406938, 0.0, 0.9063077870366526
0.4226182617406938, 0.0, 0.9063077870366526
0.4226182617406938, 0.0, 0.9063077870366526
0.4226182617406938, 0.0, 0.9063077870366526
0.4226182617406938, 0.0, 0.9063077870366526
0.4226182617406938, 0.0, 0.9063077870366526
0.4226182617406938, 0.0, 0.9063077870366526
0.4226182617406938, 0.0, 0.9063077870366526
0.4226182617406938, 0.0, 0.9063077870366526
0.4226182617406938, 0.0, 0.9063077870366526
0.4226182617406938, 0.0, 0.9063077870366526
0.4226182617406938, 0.0, 0.9063077870366526
0.4226182617406938, 0.0, 0.9063077870366526
0.4226182617406938, 0.0, 0.9063077870366526
0.4226182617406938, 0.0, 0.9063077870366526
0.4226182617406938, 0.0, 0.9063077870366526
0.4226182617406938, 0.0, 0.9063077870366526
0.4226182617406938, 0.0, 0.9063077870366526
0.4226182617406938, 0.0, 0.9063077870366526
0.4226182617406938, 0.0, 0.9063077870366526
0.42261826174069483, -1.27675647831893e-15, 0.9063077870366523
0.4039563956536773, 0.02248285053073928, 0.9145019146193747
0.3849225311549258, 0.044944996884545695, 0.9218538887829966
0.36553419629310524, 0.0673657539507073, 0.928356939186112
0.34580924554422726, 0.08972447473338593, 0.9340050772506274
0.32576584336967596, 0.11200056936518855, 0.9387931016765714
0.3054224474887866, 0.1341735240681138, 0.9427166032319059
0.2847977918813604, 0.1562229200444364, 0.9457719688129327
0.263910869535779, 0.1781284522801202, 0.947956384771556
0.24278091495859094, 0.19986994824346, 0.9492678395063356
0.2214273864617035, 0.2214273864617056, 0.9497051253149464
0.19986994824345755, 0.24278091495859405, 0.9492678395063354
0.17812845228011873, 0.26391086953578174, 0.9479563847715553
0.15622292004443528, 0.28479779188136356, 0.945771968812932
0.1341735240681131, 0.30542244748879005, 0.9427166032319049
0.11200056936518756, 0.32576584336968034, 0.9387931016765702
0.08972447473338589, 0.3458092455442314, 0.9340050772506259
0.06736575395070694, 0.36553419629311024, 0.92835693918611
0.044944996884547, 0.38492253115492997, 0.9218538887829948
0.022482850530739614, 0.4039563956536829, 0.9145019146193722
1.1102230246251563e-16, 0.42261826174070016, 0.9063077870366496
-6.982150666839085e-17, 0.4226182617407003, 0.9063077870366496
-6.982150666839085e-17, 0.4226182617407003, 0.9063077870366496
-6.982150666839085e-17, 0.4226182617407003, 0.9063077870366496
-6.982150666839085e-17, 0.4226182617407003, 0.9063077870366496
-6.982150666839085e-17, 0.4226182617407003, 0.9063077870366496
-6.982150666839085e-17, 0.4226182617407003, 0.9063077870366496
-6.982150666839085e-17, 0.4226182617407003, 0.9063077870366496
-6.982150666839085e-17, 0.4226182617407003, 0.9063077870366496
-6.982150666839085e-17, 0.4226182617407003, 0.9063077870366496
-6.982150666839085e-17, 0.4226182617407003, 0.9063077870366496
-6.982150666839085e-17, 0.4226182617407003, 0.9063077870366496
-6.982150666839085e-17, 0.4226182617407003, 0.9063077870366496
-6.982150666839085e-17, 0.4226182617407003, 0.9063077870366496
-6.982150666839085e-17, 0.4226182617407003, 0.9063077870366496
-6.982150666839085e-17, 0.4226182617407003, 0.9063077870366496
-6.982150666839085e-17, 0.4226182617407003, 0.9063077870366496
-6.982150666839085e-17, 0.4226182617407003, 0.9063077870366496
-6.982150666839085e-17, 0.4226182617407003, 0.9063077870366496
-6.982150666839085e-17, 0.4226182617407003, 0.9063077870366496
-6.982150666839085e-17, 0.4226182617407003, 0.9063077870366496
-6.982150666839085e-17, 0.4226182617407003, 0.9063077870366496
8.88178419700125e-16, 0.4226182617407011, 0.9063077870366493
-0.02248285053073881, 0.4039563956536841, 0.9145019146193718
-0.04494499688454646, 0.38492253115493125, 0.9218538887829941
-0.06736575395070657, 0.36553419629311173, 0.9283569391861094
-0.0897244747333857, 0.34580924554423303, 0.9340050772506252
-0.11200056936518818, 0.3257658433696817, 0.9387931016765696
-0.13417352406811328, 0.30542244748879216, 0.9427166032319043
-0.15622292004443572, 0.28479779188136584, 0.9457719688129314
-0.17812845228012059, 0.263910869535783, 0.9479563847715546
-0.19986994824345963, 0.2427809149585954, 0.9492678395063345
-0.22142738646170504, 0.2214273864617078, 0.9497051253149454
-0.24278091495859275, 0.19986994824346238, 0.9492678395063348
-0.26391086953578097, 0.17812845228012275, 0.9479563847715549
-0.2847977918813637, 0.15622292004443783, 0.9457719688129316
-0.3054224474887895, 0.13417352406811608, 0.9427166032319048
-0.3257658433696796, 0.11200056936519036, 0.93879310167657
-0.34580924554423115, 0.08972447473338788, 0.9340050772506259
-0.36553419629310985, 0.06736575395070872, 0.9283569391861102
-0.38492253115492936, 0.04494499688454864, 0.921853888782995
-0.40395639565368163, 0.02248285053074166, 0.9145019146193727
-0.4226182617406992, 1.3045120539345583e-15, 0.90630778703665
-0.4226182617407003, 0.0, 0.9063077870366496
-0.4226182617407003, 0.0, 0.9063077870366496
-0.4226182617407003, 0.0, 0.9063077870366496
-0.4226182617407003, 0.0, 0.9063077870366496
-0.4226182617407003, 0.0, 0.9063077870366496
-0.4226182617407003, 0.0, 0.9063077870366496
-0.4226182617407003, 0.0, 0.9063077870366496
-0.4226182617407003, 0.0, 0.9063077870366496
-0.4226182617407003, 0.0, 0.9063077870366496
-0.4226182617407003, 0.0, 0.9063077870366496
-0.4226182617407003, 0.0, 0.9063077870366496
-0.4226182617407003, 0.0, 0.9063077870366496
-0.4226182617407003, 0.0, 0.9063077870366496
-0.4226182617407003, 0.0, 0.9063077870366496
-0.4226182617407003, 0.0, 0.9063077870366496
-0.4226182617407003, 0.0, 0.9063077870366496
-0.4226182617407003, 0.0, 0.9063077870366496
-0.4226182617407003, 0.0, 0.9063077870366496
-0.4226182617407003, 0.0, 0.9063077870366496
-0.4226182617407003, 0.0, 0.9063077870366496
-0.4226182617407003, 0.0, 0.9063077870366496
-0.42261826174070116, 1.1102230246251565e-15, 0.9063077870366492
-0.40395639565368396, -0.022482850530738396, 0.9145019146193718
-0.3849225311549316, -0.044944996884545174, 0.9218538887829941
-0.3655341962931107, -0.06736575395070646, 0.92835693918611
-0.34580924554423303, -0.089724474733384, 0.9340050772506254
-0.32576584336968073, -0.112000569365187, 0.9387931016765699
-0.3054224474887911, -0.1341735240681119, 0.9427166032319048
-0.2847977918813652, -0.15622292004443347, 0.9457719688129318
-0.26391086953578163, -0.17812845228011884, 0.9479563847715554
-0.2427809149585945, -0.19986994824345708, 0.9492678395063354
-0.22142738646170604, -0.22142738646170296, 0.9497051253149463
-0.1998699482434605, -0.24278091495859042, 0.9492678395063356
-0.17812845228012128, -0.26391086953577786, 0.947956384771556
-0.15622292004443625, -0.28479779188136056, 0.9457719688129328
-0.13417352406811361, -0.30542244748878666, 0.9427166032319059
-0.11200056936518907, -0.3257658433696754, 0.9387931016765716
-0.08972447473338575, -0.3458092455442274, 0.9340050772506273
-0.06736575395070715, -0.36553419629310535, 0.928356939186112
-0.0449449968845462, -0.38492253115492536, 0.9218538887829968
-0.022482850530739062, -0.40395639565367736, 0.9145019146193747
7.494005416219805e-16, -0.4226182617406943, 0.9063077870366523
6.982150666838977e-17, -0.42261826174069383, 0.9063077870366526
6.982150666838977e-17, -0.42261826174069383, 0.9063077870366526
6.982150666838977e-17, -0.42261826174069383, 0.9063077870366526
6.982150666838977e-17, -0.42261826174069383, 0.9063077870366526
6.982150666838977e-17, -0.42261826174069383, 0.9063077870366526
6.982150666838977e-17, -0.42261826174069383, 0.9063077870366526
6.982150666838977e-17, -0.42261826174069383, 0.9063077870366526
6.982150666838977e-17, -0.42261826174069383, 0.9063077870366526
6.982150666838977e-17, -0.42261826174069383, 0.9063077870366526
6.982150666838977e-17, -0.42261826174069383, 0.9063077870366526
6.982150666838977e-17, -0.42261826174069383, 0.9063077870366526
6.982150666838977e-17, -0.42261826174069383, 0.9063077870366526
6.982150666838977e-17, -0.42261826174069383, 0.9063077870366526
6.982150666838977e-17, -0.42261826174069383, 0.9063077870366526
6.982150666838977e-17, -0.42261826174069383, 0.9063077870366526
6.982150666838977e-17, -0.42261826174069383, 0.9063077870366526
6.982150666838977e-17, -0.42261826174069383, 0.9063077870366526
6.982150666838977e-17, -0.42261826174069383, 0.9063077870366526
6.982150666838977e-17, -0.42261826174069383, 0.9063077870366526
6.982150666838977e-17, -0.42261826174069383, 0.9063077870366526
6.982150666838977e-17, -0.42261826174069383, 0.9063077870366526
-4.163336342344337e-16, -0.42261826174069433, 0.9063077870366525
0.022482850530738535, -0.40395639565367775, 0.9145019146193747
0.04494499688454484, -0.38492253115492603, 0.9218538887829966
0.0673657539507049, -0.36553419629310646, 0.9283569391861117
0.089724474733384, -0.3458092455442277, 0.9340050772506274
0.11200056936518646, -0.3257658433696762, 0.9387931016765717
0.13417352406811092, -0.3054224474887872, 0.9427166032319062
0.15622292004443392, -0.28479779188136034, 0.9457719688129332
0.17812845228011753, -0.2639108695357787, 0.9479563847715565
0.1998699482434572, -0.2427809149585905, 0.9492678395063363
0.22142738646170135, -0.2214273864617041, 0.9497051253149473
0.2427809149585896, -0.19986994824345808, 0.9492678395063363
0.2639108695357778, -0.1781284522801184, 0.9479563847715565
0.28479779188135945, -0.15622292004443475, 0.9457719688129332
0.30542244748878467, -0.13417352406811367, 0.9427166032319066
0.32576584336967473, -0.11200056936518801, 0.938793101676572
0.3458092455442257, -0.08972447473338618, 0.934005077250628
0.36553419629310446, -0.06736575395070707, 0.9283569391861124
0.38492253115492403, -0.04494499688454697, 0.9218538887829971
0.40395639565367636, -0.022482850530740003, 0.914501914619375
0.42261826174069406, 2.775557561562891e-16, 0.9063077870366525
0.4226182617406938, 0.0, 0.9063077870366526
0.4226182617406938, 0.0, 0.9063077870366526
0.4226182617406938, 0.0, 0.9063077870366526
0.4226182617406938, 0.0, 0.9063077870366526
0.4226182617406938, 0.0, 0.9063077870366526
0.4226182617406938, 0.0, 0.9063077870366526
0.4226182617406938, 0.0, 0.9063077870366526
0.4226182617406938, 0.0, 0.9063077870366526
0.4226182617406938, 0.0, 0.9063077870366526
0.4226182617406938, 0.0, 0.9063077870366526
0.4226182617406938, 0.0, 0.9063077870366526
0.4226182617406938, 0.0, 0.9063077870366526
0.4226182617406938, 0.0, 0.9063077870366526
0.4226182617406938, 0.0, 0.9063077870366526
0.4226182617406938, 0.0, 0.9063077870366526
0.4226182617406938, 0.0, 0.9063077870366526
0.4226182617406938, 0.0, 0.9063077870366526
0.4226182617406938, 0.0, 0.9063077870366526
0.4226182617406938, 0.0, 0.9063077870366526
0.4226182617406938, 0.0, 0.9063077870366526
0.4226182617406938, 0.0, 0.9063077870366526
0.42261826174069483, -1.27675647831893e-15, 0.9063077870366523
0.4039563956536773, 0.02248285053073928, 0.9145019146193747
0.3849225311549252, 0.04494499688454636, 0.9218538887829968
0.36553419629310585, 0.06736575395070665, 0.928356939186112
0.34580924554422726, 0.08972447473338593, 0.9340050772506274
0.32576584336967596, 0.11200056936518855, 0.9387931016765714
0.3054224474887866, 0.1341735240681138, 0.9427166032319059
0.28479779188136106, 0.15622292004443572, 0.9457719688129328
0.263910869535779, 0.1781284522801202, 0.947956384771556
0.24278091495859094, 0.19986994824346, 0.9492678395063356
0.2214273864617035, 0.2214273864617056, 0.9497051253149464
0.19986994824345755, 0.24278091495859405, 0.9492678395063354
0.17812845228011873, 0.26391086953578174, 0.9479563847715553
0.15622292004443528, 0.28479779188136356, 0.945771968812932
0.1341735240681131, 0.30542244748879005, 0.9427166032319049
0.11200056936518756, 0.32576584336968034, 0.9387931016765702
0.08972447473338523, 0.345809245544232, 0.9340050772506258
0.06736575395070628, 0.36553419629311085, 0.9283569391861098
0.044944996884546416, 0.38492253115493047, 0.9218538887829946
0.022482850530739614, 0.4039563956536829, 0.9145019146193722
1.1102230246251563e-16, 0.42261826174070016, 0.9063077870366496
-6.982150666839085e-17, 0.4226182617407003, 0.9063077870366496
-6.982150666839085e-17, 0.4226182617407003, 0.9063077870366496
-6.982150666839085e-17, 0.4226182617407003, 0.9063077870366496
-6.982150666839085e-17, 0.4226182617407003, 0.9063077870366496
-6.982150666839085e-17, 0.4226182617407003, 0.9063077870366496
-6.982150666839085e-17, 0.4226182617407003, 0.9063077870366496
-6.982150666839085e-17, 0.4226182617407003, 0.9063077870366496
-6.982150666839085e-17, 0.4226182617407003, 0.9063077870366496
-6.982150666839085e-17, 0.4226182617407003, 0.9063077870366496
-6.982150666839085e-17, 0.4226182617407003, 0.9063077870366496
-6.982150666839085e-17, 0.4226182617407003, 0.9063077870366496
-6.982150666839085e-17, 0.4226182617407003, 0.9063077870366496
-6.982150666839085e-17, 0.4226182617407003, 0.9063077870366496
-6.982150666839085e-17, 0.4226182617407003, 0.9063077870366496
-6.982150666839085e-17, 0.4226182617407003, 0.9063077870366496
-6.982150666839085e-17, 0.4226182617407003, 0.9063077870366496
-6.982150666839085e-17, 0.4226182617407003, 0.9063077870366496
-6.982150666839085e-17, 0.4226182617407003, 0.9063077870366496
-6.982150666839085e-17, 0.4226182617407003, 0.9063077870366496
-6.982150666839085e-17, 0.4226182617407003, 0.9063077870366496
-6.982150666839085e-17, 0.4226182617407003, 0.9063077870366496
8.88178419700125e-16, 0.4226182617407011, 0.9063077870366493
-0.02248285053073881, 0.4039563956536841, 0.9145019146193718
-0.044944996884545806, 0.3849225311549318, 0.9218538887829941
-0.06736575395070722, 0.36553419629311124, 0.9283569391861097
-0.08972447473338502, 0.3458092455442337, 0.9340050772506251
-0.11200056936518818, 0.3257658433696817, 0.9387931016765696
-0.13417352406811328, 0.30542244748879216, 0.9427166032319043
-0.1562229200444363, 0.2847977918813652, 0.9457719688129314
-0.17812845228011995, 0.2639108695357836, 0.9479563847715545
-0.19986994824345963, 0.2427809149585954, 0.9492678395063345
-0.22142738646170504, 0.2214273864617078, 0.9497051253149454
-0.2427809149585939, 0.1998699482434611, 0.9492678395063345
-0.2639108695357815, 0.1781284522801221, 0.9479563847715549
-0.2847977918813637, 0.15622292004443783, 0.9457719688129316
-0.3054224474887895, 0.13417352406811608, 0.9427166032319048
-0.32576584336968023, 0.11200056936518966, 0.9387931016765698
-0.3458092455442317, 0.08972447473338724, 0.9340050772506256
-0.36553419629310985, 0.06736575395070872, 0.9283569391861102
-0.3849225311549299, 0.04494499688454794, 0.9218538887829948
-0.4039563956536827, 0.02248285053074033, 0.9145019146193722
-0.4226182617406998, 6.383782391594647e-16, 0.9063077870366497
-0.4226182617407003, 0.0, 0.9063077870366496
-0.4226182617407003, 0.0, 0.9063077870366496
-0.4226182617407003, 0.0, 0.9063077870366496
-0.4226182617407003, 0.0, 0.9063077870366496
-0.4226182617407003, 0.0, 0.9063077870366496
-0.4226182617407003, 0.0, 0.9063077870366496
-0.4226182617407003, 0.0, 0.9063077870366496
-0.4226182617407003, 0.0, 0.9063077870366496
-0.4226182617407003, 0.0, 0.9063077870366496
-0.4226182617407003, 0.0, 0.9063077870366496
-0.4226182617407003, 0.0, 0.9063077870366496
-0.4226182617407003, 0.0, 0.9063077870366496
-0.4226182617407003, 0.0, 0.9063077870366496
-0.4226182617407003, 0.0, 0.9063077870366496
-0.4226182617407003, 0.0, 0.9063077870366496
-0.4226182617407003, 0.0, 0.9063077870366496
-0.4226182617407003, 0.0, 0.9063077870366496
-0.4226182617407003, 0.0, 0.9063077870366496
-0.4226182617407003, 0.0, 0.9063077870366496
-0.4226182617407003, 0.0, 0.9063077870366496
-0.4226182617407003, 0.0, 0.9063077870366496
-0.42261826174070116, 1.1102230246251565e-15, 0.9063077870366492
-0.4039563956536834, -0.022482850530739062, 0.914501914619372
-0.38492253115493047, -0.04494499688454648, 0.9218538887829946
-0.3655341962931107, -0.06736575395070646, 0.92835693918611
-0.3458092455442324, -0.0897244747333847, 0.9340050772506256
-0.32576584336968073, -0.112000569365187, 0.9387931016765699
-0.3054224474887911, -0.1341735240681119, 0.9427166032319048
-0.284797791881364, -0.15622292004443472, 0.9457719688129319
-0.26391086953578224, -0.1781284522801182, 0.9479563847715553
-0.24278091495859389, -0.19986994824345772, 0.9492678395063353
-0.22142738646170604, -0.22142738646170296, 0.9497051253149463
-0.1998699482434605, -0.24278091495859042, 0.9492678395063356
-0.1781284522801207, -0.26391086953577847, 0.947956384771556
-0.15622292004443558, -0.2847977918813611, 0.9457719688129327
-0.13417352406811361, -0.30542244748878666, 0.9427166032319059
-0.11200056936518837, -0.325765843369676, 0.9387931016765714
-0.08972447473338575, -0.3458092455442274, 0.9340050772506273
-0.06736575395070715, -0.36553419629310535, 0.928356939186112
-0.0449449968845462, -0.38492253115492536, 0.9218538887829968
-0.022482850530739062, -0.40395639565367736, 0.9145019146193747
7.494005416219805e-16, -0.4226182617406943, 0.9063077870366523
6.982150666838977e-17, -0.42261826174069383, 0.9063077870366526
6.982150666838977e-17, -0.42261826174069383, 0.9063077870366526
6.982150666838977e-17, -0.42261826174069383, 0.9063077870366526
6.982150666838977e-17, -0.42261826174069383, 0.9063077870366526
6.982150666838977e-17, -0.42261826174069383, 0.9063077870366526
6.982150666838977e-17, -0.42261826174069383, 0.9063077870366526
6.982150666838977e-17, -0.42261826174069383, 0.9063077870366526
6.982150666838977e-17, -0.42261826174069383, 0.9063077870366526
6.982150666838977e-17, -0.42261826174069383, 0.9063077870366526
6.982150666838977e-17, -0.42261826174069383, 0.9063077870366526
6.982150666838977e-17, -0.42261826174069383, 0.9063077870366526
6.982150666838977e-17, -0.42261826174069383, 0.9063077870366526
6.982150666838977e-17, -0.42261826174069383, 0.9063077870366526
6.982150666838977e-17, -0.42261826174069383, 0.9063077870366526
6.982150666838977e-17, -0.42261826174069383, 0.9063077870366526
6.982150666838977e-17, -0.42261826174069383, 0.9063077870366526
6.982150666838977e-17, -0.42261826174069383, 0.9063077870366526
6.982150666838977e-17, -0.42261826174069383, 0.9063077870366526
6.982150666838977e-17, -0.42261826174069383, 0.9063077870366526
6.982150666838977e-17, -0.42261826174069383, 0.9063077870366526
6.982150666838977e-17, -0.42261826174069383, 0.9063077870366526
-4.163336342344337e-16, -0.42261826174069433, 0.9063077870366525
0.022482850530738535, -0.40395639565367775, 0.9145019146193747
0.04494499688454484, -0.38492253115492603, 0.9218538887829966
0.06736575395070621, -0.36553419629310524, 0.9283569391861121
0.08972447473338467, -0.3458092455442271, 0.9340050772506276
0.1120005693651871, -0.32576584336967557, 0.9387931016765717
0.13417352406811217, -0.30542244748878605, 0.9427166032319063
0.15622292004443325, -0.2847977918813609, 0.9457719688129331
0.1781284522801182, -0.2639108695357781, 0.9479563847715565
0.19986994824345655, -0.24278091495859114, 0.9492678395063363
0.22142738646170199, -0.22142738646170346, 0.9497051253149473
0.2427809149585896, -0.19986994824345808, 0.9492678395063363
0.2639108695357778, -0.1781284522801184, 0.9479563847715565
0.28479779188135945, -0.15622292004443475, 0.9457719688129332
0.3054224474887858, -0.1341735240681124, 0.9427166032319063
0.32576584336967535, -0.11200056936518732, 0.9387931016765718
0.3458092455442269, -0.08972447473338481, 0.9340050772506276
0.365534196293105, -0.06736575395070646, 0.9283569391861122
0.38492253115492403, -0.04494499688454697, 0.9218538887829971
0.403956395653677, -0.02248285053073934, 0.9145019146193749
0.42261826174069406, 2.775557561562891e-16, 0.9063077870366525
0.4226182617406938, 0.0, 0.9063077870366526
0.4226182617406938, 0.0, 0.9063077870366526
0.4226182617406938, 0.0, 0.9063077870366526
0.4226182617406938, 0.0, 0.9063077870366526
0.4226182617406938, 0.0, 0.9063077870366526
0.4226182617406938, 0.0, 0.9063077870366526
0.4226182617406938, 0.0, 0.9063077870366526
0.4226182617406938, 0.0, 0.9063077870366526
0.4226182617406938, 0.0, 0.9063077870366526
0.4226182617406938, 0.0, 0.9063077870366526
0.4226182617406938, 0.0, 0.9063077870366526
0.4226182617406938, 0.0, 0.9063077870366526
0.4226182617406938, 0.0, 0.9063077870366526
0.4226182617406938, 0.0, 0.9063077870366526
0.4226182617406938, 0.0, 0.9063077870366526
0.4226182617406938, 0.0, 0.9063077870366526
0.4226182617406938, 0.0, 0.9063077870366526
0.4226182617406938, 0.0, 0.9063077870366526
0.4226182617406938, 0.0, 0.9063077870366526
0.4226182617406938, 0.0, 0.9063077870366526
0.4226182617406938, 0.0, 0.9063077870366526
0.42261826174069483, -1.27675647831893e-15, 0.9063077870366523
0.4039563956536779, 0.02248285053073856, 0.9145019146193745
0.3849225311549258, 0.044944996884545695, 0.9218538887829966
0.36553419629310646, 0.06736575395070597, 0.9283569391861117
0.34580924554422726, 0.08972447473338593, 0.9340050772506274
0.3257658433696765, 0.11200056936518792, 0.9387931016765714
0.3054224474887866, 0.1341735240681138, 0.9427166032319059
0.28479779188136106, 0.15622292004443572, 0.9457719688129328
0.263910869535779, 0.1781284522801202, 0.947956384771556
0.24278091495859158, 0.19986994824345938, 0.9492678395063356
0.2214273864617035, 0.2214273864617056, 0.9497051253149464
0.19986994824345755, 0.24278091495859405, 0.9492678395063354
0.17812845228011873, 0.26391086953578174, 0.9479563847715553
0.15622292004443467, 0.2847977918813641, 0.9457719688129319
0.1341735240681131, 0.30542244748879005, 0.9427166032319049
0.11200056936518756, 0.32576584336968034, 0.9387931016765702
0.08972447473338523, 0.345809245544232, 0.9340050772506258
0.06736575395070694, 0.36553419629311024, 0.92835693918611
0.044944996884546416, 0.38492253115493047, 0.9218538887829946
0.022482850530739614, 0.4039563956536829, 0.9145019146193722
1.1102230246251563e-16, 0.42261826174070016, 0.9063077870366496
-6.982150666839085e-17, 0.4226182617407003, 0.9063077870366496
-6.982150666839085e-17, 0.4226182617407003, 0.9063077870366496
-6.982150666839085e-17, 0.4226182617407003, 0.9063077870366496
-6.982150666839085e-17, 0.4226182617407003, 0.9063077870366496
-6.982150666839085e-17, 0.4226182617407003, 0.9063077870366496
-6.982150666839085e-17, 0.4226182617407003, 0.9063077870366496
-6.982150666839085e-17, 0.4226182617407003, 0.9063077870366496
-6.982150666839085e-17, 0.4226182617407003, 0.9063077870366496
-6.982150666839085e-17, 0.4226182617407003, 0.9063077870366496
-6.982150666839085e-17, 0.4226182617407003, 0.9063077870366496
-6.982150666839085e-17, 0.4226182617407003, 0.9063077870366496
-6.982150666839085e-17, 0.4226182617407003, 0.9063077870366496
-6.982150666839085e-17, 0.4226182617407003, 0.9063077870366496
-6.982150666839085e-17, 0.4226182617407003, 0.9063077870366496
-6.982150666839085e-17, 0.4226182617407003, 0.9063077870366496
-6.982150666839085e-17, 0.4226182617407003, 0.9063077870366496
-6.982150666839085e-17, 0.4226182617407003, 0.9063077870366496
-6.982150666839085e-17, 0.4226182617407003, 0.9063077870366496
-6.982150666839085e-17, 0.4226182617407003, 0.9063077870366496
-6.982150666839085e-17, 0.4226182617407003, 0.9063077870366496
-6.982150666839085e-17, 0.4226182617407003, 0.9063077870366496
8.88178419700125e-16, 0.4226182617407011, 0.9063077870366493
-0.02248285053073881, 0.4039563956536841, 0.9145019146193718
-0.044944996884545806, 0.3849225311549318, 0.9218538887829941
-0.06736575395070722, 0.36553419629311124, 0.9283569391861097
-0.08972447473338502, 0.3458092455442337, 0.9340050772506251
-0.11200056936518818, 0.3257658433696817, 0.9387931016765696
-0.13417352406811328, 0.30542244748879216, 0.9427166032319043
-0.1562229200444363, 0.2847977918813652, 0.9457719688129314
-0.17812845228011995, 0.2639108695357836, 0.9479563847715545
-0.19986994824345963, 0.2427809149585954, 0.9492678395063345
-0.22142738646170504, 0.2214273864617078, 0.9497051253149454
-0.2427809149585939, 0.1998699482434611, 0.9492678395063345
-0.2639108695357815, 0.1781284522801221, 0.9479563847715549
-0.2847977918813637, 0.15622292004443783, 0.9457719688129316
-0.3054224474887901, 0.13417352406811545, 0.9427166032319045
-0.32576584336968023, 0.11200056936518966, 0.9387931016765698
-0.3458092455442317, 0.08972447473338724, 0.9340050772506256
-0.36553419629310985, 0.06736575395070872, 0.9283569391861102
-0.3849225311549299, 0.04494499688454794, 0.9218538887829948
-0.4039563956536827, 0.02248285053074033, 0.9145019146193722
-0.4226182617406998, 6.383782391594647e-16, 0.9063077870366497
-0.4226182617407003, 0.0, 0.9063077870366496
-0.4226182617407003, 0.0, 0.9063077870366496
-0.4226182617407003, 0.0, 0.9063077870366496
-0.4226182617407003, 0.0, 0.9063077870366496
-0.4226182617407003, 0.0, 0.9063077870366496
-0.4226182617407003, 0.0, 0.9063077870366496
-0.4226182617407003, 0.0, 0.9063077870366496
-0.4226182617407003, 0.0, 0.9063077870366496
-0.4226182617407003, 0.0, 0.9063077870366496
-0.4226182617407003, 0.0, 0.9063077870366496
-0.4226182617407003, 0.0, 0.9063077870366496
-0.4226182617407003, 0.0, 0.9063077870366496
-0.4226182617407003, 0.0, 0.9063077870366496
-0.4226182617407003, 0.0, 0.9063077870366496
-0.4226182617407003, 0.0, 0.9063077870366496
-0.4226182617407003, 0.0, 0.9063077870366496
-0.4226182617407003, 0.0, 0.9063077870366496
-0.4226182617407003, 0.0, 0.9063077870366496
-0.4226182617407003, 0.0, 0.9063077870366496
-0.4226182617407003, 0.0, 0.9063077870366496
-0.4226182617407003, 0.0, 0.9063077870366496
-0.42261826174070116, 1.1102230246251565e-15, 0.9063077870366492
-0.4039563956536834, -0.022482850530739062, 0.914501914619372
-0.384922531154931, -0.04494499688454581, 0.9218538887829943
-0.3655341962931113, -0.06736575395070574, 0.9283569391861097
-0.3458092455442324, -0.0897244747333847, 0.9340050772506256
-0.32576584336968073, -0.112000569365187, 0.9387931016765699
-0.3054224474887911, -0.1341735240681119, 0.9427166032319048
-0.284797791881364, -0.15622292004443472, 0.9457719688129319
-0.26391086953578224, -0.1781284522801182, 0.9479563847715553
-0.24278091495859389, -0.19986994824345772, 0.9492678395063353
-0.22142738646170604, -0.22142738646170296, 0.9497051253149463
-0.1998699482434605, -0.24278091495859042, 0.9492678395063356
-0.1781284522801207, -0.26391086953577847, 0.947956384771556
-0.15622292004443558, -0.2847977918813611, 0.9457719688129327
-0.13417352406811361, -0.30542244748878666, 0.9427166032319059
-0.11200056936518907, -0.3257658433696754, 0.9387931016765716
-0.08972447473338575, -0.3458092455442274, 0.9340050772506273
-0.06736575395070715, -0.36553419629310535, 0.928356939186112
-0.04494499688454681, -0.3849225311549248, 0.921853888782997
-0.022482850530739062, -0.40395639565367736, 0.9145019146193747
7.494005416219805e-16, -0.4226182617406943, 0.9063077870366523
6.982150666838977e-17, -0.42261826174069383, 0.9063077870366526
6.982150666838977e-17, -0.42261826174069383, 0.9063077870366526
6.982150666838977e-17, -0.42261826174069383, 0.9063077870366526
6.982150666838977e-17, -0.42261826174069383, 0.9063077870366526
6.982150666838977e-17, -0.42261826174069383, 0.9063077870366526
6.982150666838977e-17, -0.42261826174069383, 0.9063077870366526
6.982150666838977e-17, -0.42261826174069383, 0.9063077870366526
6.982150666838977e-17, -0.42261826174069383, 0.9063077870366526
6.982150666838977e-17, -0.42261826174069383, 0.9063077870366526
6.982150666838977e-17, -0.42261826174069383, 0.9063077870366526
6.982150666838977e-17, -0.42261826174069383, 0.9063077870366526
6.982150666838977e-17, -0.42261826174069383, 0.9063077870366526
6.982150666838977e-17, -0.42261826174069383, 0.9063077870366526
6.982150666838977e-17, -0.42261826174069383, 0.9063077870366526
6.982150666838977e-17, -0.42261826174069383, 0.9063077870366526
6.982150666838977e-17, -0.42261826174069383, 0.9063077870366526
6.982150666838977e-17, -0.42261826174069383, 0.9063077870366526
6.982150666838977e-17, -0.42261826174069383, 0.9063077870366526
6.982150666838977e-17, -0.42261826174069383, 0.9063077870366526
6.982150666838977e-17, -0.42261826174069383, 0.9063077870366526
6.982150666838977e-17, -0.42261826174069383, 0.9063077870366526
-4.163336342344337e-16, -0.42261826174069433, 0.9063077870366525
0.022482850530739174, -0.4039563956536772, 0.9145019146193748
0.04494499688454548, -0.3849225311549255, 0.9218538887829968
0.06736575395070621, -0.36553419629310524, 0.9283569391861121
0.08972447473338467, -0.3458092455442271, 0.9340050772506276
0.1120005693651871, -0.32576584336967557, 0.9387931016765717
0.13417352406811217, -0.30542244748878605, 0.9427166032319063
0.15622292004443325, -0.2847977918813609, 0.9457719688129331
0.1781284522801182, -0.2639108695357781, 0.9479563847715565
0.1998699482434572, -0.2427809149585905, 0.9492678395063363
0.22142738646170262, -0.22142738646170282, 0.9497051253149473
0.24278091495859025, -0.1998699482434574, 0.9492678395063363
0.2639108695357778, -0.1781284522801184, 0.9479563847715565
0.28479779188135945, -0.15622292004443475, 0.9457719688129332
0.30542244748878644, -0.13417352406811175, 0.9427166032319063
0.32576584336967473, -0.11200056936518801, 0.938793101676572
0.3458092455442269, -0.08972447473338481, 0.9340050772506276
0.365534196293105, -0.06736575395070646, 0.9283569391861122
0.38492253115492403, -0.04494499688454697, 0.9218538887829971
0.403956395653677, -0.02248285053073934, 0.9145019146193749
0.42261826174069406, 2.775557561562891e-16, 0.9063077870366525
0.4226182617406938, 0.0, 0.9063077870366526
0.4226182617406938, 0.0, 0.9063077870366526
0.4226182617406938, 0.0, 0.9063077870366526
0.4226182617406938, 0.0, 0.9063077870366526
0.4226182617406938, 0.0, 0.9063077870366526
0.4226182617406938, 0.0, 0.9063077870366526
0.4226182617406938, 0.0, 0.9063077870366526
0.4226182617406938, 0.0, 0.9063077870366526
0.4226182617406938, 0.0, 0.9063077870366526
0.4226182617406938, 0.0, 0.9063077870366526
0.4226182617406938, 0.0, 0.9063077870366526
0.4226182617406938, 0.0, 0.9063077870366526
0.4226182617406938, 0.0, 0.9063077870366526
0.4226182617406938, 0.0, 0.9063077870366526
0.4226182617406938, 0.0, 0.9063077870366526
0.4226182617406938, 0.0, 0.9063077870366526
0.4226182617406938, 0.0, 0.9063077870366526
0.4226182617406938, 0.0, 0.9063077870366526
0.4226182617406938, 0.0, 0.9063077870366526
0.4226182617406938, 0.0, 0.9063077870366526
0.4226182617406938, 0.0, 0.9063077870366526
0.42261826174069483, -1.27675647831893e-15, 0.9063077870366523
0.4039563956536773, 0.02248285053073928, 0.9145019146193747
0.3849225311549258, 0.044944996884545695, 0.9218538887829966
0.36553419629310585, 0.06736575395070665, 0.928356939186112
0.34580924554422726, 0.08972447473338593, 0.9340050772506274
0.3257658433696765, 0.11200056936518792, 0.9387931016765714
0.3054224474887866, 0.1341735240681138, 0.9427166032319059
0.28479779188136106, 0.15622292004443572, 0.9457719688129328
0.263910869535779, 0.1781284522801202, 0.947956384771556
0.24278091495859094, 0.19986994824346, 0.9492678395063356
0.2214273864617035, 0.2214273864617056, 0.9497051253149464
0.19986994824345755, 0.24278091495859405, 0.9492678395063354
0.17812845228011936, 0.26391086953578113, 0.9479563847715553
0.15622292004443467, 0.2847977918813641, 0.9457719688129319
0.13417352406811375, 0.30542244748878944, 0.942716603231905
0.11200056936518756, 0.32576584336968034, 0.9387931016765702
0.08972447473338523, 0.345809245544232, 0.9340050772506258
0.06736575395070694, 0.36553419629311024, 0.92835693918611
0.044944996884546416, 0.38492253115493047, 0.9218538887829946
0.022482850530739614, 0.4039563956536829, 0.9145019146193722
1.1102230246251563e-16, 0.42261826174070016, 0.9063077870366496
-6.982150666839085e-17, 0.4226182617407003, 0.9063077870366496
-6.982150666839085e-17, 0.4226182617407003, 0.9063077870366496
-6.982150666839085e-17, 0.4226182617407003, 0.9063077870366496
-6.982150666839085e-17, 0.4226182617407003, 0.9063077870366496
-6.982150666839085e-17, 0.4226182617407003, 0.9063077870366496
-6.982150666839085e-17, 0.4226182617407003, 0.9063077870366496
-6.982150666839085e-17, 0.4226182617407003, 0.9063077870366496
-6.982150666839085e-17, 0.4226182617407003, 0.9063077870366496
-6.982150666839085e-17, 0.4226182617407003, 0.9063077870366496
-6.982150666839085e-17, 0.4226182617407003, 0.9063077870366496
-6.982150666839085e-17, 0.4226182617407003, 0.9063077870366496
-6.982150666839085e-17, 0.4226182617407003, 0.9063077870366496
-6.982150666839085e-17, 0.4226182617407003, 0.9063077870366496
-6.982150666839085e-17, 0.4226182617407003, 0.9063077870366496
-6.982150666839085e-17, 0.4226182617407003, 0.9063077870366496
-6.982150666839085e-17, 0.4226182617407003, 0.9063077870366496
-6.982150666839085e-17, 0.4226182617407003, 0.9063077870366496
-6.982150666839085e-17, 0.4226182617407003, 0.9063077870366496
-6.982150666839085e-17, 0.4226182617407003, 0.9063077870366496
-6.982150666839085e-17, 0.4226182617407003, 0.9063077870366496
-6.982150666839085e-17, 0.4226182617407003, 0.9063077870366496
8.88178419700125e-16, 0.4226182617407011, 0.9063077870366493
-0.02248285053073881, 0.4039563956536841, 0.9145019146193718
-0.04494499688454646, 0.38492253115493125, 0.9218538887829941
-0.06736575395070657, 0.36553419629311173, 0.9283569391861094
-0.08972447473338502, 0.3458092455442337, 0.9340050772506251
-0.11200056936518818, 0.3257658433696817, 0.9387931016765696
-0.13417352406811328, 0.30542244748879216, 0.9427166032319043
-0.15622292004443572, 0.28479779188136584, 0.9457719688129314
-0.17812845228012059, 0.263910869535783, 0.9479563847715546
-0.19986994824345963, 0.2427809149585954, 0.9492678395063345
-0.22142738646170504, 0.2214273864617078, 0.9497051253149454
-0.24278091495859275, 0.19986994824346238, 0.9492678395063348
-0.26391086953578097, 0.17812845228012275, 0.9479563847715549
-0.2847977918813637, 0.15622292004443783, 0.9457719688129316
-0.3054224474887895, 0.13417352406811608, 0.9427166032319048
-0.3257658433696796, 0.11200056936519036, 0.93879310167657
-0.3458092455442306, 0.08972447473338853, 0.934005077250626
-0.36553419629310985, 0.06736575395070872, 0.9283569391861102
-0.38492253115492936, 0.04494499688454864, 0.921853888782995
-0.40395639565368163, 0.02248285053074166, 0.9145019146193727
-0.4226182617406992, 1.3045120539345583e-15, 0.90630778703665
-0.4226182617407003, 0.0, 0.9063077870366496
-0.4226182617407003, 0.0, 0.9063077870366496
-0.4226182617407003, 0.0, 0.9063077870366496
-0.4226182617407003, 0.0, 0.9063077870366496
-0.4226182617407003, 0.0, 0.9063077870366496
-0.4226182617407003, 0.0, 0.9063077870366496
-0.4226182617407003, 0.0, 0.9063077870366496
-0.4226182617407003, 0.0, 0.9063077870366496
-0.4226182617407003, 0.0, 0.9063077870366496
-0.4226182617407003, 0.0, 0.9063077870366496
-0.4226182617407003, 0.0, 0.9063077870366496
-0.4226182617407003, 0.0, 0.9063077870366496
-0.4226182617407003, 0.0, 0.9063077870366496
-0.4226182617407003, 0.0, 0.9063077870366496
-0.4226182617407003, 0.0, 0.9063077870366496
-0.4226182617407003, 0.0, 0.9063077870366496
-0.4226182617407003, 0.0, 0.9063077870366496
-0.4226182617407003, 0.0, 0.9063077870366496
-0.4226182617407003, 0.0, 0.9063077870366496
-0.4226182617407003, 0.0, 0.9063077870366496
-0.4226182617407003, 0.0, 0.9063077870366496
-0.42261826174070116, 1.1102230246251565e-15, 0.9063077870366492
-0.4039563956536834, -0.022482850530739062, 0.914501914619372
-0.384922531154931, -0.04494499688454581, 0.9218538887829943
-0.3655341962931107, -0.06736575395070646, 0.92835693918611
-0.3458092455442324, -0.0897244747333847, 0.9340050772506256
-0.32576584336968073, -0.112000569365187, 0.9387931016765699
-0.3054224474887911, -0.1341735240681119, 0.9427166032319048
-0.28479779188136456, -0.1562229200444341, 0.9457719688129318
-0.26391086953578224, -0.1781284522801182, 0.9479563847715553
-0.2427809149585945, -0.19986994824345708, 0.9492678395063354
-0.22142738646170604, -0.22142738646170296, 0.9497051253149463
-0.1998699482434605, -0.24278091495859042, 0.9492678395063356
-0.1781284522801207, -0.26391086953577847, 0.947956384771556
-0.15622292004443625, -0.28479779188136056, 0.9457719688129328
-0.13417352406811361, -0.30542244748878666, 0.9427166032319059
-0.11200056936518907, -0.3257658433696754, 0.9387931016765716
-0.08972447473338575, -0.3458092455442274, 0.9340050772506273
-0.06736575395070715, -0.36553419629310535, 0.928356939186112
-0.0449449968845462, -0.38492253115492536, 0.9218538887829968
-0.02248285053073973, -0.4039563956536769, 0.9145019146193749
7.494005416219805e-16, -0.4226182617406943, 0.9063077870366523
6.982150666838977e-17, -0.42261826174069383, 0.9063077870366526
6.982150666838977e-17, -0.42261826174069383, 0.9063077870366526
6.982150666838977e-17, -0.42261826174069383, 0.9063077870366526
6.982150666838977e-17, -0.42261826174069383, 0.9063077870366526
6.982150666838977e-17, -0.42261826174069383, 0.9063077870366526
6.982150666838977e-17, -0.42261826174069383, 0.9063077870366526
6.982150666838977e-17, -0.42261826174069383, 0.9063077870366526
6.982150666838977e-17, -0.42261826174069383, 0.9063077870366526
6.982150666838977e-17, -0.42261826174069383, 0.9063077870366526
6.982150666838977e-17, -0.42261826174069383, 0.9063077870366526
6.982150666838977e-17, -0.42261826174069383, 0.9063077870366526
6.982150666838977e-17, -0.42261826174069383, 0.9063077870366526
6.982150666838977e-17, -0.42261826174069383, 0.9063077870366526
6.982150666838977e-17, -0.42261826174069383, 0.9063077870366526
6.982150666838977e-17, -0.42261826174069383, 0.9063077870366526
6.982150666838977e-17, -0.42261826174069383, 0.9063077870366526
6.982150666838977e-17, -0.42261826174069383, 0.9063077870366526
6.982150666838977e-17, -0.42261826174069383, 0.9063077870366526
6.982150666838977e-17, -0.42261826174069383, 0.9063077870366526
6.982150666838977e-17, -0.42261826174069383, 0.9063077870366526
6.982150666838977e-17, -0.42261826174069383, 0.9063077870366526
-4.163336342344337e-16, -0.42261826174069433, 0.9063077870366525
0.022482850530739174, -0.4039563956536772, 0.9145019146193748
0.04494499688454617, -0.38492253115492486, 0.921853888782997
0.06736575395070621, -0.36553419629310524, 0.9283569391861121
0.08972447473338467, -0.3458092455442271, 0.9340050772506276
0.1120005693651871, -0.32576584336967557, 0.9387931016765717
0.13417352406811217, -0.30542244748878605, 0.9427166032319063
0.15622292004443392, -0.28479779188136034, 0.9457719688129332
0.1781284522801182, -0.2639108695357781, 0.9479563847715565
0.1998699482434572, -0.2427809149585905, 0.9492678395063363
0.22142738646170199, -0.22142738646170346, 0.9497051253149473
0.24278091495859025, -0.1998699482434574, 0.9492678395063363
0.2639108695357778, -0.1781284522801184, 0.9479563847715565
0.28479779188136, -0.1562229200444341, 0.9457719688129331
0.30542244748878644, -0.13417352406811175, 0.9427166032319063
0.32576584336967535, -0.11200056936518732, 0.9387931016765718
0.3458092455442269, -0.08972447473338481, 0.9340050772506276
0.365534196293105, -0.06736575395070646, 0.9283569391861122
0.38492253115492464, -0.04494499688454631, 0.921853888782997
0.403956395653677, -0.02248285053073934, 0.9145019146193749
0.42261826174069406, 2.775557561562891e-16, 0.9063077870366525
0.4226182617406938, 0.0, 0.9063077870366526
0.4226182617406938, 0.0, 0.9063077870366526
0.4226182617406938, 0.0, 0.9063077870366526
0.4226182617406938, 0.0, 0.9063077870366526
0.4226182617406938, 0.0, 0.9063077870366526
0.4226182617406938, 0.0, 0.9063077870366526
0.4226182617406938, 0.0, 0.9063077870366526
0.4226182617406938, 0.0, 0.9063077870366526
0.4226182617406938, 0.0, 0.9063077870366526
0.4226182617406938, 0.0, 0.9063077870366526
0.4226182617406938, 0.0, 0.9063077870366526
0.4226182617406938, 0.0, 0.9063077870366526
0.4226182617406938, 0.0, 0.9063077870366526
0.4226182617406938, 0.0, 0.9063077870366526
0.4226182617406938, 0.0, 0.9063077870366526
0.4226182617406938, 0.0, 0.9063077870366526
0.4226182617406938, 0.0, 0.9063077870366526
0.4226182617406938, 0.0, 0.9063077870366526
0.4226182617406938, 0.0, 0.9063077870366526
0.4226182617406938, 0.0, 0.9063077870366526
0.4226182617406938, 0.0, 0.9063077870366526
0.42261826174069483, -1.27675647831893e-15, 0.9063077870366523
0.4039563956536779, 0.02248285053073856, 0.9145019146193745
0.3849225311549258, 0.044944996884545695, 0.9218538887829966
0.36553419629310524, 0.0673657539507073, 0.928356939186112
0.34580924554422726, 0.08972447473338593, 0.9340050772506274
0.3257658433696765, 0.11200056936518792, 0.9387931016765714
0.3054224474887866, 0.1341735240681138, 0.9427166032319059
0.28479779188136106, 0.15622292004443572, 0.9457719688129328
0.263910869535779, 0.1781284522801202, 0.947956384771556
0.24278091495859158, 0.19986994824345938, 0.9492678395063356
0.22142738646170285, 0.22142738646170623, 0.9497051253149464
0.19986994824345755, 0.24278091495859405, 0.9492678395063354
0.17812845228011873, 0.26391086953578174, 0.9479563847715553
0.15622292004443467, 0.2847977918813641, 0.9457719688129319
0.1341735240681131, 0.30542244748879005, 0.9427166032319049
0.11200056936518756, 0.32576584336968034, 0.9387931016765702
0.08972447473338523, 0.345809245544232, 0.9340050772506258
0.06736575395070628, 0.36553419629311085, 0.9283569391861098
0.044944996884546416, 0.38492253115493047, 0.9218538887829946
0.022482850530739614, 0.4039563956536829, 0.9145019146193722
1.1102230246251563e-16, 0.42261826174070016, 0.9063077870366496
-6.982150666839085e-17, 0.4226182617407003, 0.9063077870366496
-6.982150666839085e-17, 0.4226182617407003, 0.9063077870366496
-6.982150666839085e-17, 0.4226182617407003, 0.9063077870366496
-6.982150666839085e-17, 0.4226182617407003, 0.9063077870366496
-6.982150666839085e-17, 0.4226182617407003, 0.9063077870366496
-6.982150666839085e-17, 0.4226182617407003, 0.9063077870366496
-6.982150666839085e-17, 0.4226182617407003, 0.9063077870366496
-6.982150666839085e-17, 0.4226182617407003, 0.9063077870366496
-6.982150666839085e-17, 0.4226182617407003, 0.9063077870366496
-6.982150666839085e-17, 0.4226182617407003, 0.9063077870366496
-6.982150666839085e-17, 0.4226182617407003, 0.9063077870366496
-6.982150666839085e-17, 0.4226182617407003, 0.9063077870366496
-6.982150666839085e-17, 0.4226182617407003, 0.9063077870366496
-6.982150666839085e-17, 0.4226182617407003, 0.9063077870366496
-6.982150666839085e-17, 0.4226182617407003, 0.9063077870366496
-6.982150666839085e-17, 0.4226182617407003, 0.9063077870366496
-6.982150666839085e-17, 0.4226182617407003, 0.9063077870366496
-6.982150666839085e-17, 0.4226182617407003, 0.9063077870366496
-6.982150666839085e-17, 0.4226182617407003, 0.9063077870366496
-6.982150666839085e-17, 0.4226182617407003, 0.9063077870366496
-6.982150666839085e-17, 0.4226182617407003, 0.9063077870366496
8.88178419700125e-16, 0.4226182617407011, 0.9063077870366493
-0.02248285053073881, 0.4039563956536841, 0.9145019146193718
-0.04494499688454646, 0.38492253115493125, 0.9218538887829941
-0.06736575395070722, 0.36553419629311124, 0.9283569391861097
-0.0897244747333857, 0.34580924554423303, 0.9340050772506252
-0.11200056936518818, 0.3257658433696817, 0.9387931016765696
-0.13417352406811328, 0.30542244748879216, 0.9427166032319043
-0.1562229200444363, 0.2847977918813652, 0.9457719688129314
-0.17812845228012059, 0.263910869535783, 0.9479563847715546
-0.19986994824345963, 0.2427809149585954, 0.9492678395063345
-0.22142738646170568, 0.22142738646170715, 0.9497051253149456
-0.2427809149585939, 0.1998699482434611, 0.9492678395063345
-0.2639108695357815, 0.1781284522801221, 0.9479563847715549
-0.2847977918813637, 0.15622292004443783, 0.9457719688129316
-0.3054224474887901, 0.13417352406811545, 0.9427166032319045
-0.32576584336968023, 0.11200056936518966, 0.9387931016765698
-0.3458092455442317, 0.08972447473338724, 0.9340050772506256
-0.36553419629310985, 0.06736575395070872, 0.9283569391861102
-0.3849225311549299, 0.04494499688454794, 0.9218538887829948
-0.4039563956536827, 0.02248285053074033, 0.9145019146193722
-0.4226182617406998, 6.383782391594647e-16, 0.9063077870366497
-0.4226182617407003, 0.0, 0.9063077870366496
-0.4226182617407003, 0.0, 0.9063077870366496
-0.4226182617407003, 0.0, 0.9063077870366496
-0.4226182617407003, 0.0, 0.9063077870366496
-0.4226182617407003, 0.0, 0.9063077870366496
-0.4226182617407003, 0.0, 0.9063077870366496
-0.4226182617407003, 0.0, 0.9063077870366496
-0.4226182617407003, 0.0, 0.9063077870366496
-0.4226182617407003, 0.0, 0.9063077870366496
-0.4226182617407003, 0.0, 0.9063077870366496
-0.4226182617407003, 0.0, 0.9063077870366496
-0.4226182617407003, 0.0, 0.9063077870366496
-0.4226182617407003, 0.0, 0.9063077870366496
-0.4226182617407003, 0.0, 0.9063077870366496
-0.4226182617407003, 0.0, 0.9063077870366496
-0.4226182617407003, 0.0, 0.9063077870366496
-0.4226182617407003, 0.0, 0.9063077870366496
-0.4226182617407003, 0.0, 0.9063077870366496
-0.4226182617407003, 0.0, 0.9063077870366496
-0.4226182617407003, 0.0, 0.9063077870366496
-0.4226182617407003, 0.0, 0.9063077870366496
-0.42261826174070116, 1.1102230246251565e-15, 0.9063077870366492
-0.40395639565368396, -0.022482850530738396, 0.9145019146193718
-0.3849225311549316, -0.044944996884545174, 0.9218538887829941
-0.3655341962931113, -0.06736575395070574, 0.9283569391861097
-0.3458092455442324, -0.0897244747333847, 0.9340050772506256
-0.32576584336968073, -0.112000569365187, 0.9387931016765699
-0.3054224474887911, -0.1341735240681119, 0.9427166032319048
-0.28479779188136456, -0.1562229200444341, 0.9457719688129318
-0.26391086953578224, -0.1781284522801182, 0.9479563847715553
-0.2427809149585945, -0.19986994824345708, 0.9492678395063354
-0.22142738646170604, -0.22142738646170296, 0.9497051253149463
-0.1998699482434605, -0.24278091495859042, 0.9492678395063356
-0.17812845228012128, -0.26391086953577786, 0.947956384771556
-0.15622292004443686, -0.28479779188135995, 0.9457719688129328
-0.13417352406811434, -0.3054224474887861, 0.9427166032319061
-0.11200056936518907, -0.3257658433696754, 0.9387931016765716
-0.08972447473338575, -0.3458092455442274, 0.9340050772506273
-0.06736575395070715, -0.36553419629310535, 0.928356939186112
-0.04494499688454681, -0.3849225311549248, 0.921853888782997
-0.022482850530739062, -0.40395639565367736, 0.9145019146193747
7.494005416219805e-16, -0.4226182617406943, 0.9063077870366523
6.982150666838977e-17, -0.42261826174069383, 0.9063077870366526
6.982150666838977e-17, -0.42261826174069383, 0.9063077870366526
6.982150666838977e-17, -0.42261826174069383, 0.9063077870366526
6.982150666838977e-17, -0.42261826174069383, 0.9063077870366526
6.982150666838977e-17, -0.42261826174069383, 0.9063077870366526
6.982150666838977e-17, -0.42261826174069383, 0.9063077870366526
6.982150666838977e-17, -0.42261826174069383, 0.9063077870366526
6.982150666838977e-17, -0.42261826174069383, 0.9063077870366526
6.982150666838977e-17, -0.42261826174069383, 0.9063077870366526
6.982150666838977e-17, -0.42261826174069383, 0.9063077870366526
6.982150666838977e-17, -0.42261826174069383, 0.9063077870366526
6.982150666838977e-17, -0.42261826174069383, 0.9063077870366526
6.982150666838977e-17, -0.42261826174069383, 0.9063077870366526
6.982150666838977e-17, -0.42261826174069383, 0.9063077870366526
6.982150666838977e-17, -0.42261826174069383, 0.9063077870366526
6.982150666838977e-17, -0.42261826174069383, 0.9063077870366526
6.982150666838977e-17, -0.42261826174069383, 0.9063077870366526
6.982150666838977e-17, -0.42261826174069383, 0.9063077870366526
6.982150666838977e-17, -0.42261826174069383, 0.9063077870366526
6.982150666838977e-17, -0.42261826174069383, 0.9063077870366526
6.982150666838977e-17, -0.42261826174069383, 0.9063077870366526
-4.163336342344337e-16, -0.42261826174069433, 0.9063077870366525
0.022482850530737924, -0.4039563956536783, 0.9145019146193745
0.04494499688454548, -0.3849225311549255, 0.9218538887829968
0.0673657539507056, -0.3655341962931058, 0.928356939186112
0.08972447473338467, -0.3458092455442271, 0.9340050772506276
0.11200056936518583, -0.32576584336967673, 0.9387931016765716
0.13417352406811156, -0.30542244748878666, 0.9427166032319063
0.15622292004443392, -0.28479779188136034, 0.9457719688129332
0.17812845228011753, -0.2639108695357787, 0.9479563847715565
0.19986994824345655, -0.24278091495859114, 0.9492678395063363
0.22142738646170199, -0.22142738646170346, 0.9497051253149473
0.24278091495858903, -0.19986994824345866, 0.9492678395063363
0.26391086953577725, -0.17812845228011903, 0.9479563847715566
0.28479779188135945, -0.15622292004443475, 0.9457719688129332
0.30542244748878516, -0.13417352406811306, 0.9427166032319065
0.32576584336967473, -0.11200056936518801, 0.938793101676572
0.3458092455442269, -0.08972447473338481, 0.9340050772506276
0.36553419629310446, -0.06736575395070707, 0.9283569391861124
0.3849225311549235, -0.04494499688454767, 0.9218538887829975
0.403956395653677, -0.02248285053073934, 0.9145019146193749
0.42261826174069406, 2.775557561562891e-16, 0.9063077870366525
0.4226182617406938, 0.0, 0.9063077870366526
0.4226182617406938, 0.0, 0.9063077870366526
0.4226182617406938, 0.0, 0.9063077870366526
0.4226182617406938, 0.0, 0.9063077870366526
0.4226182617406938, 0.0, 0.9063077870366526
0.4226182617406938, 0.0, 0.9063077870366526
0.4226182617406938, 0.0, 0.9063077870366526
0.4226182617406938, 0.0, 0.9063077870366526
0.4226182617406938, 0.0, 0.9063077870366526
0.4226182617406938, 0.0, 0.9063077870366526
0.4226182617406938, 0.0, 0.9063077870366526
0.4226182617406938, 0.0, 0.9063077870366526
0.4226182617406938, 0.0, 0.9063077870366526
0.4226182617406938, 0.0, 0.9063077870366526
0.4226182617406938, 0.0, 0.9063077870366526
0.4226182617406938, 0.0, 0.9063077870366526
0.4226182617406938, 0.0, 0.9063077870366526
0.4226182617406938, 0.0, 0.9063077870366526
0.4226182617406938, 0.0, 0.9063077870366526
0.4226182617406938, 0.0, 0.9063077870366526
0.4226182617406938, 0.0, 0.9063077870366526
0.42261826174069483, -1.27675647831893e-15, 0.9063077870366523
0.4039563956536779, 0.02248285053073856, 0.9145019146193745
0.3849225311549258, 0.044944996884545695, 0.9218538887829966
0.36553419629310585, 0.06736575395070665, 0.928356939186112
0.3458092455442279, 0.08972447473338528, 0.9340050772506272
0.3257658433696765, 0.11200056936518792, 0.9387931016765714
0.3054224474887866, 0.1341735240681138, 0.9427166032319059
0.28479779188136106, 0.15622292004443572, 0.9457719688129328
0.263910869535779, 0.1781284522801202, 0.947956384771556
0.24278091495859158, 0.19986994824345938, 0.9492678395063356
0.2214273864617035, 0.2214273864617056, 0.9497051253149464
0.19986994824345755, 0.24278091495859405, 0.9492678395063354
0.17812845228011936, 0.26391086953578113, 0.9479563847715553
0.15622292004443467, 0.2847977918813641, 0.9457719688129319
0.1341735240681131, 0.30542244748879005, 0.9427166032319049
0.11200056936518756, 0.32576584336968034, 0.9387931016765702
0.08972447473338589, 0.3458092455442314, 0.9340050772506259
0.06736575395070694, 0.36553419629311024, 0.92835693918611
0.044944996884547, 0.38492253115492997, 0.9218538887829948
0.022482850530739614, 0.4039563956536829, 0.9145019146193722
1.1102230246251563e-16, 0.42261826174070016, 0.9063077870366496
-6.982150666839085e-17, 0.4226182617407003, 0.9063077870366496
-6.982150666839085e-17, 0.4226182617407003, 0.9063077870366496
-6.982150666839085e-17, 0.4226182617407003, 0.9063077870366496
-6.982150666839085e-17, 0.4226182617407003, 0.9063077870366496
-6.982150666839085e-17, 0.4226182617407003, 0.9063077870366496
-6.982150666839085e-17, 0.4226182617407003, 0.9063077870366496
-6.982150666839085e-17, 0.4226182617407003, 0.9063077870366496
-6.982150666839085e-17, 0.4226182617407003, 0.9063077870366496
-6.982150666839085e-17, 0.4226182617407003, 0.9063077870366496
-6.982150666839085e-17, 0.4226182617407003, 0.9063077870366496
-6.982150666839085e-17, 0.4226182617407003, 0.9063077870366496
-6.982150666839085e-17, 0.4226182617407003, 0.9063077870366496
-6.982150666839085e-17, 0.4226182617407003, 0.9063077870366496
-6.982150666839085e-17, 0.4226182617407003, 0.9063077870366496
-6.982150666839085e-17, 0.4226182617407003, 0.9063077870366496
-6.982150666839085e-17, 0.4226182617407003, 0.9063077870366496
-6.982150666839085e-17, 0.4226182617407003, 0.9063077870366496
-6.982150666839085e-17, 0.4226182617407003, 0.9063077870366496
-6.982150666839085e-17, 0.4226182617407003, 0.9063077870366496
-6.982150666839085e-17, 0.4226182617407003, 0.9063077870366496
-6.982150666839085e-17, 0.4226182617407003, 0.9063077870366496
8.88178419700125e-16, 0.4226182617407011, 0.9063077870366493
-0.02248285053073881, 0.4039563956536841, 0.9145019146193718
-0.04494499688454646, 0.38492253115493125, 0.9218538887829941
-0.06736575395070722, 0.36553419629311124, 0.9283569391861097
-0.0897244747333857, 0.34580924554423303, 0.9340050772506252
-0.11200056936518818, 0.3257658433696817, 0.9387931016765696
-0.13417352406811328, 0.30542244748879216, 0.9427166032319043
-0.1562229200444363, 0.2847977918813652, 0.9457719688129314
-0.17812845228012059, 0.263910869535783, 0.9479563847715546
-0.19986994824345963, 0.2427809149585954, 0.9492678395063345
-0.22142738646170568, 0.22142738646170715, 0.9497051253149456
-0.2427809149585939, 0.1998699482434611, 0.9492678395063345
-0.2639108695357815, 0.1781284522801221, 0.9479563847715549
-0.2847977918813637, 0.15622292004443783, 0.9457719688129316
-0.3054224474887895, 0.13417352406811608, 0.9427166032319048
-0.32576584336968023, 0.11200056936518966, 0.9387931016765698
-0.3458092455442317, 0.08972447473338724, 0.9340050772506256
-0.36553419629310985, 0.06736575395070872, 0.9283569391861102
-0.3849225311549299, 0.04494499688454794, 0.9218538887829948
-0.4039563956536827, 0.02248285053074033, 0.9145019146193722
-0.4226182617406998, 6.383782391594647e-16, 0.9063077870366497
-0.4226182617407003, 0.0, 0.9063077870366496
-0.4226182617407003, 0.0, 0.9063077870366496
-0.4226182617407003, 0.0, 0.9063077870366496
-0.4226182617407003, 0.0, 0.9063077870366496
-0.4226182617407003, 0.0, 0.9063077870366496
-0.4226182617407003, 0.0, 0.9063077870366496
-0.4226182617407003, 0.0, 0.9063077870366496
-0.4226182617407003, 0.0, 0.9063077870366496
-0.4226182617407003, 0.0, 0.9063077870366496
-0.4226182617407003, 0.0, 0.9063077870366496
-0.4226182617407003, 0.0, 0.9063077870366496
-0.4226182617407003, 0.0, 0.9063077870366496
-0.4226182617407003, 0.0, 0.9063077870366496
-0.4226182617407003, 0.0, 0.9063077870366496
-0.4226182617407003, 0.0, 0.9063077870366496
-0.4226182617407003, 0.0, 0.9063077870366496
-0.4226182617407003, 0.0, 0.9063077870366496
-0.4226182617407003, 0.0, 0.9063077870366496
-0.4226182617407003, 0.0, 0.9063077870366496
-0.4226182617407003, 0.0, 0.9063077870366496
-0.4226182617407003, 0.0, 0.9063077870366496
-0.42261826174070116, 1.1102230246251565e-15, 0.9063077870366492
-0.4039563956536834, -0.022482850530739062, 0.914501914619372
-0.3849225311549316, -0.044944996884545174, 0.9218538887829941
-0.3655341962931113, -0.06736575395070574, 0.9283569391861097
-0.3458092455442324, -0.0897244747333847, 0.9340050772506256
-0.32576584336968073, -0.112000569365187, 0.9387931016765699
-0.3054224474887911, -0.1341735240681119, 0.9427166032319048
-0.2847977918813652, -0.15622292004443347, 0.9457719688129318
-0.26391086953578285, -0.1781284522801176, 0.9479563847715553
-0.2427809149585945, -0.19986994824345708, 0.9492678395063354
-0.22142738646170604, -0.22142738646170296, 0.9497051253149463
-0.1998699482434611, -0.24278091495858978, 0.9492678395063356
-0.17812845228012128, -0.26391086953577786, 0.947956384771556
-0.15622292004443686, -0.28479779188135995, 0.9457719688129328
-0.13417352406811497, -0.3054224474887855, 0.9427166032319061
-0.11200056936518907, -0.3257658433696754, 0.9387931016765716
-0.08972447473338643, -0.3458092455442268, 0.9340050772506275
-0.06736575395070715, -0.36553419629310535, 0.928356939186112
-0.04494499688454681, -0.3849225311549248, 0.921853888782997
-0.02248285053073973, -0.4039563956536769, 0.9145019146193749
1.1102230246251565e-16, -0.42261826174069383, 0.9063077870366526
