1.0528398581330897e-06, -0.15761892434221078, 0.9875000125003016
-0.00406964970332414, -0.1572302991333442, 0.9873134845306665
-0.008127518991629216, -0.15680181715302832, 0.9871269653115666
-0.012167229737468501, -0.15623784479221353, 0.9869404943410038
-0.016190305687882357, -0.1555965650334241, 0.9867540481994097
-0.020195334668604837, -0.15489410197330933, 0.9865676017328383
-0.024171498424488937, -0.15402622640591265, 0.986381112653732
-0.028129569561224206, -0.1531198606769217, 0.9861946219147683
-0.03206253531467352, -0.15213495044428313, 0.9860080999828242
-0.03595671462168949, -0.15098690658531935, 0.9858214991253197
-0.03982973932148771, -0.14980137739640437, 0.9856348811345589
-0.04368052557855258, -0.14857855688383595, 0.9854482431699599
-0.04747108395619069, -0.14714531701610023, 0.9852615321741923
-0.05123514848177173, -0.14566490914585523, 0.9850748021775675
-0.054973976353212786, -0.14414876230943435, 0.9848880612497194
-0.05867634885488017, -0.14256239769050524, 0.9847013222678604
-0.06230224528939685, -0.14077034674509656, 0.9845146179881181
-0.065796243946437, -0.1389977936378592, 0.9843712355889457
-0.06918452801129946, -0.13723200664472054, 0.9842617659409088
-0.07253000773537448, -0.13544182908584254, 0.9841605885945911
-0.07575895478385601, -0.13343471215068756, 0.984065738579998
-0.07893057585202647, -0.13137265884406002, 0.9839721094304439
-0.08205959893235608, -0.12928771136260933, 0.983885910716793
-0.08514602402484486, -0.12717986970633546, 0.9838071424390453
-0.0881864965747653, -0.12504999733177097, 0.9837267590428628
-0.09107195326801656, -0.12266863128964857, 0.9836516443054532
-0.09390993036912772, -0.120255104913424, 0.9835830942450071
-0.09670365633951673, -0.117820980446169, 0.9835152038146
-0.09945293127836488, -0.11536632181365555, 0.9834474072362821
-0.10215973489661946, -0.11289049592917874, 0.9833853076727004
-0.10475449195443633, -0.11028286863853823, 0.9833270894004029
-0.10721935359002932, -0.10752146173115772, 0.9832627345455968
-0.10964245556082536, -0.10474061553665308, 0.9832032057871405
-0.11202379786682444, -0.10194033005502438, 0.9831485031250343
-0.11435974294830836, -0.09912229128334867, 0.9830872101548889
-0.11665258565353886, -0.09628543556693392, 0.983026529209531
-0.11882048707070095, -0.09332424391242283, 0.9829697952856382
-0.12083955337812341, -0.09021199719590048, 0.9829105127017449
-0.12281473089588604, -0.0870837414798231, 0.9828448562134303
-0.12474886809208985, -0.0839379186026697, 0.982782275868415
-0.12664180005688047, -0.08077463414509164, 0.9827221915979374
-0.12848873749738063, -0.07759695436812761, 0.9826477571122602
-0.1302653156013603, -0.07437278800062817, 0.9825755341015728
-0.131814043427467, -0.07094459170250392, 0.9825055929238394
-0.13331952147720944, -0.06750302721796611, 0.9824249853622178
-0.1347832629961891, -0.06404696710280633, 0.9823393743942805
-0.1362069574474077, -0.06057515262197526, 0.9822550824511509
-0.13758906546793206, -0.0570889136518741, 0.9821659564292198
-0.1389273523450331, -0.05359018079097172, 0.982063063789797
-0.14003595653960266, -0.049926267936927705, 0.9819606017907674
-0.14106657939391715, -0.04621700105003686, 0.9818585775532962
-0.14205366927078145, -0.042498296962276805, 0.9817361293482001
-0.14300152675534847, -0.0387658550884946, 0.9816117024447246
-0.1439105105740559, -0.03501931670225259, 0.981486835425526
-0.1447777344457772, -0.031262022741232666, 0.981348173976774
-0.14541930847867346, -0.02737861182812265, 0.981197931400322
-0.14598163613851098, -0.023456307571536397, 0.9810463557100793
-0.14650554366416513, -0.01952243509545136, 0.980888584359785
-0.14698788191070525, -0.015581221154219553, 0.9807087996823827
-0.14743259594460828, -0.01162737071465976, 0.9805268171355356
-0.14777373847000094, -0.007628689873300856, 0.9803426316371286
-0.14792754143040368, -0.003552546023401007, 0.9801340984900548
-0.14804427805451095, 0.0005339351604459197, 0.9799179359157878
-0.1481247772382113, 0.004632048357696469, 0.9796986979363511
-0.14816691564395318, 0.008737911904478118, 0.9794635067846333
-0.148091698360754, 0.012880379003450466, 0.9792094833643714
-0.14786655203710997, 0.01707721336257552, 0.9789515636437902
-0.14760605744160246, 0.021284018621339225, 0.9786870068811296
-0.14730661324606145, 0.025493024869306123, 0.9783914273765052
-0.14695653255162347, 0.029717063615790705, 0.9780910247149407
-0.14641644793275987, 0.03399631357007541, 0.9777858255362324
-0.14583964891607792, 0.03827821602141125, 0.9774534006294314
-0.14522784498708172, 0.04256717506458839, 0.9771068606097878
-0.1445345722919578, 0.04687613522540675, 0.9767546079909484
-0.14370468117625623, 0.051212506402242494, 0.9763851746197568
-0.14283962225290267, 0.05555100291423498, 0.9759887722937228
-0.14194004802917126, 0.05989907902765369, 0.9755858030810707
-0.14087861371671045, 0.06427564855152726, 0.9751761961387658
-0.13978214569400005, 0.06864903173208356, 0.9747266680005134
-0.1386415275774916, 0.0730322720505706, 0.9742693285174457
-0.13736646854534548, 0.07743391635116363, 0.9738045208795835
-0.13605869252477706, 0.0818359242269226, 0.9733106231939819
-0.1346642783541237, 0.08624372576498922, 0.9727954015964279
-0.1331921664874064, 0.09066204105422715, 0.9722719072494329
-0.13156226420342815, 0.09487483684846844, 0.9718258851625404
-0.12949763442675874, 0.09842808979730006, 0.9716396735390613
-0.12738936427674777, 0.101938063562724, 0.9714535350019774
-0.12514165260304685, 0.10539966842028042, 0.9712674778203325
-0.12284850796081513, 0.10881508117183022, 0.9710814286975686
-0.1204699873386671, 0.11218019607733964, 0.9708953296607427
-0.11798445009162538, 0.11549159342720333, 0.9707091282262814
-0.11545939600030157, 0.11875489656712096, 0.970522806819244
-0.11283610969347116, 0.12195969168472812, 0.9703362929257376
-0.11011144567362333, 0.1251047077259327, 0.9701496452171199
-0.10734998269300895, 0.12819829360806495, 0.9699628287688149
-0.10452645734000424, 0.13123341365490981, 0.9697758693414815
-0.10155687328141134, 0.1341924070916036, 0.9695887836040966
-0.09855369565623474, 0.13709546831402816, 0.9694016450823584
-0.09551749957359933, 0.13994342284524883, 0.9692144991681293
-0.09238554751008435, 0.14271640254103826, 0.9690273981402233
-0.08913480741447423, 0.14540614401937252, 0.9688403851318466
-0.08629822628467881, 0.14717423899654872, 0.9690150759272118
-0.08350500322559098, 0.148759405547208, 0.9692549148428979
-0.08066983155405774, 0.15029512311618812, 0.969503054597479
-0.07766450539388123, 0.15172374108444478, 0.9697377082328607
-0.07463805138748775, 0.15310093741968744, 0.9699570820320871
-0.07158870320627095, 0.15443553576708924, 0.9701838862672171
-0.0685169921569544, 0.15572547198396955, 0.970412554979041
-0.06539041353811903, 0.1569400146717078, 0.9706074524669261
-0.062102364719875666, 0.15804399369834898, 0.9708089048749174
-0.058793050521898704, 0.15910580825750087, 0.9710169227819327
-0.055466569661887906, 0.1601126413428404, 0.9711952303007403
-0.05212025678495505, 0.16107282772464385, 0.9713674172758814
-0.04875277665605881, 0.16199054278585368, 0.9715453012657587
-0.04524170984123727, 0.16278164632377706, 0.9717097195263608
-0.04166143907271551, 0.163487398022048, 0.9718486612762705
-0.038061729017069695, 0.16415139005552204, 0.9719924291225301
-0.034442710013947574, 0.16477334121478393, 0.9721401404953265
-0.030811737716779662, 0.16533738158583203, 0.9722419880045678
-0.027161455203991318, 0.16585938381870474, 0.9723477876273392
-0.02337339501485166, 0.1662458343871619, 0.9724575336198695
-0.019519668793565557, 0.16653879659669793, 0.9725368001483818
-0.015651412301658903, 0.16678516675882948, 0.9726007244730979
-0.011765588648676446, 0.16699049659940246, 0.9726677249411131
-0.0078649900908698, 0.16715042480253128, 0.9727224606674731
-0.0039540387279102945, 0.1672580443468661, 0.9727406362737446
3.366384166827996e-05, 0.16726505000457262, 0.9727610368710096
0.004132867309099494, 0.16713670364212466, 0.9727836779782821
0.008237762680461905, 0.16695480446515337, 0.9727570959241252
0.012357459818370664, 0.1667315796503376, 0.9727270481369678
0.016492911321950708, 0.16646830776776084, 0.972698319374618
0.020637311814275784, 0.16615711143500073, 0.972639422358041
0.024801739048579657, 0.1657864214690889, 0.9725550441570369
0.02909914472016291, 0.16522681644091722, 0.9724710985101326
0.033408393197586726, 0.1646260840402663, 0.9723770465686208
0.03772053879276862, 0.1639752785790536, 0.9722345201524986
0.04204678090041058, 0.16328559945198112, 0.9720915536206532
0.046387119520512506, 0.1625570466590487, 0.9719481469730848
0.05073573813068212, 0.16176853957418114, 0.9717550657640955
0.055187360640882546, 0.16079078336990837, 0.9715492442253332
0.05965185448090822, 0.15977557791429425, 0.971342103620607
0.06412187581508486, 0.15871745167978854, 0.9711061613147924
0.06859538719451541, 0.1576148866643189, 0.9708337926186805
0.0730815350722741, 0.156474697436212, 0.9705592260531237
0.07761933429413537, 0.15521329746441848, 0.970277657923129
0.0821841671487907, 0.15383978606769946, 0.9699350210346946
0.08676063201684943, 0.15243003723057397, 0.9695893087410904
0.0913487288983116, 0.1509840509530421, 0.9692405210423165
0.09593461820515536, 0.14949425674010208, 0.9688427438671603
0.10055928257850384, 0.14787765725975005, 0.9684222719876929
0.10521216331861287, 0.14618018472224176, 0.9679978702657517
0.10986870979698476, 0.14444444149111685, 0.9675470428858506
0.11452203189089945, 0.14266723401694498, 0.967048165343279
0.11919740878439955, 0.14081503186914707, 0.9665444692997758
0.12390534391785779, 0.13885140188523368, 0.9660359617194592
0.1286013830917805, 0.13684541040078746, 0.965456918894366
0.1333066958173575, 0.13480527453515556, 0.9648703606570533
0.13803417377016564, 0.13267349614279916, 0.9642780866629235
0.14276603079097416, 0.13046002340279456, 0.9636385754109588
0.14749771310011017, 0.12821064732903908, 0.9629655853970007
0.15224218492125455, 0.1259051439473519, 0.9622860164734746
0.15699946789574973, 0.12350047919648116, 0.9615833014481365
0.1617460465671263, 0.12105884562562783, 0.9608203930538153
0.16650405011847796, 0.11855775397057712, 0.9600500440796238
0.17127550112550816, 0.11597547386398285, 0.9592722465342283
0.17603171845208432, 0.1133573544903341, 0.9584252147703398
0.18079518254145777, 0.11065401641492445, 0.9575607264826446
0.18556770561869873, 0.1079057416427652, 0.9566879524055607
0.18949984249026702, 0.1046748644735193, 0.9561518947486394
0.19252034004982713, 0.1009321946613812, 0.955966038746986
0.1954656341587226, 0.09712800092497852, 0.9557803114490027
0.19833404448124073, 0.09322616368470306, 0.9555946615308957
0.20112786066559482, 0.0892800856833056, 0.955408997236628
0.20383921350339543, 0.08524347565663289, 0.955223218245195
0.20647173792067136, 0.08113969218326884, 0.9550372559063616
0.20902490809930332, 0.07699558201661257, 0.9548510325418404
0.21148950267895694, 0.07275497206352731, 0.9546644969288889
0.21386999548731542, 0.06845398562463954, 0.9544777179738053
0.21616865316361739, 0.06411706359795907, 0.9542906381287664
0.2183770873816236, 0.05970620615580697, 0.9541033203652265
0.22048991050474687, 0.0552126578234679, 0.9539158349501002
0.2225193398313416, 0.05068776754197276, 0.953728283128549
0.2244610972937856, 0.04613306645440697, 0.95354074377335
0.2262966249039682, 0.04148441536761979, 0.9533533047663754
0.22783106688193924, 0.03688550026956542, 0.9532514188623804
0.22765592025919482, 0.03308923171031236, 0.9538322740400642
0.22743796929566276, 0.029268572585319515, 0.9544214215194675
0.2271629712603903, 0.025385887371556205, 0.955018879599953
0.22679657445875742, 0.021416278625981146, 0.9555650175487134
0.22637934606107338, 0.017425423919832823, 0.9560973942967228
0.2259195196755483, 0.013411675038860829, 0.9566372014806355
0.2254057857972814, 0.009377943029889112, 0.9571539430288643
0.22480539320030424, 0.005276100134698626, 0.9576254024874473
0.22413320968498981, 0.0010922634947188176, 0.9581034228629002
0.22341881772720643, -0.0031128244623482085, 0.9585878842752864
0.22263238687256257, -0.007329624331721317, 0.9589943577891508
0.22180348469732503, -0.011567591453057961, 0.9594065283177514
0.22093211120149364, -0.01582672582635835, 0.9598243958610884
0.2199345260335773, -0.020204967677777942, 0.9601932433984479
0.21888116779453806, -0.024604102307414555, 0.9605354817530714
0.21778604989070177, -0.029022676224175314, 0.9608825462040447
0.21664172393799241, -0.033457237126309894, 0.9612110601551748
0.21543492383669438, -0.0379016362198255, 0.9614793882325433
0.2141860855972209, -0.042365345528961575, 0.9617516684234417
0.2128175753172738, -0.04694671543832731, 0.9620278959594568
0.2113789129940143, -0.05153890139054885, 0.9622273970636581
0.209896475800544, -0.05614715865824198, 0.9624209022013991
0.2083729982855151, -0.06077298308701093, 0.9626174834824393
0.20679470646882775, -0.06540755612689195, 0.9627686910697056
0.205163008117026, -0.07005177907580472, 0.9628794767679201
0.20343145981070437, -0.07477198904506031, 0.9629924871158464
0.20162199758103455, -0.07953918842755327, 0.9630925854447079
0.1997518535001923, -0.08430676822252225, 0.9631167818135251
0.19784166235158918, -0.08909010238316237, 0.96314229720715
0.195891424135225, -0.09388919090947384, 0.9631691316255826
0.19388232356091692, -0.09868777901848347, 0.9631220770542372
0.1917969013726612, -0.10352244668915161, 0.9630562130214844
0.18960839990683043, -0.10842229276861351, 0.962990785572138
0.18737166550756723, -0.11332687609296313, 0.9628847759789088
0.1850833234346856, -0.11823282192201436, 0.9627237099344284
0.18275610769594408, -0.1231528642635255, 0.9625622037742252
0.18038875522866915, -0.1280855410930109, 0.9623944135300266
0.17793390164756, -0.1330272677874132, 0.9621343673122265
0.17537861232783214, -0.13802107988104295, 0.9618729808589843
0.17278587375676288, -0.14302776330449815, 0.9616102753397785
0.17014205604466637, -0.1480290241409168, 0.961277789930538
0.16745458776718336, -0.15303483295853623, 0.9609128372157204
0.16472949527706307, -0.15805327827448376, 0.9605456866314579
0.1618938495963249, -0.16310783614975888, 0.9601438362138066
0.1589938527384627, -0.16816265268857475, 0.9596716496060171
0.15605761844019356, -0.17322910124079435, 0.959196387593058
0.15308514670151757, -0.17830718180641753, 0.9587180501749293
0.150060400096199, -0.18336757643833665, 0.9581393724396137
0.14693244035070474, -0.1884630690444971, 0.9575524375185516
0.1437626415994021, -0.19357199616555365, 0.9569615537952367
0.1405489513811573, -0.1986724621363324, 0.9563061844302676
0.13729398062842343, -0.20377010007615892, 0.955604008849736
0.1339666759413721, -0.20888902574198234, 0.9548970142596818
0.1305765015342595, -0.21401791967383, 0.9541621974999361
0.12714194112059213, -0.2191297019737042, 0.9533413188826001
0.12367347331823492, -0.2242513683816894, 0.9525147424276381
0.12012718344761383, -0.22939226020066045, 0.9516824545052994
0.1165280776371633, -0.23451318803553603, 0.9507547089563504
0.11289438441288747, -0.2396380561418226, 0.9498051312544948
0.10920421399341161, -0.24477576572691565, 0.9488489744484241
0.10545455657283032, -0.24990691583036728, 0.9478346902387907
0.10166779338432069, -0.25502682958379186, 0.9467587779960797
0.09782511950552694, -0.26015783803995046, 0.9456754264780474
0.09393463173793482, -0.26529416728744887, 0.9445719541539105
0.09000451951990479, -0.27040258248144017, 0.9433664701534082
0.08601037690926108, -0.2755209045253508, 0.9421527079634312
0.08198593923193284, -0.2806476353905732, 0.940930654156213
0.07695522524507686, -0.28386307713931763, 0.9404780717557679
0.07153274582645569, -0.28633610970045514, 0.9402925996191607
0.06604475616752536, -0.28870458282650063, 0.940107289803028
0.060491149793992685, -0.29096767280141067, 0.9399220446982437
0.054890842510490964, -0.2931215781752399, 0.9397367413918225
0.04921437002222017, -0.2951683945228762, 0.9395512560088022
0.043491731922867094, -0.29710468998717254, 0.9393654652164821
0.037728337877419686, -0.29893272683627553, 0.9391792618218815
0.031891687642688814, -0.30064530735872175, 0.9389926718771031
0.026014670878653084, -0.3022466702733674, 0.9388056901573626
0.020102791255829647, -0.30373673940190754, 0.9386182953191218
0.014129457219029449, -0.3051071540682837, 0.9384305843221894
0.008112913824127248, -0.30636057137471273, 0.9382426843867326
0.0020679971635650073, -0.3074975896585622, 0.9380547199299567
-0.0040036396460552855, -0.3085189412350142, 0.9378668063901987
-0.010140206173092095, -0.3094108584067823, 0.937679056661622
-0.015805485459450132, -0.3092195518659784, 0.9378926661863547
-0.020629190084688876, -0.30724128772905335, 0.9388228299277687
-0.025477285275667037, -0.3052202192513408, 0.9397612859709017
-0.030377477074704604, -0.30314586139969163, 0.9407080477871477
-0.03530996815239226, -0.3009774549016117, 0.9415476665278414
-0.04026522355837803, -0.2987658017710044, 0.9423930462246473
-0.045243373139186964, -0.29651155065255635, 0.9432458563573561
-0.05023739980718445, -0.2941874399487086, 0.9440325860483446
-0.055282047923331384, -0.2917879472802807, 0.9447806099267767
-0.06036167238509321, -0.2893396012230267, 0.9455351982696947
-0.06545914742022646, -0.28683841233545215, 0.9462661292127695
-0.07056760153404842, -0.2842628929237833, 0.9469125862800966
-0.07569722289983384, -0.2816449021915209, 0.9475647403621599
-0.0808567318488386, -0.27897901458644747, 0.9482225885266157
-0.0860571639175031, -0.276213131079315, 0.948777661016895
-0.09127516240827518, -0.27340066290299464, 0.9493231959762276
-0.09651260018617158, -0.27054643506187726, 0.9498735570319102
-0.10176000463576092, -0.2676300102700463, 0.9503646021935107
-0.1070178305256453, -0.2646523696964309, 0.9507994108390022
-0.11230222504659212, -0.2616269614786755, 0.9512381712461069
-0.1176330224728159, -0.2585301067935356, 0.951662293640255
-0.12296371335523208, -0.2553599025660591, 0.951982303447714
-0.12831197139872433, -0.2521486580170237, 0.9523053893984721
-0.13367779660329268, -0.24889637314642943, 0.9526315514925292
-0.13904300450714271, -0.24557464505176801, 0.9528608828047302
-0.14442049904202234, -0.24220362880386556, 0.9530642785948801
-0.14984218760811163, -0.2387645450162658, 0.953269884836175
-0.1552727725891315, -0.2352677789934652, 0.9534242834808593
-0.1607039894068582, -0.23171066857886066, 0.9535040430304536
-0.16615096059025625, -0.228113511096495, 0.9535851216048554
-0.17161243006712784, -0.22447485261352074, 0.953661707579491
-0.17706248795951607, -0.22076470184225477, 0.9536139205177805
-0.18254088971943258, -0.2169981048380251, 0.9535665722285285
-0.18804317620681152, -0.21318070693454486, 0.9535196629767386
-0.19353880636093623, -0.2093036825194903, 0.9533833043667166
-0.19903855242389484, -0.20537780383494966, 0.9532036986938772
-0.20455239499931355, -0.201413051484549, 0.9530236529053144
-0.2100699653734429, -0.19740046779662582, 0.9528017214337646
-0.21558654421353235, -0.1933156177854713, 0.9524860926687998
-0.22112254589063646, -0.18918279535028457, 0.95216914130108
-0.22667141889756595, -0.18501252366375642, 0.9518508708673962
-0.23219900988042036, -0.18077935675662923, 0.9514034702067781
-0.23773711613627302, -0.17650698521712993, 0.9509459334732565
-0.24328840119982775, -0.17219587857650626, 0.9504861987846814
-0.24883811037145032, -0.16781622375963282, 0.9499457205309001
-0.2543829105944792, -0.16338974144060198, 0.949343984203761
-0.25993934283091175, -0.15892702168116415, 0.9487391724714521
-0.26549883926036927, -0.15442337773477421, 0.9481028608234766
-0.27103759127428045, -0.14986322083489528, 0.9473533935338561
-0.27659173840031676, -0.1452560476311537, 0.94659997995672
-0.28215671190236064, -0.14061392266605838, 0.9458426142320305
-0.2876952756384061, -0.13591958710911564, 0.9449644315141289
-0.2932372294241846, -0.13118685307782046, 0.9440589578956364
-0.2987919144876191, -0.1264114647658943, 0.9431486595944177
-0.30433503668397005, -0.12159213342371734, 0.9421674974287771
-0.3098631726662783, -0.11672924107338134, 0.94110660059378
-0.3154012828546183, -0.11183201777231587, 0.9400400057896965
-0.32094525835583687, -0.10689399172537947, 0.9389531746780243
-0.3264539781350042, -0.10190884387802786, 0.9377335752554262
-0.3319720320384726, -0.09689083350328165, 0.9365074098656624
-0.3374998214437322, -0.09183725816656081, 0.9352746770053454
-0.3429981319457403, -0.08674088177556462, 0.9339307389177515
-0.34849138078125264, -0.08160898896940505, 0.9325418228266482
-0.35399363581420246, -0.07644362418178877, 0.9311454757120543
-0.359484279141808, -0.07124281400595786, 0.9296891386041273
-0.3649483618841227, -0.06600366535191307, 0.9281343879582605
-0.3704208917160595, -0.06073335983594997, 0.9265713460381753
-0.37590183036930797, -0.05543275925330693, 0.9250000125008481
-0.3759285712225193, -0.05542248385380837, 0.9249897608201236
-0.3757144801382238, -0.04980133197503313, 0.9249410784012825
-0.375341658745694, -0.04417814911772639, 0.9249043540735052
-0.37481179632441863, -0.03855535683552676, 0.9248794621566421
-0.37412790270443264, -0.032935397241244474, 0.9248662657973286
-0.3732911544039544, -0.027319369168047693, 0.9248621822400521
-0.37229942325759824, -0.021709613037730037, 0.9248678405786834
-0.3711566486950856, -0.016108672878547045, 0.9248835471125813
-0.3698641209916255, -0.010518637785398032, 0.9249091689067719
-0.3684219179523974, -0.004944620367562174, 0.9249414726513413
-0.3668322013506554, 0.0006201037408240795, 0.9249806910122238
-0.36509552831558884, 0.006168274593127165, 0.9250287081599348
-0.363210662977039, 0.011697719551742387, 0.925085669934962
-0.3611826735548258, 0.017208028602977918, 0.9251482713577187
-0.35901098599896236, 0.02269785478598143, 0.9252147896735596
-0.35669319857501514, 0.02816324216440893, 0.9252894793669463
-0.3542338875665767, 0.033602562194191256, 0.9253724583390806
-0.3496927135446154, 0.03801778928990564, 0.9262714135021981
-0.3438922620849744, 0.04181321550219502, 0.9276723530621523
-0.33808609952051566, 0.04560730302422633, 0.9290718269303828
-0.33226162810068155, 0.04939753002213722, 0.9304374110534659
-0.3263916489429152, 0.05317871315151159, 0.9316980437910788
-0.32051781888813485, 0.05696306199042621, 0.9329452842335171
-0.3146387593674537, 0.060746566821264614, 0.9341906875984766
-0.30871100094252757, 0.0645180386864592, 0.9353170385776597
-0.302771897309876, 0.06828709236230504, 0.9364250613860637
-0.29682988882128253, 0.07205994591223362, 0.9375180332445096
-0.29085961966167106, 0.07582545354216547, 0.9385394907992196
-0.28486139675080907, 0.07958317486878243, 0.9394930156735057
-0.27885874819187745, 0.08334063388407739, 0.9404451993003649
-0.2728477154736263, 0.08709932904273082, 0.9413651556125241
-0.2667949887677489, 0.0908449237331504, 0.942162580429934
-0.2607383342611072, 0.09459074365717059, 0.9429582937419267
-0.2546777519537013, 0.09833678881479141, 0.9437522955485025
-0.2485830266188415, 0.10207107836206109, 0.9444329381021622
-0.24247707584200343, 0.10580441309710141, 0.9450706638291152
-0.23636770960548806, 0.10953844863006894, 0.9457063074462955
-0.23023916172765516, 0.11326456058579336, 0.9462875632358276
-0.22408536241563892, 0.1169804689724698, 0.946781725107256
-0.2179320116765175, 0.1207015954681289, 0.9472575831149747
-0.21177455574153783, 0.1244231073016189, 0.947726710744536
-0.2055787529339726, 0.12812308183802495, 0.9480686632409374
-0.1993810737808095, 0.13182514324345407, 0.948405767952998
-0.19318626057986774, 0.13553403381572512, 0.9487176850997331
-0.18696636398030847, 0.13922760039191132, 0.9489417014257642
-0.180732880821362, 0.14291440869643487, 0.9491208412376866
-0.17449728373550533, 0.14660300641846782, 0.9492980382538276
-0.16825716251294062, 0.1502910258028319, 0.9494081306046578
-0.16199359566050384, 0.15396237426686304, 0.9494248700964174
-0.15572845366071428, 0.1576359646465394, 0.949439299976257
-0.14946173651357195, 0.16131179694186096, 0.9494514202441768
-0.14317298273872286, 0.1649672557171576, 0.9493212466961709
-0.13688332625950927, 0.16862481231900714, 0.9491718500807811
-0.13059264623648248, 0.17228504981492693, 0.9490197789889983
-0.1242859233178544, 0.17593058295512762, 0.9487955415284832
-0.11797242167027419, 0.17956861286353776, 0.9484960319404261
-0.11166287735816163, 0.18321217163551667, 0.948178817841323
-0.1053481383205179, 0.18685248091720036, 0.9478347829490106
-0.09901345981685473, 0.1904697504488836, 0.9473898667165742
-0.09268293272851924, 0.19409230959656207, 0.9469291004425281
-0.08635979006996664, 0.19772157863875942, 0.9464425051078755
-0.08001866398142723, 0.20132609396796178, 0.9458530721448399
-0.07367401494502626, 0.20492844188167303, 0.9452402486287179
-0.06733216818901794, 0.20853542482580079, 0.9446176273733031
-0.060992807061734336, 0.21213358868391, 0.9439056812958677
-0.054643673737949816, 0.21571651488663904, 0.9431264487753879
-0.048295388721913496, 0.21930361873026136, 0.9423443417939469
-0.0419463659715866, 0.22289147830930028, 0.9415486207734405
-0.03559798907297396, 0.2264537792309569, 0.9406024350471262
-0.02925104357213036, 0.23002065406759048, 0.939653022572391
-0.022905529469055982, 0.233592102819201, 0.9387003833492351
-0.016550586924999694, 0.2371401476180907, 0.9376612296474024
-0.010207072032048403, 0.24068494193619547, 0.9365522037579462
-0.0038687765209382136, 0.2442352800704811, 0.9354314907246302
0.0024720575549515844, 0.24777630286488014, 0.9342668140180604
0.008819042305843655, 0.25129671497217526, 0.9330262044925898
0.015151901425405331, 0.25482379049681664, 0.9317541442857222
0.02147502532401442, 0.25835701679803924, 0.930461148024565
0.027806011737248934, 0.26185480637976405, 0.9290543327299372
0.03413440752461862, 0.26535777000874905, 0.9276432053043208
0.040450810980686355, 0.2688668919729557, 0.9262080153331864
0.046757471789673544, 0.2723559515722348, 0.9246739752826995
0.05306406057765771, 0.275834850027115, 0.9230949341824991
0.059367341009320125, 0.2793197543602043, 0.9215125026679402
0.0654181709023812, 0.2821808534827477, 0.9204282080700278
0.07072694869617503, 0.28309385578746127, 0.9208713914439666
0.07598011038106342, 0.28394380933533453, 0.9213264392170624
0.0811758332421654, 0.2847325477677163, 0.9217932568126909
0.08631115589374107, 0.28545851737730693, 0.9222684369333851
0.09136346715588678, 0.2861242460959881, 0.922705004671219
0.09635279445873386, 0.28673122086599767, 0.9231518092923738
0.10127749067055203, 0.28728179700795753, 0.923608748335657
0.10613268853171147, 0.2877760730799454, 0.9240757344204547
0.11090292628370936, 0.28821269242165765, 0.9245036963502533
0.11560048940779126, 0.2885950278527797, 0.9249335417108704
0.12022671603894841, 0.2889233494733172, 0.9253723341412401
0.124780325091235, 0.28920224648630083, 0.9258201949989705
0.1292434377097987, 0.2894237036326934, 0.9262365874216827
0.13362326274956665, 0.28959508584698107, 0.9266427653490117
0.13792548466123078, 0.2897175700966621, 0.9270571072283855
0.1421485930089917, 0.28979148882646216, 0.9274796994698506
0.14525218445321547, 0.2878158573446929, 0.9287174126871409
0.14812672539962574, 0.2855657965197843, 0.9300566146294219
0.1509427756068062, 0.28337354297083034, 0.9313943508799796
0.15369656038153964, 0.2812202403233925, 0.9326820889576075
0.15638092586361402, 0.2791027924296726, 0.9338978476491924
0.15899114949237148, 0.27703808241344047, 0.935067705366485
0.16154138952744115, 0.27502696885727973, 0.9362238658315354
0.16402454293868335, 0.2730418562744033, 0.9372919178346621
0.16644619568949187, 0.27111385923754994, 0.9383505659295881
0.16878973158929483, 0.2692356781757026, 0.9393485226000766
0.17106582632035855, 0.26738977163190764, 0.940271064144796
0.1732801181340371, 0.26559377085294783, 0.9411680921635375
0.17543533819291507, 0.2638562163948419, 0.942063778934852
0.17750667218542224, 0.2621536962053856, 0.9428547026878742
0.1795095959588966, 0.2604889995314845, 0.9435800330436129
0.18145318769129493, 0.25888283681057656, 0.944303651893935
0.1833372045275472, 0.25733468407981974, 0.9450239147925208
0.18513279672625194, 0.25580502866073085, 0.9455942180568251
0.18686377200502552, 0.2543305314850699, 0.9461442371239093
0.1885351978214037, 0.2529146128680722, 0.9466921740812209
0.19013703421552497, 0.25153891880406043, 0.9471771378731608
0.19166308735557483, 0.25020311649029253, 0.9475851320867552
0.19312097978887527, 0.24891894865423642, 0.9479576856878086
0.19451439711578908, 0.2476859397545172, 0.9483016826700355
0.19583609125516088, 0.24649276877736148, 0.9485773014808536
0.19709135321745444, 0.24535155936416583, 0.948821887961696
0.19827540436540383, 0.24425753287766439, 0.9490149464711877
0.19938304494359593, 0.2431998243036059, 0.9491220259996072
0.20042944558354636, 0.2421987955288495, 0.9492193262785122
0.2014129682956484, 0.24125265581204014, 0.9492994943706268
0.2023121990797836, 0.24033599956799023, 0.9492621253512465
0.20314284361591525, 0.23946779270779608, 0.9491815726873443
0.20391373604935162, 0.23865826096057172, 0.9490987104115222
0.20462118815408842, 0.2379037161003131, 0.9489977196713998
0.2052362975895386, 0.23716765359120012, 0.9487383349678731
0.2057916261653016, 0.23649012481295065, 0.9484762757879532
0.20628717388137746, 0.23587112976556457, 0.94821154213164
0.2067053585855286, 0.2352954789905727, 0.9478738550529767
0.2070482888609529, 0.23475388556682858, 0.9474478205565545
0.2073287996183432, 0.23426580451095386, 0.9470026846149625
0.20753944015250977, 0.23382854515498444, 0.9465166989832886
0.20767780987699874, 0.23344031894107392, 0.94598088001259
0.2077487764079153, 0.23309269816818654, 0.9453875930760951
0.20775353645845712, 0.23279136662131292, 0.9447515934497857
0.20767670409546857, 0.23253414735935957, 0.9440352174282902
0.20754041397842132, 0.23233521171109714, 0.9433163234546504
0.20733993761603392, 0.23218080634510108, 0.9425552771321699
0.20705633181402885, 0.23205712890368496, 0.9416818553980455
0.20670614350578262, 0.23198749044702005, 0.9407815339952783
0.20629661445765718, 0.23197585234707524, 0.9398783381315505
0.2058167956360108, 0.23200960074250504, 0.9389217370154943
0.20525418463675166, 0.23206761313347335, 0.937839621807935
0.20463239357028667, 0.232183300934148, 0.9367542798519553
0.20395142243661596, 0.23235666414452877, 0.9356657111475544
0.2031852098898653, 0.23257542853793375, 0.9344917047940844
0.2023529193025829, 0.232816579595319, 0.9332240019812332
0.20146165294223548, 0.233115039776012, 0.9319527250264434
0.20049497446174488, 0.23346555294258134, 0.9306313542465614
0.19945884634280184, 0.2338700258218107, 0.9292767652136193
0.19835991867327576, 0.23429652998360473, 0.9278347483477745
0.19719504585615882, 0.23477320714077665, 0.9263589079923578
0.19595036430281612, 0.23530136001504964, 0.9248223072813492
0.1946472756266544, 0.23588649734436465, 0.9232826556494473
0.19328411574501886, 0.2364987200360611, 0.9216722656487546
0.19183702696565783, 0.23714893661559872, 0.9199633677014716
0.19032811455776039, 0.23785492927780735, 0.918241500750228
0.18876110010051705, 0.2386174430131821, 0.9165162433846261
0.18629432741050087, 0.2367835030032779, 0.9161118410656658
0.1828836428729227, 0.23229883118290073, 0.9170468527116458
0.17937545233013055, 0.2278205472079071, 0.9179936500630255
0.17577187629821098, 0.22334997776229754, 0.9189521656900068
0.17207577458183873, 0.2188740914814926, 0.9198900629258804
0.16828690698315463, 0.2143764032104896, 0.9207677554958973
0.16440711325426724, 0.20988932749705033, 0.9216557524501914
0.16043573167521236, 0.20541385321508737, 0.9225539800932356
0.15637515644009325, 0.20094767224608512, 0.9234491173980346
0.15223006734154615, 0.1964537992179096, 0.9242606534943796
0.14799724328779246, 0.1919741148491061, 0.9250811996554353
0.14367863475850307, 0.18750953852120958, 0.9259108307916599
0.1392734159890337, 0.1830611098661924, 0.9267496169780959
0.134792415657605, 0.1785888786836605, 0.9274942232904005
0.13022705751370092, 0.1741315225703732, 0.9282400550767038
0.12557908929929418, 0.1696925416720179, 0.9289940304105133
0.1206825390663196, 0.16536173722891828, 0.9298262786716678
0.11440389952382644, 0.16168816588285143, 0.9311334129044413
0.10812225829273492, 0.15800549080114382, 0.9324108772290518
0.10183490595682569, 0.15432415440969444, 0.9336868758619384
0.09552372244436065, 0.1506477840077013, 0.9349147714156258
0.0892084624656515, 0.146951254687144, 0.9360597723735462
0.08289402034322503, 0.1432379800800521, 0.9371522473656952
0.07656582221717159, 0.1395277441969667, 0.9382198934777028
0.07021804273527105, 0.13582204647338308, 0.9392470026516215
0.06387172933210984, 0.13210259921107534, 0.940228350251229
0.05753122098117286, 0.1283594629661922, 0.9411331351926113
0.05116453259962822, 0.12462354581103205, 0.941975007603237
0.04479341857001404, 0.12088789096719375, 0.9428155387664359
0.03842166697300381, 0.11714559268095712, 0.9436317956803435
0.03204931695599729, 0.11337834308498815, 0.9443087624243582
0.025665642438783345, 0.10961373934495663, 0.9449619983184278
0.01927804012080503, 0.10584891037132427, 0.9456135227070801
0.012881544412678567, 0.10208615769859167, 0.9462477511928534
0.006491225708685752, 0.09829444856199729, 0.9467121457098427
9.749154501563495e-05, 0.09450203862747575, 0.9471744581170594
-0.006299658078331702, 0.09070892789502698, 0.9476346884145032
-0.01271564455610652, 0.08692355213540442, 0.9480416747456484
-0.01911457779780376, 0.08311161622767184, 0.9483373288122856
-0.025511356785564696, 0.079292390329678, 0.9486065780066746
-0.03191943483339543, 0.07547738483965231, 0.948843792477579
-0.03833764480853048, 0.07166585252124523, 0.9490530776028147
-0.0447394160480311, 0.06783391825258292, 0.9491789613068049
-0.05113451883386867, 0.0639907467581416, 0.9492442725161909
-0.05754401815578984, 0.060154937008807155, 0.9492616760578604
-0.06395563140462107, 0.056317337841963425, 0.9492771368037487
-0.0703544370507696, 0.0524656650739547, 0.9492323119135171
-0.07674644425512056, 0.048605292766069064, 0.9490676596533337
-0.08314274926631281, 0.04474503068479406, 0.9488898148337699
-0.0895406294248578, 0.04088252668787387, 0.9487096604022862
-0.0959357759768336, 0.03701654105575823, 0.9484712650975555
-0.1023106747026358, 0.033135768028282955, 0.9480992178294987
-0.10868659697225112, 0.02925231410673758, 0.9477244960850484
-0.11506419432027143, 0.025366933457598856, 0.9473440853285351
-0.12145030376306301, 0.0214891198139726, 0.9469057353005061
-0.12779813742931037, 0.017586952276425566, 0.9463357142191722
-0.13414643063810403, 0.013681678708633974, 0.9457626564350909
-0.14050184689106812, 0.009782242803285934, 0.9451530922120501
-0.1468605339982967, 0.005883474185308157, 0.9445263705030883
-0.15317968196608323, 0.001963869956952552, 0.9437745710407123
-0.15949582531994697, -0.001957403857282644, 0.9429866426578093
-0.16581751699059105, -0.0058733467664168065, 0.9421641961787953
-0.17213893250294093, -0.009793056207568887, 0.9413392317476371
-0.17842610954878516, -0.01372820865920961, 0.940413876670451
-0.1847043322131602, -0.017659543046729925, 0.9393972938164259
-0.1909820285832736, -0.021594466403730653, 0.9383758835313705
-0.19725887664563868, -0.02553356740162438, 0.9373515987853542
-0.20351200694239993, -0.029475559373847562, 0.9362266372657679
-0.20973982169772126, -0.03342324322925991, 0.9350085925769627
-0.21596620505527353, -0.03737550099964909, 0.9337873211397365
-0.22219237932023134, -0.04132918369788524, 0.9325534486874907
-0.2284034196359374, -0.04527987314501758, 0.9312384736492327
-0.23457317190380236, -0.04924275364654769, 0.9298202069149061
-0.24074089922885233, -0.05321058924835821, 0.9283983660386408
-0.24691049893232234, -0.05717119272640216, 0.9269384576017667
-0.253070973020748, -0.06113585053071533, 0.9254515073751138
-0.2591753125152343, -0.06511207687623934, 0.9238324988839521
-0.2652788311793244, -0.06908660156013435, 0.9221906379178753
-0.2713815682910869, -0.07305927198591723, 0.920525513000579
-0.2774815943863423, -0.07703758418024409, 0.9188573371623897
-0.2835176011177667, -0.08102324068410889, 0.9170420832479331
-0.289548802765619, -0.08500215769044124, 0.915180780860003
-0.2955766960571495, -0.08898708057498253, 0.9133160880577138
-0.3016012809923581, -0.09297800933773276, 0.9114480048410663
-0.3029076124934832, -0.09634300609967356, 0.9120406698515228
-0.302592681932222, -0.09949048117100859, 0.91346746676487
-0.302214287077162, -0.10263591505179534, 0.9149059845295617
-0.30177177808035777, -0.10578048819676064, 0.9163561900206162
-0.3012264311787925, -0.10892206613410933, 0.9177315989005264
-0.30058559611205127, -0.11206407583441114, 0.9190504507258479
-0.29987838737201505, -0.11520769738989423, 0.9203796828160515
-0.29910422955581145, -0.11835492027687249, 0.921719268015443
-0.29823696601465033, -0.12150377859305135, 0.9230102231789838
-0.29726141326952654, -0.12465327961031686, 0.9242123788368426
-0.29621699018718745, -0.127809543134763, 0.9254236947646851
-0.29510325904986456, -0.13097328778931824, 0.9266442059018409
-0.29390793367627227, -0.13414346806544808, 0.9278437827883979
-0.2925907296648624, -0.13731352791127324, 0.9289211805527203
-0.2912026055043055, -0.14049448105293985, 0.9300066569381219
-0.28974319834110995, -0.14368711063596537, 0.931100237895179
-0.28808806643263124, -0.1466515992872342, 0.9323022217562673
-0.2860932868618235, -0.14921396499498618, 0.9335194141549296
-0.284040016551786, -0.1518341379786927, 0.9347351408618684
-0.28192825550251877, -0.1545121182383538, 0.9359494018770834
-0.27975592406220906, -0.1572375169314802, 0.9371354584282563
-0.27747770323737436, -0.16000459583673893, 0.9381838179648727
-0.27512972451715006, -0.16282591985480138, 0.9391989102318774
-0.27272136333251434, -0.16569929070811787, 0.9401961266844673
-0.27025327124120246, -0.16862723971818272, 0.9411822930291771
-0.2676916992146908, -0.1715982556277886, 0.9420603482700334
-0.26504950570585045, -0.1746161053503118, 0.9428659456200087
-0.26234610717849133, -0.17768573051353348, 0.9436513211750909
-0.25958363689633146, -0.1808138019976092, 0.9444353554827463
-0.25673911073489136, -0.1839877120957961, 0.9451417216146045
-0.25380303511755503, -0.18719686363666052, 0.9457273348224352
-0.25080726754913946, -0.19046362190547503, 0.9463084762548346
-0.24775216793964788, -0.1937889141272826, 0.946887906181817
-0.24462373061990594, -0.1971608232762143, 0.9474100332044635
-0.2413972461283854, -0.20056296020024433, 0.9477867210615849
-0.23811121217446918, -0.204023675682938, 0.9481613268089334
-0.23476512857158538, -0.20754205533546125, 0.9485308168797617
-0.23135380535193045, -0.21111150406283072, 0.9488699181253648
-0.2278397269847546, -0.21470410731475043, 0.9490383152841303
-0.2242659248504589, -0.21835529077439284, 0.9492042600718548
-0.22062972110021756, -0.22206087182255302, 0.949353040167368
-0.21693317905165937, -0.22582407322216547, 0.9494959916070208
-0.2131396796906359, -0.22960871105035113, 0.9494769879885239
-0.20927956012446663, -0.23344462906415564, 0.9494250875919907
-0.20535765185829474, -0.23733649033410126, 0.9493606516006432
-0.20137606381622755, -0.24128712543939126, 0.9492942728135145
-0.1973077591658072, -0.24526370180608903, 0.9490975608742651
-0.1931640733766919, -0.24928016610634068, 0.9488247335109595
-0.18896063548488112, -0.25335530551956215, 0.9485495965357341
-0.18469744549037498, -0.25748912004575336, 0.9482721499485889
-0.1803545562733673, -0.26165315936895883, 0.9478886051135978
-0.1759331602744615, -0.2658485314609462, 0.9474038952810107
-0.17145198341586848, -0.27010243728379707, 0.9469165109720303
-0.1669100058241047, -0.27441399575505265, 0.946422375573483
-0.16229630412103324, -0.2787643643272813, 0.9458576558519913
-0.157601332231128, -0.28313388008685275, 0.9451597129281685
-0.1528465944025439, -0.28756174574735643, 0.9444587333015984
-0.1480292168902929, -0.2920458202240002, 0.943743962635112
-0.1431487092468677, -0.2965805117600405, 0.9430023575996016
-0.13818467990011318, -0.30111911778235695, 0.9420900343361981
-0.13315929718963482, -0.305714793787415, 0.941168525332635
-0.12807318025214595, -0.31036793616667224, 0.940240008396103
-0.12292760556059874, -0.31507936215962007, 0.9393089735074266
-0.1177003166664311, -0.31978562114259035, 0.9381916212570716
-0.11241004267227003, -0.32454447940874265, 0.9370519965506894
-0.10706042793822981, -0.329361338031615, 0.9359094973833462
-0.10165147246431044, -0.3342361970112073, 0.9347641237550421
-0.09616721669766715, -0.3391138787357131, 0.933463321523877
-0.09061871563327363, -0.34403101127566776, 0.9321093473538261
-0.08501103450167401, -0.3490058192253289, 0.9307521464353543
-0.079343277703982, -0.35403795495064505, 0.9293890526468229
-0.07360751416358634, -0.3590838613409653, 0.9279096492143233
-0.0678065449644958, -0.3641532727909072, 0.926340818558522
-0.061946441956644366, -0.36927994282632515, 0.9247679664734086
-0.05602615617602432, -0.3744635360016997, 0.9231881240831716
-0.05004358348558582, -0.3796735508700169, 0.921531368487139
-0.043996271323396584, -0.3848889829499725, 0.919747395893755
-0.03788952353121629, -0.39016113474901887, 0.9179575990106502
-0.03172407144588329, -0.3954901945119822, 0.9161639498870674
-0.025499296254318647, -0.40085978097000297, 0.9143299917296409
-0.01921194262416872, -0.4062146830823406, 0.9123303429966532
-0.012866063798791367, -0.41162602156195915, 0.9103262147576783
-0.006462082924068239, -0.41709388111474366, 0.9083186961043445
7.494005416219807e-16, -0.4226182617406943, 0.9063077870366523
6.982150666838977e-17, -0.42261826174069383, 0.9063077870366526
0.010770227799154595, -0.4136784456511066, 0.9102331176152013
0.021540455598311456, -0.4047386295615175, 0.9141584481937514
0.03230163306862947, -0.3956362033877567, 0.9177156518286225
0.04306194269919583, -0.3865181844661986, 0.9212375556195793
0.05380589488674005, -0.377260075461033, 0.9244239566069823
0.06454637731364322, -0.36797225037752657, 0.9275391903330256
0.07526494273021454, -0.3585655011183526, 0.9303523891610006
0.08597570717700674, -0.3491164229152971, 0.9330580840422057
0.09666074372053218, -0.33956818618448703, 0.9354959591078077
0.10733192677768318, -0.3299665564002706, 0.9377896235034696
0.11797531763843011, -0.3202840899885978, 0.939850332634596
0.1285970923464183, -0.310538750644459, 0.9417298543377502
0.13919075189505964, -0.3007294120811083, 0.943411836118607
0.14975333679389652, -0.29084933753862885, 0.9448754843011349
0.16028921644746535, -0.2809205787513418, 0.9461774592004619
0.17078288458432025, -0.2709148674480688, 0.9472238860069884
0.18125297864610757, -0.26087422935702004, 0.9481448573082913
0.19166806653273716, -0.2507520954278283, 0.9487730990974075
0.2020644180022015, -0.24060720247687062, 0.9493123536305661
0.21239133451393594, -0.23037796726878063, 0.949521831862236
0.22270604086271487, -0.22013652189773503, 0.9496789405359887
0.2329352760708049, -0.20980960538600052, 0.9494694623043186
0.24316049498093617, -0.19947938244770752, 0.9492442804392444
0.253282628910128, -0.1890642945610779, 0.9486160386501282
0.26340476283931974, -0.1786492066744483, 0.9479877968610122
0.2734162952738887, -0.16815946755010466, 0.9469622793053565
0.28342200657716177, -0.1576657994132498, 0.9459158524988303
0.2933193561742504, -0.14711269056918544, 0.9445095722555027
0.3031994307167299, -0.13655010567034853, 0.9430459240729747
0.31297508548049535, -0.12594164866941937, 0.9412599739119614
0.32272042482463414, -0.11531987396143119, 0.9393804522088071
0.33236696384632636, -0.10466413101339357, 0.9372162074045538
0.3419685936305427, -0.09399294795624255, 0.9349225430088919
0.35147869246606256, -0.08329801606530676, 0.9323816603219038
0.3609277706691181, -0.07258725161851463, 0.929675965440699
0.37029420664840473, -0.0618612567069155, 0.9267603819015142
0.3795820317319113, -0.05112077428001233, 0.9236451481754709
0.38879768919658964, -0.04037186529155232, 0.9203570796718393
0.3979157081181478, -0.029611555660986003, 0.9168351758808826
0.40697358358391633, -0.018847898648520375, 0.9131771155491132
0.4159133996735054, -0.008077670849363436, 0.9092517849705632
0.42038330771829613, 0.00269255694978966, 0.9072891196812901
0.4114434916287071, 0.013462784748946596, 0.9112144502598398
0.40247471757892295, 0.02423140084570763, 0.9150742239854055
0.393356698657365, 0.03499171047627406, 0.9185961277763623
0.38422594427366086, 0.04575053306656574, 0.9220875313124506
0.37493811919015435, 0.056491015493469056, 0.9252027650384937
0.36565029410664796, 0.06723149792037231, 0.9283179987645369
0.3562032315675868, 0.07794263384191599, 0.9310288128813025
0.3467541533645314, 0.08865339828870833, 0.9337345077625074
0.3371677787384311, 0.09932853948482354, 0.9360693752067234
0.32756614895421476, 0.10999972254197463, 0.9383630396023853
0.3178477551525615, 0.12063076131543099, 0.9403202130603847
0.30810241580842274, 0.13125253602341924, 0.9421997347635389
0.29825939344548696, 0.14183139811977283, 0.9437777481642389
0.2883793189030075, 0.15239398301860982, 0.9452413963467666
0.2784191509255222, 0.1629126334816832, 0.9464390659020933
0.2684134396222492, 0.17340630161853823, 0.9474854927086195
0.25834369587472095, 0.18385675061776924, 0.9483019177555699
0.24822156194552925, 0.19427183850439894, 0.948930159544686
0.23804989367484702, 0.20464614713013957, 0.949364723188483
0.22782065846675703, 0.21497306364187418, 0.9495742014201528
0.2175547927698005, 0.22526334966474193, 0.9496265709780701
0.20722787625806605, 0.23549258487283212, 0.9494170927464003
0.1968756104760492, 0.24569102846323898, 0.9490872199919643
0.18646052258941978, 0.2558131623924308, 0.9484589782028481
0.17602971865274514, 0.2659120117964389, 0.9477470994102498
0.1655360505158903, 0.2759177230997121, 0.9467006726037237
0.15503462924331252, 0.28590930026739586, 0.945607308392397
0.14447204434447572, 0.29578937480987544, 0.9441436602098692
0.1339079797004101, 0.30566608097239656, 0.9426696151893255
0.1232862049924219, 0.31541142031653546, 0.940790093486171
0.1126644302844338, 0.32515675966067437, 0.9389105717830166
0.10199633524910555, 0.334767371292386, 0.9366427913056363
0.09132515219195463, 0.34436900107660245, 0.9343491269099743
0.08062032495360866, 0.353840962016832, 0.9317052366016003
0.06990956050681649, 0.36329004021988776, 0.9289995417203953
0.05917613610018978, 0.3726161629192871, 0.925981573470001
0.04843565367328656, 0.38190398800279374, 0.9228663397439576
0.03768178788391088, 0.39107719392698503, 0.9194766037240976
0.02692147825334454, 0.40019521284854326, 0.9159546999331407
0.016155341698731267, 0.4092085376063197, 0.9121957829044729
0.0053851138995745845, 0.41814835369590875, 0.9082704523259231
-0.005385113899579726, 0.41814835369590475, 0.9082704523259248
-0.016155341698736572, 0.4092085376063156, 0.9121957829044747
-0.02692147825334984, 0.40019521284853926, 0.9159546999331423
-0.037681787883916185, 0.39107719392698126, 0.9194766037240991
-0.04843565367329207, 0.38190398800278985, 0.9228663397439589
-0.05917613610019515, 0.3726161629192835, 0.9259815734700023
-0.06990956050682204, 0.3632900402198841, 0.9289995417203963
-0.08062032495361421, 0.3538409620168286, 0.9317052366016014
-0.09132515219196023, 0.3443690010765989, 0.934349126909975
-0.10199633524911123, 0.3347673712923826, 0.9366427913056369
-0.11266443028443963, 0.32515675966067104, 0.9389105717830171
-0.12328620499242773, 0.31541142031653224, 0.9407900934861715
-0.133907979700416, 0.3056660809723934, 0.9426696151893259
-0.14447204434448174, 0.29578937480987233, 0.9441436602098694
-0.15503462924331854, 0.2859093002673929, 0.9456073083923973
-0.16553605051589643, 0.275917723099709, 0.9467006726037235
-0.17602971865275127, 0.26591201179643603, 0.9477470994102495
-0.18646052258942591, 0.25581316239242796, 0.9484589782028476
-0.1968756104760555, 0.24569102846323626, 0.9490872199919638
-0.20722787625807232, 0.23549258487282942, 0.9494170927463994
-0.21755479276980672, 0.22526334966473946, 0.9496265709780694
-0.22782065846676341, 0.21497306364187158, 0.9495742014201518
-0.2380498936748534, 0.20464614713013718, 0.9493647231884819
-0.24822156194553566, 0.19427183850439653, 0.9489301595446846
-0.2583436958747274, 0.183856750617767, 0.9483019177555687
-0.26841343962225556, 0.17340630161853615, 0.9474854927086179
-0.27841915092552866, 0.16291263348168122, 0.9464390659020918
-0.2883793189030141, 0.1523939830186078, 0.945241396346765
-0.2982593934454937, 0.1418313981197709, 0.9437777481642371
-0.3081024158084295, 0.1312525360234173, 0.9421997347635369
-0.31784775515256813, 0.1206307613154293, 0.9403202130603826
-0.3275661489542216, 0.10999972254197302, 0.938363039602383
-0.337167778738438, 0.09932853948482195, 0.9360693752067211
-0.3467541533645383, 0.08865339828870682, 0.9337345077625048
-0.3562032315675937, 0.07794263384191474, 0.9310288128812998
-0.36565029410665484, 0.06723149792037106, 0.9283179987645342
-0.37493811919016135, 0.05649101549346787, 0.9252027650384909
-0.3842259442736678, 0.04575053306656468, 0.9220875313124477
-0.39335669865737183, 0.034991710476273245, 0.9185961277763595
-0.40247471757892994, 0.02423140084570683, 0.9150742239854025
-0.4114434916287141, 0.013462784748945859, 0.9112144502598365
-0.42038330771830323, 0.0026925569497889255, 0.9072891196812868
-0.4159133996735102, -0.008077670849365332, 0.9092517849705611
-0.40697358358392105, -0.018847898648522175, 0.913177115549111
-0.39791570811815236, -0.029611555660987797, 0.9168351758808805
-0.3887976891965942, -0.04037186529155411, 0.9203570796718373
-0.3795820317319156, -0.05112077428001412, 0.923645148175469
-0.3702942066484093, -0.061861256706916924, 0.9267603819015122
-0.3609277706691225, -0.07258725161851598, 0.929675965440697
-0.3514786924660669, -0.08329801606530818, 0.9323816603219022
-0.3419685936305469, -0.09399294795624388, 0.9349225430088902
-0.3323669638463306, -0.10466413101339461, 0.9372162074045521
-0.3227204248246383, -0.11531987396143224, 0.9393804522088055
-0.31297508548049946, -0.12594164866942034, 0.9412599739119599
-0.30319943071673394, -0.13655010567034934, 0.9430459240729734
-0.2933193561742546, -0.14711269056918597, 0.9445095722555014
-0.28342200657716576, -0.15766579941325037, 0.9459158524988291
-0.27341629527389266, -0.16815946755010522, 0.9469622793053554
-0.2634047628393236, -0.1786492066744487, 0.9479877968610111
-0.25328262891013176, -0.1890642945610782, 0.9486160386501273
-0.2431604949809396, -0.19947938244770802, 0.9492442804392436
-0.23293527607080836, -0.2098096053860008, 0.9494694623043177
-0.2227060408627182, -0.2201365218977353, 0.9496789405359876
-0.2123913345139392, -0.23037796726878074, 0.9495218318622353
-0.2020644180022047, -0.24060720247687065, 0.9493123536305654
-0.1916680665327403, -0.25075209542782817, 0.9487730990974068
-0.1812529786461104, -0.26087422935702015, 0.9481448573082909
-0.17078288458432314, -0.2709148674480687, 0.9472238860069878
-0.16028921644746835, -0.28092057875134147, 0.9461774592004617
-0.14975333679389943, -0.2908493375386284, 0.9448754843011344
-0.13919075189506222, -0.30072941208110804, 0.9434118361186068
-0.12859709234642092, -0.3105387506444585, 0.9417298543377501
-0.11797531763843278, -0.3202840899885971, 0.9398503326345958
-0.10733192677768584, -0.32996655640026973, 0.9377896235034695
-0.09666074372053447, -0.3395681861844863, 0.9354959591078077
-0.08597570717700898, -0.34911642291529627, 0.9330580840422057
-0.07526494273021675, -0.35856550111835167, 0.9303523891610007
-0.06454637731364539, -0.36797225037752546, 0.9275391903330258
-0.05380589488674198, -0.377260075461032, 0.9244239566069826
-0.0430619426991978, -0.38651818446619735, 0.9212375556195797
-0.03230163306863111, -0.3956362033877556, 0.9177156518286228
-0.021540455598313385, -0.404738629561516, 0.9141584481937518
-0.01077022779915616, -0.4136784456511053, 0.910233117615202
7.494005416219807e-16, -0.4226182617406943, 0.9063077870366523
6.982150666838977e-17, -0.42261826174069383, 0.9063077870366526
0.010770227799155888, -0.4136784456511056, 0.9102331176152019
0.021540455598312722, -0.4047386295615165, 0.9141584481937517
0.03230163306863069, -0.39563620338775574, 0.9177156518286228
0.043061942699196984, -0.3865181844661976, 0.9212375556195795
0.05380589488674117, -0.3772600754610321, 0.9244239566069825
0.06454637731364432, -0.36797225037752557, 0.9275391903330257
0.07526494273021561, -0.35856550111835167, 0.9303523891610008
0.08597570717700777, -0.3491164229152962, 0.9330580840422059
0.09666074372053317, -0.3395681861844861, 0.9354959591078079
0.10733192677768415, -0.32996655640026973, 0.9377896235034697
0.11797531763843105, -0.320284089988597, 0.9398503326345962
0.1285970923464192, -0.31053875064445813, 0.9417298543377506
0.13919075189506047, -0.30072941208110754, 0.9434118361186072
0.14975333679389735, -0.29084933753862807, 0.9448754843011351
0.16028921644746616, -0.2809205787513411, 0.9461774592004621
0.170782884584321, -0.2709148674480681, 0.9472238860069884
0.18125297864610826, -0.2608742293570194, 0.9481448573082915
0.19166806653273782, -0.2507520954278276, 0.9487730990974075
0.20206441800220215, -0.24060720247687, 0.9493123536305661
0.21239133451393652, -0.23037796726878002, 0.949521831862236
0.22270604086271545, -0.22013652189773444, 0.9496789405359887
0.2329352760708054, -0.209809605386, 0.9494694623043186
0.24316049498093673, -0.19947938244770697, 0.9492442804392444
0.2532826289101285, -0.1890642945610774, 0.9486160386501281
0.2634047628393202, -0.17864920667444784, 0.9479877968610122
0.2734162952738891, -0.16815946755010425, 0.9469622793053565
0.28342200657716216, -0.15766579941324935, 0.9459158524988303
0.29331935617425076, -0.14711269056918502, 0.9445095722555026
0.3031994307167303, -0.13655010567034814, 0.9430459240729747
0.3129750854804957, -0.12594164866941904, 0.9412599739119614
0.3227204248246345, -0.11531987396143088, 0.9393804522088072
0.3323669638463266, -0.1046641310133933, 0.9372162074045538
0.341968593630543, -0.0939929479562423, 0.9349225430088918
0.3514786924660628, -0.08329801606530657, 0.932381660321904
0.36092777066911835, -0.07258725161851436, 0.9296759654406987
0.37029420664840484, -0.06186125670691529, 0.926760381901514
0.3795820317319114, -0.051120774280012146, 0.9236451481754708
0.38879768919658975, -0.04037186529155217, 0.9203570796718392
0.39791570811814786, -0.0296115556609859, 0.9168351758808826
0.4069735835839164, -0.018847898648520305, 0.9131771155491131
0.4159133996735055, -0.008077670849363382, 0.9092517849705632
0.420383307718295, 0.0026925569497910163, 0.9072891196812908
0.411443491628706, 0.013462784748947909, 0.9112144502598404
0.40247471757892195, 0.02423140084570886, 0.9150742239854059
0.393356698657364, 0.03499171047627524, 0.9185961277763628
0.3842259442736599, 0.04575053306656691, 0.9220875313124509
0.3749381191901535, 0.05649101549347012, 0.9252027650384941
0.36565029410664707, 0.06723149792037336, 0.9283179987645372
0.356203231567586, 0.07794263384191698, 0.9310288128813027
0.34675415336453064, 0.08865339828870922, 0.9337345077625077
0.3371677787384303, 0.09932853948482442, 0.9360693752067235
0.327566148954214, 0.1099997225419755, 0.9383630396023854
0.31784775515256075, 0.12063076131543177, 0.9403202130603847
0.308102415808422, 0.13125253602342002, 0.942199734763539
0.2982593934454863, 0.14183139811977352, 0.9437777481642389
0.28837931890300683, 0.1523939830186105, 0.9452413963467668
0.2784191509255216, 0.16291263348168383, 0.9464390659020935
0.2684134396222486, 0.17340630161853882, 0.9474854927086196
0.25834369587472045, 0.18385675061776974, 0.94830191775557
0.2482215619455287, 0.19427183850439947, 0.9489301595446861
0.23804989367484658, 0.20464614713014, 0.949364723188483
0.22782065846675661, 0.2149730636418746, 0.9495742014201529
0.21755479276980016, 0.22526334966474232, 0.9496265709780702
0.2072278762580657, 0.23549258487283248, 0.9494170927464003
0.1968756104760489, 0.24569102846323926, 0.9490872199919642
0.18646052258941953, 0.255813162392431, 0.9484589782028481
0.17602971865274492, 0.2659120117964391, 0.9477470994102497
0.16553605051589018, 0.27591772309971213, 0.9467006726037237
0.15503462924331235, 0.285909300267396, 0.945607308392397
0.14447204434447558, 0.2957893748098756, 0.9441436602098692
0.13390797970041002, 0.30566608097239656, 0.9426696151893255
0.12328620499242188, 0.3154114203165355, 0.940790093486171
0.11266443028443382, 0.32515675966067437, 0.9389105717830166
0.10199633524910559, 0.33476737129238593, 0.9366427913056363
0.09132515219195458, 0.34436900107660245, 0.9343491269099743
0.08062032495360877, 0.3538409620168319, 0.9317052366016004
0.06990956050681663, 0.3632900402198876, 0.9289995417203953
0.05917613610018998, 0.3726161629192869, 0.925981573470001
0.048435653673286796, 0.38190398800279357, 0.9228663397439577
0.03768178788391116, 0.3910771939269848, 0.9194766037240978
0.02692147825334485, 0.40019521284854304, 0.9159546999331409
0.016155341698731618, 0.40920853760631937, 0.9121957829044729
0.005385113899574978, 0.41814835369590847, 0.9082704523259231
-0.005385113899579304, 0.4181483536959051, 0.9082704523259248
-0.016155341698736128, 0.40920853760631604, 0.9121957829044746
-0.02692147825334937, 0.40019521284853965, 0.915954699933142
-0.0376817878839157, 0.39107719392698165, 0.9194766037240989
-0.04843565367329157, 0.3819039880027903, 0.9228663397439587
-0.05917613610019471, 0.3726161629192839, 0.9259815734700021
-0.06990956050682148, 0.36329004021988454, 0.9289995417203962
-0.08062032495361367, 0.3538409620168291, 0.9317052366016012
-0.09132515219195973, 0.34436900107659935, 0.9343491269099748
-0.10199633524911064, 0.3347673712923831, 0.9366427913056368
-0.11266443028443904, 0.32515675966067153, 0.9389105717830171
-0.12328620499242722, 0.3154114203165328, 0.9407900934861714
-0.13390797970041546, 0.3056660809723939, 0.9426696151893259
-0.14447204434448108, 0.2957893748098729, 0.9441436602098692
-0.15503462924331796, 0.2859093002673935, 0.945607308392397
-0.16553605051589582, 0.27591772309970963, 0.9467006726037235
-0.17602971865275058, 0.2659120117964367, 0.9477470994102495
-0.1864605225894253, 0.2558131623924286, 0.9484589782028475
-0.1968756104760549, 0.24569102846323682, 0.9490872199919638
-0.20722787625807165, 0.2354925848728301, 0.9494170927463994
-0.2175547927698061, 0.22526334966474007, 0.9496265709780694
-0.2278206584667628, 0.21497306364187224, 0.9495742014201518
-0.2380498936748527, 0.2046461471301379, 0.9493647231884819
-0.24822156194553494, 0.19427183850439728, 0.9489301595446846
-0.25834369587472666, 0.18385675061776774, 0.9483019177555687
-0.26841343962225495, 0.17340630161853682, 0.947485492708618
-0.27841915092552805, 0.1629126334816819, 0.9464390659020918
-0.2883793189030135, 0.1523939830186085, 0.9452413963467652
-0.29825939344549296, 0.14183139811977166, 0.9437777481642373
-0.3081024158084287, 0.13125253602341821, 0.9421997347635371
-0.31784775515256747, 0.12063076131543007, 0.9403202130603827
-0.3275661489542209, 0.10999972254197378, 0.9383630396023832
-0.33716777873843734, 0.09932853948482273, 0.9360693752067213
-0.3467541533645377, 0.08865339828870755, 0.9337345077625051
-0.3562032315675929, 0.07794263384191559, 0.9310288128813
-0.3656502941066541, 0.06723149792037192, 0.9283179987645345
-0.3749381191901606, 0.05649101549346869, 0.9252027650384912
-0.38422594427366713, 0.04575053306656546, 0.9220875313124479
-0.3933566986573712, 0.0349917104762739, 0.9185961277763597
-0.4024747175789294, 0.024231400845707504, 0.9150742239854028
-0.41144349162871346, 0.013462784748946542, 0.9112144502598367
-0.4203833077183025, 0.0026925569497898687, 0.9072891196812871
-0.4159133996735108, -0.008077670849364622, 0.9092517849705608
-0.40697358358392166, -0.018847898648521454, 0.9131771155491106
-0.39791570811815297, -0.02961155566098707, 0.9168351758808801
-0.38879768919659474, -0.04037186529155337, 0.920357079671837
-0.3795820317319163, -0.05112077428001337, 0.9236451481754686
-0.37029420664840973, -0.06186125670691643, 0.926760381901512
-0.3609277706691233, -0.07258725161851523, 0.9296759654406967
-0.35147869246606755, -0.08329801606530739, 0.932381660321902
-0.3419685936305476, -0.09399294795624308, 0.9349225430088899
-0.3323669638463311, -0.10466413101339403, 0.9372162074045519
-0.322720424824639, -0.11531987396143151, 0.9393804522088054
-0.3129750854805001, -0.12594164866941965, 0.9412599739119598
-0.30319943071673444, -0.13655010567034886, 0.9430459240729734
-0.29331935617425525, -0.14711269056918524, 0.9445095722555013
-0.28342200657716643, -0.15766579941324968, 0.945915852498829
-0.27341629527389333, -0.1681594675501044, 0.9469622793053553
-0.26340476283932407, -0.1786492066744482, 0.947987796861011
-0.2532826289101324, -0.18906429456107757, 0.9486160386501272
-0.2431604949809404, -0.19947938244770727, 0.9492442804392434
-0.23293527607080933, -0.20980960538599988, 0.9494694623043176
-0.22270604086271892, -0.2201365218977345, 0.9496789405359876
-0.21239133451394002, -0.23037796726877996, 0.9495218318622353
-0.20206441800220523, -0.24060720247687012, 0.9493123536305655
-0.19166806653274093, -0.25075209542782756, 0.9487730990974068
-0.1812529786461111, -0.2608742293570195, 0.9481448573082909
-0.17078288458432384, -0.27091486744806803, 0.9472238860069878
-0.1602892164474689, -0.2809205787513409, 0.9461774592004617
-0.1497533367939001, -0.29084933753862774, 0.9448754843011347
-0.13919075189506303, -0.3007294120811073, 0.9434118361186069
-0.12859709234642175, -0.3105387506444578, 0.9417298543377504
-0.11797531763843348, -0.3202840899885965, 0.939850332634596
-0.10733192677768627, -0.3299665564002693, 0.9377896235034697
-0.09666074372053532, -0.33956818618448553, 0.9354959591078078
-0.08597570717700995, -0.3491164229152955, 0.9330580840422059
-0.0752649427302177, -0.3585655011183509, 0.9303523891610009
-0.06454637731364604, -0.3679722503775249, 0.9275391903330259
-0.053805894886742936, -0.3772600754610312, 0.9244239566069828
-0.04306194269919845, -0.38651818446619685, 0.9212375556195799
-0.03230163306863207, -0.3956362033877548, 0.9177156518286231
-0.021540455598313715, -0.4047386295615158, 0.9141584481937519
-0.010770227799157126, -0.4136784456511045, 0.9102331176152023
1.1102230246251565e-16, -0.42261826174069383, 0.9063077870366526
6.982150666838977e-17, -0.42261826174069383, 0.9063077870366526
0.010770227799153285, -0.41367844565110773, 0.9102331176152009
0.02154045559831016, -0.40473862956151857, 0.9141584481937509
0.032301633068628204, -0.3956362033877578, 0.917715651828622
0.043061942699194576, -0.3865181844661997, 0.9212375556195789
0.0538058948867388, -0.3772600754610341, 0.924423956606982
0.064546377313642, -0.3679722503775276, 0.9275391903330252
0.07526494273021334, -0.35856550111835367, 0.9303523891610003
0.08597570717700556, -0.34911642291529815, 0.9330580840422054
0.09666074372053103, -0.3395681861844881, 0.9354959591078076
0.10733192677768201, -0.3299665564002716, 0.9377896235034694
0.11797531763842897, -0.32028408998859886, 0.9398503326345958
0.12859709234641722, -0.31053875064446, 0.9417298543377501
0.13919075189505853, -0.30072941208110937, 0.9434118361186068
0.14975333679389544, -0.29084933753862985, 0.9448754843011348
0.16028921644746427, -0.28092057875134285, 0.9461774592004619
0.1707828845843192, -0.2709148674480698, 0.9472238860069883
0.18125297864610648, -0.2608742293570211, 0.9481448573082913
0.1916680665327361, -0.2507520954278293, 0.9487730990974075
0.20206441800220049, -0.24060720247687165, 0.9493123536305661
0.21239133451393494, -0.23037796726878162, 0.949521831862236
0.22270604086271384, -0.22013652189773603, 0.9496789405359887
0.23293527607080391, -0.20980960538600155, 0.9494694623043186
0.24316049498093528, -0.19947938244770846, 0.9492442804392445
0.25328262891012704, -0.18906429456107884, 0.9486160386501282
0.2634047628393188, -0.17864920667444925, 0.9479877968610123
0.2734162952738878, -0.16815946755010563, 0.9469622793053566
0.2834220065771608, -0.15766579941325076, 0.9459158524988303
0.2933193561742495, -0.14711269056918636, 0.9445095722555028
0.30319943071672906, -0.13655010567034945, 0.9430459240729749
0.3129750854804945, -0.12594164866942031, 0.9412599739119616
0.3227204248246334, -0.11531987396143208, 0.9393804522088073
0.3323669638463255, -0.10466413101339443, 0.937216207404554
0.34196859363054194, -0.09399294795624344, 0.934922543008892
0.35147869246606184, -0.08329801606530768, 0.9323816603219041
0.3609277706691174, -0.07258725161851545, 0.9296759654406991
0.370294206648404, -0.061861256706916314, 0.9267603819015142
0.3795820317319106, -0.05112077428001316, 0.923645148175471
0.38879768919658886, -0.04037186529155314, 0.9203570796718396
0.397915708118147, -0.029611555660986836, 0.9168351758808828
0.40697358358391555, -0.01884789864852121, 0.9131771155491133
0.4159133996735047, -0.008077670849364293, 0.9092517849705636
0.42038330771829713, 0.00269255694978848, 0.9072891196812898
0.4114434916287081, 0.013462784748945453, 0.9112144502598395
0.4024747175789239, 0.02423140084570652, 0.9150742239854052
0.39335669865736594, 0.03499171047627294, 0.9185961277763619
0.3842259442736618, 0.04575053306656469, 0.9220875313124502
0.3749381191901553, 0.056491015493467946, 0.9252027650384934
0.36565029410664884, 0.0672314979203713, 0.9283179987645367
0.3562032315675878, 0.07794263384191497, 0.931028812881302
0.3467541533645324, 0.08865339828870725, 0.9337345077625071
0.337167778738432, 0.09932853948482251, 0.9360693752067231
0.32756614895421565, 0.10999972254197363, 0.938363039602385
0.3178477551525624, 0.12063076131542994, 0.9403202130603845
0.3081024158084237, 0.13125253602341824, 0.9421997347635387
0.2982593934454878, 0.14183139811977186, 0.9437777481642387
0.2883793189030084, 0.15239398301860885, 0.9452413963467664
0.2784191509255231, 0.16291263348168228, 0.9464390659020931
0.26841343962225006, 0.17340630161853726, 0.9474854927086194
0.2583436958747219, 0.18385675061776824, 0.9483019177555698
0.24822156194553013, 0.19427183850439797, 0.948930159544686
0.23804989367484794, 0.20464614713013868, 0.949364723188483
0.22782065846675797, 0.21497306364187324, 0.9495742014201527
0.21755479276980144, 0.22526334966474104, 0.9496265709780701
0.207227876258067, 0.23549258487283117, 0.9494170927464003
0.19687561047605018, 0.245691028463238, 0.9490872199919643
0.18646052258942075, 0.2558131623924298, 0.9484589782028482
0.17602971865274614, 0.265912011796438, 0.9477470994102499
0.16553605051589132, 0.2759177230997111, 0.9467006726037237
0.15503462924331346, 0.28590930026739503, 0.9456073083923972
0.14447204434447675, 0.29578937480987455, 0.9441436602098693
0.13390797970041105, 0.30566608097239567, 0.9426696151893256
0.12328620499242296, 0.3154114203165346, 0.9407900934861713
0.11266443028443487, 0.3251567596606735, 0.938910571783017
0.10199633524910659, 0.3347673712923851, 0.9366427913056365
0.09132515219195557, 0.3443690010766016, 0.9343491269099746
0.08062032495360963, 0.35384096201683124, 0.9317052366016007
0.06990956050681751, 0.3632900402198868, 0.9289995417203956
0.05917613610019075, 0.37261616291928623, 0.9259815734700012
0.04843565367328761, 0.38190398800279285, 0.9228663397439578
0.03768178788391187, 0.3910771939269842, 0.919476603724098
0.0269214782533456, 0.4001952128485424, 0.9159546999331412
0.016155341698732333, 0.40920853760631876, 0.9121957829044733
0.005385113899575654, 0.41814835369590786, 0.9082704523259235
-0.00538511389957931, 0.4181483536959051, 0.9082704523259248
-0.016155341698736166, 0.4092085376063159, 0.9121957829044746
-0.02692147825334944, 0.4001952128485396, 0.915954699933142
-0.03768178788391587, 0.3910771939269815, 0.9194766037240989
-0.04843565367329168, 0.3819039880027902, 0.9228663397439587
-0.059176136100194926, 0.3726161629192837, 0.9259815734700021
-0.06990956050682165, 0.3632900402198844, 0.9289995417203962
-0.08062032495361393, 0.35384096201682885, 0.9317052366016014
-0.09132515219195994, 0.3443690010765992, 0.9343491269099748
-0.10199633524911095, 0.3347673712923828, 0.936642791305637
-0.11266443028443929, 0.3251567596606713, 0.9389105717830171
-0.12328620499242757, 0.31541142031653246, 0.9407900934861715
-0.13390797970041582, 0.30566608097239356, 0.9426696151893259
-0.1444720443444814, 0.29578937480987266, 0.9441436602098693
-0.15503462924331834, 0.2859093002673931, 0.9456073083923972
-0.16553605051589618, 0.2759177230997093, 0.9467006726037235
-0.17602971865275108, 0.26591201179643625, 0.9477470994102496
-0.18646052258942566, 0.25581316239242824, 0.9484589782028476
-0.19687561047605534, 0.24569102846323637, 0.9490872199919638
-0.20722787625807204, 0.2354925848728297, 0.9494170927463994
-0.21755479276980655, 0.2252633496647396, 0.9496265709780692
-0.2278206584667633, 0.21497306364187174, 0.9495742014201518
-0.2380498936748532, 0.20464614713013735, 0.9493647231884819
-0.2482215619455355, 0.19427183850439672, 0.9489301595446846
-0.25834369587472733, 0.18385675061776713, 0.9483019177555686
-0.2684134396222556, 0.17340630161853618, 0.9474854927086179
-0.2784191509255286, 0.16291263348168133, 0.9464390659020918
-0.288379318903014, 0.1523939830186079, 0.945241396346765
-0.29825939344549357, 0.141831398119771, 0.9437777481642371
-0.3081024158084293, 0.13125253602341758, 0.9421997347635369
-0.31784775515256813, 0.1206307613154293, 0.9403202130603826
-0.3275661489542215, 0.1099997225419731, 0.938363039602383
-0.33716777873843795, 0.09932853948482204, 0.9360693752067212
-0.3467541533645382, 0.08865339828870696, 0.9337345077625049
-0.35620323156759365, 0.07794263384191477, 0.9310288128812998
-0.3656502941066547, 0.06723149792037121, 0.9283179987645342
-0.3749381191901613, 0.05649101549346796, 0.925202765038491
-0.3842259442736678, 0.0457505330665647, 0.9220875313124478
-0.39335669865737194, 0.03499171047627314, 0.9185961277763594
-0.40247471757893005, 0.024231400845706717, 0.9150742239854026
-0.4114434916287141, 0.013462784748945862, 0.9112144502598366
-0.4203833077183032, 0.002692556949789011, 0.9072891196812869
-0.41591339967351015, -0.008077670849365457, 0.9092517849705611
-0.4069735835839209, -0.018847898648522307, 0.913177115549111
-0.3979157081181522, -0.02961155566098793, 0.9168351758808805
-0.3887976891965941, -0.04037186529155413, 0.9203570796718373
-0.3795820317319156, -0.05112077428001414, 0.923645148175469
-0.37029420664840906, -0.06186125670691718, 0.9267603819015123
-0.3609277706691224, -0.07258725161851617, 0.9296759654406971
-0.3514786924660669, -0.0832980160653082, 0.9323816603219022
-0.3419685936305469, -0.09399294795624392, 0.9349225430088901
-0.33236696384633047, -0.1046641310133948, 0.9372162074045521
-0.32272042482463814, -0.11531987396143238, 0.9393804522088056
-0.31297508548049924, -0.12594164866942054, 0.9412599739119599
-0.3031994307167337, -0.13655010567034956, 0.9430459240729734
-0.2933193561742542, -0.1471126905691864, 0.9445095722555015
-0.2834220065771658, -0.15766579941325032, 0.9459158524988291
-0.27341629527389244, -0.16815946755010538, 0.9469622793053554
-0.2634047628393234, -0.17864920667444892, 0.9479877968610111
-0.2532826289101313, -0.1890642945610787, 0.9486160386501272
-0.24316049498093972, -0.19947938244770794, 0.9492442804392434
-0.23293527607080824, -0.209809605386001, 0.9494694623043176
-0.22270604086271822, -0.22013652189773525, 0.9496789405359876
-0.212391334513939, -0.23037796726878096, 0.9495218318622353
-0.20206441800220476, -0.24060720247687062, 0.9493123536305654
-0.19166806653274004, -0.25075209542782845, 0.9487730990974068
-0.1812529786461104, -0.26087422935702015, 0.9481448573082909
-0.1707828845843229, -0.2709148674480689, 0.9472238860069878
-0.1602892164474681, -0.2809205787513418, 0.9461774592004617
-0.14975333679389924, -0.2908493375386286, 0.9448754843011347
-0.13919075189506225, -0.30072941208110804, 0.9434118361186068
-0.12859709234642058, -0.3105387506444588, 0.9417298543377501
-0.11797531763843232, -0.3202840899885975, 0.9398503326345958
-0.10733192677768538, -0.3299665564002701, 0.9377896235034695
-0.09666074372053446, -0.3395681861844863, 0.9354959591078077
-0.08597570717700881, -0.3491164229152965, 0.9330580840422057
-0.0752649427302167, -0.3585655011183518, 0.9303523891610007
-0.06454637731364513, -0.36797225037752573, 0.9275391903330257
-0.05380589488674233, -0.37726007546103174, 0.9244239566069826
-0.04306194269919782, -0.3865181844661973, 0.9212375556195797
-0.032301633068631444, -0.39563620338775535, 0.9177156518286229
-0.021540455598313066, -0.4047386295615163, 0.9141584481937517
-0.010770227799156486, -0.413678445651105, 0.9102331176152021
7.494005416219807e-16, -0.4226182617406943, 0.9063077870366523
6.982150666838977e-17, -0.42261826174069383, 0.9063077870366526
0.010770227799155886, -0.4136784456511056, 0.9102331176152019
0.02154045559831271, -0.4047386295615165, 0.9141584481937518
0.0323016330686307, -0.3956362033877556, 0.9177156518286228
0.043061942699197026, -0.38651818446619757, 0.9212375556195795
0.053805894886741215, -0.3772600754610321, 0.9244239566069825
0.06454637731364436, -0.3679722503775255, 0.9275391903330258
0.07526494273021568, -0.3585655011183516, 0.9303523891610009
0.08597570717700784, -0.34911642291529615, 0.933058084042206
0.09666074372053324, -0.3395681861844861, 0.935495959107808
0.10733192677768422, -0.3299665564002697, 0.93778962350347
0.11797531763843112, -0.32028408998859687, 0.9398503326345963
0.1285970923464193, -0.3105387506444581, 0.9417298543377505
0.1391907518950606, -0.3007294120811075, 0.9434118361186071
0.14975333679389746, -0.2908493375386279, 0.9448754843011351
0.1602892164474663, -0.2809205787513409, 0.9461774592004621
0.17078288458432114, -0.2709148674480679, 0.9472238860069884
0.1812529786461084, -0.2608742293570192, 0.9481448573082915
0.19166806653273796, -0.2507520954278275, 0.9487730990974077
0.20206441800220232, -0.2406072024768698, 0.9493123536305661
0.21239133451393674, -0.23037796726877982, 0.949521831862236
0.22270604086271562, -0.22013652189773425, 0.9496789405359887
0.2329352760708056, -0.20980960538599983, 0.9494694623043186
0.24316049498093692, -0.1994793824477068, 0.9492442804392444
0.2532826289101287, -0.18906429456107718, 0.9486160386501281
0.2634047628393204, -0.1786492066744476, 0.9479877968610122
0.2734162952738894, -0.168159467550104, 0.9469622793053565
0.28342200657716243, -0.1576657994132491, 0.9459158524988303
0.293319356174251, -0.14711269056918477, 0.9445095722555026
0.3031994307167305, -0.13655010567034795, 0.9430459240729747
0.3129750854804959, -0.1259416486694188, 0.9412599739119614
0.32272042482463476, -0.11531987396143062, 0.9393804522088071
0.3323669638463269, -0.10466413101339297, 0.9372162074045536
0.34196859363054327, -0.093992947956242, 0.9349225430088918
0.35147869246606306, -0.08329801606530628, 0.9323816603219037
0.3609277706691186, -0.07258725161851413, 0.9296759654406987
0.3702942066484051, -0.061861256706915085, 0.926760381901514
0.3795820317319116, -0.05112077428001196, 0.9236451481754708
0.38879768919658997, -0.04037186529155187, 0.9203570796718391
0.39791570811814814, -0.029611555660985552, 0.9168351758808825
0.4069735835839166, -0.018847898648519924, 0.9131771155491128
0.4159133996735057, -0.008077670849363101, 0.9092517849705631
0.42038330771829535, 0.002692556949790632, 0.9072891196812907
0.4114434916287063, 0.013462784748947576, 0.9112144502598403
0.40247471757892217, 0.024231400845708573, 0.9150742239854058
0.3933566986573642, 0.03499171047627497, 0.9185961277763626
0.3842259442736601, 0.045750533066566644, 0.9220875313124508
0.37493811919015363, 0.056491015493469895, 0.925202765038494
0.3656502941066472, 0.06723149792037321, 0.9283179987645371
0.3562032315675861, 0.07794263384191685, 0.9310288128813026
0.34675415336453075, 0.0886533982887091, 0.9337345077625077
0.3371677787384304, 0.09932853948482429, 0.9360693752067235
0.3275661489542141, 0.10999972254197535, 0.9383630396023854
0.3178477551525608, 0.12063076131543166, 0.9403202130603848
0.308102415808422, 0.13125253602342002, 0.9421997347635389
0.2982593934454863, 0.1418313981197735, 0.9437777481642389
0.28837931890300683, 0.1523939830186105, 0.9452413963467667
0.2784191509255215, 0.16291263348168392, 0.9464390659020934
0.2684134396222486, 0.17340630161853882, 0.9474854927086195
0.2583436958747203, 0.18385675061776985, 0.9483019177555698
0.2482215619455287, 0.19427183850439947, 0.948930159544686
0.2380498936748465, 0.20464614713014012, 0.949364723188483
0.22782065846675653, 0.21497306364187468, 0.9495742014201527
0.2175547927698, 0.22526334966474246, 0.9496265709780701
0.20722787625806557, 0.2354925848728326, 0.9494170927464003
0.19687561047604885, 0.24569102846323934, 0.9490872199919642
0.1864605225894194, 0.2558131623924311, 0.9484589782028481
0.1760297186527448, 0.26591201179643925, 0.9477470994102498
0.16553605051589002, 0.27591772309971235, 0.9467006726037235
0.15503462924331224, 0.28590930026739614, 0.945607308392397
0.14447204434447547, 0.2957893748098757, 0.9441436602098691
0.13390797970040985, 0.3056660809723968, 0.9426696151893255
0.1232862049924218, 0.3154114203165356, 0.9407900934861709
0.11266443028443363, 0.3251567596606746, 0.9389105717830166
0.10199633524910545, 0.3347673712923861, 0.9366427913056363
0.09132515219195446, 0.3443690010766026, 0.9343491269099744
0.08062032495360844, 0.35384096201683224, 0.9317052366016004
0.06990956050681643, 0.36329004021988776, 0.9289995417203953
0.0591761361001896, 0.37261616291928723, 0.925981573470001
0.048435653673286554, 0.38190398800279374, 0.9228663397439576
0.037681787883910745, 0.39107719392698514, 0.9194766037240976
0.0269214782533445, 0.4001952128485433, 0.9159546999331407
0.016155341698731326, 0.4092085376063196, 0.9121957829044729
0.005385113899574579, 0.41814835369590875, 0.9082704523259231
-0.005385113899580289, 0.4181483536959043, 0.9082704523259251
-0.016155341698737134, 0.40920853760631515, 0.9121957829044749
-0.026921478253350388, 0.40019521284853876, 0.9159546999331425
-0.0376817878839168, 0.3910771939269807, 0.9194766037240992
-0.048435653673292604, 0.38190398800278935, 0.922866339743959
-0.059176136100195766, 0.37261616291928296, 0.9259815734700023
-0.06990956050682257, 0.3632900402198836, 0.9289995417203964
-0.08062032495361472, 0.35384096201682813, 0.9317052366016016
-0.0913251521919607, 0.3443690010765985, 0.9343491269099751
-0.10199633524911181, 0.3347673712923821, 0.936642791305637
-0.11266443028444004, 0.3251567596606706, 0.9389105717830171
-0.1232862049924283, 0.31541142031653174, 0.9407900934861716
-0.13390797970041657, 0.3056660809723929, 0.9426696151893259
-0.14447204434448213, 0.295789374809872, 0.9441436602098694
-0.15503462924331907, 0.2859093002673924, 0.9456073083923973
-0.16553605051589682, 0.27591772309970863, 0.9467006726037235
-0.17602971865275174, 0.26591201179643564, 0.9477470994102496
-0.18646052258942636, 0.2558131623924276, 0.9484589782028476
-0.19687561047605595, 0.24569102846323582, 0.9490872199919638
-0.2072278762580727, 0.23549258487282904, 0.9494170927463994
-0.21755479276980721, 0.22526334966473896, 0.9496265709780692
-0.22782065846676383, 0.2149730636418712, 0.9495742014201518
-0.23804989367485388, 0.20464614713013674, 0.949364723188482
-0.24822156194553613, 0.19427183850439608, 0.9489301595446846
-0.258343695874728, 0.18385675061776643, 0.9483019177555686
-0.2684134396222561, 0.17340630161853565, 0.9474854927086178
-0.2784191509255291, 0.16291263348168078, 0.9464390659020918
-0.2883793189030145, 0.15239398301860738, 0.945241396346765
-0.2982593934454941, 0.1418313981197704, 0.943777748164237
-0.30810241580842995, 0.1312525360234169, 0.9421997347635369
-0.3178477551525688, 0.12063076131542863, 0.9403202130603825
-0.3275661489542219, 0.10999972254197261, 0.938363039602383
-0.3371677787384384, 0.09932853948482155, 0.9360693752067211
-0.3467541533645387, 0.0886533982887064, 0.9337345077625048
-0.35620323156759426, 0.0779426338419141, 0.9310288128812997
-0.3656502941066554, 0.06723149792037049, 0.928317998764534
-0.3749381191901617, 0.056491015493467495, 0.9252027650384909
-0.3842259442736682, 0.04575053306656426, 0.9220875313124477
-0.3933566986573724, 0.03499171047627263, 0.9185961277763592
-0.4024747175789305, 0.02423140084570621, 0.9150742239854024
-0.4114434916287146, 0.013462784748945281, 0.9112144502598365
-0.4203833077183037, 0.002692556949788353, 0.9072891196812867
-0.4159133996735097, -0.008077670849365946, 0.9092517849705612
-0.4069735835839205, -0.018847898648522786, 0.9131771155491112
-0.3979157081181518, -0.0296115556609884, 0.9168351758808807
-0.38879768919659363, -0.040371865291554676, 0.9203570796718374
-0.37958203173191507, -0.051120774280014686, 0.923645148175469
-0.37029420664840873, -0.06186125670691756, 0.9267603819015124
-0.36092777066912196, -0.07258725161851662, 0.9296759654406972
-0.35147869246606644, -0.08329801606530873, 0.9323816603219024
-0.34196859363054644, -0.09399294795624441, 0.9349225430088902
-0.33236696384633, -0.10466413101339525, 0.9372162074045522
-0.32272042482463775, -0.11531987396143287, 0.9393804522088056
-0.3129750854804989, -0.12594164866942092, 0.94125997391196
-0.3031994307167334, -0.13655010567035, 0.9430459240729734
-0.29331935617425386, -0.1471126905691867, 0.9445095722555014
-0.2834220065771651, -0.157665799413251, 0.9459158524988291
-0.273416295273892, -0.16815946755010583, 0.9469622793053554
-0.263404762839323, -0.17864920667444933, 0.9479877968610112
-0.25328262891013126, -0.18906429456107876, 0.9486160386501273
-0.2431604949809393, -0.19947938244770838, 0.9492442804392434
-0.2329352760708079, -0.2098096053860013, 0.9494694623043176
-0.22270604086271756, -0.2201365218977359, 0.9496789405359876
-0.2123913345139386, -0.2303779672687814, 0.9495218318622353
-0.20206441800220415, -0.24060720247687123, 0.9493123536305654
-0.19166806653273974, -0.2507520954278288, 0.9487730990974068
-0.18125297864610995, -0.26087422935702054, 0.9481448573082909
-0.17078288458432261, -0.27091486744806914, 0.9472238860069877
-0.16028921644746746, -0.28092057875134235, 0.9461774592004617
-0.14975333679389863, -0.2908493375386291, 0.9448754843011345
-0.13919075189506178, -0.3007294120811084, 0.9434118361186067
-0.12859709234642042, -0.3105387506444589, 0.9417298543377501
-0.11797531763843189, -0.3202840899885979, 0.9398503326345957
-0.10733192677768491, -0.32996655640027056, 0.9377896235034693
-0.09666074372053385, -0.33956818618448686, 0.9354959591078076
-0.08597570717700842, -0.3491164229152968, 0.9330580840422056
-0.07526494273021599, -0.3585655011183524, 0.9303523891610005
-0.06454637731364474, -0.367972250377526, 0.9275391903330256
-0.05380589488674134, -0.3772600754610325, 0.9244239566069824
-0.04306194269919716, -0.3865181844661979, 0.9212375556195794
-0.03230163306863079, -0.3956362033877559, 0.9177156518286227
-0.021540455598312733, -0.40473862956151657, 0.9141584481937516
-0.010770227799155485, -0.4136784456511059, 0.9102331176152018
1.4432899320127035e-15, -0.42261826174069494, 0.9063077870366522
6.982150666838977e-17, -0.42261826174069383, 0.9063077870366526
0.010770227799154599, -0.4136784456511067, 0.9102331176152013
0.021540455598311456, -0.4047386295615176, 0.9141584481937514
0.03230163306862946, -0.3956362033877567, 0.9177156518286225
0.043061942699195804, -0.3865181844661986, 0.9212375556195793
0.05380589488674002, -0.37726007546103313, 0.9244239566069823
0.0645463773136432, -0.3679722503775266, 0.9275391903330256
0.07526494273021452, -0.35856550111835267, 0.9303523891610006
0.0859757071770067, -0.3491164229152972, 0.9330580840422057
0.09666074372053211, -0.3395681861844871, 0.9354959591078077
0.1073319267776831, -0.32996655640027067, 0.9377896235034697
0.11797531763843004, -0.32028408998859786, 0.939850332634596
0.12859709234641822, -0.31053875064445907, 0.9417298543377504
0.13919075189505953, -0.30072941208110837, 0.943411836118607
0.14975333679389644, -0.2908493375386289, 0.9448754843011349
0.16028921644746527, -0.28092057875134185, 0.9461774592004619
0.17078288458432014, -0.2709148674480688, 0.9472238860069883
0.1812529786461074, -0.26087422935702015, 0.9481448573082912
0.19166806653273705, -0.2507520954278284, 0.9487730990974075
0.20206441800220143, -0.2406072024768707, 0.9493123536305661
0.21239133451393585, -0.23037796726878068, 0.949521831862236
0.22270604086271475, -0.22013652189773514, 0.9496789405359887
0.23293527607080478, -0.20980960538600063, 0.9494694623043186
0.2431604949809361, -0.19947938244770763, 0.9492442804392444
0.25328262891012787, -0.189064294561078, 0.9486160386501283
0.26340476283931963, -0.17864920667444845, 0.9479877968610122
0.27341629527388867, -0.16815946755010477, 0.9469622793053565
0.28342200657716166, -0.15766579941324987, 0.9459158524988303
0.29331935617425026, -0.14711269056918555, 0.9445095722555027
0.3031994307167298, -0.1365501056703487, 0.9430459240729747
0.31297508548049524, -0.12594164866941956, 0.9412599739119614
0.32272042482463403, -0.11531987396143131, 0.9393804522088071
0.33236696384632625, -0.10466413101339368, 0.9372162074045537
0.3419685936305426, -0.09399294795624269, 0.9349225430088918
0.3514786924660625, -0.08329801606530693, 0.9323816603219038
0.36092777066911796, -0.07258725161851473, 0.9296759654406989
0.3702942066484046, -0.061861256706915654, 0.9267603819015142
0.3795820317319111, -0.0511207742800125, 0.9236451481754709
0.3887976891965895, -0.04037186529155243, 0.9203570796718393
0.3979157081181477, -0.029611555660986083, 0.9168351758808826
0.4069735835839162, -0.018847898648520454, 0.9131771155491132
0.4159133996735053, -0.008077670849363597, 0.9092517849705635
0.420383307718296, 0.002692556949789847, 0.9072891196812902
0.41144349162870697, 0.013462784748946785, 0.91121445025984
0.40247471757892284, 0.024231400845707816, 0.9150742239854056
0.39335669865736483, 0.03499171047627421, 0.9185961277763623
0.38422594427366075, 0.045750533066565874, 0.9220875313124506
0.3749381191901543, 0.05649101549346915, 0.9252027650384937
0.36565029410664784, 0.06723149792037246, 0.9283179987645369
0.35620323156758676, 0.07794263384191609, 0.9310288128813022
0.34675415336453136, 0.08865339828870836, 0.9337345077625074
0.33716777873843107, 0.09932853948482352, 0.9360693752067233
0.32756614895421476, 0.10999972254197467, 0.9383630396023854
0.3178477551525615, 0.12063076131543093, 0.9403202130603847
0.3081024158084227, 0.1312525360234193, 0.9421997347635389
0.29825939344548696, 0.14183139811977277, 0.9437777481642389
0.2883793189030076, 0.15239398301860974, 0.9452413963467666
0.2784191509255222, 0.1629126334816832, 0.9464390659020934
0.2684134396222493, 0.1734063016185381, 0.9474854927086194
0.25834369587472095, 0.18385675061776913, 0.9483019177555698
0.24822156194552936, 0.19427183850439877, 0.948930159544686
0.2380498936748472, 0.20464614713013946, 0.949364723188483
0.2278206584667572, 0.21497306364187402, 0.9495742014201527
0.2175547927698007, 0.22526334966474176, 0.9496265709780701
0.2072278762580663, 0.23549258487283187, 0.9494170927464003
0.19687561047604946, 0.2456910284632387, 0.9490872199919642
0.18646052258942009, 0.25581316239243046, 0.9484589782028482
0.17602971865274547, 0.2659120117964386, 0.9477470994102499
0.16553605051589065, 0.27591772309971174, 0.9467006726037236
0.1550346292433129, 0.28590930026739547, 0.9456073083923972
0.14447204434447605, 0.2957893748098752, 0.9441436602098692
0.13390797970041046, 0.30566608097239617, 0.9426696151893255
0.12328620499242232, 0.31541142031653513, 0.940790093486171
0.11266443028443424, 0.325156759660674, 0.9389105717830168
0.10199633524910601, 0.33476737129238554, 0.9366427913056363
0.091325152191955, 0.34436900107660207, 0.9343491269099744
0.08062032495360906, 0.35384096201683174, 0.9317052366016005
0.06990956050681699, 0.3632900402198873, 0.9289995417203954
0.05917613610019015, 0.37261616291928673, 0.9259815734700011
0.048435653673287116, 0.38190398800279324, 0.9228663397439578
0.037681787883911314, 0.3910771939269847, 0.9194766037240978
0.02692147825334499, 0.40019521284854287, 0.9159546999331409
0.016155341698731902, 0.40920853760631914, 0.9121957829044731
0.00538511389957506, 0.4181483536959084, 0.9082704523259233
-0.005385113899579298, 0.4181483536959051, 0.9082704523259248
-0.01615534169873613, 0.409208537606316, 0.9121957829044746
-0.026921478253349382, 0.40019521284853965, 0.915954699933142
-0.0376817878839157, 0.39107719392698165, 0.9194766037240989
-0.04843565367329157, 0.38190398800279024, 0.9228663397439587
-0.05917613610019465, 0.3726161629192839, 0.9259815734700019
-0.06990956050682151, 0.36329004021988454, 0.9289995417203962
-0.08062032495361368, 0.353840962016829, 0.9317052366016013
-0.09132515219195965, 0.34436900107659946, 0.9343491269099748
-0.10199633524911073, 0.33476737129238304, 0.9366427913056368
-0.11266443028443904, 0.3251567596606715, 0.9389105717830171
-0.12328620499242722, 0.3154114203165327, 0.9407900934861714
-0.13390797970041546, 0.3056660809723939, 0.9426696151893259
-0.14447204434448113, 0.29578937480987294, 0.9441436602098693
-0.15503462924331798, 0.2859093002673935, 0.945607308392397
-0.1655360505158958, 0.2759177230997097, 0.9467006726037234
-0.1760297186527507, 0.2659120117964366, 0.9477470994102495
-0.1864605225894253, 0.2558131623924286, 0.9484589782028475
-0.1968756104760549, 0.24569102846323682, 0.9490872199919638
-0.2072278762580717, 0.23549258487282998, 0.9494170927463994
-0.21755479276980627, 0.22526334966473993, 0.9496265709780694
-0.2278206584667628, 0.21497306364187224, 0.9495742014201518
-0.2380498936748528, 0.20464614713013785, 0.9493647231884819
-0.24822156194553502, 0.1942718385043972, 0.9489301595446846
-0.25834369587472683, 0.18385675061776757, 0.9483019177555687
-0.2684134396222551, 0.17340630161853665, 0.947485492708618
-0.27841915092552816, 0.16291263348168172, 0.9464390659020918
-0.2883793189030136, 0.15239398301860835, 0.9452413963467652
-0.298259393445493, 0.1418313981197716, 0.9437777481642373
-0.3081024158084289, 0.13125253602341802, 0.9421997347635371
-0.3178477551525677, 0.1206307613154298, 0.9403202130603827
-0.32756614895422104, 0.10999972254197361, 0.9383630396023832
-0.33716777873843745, 0.09932853948482255, 0.9360693752067213
-0.34675415336453774, 0.0886533982887075, 0.9337345077625051
-0.3562032315675933, 0.0779426338419152, 0.9310288128813
-0.36565029410665434, 0.06723149792037167, 0.9283179987645344
-0.3749381191901608, 0.05649101549346853, 0.9252027650384912
-0.3842259442736673, 0.045750533066565305, 0.9220875313124479
-0.3933566986573714, 0.034991710476273766, 0.9185961277763597
-0.4024747175789295, 0.024231400845707372, 0.9150742239854028
-0.4114434916287136, 0.013462784748946416, 0.9112144502598367
-0.4203833077183027, 0.0026925569497896215, 0.907289119681287
-0.41591339967351065, -0.008077670849364869, 0.909251784970561
-0.40697358358392155, -0.018847898648521575, 0.9131771155491107
-0.3979157081181529, -0.02961155566098718, 0.9168351758808803
-0.38879768919659463, -0.04037186529155349, 0.9203570796718371
-0.3795820317319162, -0.05112077428001347, 0.9236451481754688
-0.37029420664840956, -0.06186125670691653, 0.9267603819015121
-0.3609277706691231, -0.07258725161851531, 0.9296759654406969
-0.35147869246606744, -0.08329801606530748, 0.9323816603219021
-0.34196859363054755, -0.09399294795624319, 0.93492254300889
-0.33236696384633097, -0.10466413101339414, 0.9372162074045519
-0.32272042482463875, -0.11531987396143176, 0.9393804522088054
-0.31297508548049985, -0.12594164866941987, 0.9412599739119599
-0.3031994307167346, -0.1365501056703487, 0.9430459240729734
-0.29331935617425486, -0.1471126905691856, 0.9445095722555013
-0.28342200657716626, -0.1576657994132498, 0.945915852498829
-0.2734162952738932, -0.16815946755010455, 0.9469622793053553
-0.263404762839324, -0.17864920667444828, 0.9479877968610111
-0.2532826289101323, -0.18906429456107765, 0.9486160386501272
-0.24316049498094033, -0.1994793824477073, 0.9492442804392434
-0.23293527607080927, -0.20980960538599994, 0.9494694623043176
-0.22270604086271883, -0.22013652189773458, 0.9496789405359876
-0.21239133451393993, -0.23037796726878004, 0.9495218318622353
-0.20206441800220515, -0.2406072024768702, 0.9493123536305655
-0.19166806653274088, -0.2507520954278276, 0.9487730990974068
-0.18125297864611103, -0.26087422935701954, 0.9481448573082909
-0.17078288458432409, -0.27091486744806775, 0.9472238860069878
-0.16028921644746882, -0.28092057875134097, 0.9461774592004617
-0.1497533367939, -0.2908493375386279, 0.9448754843011347
-0.13919075189506275, -0.30072941208110754, 0.9434118361186069
-0.1285970923464214, -0.3105387506444581, 0.9417298543377501
-0.11797531763843282, -0.3202840899885971, 0.939850332634596
-0.1073319267776862, -0.3299665564002694, 0.9377896235034697
-0.096660743720535, -0.33956818618448587, 0.9354959591078077
-0.08597570717700968, -0.34911642291529577, 0.9330580840422059
-0.07526494273021725, -0.3585655011183513, 0.9303523891610008
-0.06454637731364603, -0.36797225037752496, 0.9275391903330259
-0.053805894886742596, -0.3772600754610315, 0.9244239566069827
-0.043061942699198434, -0.38651818446619685, 0.9212375556195799
-0.03230163306863206, -0.3956362033877548, 0.9177156518286231
-0.02154045559831403, -0.4047386295615155, 0.914158448193752
-0.010770227799156795, -0.4136784456511048, 0.9102331176152022
1.1102230246251565e-16, -0.42261826174069383, 0.9063077870366526
6.982150666838977e-17, -0.42261826174069383, 0.9063077870366526
0.0107702277991546, -0.4136784456511066, 0.9102331176152013
0.021540455598311463, -0.4047386295615175, 0.9141584481937514
0.03230163306862949, -0.3956362033877567, 0.9177156518286225
0.04306194269919585, -0.3865181844661986, 0.9212375556195793
0.05380589488674008, -0.377260075461033, 0.9244239566069823
0.06454637731364325, -0.36797225037752657, 0.9275391903330256
0.07526494273021457, -0.3585655011183526, 0.9303523891610006
0.08597570717700678, -0.3491164229152971, 0.9330580840422057
0.09666074372053224, -0.339568186184487, 0.9354959591078077
0.10733192677768325, -0.32996655640027056, 0.9377896235034696
0.1179753176384302, -0.32028408998859775, 0.939850332634596
0.1285970923464184, -0.31053875064445896, 0.9417298543377504
0.13919075189505972, -0.3007294120811082, 0.943411836118607
0.1497533367938966, -0.2908493375386288, 0.944875484301135
0.16028921644746547, -0.28092057875134174, 0.9461774592004621
0.1707828845843203, -0.2709148674480687, 0.9472238860069884
0.18125297864610762, -0.2608742293570199, 0.9481448573082912
0.19166806653273727, -0.25075209542782817, 0.9487730990974075
0.20206441800220162, -0.2406072024768705, 0.9493123536305661
0.2123913345139361, -0.23037796726878046, 0.949521831862236
0.22270604086271503, -0.22013652189773486, 0.9496789405359887
0.23293527607080503, -0.2098096053860004, 0.9494694623043186
0.24316049498093636, -0.19947938244770735, 0.9492442804392444
0.2532826289101281, -0.18906429456107773, 0.9486160386501282
0.2634047628393199, -0.17864920667444814, 0.9479877968610122
0.2734162952738889, -0.1681594675501045, 0.9469622793053565
0.28342200657716193, -0.15766579941324962, 0.9459158524988303
0.2933193561742505, -0.14711269056918527, 0.9445095722555026
0.30319943071673006, -0.13655010567034834, 0.9430459240729747
0.3129750854804955, -0.1259416486694192, 0.9412599739119614
0.32272042482463437, -0.11531987396143101, 0.9393804522088071
0.33236696384632647, -0.10466413101339338, 0.9372162074045537
0.3419685936305429, -0.09399294795624238, 0.9349225430088917
0.3514786924660628, -0.0832980160653066, 0.9323816603219038
0.3609277706691183, -0.07258725161851443, 0.9296759654406989
0.37029420664840496, -0.06186125670691529, 0.926760381901514
0.37958203173191146, -0.051120774280012105, 0.9236451481754708
0.3887976891965898, -0.04037186529155209, 0.9203570796718392
0.397915708118148, -0.029611555660985712, 0.9168351758808825
0.40697358358391655, -0.018847898648520083, 0.9131771155491131
0.4159133996735056, -0.008077670849363228, 0.9092517849705632
0.42038330771829613, 0.0026925569497895973, 0.90728911968129
0.4114434916287072, 0.013462784748946537, 0.9112144502598398
0.40247471757892306, 0.024231400845707532, 0.9150742239854055
0.3933566986573651, 0.034991710476273946, 0.9185961277763622
0.38422594427366097, 0.04575053306656562, 0.9220875313124505
0.37493811919015446, 0.056491015493468924, 0.9252027650384935
0.36565029410664807, 0.06723149792037217, 0.9283179987645367
0.356203231567587, 0.07794263384191583, 0.9310288128813022
0.3467541533645315, 0.08865339828870819, 0.9337345077625073
0.33716777873843123, 0.09932853948482337, 0.9360693752067233
0.32756614895421493, 0.10999972254197452, 0.9383630396023852
0.31784775515256164, 0.12063076131543078, 0.9403202130603847
0.3081024158084229, 0.13125253602341908, 0.9421997347635389
0.298259393445487, 0.14183139811977272, 0.9437777481642389
0.28837931890300766, 0.15239398301860965, 0.9452413963467667
0.27841915092552233, 0.16291263348168308, 0.9464390659020934
0.26841343962224923, 0.1734063016185381, 0.9474854927086194
0.25834369587472106, 0.18385675061776907, 0.9483019177555698
0.2482215619455293, 0.1942718385043988, 0.948930159544686
0.23804989367484722, 0.20464614713013943, 0.949364723188483
0.22782065846675723, 0.21497306364187402, 0.9495742014201527
0.21755479276980066, 0.22526334966474182, 0.9496265709780701
0.20722787625806627, 0.23549258487283192, 0.9494170927464003
0.19687561047604946, 0.24569102846323876, 0.9490872199919643
0.18646052258942003, 0.2558131623924305, 0.9484589782028482
0.17602971865274541, 0.26591201179643864, 0.9477470994102499
0.1655360505158906, 0.2759177230997118, 0.9467006726037237
0.1550346292433128, 0.2859093002673956, 0.9456073083923972
0.144472044344476, 0.2957893748098752, 0.9441436602098692
0.13390797970041032, 0.30566608097239634, 0.9426696151893255
0.12328620499242221, 0.3154114203165352, 0.940790093486171
0.11266443028443412, 0.32515675966067414, 0.9389105717830168
0.10199633524910581, 0.33476737129238576, 0.9366427913056364
0.09132515219195489, 0.3443690010766023, 0.9343491269099744
0.08062032495360895, 0.3538409620168319, 0.9317052366016005
0.06990956050681683, 0.3632900402198874, 0.9289995417203953
0.05917613610019, 0.3726161629192869, 0.925981573470001
0.04843565367328698, 0.3819039880027934, 0.9228663397439577
0.037681787883911175, 0.3910771939269848, 0.9194766037240978
0.02692147825334485, 0.4001952128485431, 0.9159546999331409
0.016155341698731757, 0.40920853760631926, 0.9121957829044731
0.005385113899574901, 0.4181483536959085, 0.9082704523259232
-0.005385113899578819, 0.41814835369590553, 0.9082704523259246
-0.016155341698735663, 0.40920853760631637, 0.9121957829044745
-0.026921478253348924, 0.40019521284854, 0.9159546999331419
-0.03768178788391527, 0.391077193926982, 0.9194766037240988
-0.048435653673291154, 0.3819039880027907, 0.9228663397439586
-0.059176136100194225, 0.37261616291928434, 0.9259815734700019
-0.06990956050682111, 0.3632900402198849, 0.9289995417203962
-0.08062032495361329, 0.35384096201682946, 0.9317052366016012
-0.0913251521919593, 0.3443690010765998, 0.9343491269099746
-0.1019963352491103, 0.33476737129238343, 0.9366427913056368
-0.1126644302844387, 0.3251567596606718, 0.9389105717830171
-0.12328620499242682, 0.31541142031653313, 0.9407900934861713
-0.13390797970041507, 0.3056660809723942, 0.9426696151893257
-0.1444720443444808, 0.29578937480987316, 0.9441436602098692
-0.15503462924331762, 0.28590930026739375, 0.945607308392397
-0.16553605051589554, 0.2759177230997099, 0.9467006726037234
-0.17602971865275036, 0.26591201179643686, 0.9477470994102495
-0.186460522589425, 0.2558131623924289, 0.9484589782028475
-0.19687561047605456, 0.24569102846323715, 0.9490872199919638
-0.20722787625807143, 0.2354925848728303, 0.9494170927463994
-0.21755479276980583, 0.22526334966474032, 0.9496265709780694
-0.22782065846676253, 0.21497306364187252, 0.9495742014201518
-0.23804989367485255, 0.20464614713013807, 0.949364723188482
-0.24822156194553482, 0.19427183850439744, 0.9489301595446846
-0.2583436958747265, 0.183856750617768, 0.9483019177555687
-0.26841343962225483, 0.17340630161853696, 0.947485492708618
-0.27841915092552794, 0.16291263348168203, 0.9464390659020919
-0.2883793189030134, 0.1523939830186086, 0.9452413963467652
-0.2982593934454929, 0.14183139811977175, 0.9437777481642372
-0.3081024158084285, 0.1312525360234184, 0.9421997347635371
-0.31784775515256736, 0.12063076131543013, 0.9403202130603827
-0.32756614895422076, 0.10999972254197385, 0.9383630396023831
-0.3371677787384373, 0.09932853948482279, 0.9360693752067214
-0.3467541533645374, 0.08865339828870787, 0.9337345077625051
-0.3562032315675929, 0.07794263384191558, 0.9310288128813
-0.36565029410665406, 0.06723149792037195, 0.9283179987645345
-0.3749381191901606, 0.0564910154934687, 0.9252027650384912
-0.3842259442736671, 0.045750533066565464, 0.9220875313124479
-0.3933566986573711, 0.034991710476274085, 0.9185961277763598
-0.4024747175789293, 0.024231400845707695, 0.9150742239854031
-0.4114434916287134, 0.013462784748946724, 0.911214450259837
-0.4203833077183025, 0.002692556949789831, 0.9072891196812871
-0.41591339967350993, -0.008077670849365655, 0.9092517849705612
-0.4069735835839208, -0.018847898648522446, 0.9131771155491111
-0.3979157081181521, -0.029611555660988057, 0.9168351758808806
-0.3887976891965939, -0.04037186529155438, 0.9203570796718374
-0.3795820317319154, -0.05112077428001438, 0.923645148175469
-0.37029420664840895, -0.061861256706917306, 0.9267603819015123
-0.36092777066912224, -0.07258725161851629, 0.9296759654406971
-0.35147869246606667, -0.08329801606530848, 0.9323816603219023
-0.34196859363054666, -0.09399294795624419, 0.9349225430088903
-0.33236696384633024, -0.10466413101339492, 0.9372162074045522
-0.32272042482463803, -0.11531987396143253, 0.9393804522088056
-0.31297508548049907, -0.1259416486694207, 0.9412599739119599
-0.30319943071673355, -0.13655010567034978, 0.9430459240729734
-0.2933193561742541, -0.14711269056918647, 0.9445095722555014
-0.28342200657716554, -0.15766579941325057, 0.9459158524988289
-0.27341629527389216, -0.16815946755010563, 0.9469622793053554
-0.2634047628393231, -0.1786492066744492, 0.9479877968610111
-0.2532826289101314, -0.18906429456107854, 0.9486160386501273
-0.24316049498093972, -0.19947938244770794, 0.9492442804392436
-0.23293527607080822, -0.209809605386001, 0.9494694623043177
-0.22270604086271822, -0.22013652189773525, 0.9496789405359876
-0.2123913345139393, -0.23037796726878068, 0.9495218318622353
-0.20206441800220448, -0.2406072024768709, 0.9493123536305654
-0.1916680665327401, -0.25075209542782845, 0.9487730990974068
-0.1812529786461104, -0.26087422935702015, 0.9481448573082909
-0.1707828845843228, -0.270914867448069, 0.9472238860069877
-0.16028921644746785, -0.28092057875134196, 0.9461774592004617
-0.14975333679389896, -0.2908493375386288, 0.9448754843011345
-0.13919075189506214, -0.30072941208110804, 0.9434118361186067
-0.1285970923464205, -0.31053875064445885, 0.9417298543377501
-0.11797531763843223, -0.32028408998859753, 0.9398503326345957
-0.10733192677768529, -0.32996655640027023, 0.9377896235034694
-0.0966607437205342, -0.33956818618448653, 0.9354959591078076
-0.0859757071770084, -0.3491164229152968, 0.9330580840422056
-0.07526494273021615, -0.3585655011183523, 0.9303523891610005
-0.0645463773136448, -0.36797225037752596, 0.9275391903330256
-0.053805894886741396, -0.3772600754610325, 0.9244239566069824
-0.04306194269919722, -0.38651818446619784, 0.9212375556195794
-0.03230163306863082, -0.3956362033877559, 0.9177156518286227
-0.02154045559831242, -0.40473862956151685, 0.9141584481937515
-0.010770227799155487, -0.4136784456511059, 0.9102331176152018
1.4432899320127035e-15, -0.42261826174069494, 0.9063077870366522
6.982150666838977e-17, -0.42261826174069383, 0.9063077870366526
0.010770227799155908, -0.4136784456511056, 0.9102331176152019
0.02154045559831276, -0.40473862956151646, 0.9141584481937518
0.03230163306863075, -0.3956362033877557, 0.9177156518286229
0.04306194269919707, -0.38651818446619757, 0.9212375556195797
0.05380589488674127, -0.37726007546103196, 0.9244239566069826
0.06454637731364442, -0.3679722503775255, 0.9275391903330258
0.07526494273021575, -0.35856550111835156, 0.9303523891610008
0.08597570717700792, -0.34911642291529604, 0.933058084042206
0.09666074372053332, -0.339568186184486, 0.9354959591078079
0.10733192677768431, -0.3299665564002695, 0.9377896235034698
0.11797531763843125, -0.32028408998859675, 0.9398503326345962
0.12859709234641942, -0.31053875064445796, 0.9417298543377506
0.1391907518950607, -0.3007294120811074, 0.9434118361186072
0.14975333679389763, -0.29084933753862785, 0.9448754843011351
0.16028921644746644, -0.28092057875134085, 0.9461774592004621
0.17078288458432128, -0.2709148674480678, 0.9472238860069885
0.1812529786461085, -0.26087422935701915, 0.9481448573082915
0.1916680665327381, -0.2507520954278274, 0.9487730990974075
0.20206441800220243, -0.24060720247686967, 0.9493123536305661
0.21239133451393688, -0.23037796726877968, 0.949521831862236
0.22270604086271573, -0.2201365218977341, 0.9496789405359887
0.23293527607080577, -0.20980960538599966, 0.9494694623043186
0.24316049498093706, -0.19947938244770663, 0.9492442804392444
0.2532826289101288, -0.18906429456107707, 0.9486160386501281
0.26340476283932057, -0.17864920667444747, 0.9479877968610122
0.2734162952738895, -0.16815946755010386, 0.9469622793053565
0.28342200657716254, -0.157665799413249, 0.9459158524988303
0.29331935617425114, -0.1471126905691846, 0.9445095722555025
0.30319943071673067, -0.13655010567034773, 0.9430459240729747
0.312975085480496, -0.12594164866941862, 0.9412599739119613
0.32272042482463487, -0.11531987396143045, 0.939380452208807
0.332366963846327, -0.10466413101339284, 0.9372162074045536
0.34196859363054344, -0.09399294795624182, 0.9349225430088915
0.35147869246606317, -0.0832980160653061, 0.9323816603219037
0.3609277706691187, -0.07258725161851391, 0.9296759654406987
0.3702942066484053, -0.06186125670691485, 0.926760381901514
0.37958203173191185, -0.05112077428001163, 0.9236451481754706
0.38879768919659013, -0.04037186529155164, 0.920357079671839
0.3979157081181483, -0.029611555660985354, 0.9168351758808825
0.4069735835839168, -0.018847898648519747, 0.9131771155491128
0.4159133996735059, -0.008077670849362898, 0.909251784970563
0.4203833077182952, 0.0026925569497908606, 0.9072891196812907
0.4114434916287061, 0.013462784748947814, 0.9112144502598404
0.40247471757892195, 0.024231400845708857, 0.9150742239854059
0.393356698657364, 0.03499171047627526, 0.9185961277763628
0.3842259442736598, 0.045750533066566915, 0.9220875313124508
0.3749381191901534, 0.05649101549347016, 0.925202765038494
0.36565029410664696, 0.06723149792037342, 0.9283179987645371
0.35620323156758593, 0.07794263384191707, 0.9310288128813026
0.34675415336453047, 0.08865339828870934, 0.9337345077625077
0.3371677787384302, 0.09932853948482452, 0.9360693752067235
0.32756614895421393, 0.1099997225419756, 0.9383630396023854
0.3178477551525606, 0.12063076131543193, 0.9403202130603848
0.3081024158084219, 0.13125253602342016, 0.942199734763539
0.298259393445486, 0.14183139811977374, 0.9437777481642389
0.2883793189030066, 0.15239398301861076, 0.9452413963467667
0.2784191509255214, 0.16291263348168405, 0.9464390659020934
0.2684134396222484, 0.17340630161853907, 0.9474854927086195
0.25834369587472017, 0.18385675061777002, 0.9483019177555698
0.2482215619455284, 0.19427183850439972, 0.948930159544686
0.23804989367484633, 0.2046461471301403, 0.949364723188483
0.22782065846675637, 0.21497306364187485, 0.9495742014201527
0.21755479276979983, 0.22526334966474265, 0.9496265709780701
0.20722787625806546, 0.23549258487283273, 0.9494170927464003
0.19687561047604862, 0.24569102846323954, 0.9490872199919642
0.1864605225894192, 0.25581316239243135, 0.9484589782028481
0.1760297186527446, 0.26591201179643936, 0.9477470994102498
0.16553605051588988, 0.27591772309971246, 0.9467006726037235
0.155034629243312, 0.28590930026739636, 0.9456073083923969
0.1444720443444753, 0.2957893748098759, 0.9441436602098691
0.13390797970040963, 0.305666080972397, 0.9426696151893253
0.12328620499242161, 0.31541142031653574, 0.9407900934861709
0.11266443028443346, 0.3251567596606747, 0.9389105717830167
0.10199633524910522, 0.3347673712923863, 0.9366427913056363
0.09132515219195432, 0.34436900107660273, 0.9343491269099742
0.08062032495360837, 0.35384096201683235, 0.9317052366016003
0.06990956050681628, 0.3632900402198879, 0.9289995417203953
0.05917613610018954, 0.3726161629192873, 0.925981573470001
0.048435653673286484, 0.3819039880027938, 0.9228663397439576
0.037681787883910786, 0.39107719392698514, 0.9194766037240976
0.02692147825334449, 0.4001952128485433, 0.9159546999331408
0.016155341698731417, 0.4092085376063196, 0.9121957829044729
0.00538511389957458, 0.41814835369590875, 0.9082704523259231
-0.005385113899579559, 0.41814835369590486, 0.9082704523259248
-0.01615534169873649, 0.4092085376063157, 0.9121957829044747
-0.026921478253349666, 0.40019521284853943, 0.9159546999331423
-0.03768178788391609, 0.3910771939269813, 0.9194766037240991
-0.04843565367329189, 0.38190398800279, 0.9228663397439589
-0.059176136100195065, 0.37261616291928357, 0.9259815734700023
-0.06990956050682184, 0.3632900402198842, 0.9289995417203962
-0.08062032495361404, 0.35384096201682874, 0.9317052366016014
-0.09132515219196004, 0.34436900107659907, 0.9343491269099748
-0.10199633524911106, 0.33476737129238276, 0.9366427913056369
-0.11266443028443936, 0.32515675966067126, 0.9389105717830171
-0.12328620499242754, 0.31541142031653246, 0.9407900934861715
-0.13390797970041582, 0.30566608097239356, 0.9426696151893259
-0.14447204434448147, 0.29578937480987255, 0.9441436602098693
-0.1550346292433184, 0.2859093002673931, 0.9456073083923973
-0.16553605051589615, 0.2759177230997093, 0.9467006726037235
-0.176029718652751, 0.26591201179643625, 0.9477470994102495
-0.18646052258942564, 0.25581316239242824, 0.9484589782028476
-0.19687561047605523, 0.24569102846323648, 0.9490872199919638
-0.20722787625807199, 0.2354925848728297, 0.9494170927463994
-0.21755479276980644, 0.2252633496647397, 0.9496265709780692
-0.2278206584667631, 0.21497306364187196, 0.9495742014201518
-0.23804989367485307, 0.20464614713013754, 0.9493647231884821
-0.24822156194553535, 0.1942718385043969, 0.9489301595446846
-0.2583436958747271, 0.18385675061776735, 0.9483019177555687
-0.2684134396222555, 0.17340630161853632, 0.9474854927086179
-0.2784191509255283, 0.16291263348168158, 0.9464390659020918
-0.28837931890301377, 0.15239398301860818, 0.9452413963467651
-0.29825939344549335, 0.14183139811977122, 0.9437777481642372
-0.3081024158084291, 0.13125253602341774, 0.9421997347635371
-0.3178477551525678, 0.12063076131542971, 0.9403202130603826
-0.3275661489542211, 0.10999972254197343, 0.938363039602383
-0.3371677787384376, 0.09932853948482234, 0.9360693752067213
-0.34675415336453796, 0.08865339828870725, 0.933734507762505
-0.3562032315675934, 0.07794263384191506, 0.9310288128813
-0.3656502941066545, 0.0672314979203715, 0.9283179987645345
-0.374938119190161, 0.05649101549346827, 0.9252027650384911
-0.3842259442736675, 0.04575053306656504, 0.9220875313124479
-0.39335669865737155, 0.03499171047627358, 0.9185961277763596
-0.4024747175789296, 0.024231400845707296, 0.9150742239854028
-0.41144349162871374, 0.01346278474894632, 0.9112144502598368
-0.4203833077183029, 0.0026925569497893856, 0.907289119681287
-0.4159133996735102, -0.008077670849365375, 0.909251784970561
-0.406973583583921, -0.018847898648522203, 0.913177115549111
-0.39791570811815247, -0.029611555660987686, 0.9168351758808805
-0.3887976891965942, -0.04037186529155398, 0.9203570796718373
-0.37958203173191574, -0.05112077428001398, 0.9236451481754689
-0.3702942066484093, -0.06186125670691691, 0.9267603819015123
-0.3609277706691225, -0.07258725161851597, 0.9296759654406971
-0.351478692466067, -0.08329801606530801, 0.9323816603219023
-0.341968593630547, -0.09399294795624373, 0.9349225430088901
-0.3323669638463307, -0.10466413101339453, 0.937216207404552
-0.3227204248246384, -0.11531987396143215, 0.9393804522088055
-0.3129750854804995, -0.12594164866942023, 0.94125997391196
-0.30319943071673383, -0.1365501056703495, 0.9430459240729734
-0.29331935617425464, -0.14711269056918588, 0.9445095722555014
-0.2834220065771659, -0.15766579941325026, 0.9459158524988289
-0.2734162952738927, -0.16815946755010505, 0.9469622793053553
-0.26340476283932346, -0.1786492066744488, 0.9479877968610111
-0.2532826289101321, -0.1890642945610779, 0.9486160386501272
-0.2431604949809401, -0.19947938244770755, 0.9492442804392435
-0.23293527607080872, -0.20980960538600046, 0.9494694623043177
-0.2227060408627184, -0.22013652189773505, 0.9496789405359876
-0.21239133451393974, -0.23037796726878024, 0.9495218318622353
-0.20206441800220493, -0.24060720247687045, 0.9493123536305654
-0.1916680665327405, -0.250752095427828, 0.9487730990974068
-0.18125297864611062, -0.2608742293570199, 0.9481448573082909
-0.1707828845843236, -0.27091486744806825, 0.9472238860069878
-0.16028921644746852, -0.28092057875134135, 0.9461774592004617
-0.1497533367938997, -0.2908493375386281, 0.9448754843011347
-0.13919075189506247, -0.30072941208110787, 0.9434118361186069
-0.12859709234642144, -0.310538750644458, 0.9417298543377501
-0.11797531763843304, -0.32028408998859687, 0.9398503326345959
-0.10733192677768613, -0.32996655640026945, 0.9377896235034696
-0.09666074372053479, -0.33956818618448603, 0.9354959591078078
-0.08597570717700936, -0.34911642291529604, 0.9330580840422058
-0.07526494273021725, -0.3585655011183512, 0.9303523891610008
-0.06454637731364603, -0.36797225037752496, 0.9275391903330259
-0.053805894886742596, -0.3772600754610315, 0.9244239566069827
-0.043061942699198434, -0.38651818446619685, 0.9212375556195799
-0.03230163306863206, -0.3956362033877548, 0.9177156518286231
-0.021540455598314023, -0.4047386295615155, 0.914158448193752
-0.010770227799156795, -0.4136784456511048, 0.9102331176152022
1.1102230246251565e-16, -0.42261826174069383, 0.9063077870366526
6.982150666838977e-17, -0.42261826174069383, 0.9063077870366526
0.010770227799155888, -0.4136784456511056, 0.9102331176152019
0.02154045559831272, -0.40473862956151646, 0.9141584481937518
0.032301633068630715, -0.3956362033877557, 0.9177156518286228
0.04306194269919704, -0.38651818446619757, 0.9212375556195795
0.05380589488674123, -0.377260075461032, 0.9244239566069826
0.06454637731364438, -0.36797225037752557, 0.9275391903330258
0.07526494273021568, -0.3585655011183516, 0.9303523891610008
0.08597570717700785, -0.34911642291529615, 0.933058084042206
0.09666074372053327, -0.33956818618448603, 0.935495959107808
0.10733192677768424, -0.3299665564002696, 0.93778962350347
0.11797531763843114, -0.32028408998859687, 0.9398503326345962
0.12859709234641933, -0.3105387506444581, 0.9417298543377505
0.13919075189506064, -0.30072941208110743, 0.9434118361186072
0.1497533367938975, -0.29084933753862796, 0.9448754843011351
0.16028921644746633, -0.28092057875134097, 0.9461774592004621
0.17078288458432117, -0.2709148674480679, 0.9472238860069885
0.18125297864610843, -0.2608742293570192, 0.9481448573082915
0.191668066532738, -0.25075209542782745, 0.9487730990974075
0.20206441800220235, -0.24060720247686979, 0.9493123536305661
0.21239133451393674, -0.2303779672687798, 0.949521831862236
0.22270604086271562, -0.22013652189773425, 0.9496789405359887
0.23293527607080564, -0.20980960538599977, 0.9494694623043186
0.24316049498093695, -0.19947938244770677, 0.9492442804392444
0.2532826289101287, -0.18906429456107715, 0.9486160386501281
0.26340476283932046, -0.17864920667444759, 0.9479877968610122
0.2734162952738894, -0.16815946755010397, 0.9469622793053565
0.28342200657716243, -0.1576657994132491, 0.9459158524988303
0.293319356174251, -0.14711269056918477, 0.9445095722555026
0.3031994307167305, -0.13655010567034792, 0.9430459240729747
0.31297508548049596, -0.12594164866941876, 0.9412599739119613
0.3227204248246347, -0.11531987396143059, 0.939380452208807
0.3323669638463269, -0.10466413101339297, 0.9372162074045536
0.3419685936305432, -0.09399294795624193, 0.9349225430088917
0.35147869246606306, -0.08329801606530621, 0.9323816603219038
0.36092777066911863, -0.07258725161851402, 0.9296759654406987
0.3702942066484052, -0.06186125670691496, 0.926760381901514
0.37958203173191174, -0.05112077428001179, 0.9236451481754708
0.3887976891965901, -0.040371865291551776, 0.9203570796718391
0.39791570811814825, -0.029611555660985472, 0.9168351758808825
0.4069735835839168, -0.01884789864851985, 0.9131771155491128
0.4159133996735058, -0.00807767084936298, 0.9092517849705631
0.4203833077182952, 0.002692556949790777, 0.9072891196812907
0.4114434916287062, 0.013462784748947725, 0.9112144502598404
0.40247471757892206, 0.024231400845708705, 0.9150742239854058
0.3933566986573641, 0.03499171047627512, 0.9185961277763627
0.38422594427365997, 0.045750533066566776, 0.9220875313124508
0.3749381191901535, 0.05649101549347003, 0.925202765038494
0.36565029410664707, 0.06723149792037333, 0.928317998764537
0.356203231567586, 0.07794263384191698, 0.9310288128813025
0.3467541533645306, 0.08865339828870925, 0.9337345077625077
0.3371677787384303, 0.09932853948482444, 0.9360693752067235
0.327566148954214, 0.10999972254197554, 0.9383630396023854
0.31784775515256075, 0.12063076131543177, 0.9403202130603847
0.3081024158084219, 0.1312525360234201, 0.942199734763539
0.29825939344548624, 0.14183139811977355, 0.9437777481642389
0.2883793189030068, 0.15239398301861057, 0.9452413963467668
0.27841915092552155, 0.1629126334816839, 0.9464390659020935
0.26841343962224856, 0.17340630161853887, 0.9474854927086194
0.25834369587472034, 0.18385675061776985, 0.9483019177555698
0.24822156194552863, 0.19427183850439955, 0.948930159544686
0.23804989367484647, 0.20464614713014012, 0.949364723188483
0.22782065846675653, 0.21497306364187468, 0.9495742014201527
0.2175547927698, 0.22526334966474248, 0.9496265709780701
0.2072278762580656, 0.23549258487283256, 0.9494170927464003
0.1968756104760488, 0.2456910284632394, 0.9490872199919642
0.18646052258941934, 0.2558131623924312, 0.9484589782028481
0.17602971865274475, 0.26591201179643925, 0.9477470994102499
0.16553605051589, 0.27591772309971235, 0.9467006726037235
0.15503462924331218, 0.2859093002673962, 0.9456073083923969
0.14447204434447541, 0.29578937480987577, 0.9441436602098692
0.1339079797004098, 0.3056660809723968, 0.9426696151893253
0.12328620499242174, 0.3154114203165356, 0.9407900934861709
0.1126644302844336, 0.3251567596606746, 0.9389105717830167
0.10199633524910542, 0.3347673712923861, 0.9366427913056363
0.09132515219195442, 0.3443690010766026, 0.9343491269099744
0.08062032495360857, 0.3538409620168322, 0.9317052366016004
0.06990956050681638, 0.36329004021988787, 0.9289995417203953
0.05917613610018972, 0.3726161629192871, 0.925981573470001
0.04843565367328656, 0.3819039880027937, 0.9228663397439576
0.03768178788391095, 0.391077193926985, 0.9194766037240977
0.026921478253344663, 0.4001952128485432, 0.9159546999331408
0.016155341698731507, 0.4092085376063195, 0.9121957829044729
0.005385113899574747, 0.41814835369590864, 0.9082704523259231
-0.005385113899580127, 0.4181483536959044, 0.9082704523259251
-0.016155341698736975, 0.4092085376063153, 0.9121957829044749
-0.02692147825335024, 0.400195212848539, 0.9159546999331425
-0.03768178788391657, 0.3910771939269809, 0.9194766037240992
-0.048435653673292375, 0.3819039880027896, 0.9228663397439592
-0.05917613610019554, 0.3726161629192832, 0.9259815734700023
-0.06990956050682234, 0.36329004021988376, 0.9289995417203964
-0.08062032495361451, 0.35384096201682835, 0.9317052366016014
-0.0913251521919605, 0.3443690010765986, 0.9343491269099751
-0.1019963352491115, 0.3347673712923823, 0.936642791305637
-0.11266443028443981, 0.3251567596606708, 0.9389105717830171
-0.12328620499242798, 0.315411420316532, 0.9407900934861715
-0.13390797970041626, 0.3056660809723931, 0.9426696151893259
-0.14447204434448194, 0.29578937480987216, 0.9441436602098694
-0.15503462924331882, 0.28590930026739264, 0.9456073083923973
-0.16553605051589662, 0.27591772309970886, 0.9467006726037235
-0.17602971865275144, 0.26591201179643587, 0.9477470994102495
-0.18646052258942608, 0.25581316239242785, 0.9484589782028476
-0.19687561047605562, 0.2456910284632361, 0.9490872199919638
-0.20722787625807243, 0.2354925848728293, 0.9494170927463994
-0.21755479276980685, 0.22526334966473932, 0.9496265709780692
-0.22782065846676353, 0.21497306364187152, 0.9495742014201518
-0.23804989367485346, 0.20464614713013718, 0.9493647231884821
-0.24822156194553574, 0.1942718385043965, 0.9489301595446846
-0.25834369587472755, 0.18385675061776685, 0.9483019177555687
-0.2684134396222557, 0.17340630161853604, 0.9474854927086179
-0.2784191509255287, 0.16291263348168122, 0.9464390659020918
-0.2883793189030141, 0.1523939830186078, 0.945241396346765
-0.2982593934454937, 0.14183139811977086, 0.9437777481642371
-0.30810241580842956, 0.13125253602341727, 0.9421997347635369
-0.31784775515256813, 0.12063076131542935, 0.9403202130603827
-0.32756614895422154, 0.10999972254197306, 0.938363039602383
-0.337167778738438, 0.09932853948482198, 0.9360693752067212
-0.3467541533645384, 0.08865339828870678, 0.9337345077625048
-0.3562032315675937, 0.07794263384191476, 0.9310288128812998
-0.36565029410665484, 0.06723149792037113, 0.9283179987645342
-0.3749381191901613, 0.056491015493467904, 0.9252027650384911
-0.38422594427366785, 0.04575053306656467, 0.9220875313124477
-0.39335669865737183, 0.03499171047627329, 0.9185961277763595
-0.4024747175789299, 0.02423140084570692, 0.9150742239854026
-0.4114434916287141, 0.013462784748945949, 0.9112144502598366
-0.4203833077183032, 0.0026925569497890166, 0.9072891196812869
-0.41591339967351026, -0.008077670849365289, 0.9092517849705611
-0.406973583583921, -0.01884789864852213, 0.913177115549111
-0.3979157081181524, -0.029611555660987707, 0.9168351758808805
-0.3887976891965942, -0.040371865291554024, 0.9203570796718373
-0.3795820317319157, -0.05112077428001403, 0.9236451481754689
-0.3702942066484093, -0.061861256706916896, 0.9267603819015122
-0.3609277706691225, -0.07258725161851595, 0.929675965440697
-0.3514786924660669, -0.0832980160653081, 0.9323816603219022
-0.341968593630547, -0.0939929479562438, 0.9349225430088902
-0.3323669638463307, -0.10466413101339449, 0.937216207404552
-0.3227204248246384, -0.11531987396143213, 0.9393804522088055
-0.31297508548049946, -0.12594164866942034, 0.94125997391196
-0.30319943071673394, -0.1365501056703494, 0.9430459240729734
-0.2933193561742546, -0.14711269056918597, 0.9445095722555014
-0.2834220065771657, -0.15766579941325043, 0.9459158524988291
-0.27341629527389266, -0.16815946755010522, 0.9469622793053554
-0.26340476283932357, -0.17864920667444872, 0.9479877968610111
-0.2532826289101319, -0.18906429456107804, 0.9486160386501273
-0.24316049498093992, -0.1994793824477077, 0.9492442804392435
-0.2329352760708087, -0.20980960538600052, 0.9494694623043177
-0.22270604086271842, -0.22013652189773503, 0.9496789405359876
-0.21239133451393954, -0.23037796726878046, 0.9495218318622353
-0.202064418002205, -0.2406072024768704, 0.9493123536305655
-0.19166806653274068, -0.25075209542782784, 0.9487730990974068
-0.18125297864611084, -0.2608742293570197, 0.9481448573082909
-0.1707828845843236, -0.27091486744806825, 0.9472238860069878
-0.16028921644746866, -0.2809205787513412, 0.9461774592004617
-0.14975333679389977, -0.29084933753862807, 0.9448754843011347
-0.13919075189506253, -0.3007294120811078, 0.9434118361186069
-0.12859709234642117, -0.31053875064445835, 0.9417298543377502
-0.1179753176384329, -0.32028408998859703, 0.9398503326345959
-0.10733192677768598, -0.3299665564002696, 0.9377896235034696
-0.09666074372053472, -0.3395681861844861, 0.9354959591078077
-0.08597570717700934, -0.349116422915296, 0.9330580840422058
-0.0752649427302171, -0.3585655011183514, 0.9303523891610008
-0.06454637731364572, -0.36797225037752523, 0.9275391903330258
-0.05380589488674215, -0.3772600754610319, 0.9244239566069826
-0.04306194269919786, -0.3865181844661973, 0.9212375556195797
-0.03230163306863114, -0.39563620338775557, 0.9177156518286228
-0.02154045559831339, -0.40473862956151596, 0.9141584481937518
-0.010770227799156156, -0.41367844565110523, 0.910233117615202
7.494005416219807e-16, -0.4226182617406943, 0.9063077870366523
6.982150666838977e-17, -0.42261826174069383, 0.9063077870366526
0.010770227799155891, -0.4136784456511056, 0.9102331176152019
0.021540455598312722, -0.40473862956151646, 0.9141584481937518
0.03230163306863072, -0.3956362033877556, 0.9177156518286228
0.04306194269919705, -0.38651818446619757, 0.9212375556195795
0.05380589488674124, -0.377260075461032, 0.9244239566069826
0.06454637731364439, -0.3679722503775255, 0.9275391903330258
0.0752649427302157, -0.3585655011183516, 0.9303523891610009
0.08597570717700787, -0.3491164229152961, 0.933058084042206
0.0966607437205333, -0.33956818618448603, 0.935495959107808
0.10733192677768426, -0.3299665564002696, 0.93778962350347
0.11797531763843118, -0.32028408998859687, 0.9398503326345963
0.12859709234641936, -0.310538750644458, 0.9417298543377505
0.13919075189506064, -0.3007294120811074, 0.9434118361186072
0.14975333679389755, -0.2908493375386279, 0.9448754843011351
0.16028921644746635, -0.2809205787513409, 0.9461774592004621
0.1707828845843212, -0.27091486744806786, 0.9472238860069885
0.18125297864610845, -0.2608742293570192, 0.9481448573082915
0.19166806653273805, -0.2507520954278274, 0.9487730990974075
0.20206441800220237, -0.24060720247686976, 0.9493123536305661
0.21239133451393677, -0.23037796726877974, 0.949521831862236
0.2227060408627157, -0.22013652189773417, 0.9496789405359887
0.2329352760708057, -0.20980960538599971, 0.9494694623043186
0.243160494980937, -0.19947938244770672, 0.9492442804392442
0.2532826289101287, -0.18906429456107712, 0.9486160386501281
0.26340476283932046, -0.17864920667444756, 0.9479877968610122
0.27341629527388944, -0.16815946755010394, 0.9469622793053565
0.28342200657716243, -0.157665799413249, 0.9459158524988303
0.2933193561742511, -0.1471126905691847, 0.9445095722555025
0.30319943071673056, -0.13655010567034784, 0.9430459240729747
0.312975085480496, -0.1259416486694187, 0.9412599739119613
0.32272042482463476, -0.11531987396143052, 0.9393804522088071
0.3323669638463269, -0.10466413101339292, 0.9372162074045537
0.34196859363054327, -0.09399294795624193, 0.9349225430088917
0.35147869246606306, -0.08329801606530621, 0.9323816603219037
0.36092777066911874, -0.072587251618514, 0.9296759654406987
0.3702942066484052, -0.06186125670691493, 0.926760381901514
0.37958203173191174, -0.05112077428001176, 0.9236451481754707
0.38879768919659013, -0.04037186529155174, 0.9203570796718391
0.39791570811814825, -0.02961155566098542, 0.9168351758808825
0.4069735835839168, -0.01884789864851979, 0.9131771155491128
0.41591339967350593, -0.008077670849362858, 0.909251784970563
0.42038330771829513, 0.002692556949790901, 0.9072891196812907
0.4114434916287061, 0.01346278474894785, 0.9112144502598404
0.402474717578922, 0.02423140084570883, 0.9150742239854058
0.393356698657364, 0.03499171047627524, 0.9185961277763627
0.3842259442736599, 0.0457505330665669, 0.9220875313124508
0.37493811919015346, 0.056491015493470145, 0.925202765038494
0.365650294106647, 0.06723149792037339, 0.9283179987645371
0.35620323156758593, 0.07794263384191703, 0.9310288128813027
0.3467541533645305, 0.0886533982887093, 0.9337345077625077
0.3371677787384303, 0.09932853948482448, 0.9360693752067235
0.327566148954214, 0.10999972254197554, 0.9383630396023854
0.31784775515256064, 0.12063076131543184, 0.9403202130603849
0.30810241580842185, 0.1312525360234202, 0.942199734763539
0.2982593934454862, 0.1418313981197737, 0.9437777481642389
0.28837931890300667, 0.15239398301861068, 0.9452413963467668
0.27841915092552144, 0.162912633481684, 0.9464390659020934
0.2684134396222484, 0.173406301618539, 0.9474854927086195
0.2583436958747202, 0.18385675061776993, 0.9483019177555698
0.24822156194552847, 0.19427183850439966, 0.948930159544686
0.2380498936748464, 0.2046461471301402, 0.949364723188483
0.2278206584667564, 0.2149730636418748, 0.9495742014201527
0.2175547927697999, 0.22526334966474254, 0.9496265709780701
0.20722787625806546, 0.2354925848728327, 0.9494170927464003
0.19687561047604865, 0.24569102846323954, 0.9490872199919642
0.18646052258941925, 0.2558131623924313, 0.9484589782028481
0.17602971865274464, 0.26591201179643936, 0.9477470994102497
0.16553605051588993, 0.2759177230997124, 0.9467006726037235
0.15503462924331218, 0.2859093002673962, 0.9456073083923969
0.14447204434447533, 0.2957893748098758, 0.9441436602098691
0.1339079797004098, 0.3056660809723968, 0.9426696151893253
0.12328620499242163, 0.3154114203165357, 0.9407900934861709
0.11266443028443349, 0.3251567596606747, 0.9389105717830166
0.10199633524910531, 0.3347673712923862, 0.9366427913056363
0.0913251521919543, 0.34436900107660273, 0.9343491269099743
0.08062032495360846, 0.35384096201683224, 0.9317052366016004
0.06990956050681629, 0.36329004021988787, 0.9289995417203953
0.059176136100189625, 0.37261616291928723, 0.9259815734700009
0.048435653673286436, 0.38190398800279385, 0.9228663397439576
0.03768178788391081, 0.3910771939269851, 0.9194766037240976
0.026921478253344497, 0.4001952128485433, 0.9159546999331407
0.01615534169873125, 0.4092085376063197, 0.9121957829044729
0.00538511389957458, 0.41814835369590875, 0.9082704523259231
-0.005385113899580373, 0.4181483536959042, 0.9082704523259252
-0.01615534169873714, 0.40920853760631515, 0.9121957829044749
-0.02692147825335048, 0.40019521284853876, 0.9159546999331425
-0.03768178788391673, 0.3910771939269808, 0.9194766037240993
-0.04843565367329262, 0.38190398800278935, 0.9228663397439592
-0.05917613610019569, 0.372616162919283, 0.9259815734700023
-0.06990956050682257, 0.36329004021988365, 0.9289995417203964
-0.08062032495361465, 0.3538409620168282, 0.9317052366016015
-0.09132515219196073, 0.3443690010765985, 0.9343491269099751
-0.10199633524911167, 0.3347673712923822, 0.936642791305637
-0.11266443028444006, 0.3251567596606706, 0.9389105717830171
-0.12328620499242815, 0.31541142031653185, 0.9407900934861716
-0.13390797970041643, 0.305666080972393, 0.9426696151893259
-0.1444720443444822, 0.29578937480987194, 0.9441436602098694
-0.15503462924331896, 0.28590930026739253, 0.9456073083923973
-0.16553605051589687, 0.27591772309970863, 0.9467006726037235
-0.17602971865275158, 0.26591201179643575, 0.9477470994102495
-0.1864605225894263, 0.25581316239242763, 0.9484589782028476
-0.1968756104760558, 0.24569102846323593, 0.9490872199919638
-0.20722787625807265, 0.2354925848728291, 0.9494170927463994
-0.217554792769807, 0.22526334966473915, 0.9496265709780694
-0.22782065846676375, 0.2149730636418713, 0.9495742014201518
-0.23804989367485366, 0.20464614713013696, 0.9493647231884819
-0.2482215619455359, 0.19427183850439628, 0.9489301595446846
-0.2583436958747277, 0.18385675061776663, 0.9483019177555687
-0.2684134396222558, 0.17340630161853593, 0.9474854927086179
-0.2784191509255289, 0.162912633481681, 0.9464390659020918
-0.2883793189030143, 0.15239398301860757, 0.945241396346765
-0.2982593934454939, 0.14183139811977064, 0.9437777481642371
-0.3081024158084298, 0.13125253602341705, 0.9421997347635369
-0.31784775515256836, 0.1206307613154291, 0.9403202130603826
-0.32756614895422176, 0.10999972254197282, 0.938363039602383
-0.3371677787384382, 0.09932853948482175, 0.9360693752067211
-0.3467541533645385, 0.08865339828870657, 0.9337345077625048
-0.3562032315675938, 0.0779426338419146, 0.9310288128812998
-0.36565029410665495, 0.06723149792037092, 0.9283179987645342
-0.3749381191901615, 0.056491015493467675, 0.925202765038491
-0.384225944273668, 0.045750533066564444, 0.9220875313124477
-0.39335669865737194, 0.0349917104762731, 0.9185961277763594
-0.40247471757893005, 0.0242314008457067, 0.9150742239854025
-0.4114434916287142, 0.013462784748945735, 0.9112144502598365
-0.42038330771830335, 0.002692556949788804, 0.9072891196812868
-0.4159133996735101, -0.008077670849365452, 0.9092517849705611
-0.40697358358392094, -0.018847898648522293, 0.9131771155491111
-0.39791570811815224, -0.029611555660987908, 0.9168351758808806
-0.3887976891965941, -0.04037186529155421, 0.9203570796718373
-0.3795820317319155, -0.05112077428001422, 0.923645148175469
-0.3702942066484091, -0.06186125670691707, 0.9267603819015122
-0.3609277706691224, -0.07258725161851612, 0.929675965440697
-0.3514786924660668, -0.08329801606530829, 0.9323816603219022
-0.34196859363054677, -0.093992947956244, 0.9349225430088902
-0.3323669638463306, -0.10466413101339464, 0.9372162074045521
-0.32272042482463825, -0.11531987396143227, 0.9393804522088055
-0.3129750854804994, -0.12594164866942045, 0.94125997391196
-0.30319943071673394, -0.13655010567034942, 0.9430459240729734
-0.29331935617425436, -0.14711269056918616, 0.9445095722555014
-0.28342200657716543, -0.1576657994132507, 0.9459158524988291
-0.27341629527389233, -0.16815946755010552, 0.9469622793053554
-0.26340476283932335, -0.178649206674449, 0.9479877968610112
-0.25328262891013165, -0.18906429456107837, 0.9486160386501272
-0.2431604949809396, -0.19947938244770802, 0.9492442804392434
-0.23293527607080838, -0.2098096053860008, 0.9494694623043176
-0.22270604086271817, -0.22013652189773533, 0.9496789405359876
-0.2123913345139392, -0.23037796726878074, 0.9495218318622353
-0.20206441800220473, -0.24060720247687067, 0.9493123536305654
-0.1916680665327404, -0.2507520954278281, 0.9487730990974068
-0.1812529786461106, -0.2608742293570199, 0.9481448573082909
-0.1707828845843233, -0.27091486744806853, 0.9472238860069878
-0.16028921644746838, -0.2809205787513414, 0.9461774592004617
-0.14975333679389957, -0.29084933753862824, 0.9448754843011347
-0.13919075189506241, -0.3007294120811078, 0.9434118361186068
-0.12859709234642108, -0.3105387506444583, 0.9417298543377501
-0.11797531763843286, -0.320284089988597, 0.9398503326345959
-0.10733192677768597, -0.3299665564002696, 0.9377896235034696
-0.09666074372053472, -0.3395681861844861, 0.9354959591078077
-0.08597570717700934, -0.349116422915296, 0.9330580840422058
-0.07526494273021708, -0.3585655011183514, 0.9303523891610008
-0.06454637731364571, -0.36797225037752523, 0.9275391903330258
-0.05380589488674214, -0.3772600754610319, 0.9244239566069826
-0.043061942699197844, -0.38651818446619735, 0.9212375556195797
-0.03230163306863112, -0.39563620338775557, 0.9177156518286228
-0.02154045559831338, -0.40473862956151596, 0.9141584481937518
-0.010770227799156151, -0.41367844565110523, 0.910233117615202
7.494005416219807e-16, -0.4226182617406943, 0.9063077870366523
6.982150666838977e-17, -0.42261826174069383, 0.9063077870366526
0.010770227799155891, -0.4136784456511056, 0.9102331176152019
0.021540455598312722, -0.40473862956151646, 0.9141584481937518
0.03230163306863072, -0.3956362033877556, 0.9177156518286228
0.04306194269919705, -0.38651818446619757, 0.9212375556195795
0.05380589488674124, -0.377260075461032, 0.9244239566069826
0.06454637731364439, -0.3679722503775255, 0.9275391903330258
0.0752649427302157, -0.3585655011183516, 0.9303523891610009
0.08597570717700787, -0.3491164229152961, 0.933058084042206
0.0966607437205333, -0.33956818618448603, 0.935495959107808
0.10733192677768426, -0.3299665564002696, 0.93778962350347
0.11797531763843119, -0.32028408998859687, 0.9398503326345963
0.12859709234641936, -0.310538750644458, 0.9417298543377506
0.13919075189506064, -0.30072941208110743, 0.9434118361186072
0.14975333679389755, -0.2908493375386279, 0.9448754843011351
0.16028921644746635, -0.2809205787513409, 0.9461774592004621
0.1707828845843212, -0.27091486744806786, 0.9472238860069885
0.18125297864610845, -0.2608742293570192, 0.9481448573082915
0.19166806653273805, -0.2507520954278274, 0.9487730990974075
0.2020644180022024, -0.24060720247686976, 0.9493123536305661
0.2123913345139368, -0.23037796726877974, 0.949521831862236
0.22270604086271573, -0.22013652189773417, 0.9496789405359887
0.2329352760708057, -0.20980960538599971, 0.9494694623043186
0.24316049498093703, -0.1994793824477067, 0.9492442804392444
0.25328262891012876, -0.1890642945610771, 0.9486160386501281
0.26340476283932046, -0.17864920667444753, 0.9479877968610122
0.27341629527388944, -0.16815946755010394, 0.9469622793053564
0.28342200657716243, -0.157665799413249, 0.9459158524988303
0.29331935617425103, -0.14711269056918466, 0.9445095722555025
0.30319943071673056, -0.1365501056703478, 0.9430459240729747
0.312975085480496, -0.12594164866941868, 0.9412599739119613
0.3227204248246348, -0.11531987396143051, 0.939380452208807
0.3323669638463269, -0.10466413101339289, 0.9372162074045536
0.3419685936305433, -0.09399294795624188, 0.9349225430088917
0.3514786924660631, -0.08329801606530618, 0.9323816603219037
0.36092777066911874, -0.072587251618514, 0.9296759654406987
0.37029420664840523, -0.06186125670691492, 0.926760381901514
0.37958203173191174, -0.05112077428001173, 0.9236451481754707
0.38879768919659013, -0.04037186529155172, 0.9203570796718391
0.39791570811814825, -0.0296115556609854, 0.9168351758808825
0.4069735835839168, -0.01884789864851977, 0.9131771155491128
0.41591339967350593, -0.008077670849362858, 0.909251784970563
0.42038330771829513, 0.0026925569497909018, 0.9072891196812907
0.4114434916287061, 0.013462784748947855, 0.9112144502598404
0.402474717578922, 0.024231400845708857, 0.9150742239854059
0.393356698657364, 0.034991710476275265, 0.9185961277763627
0.38422594427365986, 0.04575053306656692, 0.9220875313124508
0.3749381191901534, 0.05649101549347017, 0.925202765038494
0.365650294106647, 0.06723149792037342, 0.9283179987645371
0.35620323156758593, 0.07794263384191706, 0.9310288128813027
0.3467541533645305, 0.08865339828870933, 0.9337345077625077
0.33716777873843023, 0.09932853948482451, 0.9360693752067235
0.32756614895421393, 0.10999972254197557, 0.9383630396023854
0.3178477551525606, 0.12063076131543189, 0.9403202130603849
0.30810241580842185, 0.1312525360234202, 0.942199734763539
0.29825939344548613, 0.1418313981197737, 0.9437777481642389
0.28837931890300667, 0.15239398301861073, 0.9452413963467668
0.2784191509255214, 0.16291263348168403, 0.9464390659020935
0.26841343962224834, 0.17340630161853904, 0.9474854927086194
0.25834369587472017, 0.18385675061776996, 0.9483019177555699
0.2482215619455284, 0.19427183850439975, 0.948930159544686
0.23804989367484639, 0.20464614713014026, 0.949364723188483
0.22782065846675637, 0.21497306364187485, 0.9495742014201527
0.21755479276979983, 0.2252633496647426, 0.9496265709780701
0.20722787625806544, 0.23549258487283276, 0.9494170927464003
0.1968756104760486, 0.2456910284632396, 0.9490872199919642
0.1864605225894192, 0.25581316239243135, 0.9484589782028481
0.17602971865274455, 0.2659120117964394, 0.9477470994102497
0.16553605051588985, 0.2759177230997125, 0.9467006726037235
0.15503462924331204, 0.2859093002673963, 0.9456073083923969
0.14447204434447525, 0.2957893748098759, 0.9441436602098691
0.13390797970040969, 0.3056660809723969, 0.9426696151893253
0.12328620499242156, 0.3154114203165358, 0.9407900934861709
0.1126644302844334, 0.32515675966067475, 0.9389105717830167
0.10199633524910517, 0.3347673712923863, 0.9366427913056362
0.09132515219195424, 0.34436900107660284, 0.9343491269099742
0.0806203249536083, 0.35384096201683235, 0.9317052366016003
0.06990956050681621, 0.363290040219888, 0.9289995417203953
0.05917613610018946, 0.37261616291928734, 0.9259815734700009
0.04843565367328635, 0.3819039880027939, 0.9228663397439576
0.03768178788391064, 0.39107719392698526, 0.9194766037240976
0.026921478253344327, 0.4001952128485435, 0.9159546999331407
0.01615534169873116, 0.40920853760631976, 0.9121957829044728
0.005385113899574412, 0.4181483536959089, 0.9082704523259231
-0.005385113899580454, 0.41814835369590414, 0.9082704523259252
-0.0161553416987373, 0.40920853760631504, 0.912195782904475
-0.026921478253350558, 0.40019521284853865, 0.9159546999331425
-0.03768178788391689, 0.3910771939269806, 0.9194766037240993
-0.04843565367329278, 0.38190398800278924, 0.9228663397439592
-0.05917613610019585, 0.3726161629192829, 0.9259815734700024
-0.06990956050682273, 0.3632900402198835, 0.9289995417203964
-0.08062032495361482, 0.353840962016828, 0.9317052366016015
-0.09132515219196091, 0.3443690010765983, 0.9343491269099751
-0.10199633524911182, 0.33476737129238204, 0.936642791305637
-0.11266443028444023, 0.3251567596606704, 0.9389105717830173
-0.12328620499242833, 0.31541142031653174, 0.9407900934861716
-0.13390797970041657, 0.30566608097239284, 0.9426696151893259
-0.14447204434448233, 0.2957893748098718, 0.9441436602098694
-0.15503462924331912, 0.28590930026739236, 0.9456073083923973
-0.165536050515897, 0.2759177230997085, 0.9467006726037235
-0.17602971865275174, 0.26591201179643553, 0.9477470994102495
-0.18646052258942647, 0.2558131623924274, 0.9484589782028476
-0.19687561047605595, 0.24569102846323576, 0.9490872199919638
-0.20722787625807282, 0.23549258487282893, 0.9494170927463994
-0.21755479276980716, 0.22526334966473902, 0.9496265709780694
-0.22782065846676386, 0.21497306364187116, 0.9495742014201518
-0.2380498936748539, 0.2046461471301367, 0.949364723188482
-0.24822156194553616, 0.19427183850439605, 0.9489301595446846
-0.25834369587472783, 0.1838567506177666, 0.9483019177555687
-0.2684134396222561, 0.17340630161853568, 0.9474854927086179
-0.27841915092552916, 0.16291263348168072, 0.9464390659020918
-0.2883793189030146, 0.15239398301860732, 0.945241396346765
-0.2982593934454942, 0.14183139811977039, 0.9437777481642371
-0.3081024158084298, 0.13125253602341702, 0.9421997347635369
-0.3178477551525686, 0.12063076131542885, 0.9403202130603825
-0.3275661489542219, 0.10999972254197256, 0.938363039602383
-0.3371677787384384, 0.09932853948482148, 0.936069375206721
-0.34675415336453863, 0.08865339828870651, 0.9337345077625048
-0.35620323156759404, 0.07794263384191431, 0.9310288128812997
-0.3656502941066552, 0.06723149792037064, 0.9283179987645342
-0.37493811919016173, 0.056491015493467404, 0.9252027650384909
-0.38422594427366824, 0.04575053306656418, 0.9220875313124476
-0.3933566986573722, 0.034991710476272836, 0.9185961277763592
-0.40247471757893033, 0.02423140084570643, 0.9150742239854025
-0.41144349162871446, 0.013462784748945453, 0.9112144502598365
-0.4203833077183036, 0.0026925569497885217, 0.9072891196812867
-0.41591339967350993, -0.008077670849365743, 0.9092517849705612
-0.40697358358392066, -0.018847898648522588, 0.9131771155491111
-0.39791570811815197, -0.029611555660988203, 0.9168351758808806
-0.3887976891965938, -0.04037186529155451, 0.9203570796718374
-0.3795820317319153, -0.05112077428001451, 0.923645148175469
-0.3702942066484089, -0.06186125670691736, 0.9267603819015122
-0.3609277706691221, -0.07258725161851642, 0.9296759654406972
-0.3514786924660665, -0.08329801606530858, 0.9323816603219024
-0.34196859363054655, -0.09399294795624429, 0.9349225430088903
-0.3323669638463303, -0.10466413101339496, 0.9372162074045521
-0.322720424824638, -0.11531987396143258, 0.9393804522088056
-0.312975085480499, -0.12594164866942079, 0.94125997391196
-0.3031994307167334, -0.13655010567034995, 0.9430459240729734
-0.2933193561742539, -0.1471126905691866, 0.9445095722555014
-0.2834220065771653, -0.15766579941325076, 0.945915852498829
-0.273416295273892, -0.16815946755010583, 0.9469622793053554
-0.263404762839323, -0.17864920667444933, 0.9479877968610111
-0.2532826289101313, -0.18906429456107865, 0.9486160386501273
-0.24316049498093958, -0.19947938244770808, 0.9492442804392436
-0.23293527607080808, -0.20980960538600113, 0.9494694623043177
-0.2227060408627181, -0.22013652189773536, 0.9496789405359876
-0.21239133451393918, -0.2303779672687808, 0.9495218318622353
-0.2020644180022044, -0.24060720247687095, 0.9493123536305654
-0.19166806653274007, -0.2507520954278284, 0.9487730990974068
-0.18125297864611056, -0.26087422935702, 0.9481448573082909
-0.17078288458432297, -0.2709148674480688, 0.9472238860069877
-0.16028921644746807, -0.2809205787513418, 0.9461774592004617
-0.14975333679389924, -0.2908493375386285, 0.9448754843011345
-0.1391907518950624, -0.3007294120811078, 0.9434118361186068
-0.12859709234642078, -0.31053875064445857, 0.9417298543377501
-0.11797531763843257, -0.3202840899885973, 0.9398503326345959
-0.10733192677768566, -0.32996655640026984, 0.9377896235034696
-0.09666074372053471, -0.3395681861844861, 0.9354959591078077
-0.08597570717700902, -0.3491164229152962, 0.9330580840422057
-0.07526494273021678, -0.3585655011183517, 0.9303523891610007
-0.06454637731364543, -0.36797225037752546, 0.9275391903330258
-0.053805894886741985, -0.377260075461032, 0.9244239566069826
-0.0430619426991978, -0.38651818446619735, 0.9212375556195797
-0.03230163306863142, -0.3956362033877553, 0.9177156518286229
-0.021540455598313055, -0.40473862956151624, 0.9141584481937517
-0.010770227799156151, -0.41367844565110523, 0.910233117615202
7.494005416219807e-16, -0.4226182617406943, 0.9063077870366523
6.982150666838977e-17, -0.42261826174069383, 0.9063077870366526
0.010770227799155895, -0.4136784456511056, 0.9102331176152019
0.02154045559831273, -0.40473862956151646, 0.9141584481937518
0.03230163306863073, -0.3956362033877556, 0.9177156518286228
0.04306194269919706, -0.38651818446619757, 0.9212375556195795
0.05380589488674126, -0.377260075461032, 0.9244239566069826
0.0645463773136444, -0.3679722503775255, 0.9275391903330258
0.07526494273021572, -0.35856550111835156, 0.9303523891610009
0.08597570717700788, -0.3491164229152961, 0.933058084042206
0.0966607437205333, -0.339568186184486, 0.9354959591078079
0.10733192677768429, -0.32996655640026956, 0.9377896235034698
0.11797531763843122, -0.32028408998859675, 0.9398503326345962
0.1285970923464194, -0.310538750644458, 0.9417298543377505
0.13919075189506067, -0.3007294120811074, 0.9434118361186071
0.14975333679389757, -0.29084933753862785, 0.9448754843011351
0.16028921644746638, -0.28092057875134085, 0.9461774592004621
0.17078288458432125, -0.2709148674480678, 0.9472238860069885
0.18125297864610848, -0.26087422935701915, 0.9481448573082915
0.19166806653273807, -0.2507520954278274, 0.9487730990974075
0.20206441800220243, -0.2406072024768697, 0.9493123536305661
0.21239133451393685, -0.23037796726877968, 0.949521831862236
0.22270604086271573, -0.22013652189773417, 0.9496789405359887
0.23293527607080575, -0.20980960538599966, 0.9494694623043186
0.24316049498093706, -0.19947938244770666, 0.9492442804392444
0.25328262891012876, -0.1890642945610771, 0.9486160386501281
0.2634047628393205, -0.1786492066744475, 0.9479877968610122
0.27341629527388944, -0.16815946755010389, 0.9469622793053565
0.2834220065771625, -0.15766579941324904, 0.9459158524988303
0.29331935617425114, -0.14711269056918463, 0.9445095722555026
0.3031994307167306, -0.13655010567034778, 0.9430459240729747
0.3129750854804961, -0.12594164866941868, 0.9412599739119614
0.32272042482463487, -0.1153198739614305, 0.9393804522088071
0.33236696384632697, -0.10466413101339286, 0.9372162074045536
0.3419685936305434, -0.09399294795624188, 0.9349225430088918
0.35147869246606317, -0.08329801606530617, 0.9323816603219037
0.36092777066911863, -0.07258725161851401, 0.9296759654406987
0.37029420664840523, -0.06186125670691493, 0.926760381901514
0.3795820317319118, -0.05112077428001172, 0.9236451481754707
0.3887976891965901, -0.04037186529155171, 0.9203570796718391
0.39791570811814825, -0.029611555660985424, 0.9168351758808825
0.40697358358391666, -0.01884789864851981, 0.9131771155491128
0.4159133996735058, -0.00807767084936298, 0.909251784970563
0.42038330771829524, 0.002692556949790777, 0.9072891196812907
0.4114434916287062, 0.013462784748947723, 0.9112144502598404
0.40247471757892206, 0.02423140084570876, 0.9150742239854059
0.3933566986573641, 0.03499171047627517, 0.9185961277763628
0.3842259442736599, 0.04575053306656683, 0.9220875313124508
0.37493811919015346, 0.05649101549347006, 0.925202765038494
0.3656502941066472, 0.0672314979203733, 0.9283179987645371
0.35620323156758604, 0.07794263384191695, 0.9310288128813026
0.34675415336453064, 0.08865339828870922, 0.9337345077625077
0.3371677787384303, 0.09932853948482438, 0.9360693752067235
0.32756614895421404, 0.10999972254197546, 0.9383630396023854
0.3178477551525607, 0.12063076131543181, 0.9403202130603848
0.308102415808422, 0.13125253602342002, 0.9421997347635389
0.29825939344548624, 0.1418313981197736, 0.9437777481642389
0.2883793189030068, 0.15239398301861062, 0.945241396346767
0.2784191509255215, 0.16291263348168397, 0.9464390659020935
0.2684134396222485, 0.17340630161853895, 0.9474854927086195
0.2583436958747203, 0.1838567506177699, 0.94830191775557
0.24822156194552858, 0.19427183850439964, 0.9489301595446861
0.2380498936748464, 0.2046461471301402, 0.949364723188483
0.22782065846675648, 0.21497306364187474, 0.9495742014201527
0.21755479276979992, 0.22526334966474254, 0.9496265709780701
0.20722787625806555, 0.23549258487283262, 0.9494170927464003
0.1968756104760488, 0.24569102846323937, 0.9490872199919642
0.18646052258941934, 0.25581316239243124, 0.9484589782028481
0.17602971865274478, 0.2659120117964392, 0.9477470994102498
0.16553605051589002, 0.2759177230997123, 0.9467006726037235
0.15503462924331218, 0.28590930026739614, 0.945607308392397
0.14447204434447544, 0.29578937480987577, 0.9441436602098691
0.13390797970040985, 0.3056660809723968, 0.9426696151893255
0.12328620499242177, 0.31541142031653563, 0.940790093486171
0.11266443028443368, 0.32515675966067453, 0.9389105717830168
0.10199633524910537, 0.3347673712923862, 0.9366427913056363
0.09132515219195456, 0.34436900107660257, 0.9343491269099742
0.08062032495360852, 0.35384096201683224, 0.9317052366016003
0.0699095605068165, 0.3632900402198877, 0.9289995417203953
0.05917613610018968, 0.3726161629192871, 0.925981573470001
0.04843565367328666, 0.3819039880027936, 0.9228663397439576
0.03768178788391087, 0.39107719392698503, 0.9194766037240977
0.02692147825334464, 0.4001952128485432, 0.9159546999331409
0.016155341698731562, 0.4092085376063195, 0.9121957829044729
0.005385113899574739, 0.41814835369590864, 0.9082704523259231
-0.00538511389958004, 0.4181483536959045, 0.9082704523259251
-0.01615534169873696, 0.40920853760631526, 0.9121957829044749
-0.026921478253350135, 0.400195212848539, 0.9159546999331424
-0.037681787883916545, 0.3910771939269809, 0.9194766037240992
-0.048435653673292334, 0.3819039880027896, 0.9228663397439592
-0.05917613610019549, 0.37261616291928323, 0.9259815734700023
-0.06990956050682226, 0.36329004021988387, 0.9289995417203964
-0.08062032495361446, 0.35384096201682835, 0.9317052366016015
-0.09132515219196044, 0.34436900107659874, 0.9343491269099748
-0.10199633524911145, 0.33476737129238243, 0.936642791305637
-0.11266443028443975, 0.32515675966067087, 0.9389105717830172
-0.12328620499242793, 0.31541142031653213, 0.9407900934861716
-0.1339079797004161, 0.30566608097239334, 0.9426696151893259
-0.14447204434448174, 0.29578937480987233, 0.9441436602098693
-0.15503462924331862, 0.2859093002673928, 0.9456073083923973
-0.16553605051589643, 0.2759177230997091, 0.9467006726037235
-0.17602971865275124, 0.26591201179643603, 0.9477470994102495
-0.18646052258942586, 0.255813162392428, 0.9484589782028475
-0.19687561047605545, 0.2456910284632363, 0.9490872199919638
-0.20722787625807218, 0.23549258487282954, 0.9494170927463994
-0.2175547927698066, 0.22526334966473954, 0.9496265709780692
-0.22782065846676325, 0.2149730636418718, 0.9495742014201518
-0.23804989367485332, 0.2046461471301373, 0.9493647231884819
-0.24822156194553557, 0.1942718385043966, 0.9489301595446846
-0.25834369587472716, 0.1838567506177672, 0.9483019177555687
-0.2684134396222555, 0.1734063016185363, 0.947485492708618
-0.2784191509255285, 0.16291263348168136, 0.9464390659020918
-0.28837931890301394, 0.15239398301860796, 0.9452413963467651
-0.29825939344549346, 0.14183139811977113, 0.9437777481642371
-0.30810241580842923, 0.13125253602341766, 0.9421997347635369
-0.3178477551525679, 0.1206307613154295, 0.9403202130603826
-0.32756614895422126, 0.10999972254197332, 0.9383630396023831
-0.33716777873843773, 0.09932853948482229, 0.9360693752067213
-0.34675415336453796, 0.0886533982887072, 0.9337345077625049
-0.3562032315675934, 0.07794263384191503, 0.9310288128812999
-0.3656502941066545, 0.06723149792037147, 0.9283179987645345
-0.374938119190161, 0.05649101549346826, 0.9252027650384911
-0.3842259442736675, 0.04575053306656505, 0.9220875313124479
-0.39335669865737166, 0.03499171047627347, 0.9185961277763595
-0.4024747175789296, 0.0242314008457073, 0.9150742239854028
-0.41144349162871374, 0.01346278474894634, 0.9112144502598367
-0.42038330771830285, 0.0026925569497894173, 0.907289119681287
-0.4159133996735095, -0.008077670849366225, 0.9092517849705614
-0.4069735835839205, -0.0188478986485228, 0.9131771155491112
-0.3979157081181518, -0.029611555660988404, 0.9168351758808807
-0.38879768919659363, -0.04037186529155471, 0.9203570796718374
-0.3795820317319153, -0.051120774280014464, 0.923645148175469
-0.37029420664840873, -0.06186125670691756, 0.9267603819015124
-0.36092777066912196, -0.07258725161851662, 0.9296759654406972
-0.3514786924660664, -0.08329801606530879, 0.9323816603219024
-0.3419685936305466, -0.09399294795624422, 0.9349225430088902
-0.3323669638463301, -0.10466413101339514, 0.9372162074045522
-0.3227204248246378, -0.11531987396143278, 0.9393804522088056
-0.3129750854804988, -0.125941648669421, 0.94125997391196
-0.3031994307167333, -0.13655010567035009, 0.9430459240729734
-0.2933193561742537, -0.14711269056918683, 0.9445095722555015
-0.2834220065771649, -0.15766579941325132, 0.9459158524988291
-0.2734162952738917, -0.16815946755010613, 0.9469622793053554
-0.2634047628393227, -0.17864920667444964, 0.9479877968610112
-0.253282628910131, -0.18906429456107898, 0.9486160386501273
-0.24316049498093906, -0.19947938244770863, 0.9492442804392435
-0.23293527607080805, -0.20980960538600116, 0.9494694623043176
-0.2227060408627178, -0.2201365218977356, 0.9496789405359876
-0.2123913345139389, -0.23037796726878107, 0.9495218318622353
-0.20206441800220412, -0.24060720247687128, 0.9493123536305654
-0.19166806653274, -0.25075209542782856, 0.9487730990974068
-0.18125297864611006, -0.2608742293570205, 0.9481448573082909
-0.1707828845843228, -0.27091486744806903, 0.9472238860069878
-0.16028921644746774, -0.2809205787513421, 0.9461774592004617
-0.1497533367938992, -0.29084933753862857, 0.9448754843011344
-0.1391907518950621, -0.3007294120811081, 0.9434118361186067
-0.12859709234642075, -0.3105387506444586, 0.9417298543377501
-0.1179753176384322, -0.3202840899885976, 0.9398503326345957
-0.10733192677768554, -0.32996655640026995, 0.9377896235034695
-0.09666074372053418, -0.3395681861844866, 0.9354959591078076
-0.0859757071770087, -0.3491164229152966, 0.9330580840422056
-0.07526494273021613, -0.3585655011183523, 0.9303523891610005
-0.06454637731364506, -0.36797225037752573, 0.9275391903330257
-0.05380589488674149, -0.3772600754610324, 0.9244239566069824
-0.043061942699197206, -0.3865181844661979, 0.9212375556195794
-0.032301633068630806, -0.3956362033877559, 0.9177156518286227
-0.021540455598312733, -0.40473862956151657, 0.9141584481937516
-0.010770227799155482, -0.4136784456511059, 0.9102331176152018
1.4432899320127035e-15, -0.42261826174069494, 0.9063077870366522
6.982150666838977e-17, -0.42261826174069383, 0.9063077870366526
0.010770227799155875, -0.4136784456511056, 0.9102331176152019
0.02154045559831269, -0.4047386295615165, 0.9141584481937518
0.03230163306863067, -0.3956362033877557, 0.9177156518286228
0.043061942699197, -0.3865181844661976, 0.9212375556195795
0.053805894886741173, -0.3772600754610321, 0.9244239566069825
0.06454637731364431, -0.3679722503775256, 0.9275391903330258
0.07526494273021558, -0.3585655011183517, 0.9303523891610009
0.08597570717700774, -0.3491164229152962, 0.933058084042206
0.09666074372053314, -0.33956818618448614, 0.935495959107808
0.10733192677768412, -0.32996655640026973, 0.93778962350347
0.11797531763843101, -0.32028408998859703, 0.9398503326345962
0.12859709234641914, -0.3105387506444582, 0.9417298543377504
0.13919075189506042, -0.3007294120811076, 0.943411836118607
0.1497533367938973, -0.2908493375386281, 0.944875484301135
0.16028921644746608, -0.2809205787513411, 0.946177459200462
0.17078288458432095, -0.2709148674480681, 0.9472238860069885
0.1812529786461082, -0.2608742293570194, 0.9481448573082915
0.1916680665327378, -0.25075209542782767, 0.9487730990974075
0.20206441800220212, -0.24060720247687, 0.9493123536305661
0.21239133451393657, -0.23037796726878002, 0.949521831862236
0.22270604086271537, -0.22013652189773447, 0.9496789405359887
0.23293527607080539, -0.20980960538600008, 0.9494694623043186
0.24316049498093667, -0.19947938244770705, 0.9492442804392444
0.25328262891012837, -0.18906429456107748, 0.9486160386501281
0.26340476283932013, -0.17864920667444792, 0.9479877968610122
0.27341629527388905, -0.1681594675501043, 0.9469622793053565
0.2834220065771621, -0.15766579941324943, 0.9459158524988303
0.2933193561742507, -0.14711269056918513, 0.9445095722555026
0.30319943071673017, -0.13655010567034828, 0.9430459240729748
0.31297508548049563, -0.12594164866941915, 0.9412599739119614
0.32272042482463437, -0.11531987396143098, 0.9393804522088072
0.3323669638463265, -0.10466413101339336, 0.9372162074045538
0.3419685936305429, -0.09399294795624238, 0.9349225430088918
0.3514786924660627, -0.08329801606530667, 0.932381660321904
0.3609277706691182, -0.07258725161851445, 0.929675965440699
0.37029420664840484, -0.061861256706915405, 0.926760381901514
0.3795820317319113, -0.05112077428001227, 0.9236451481754708
0.38879768919658964, -0.04037186529155229, 0.9203570796718392
0.3979157081181478, -0.029611555660986003, 0.9168351758808826
0.4069735835839163, -0.0188478986485204, 0.9131771155491131
0.41591339967350527, -0.008077670849363618, 0.9092517849705635
0.42038330771829563, 0.002692556949790285, 0.9072891196812904
0.41144349162870664, 0.013462784748947238, 0.9112144502598403
0.4024747175789225, 0.02423140084570822, 0.9150742239854058
0.39335669865736456, 0.03499171047627462, 0.9185961277763626
0.3842259442736604, 0.045750533066566276, 0.9220875313124508
0.37493811919015396, 0.05649101549346952, 0.9252027650384939
0.3656502941066476, 0.06723149792037275, 0.9283179987645371
0.3562032315675865, 0.07794263384191641, 0.9310288128813025
0.3467541533645311, 0.08865339828870866, 0.9337345077625074
0.3371677787384308, 0.09932853948482386, 0.9360693752067234
0.3275661489542145, 0.10999972254197493, 0.9383630396023854
0.31784775515256125, 0.12063076131543123, 0.9403202130603847
0.30810241580842246, 0.13125253602341952, 0.9421997347635389
0.29825939344548674, 0.14183139811977302, 0.9437777481642389
0.28837931890300733, 0.15239398301861, 0.9452413963467667
0.278419150925522, 0.16291263348168344, 0.9464390659020934
0.26841343962224906, 0.17340630161853834, 0.9474854927086194
0.25834369587472084, 0.18385675061776935, 0.9483019177555698
0.24822156194552913, 0.19427183850439902, 0.948930159544686
0.2380498936748469, 0.20464614713013973, 0.949364723188483
0.2278206584667571, 0.21497306364187413, 0.9495742014201527
0.2175547927698005, 0.22526334966474199, 0.9496265709780701
0.2072278762580661, 0.23549258487283203, 0.9494170927464003
0.1968756104760494, 0.24569102846323881, 0.9490872199919642
0.18646052258941992, 0.2558131623924306, 0.9484589782028481
0.17602971865274547, 0.2659120117964386, 0.9477470994102499
0.1655360505158906, 0.2759177230997118, 0.9467006726037236
0.1550346292433128, 0.2859093002673956, 0.945607308392397
0.14447204434447602, 0.2957893748098752, 0.9441436602098692
0.13390797970041052, 0.3056660809723961, 0.9426696151893255
0.12328620499242234, 0.31541142031653513, 0.9407900934861712
0.11266443028443429, 0.325156759660674, 0.9389105717830168
0.10199633524910605, 0.3347673712923856, 0.9366427913056365
0.09132515219195522, 0.34436900107660195, 0.9343491269099744
0.08062032495360918, 0.35384096201683163, 0.9317052366016005
0.0699095605068171, 0.3632900402198872, 0.9289995417203953
0.05917613610019032, 0.37261616291928656, 0.9259815734700011
0.04843565367328728, 0.3819039880027931, 0.9228663397439578
0.03768178788391148, 0.3910771939269845, 0.9194766037240978
0.026921478253345236, 0.4001952128485427, 0.915954699933141
0.016155341698732152, 0.4092085376063189, 0.9121957829044731
0.005385113899575401, 0.4181483536959081, 0.9082704523259234
-0.005385113899579467, 0.418148353695905, 0.9082704523259248
-0.016155341698736392, 0.4092085376063158, 0.9121957829044747
-0.02692147825334957, 0.40019521284853954, 0.9159546999331423
-0.03768178788391589, 0.3910771939269815, 0.9194766037240989
-0.048435653673291695, 0.3819039880027902, 0.9228663397439588
-0.05917613610019495, 0.3726161629192837, 0.9259815734700021
-0.06990956050682166, 0.36329004021988437, 0.9289995417203962
-0.08062032495361382, 0.3538409620168289, 0.9317052366016012
-0.09132515219195982, 0.3443690010765993, 0.9343491269099748
-0.10199633524911092, 0.3347673712923829, 0.9366427913056368
-0.11266443028443913, 0.3251567596606715, 0.9389105717830171
-0.1232862049924274, 0.3154114203165326, 0.9407900934861715
-0.13390797970041549, 0.3056660809723939, 0.9426696151893258
-0.14447204434448116, 0.2957893748098729, 0.9441436602098692
-0.15503462924331804, 0.28590930026739336, 0.9456073083923972
-0.16553605051589587, 0.27591772309970963, 0.9467006726037234
-0.17602971865275066, 0.2659120117964366, 0.9477470994102495
-0.1864605225894253, 0.2558131623924286, 0.9484589782028476
-0.19687561047605495, 0.24569102846323673, 0.9490872199919638
-0.20722787625807165, 0.23549258487283006, 0.9494170927463994
-0.21755479276980616, 0.22526334966474, 0.9496265709780692
-0.22782065846676275, 0.2149730636418723, 0.9495742014201518
-0.23804989367485282, 0.2046461471301378, 0.949364723188482
-0.248221561945535, 0.19427183850439725, 0.9489301595446846
-0.25834369587472683, 0.18385675061776766, 0.9483019177555687
-0.2684134396222551, 0.17340630161853668, 0.9474854927086179
-0.278419150925528, 0.16291263348168195, 0.9464390659020919
-0.28837931890301344, 0.15239398301860854, 0.9452413963467651
-0.29825939344549296, 0.14183139811977163, 0.9437777481642373
-0.3081024158084288, 0.13125253602341808, 0.9421997347635371
-0.3178477551525675, 0.12063076131542999, 0.9403202130603828
-0.3275661489542208, 0.10999972254197388, 0.9383630396023833
-0.3371677787384373, 0.0993285394848228, 0.9360693752067213
-0.34675415336453763, 0.08865339828870761, 0.933734507762505
-0.3562032315675929, 0.07794263384191559, 0.9310288128813
-0.36565029410665406, 0.06723149792037197, 0.9283179987645345
-0.3749381191901606, 0.05649101549346875, 0.9252027650384913
-0.38422594427366713, 0.04575053306656553, 0.922087531312448
-0.3933566986573714, 0.034991710476273856, 0.9185961277763597
-0.40247471757892916, 0.02423140084570778, 0.9150742239854028
-0.4114434916287133, 0.013462784748946808, 0.9112144502598369
-0.42038330771830246, 0.0026925569497898783, 0.9072891196812871
-0.4159133996735097, -0.008077670849365986, 0.9092517849705614
-0.40697358358392055, -0.018847898648522717, 0.9131771155491111
-0.3979157081181519, -0.029611555660988317, 0.9168351758808806
-0.38879768919659374, -0.040371865291554614, 0.9203570796718376
-0.37958203173191524, -0.05112077428001455, 0.923645148175469
-0.3702942066484088, -0.061861256706917465, 0.9267603819015124
-0.36092777066912207, -0.07258725161851652, 0.9296759654406972
-0.35147869246606644, -0.08329801606530868, 0.9323816603219024
-0.34196859363054677, -0.09399294795624405, 0.9349225430088902
-0.33236696384633024, -0.10466413101339506, 0.9372162074045521
-0.32272042482463786, -0.11531987396143267, 0.9393804522088056
-0.31297508548049896, -0.1259416486694209, 0.94125997391196
-0.3031994307167333, -0.13655010567035009, 0.9430459240729734
-0.2933193561742537, -0.14711269056918685, 0.9445095722555015
-0.283422006577165, -0.15766579941325115, 0.9459158524988291
-0.27341629527389194, -0.1681594675501059, 0.9469622793053554
-0.2634047628393229, -0.17864920667444942, 0.9479877968610111
-0.253282628910131, -0.18906429456107904, 0.9486160386501273
-0.24316049498093922, -0.19947938244770844, 0.9492442804392436
-0.23293527607080775, -0.2098096053860014, 0.9494694623043177
-0.22270604086271778, -0.22013652189773567, 0.9496789405359876
-0.21239133451393888, -0.23037796726878113, 0.9495218318622353
-0.20206441800220432, -0.24060720247687103, 0.9493123536305654
-0.1916680665327397, -0.2507520954278289, 0.9487730990974068
-0.18125297864611029, -0.26087422935702026, 0.9481448573082909
-0.17078288458432267, -0.27091486744806914, 0.9472238860069877
-0.16028921644746771, -0.2809205787513421, 0.9461774592004617
-0.1497533367938986, -0.2908493375386291, 0.9448754843011344
-0.13919075189506175, -0.3007294120811084, 0.9434118361186067
-0.12859709234642047, -0.3105387506444589, 0.9417298543377501
-0.11797531763843222, -0.3202840899885976, 0.9398503326345958
-0.10733192677768502, -0.32996655640027045, 0.9377896235034694
-0.09666074372053438, -0.33956818618448636, 0.9354959591078076
-0.08597570717700868, -0.3491164229152966, 0.9330580840422056
-0.07526494273021642, -0.358565501118352, 0.9303523891610006
-0.06454637731364474, -0.36797225037752607, 0.9275391903330256
-0.05380589488674148, -0.37726007546103246, 0.9244239566069824
-0.04306194269919719, -0.3865181844661979, 0.9212375556195794
-0.03230163306863079, -0.3956362033877559, 0.9177156518286227
-0.021540455598312407, -0.40473862956151685, 0.9141584481937515
-0.010770227799155806, -0.4136784456511056, 0.9102331176152019
1.4432899320127035e-15, -0.42261826174069494, 0.9063077870366522
6.982150666838977e-17, -0.42261826174069383, 0.9063077870366526
0.010770227799154576, -0.4136784456511067, 0.9102331176152013
0.021540455598311418, -0.40473862956151757, 0.9141584481937514
0.03230163306862942, -0.39563620338775674, 0.9177156518286224
0.04306194269919576, -0.3865181844661987, 0.9212375556195792
0.053805894886739966, -0.3772600754610331, 0.9244239566069822
0.06454637731364311, -0.3679722503775266, 0.9275391903330256
0.07526494273021442, -0.3585655011183527, 0.9303523891610006
0.0859757071770066, -0.3491164229152972, 0.9330580840422057
0.09666074372053203, -0.33956818618448714, 0.9354959591078077
0.10733192677768301, -0.3299665564002707, 0.9377896235034696
0.11797531763842994, -0.32028408998859803, 0.9398503326345959
0.1285970923464181, -0.3105387506444592, 0.9417298543377502
0.13919075189505944, -0.3007294120811085, 0.943411836118607
0.1497533367938963, -0.290849337538629, 0.9448754843011349
0.1602892164474651, -0.280920578751342, 0.9461774592004619
0.17078288458432, -0.27091486744806903, 0.9472238860069884
0.1812529786461073, -0.2608742293570203, 0.9481448573082913
0.19166806653273688, -0.25075209542782856, 0.9487730990974075
0.20206441800220123, -0.2406072024768709, 0.9493123536305661
0.2123913345139357, -0.23037796726878085, 0.949521831862236
0.2227060408627146, -0.2201365218977353, 0.9496789405359887
0.23293527607080455, -0.20980960538600085, 0.9494694623043186
0.2431604949809359, -0.19947938244770785, 0.9492442804392444
0.25328262891012765, -0.1890642945610782, 0.9486160386501282
0.26340476283931946, -0.17864920667444864, 0.9479877968610123
0.27341629527388844, -0.168159467550105, 0.9469622793053565
0.28342200657716143, -0.15766579941325015, 0.9459158524988303
0.2933193561742501, -0.14711269056918577, 0.9445095722555028
0.3031994307167296, -0.13655010567034892, 0.9430459240729749
0.312975085480495, -0.12594164866941981, 0.9412599739119616
0.32272042482463387, -0.11531987396143159, 0.9393804522088072
0.332366963846326, -0.10466413101339397, 0.9372162074045539
0.3419685936305424, -0.09399294795624298, 0.934922543008892
0.35147869246606217, -0.08329801606530726, 0.9323816603219041
0.3609277706691177, -0.07258725161851509, 0.929675965440699
0.3702942066484043, -0.06186125670691602, 0.9267603819015142
0.3795820317319108, -0.05112077428001287, 0.9236451481754712
0.38879768919658914, -0.04037186529155286, 0.9203570796718394
0.3979157081181473, -0.029611555660986527, 0.9168351758808828
0.4069735835839158, -0.018847898648520888, 0.9131771155491133
0.41591339967350494, -0.008077670849364036, 0.9092517849705636
0.4203833077182957, 0.002692556949790205, 0.9072891196812904
0.41144349162870664, 0.013462784748947165, 0.9112144502598402
0.4024747175789226, 0.024231400845708156, 0.9150742239854057
0.39335669865736456, 0.03499171047627457, 0.9185961277763625
0.3842259442736604, 0.045750533066566235, 0.9220875313124508
0.37493811919015396, 0.056491015493469486, 0.9252027650384939
0.36565029410664757, 0.06723149792037275, 0.9283179987645371
0.3562032315675865, 0.07794263384191641, 0.9310288128813025
0.3467541533645311, 0.08865339828870869, 0.9337345077625074
0.33716777873843073, 0.09932853948482392, 0.9360693752067235
0.32756614895421443, 0.109999722541975, 0.9383630396023854
0.31784775515256114, 0.12063076131543132, 0.9403202130603847
0.3081024158084224, 0.13125253602341963, 0.9421997347635389
0.29825939344548663, 0.14183139811977313, 0.9437777481642389
0.2883793189030072, 0.15239398301861012, 0.9452413963467667
0.27841915092552183, 0.16291263348168356, 0.9464390659020934
0.26841343962224895, 0.17340630161853848, 0.9474854927086194
0.2583436958747207, 0.18385675061776946, 0.9483019177555699
0.24822156194552897, 0.1942718385043992, 0.948930159544686
0.23804989367484675, 0.20464614713013987, 0.949364723188483
0.22782065846675686, 0.21497306364187435, 0.9495742014201528
0.21755479276980033, 0.2252633496647421, 0.9496265709780701
0.20722787625806588, 0.23549258487283226, 0.9494170927464003
0.1968756104760491, 0.2456910284632391, 0.9490872199919643
0.18646052258941967, 0.25581316239243085, 0.9484589782028482
0.17602971865274514, 0.26591201179643886, 0.9477470994102499
0.16553605051589032, 0.2759177230997121, 0.9467006726037237
0.15503462924331246, 0.2859093002673959, 0.945607308392397
0.14447204434447575, 0.29578937480987544, 0.9441436602098692
0.13390797970041018, 0.30566608097239645, 0.9426696151893255
0.12328620499242199, 0.3154114203165354, 0.940790093486171
0.11266443028443388, 0.3251567596606743, 0.9389105717830167
0.10199633524910565, 0.33476737129238593, 0.9366427913056363
0.09132515219195483, 0.3443690010766023, 0.9343491269099744
0.0806203249536088, 0.35384096201683196, 0.9317052366016005
0.0699095605068166, 0.36329004021988764, 0.9289995417203953
0.05917613610018991, 0.3726161629192869, 0.925981573470001
0.0484356536732868, 0.3819039880027935, 0.9228663397439576
0.03768178788391108, 0.39107719392698487, 0.9194766037240977
0.026921478253344767, 0.4001952128485431, 0.9159546999331409
0.01615534169873168, 0.4092085376063193, 0.9121957829044731
0.005385113899574916, 0.4181483536959085, 0.9082704523259233
-0.00538511389958005, 0.4181483536959045, 0.9082704523259251
-0.016155341698736905, 0.40920853760631537, 0.9121957829044748
-0.026921478253350176, 0.4001952128485391, 0.9159546999331424
-0.037681787883916434, 0.39107719392698104, 0.9194766037240991
-0.04843565367329232, 0.3819039880027896, 0.9228663397439589
-0.059176136100195495, 0.37261616291928323, 0.9259815734700023
-0.06990956050682229, 0.36329004021988387, 0.9289995417203963
-0.08062032495361449, 0.35384096201682835, 0.9317052366016014
-0.0913251521919605, 0.34436900107659874, 0.9343491269099751
-0.10199633524911159, 0.3347673712923823, 0.936642791305637
-0.11266443028443981, 0.3251567596606708, 0.9389105717830172
-0.1232862049924281, 0.3154114203165319, 0.9407900934861716
-0.1339079797004163, 0.3056660809723931, 0.9426696151893259
-0.14447204434448194, 0.2957893748098721, 0.9441436602098694
-0.15503462924331884, 0.28590930026739264, 0.9456073083923973
-0.16553605051589665, 0.27591772309970886, 0.9467006726037235
-0.17602971865275147, 0.2659120117964358, 0.9477470994102495
-0.1864605225894261, 0.2558131623924278, 0.9484589782028476
-0.19687561047605578, 0.24569102846323593, 0.9490872199919638
-0.2072278762580726, 0.23549258487282915, 0.9494170927463994
-0.217554792769807, 0.22526334966473918, 0.9496265709780692
-0.22782065846676366, 0.21497306364187135, 0.9495742014201518
-0.23804989367485363, 0.20464614713013693, 0.9493647231884819
-0.2482215619455358, 0.19427183850439644, 0.9489301595446846
-0.25834369587472766, 0.1838567506177668, 0.9483019177555685
-0.268413439622256, 0.17340630161853574, 0.9474854927086179
-0.27841915092552905, 0.1629126334816809, 0.9464390659020918
-0.2883793189030143, 0.15239398301860757, 0.945241396346765
-0.2982593934454938, 0.14183139811977072, 0.9437777481642371
-0.3081024158084297, 0.13125253602341713, 0.9421997347635369
-0.31784775515256847, 0.12063076131542891, 0.9403202130603826
-0.32756614895422187, 0.10999972254197268, 0.938363039602383
-0.33716777873843823, 0.0993285394848217, 0.9360693752067211
-0.3467541533645385, 0.08865339828870661, 0.9337345077625049
-0.356203231567594, 0.07794263384191442, 0.9310288128812998
-0.36565029410665517, 0.06723149792037073, 0.9283179987645342
-0.37493811919016157, 0.05649101549346762, 0.9252027650384909
-0.38422594427366796, 0.04575053306656451, 0.9220875313124477
-0.3933566986573722, 0.034991710476272815, 0.9185961277763594
-0.4024747175789303, 0.024231400845706477, 0.9150742239854025
-0.41144349162871435, 0.013462784748945498, 0.9112144502598365
-0.42038330771830346, 0.002692556949788684, 0.9072891196812867
-0.4159133996735096, -0.008077670849366081, 0.9092517849705612
-0.4069735835839204, -0.018847898648522918, 0.9131771155491112
-0.3979157081181517, -0.029611555660988536, 0.9168351758808807
-0.38879768919659363, -0.04037186529155472, 0.9203570796718376
-0.37958203173191507, -0.051120774280014714, 0.9236451481754692
-0.3702942066484086, -0.06186125670691765, 0.9267603819015124
-0.36092777066912185, -0.07258725161851672, 0.9296759654406972
-0.3514786924660662, -0.0832980160653089, 0.9323816603219023
-0.34196859363054644, -0.09399294795624441, 0.9349225430088902
-0.33236696384632985, -0.10466413101339539, 0.9372162074045522
-0.3227204248246377, -0.11531987396143291, 0.9393804522088056
-0.3129750854804987, -0.12594164866942115, 0.94125997391196
-0.30319943071673305, -0.1365501056703503, 0.9430459240729736
-0.2933193561742536, -0.14711269056918697, 0.9445095722555015
-0.283422006577165, -0.1576657994132511, 0.9459158524988291
-0.27341629527389194, -0.16815946755010588, 0.9469622793053554
-0.2634047628393227, -0.17864920667444964, 0.9479877968610111
-0.253282628910131, -0.18906429456107904, 0.9486160386501272
-0.243160494980939, -0.19947938244770866, 0.9492442804392435
-0.23293527607080802, -0.2098096053860012, 0.9494694623043176
-0.22270604086271778, -0.22013652189773567, 0.9496789405359876
-0.21239133451393888, -0.23037796726878113, 0.9495218318622353
-0.20206441800220412, -0.24060720247687128, 0.9493123536305654
-0.1916680665327397, -0.2507520954278288, 0.9487730990974068
-0.18125297864611026, -0.2608742293570203, 0.9481448573082909
-0.17078288458432292, -0.27091486744806886, 0.9472238860069877
-0.16028921644746771, -0.2809205787513421, 0.9461774592004617
-0.14975333679389888, -0.29084933753862896, 0.9448754843011344
-0.13919075189506175, -0.3007294120811084, 0.9434118361186067
-0.12859709234642072, -0.3105387506444586, 0.9417298543377501
-0.11797531763843219, -0.3202840899885976, 0.9398503326345957
-0.10733192677768522, -0.3299665564002703, 0.9377896235034694
-0.09666074372053385, -0.33956818618448686, 0.9354959591078076
-0.08597570717700868, -0.3491164229152966, 0.9330580840422056
-0.07526494273021611, -0.3585655011183523, 0.9303523891610005
-0.06454637731364472, -0.36797225037752607, 0.9275391903330255
-0.05380589488674117, -0.37726007546103274, 0.9244239566069823
-0.043061942699196866, -0.3865181844661982, 0.9212375556195793
-0.032301633068630466, -0.3956362033877561, 0.9177156518286226
-0.021540455598312407, -0.40473862956151674, 0.9141584481937515
-0.010770227799155319, -0.413678445651106, 0.9102331176152018
1.4432899320127035e-15, -0.42261826174069494, 0.9063077870366522
6.982150666838977e-17, -0.42261826174069383, 0.9063077870366526
0.010770227799155896, -0.4136784456511056, 0.9102331176152019
0.021540455598312733, -0.40473862956151646, 0.9141584481937518
0.03230163306863074, -0.3956362033877556, 0.9177156518286228
0.04306194269919709, -0.38651818446619757, 0.9212375556195795
0.05380589488674128, -0.37726007546103196, 0.9244239566069826
0.06454637731364443, -0.3679722503775255, 0.9275391903330258
0.07526494273021572, -0.35856550111835156, 0.9303523891610009
0.08597570717700792, -0.34911642291529604, 0.933058084042206
0.09666074372053333, -0.339568186184486, 0.935495959107808
0.10733192677768431, -0.32996655640026956, 0.93778962350347
0.11797531763843125, -0.3202840899885968, 0.9398503326345963
0.12859709234641942, -0.31053875064445796, 0.9417298543377505
0.13919075189506072, -0.3007294120811073, 0.9434118361186072
0.14975333679389757, -0.29084933753862785, 0.9448754843011351
0.16028921644746644, -0.2809205787513408, 0.9461774592004621
0.1707828845843213, -0.27091486744806775, 0.9472238860069885
0.18125297864610856, -0.2608742293570191, 0.9481448573082915
0.19166806653273818, -0.25075209542782734, 0.9487730990974075
0.20206441800220248, -0.24060720247686965, 0.9493123536305661
0.2123913345139369, -0.23037796726877965, 0.949521831862236
0.2227060408627158, -0.22013652189773408, 0.9496789405359887
0.23293527607080577, -0.20980960538599963, 0.9494694623043186
0.2431604949809371, -0.1994793824477066, 0.9492442804392442
0.25328262891012887, -0.18906429456107696, 0.9486160386501281
0.2634047628393206, -0.1786492066744474, 0.9479877968610122
0.2734162952738896, -0.16815946755010378, 0.9469622793053563
0.28342200657716254, -0.15766579941324893, 0.9459158524988303
0.2933193561742512, -0.14711269056918455, 0.9445095722555025
0.3031994307167307, -0.13655010567034767, 0.9430459240729746
0.31297508548049613, -0.12594164866941854, 0.9412599739119613
0.32272042482463503, -0.11531987396143034, 0.9393804522088071
0.33236696384632713, -0.10466413101339271, 0.9372162074045536
0.34196859363054344, -0.09399294795624172, 0.9349225430088917
0.3514786924660633, -0.08329801606530601, 0.9323816603219037
0.3609277706691188, -0.07258725161851383, 0.9296759654406986
0.3702942066484054, -0.0618612567069147, 0.9267603819015138
0.379582031731912, -0.05112077428001151, 0.9236451481754706
0.3887976891965903, -0.0403718652915515, 0.920357079671839
0.39791570811814847, -0.029611555660985216, 0.9168351758808824
0.4069735835839169, -0.018847898648519608, 0.9131771155491127
0.415913399673506, -0.008077670849362754, 0.909251784970563
0.4203833077182949, 0.002692556949791065, 0.9072891196812907
0.4114434916287059, 0.013462784748948013, 0.9112144502598404
0.40247471757892184, 0.024231400845709013, 0.9150742239854059
0.3933566986573639, 0.034991710476275424, 0.9185961277763628
0.3842259442736597, 0.045750533066567095, 0.922087531312451
0.3749381191901533, 0.05649101549347034, 0.9252027650384941
0.3656502941066468, 0.06723149792037364, 0.9283179987645371
0.3562032315675857, 0.07794263384191728, 0.9310288128813027
0.3467541533645303, 0.08865339828870955, 0.9337345077625077
0.33716777873843007, 0.09932853948482473, 0.9360693752067237
0.32756614895421376, 0.10999972254197582, 0.9383630396023854
0.3178477551525604, 0.12063076131543213, 0.9403202130603849
0.3081024158084217, 0.13125253602342038, 0.942199734763539
0.29825939344548585, 0.141831398119774, 0.9437777481642391
0.2883793189030065, 0.15239398301861093, 0.945241396346767
0.2784191509255211, 0.1629126334816844, 0.9464390659020935
0.2684134396222482, 0.17340630161853932, 0.9474854927086196
0.2583436958747199, 0.1838567506177703, 0.94830191775557
0.2482215619455282, 0.1942718385044, 0.9489301595446861
0.23804989367484608, 0.20464614713014057, 0.949364723188483
0.2278206584667561, 0.21497306364187513, 0.9495742014201529
0.21755479276979958, 0.22526334966474287, 0.9496265709780701
0.2072278762580651, 0.23549258487283303, 0.9494170927464003
0.19687561047604832, 0.24569102846323987, 0.9490872199919642
0.1864605225894189, 0.2558131623924316, 0.9484589782028481
0.1760297186527443, 0.2659120117964397, 0.9477470994102497
0.16553605051588954, 0.2759177230997128, 0.9467006726037235
0.15503462924331168, 0.28590930026739664, 0.9456073083923969
0.144472044344475, 0.29578937480987616, 0.9441436602098691
0.13390797970040932, 0.3056660809723972, 0.9426696151893252
0.12328620499242122, 0.31541142031653613, 0.9407900934861709
0.11266443028443315, 0.325156759660675, 0.9389105717830166
0.10199633524910484, 0.33476737129238665, 0.9366427913056362
0.09132515219195401, 0.344369001076603, 0.9343491269099742
0.08062032495360799, 0.3538409620168327, 0.9317052366016003
0.06990956050681588, 0.3632900402198883, 0.9289995417203951
0.05917613610018914, 0.3726161629192876, 0.9259815734700008
0.04843565367328606, 0.3819039880027941, 0.9228663397439575
0.03768178788391037, 0.3910771939269855, 0.9194766037240975
0.026921478253344087, 0.40019521284854365, 0.9159546999331407
0.016155341698731007, 0.40920853760631987, 0.9121957829044728
0.0053851138995741725, 0.4181483536959091, 0.908270452325923
-0.005385113899580702, 0.4181483536959039, 0.9082704523259253
-0.01615534169873755, 0.4092085376063148, 0.9121957829044751
-0.026921478253350804, 0.4001952128485385, 0.9159546999331425
-0.03768178788391714, 0.3910771939269804, 0.9194766037240993
-0.04843565367329302, 0.381903988002789, 0.9228663397439592
-0.059176136100196106, 0.3726161629192827, 0.9259815734700024
-0.06990956050682298, 0.3632900402198832, 0.9289995417203964
-0.08062032495361515, 0.3538409620168278, 0.9317052366016016
-0.09132515219196115, 0.34436900107659807, 0.9343491269099752
-0.10199633524911214, 0.33476737129238177, 0.9366427913056371
-0.11266443028444045, 0.32515675966067026, 0.9389105717830173
-0.12328620499242862, 0.31541142031653147, 0.9407900934861717
-0.13390797970041687, 0.30566608097239256, 0.9426696151893259
-0.14447204434448255, 0.29578937480987155, 0.9441436602098696
-0.15503462924331946, 0.2859093002673921, 0.9456073083923974
-0.16553605051589723, 0.2759177230997083, 0.9467006726037235
-0.17602971865275202, 0.2659120117964353, 0.9477470994102497
-0.18646052258942666, 0.25581316239242724, 0.9484589782028476
-0.19687561047605623, 0.24569102846323548, 0.9490872199919638
-0.2072278762580731, 0.23549258487282865, 0.9494170927463994
-0.21755479276980744, 0.22526334966473874, 0.9496265709780692
-0.22782065846676414, 0.21497306364187085, 0.9495742014201518
-0.23804989367485418, 0.2046461471301364, 0.9493647231884819
-0.24822156194553638, 0.1942718385043958, 0.9489301595446846
-0.25834369587472805, 0.18385675061776638, 0.9483019177555686
-0.2684134396222564, 0.17340630161853535, 0.9474854927086178
-0.2784191509255295, 0.16291263348168042, 0.9464390659020918
-0.2883793189030148, 0.15239398301860704, 0.945241396346765
-0.29825939344549435, 0.14183139811977014, 0.9437777481642371
-0.30810241580843, 0.13125253602341677, 0.9421997347635369
-0.31784775515256886, 0.12063076131542853, 0.9403202130603825
-0.32756614895422226, 0.10999972254197224, 0.9383630396023829
-0.33716777873843873, 0.0993285394848212, 0.9360693752067211
-0.3467541533645388, 0.08865339828870629, 0.9337345077625048
-0.3562032315675943, 0.077942633841914, 0.9310288128812997
-0.3656502941066555, 0.06723149792037034, 0.928317998764534
-0.37493811919016196, 0.056491015493467155, 0.9252027650384906
-0.3842259442736684, 0.04575053306656397, 0.9220875313124475
-0.39335669865737244, 0.034991710476272544, 0.9185961277763592
-0.4024747175789306, 0.024231400845706134, 0.9150742239854024
-0.41144349162871463, 0.013462784748945161, 0.9112144502598364
-0.4203833077183038, 0.002692556949788273, 0.9072891196812867
-0.4159133996735096, -0.008077670849366028, 0.9092517849705612
-0.40697358358392044, -0.018847898648522866, 0.9131771155491112
-0.39791570811815175, -0.02961155566098848, 0.9168351758808807
-0.38879768919659363, -0.04037186529155476, 0.9203570796718376
-0.37958203173191507, -0.051120774280014755, 0.9236451481754692
-0.3702942066484087, -0.061861256706917625, 0.9267603819015124
-0.3609277706691219, -0.07258725161851667, 0.9296759654406972
-0.35147869246606633, -0.08329801606530884, 0.9323816603219024
-0.3419685936305463, -0.09399294795624451, 0.9349225430088903
-0.33236696384633, -0.10466413101339524, 0.9372162074045522
-0.32272042482463775, -0.11531987396143281, 0.9393804522088056
-0.31297508548049885, -0.125941648669421, 0.94125997391196
-0.3031994307167333, -0.1365501056703501, 0.9430459240729735
-0.29331935617425386, -0.14711269056918674, 0.9445095722555015
-0.2834220065771653, -0.15766579941325087, 0.9459158524988291
-0.273416295273892, -0.16815946755010588, 0.9469622793053554
-0.2634047628393229, -0.17864920667444942, 0.9479877968610112
-0.2532826289101312, -0.18906429456107876, 0.9486160386501273
-0.2431604949809395, -0.19947938244770816, 0.9492442804392436
-0.23293527607080802, -0.20980960538600116, 0.9494694623043177
-0.22270604086271809, -0.22013652189773542, 0.9496789405359876
-0.21239133451393916, -0.23037796726878082, 0.9495218318622353
-0.20206441800220432, -0.24060720247687103, 0.9493123536305654
-0.19166806653274002, -0.2507520954278285, 0.9487730990974068
-0.1812529786461105, -0.26087422935702, 0.9481448573082909
-0.17078288458432295, -0.2709148674480688, 0.9472238860069877
-0.160289216447468, -0.28092057875134185, 0.9461774592004617
-0.14975333679389918, -0.29084933753862857, 0.9448754843011344
-0.13919075189506236, -0.30072941208110787, 0.9434118361186068
-0.12859709234642075, -0.31053875064445857, 0.9417298543377501
-0.11797531763843253, -0.32028408998859736, 0.9398503326345958
-0.10733192677768563, -0.3299665564002699, 0.9377896235034695
-0.09666074372053468, -0.3395681861844861, 0.9354959591078076
-0.08597570717700899, -0.34911642291529627, 0.9330580840422057
-0.07526494273021674, -0.3585655011183517, 0.9303523891610007
-0.06454637731364539, -0.3679722503775255, 0.9275391903330257
-0.05380589488674198, -0.3772600754610321, 0.9244239566069825
-0.043061942699197824, -0.38651818446619735, 0.9212375556195795
-0.03230163306863142, -0.3956362033877553, 0.9177156518286229
-0.02154045559831304, -0.40473862956151624, 0.9141584481937517
-0.010770227799156146, -0.41367844565110523, 0.910233117615202
7.494005416219807e-16, -0.4226182617406943, 0.9063077870366523
6.982150666838977e-17, -0.42261826174069383, 0.9063077870366526
0.010770227799155895, -0.4136784456511056, 0.9102331176152019
0.02154045559831273, -0.40473862956151646, 0.9141584481937518
0.03230163306863073, -0.3956362033877556, 0.9177156518286228
0.04306194269919707, -0.38651818446619757, 0.9212375556195795
0.05380589488674128, -0.377260075461032, 0.9244239566069826
0.06454637731364445, -0.36797225037752557, 0.9275391903330259
0.07526494273021576, -0.3585655011183516, 0.9303523891610009
0.08597570717700792, -0.3491164229152961, 0.933058084042206
0.09666074372053332, -0.339568186184486, 0.9354959591078079
0.10733192677768433, -0.32996655640026956, 0.93778962350347
0.11797531763843126, -0.3202840899885968, 0.9398503326345963
0.12859709234641942, -0.310538750644458, 0.9417298543377506
0.13919075189506072, -0.3007294120811074, 0.9434118361186072
0.14975333679389763, -0.29084933753862785, 0.9448754843011351
0.16028921644746644, -0.28092057875134074, 0.9461774592004621
0.17078288458432128, -0.2709148674480678, 0.9472238860069885
0.18125297864610854, -0.26087422935701915, 0.9481448573082915
0.19166806653273816, -0.25075209542782734, 0.9487730990974076
0.20206441800220248, -0.24060720247686965, 0.9493123536305661
0.21239133451393694, -0.23037796726877963, 0.949521831862236
0.22270604086271578, -0.22013652189773408, 0.9496789405359887
0.2329352760708058, -0.20980960538599958, 0.9494694623043186
0.24316049498093714, -0.19947938244770655, 0.9492442804392442
0.25328262891012887, -0.18906429456107696, 0.9486160386501281
0.2634047628393206, -0.1786492066744474, 0.9479877968610122
0.2734162952738896, -0.16815946755010378, 0.9469622793053564
0.2834220065771626, -0.15766579941324893, 0.9459158524988303
0.29331935617425126, -0.1471126905691845, 0.9445095722555026
0.3031994307167307, -0.13655010567034762, 0.9430459240729747
0.3129750854804962, -0.12594164866941848, 0.9412599739119614
0.32272042482463503, -0.11531987396143031, 0.9393804522088071
0.3323669638463272, -0.10466413101339271, 0.9372162074045536
0.34196859363054355, -0.09399294795624172, 0.9349225430088918
0.35147869246606334, -0.08329801606530599, 0.9323816603219037
0.36092777066911885, -0.0725872516185138, 0.9296759654406987
0.3702942066484054, -0.061861256706914725, 0.926760381901514
0.37958203173191196, -0.05112077428001151, 0.9236451481754707
0.3887976891965903, -0.040371865291551484, 0.920357079671839
0.39791570811814847, -0.029611555660985188, 0.9168351758808825
0.40697358358391694, -0.018847898648519573, 0.9131771155491127
0.415913399673506, -0.008077670849362732, 0.909251784970563
0.42038330771829513, 0.0026925569497908562, 0.9072891196812907
0.4114434916287061, 0.0134627847489478, 0.9112144502598403
0.402474717578922, 0.024231400845708836, 0.9150742239854059
0.393356698657364, 0.03499171047627524, 0.9185961277763628
0.38422594427365986, 0.04575053306656692, 0.9220875313124509
0.3749381191901534, 0.056491015493470166, 0.925202765038494
0.365650294106647, 0.0672314979203734, 0.9283179987645371
0.35620323156758593, 0.07794263384191705, 0.9310288128813026
0.3467541533645305, 0.0886533982887093, 0.9337345077625077
0.3371677787384302, 0.09932853948482451, 0.9360693752067235
0.32756614895421393, 0.1099997225419756, 0.9383630396023854
0.3178477551525606, 0.12063076131543192, 0.9403202130603848
0.3081024158084219, 0.13125253602342013, 0.9421997347635389
0.2982593934454861, 0.14183139811977377, 0.9437777481642389
0.28837931890300667, 0.15239398301861076, 0.9452413963467667
0.2784191509255214, 0.16291263348168414, 0.9464390659020935
0.2684134396222484, 0.17340630161853904, 0.9474854927086195
0.25834369587472017, 0.18385675061777002, 0.94830191775557
0.2482215619455284, 0.19427183850439977, 0.948930159544686
0.2380498936748463, 0.2046461471301403, 0.949364723188483
0.22782065846675637, 0.21497306364187488, 0.9495742014201527
0.21755479276979983, 0.22526334966474262, 0.9496265709780701
0.2072278762580654, 0.23549258487283276, 0.9494170927464003
0.1968756104760486, 0.2456910284632396, 0.9490872199919642
0.1864605225894192, 0.2558131623924313, 0.9484589782028481
0.17602971865274458, 0.2659120117964394, 0.9477470994102498
0.16553605051588988, 0.27591772309971246, 0.9467006726037235
0.15503462924331196, 0.28590930026739636, 0.9456073083923969
0.14447204434447528, 0.2957893748098759, 0.9441436602098691
0.1339079797004096, 0.305666080972397, 0.9426696151893252
0.1232862049924216, 0.3154114203165358, 0.940790093486171
0.11266443028443346, 0.3251567596606747, 0.9389105717830167
0.1019963352491052, 0.3347673712923863, 0.9366427913056363
0.0913251521919543, 0.34436900107660273, 0.9343491269099742
0.08062032495360828, 0.3538409620168324, 0.9317052366016003
0.06990956050681627, 0.363290040219888, 0.9289995417203952
0.05917613610018943, 0.37261616291928734, 0.9259815734700009
0.04843565367328642, 0.38190398800279385, 0.9228663397439576
0.037681787883910633, 0.39107719392698526, 0.9194766037240976
0.026921478253344414, 0.4001952128485434, 0.9159546999331407
0.01615534169873125, 0.4092085376063197, 0.9121957829044729
0.005385113899574499, 0.41814835369590886, 0.9082704523259231
-0.005385113899580371, 0.4181483536959042, 0.9082704523259252
-0.016155341698737294, 0.40920853760631504, 0.912195782904475
-0.026921478253350464, 0.40019521284853876, 0.9159546999331425
-0.037681787883916885, 0.3910771939269806, 0.9194766037240993
-0.04843565367329268, 0.38190398800278935, 0.922866339743959
-0.059176136100195856, 0.3726161629192829, 0.9259815734700023
-0.06990956050682265, 0.3632900402198835, 0.9289995417203964
-0.08062032495361482, 0.353840962016828, 0.9317052366016015
-0.09132515219196088, 0.3443690010765983, 0.9343491269099751
-0.10199633524911181, 0.3347673712923821, 0.936642791305637
-0.11266443028444018, 0.3251567596606705, 0.9389105717830172
-0.12328620499242827, 0.3154114203165318, 0.9407900934861716
-0.13390797970041654, 0.3056660809723929, 0.9426696151893259
-0.14447204434448227, 0.29578937480987183, 0.9441436602098694
-0.15503462924331907, 0.28590930026739236, 0.9456073083923974
-0.16553605051589695, 0.2759177230997085, 0.9467006726037235
-0.1760297186527517, 0.26591201179643564, 0.9477470994102496
-0.18646052258942636, 0.2558131623924275, 0.9484589782028476
-0.196875610476056, 0.24569102846323576, 0.9490872199919638
-0.20722787625807276, 0.235492584872829, 0.9494170927463994
-0.2175547927698072, 0.22526334966473902, 0.9496265709780692
-0.22782065846676383, 0.21497306364187124, 0.9495742014201518
-0.2380498936748538, 0.20464614713013685, 0.9493647231884821
-0.24822156194553607, 0.19427183850439617, 0.9489301595446846
-0.2583436958747278, 0.18385675061776663, 0.9483019177555687
-0.26841343962225617, 0.1734063016185356, 0.9474854927086178
-0.2784191509255292, 0.16291263348168067, 0.9464390659020918
-0.2883793189030144, 0.15239398301860746, 0.945241396346765
-0.298259393445494, 0.14183139811977052, 0.9437777481642371
-0.3081024158084298, 0.13125253602341705, 0.9421997347635369
-0.3178477551525686, 0.1206307613154288, 0.9403202130603825
-0.327566148954222, 0.10999972254197252, 0.938363039602383
-0.3371677787384383, 0.09932853948482168, 0.9360693752067211
-0.3467541533645386, 0.08865339828870657, 0.9337345077625049
-0.3562032315675941, 0.07794263384191429, 0.9310288128812998
-0.3656502941066552, 0.06723149792037061, 0.9283179987645341
-0.37493811919016173, 0.05649101549346739, 0.9252027650384909
-0.3842259442736681, 0.0457505330665644, 0.9220875313124477
-0.3933566986573723, 0.03499171047627283, 0.9185961277763594
-0.40247471757893033, 0.024231400845706425, 0.9150742239854024
-0.4114434916287144, 0.013462784748945451, 0.9112144502598364
-0.42038330771830357, 0.0026925569497885213, 0.9072891196812867
-0.4159133996735099, -0.00807767084936574, 0.9092517849705612
-0.40697358358392066, -0.01884789864852258, 0.9131771155491111
-0.397915708118152, -0.02961155566098819, 0.9168351758808806
-0.38879768919659374, -0.04037186529155449, 0.9203570796718374
-0.3795820317319153, -0.0511207742800145, 0.9236451481754692
-0.3702942066484089, -0.061861256706917334, 0.9267603819015123
-0.3609277706691222, -0.0725872516185164, 0.9296759654406972
-0.35147869246606656, -0.08329801606530854, 0.9323816603219023
-0.34196859363054655, -0.09399294795624426, 0.9349225430088902
-0.33236696384633, -0.10466413101339517, 0.9372162074045522
-0.32272042482463803, -0.11531987396143253, 0.9393804522088055
-0.312975085480499, -0.12594164866942076, 0.94125997391196
-0.30319943071673333, -0.13655010567035006, 0.9430459240729734
-0.29331935617425386, -0.1471126905691867, 0.9445095722555014
-0.2834220065771653, -0.1576657994132508, 0.945915852498829
-0.2734162952738922, -0.1681594675501056, 0.9469622793053553
-0.26340476283932296, -0.17864920667444936, 0.9479877968610111
-0.25328262891013126, -0.1890642945610787, 0.9486160386501272
-0.24316049498093958, -0.19947938244770808, 0.9492442804392434
-0.23293527607080805, -0.20980960538600116, 0.9494694623043176
-0.2227060408627181, -0.22013652189773536, 0.9496789405359876
-0.21239133451393918, -0.2303779672687808, 0.9495218318622353
-0.20206441800220468, -0.24060720247687073, 0.9493123536305654
-0.19166806653274004, -0.25075209542782845, 0.9487730990974068
-0.18125297864611056, -0.26087422935702, 0.9481448573082909
-0.17078288458432325, -0.2709148674480686, 0.9472238860069878
-0.16028921644746802, -0.2809205787513418, 0.9461774592004617
-0.1497533367938992, -0.29084933753862857, 0.9448754843011344
-0.1391907518950624, -0.3007294120811078, 0.9434118361186068
-0.12859709234642075, -0.31053875064445857, 0.9417298543377501
-0.11797531763843254, -0.32028408998859736, 0.9398503326345958
-0.10733192677768565, -0.3299665564002699, 0.9377896235034695
-0.09666074372053472, -0.3395681861844861, 0.9354959591078077
-0.085975707177009, -0.34911642291529627, 0.9330580840422057
-0.07526494273021676, -0.3585655011183517, 0.9303523891610007
-0.06454637731364542, -0.36797225037752546, 0.9275391903330258
-0.053805894886742325, -0.37726007546103174, 0.9244239566069826
-0.043061942699197844, -0.38651818446619735, 0.9212375556195797
-0.03230163306863145, -0.39563620338775535, 0.9177156518286229
-0.021540455598313385, -0.404738629561516, 0.9141584481937518
-0.010770227799156479, -0.413678445651105, 0.9102331176152021
7.494005416219807e-16, -0.4226182617406943, 0.9063077870366523
6.982150666838977e-17, -0.42261826174069383, 0.9063077870366526
0.010770227799155896, -0.4136784456511056, 0.9102331176152019
0.021540455598312736, -0.40473862956151646, 0.9141584481937518
0.032301633068630736, -0.3956362033877556, 0.9177156518286228
0.04306194269919708, -0.38651818446619757, 0.9212375556195795
0.053805894886741285, -0.37726007546103196, 0.9244239566069826
0.06454637731364443, -0.3679722503775255, 0.9275391903330259
0.07526494273021574, -0.35856550111835156, 0.9303523891610009
0.08597570717700793, -0.34911642291529604, 0.933058084042206
0.09666074372053332, -0.339568186184486, 0.935495959107808
0.10733192677768433, -0.32996655640026956, 0.93778962350347
0.11797531763843123, -0.3202840899885968, 0.9398503326345963
0.12859709234641942, -0.31053875064445796, 0.9417298543377505
0.13919075189506075, -0.3007294120811073, 0.9434118361186072
0.14975333679389757, -0.2908493375386278, 0.9448754843011351
0.16028921644746644, -0.28092057875134074, 0.9461774592004621
0.1707828845843213, -0.27091486744806775, 0.9472238860069885
0.18125297864610854, -0.2608742293570191, 0.9481448573082915
0.19166806653273816, -0.25075209542782734, 0.9487730990974077
0.2020644180022025, -0.24060720247686965, 0.9493123536305661
0.21239133451393694, -0.23037796726877965, 0.949521831862236
0.22270604086271578, -0.22013652189773408, 0.9496789405359887
0.23293527607080577, -0.20980960538599966, 0.9494694623043186
0.24316049498093711, -0.19947938244770658, 0.9492442804392442
0.2532826289101288, -0.189064294561077, 0.9486160386501281
0.2634047628393207, -0.17864920667444745, 0.9479877968610122
0.27341629527388955, -0.1681594675501038, 0.9469622793053565
0.2834220065771626, -0.15766579941324896, 0.9459158524988303
0.29331935617425114, -0.1471126905691846, 0.9445095722555026
0.30319943071673067, -0.13655010567034775, 0.9430459240729747
0.3129750854804962, -0.12594164866941857, 0.9412599739119614
0.322720424824635, -0.11531987396143037, 0.9393804522088071
0.33236696384632713, -0.10466413101339277, 0.9372162074045536
0.34196859363054344, -0.09399294795624176, 0.9349225430088917
0.3514786924660633, -0.08329801606530605, 0.9323816603219037
0.3609277706691188, -0.07258725161851387, 0.9296759654406987
0.37029420664840534, -0.061861256706914815, 0.926760381901514
0.37958203173191185, -0.05112077428001168, 0.9236451481754707
0.3887976891965902, -0.04037186529155162, 0.9203570796718391
0.3979157081181483, -0.02961155566098533, 0.9168351758808825
0.4069735835839167, -0.018847898648519726, 0.9131771155491128
0.4159133996735059, -0.008077670849362908, 0.909251784970563
0.4203833077182955, 0.0026925569497903406, 0.9072891196812903
0.4114434916287065, 0.013462784748947293, 0.9112144502598402
0.40247471757892245, 0.024231400845708278, 0.9150742239854057
0.3933566986573645, 0.034991710476274675, 0.9185961277763625
0.38422594427366025, 0.045750533066566394, 0.9220875313124508
0.37493811919015385, 0.056491015493469646, 0.925202765038494
0.3656502941066475, 0.06723149792037289, 0.9283179987645371
0.3562032315675864, 0.07794263384191653, 0.9310288128813025
0.34675415336453097, 0.0886533982887088, 0.9337345077625075
0.3371677787384306, 0.09932853948482406, 0.9360693752067234
0.3275661489542143, 0.10999972254197515, 0.9383630396023854
0.3178477551525611, 0.12063076131543138, 0.9403202130603847
0.30810241580842224, 0.13125253602341974, 0.9421997347635389
0.29825939344548646, 0.1418313981197733, 0.9437777481642389
0.28837931890300705, 0.15239398301861024, 0.9452413963467667
0.2784191509255217, 0.1629126334816837, 0.9464390659020934
0.26841343962224884, 0.17340630161853857, 0.9474854927086194
0.25834369587472056, 0.1838567506177696, 0.9483019177555698
0.2482215619455288, 0.19427183850439933, 0.948930159544686
0.2380498936748467, 0.20464614713013995, 0.949364723188483
0.22782065846675675, 0.21497306364187446, 0.9495742014201527
0.21755479276980025, 0.2252633496647422, 0.9496265709780701
0.20722787625806582, 0.23549258487283234, 0.9494170927464003
0.196875610476049, 0.24569102846323917, 0.9490872199919642
0.18646052258941961, 0.2558131623924309, 0.9484589782028481
0.17602971865274503, 0.26591201179643903, 0.9477470994102499
0.16553605051589027, 0.2759177230997121, 0.9467006726037235
0.15503462924331235, 0.285909300267396, 0.9456073083923969
0.14447204434447564, 0.29578937480987555, 0.9441436602098692
0.13390797970041002, 0.3056660809723966, 0.9426696151893255
0.12328620499242197, 0.31541142031653546, 0.940790093486171
0.11266443028443382, 0.3251567596606744, 0.9389105717830167
0.10199633524910566, 0.33476737129238593, 0.9366427913056363
0.09132515219195472, 0.3443690010766024, 0.9343491269099744
0.0806203249536087, 0.3538409620168321, 0.9317052366016005
0.0699095605068166, 0.36329004021988764, 0.9289995417203953
0.05917613610018984, 0.372616162919287, 0.925981573470001
0.0484356536732868, 0.38190398800279346, 0.9228663397439576
0.03768178788391099, 0.3910771939269849, 0.9194766037240977
0.026921478253344743, 0.4001952128485431, 0.9159546999331409
0.016155341698731573, 0.4092085376063194, 0.912195782904473
0.005385113899574905, 0.4181483536959085, 0.9082704523259232
-0.005385113899580044, 0.4181483536959045, 0.9082704523259251
-0.016155341698736975, 0.40920853760631526, 0.9121957829044749
-0.026921478253350145, 0.40019521284853904, 0.9159546999331424
-0.037681787883916476, 0.39107719392698104, 0.9194766037240992
-0.04843565367329228, 0.3819039880027897, 0.922866339743959
-0.05917613610019552, 0.3726161629192831, 0.9259815734700023
-0.06990956050682223, 0.36329004021988387, 0.9289995417203963
-0.0806203249536144, 0.3538409620168284, 0.9317052366016014
-0.09132515219196047, 0.34436900107659874, 0.934349126909975
-0.10199633524911149, 0.3347673712923823, 0.936642791305637
-0.11266443028443979, 0.32515675966067087, 0.9389105717830171
-0.12328620499242796, 0.315411420316532, 0.9407900934861716
-0.13390797970041615, 0.3056660809723933, 0.9426696151893259
-0.14447204434448185, 0.2957893748098722, 0.9441436602098693
-0.15503462924331868, 0.28590930026739275, 0.9456073083923973
-0.16553605051589654, 0.2759177230997089, 0.9467006726037235
-0.1760297186527513, 0.265912011796436, 0.9477470994102495
-0.18646052258942603, 0.2558131623924279, 0.9484589782028476
-0.19687561047605567, 0.24569102846323604, 0.9490872199919638
-0.20722787625807237, 0.23549258487282937, 0.9494170927463994
-0.21755479276980688, 0.22526334966473932, 0.9496265709780692
-0.22782065846676341, 0.2149730636418716, 0.9495742014201518
-0.23804989367485346, 0.20464614713013715, 0.9493647231884819
-0.2482215619455356, 0.1942718385043966, 0.9489301595446846
-0.25834369587472744, 0.18385675061776696, 0.9483019177555687
-0.26841343962225583, 0.17340630161853593, 0.9474854927086179
-0.2784191509255287, 0.1629126334816812, 0.9464390659020918
-0.28837931890301405, 0.1523939830186079, 0.9452413963467651
-0.2982593934454936, 0.14183139811977094, 0.9437777481642371
-0.30810241580842945, 0.13125253602341738, 0.9421997347635369
-0.3178477551525682, 0.12063076131542924, 0.9403202130603825
-0.32756614895422154, 0.10999972254197304, 0.938363039602383
-0.3371677787384379, 0.09932853948482208, 0.9360693752067212
-0.3467541533645383, 0.0886533982887069, 0.9337345077625049
-0.3562032315675936, 0.07794263384191485, 0.9310288128812999
-0.3656502941066548, 0.06723149792037117, 0.9283179987645342
-0.3749381191901613, 0.05649101549346794, 0.9252027650384911
-0.3842259442736677, 0.0457505330665648, 0.9220875313124478
-0.3933566986573719, 0.034991710476273134, 0.9185961277763595
-0.40247471757892983, 0.02423140084570698, 0.9150742239854026
-0.41144349162871396, 0.013462784748946015, 0.9112144502598367
-0.4203833077183031, 0.00269255694978909, 0.9072891196812869
-0.4159133996735104, -0.008077670849365164, 0.909251784970561
-0.40697358358392116, -0.018847898648522002, 0.913177115549111
-0.3979157081181525, -0.02961155566098761, 0.9168351758808805
-0.3887976891965943, -0.040371865291553906, 0.9203570796718372
-0.3795820317319158, -0.05112077428001391, 0.923645148175469
-0.3702942066484094, -0.06186125670691675, 0.9267603819015122
-0.3609277706691227, -0.07258725161851581, 0.9296759654406971
-0.351478692466067, -0.08329801606530796, 0.9323816603219022
-0.3419685936305473, -0.0939929479562434, 0.93492254300889
-0.3323669638463308, -0.10466413101339439, 0.937216207404552
-0.3227204248246386, -0.11531987396143192, 0.9393804522088054
-0.3129750854804997, -0.12594164866942012, 0.94125997391196
-0.30319943071673405, -0.13655010567034928, 0.9430459240729734
-0.29331935617425453, -0.14711269056918602, 0.9445095722555013
-0.2834220065771659, -0.15766579941325023, 0.9459158524988289
-0.2734162952738928, -0.168159467550105, 0.9469622793053553
-0.26340476283932374, -0.17864920667444856, 0.9479877968610111
-0.25328262891013176, -0.18906429456107818, 0.9486160386501272
-0.24316049498094014, -0.19947938244770755, 0.9492442804392434
-0.23293527607080858, -0.2098096053860006, 0.9494694623043176
-0.22270604086271864, -0.2201365218977348, 0.9496789405359876
-0.21239133451393974, -0.23037796726878024, 0.9495218318622353
-0.20206441800220523, -0.24060720247687012, 0.9493123536305655
-0.19166806653274054, -0.250752095427828, 0.9487730990974068
-0.18125297864611123, -0.26087422935701937, 0.9481448573082909
-0.17078288458432359, -0.27091486744806825, 0.9472238860069878
-0.16028921644746863, -0.2809205787513412, 0.9461774592004617
-0.1497533367938995, -0.2908493375386283, 0.9448754843011347
-0.13919075189506266, -0.30072941208110754, 0.9434118361186068
-0.12859709234642133, -0.310538750644458, 0.9417298543377501
-0.11797531763843312, -0.3202840899885967, 0.9398503326345959
-0.10733192677768585, -0.32996655640026973, 0.9377896235034695
-0.0966607437205351, -0.33956818618448575, 0.9354959591078078
-0.08597570717700932, -0.34911642291529604, 0.9330580840422058
-0.07526494273021707, -0.3585655011183514, 0.9303523891610008
-0.06454637731364538, -0.3679722503775255, 0.9275391903330257
-0.05380589488674214, -0.3772600754610319, 0.9244239566069826
-0.043061942699197844, -0.38651818446619735, 0.9212375556195797
-0.032301633068631444, -0.3956362033877553, 0.9177156518286229
-0.021540455598313055, -0.40473862956151624, 0.9141584481937517
-0.01077022779915648, -0.41367844565110495, 0.9102331176152021
7.494005416219807e-16, -0.4226182617406943, 0.9063077870366523
6.982150666838977e-17, -0.42261826174069383, 0.9063077870366526
0.010770227799155886, -0.4136784456511056, 0.9102331176152019
0.021540455598312715, -0.40473862956151646, 0.9141584481937518
0.03230163306863071, -0.3956362033877557, 0.9177156518286228
0.04306194269919704, -0.38651818446619757, 0.9212375556195795
0.05380589488674124, -0.3772600754610321, 0.9244239566069826
0.06454637731364439, -0.3679722503775256, 0.9275391903330258
0.0752649427302157, -0.3585655011183516, 0.9303523891610008
0.08597570717700787, -0.34911642291529615, 0.9330580840422059
0.09666074372053325, -0.33956818618448603, 0.9354959591078079
0.10733192677768423, -0.3299665564002697, 0.93778962350347
0.11797531763843112, -0.32028408998859687, 0.9398503326345963
0.1285970923464193, -0.3105387506444581, 0.9417298543377506
0.1391907518950606, -0.30072941208110743, 0.9434118361186071
0.14975333679389746, -0.29084933753862796, 0.9448754843011351
0.1602892164474663, -0.28092057875134097, 0.9461774592004621
0.17078288458432114, -0.2709148674480679, 0.9472238860069885
0.18125297864610837, -0.26087422935701926, 0.9481448573082915
0.19166806653273796, -0.2507520954278275, 0.9487730990974075
0.20206441800220232, -0.24060720247686984, 0.9493123536305661
0.21239133451393674, -0.23037796726877985, 0.949521831862236
0.2227060408627156, -0.2201365218977343, 0.9496789405359887
0.23293527607080558, -0.20980960538599983, 0.9494694623043186
0.2431604949809369, -0.1994793824477068, 0.9492442804392442
0.25328262891012865, -0.1890642945610772, 0.9486160386501281
0.2634047628393204, -0.1786492066744476, 0.9479877968610122
0.2734162952738894, -0.16815946755010397, 0.9469622793053565
0.2834220065771624, -0.15766579941324912, 0.9459158524988303
0.29331935617425103, -0.14711269056918477, 0.9445095722555026
0.30319943071673056, -0.13655010567034795, 0.9430459240729747
0.312975085480496, -0.12594164866941882, 0.9412599739119614
0.32272042482463476, -0.11531987396143062, 0.9393804522088071
0.3323669638463269, -0.104664131013393, 0.9372162074045537
0.3419685936305432, -0.09399294795624204, 0.9349225430088918
0.35147869246606306, -0.0832980160653063, 0.9323816603219038
0.3609277706691185, -0.07258725161851413, 0.9296759654406987
0.3702942066484051, -0.06186125670691507, 0.926760381901514
0.3795820317319116, -0.051120774280011924, 0.9236451481754707
0.3887976891965899, -0.040371865291551914, 0.9203570796718391
0.3979157081181481, -0.029611555660985594, 0.9168351758808825
0.40697358358391655, -0.018847898648519965, 0.9131771155491128
0.4159133996735057, -0.008077670849363124, 0.9092517849705631
0.42038330771829524, 0.0026925569497907986, 0.9072891196812908
0.4114434916287062, 0.01346278474894775, 0.9112144502598405
0.40247471757892206, 0.02423140084570873, 0.9150742239854059
0.3933566986573641, 0.03499171047627511, 0.9185961277763627
0.3842259442736599, 0.04575053306656676, 0.9220875313124508
0.3749381191901536, 0.056491015493470007, 0.925202765038494
0.3656502941066472, 0.06723149792037325, 0.9283179987645374
0.35620323156758604, 0.07794263384191691, 0.9310288128813027
0.34675415336453064, 0.08865339828870918, 0.9337345077625077
0.3371677787384303, 0.09932853948482444, 0.9360693752067235
0.327566148954214, 0.10999972254197556, 0.9383630396023854
0.3178477551525607, 0.12063076131543185, 0.9403202130603847
0.30810241580842196, 0.1312525360234201, 0.942199734763539
0.29825939344548624, 0.14183139811977355, 0.9437777481642389
0.2883793189030067, 0.15239398301861062, 0.9452413963467668
0.2784191509255214, 0.162912633481684, 0.9464390659020935
0.2684134396222485, 0.17340630161853893, 0.9474854927086194
0.2583436958747203, 0.1838567506177699, 0.9483019177555699
0.24822156194552852, 0.1942718385043996, 0.948930159544686
0.2380498936748463, 0.20464614713014032, 0.949364723188483
0.22782065846675648, 0.21497306364187474, 0.9495742014201527
0.21755479276979997, 0.22526334966474248, 0.9496265709780701
0.20722787625806552, 0.23549258487283262, 0.9494170927464003
0.19687561047604868, 0.24569102846323948, 0.9490872199919642
0.1864605225894193, 0.25581316239243124, 0.9484589782028481
0.17602971865274483, 0.2659120117964392, 0.9477470994102499
0.16553605051588993, 0.2759177230997124, 0.9467006726037235
0.15503462924331207, 0.28590930026739625, 0.9456073083923968
0.14447204434447536, 0.2957893748098758, 0.9441436602098692
0.13390797970040985, 0.3056660809723968, 0.9426696151893253
0.12328620499242168, 0.3154114203165357, 0.940790093486171
0.11266443028443354, 0.3251567596606747, 0.9389105717830166
0.10199633524910534, 0.3347673712923862, 0.9366427913056363
0.09132515219195447, 0.3443690010766025, 0.9343491269099743
0.08062032495360846, 0.35384096201683224, 0.9317052366016003
0.06990956050681629, 0.3632900402198879, 0.9289995417203952
0.05917613610018962, 0.37261616291928723, 0.9259815734700009
0.048435653673286574, 0.3819039880027937, 0.9228663397439576
0.03768178788391075, 0.39107719392698514, 0.9194766037240976
0.02692147825334441, 0.4001952128485434, 0.9159546999331407
0.01615534169873132, 0.40920853760631964, 0.9121957829044729
0.005385113899574658, 0.41814835369590875, 0.9082704523259231
-0.005385113899580293, 0.41814835369590425, 0.9082704523259252
-0.016155341698737224, 0.4092085376063151, 0.9121957829044749
-0.026921478253350405, 0.4001952128485389, 0.9159546999331425
-0.03768178788391666, 0.3910771939269808, 0.9194766037240993
-0.04843565367329254, 0.38190398800278946, 0.9228663397439592
-0.059176136100195786, 0.372616162919283, 0.9259815734700024
-0.0699095605068225, 0.36329004021988365, 0.9289995417203964
-0.0806203249536146, 0.35384096201682824, 0.9317052366016016
-0.09132515219196068, 0.3443690010765985, 0.9343491269099751
-0.10199633524911177, 0.3347673712923821, 0.936642791305637
-0.11266443028444001, 0.3251567596606706, 0.9389105717830173
-0.12328620499242826, 0.3154114203165318, 0.9407900934861715
-0.13390797970041637, 0.305666080972393, 0.9426696151893259
-0.1444720443444821, 0.295789374809872, 0.9441436602098694
-0.1550346292433189, 0.2859093002673926, 0.9456073083923973
-0.1655360505158968, 0.2759177230997087, 0.9467006726037235
-0.17602971865275158, 0.26591201179643575, 0.9477470994102495
-0.18646052258942628, 0.25581316239242763, 0.9484589782028476
-0.19687561047605592, 0.24569102846323576, 0.9490872199919638
-0.20722787625807262, 0.2354925848728291, 0.9494170927463994
-0.21755479276980713, 0.22526334966473904, 0.9496265709780692
-0.2278206584667637, 0.21497306364187133, 0.9495742014201518
-0.2380498936748538, 0.20464614713013682, 0.949364723188482
-0.2482215619455359, 0.19427183850439633, 0.9489301595446846
-0.2583436958747278, 0.18385675061776668, 0.9483019177555687
-0.2684134396222561, 0.17340630161853562, 0.9474854927086179
-0.2784191509255289, 0.162912633481681, 0.9464390659020918
-0.2883793189030143, 0.15239398301860757, 0.945241396346765
-0.2982593934454939, 0.14183139811977064, 0.9437777481642371
-0.3081024158084298, 0.13125253602341705, 0.9421997347635369
-0.31784775515256847, 0.12063076131542896, 0.9403202130603825
-0.32756614895422176, 0.10999972254197282, 0.938363039602383
-0.33716777873843823, 0.09932853948482175, 0.9360693752067211
-0.3467541533645386, 0.08865339828870654, 0.9337345077625048
-0.35620323156759387, 0.07794263384191458, 0.9310288128812998
-0.365650294106655, 0.06723149792037089, 0.9283179987645342
-0.3749381191901615, 0.05649101549346766, 0.9252027650384909
-0.384225944273668, 0.045750533066564424, 0.9220875313124477
-0.3933566986573723, 0.03499171047627276, 0.9185961277763592
-0.4024747175789301, 0.02423140084570668, 0.9150742239854025
-0.4114434916287142, 0.013462784748945703, 0.9112144502598365
-0.4203833077183034, 0.002692556949788767, 0.9072891196812868
-0.41591339967351004, -0.008077670849365497, 0.9092517849705612
-0.40697358358392083, -0.018847898648522342, 0.913177115549111
-0.3979157081181522, -0.029611555660987957, 0.9168351758808805
-0.38879768919659397, -0.040371865291554274, 0.9203570796718373
-0.37958203173191546, -0.05112077428001428, 0.923645148175469
-0.37029420664840906, -0.061861256706917125, 0.9267603819015122
-0.36092777066912235, -0.07258725161851619, 0.929675965440697
-0.3514786924660668, -0.08329801606530833, 0.9323816603219022
-0.341968593630547, -0.0939929479562437, 0.9349225430088901
-0.33236696384633047, -0.10466413101339471, 0.9372162074045521
-0.3227204248246382, -0.11531987396143235, 0.9393804522088055
-0.3129750854804993, -0.1259416486694205, 0.94125997391196
-0.30319943071673366, -0.13655010567034961, 0.9430459240729734
-0.29331935617425425, -0.14711269056918627, 0.9445095722555014
-0.2834220065771657, -0.15766579941325043, 0.9459158524988291
-0.2734162952738926, -0.16815946755010522, 0.9469622793053553
-0.2634047628393236, -0.17864920667444867, 0.9479877968610111
-0.25328262891013165, -0.18906429456107837, 0.9486160386501272
-0.24316049498093995, -0.19947938244770774, 0.9492442804392434
-0.23293527607080827, -0.2098096053860009, 0.9494694623043176
-0.2227060408627182, -0.22013652189773525, 0.9496789405359876
-0.21239133451393927, -0.2303779672687807, 0.9495218318622353
-0.20206441800220476, -0.24060720247687065, 0.9493123536305654
-0.1916680665327401, -0.2507520954278284, 0.9487730990974068
-0.1812529786461109, -0.26087422935701965, 0.9481448573082909
-0.17078288458432328, -0.2709148674480685, 0.9472238860069877
-0.16028921644746838, -0.2809205787513414, 0.9461774592004617
-0.14975333679389916, -0.2908493375386286, 0.9448754843011345
-0.13919075189506216, -0.300729412081108, 0.9434118361186067
-0.1285970923464208, -0.31053875064445857, 0.9417298543377501
-0.11797531763843258, -0.3202840899885973, 0.9398503326345959
-0.10733192677768533, -0.3299665564002702, 0.9377896235034695
-0.09666074372053474, -0.33956818618448603, 0.9354959591078077
-0.08597570717700902, -0.3491164229152962, 0.9330580840422057
-0.07526494273021678, -0.3585655011183517, 0.9303523891610007
-0.0645463773136451, -0.36797225037752573, 0.9275391903330257
-0.053805894886741985, -0.377260075461032, 0.9244239566069826
-0.0430619426991978, -0.38651818446619735, 0.9212375556195797
-0.03230163306863143, -0.39563620338775535, 0.9177156518286229
-0.02154045559831306, -0.4047386295615163, 0.9141584481937517
-0.010770227799156483, -0.413678445651105, 0.9102331176152021
7.494005416219807e-16, -0.4226182617406943, 0.9063077870366523
6.982150666838977e-17, -0.42261826174069383, 0.9063077870366526
0.010770227799155886, -0.4136784456511056, 0.9102331176152019
0.021540455598312715, -0.40473862956151646, 0.9141584481937518
0.03230163306863071, -0.3956362033877557, 0.9177156518286228
0.043061942699197046, -0.38651818446619757, 0.9212375556195795
0.05380589488674123, -0.377260075461032, 0.9244239566069826
0.06454637731364436, -0.36797225037752557, 0.9275391903330258
0.07526494273021567, -0.3585655011183516, 0.9303523891610008
0.08597570717700784, -0.34911642291529615, 0.933058084042206
0.09666074372053325, -0.33956818618448603, 0.935495959107808
0.10733192677768422, -0.3299665564002697, 0.93778962350347
0.11797531763843112, -0.3202840899885969, 0.9398503326345962
0.12859709234641928, -0.3105387506444581, 0.9417298543377505
0.13919075189506058, -0.30072941208110743, 0.943411836118607
0.1497533367938975, -0.29084933753862796, 0.9448754843011351
0.16028921644746627, -0.2809205787513409, 0.9461774592004621
0.17078288458432114, -0.2709148674480679, 0.9472238860069885
0.1812529786461084, -0.26087422935701926, 0.9481448573082915
0.19166806653273796, -0.2507520954278275, 0.9487730990974075
0.20206441800220232, -0.2406072024768698, 0.9493123536305661
0.21239133451393674, -0.23037796726877985, 0.949521831862236
0.2227060408627156, -0.22013652189773428, 0.9496789405359887
0.23293527607080558, -0.20980960538599983, 0.9494694623043186
0.2431604949809369, -0.1994793824477068, 0.9492442804392444
0.25328262891012865, -0.18906429456107723, 0.9486160386501282
0.26340476283932046, -0.17864920667444767, 0.9479877968610123
0.2734162952738894, -0.168159467550104, 0.9469622793053565
0.2834220065771624, -0.15766579941324912, 0.9459158524988303
0.293319356174251, -0.1471126905691848, 0.9445095722555026
0.3031994307167305, -0.13655010567034795, 0.9430459240729747
0.31297508548049596, -0.12594164866941882, 0.9412599739119614
0.3227204248246347, -0.11531987396143063, 0.9393804522088071
0.33236696384632686, -0.10466413101339303, 0.9372162074045537
0.34196859363054327, -0.09399294795624202, 0.9349225430088918
0.351478692466063, -0.08329801606530632, 0.9323816603219038
0.3609277706691185, -0.07258725161851415, 0.9296759654406989
0.37029420664840507, -0.06186125670691509, 0.926760381901514
0.37958203173191163, -0.05112077428001192, 0.9236451481754708
0.38879768919658997, -0.0403718652915519, 0.9203570796718392
0.3979157081181481, -0.029611555660985577, 0.9168351758808825
0.40697358358391655, -0.018847898648519955, 0.9131771155491128
0.4159133996735057, -0.008077670849363113, 0.9092517849705631
0.4203833077182949, 0.0026925569497911264, 0.9072891196812908
0.4114434916287059, 0.013462784748948072, 0.9112144502598405
0.4024747175789218, 0.02423140084570905, 0.9150742239854059
0.39335669865736383, 0.03499171047627545, 0.9185961277763628
0.38422594427365964, 0.045750533066567116, 0.9220875313124509
0.3749381191901533, 0.05649101549347035, 0.9252027650384942
0.3656502941066469, 0.0672314979203736, 0.9283179987645371
0.35620323156758577, 0.07794263384191723, 0.9310288128813026
0.3467541533645304, 0.0886533982887095, 0.9337345077625077
0.33716777873843, 0.0993285394848247, 0.9360693752067237
0.32756614895421376, 0.10999972254197578, 0.9383630396023857
0.3178477551525605, 0.12063076131543207, 0.9403202130603848
0.3081024158084217, 0.13125253602342035, 0.9421997347635391
0.298259393445486, 0.14183139811977383, 0.9437777481642391
0.28837931890300655, 0.15239398301861085, 0.9452413963467668
0.2784191509255213, 0.1629126334816842, 0.9464390659020936
0.2684134396222483, 0.17340630161853915, 0.9474854927086195
0.25834369587472006, 0.18385675061777007, 0.94830191775557
0.24822156194552836, 0.19427183850439983, 0.948930159544686
0.2380498936748462, 0.20464614713014045, 0.949364723188483
0.2278206584667563, 0.21497306364187496, 0.9495742014201527
0.21755479276979978, 0.22526334966474268, 0.9496265709780701
0.20722787625806535, 0.2354925848728328, 0.9494170927464003
0.1968756104760485, 0.24569102846323965, 0.9490872199919642
0.18646052258941914, 0.25581316239243135, 0.9484589782028481
0.1760297186527446, 0.26591201179643936, 0.9477470994102498
0.1655360505158898, 0.2759177230997126, 0.9467006726037235
0.15503462924331196, 0.28590930026739636, 0.9456073083923969
0.1444720443444752, 0.295789374809876, 0.9441436602098691
0.13390797970040969, 0.3056660809723969, 0.9426696151893255
0.12328620499242153, 0.31541142031653585, 0.9407900934861709
0.11266443028443339, 0.3251567596606748, 0.9389105717830167
0.1019963352491052, 0.3347673712923863, 0.9366427913056363
0.09132515219195428, 0.34436900107660273, 0.9343491269099742
0.08062032495360832, 0.35384096201683235, 0.9317052366016003
0.06990956050681618, 0.36329004021988803, 0.9289995417203951
0.0591761361001895, 0.3726161629192873, 0.9259815734700009
0.04843565367328639, 0.3819039880027939, 0.9228663397439576
0.037681787883910654, 0.3910771939269852, 0.9194766037240976
0.026921478253344323, 0.4001952128485434, 0.9159546999331407
0.016155341698731156, 0.40920853760631976, 0.9121957829044728
0.005385113899574495, 0.41814835369590886, 0.9082704523259231
-0.005385113899580454, 0.4181483536959041, 0.9082704523259253
-0.016155341698737297, 0.40920853760631504, 0.912195782904475
-0.026921478253350554, 0.4001952128485387, 0.9159546999331425
-0.03768178788391681, 0.3910771939269807, 0.9194766037240993
-0.04843565367329268, 0.38190398800278935, 0.9228663397439592
-0.05917613610019582, 0.3726161629192829, 0.9259815734700024
-0.06990956050682262, 0.36329004021988354, 0.9289995417203964
-0.08062032495361472, 0.3538409620168282, 0.9317052366016016
-0.09132515219196077, 0.3443690010765984, 0.9343491269099751
-0.10199633524911178, 0.3347673712923821, 0.936642791305637
-0.1126644302844401, 0.3251567596606706, 0.9389105717830172
-0.12328620499242827, 0.3154114203165318, 0.9407900934861716
-0.13390797970041646, 0.305666080972393, 0.9426696151893259
-0.1444720443444822, 0.2957893748098719, 0.9441436602098694
-0.155034629243319, 0.2859093002673925, 0.9456073083923974
-0.16553605051589687, 0.27591772309970863, 0.9467006726037235
-0.17602971865275163, 0.26591201179643564, 0.9477470994102495
-0.1864605225894263, 0.2558131623924276, 0.9484589782028476
-0.1968756104760559, 0.24569102846323582, 0.9490872199919638
-0.20722787625807268, 0.23549258487282906, 0.9494170927463994
-0.2175547927698071, 0.2252633496647391, 0.9496265709780692
-0.22782065846676375, 0.2149730636418713, 0.9495742014201518
-0.2380498936748537, 0.2046461471301369, 0.9493647231884819
-0.2482215619455359, 0.19427183850439628, 0.9489301595446846
-0.2583436958747277, 0.18385675061776663, 0.9483019177555687
-0.26841343962225594, 0.17340630161853582, 0.9474854927086178
-0.2784191509255289, 0.162912633481681, 0.9464390659020918
-0.28837931890301427, 0.15239398301860757, 0.945241396346765
-0.2982593934454939, 0.14183139811977064, 0.9437777481642371
-0.3081024158084298, 0.13125253602341705, 0.9421997347635369
-0.31784775515256836, 0.12063076131542906, 0.9403202130603825
-0.3275661489542217, 0.10999972254197282, 0.938363039602383
-0.3371677787384382, 0.09932853948482177, 0.9360693752067211
-0.3467541533645385, 0.08865339828870658, 0.9337345077625048
-0.3562032315675938, 0.07794263384191462, 0.9310288128812998
-0.365650294106655, 0.06723149792037095, 0.9283179987645342
-0.37493811919016146, 0.05649101549346772, 0.925202765038491
-0.384225944273668, 0.04575053306656449, 0.9220875313124477
-0.393356698657372, 0.034991710476273065, 0.9185961277763595
-0.40247471757893005, 0.024231400845706744, 0.9150742239854026
-0.4114434916287142, 0.01346278474894577, 0.9112144502598365
-0.4203833077183033, 0.0026925569497888457, 0.9072891196812867
-0.41591339967351015, -0.00807767084936541, 0.9092517849705611
-0.40697358358392094, -0.01884789864852225, 0.9131771155491111
-0.3979157081181523, -0.029611555660987866, 0.9168351758808806
-0.3887976891965941, -0.040371865291554176, 0.9203570796718374
-0.37958203173191557, -0.05112077428001417, 0.923645148175469
-0.3702942066484092, -0.061861256706917014, 0.9267603819015122
-0.36092777066912246, -0.07258725161851606, 0.929675965440697
-0.3514786924660668, -0.08329801606530822, 0.9323816603219022
-0.3419685936305469, -0.09399294795624386, 0.9349225430088902
-0.3323669638463306, -0.10466413101339458, 0.937216207404552
-0.32272042482463836, -0.11531987396143223, 0.9393804522088055
-0.31297508548049935, -0.12594164866942043, 0.94125997391196
-0.3031994307167339, -0.13655010567034948, 0.9430459240729734
-0.2933193561742543, -0.14711269056918622, 0.9445095722555014
-0.28342200657716543, -0.1576657994132507, 0.9459158524988291
-0.27341629527389233, -0.16815946755010552, 0.9469622793053554
-0.2634047628393233, -0.178649206674449, 0.9479877968610111
-0.2532826289101316, -0.18906429456107843, 0.9486160386501272
-0.24316049498093964, -0.19947938244770802, 0.9492442804392434
-0.23293527607080833, -0.20980960538600085, 0.9494694623043176
-0.2227060408627181, -0.22013652189773536, 0.9496789405359876
-0.21239133451393918, -0.2303779672687808, 0.9495218318622353
-0.2020644180022047, -0.2406072024768707, 0.9493123536305654
-0.19166806653274024, -0.2507520954278283, 0.9487730990974068
-0.18125297864611037, -0.2608742293570202, 0.9481448573082909
-0.170782884584323, -0.2709148674480688, 0.9472238860069878
-0.16028921644746807, -0.28092057875134174, 0.9461774592004617
-0.14975333679389918, -0.29084933753862857, 0.9448754843011344
-0.13919075189506208, -0.3007294120811081, 0.9434118361186067
-0.12859709234642075, -0.3105387506444586, 0.9417298543377501
-0.11797531763843254, -0.32028408998859736, 0.9398503326345958
-0.10733192677768563, -0.3299665564002699, 0.9377896235034695
-0.0966607437205344, -0.33956818618448636, 0.9354959591078076
-0.085975707177009, -0.34911642291529627, 0.9330580840422057
-0.07526494273021676, -0.3585655011183517, 0.9303523891610007
-0.0645463773136454, -0.36797225037752546, 0.9275391903330258
-0.05380589488674198, -0.377260075461032, 0.9244239566069826
-0.0430619426991978, -0.38651818446619735, 0.9212375556195797
-0.032301633068631104, -0.39563620338775557, 0.9177156518286228
-0.021540455598313378, -0.40473862956151596, 0.9141584481937518
-0.010770227799156155, -0.41367844565110523, 0.910233117615202
7.494005416219807e-16, -0.4226182617406943, 0.9063077870366523
6.982150666838977e-17, -0.42261826174069383, 0.9063077870366526
0.010770227799155891, -0.4136784456511056, 0.9102331176152019
0.021540455598312722, -0.40473862956151646, 0.9141584481937518
0.03230163306863072, -0.3956362033877556, 0.9177156518286228
0.04306194269919706, -0.38651818446619757, 0.9212375556195795
0.05380589488674124, -0.377260075461032, 0.9244239566069826
0.06454637731364439, -0.3679722503775255, 0.9275391903330258
0.0752649427302157, -0.3585655011183516, 0.9303523891610009
0.08597570717700787, -0.3491164229152961, 0.933058084042206
0.0966607437205333, -0.33956818618448603, 0.935495959107808
0.10733192677768426, -0.3299665564002696, 0.93778962350347
0.11797531763843118, -0.32028408998859687, 0.9398503326345963
0.12859709234641936, -0.310538750644458, 0.9417298543377505
0.13919075189506064, -0.3007294120811074, 0.9434118361186072
0.14975333679389752, -0.29084933753862785, 0.9448754843011351
0.16028921644746633, -0.28092057875134085, 0.9461774592004621
0.1707828845843212, -0.27091486744806786, 0.9472238860069885
0.18125297864610845, -0.2608742293570192, 0.9481448573082915
0.19166806653273805, -0.25075209542782745, 0.9487730990974075
0.20206441800220237, -0.24060720247686976, 0.9493123536305661
0.21239133451393677, -0.2303779672687798, 0.949521831862236
0.22270604086271573, -0.22013652189773417, 0.9496789405359887
0.2329352760708057, -0.20980960538599971, 0.9494694623043186
0.243160494980937, -0.19947938244770672, 0.9492442804392442
0.2532826289101287, -0.18906429456107712, 0.9486160386501281
0.26340476283932046, -0.17864920667444756, 0.9479877968610122
0.27341629527388944, -0.16815946755010394, 0.9469622793053565
0.2834220065771625, -0.157665799413249, 0.9459158524988303
0.2933193561742511, -0.1471126905691847, 0.9445095722555025
0.30319943071673056, -0.13655010567034784, 0.9430459240729747
0.312975085480496, -0.1259416486694187, 0.9412599739119613
0.32272042482463476, -0.11531987396143052, 0.939380452208807
0.3323669638463269, -0.1046641310133929, 0.9372162074045536
0.3419685936305433, -0.0939929479562419, 0.9349225430088917
0.35147869246606306, -0.08329801606530618, 0.9323816603219037
0.3609277706691187, -0.072587251618514, 0.9296759654406987
0.3702942066484052, -0.06186125670691494, 0.926760381901514
0.37958203173191174, -0.05112077428001177, 0.9236451481754707
0.3887976891965901, -0.04037186529155176, 0.9203570796718391
0.39791570811814825, -0.029611555660985472, 0.9168351758808825
0.4069735835839167, -0.018847898648519858, 0.9131771155491128
0.4159133996735059, -0.008077670849362926, 0.909251784970563
0.420383307718295, 0.002692556949790985, 0.9072891196812908
0.41144349162870597, 0.01346278474894794, 0.9112144502598405
0.4024747175789219, 0.02423140084570893, 0.9150742239854059
0.3933566986573639, 0.034991710476275334, 0.9185961277763628
0.38422594427365975, 0.045750533066567005, 0.9220875313124508
0.37493811919015335, 0.05649101549347024, 0.925202765038494
0.36565029410664696, 0.06723149792037349, 0.9283179987645371
0.3562032315675859, 0.07794263384191712, 0.9310288128813025
0.34675415336453047, 0.08865339828870936, 0.9337345077625077
0.3371677787384302, 0.09932853948482454, 0.9360693752067235
0.3275661489542139, 0.10999972254197563, 0.9383630396023855
0.3178477551525606, 0.12063076131543192, 0.9403202130603847
0.3081024158084218, 0.1312525360234203, 0.942199734763539
0.298259393445486, 0.14183139811977374, 0.9437777481642389
0.2883793189030066, 0.15239398301861073, 0.9452413963467668
0.2784191509255214, 0.16291263348168405, 0.9464390659020935
0.2684134396222484, 0.1734063016185391, 0.9474854927086194
0.25834369587472017, 0.18385675061777002, 0.9483019177555699
0.2482215619455284, 0.19427183850439977, 0.948930159544686
0.23804989367484633, 0.2046461471301403, 0.949364723188483
0.22782065846675634, 0.21497306364187488, 0.9495742014201528
0.21755479276979983, 0.22526334966474265, 0.9496265709780701
0.20722787625806538, 0.2354925848728328, 0.9494170927464003
0.19687561047604854, 0.24569102846323965, 0.9490872199919642
0.18646052258941914, 0.2558131623924314, 0.9484589782028481
0.1760297186527445, 0.2659120117964395, 0.9477470994102499
0.1655360505158898, 0.2759177230997126, 0.9467006726037235
0.15503462924331202, 0.28590930026739636, 0.9456073083923968
0.14447204434447514, 0.295789374809876, 0.9441436602098692
0.13390797970040963, 0.305666080972397, 0.9426696151893252
0.12328620499242146, 0.3154114203165359, 0.9407900934861708
0.11266443028443329, 0.32515675966067487, 0.9389105717830166
0.10199633524910512, 0.3347673712923864, 0.9366427913056363
0.09132515219195411, 0.34436900107660295, 0.9343491269099742
0.08062032495360824, 0.35384096201683246, 0.9317052366016003
0.06990956050681607, 0.36329004021988814, 0.9289995417203952
0.05917613610018939, 0.37261616291928745, 0.9259815734700009
0.04843565367328617, 0.381903988002794, 0.9228663397439574
0.03768178788391052, 0.39107719392698537, 0.9194766037240976
0.026921478253344195, 0.40019521284854354, 0.9159546999331407
0.01615534169873093, 0.4092085376063199, 0.9121957829044728
0.005385113899574256, 0.4181483536959091, 0.908270452325923
-0.005385113899580705, 0.4181483536959039, 0.9082704523259253
-0.016155341698737474, 0.4092085376063149, 0.9121957829044751
-0.026921478253350818, 0.4001952128485385, 0.9159546999331426
-0.03768178788391707, 0.3910771939269805, 0.9194766037240993
-0.04843565367329296, 0.3819039880027891, 0.9228663397439593
-0.059176136100196036, 0.3726161629192828, 0.9259815734700025
-0.06990956050682291, 0.3632900402198833, 0.9289995417203967
-0.08062032495361501, 0.3538409620168279, 0.9317052366016016
-0.09132515219196108, 0.3443690010765982, 0.9343491269099751
-0.10199633524911203, 0.3347673712923819, 0.936642791305637
-0.11266443028444043, 0.32515675966067026, 0.9389105717830173
-0.12328620499242854, 0.3154114203165316, 0.9407900934861717
-0.1339079797004168, 0.3056660809723927, 0.942669615189326
-0.14447204434448255, 0.2957893748098716, 0.9441436602098695
-0.15503462924331934, 0.28590930026739214, 0.9456073083923973
-0.16553605051589726, 0.2759177230997083, 0.9467006726037235
-0.17602971865275197, 0.2659120117964353, 0.9477470994102495
-0.1864605225894267, 0.2558131623924272, 0.9484589782028476
-0.1968756104760562, 0.24569102846323554, 0.9490872199919638
-0.20722787625807304, 0.2354925848728287, 0.9494170927463994
-0.21755479276980738, 0.22526334966473877, 0.9496265709780692
-0.2278206584667641, 0.2149730636418709, 0.9495742014201518
-0.23804989367485405, 0.20464614713013657, 0.949364723188482
-0.2482215619455363, 0.1942718385043959, 0.9489301595446846
-0.25834369587472816, 0.18385675061776624, 0.9483019177555685
-0.2684134396222562, 0.1734063016185355, 0.9474854927086179
-0.2784191509255293, 0.16291263348168059, 0.9464390659020918
-0.2883793189030147, 0.15239398301860715, 0.945241396346765
-0.2982593934454943, 0.1418313981197702, 0.9437777481642371
-0.3081024158084302, 0.13125253602341663, 0.9421997347635369
-0.3178477551525687, 0.12063076131542869, 0.9403202130603825
-0.3275661489542221, 0.10999972254197238, 0.9383630396023828
-0.33716777873843856, 0.0993285394848213, 0.936069375206721
-0.34675415336453896, 0.0886533982887061, 0.9337345077625047
-0.35620323156759426, 0.07794263384191413, 0.9310288128812997
-0.3656502941066554, 0.06723149792037045, 0.928317998764534
-0.37493811919016196, 0.05649101549346722, 0.9252027650384907
-0.3842259442736684, 0.04575053306656399, 0.9220875313124476
-0.3933566986573724, 0.03499171047627264, 0.9185961277763592
-0.4024747175789305, 0.024231400845706227, 0.9150742239854024
-0.41144349162871463, 0.013462784748945252, 0.9112144502598364
-0.4203833077183038, 0.0026925569497883166, 0.9072891196812867
-0.4159133996735097, -0.008077670849365951, 0.9092517849705612
-0.4069735835839205, -0.018847898648522796, 0.9131771155491111
-0.3979157081181518, -0.02961155566098842, 0.9168351758808806
-0.38879768919659363, -0.04037186529155474, 0.9203570796718374
-0.37958203173191507, -0.05112077428001475, 0.923645148175469
-0.3702942066484087, -0.06186125670691759, 0.9267603819015123
-0.36092777066912196, -0.07258725161851663, 0.9296759654406972
-0.35147869246606633, -0.08329801606530882, 0.9323816603219024
-0.3419685936305463, -0.09399294795624452, 0.9349225430088903
-0.33236696384633013, -0.10466413101339517, 0.9372162074045522
-0.3227204248246378, -0.11531987396143278, 0.9393804522088056
-0.3129750854804989, -0.12594164866942095, 0.94125997391196
-0.3031994307167334, -0.13655010567034995, 0.9430459240729734
-0.2933193561742539, -0.1471126905691866, 0.9445095722555014
-0.28342200657716504, -0.15766579941325104, 0.9459158524988291
-0.273416295273892, -0.16815946755010583, 0.9469622793053554
-0.263404762839323, -0.17864920667444933, 0.9479877968610112
-0.2532826289101313, -0.18906429456107865, 0.9486160386501273
-0.2431604949809393, -0.19947938244770835, 0.9492442804392436
-0.23293527607080808, -0.20980960538600113, 0.9494694623043177
-0.2227060408627178, -0.2201365218977356, 0.9496789405359876
-0.2123913345139389, -0.23037796726878107, 0.9495218318622353
-0.2020644180022044, -0.24060720247687095, 0.9493123536305654
-0.19166806653274002, -0.2507520954278285, 0.9487730990974068
-0.18125297864611004, -0.2608742293570205, 0.9481448573082909
-0.1707828845843228, -0.27091486744806903, 0.9472238860069878
-0.16028921644746802, -0.28092057875134185, 0.9461774592004617
-0.1497533367938992, -0.29084933753862857, 0.9448754843011344
-0.13919075189506208, -0.30072941208110815, 0.9434118361186067
-0.12859709234642075, -0.31053875064445857, 0.9417298543377501
-0.11797531763843254, -0.32028408998859736, 0.9398503326345958
-0.10733192677768565, -0.3299665564002699, 0.9377896235034695
-0.09666074372053439, -0.33956818618448636, 0.9354959591078076
-0.085975707177009, -0.34911642291529627, 0.9330580840422057
-0.07526494273021676, -0.3585655011183517, 0.9303523891610007
-0.06454637731364542, -0.36797225037752546, 0.9275391903330258
-0.053805894886742006, -0.377260075461032, 0.9244239566069825
-0.043061942699197844, -0.38651818446619735, 0.9212375556195797
-0.03230163306863112, -0.39563620338775557, 0.9177156518286228
-0.02154045559831338, -0.40473862956151596, 0.9141584481937518
-0.010770227799156151, -0.41367844565110523, 0.910233117615202
7.494005416219807e-16, -0.4226182617406943, 0.9063077870366523
6.982150666838977e-17, -0.42261826174069383, 0.9063077870366526
0.010770227799155891, -0.4136784456511056, 0.9102331176152019
0.021540455598312722, -0.40473862956151646, 0.9141584481937518
0.03230163306863072, -0.3956362033877556, 0.9177156518286228
0.04306194269919706, -0.38651818446619757, 0.9212375556195795
0.05380589488674125, -0.377260075461032, 0.9244239566069826
0.06454637731364439, -0.36797225037752557, 0.9275391903330259
0.0752649427302157, -0.3585655011183516, 0.9303523891610009
0.08597570717700787, -0.3491164229152961, 0.933058084042206
0.0966607437205333, -0.33956818618448603, 0.9354959591078079
0.10733192677768427, -0.3299665564002696, 0.9377896235034698
0.1179753176384312, -0.3202840899885968, 0.9398503326345962
0.12859709234641936, -0.310538750644458, 0.9417298543377505
0.13919075189506067, -0.3007294120811074, 0.9434118361186072
0.14975333679389752, -0.29084933753862785, 0.9448754843011351
0.16028921644746635, -0.28092057875134085, 0.9461774592004621
0.1707828845843212, -0.27091486744806786, 0.9472238860069885
0.18125297864610848, -0.2608742293570192, 0.9481448573082915
0.19166806653273807, -0.2507520954278274, 0.9487730990974075
0.2020644180022024, -0.24060720247686976, 0.9493123536305661
0.21239133451393682, -0.23037796726877974, 0.949521831862236
0.22270604086271575, -0.22013652189773414, 0.9496789405359887
0.23293527607080572, -0.20980960538599971, 0.9494694623043186
0.24316049498093703, -0.19947938244770666, 0.9492442804392444
0.25328262891012876, -0.1890642945610771, 0.9486160386501281
0.26340476283932057, -0.17864920667444753, 0.9479877968610122
0.27341629527388944, -0.1681594675501039, 0.9469622793053563
0.2834220065771625, -0.157665799413249, 0.9459158524988303
0.2933193561742511, -0.14711269056918466, 0.9445095722555026
0.3031994307167306, -0.1365501056703478, 0.9430459240729747
0.312975085480496, -0.12594164866941868, 0.9412599739119614
0.3227204248246348, -0.1153198739614305, 0.9393804522088071
0.3323669638463269, -0.10466413101339289, 0.9372162074045537
0.3419685936305433, -0.09399294795624191, 0.9349225430088918
0.3514786924660631, -0.08329801606530618, 0.9323816603219038
0.3609277706691187, -0.07258725161851401, 0.9296759654406987
0.37029420664840523, -0.06186125670691494, 0.9267603819015139
0.37958203173191174, -0.05112077428001176, 0.9236451481754708
0.3887976891965901, -0.040371865291551734, 0.920357079671839
0.39791570811814825, -0.029611555660985417, 0.9168351758808825
0.4069735835839167, -0.01884789864851978, 0.9131771155491128
0.41591339967350593, -0.008077670849362876, 0.909251784970563
0.42038330771829474, 0.002692556949791331, 0.9072891196812909
0.41144349162870575, 0.013462784748948273, 0.9112144502598405
0.4024747175789216, 0.02423140084570927, 0.9150742239854062
0.39335669865736367, 0.03499171047627568, 0.9185961277763628
0.38422594427365947, 0.04575053306656734, 0.922087531312451
0.3749381191901531, 0.056491015493470575, 0.9252027650384942
0.3656502941066467, 0.06723149792037383, 0.9283179987645374
0.35620323156758554, 0.07794263384191746, 0.9310288128813027
0.3467541533645302, 0.08865339828870974, 0.9337345077625077
0.33716777873842985, 0.0993285394848249, 0.9360693752067237
0.3275661489542136, 0.10999972254197596, 0.9383630396023857
0.31784775515256025, 0.12063076131543228, 0.9403202130603849
0.3081024158084215, 0.13125253602342057, 0.9421997347635391
0.29825939344548574, 0.14183139811977408, 0.9437777481642391
0.2883793189030063, 0.15239398301861112, 0.945241396346767
0.27841915092552105, 0.16291263348168444, 0.9464390659020936
0.268413439622248, 0.17340630161853945, 0.9474854927086196
0.25834369587471984, 0.1838567506177704, 0.94830191775557
0.24822156194552805, 0.19427183850440014, 0.9489301595446861
0.23804989367484597, 0.20464614713014068, 0.949364723188483
0.22782065846675598, 0.21497306364187524, 0.9495742014201529
0.2175547927697995, 0.22526334966474298, 0.9496265709780701
0.20722787625806505, 0.23549258487283314, 0.9494170927464003
0.1968756104760482, 0.24569102846323998, 0.9490872199919642
0.1864605225894188, 0.25581316239243174, 0.9484589782028481
0.17602971865274417, 0.2659120117964398, 0.9477470994102497
0.1655360505158895, 0.27591772309971285, 0.9467006726037235
0.15503462924331168, 0.2859093002673967, 0.9456073083923969
0.14447204434447486, 0.2957893748098762, 0.9441436602098691
0.1339079797004093, 0.3056660809723972, 0.9426696151893252
0.12328620499242121, 0.31541142031653613, 0.9407900934861708
0.11266443028443304, 0.32515675966067503, 0.9389105717830166
0.10199633524910481, 0.33476737129238665, 0.9366427913056362
0.09132515219195388, 0.3443690010766031, 0.9343491269099742
0.08062032495360795, 0.35384096201683274, 0.9317052366016003
0.06990956050681586, 0.3632900402198883, 0.9289995417203951
0.0591761361001891, 0.3726161629192877, 0.9259815734700008
0.04843565367328597, 0.38190398800279424, 0.9228663397439574
0.037681787883910245, 0.3910771939269856, 0.9194766037240973
0.026921478253343928, 0.4001952128485438, 0.9159546999331406
0.016155341698730757, 0.4092085376063201, 0.9121957829044727
0.005385113899574006, 0.41814835369590925, 0.9082704523259229
-0.005385113899580865, 0.4181483536959038, 0.9082704523259253
-0.01615534169873771, 0.4092085376063147, 0.9121957829044751
-0.026921478253350964, 0.4001952128485383, 0.9159546999331426
-0.037681787883917295, 0.39107719392698026, 0.9194766037240995
-0.04843565367329317, 0.3819039880027889, 0.9228663397439592
-0.05917613610019626, 0.37261616291928257, 0.9259815734700025
-0.06990956050682312, 0.3632900402198831, 0.9289995417203966
-0.08062032495361521, 0.3538409620168277, 0.9317052366016018
-0.09132515219196127, 0.344369001076598, 0.9343491269099752
-0.1019963352491122, 0.3347673712923817, 0.9366427913056372
-0.11266443028444059, 0.32515675966067015, 0.9389105717830173
-0.12328620499242869, 0.3154114203165314, 0.9407900934861717
-0.13390797970041696, 0.30566608097239256, 0.942669615189326
-0.1444720443444827, 0.29578937480987144, 0.9441436602098696
-0.1550346292433195, 0.28590930026739203, 0.9456073083923974
-0.16553605051589737, 0.2759177230997082, 0.9467006726037235
-0.1760297186527521, 0.26591201179643525, 0.9477470994102497
-0.1864605225894268, 0.25581316239242713, 0.9484589782028476
-0.19687561047605628, 0.24569102846323543, 0.9490872199919638
-0.20722787625807315, 0.2354925848728286, 0.9494170927463994
-0.2175547927698075, 0.22526334966473865, 0.9496265709780692
-0.22782065846676422, 0.2149730636418708, 0.9495742014201518
-0.23804989367485427, 0.20464614713013635, 0.9493647231884821
-0.24822156194553652, 0.1942718385043957, 0.9489301595446846
-0.25834369587472816, 0.18385675061776627, 0.9483019177555686
-0.2684134396222564, 0.17340630161853535, 0.9474854927086178
-0.2784191509255295, 0.16291263348168042, 0.9464390659020918
-0.2883793189030149, 0.152393983018607, 0.945241396346765
-0.29825939344549446, 0.14183139811977002, 0.943777748164237
-0.3081024158084301, 0.1312525360234167, 0.9421997347635369
-0.31784775515256886, 0.12063076131542855, 0.9403202130603825
-0.3275661489542222, 0.10999972254197224, 0.9383630396023829
-0.33716777873843873, 0.09932853948482118, 0.9360693752067208
-0.34675415336453885, 0.08865339828870619, 0.9337345077625048
-0.3562032315675943, 0.077942633841914, 0.9310288128812997
-0.3656502941066555, 0.06723149792037034, 0.928317998764534
-0.374938119190162, 0.056491015493467106, 0.9252027650384906
-0.3842259442736685, 0.04575053306656388, 0.9220875313124475
-0.39335669865737244, 0.034991710476272544, 0.9185961277763592
-0.4024747175789306, 0.024231400845706137, 0.9150742239854024
-0.4114434916287147, 0.013462784748945163, 0.9112144502598364
-0.4203833077183038, 0.0026925569497882333, 0.9072891196812867
-0.4159133996735096, -0.008077670849366028, 0.9092517849705612
-0.40697358358392044, -0.018847898648522873, 0.9131771155491112
-0.39791570811815175, -0.029611555660988487, 0.9168351758808807
-0.3887976891965936, -0.0403718652915548, 0.9203570796718376
-0.379582031731915, -0.0511207742800148, 0.9236451481754692
-0.3702942066484087, -0.06186125670691763, 0.9267603819015124
-0.3609277706691219, -0.07258725161851667, 0.9296759654406972
-0.35147869246606633, -0.08329801606530886, 0.9323816603219024
-0.3419685936305463, -0.09399294795624454, 0.9349225430088903
-0.33236696384633, -0.10466413101339521, 0.9372162074045522
-0.32272042482463775, -0.11531987396143281, 0.9393804522088056
-0.3129750854804989, -0.12594164866942098, 0.94125997391196
-0.30319943071673333, -0.13655010567035006, 0.9430459240729734
-0.29331935617425386, -0.1471126905691867, 0.9445095722555014
-0.28342200657716526, -0.15766579941325085, 0.945915852498829
-0.27341629527389194, -0.16815946755010588, 0.9469622793053554
-0.26340476283932296, -0.17864920667444936, 0.9479877968610112
-0.25328262891013126, -0.1890642945610787, 0.9486160386501273
-0.24316049498093956, -0.1994793824477081, 0.9492442804392436
-0.23293527607080802, -0.20980960538600116, 0.9494694623043177
-0.22270604086271809, -0.22013652189773542, 0.9496789405359876
-0.21239133451393916, -0.23037796726878082, 0.9495218318622353
-0.20206441800220437, -0.240607202476871, 0.9493123536305654
-0.19166806653274, -0.25075209542782856, 0.9487730990974068
-0.18125297864611029, -0.26087422935702026, 0.9481448573082909
-0.17078288458432278, -0.27091486744806903, 0.9472238860069878
-0.160289216447468, -0.28092057875134185, 0.9461774592004617
-0.1497533367938992, -0.29084933753862857, 0.9448754843011344
-0.13919075189506236, -0.30072941208110787, 0.9434118361186068
-0.12859709234642075, -0.31053875064445857, 0.9417298543377501
-0.11797531763843254, -0.32028408998859736, 0.9398503326345958
-0.10733192677768565, -0.3299665564002699, 0.9377896235034695
-0.09666074372053471, -0.3395681861844861, 0.9354959591078076
-0.085975707177009, -0.34911642291529627, 0.9330580840422057
-0.07526494273021676, -0.3585655011183517, 0.9303523891610007
-0.06454637731364542, -0.36797225037752546, 0.9275391903330258
-0.053805894886742006, -0.377260075461032, 0.9244239566069825
-0.043061942699197844, -0.38651818446619735, 0.9212375556195797
-0.03230163306863144, -0.3956362033877553, 0.9177156518286229
-0.021540455598313055, -0.40473862956151624, 0.9141584481937517
-0.010770227799156151, -0.41367844565110523, 0.910233117615202
7.494005416219807e-16, -0.4226182617406943, 0.9063077870366523
6.982150666838977e-17, -0.42261826174069383, 0.9063077870366526
0.010770227799155895, -0.4136784456511056, 0.9102331176152019
0.02154045559831273, -0.40473862956151646, 0.9141584481937518
0.03230163306863073, -0.3956362033877556, 0.9177156518286228
0.04306194269919706, -0.38651818446619757, 0.9212375556195795
0.05380589488674126, -0.377260075461032, 0.9244239566069826
0.06454637731364442, -0.3679722503775255, 0.9275391903330259
0.07526494273021572, -0.35856550111835156, 0.9303523891610009
0.08597570717700788, -0.3491164229152961, 0.933058084042206
0.0966607437205333, -0.339568186184486, 0.9354959591078079
0.1073319267776843, -0.32996655640026956, 0.9377896235034698
0.11797531763843123, -0.32028408998859675, 0.9398503326345962
0.12859709234641942, -0.31053875064445796, 0.9417298543377505
0.1391907518950607, -0.3007294120811073, 0.9434118361186071
0.14975333679389755, -0.2908493375386278, 0.9448754843011351
0.16028921644746638, -0.2809205787513408, 0.9461774592004621
0.17078288458432128, -0.2709148674480678, 0.9472238860069885
0.1812529786461085, -0.26087422935701915, 0.9481448573082915
0.19166806653273813, -0.2507520954278274, 0.9487730990974075
0.20206441800220246, -0.24060720247686967, 0.9493123536305661
0.2123913345139369, -0.23037796726877965, 0.949521831862236
0.22270604086271575, -0.2201365218977341, 0.9496789405359887
0.23293527607080577, -0.20980960538599963, 0.9494694623043186
0.24316049498093706, -0.19947938244770663, 0.9492442804392444
0.2532826289101288, -0.18906429456107704, 0.9486160386501281
0.2634047628393205, -0.17864920667444747, 0.9479877968610122
0.2734162952738895, -0.16815946755010386, 0.9469622793053564
0.28342200657716254, -0.157665799413249, 0.9459158524988303
0.29331935617425114, -0.1471126905691846, 0.9445095722555025
0.3031994307167306, -0.13655010567034775, 0.9430459240729747
0.3129750854804961, -0.12594164866941862, 0.9412599739119613
0.3227204248246349, -0.11531987396143045, 0.9393804522088071
0.332366963846327, -0.10466413101339285, 0.9372162074045536
0.3419685936305434, -0.09399294795624184, 0.9349225430088917
0.3514786924660631, -0.08329801606530614, 0.9323816603219037
0.36092777066911863, -0.072587251618514, 0.9296759654406987
0.3702942066484053, -0.061861256706914926, 0.9267603819015139
0.3795820317319118, -0.0511207742800117, 0.9236451481754706
0.3887976891965901, -0.04037186529155171, 0.920357079671839
0.3979157081181482, -0.029611555660985434, 0.9168351758808825
0.4069735835839167, -0.01884789864851983, 0.9131771155491128
0.4159133996735058, -0.008077670849362985, 0.909251784970563
0.42038330771829485, 0.002692556949791254, 0.9072891196812908
0.41144349162870575, 0.013462784748948207, 0.9112144502598405
0.4024747175789216, 0.024231400845709253, 0.915074223985406
0.39335669865736367, 0.034991710476275674, 0.9185961277763629
0.38422594427365947, 0.045750533066567345, 0.9220875313124509
0.374938119190153, 0.056491015493470596, 0.9252027650384942
0.3656502941066467, 0.06723149792037385, 0.9283179987645374
0.35620323156758554, 0.0779426338419175, 0.9310288128813027
0.34675415336453014, 0.08865339828870979, 0.9337345077625078
0.3371677787384298, 0.09932853948482497, 0.9360693752067237
0.3275661489542135, 0.10999972254197606, 0.9383630396023855
0.31784775515256014, 0.12063076131543242, 0.9403202130603849
0.30810241580842146, 0.1312525360234206, 0.9421997347635391
0.29825939344548563, 0.14183139811977422, 0.9437777481642391
0.2883793189030062, 0.15239398301861123, 0.945241396346767
0.2784191509255209, 0.1629126334816846, 0.9464390659020935
0.26841343962224795, 0.17340630161853957, 0.9474854927086196
0.2583436958747196, 0.18385675061777057, 0.9483019177555699
0.2482215619455279, 0.19427183850440022, 0.948930159544686
0.2380498936748458, 0.20464614713014082, 0.949364723188483
0.22782065846675587, 0.21497306364187535, 0.9495742014201528
0.21755479276979928, 0.2252633496647432, 0.9496265709780701
0.2072278762580649, 0.23549258487283325, 0.9494170927464003
0.19687561047604812, 0.24569102846324004, 0.9490872199919642
0.18646052258941867, 0.25581316239243185, 0.9484589782028481
0.17602971865274408, 0.2659120117964399, 0.9477470994102497
0.16553605051588932, 0.27591772309971296, 0.9467006726037235
0.15503462924331146, 0.28590930026739686, 0.9456073083923968
0.1444720443444747, 0.29578937480987644, 0.944143660209869
0.13390797970040907, 0.30566608097239745, 0.9426696151893252
0.12328620499242099, 0.31541142031653635, 0.9407900934861708
0.11266443028443289, 0.32515675966067525, 0.9389105717830166
0.10199633524910456, 0.3347673712923869, 0.9366427913056361
0.09132515219195371, 0.3443690010766033, 0.9343491269099741
0.08062032495360774, 0.3538409620168329, 0.9317052366016001
0.06990956050681567, 0.3632900402198884, 0.9289995417203951
0.0591761361001889, 0.3726161629192878, 0.9259815734700007
0.0484356536732858, 0.38190398800279435, 0.9228663397439574
0.03768178788391008, 0.3910771939269857, 0.9194766037240973
0.026921478253343775, 0.4001952128485439, 0.9159546999331405
0.016155341698730685, 0.40920853760632014, 0.9121957829044727
0.005385113899573845, 0.4181483536959094, 0.9082704523259229
-0.005385113899580951, 0.41814835369590375, 0.9082704523259254
-0.016155341698737884, 0.4092085376063146, 0.9121957829044751
-0.02692147825335106, 0.4001952128485383, 0.9159546999331427
-0.0376817878839174, 0.3910771939269802, 0.9194766037240995
-0.04843565367329328, 0.3819039880027888, 0.9228663397439592
-0.05917613610019637, 0.37261616291928246, 0.9259815734700025
-0.06990956050682325, 0.363290040219883, 0.9289995417203967
-0.08062032495361532, 0.35384096201682763, 0.9317052366016016
-0.09132515219196141, 0.34436900107659785, 0.9343491269099753
-0.10199633524911234, 0.33476737129238165, 0.9366427913056371
-0.11266443028444073, 0.32515675966067, 0.9389105717830174
-0.12328620499242883, 0.31541142031653124, 0.9407900934861717
-0.1339079797004171, 0.30566608097239245, 0.9426696151893261
-0.14447204434448283, 0.29578937480987133, 0.9441436602098696
-0.15503462924331962, 0.2859093002673919, 0.9456073083923974
-0.16553605051589748, 0.275917723099708, 0.9467006726037235
-0.17602971865275227, 0.2659120117964351, 0.9477470994102496
-0.18646052258942697, 0.25581316239242696, 0.9484589782028476
-0.19687561047605648, 0.2456910284632353, 0.9490872199919638
-0.20722787625807332, 0.23549258487282843, 0.9494170927463994
-0.2175547927698077, 0.22526334966473852, 0.9496265709780692
-0.22782065846676441, 0.21497306364187063, 0.9495742014201518
-0.2380498936748544, 0.20464614713013624, 0.9493647231884821
-0.24822156194553663, 0.19427183850439556, 0.9489301595446846
-0.2583436958747282, 0.18385675061776624, 0.9483019177555685
-0.26841343962225656, 0.1734063016185352, 0.9474854927086178
-0.2784191509255296, 0.16291263348168025, 0.9464390659020918
-0.288379318903015, 0.15239398301860682, 0.945241396346765
-0.2982593934454944, 0.14183139811977008, 0.9437777481642371
-0.3081024158084301, 0.13125253602341663, 0.9421997347635369
-0.317847755152569, 0.12063076131542838, 0.9403202130603825
-0.3275661489542224, 0.10999972254197207, 0.9383630396023829
-0.33716777873843873, 0.09932853948482122, 0.9360693752067211
-0.34675415336453896, 0.08865339828870611, 0.9337345077625047
-0.35620323156759454, 0.07794263384191383, 0.9310288128812996
-0.36565029410665545, 0.06723149792037038, 0.928317998764534
-0.37493811919016196, 0.056491015493467155, 0.9252027650384906
-0.38422594427366846, 0.04575053306656393, 0.9220875313124475
-0.39335669865737266, 0.03499171047627235, 0.9185961277763592
-0.40247471757893055, 0.024231400845706182, 0.9150742239854024
-0.41144349162871463, 0.013462784748945206, 0.9112144502598364
-0.4203833077183038, 0.0026925569497882745, 0.9072891196812867
-0.4159133996735095, -0.008077670849366236, 0.9092517849705615
-0.40697358358392044, -0.018847898648522834, 0.9131771155491112
-0.3979157081181518, -0.02961155566098845, 0.9168351758808807
-0.38879768919659363, -0.04037186529155476, 0.9203570796718376
-0.3795820317319152, -0.05112077428001464, 0.9236451481754692
-0.3702942066484087, -0.0618612567069176, 0.9267603819015124
-0.36092777066912196, -0.07258725161851665, 0.9296759654406972
-0.35147869246606633, -0.08329801606530882, 0.9323816603219024
-0.34196859363054644, -0.09399294795624438, 0.9349225430088903
-0.3323669638463299, -0.1046641310133953, 0.9372162074045522
-0.3227204248246378, -0.11531987396143281, 0.9393804522088056
-0.3129750854804988, -0.12594164866942104, 0.94125997391196
-0.30319943071673333, -0.13655010567035006, 0.9430459240729734
-0.29331935617425386, -0.1471126905691867, 0.9445095722555014
-0.28342200657716504, -0.15766579941325107, 0.9459158524988291
-0.2734162952738922, -0.1681594675501056, 0.9469622793053554
-0.26340476283932296, -0.17864920667444936, 0.9479877968610112
-0.25328262891013126, -0.1890642945610787, 0.9486160386501273
-0.2431604949809393, -0.19947938244770835, 0.9492442804392436
-0.23293527607080827, -0.20980960538600088, 0.9494694623043177
-0.2227060408627181, -0.22013652189773536, 0.9496789405359876
-0.21239133451393918, -0.2303779672687808, 0.9495218318622353
-0.20206441800220437, -0.240607202476871, 0.9493123536305654
-0.19166806653274032, -0.2507520954278282, 0.9487730990974068
-0.18125297864611054, -0.26087422935702, 0.9481448573082909
-0.1707828845843232, -0.2709148674480686, 0.9472238860069877
-0.1602892164474683, -0.28092057875134147, 0.9461774592004617
-0.14975333679389913, -0.2908493375386287, 0.9448754843011344
-0.1391907518950622, -0.30072941208110804, 0.9434118361186068
-0.1285970923464208, -0.31053875064445857, 0.9417298543377501
-0.11797531763843255, -0.32028408998859736, 0.9398503326345959
-0.10733192677768533, -0.3299665564002702, 0.9377896235034695
-0.0966607437205344, -0.33956818618448636, 0.9354959591078076
-0.085975707177009, -0.34911642291529627, 0.9330580840422057
-0.07526494273021676, -0.3585655011183517, 0.9303523891610007
-0.0645463773136451, -0.36797225037752573, 0.9275391903330257
-0.05380589488674198, -0.377260075461032, 0.9244239566069826
-0.0430619426991978, -0.38651818446619735, 0.9212375556195797
-0.03230163306863143, -0.39563620338775535, 0.9177156518286229
-0.02154045559831306, -0.4047386295615163, 0.9141584481937517
-0.010770227799156156, -0.4136784456511053, 0.910233117615202
7.494005416219807e-16, -0.4226182617406943, 0.9063077870366523
6.982150666838977e-17, -0.42261826174069383, 0.9063077870366526
0.01077022779915588, -0.4136784456511056, 0.9102331176152019
0.021540455598312705, -0.40473862956151646, 0.9141584481937518
0.03230163306863069, -0.3956362033877557, 0.9177156518286228
0.043061942699197, -0.38651818446619757, 0.9212375556195795
0.0538058948867412, -0.3772600754610321, 0.9244239566069826
0.06454637731364435, -0.36797225037752557, 0.9275391903330258
0.07526494273021563, -0.35856550111835167, 0.9303523891610008
0.0859757071770078, -0.34911642291529615, 0.9330580840422059
0.09666074372053322, -0.3395681861844861, 0.9354959591078079
0.10733192677768416, -0.3299665564002697, 0.9377896235034697
0.11797531763843108, -0.3202840899885969, 0.9398503326345962
0.12859709234641925, -0.31053875064445813, 0.9417298543377505
0.13919075189506055, -0.3007294120811075, 0.943411836118607
0.14975333679389743, -0.290849337538628, 0.9448754843011351
0.16028921644746622, -0.280920578751341, 0.9461774592004621
0.1707828845843211, -0.27091486744806803, 0.9472238860069885
0.18125297864610834, -0.2608742293570193, 0.9481448573082915
0.19166806653273794, -0.25075209542782756, 0.9487730990974075
0.20206441800220226, -0.2406072024768699, 0.9493123536305661
0.21239133451393666, -0.2303779672687799, 0.949521831862236
0.22270604086271556, -0.2201365218977343, 0.9496789405359887
0.23293527607080555, -0.20980960538599988, 0.9494694623043186
0.24316049498093686, -0.19947938244770685, 0.9492442804392444
0.25328262891012865, -0.18906429456107726, 0.9486160386501282
0.2634047628393204, -0.17864920667444772, 0.9479877968610123
0.2734162952738893, -0.1681594675501041, 0.9469622793053565
0.28342200657716227, -0.15766579941324926, 0.9459158524988303
0.29331935617425087, -0.14711269056918494, 0.9445095722555026
0.3031994307167304, -0.1365501056703481, 0.9430459240729747
0.3129750854804958, -0.12594164866941895, 0.9412599739119614
0.3227204248246346, -0.11531987396143076, 0.9393804522088071
0.33236696384632675, -0.10466413101339316, 0.9372162074045537
0.3419685936305431, -0.09399294795624216, 0.9349225430088918
0.3514786924660629, -0.08329801606530643, 0.9323816603219038
0.3609277706691185, -0.07258725161851422, 0.9296759654406989
0.37029420664840507, -0.061861256706915134, 0.926760381901514
0.3795820317319116, -0.05112077428001197, 0.9236451481754708
0.38879768919658986, -0.04037186529155202, 0.9203570796718392
0.39791570811814797, -0.029611555660985712, 0.9168351758808825
0.40697358358391644, -0.018847898648520097, 0.9131771155491128
0.4159133996735056, -0.008077670849363228, 0.9092517849705632
0.42038330771829424, 0.002692556949791974, 0.9072891196812911
0.4114434916287052, 0.013462784748948912, 0.9112144502598407
0.4024747175789211, 0.024231400845709884, 0.9150742239854062
0.3933566986573631, 0.034991710476276285, 0.918596127776363
0.38422594427365897, 0.045750533066567935, 0.9220875313124511
0.3749381191901526, 0.05649101549347117, 0.9252027650384942
0.3656502941066462, 0.06723149792037442, 0.9283179987645374
0.35620323156758504, 0.07794263384191803, 0.9310288128813029
0.34675415336452964, 0.0886533982887103, 0.9337345077625079
0.33716777873842935, 0.09932853948482548, 0.9360693752067237
0.32756614895421304, 0.10999972254197657, 0.9383630396023857
0.31784775515255975, 0.12063076131543285, 0.9403202130603849
0.30810241580842107, 0.13125253602342107, 0.9421997347635392
0.29825939344548524, 0.14183139811977463, 0.9437777481642391
0.2883793189030059, 0.15239398301861157, 0.945241396346767
0.27841915092552055, 0.16291263348168494, 0.9464390659020936
0.2684134396222476, 0.17340630161853987, 0.9474854927086196
0.25834369587471934, 0.18385675061777088, 0.94830191775557
0.2482215619455277, 0.1942718385044005, 0.9489301595446862
0.2380498936748455, 0.20464614713014112, 0.949364723188483
0.22782065846675562, 0.21497306364187557, 0.9495742014201529
0.217554792769799, 0.22526334966474343, 0.9496265709780701
0.20722787625806466, 0.23549258487283348, 0.9494170927464003
0.1968756104760479, 0.24569102846324026, 0.9490872199919642
0.18646052258941848, 0.25581316239243207, 0.9484589782028481
0.17602971865274386, 0.2659120117964401, 0.9477470994102497
0.16553605051588913, 0.2759177230997132, 0.9467006726037235
0.15503462924331135, 0.28590930026739697, 0.9456073083923969
0.1444720443444745, 0.2957893748098766, 0.9441436602098691
0.13390797970040902, 0.30566608097239756, 0.9426696151893252
0.12328620499242082, 0.31541142031653646, 0.9407900934861708
0.11266443028443276, 0.32515675966067537, 0.9389105717830165
0.10199633524910452, 0.33476737129238693, 0.9366427913056361
0.09132515219195361, 0.3443690010766034, 0.9343491269099741
0.08062032495360776, 0.3538409620168329, 0.9317052366016001
0.06990956050681559, 0.36329004021988853, 0.9289995417203951
0.05917613610018893, 0.3726161629192878, 0.9259815734700008
0.048435653673285756, 0.3819039880027944, 0.9228663397439574
0.037681787883910134, 0.39107719392698564, 0.9194766037240973
0.02692147825334383, 0.40019521284854387, 0.9159546999331405
0.016155341698730674, 0.40920853760632014, 0.9121957829044727
0.005385113899573921, 0.4181483536959093, 0.9082704523259229
-0.005385113899580946, 0.4181483536959037, 0.9082704523259254
-0.016155341698737787, 0.4092085376063146, 0.9121957829044751
-0.02692147825335104, 0.40019521284853826, 0.9159546999331427
-0.037681787883917295, 0.39107719392698026, 0.9194766037240993
-0.048435653673293166, 0.3819039880027889, 0.9228663397439592
-0.05917613610019623, 0.37261616291928257, 0.9259815734700025
-0.06990956050682309, 0.3632900402198832, 0.9289995417203966
-0.0806203249536152, 0.35384096201682774, 0.9317052366016016
-0.09132515219196127, 0.34436900107659796, 0.9343491269099753
-0.1019963352491122, 0.33476737129238177, 0.9366427913056372
-0.11266443028444059, 0.3251567596606701, 0.9389105717830173
-0.12328620499242868, 0.3154114203165314, 0.9407900934861717
-0.1339079797004169, 0.30566608097239256, 0.942669615189326
-0.14447204434448263, 0.29578937480987144, 0.9441436602098694
-0.15503462924331943, 0.2859093002673921, 0.9456073083923973
-0.16553605051589732, 0.2759177230997082, 0.9467006726037235
-0.17602971865275208, 0.26591201179643525, 0.9477470994102495
-0.1864605225894268, 0.25581316239242713, 0.9484589782028476
-0.19687561047605628, 0.24569102846323548, 0.9490872199919638
-0.20722787625807312, 0.23549258487282865, 0.9494170927463994
-0.21755479276980744, 0.2252633496647387, 0.9496265709780694
-0.22782065846676416, 0.21497306364187085, 0.9495742014201518
-0.23804989367485407, 0.2046461471301365, 0.9493647231884819
-0.2482215619455363, 0.19427183850439586, 0.9489301595446846
-0.2583436958747281, 0.18385675061776635, 0.9483019177555686
-0.2684134396222562, 0.17340630161853549, 0.9474854927086178
-0.2784191509255293, 0.16291263348168056, 0.9464390659020918
-0.2883793189030147, 0.15239398301860713, 0.945241396346765
-0.29825939344549424, 0.1418313981197703, 0.9437777481642371
-0.30810241580843006, 0.13125253602341674, 0.9421997347635369
-0.3178477551525687, 0.1206307613154287, 0.9403202130603825
-0.3275661489542221, 0.1099997225419724, 0.9383630396023829
-0.3371677787384385, 0.09932853948482144, 0.9360693752067211
-0.34675415336453885, 0.08865339828870626, 0.9337345077625048
-0.35620323156759415, 0.0779426338419142, 0.9310288128812998
-0.3656502941066552, 0.06723149792037061, 0.9283179987645341
-0.37493811919016173, 0.05649101549346738, 0.9252027650384909
-0.38422594427366824, 0.045750533066564146, 0.9220875313124475
-0.3933566986573723, 0.034991710476272725, 0.9185961277763592
-0.4024747175789303, 0.02423140084570641, 0.9150742239854024
-0.4114434916287144, 0.013462784748945442, 0.9112144502598364
-0.42038330771830357, 0.002692556949788516, 0.9072891196812867
-0.4159133996735098, -0.00807767084936582, 0.9092517849705614
-0.40697358358392066, -0.018847898648522578, 0.9131771155491111
-0.397915708118152, -0.02961155566098819, 0.9168351758808806
-0.38879768919659374, -0.0403718652915545, 0.9203570796718374
-0.3795820317319153, -0.05112077428001445, 0.9236451481754692
-0.37029420664840895, -0.061861256706917306, 0.9267603819015123
-0.3609277706691222, -0.07258725161851635, 0.9296759654406971
-0.35147869246606656, -0.08329801606530854, 0.9323816603219023
-0.3419685936305466, -0.09399294795624422, 0.9349225430088902
-0.3323669638463303, -0.10466413101339495, 0.9372162074045521
-0.322720424824638, -0.11531987396143253, 0.9393804522088055
-0.312975085480499, -0.12594164866942079, 0.94125997391196
-0.30319943071673355, -0.13655010567034978, 0.9430459240729734
-0.29331935617425414, -0.1471126905691864, 0.9445095722555014
-0.28342200657716526, -0.15766579941325085, 0.945915852498829
-0.2734162952738923, -0.16815946755010555, 0.9469622793053553
-0.2634047628393232, -0.17864920667444908, 0.9479877968610111
-0.25328262891013154, -0.18906429456107846, 0.9486160386501273
-0.24316049498093956, -0.1994793824477081, 0.9492442804392436
-0.23293527607080833, -0.20980960538600085, 0.9494694623043177
-0.2227060408627181, -0.22013652189773536, 0.9496789405359876
-0.21239133451393918, -0.2303779672687808, 0.9495218318622353
-0.20206441800220468, -0.24060720247687073, 0.9493123536305654
-0.19166806653274038, -0.25075209542782817, 0.9487730990974068
-0.18125297864611056, -0.26087422935702, 0.9481448573082909
-0.17078288458432325, -0.27091486744806853, 0.9472238860069877
-0.16028921644746835, -0.28092057875134147, 0.9461774592004617
-0.1497533367938994, -0.2908493375386284, 0.9448754843011344
-0.1391907518950622, -0.3007294120811081, 0.9434118361186068
-0.1285970923464208, -0.3105387506444586, 0.9417298543377501
-0.11797531763843257, -0.32028408998859736, 0.9398503326345959
-0.10733192677768563, -0.3299665564002699, 0.9377896235034695
-0.09666074372053439, -0.33956818618448636, 0.9354959591078076
-0.085975707177009, -0.34911642291529627, 0.9330580840422057
-0.07526494273021676, -0.3585655011183517, 0.9303523891610007
-0.0645463773136454, -0.36797225037752546, 0.9275391903330258
-0.05380589488674198, -0.377260075461032, 0.9244239566069826
-0.0430619426991978, -0.38651818446619735, 0.9212375556195797
-0.032301633068631104, -0.39563620338775557, 0.9177156518286228
-0.021540455598313378, -0.40473862956151596, 0.9141584481937518
-0.010770227799156151, -0.41367844565110523, 0.910233117615202
7.494005416219807e-16, -0.4226182617406943, 0.9063077870366523
6.982150666838977e-17, -0.42261826174069383, 0.9063077870366526
0.010770227799155895, -0.4136784456511056, 0.9102331176152019
0.021540455598312733, -0.4047386295615164, 0.9141584481937517
0.03230163306863072, -0.3956362033877556, 0.9177156518286228
0.04306194269919704, -0.38651818446619757, 0.9212375556195795
0.05380589488674124, -0.377260075461032, 0.9244239566069826
0.0645463773136444, -0.3679722503775255, 0.9275391903330258
0.07526494273021571, -0.35856550111835156, 0.9303523891610009
0.08597570717700788, -0.3491164229152961, 0.933058084042206
0.09666074372053331, -0.339568186184486, 0.9354959591078079
0.10733192677768427, -0.3299665564002696, 0.9377896235034698
0.11797531763843119, -0.3202840899885968, 0.9398503326345962
0.12859709234641936, -0.310538750644458, 0.9417298543377505
0.13919075189506067, -0.3007294120811074, 0.9434118361186072
0.14975333679389755, -0.2908493375386279, 0.9448754843011351
0.16028921644746638, -0.2809205787513409, 0.9461774592004621
0.17078288458432123, -0.27091486744806786, 0.9472238860069885
0.18125297864610848, -0.2608742293570192, 0.9481448573082915
0.19166806653273807, -0.2507520954278274, 0.9487730990974075
0.20206441800220243, -0.24060720247686973, 0.9493123536305661
0.21239133451393682, -0.23037796726877974, 0.949521831862236
0.22270604086271573, -0.2201365218977341, 0.9496789405359887
0.23293527607080575, -0.20980960538599966, 0.9494694623043186
0.24316049498093706, -0.19947938244770666, 0.9492442804392444
0.25328262891012876, -0.18906429456107704, 0.9486160386501281
0.2634047628393205, -0.1786492066744475, 0.9479877968610122
0.27341629527388944, -0.16815946755010389, 0.9469622793053564
0.2834220065771625, -0.15766579941324899, 0.9459158524988303
0.2933193561742511, -0.14711269056918466, 0.9445095722555025
0.3031994307167306, -0.1365501056703478, 0.9430459240729747
0.312975085480496, -0.12594164866941865, 0.9412599739119613
0.3227204248246348, -0.1153198739614305, 0.939380452208807
0.33236696384632697, -0.10466413101339286, 0.9372162074045536
0.3419685936305433, -0.09399294795624186, 0.9349225430088917
0.3514786924660631, -0.08329801606530612, 0.9323816603219037
0.36092777066911874, -0.07258725161851394, 0.9296759654406987
0.3702942066484053, -0.061861256706914856, 0.9267603819015138
0.37958203173191185, -0.051120774280011695, 0.9236451481754707
0.38879768919659013, -0.04037186529155168, 0.920357079671839
0.3979157081181483, -0.029611555660985354, 0.9168351758808825
0.4069735835839168, -0.01884789864851973, 0.9131771155491128
0.415913399673506, -0.008077670849362801, 0.909251784970563
0.42038330771829496, 0.002692556949791108, 0.9072891196812908
0.41144349162870586, 0.013462784748948062, 0.9112144502598405
0.40247471757892184, 0.02423140084570905, 0.915074223985406
0.39335669865736383, 0.03499171047627546, 0.9185961277763628
0.38422594427365964, 0.04575053306656712, 0.9220875313124508
0.37493811919015324, 0.05649101549347037, 0.925202765038494
0.36565029410664684, 0.06723149792037361, 0.9283179987645371
0.35620323156758577, 0.07794263384191727, 0.9310288128813027
0.3467541533645303, 0.08865339828870954, 0.9337345077625077
0.33716777873843, 0.0993285394848247, 0.9360693752067235
0.32756614895421376, 0.10999972254197579, 0.9383630396023855
0.3178477551525605, 0.12063076131543207, 0.9403202130603849
0.3081024158084217, 0.13125253602342046, 0.942199734763539
0.2982593934454859, 0.1418313981197739, 0.9437777481642389
0.2883793189030064, 0.15239398301861096, 0.9452413963467667
0.27841915092552116, 0.16291263348168428, 0.9464390659020935
0.2684134396222482, 0.17340630161853932, 0.9474854927086196
0.25834369587472, 0.18385675061777024, 0.94830191775557
0.24822156194552825, 0.1942718385044, 0.9489301595446862
0.23804989367484614, 0.2046461471301405, 0.949364723188483
0.22782065846675614, 0.2149730636418751, 0.9495742014201528
0.2175547927697996, 0.22526334966474282, 0.9496265709780701
0.20722787625806516, 0.23549258487283298, 0.9494170927464003
0.19687561047604832, 0.24569102846323984, 0.9490872199919642
0.18646052258941892, 0.25581316239243157, 0.9484589782028481
0.1760297186527443, 0.2659120117964397, 0.9477470994102497
0.1655360505158896, 0.27591772309971274, 0.9467006726037235
0.15503462924331182, 0.2859093002673965, 0.9456073083923968
0.14447204434447497, 0.2957893748098762, 0.9441436602098691
0.13390797970040946, 0.3056660809723971, 0.9426696151893252
0.12328620499242127, 0.3154114203165361, 0.9407900934861708
0.1126644302844331, 0.32515675966067503, 0.9389105717830166
0.10199633524910492, 0.33476737129238654, 0.9366427913056361
0.09132515219195393, 0.34436900107660307, 0.9343491269099742
0.08062032495360807, 0.35384096201683257, 0.9317052366016002
0.06990956050681588, 0.36329004021988826, 0.9289995417203951
0.05917613610018922, 0.37261616291928756, 0.9259815734700008
0.04843565367328604, 0.3819039880027942, 0.9228663397439575
0.0376817878839104, 0.3910771939269854, 0.9194766037240976
0.02692147825334409, 0.40019521284854365, 0.9159546999331407
0.01615534169873084, 0.40920853760632003, 0.9121957829044727
0.00538511389957417, 0.41814835369590914, 0.9082704523259229
-0.005385113899580785, 0.41814835369590386, 0.9082704523259253
-0.01615534169873755, 0.4092085376063148, 0.9121957829044751
-0.02692147825335089, 0.40019521284853843, 0.9159546999331425
-0.03768178788391714, 0.3910771939269804, 0.9194766037240993
-0.04843565367329303, 0.381903988002789, 0.9228663397439592
-0.0591761361001961, 0.3726161629192827, 0.9259815734700023
-0.06990956050682298, 0.3632900402198833, 0.9289995417203967
-0.08062032495361507, 0.35384096201682785, 0.9317052366016016
-0.09132515219196116, 0.34436900107659807, 0.9343491269099751
-0.10199633524911209, 0.3347673712923819, 0.9366427913056371
-0.11266443028444048, 0.32515675966067026, 0.9389105717830173
-0.12328620499242858, 0.31541142031653147, 0.9407900934861717
-0.13390797970041685, 0.3056660809723927, 0.9426696151893259
-0.14447204434448255, 0.29578937480987155, 0.9441436602098694
-0.15503462924331934, 0.28590930026739214, 0.9456073083923973
-0.16553605051589723, 0.27591772309970825, 0.9467006726037235
-0.176029718652752, 0.2659120117964353, 0.9477470994102497
-0.1864605225894267, 0.2558131623924272, 0.9484589782028476
-0.19687561047605623, 0.2456910284632355, 0.9490872199919638
-0.20722787625807307, 0.23549258487282868, 0.9494170927463994
-0.21755479276980744, 0.22526334966473877, 0.9496265709780694
-0.22782065846676414, 0.2149730636418709, 0.9495742014201518
-0.23804989367485402, 0.2046461471301365, 0.9493647231884819
-0.2482215619455363, 0.19427183850439586, 0.9489301595446846
-0.2583436958747281, 0.18385675061776624, 0.9483019177555685
-0.2684134396222562, 0.1734063016185355, 0.9474854927086179
-0.27841915092552927, 0.16291263348168056, 0.9464390659020918
-0.2883793189030147, 0.15239398301860715, 0.945241396346765
-0.2982593934454943, 0.1418313981197702, 0.943777748164237
-0.3081024158084302, 0.13125253602341663, 0.9421997347635367
-0.31784775515256875, 0.12063076131542866, 0.9403202130603825
-0.32756614895422215, 0.10999972254197236, 0.938363039602383
-0.33716777873843856, 0.0993285394848213, 0.936069375206721
-0.34675415336453896, 0.08865339828870612, 0.9337345077625047
-0.3562032315675942, 0.07794263384191415, 0.9310288128812997
-0.3656502941066554, 0.06723149792037048, 0.928317998764534
-0.3749381191901619, 0.05649101549346723, 0.9252027650384907
-0.3842259442736684, 0.04575053306656398, 0.9220875313124475
-0.39335669865737233, 0.03499171047627265, 0.9185961277763592
-0.40247471757893044, 0.024231400845706248, 0.9150742239854025
-0.4114434916287146, 0.01346278474894528, 0.9112144502598365
-0.4203833077183037, 0.0026925569497883504, 0.9072891196812866
-0.4159133996735097, -0.008077670849365906, 0.9092517849705612
-0.40697358358392055, -0.018847898648522755, 0.9131771155491112
-0.39791570811815186, -0.029611555660988373, 0.9168351758808807
-0.38879768919659363, -0.04037186529155468, 0.9203570796718374
-0.3795820317319151, -0.051120774280014686, 0.923645148175469
-0.37029420664840873, -0.061861256706917514, 0.9267603819015124
-0.360927770669122, -0.07258725161851656, 0.9296759654406972
-0.35147869246606644, -0.08329801606530875, 0.9323816603219024
-0.34196859363054644, -0.09399294795624444, 0.9349225430088903
-0.33236696384633013, -0.10466413101339511, 0.9372162074045522
-0.3227204248246378, -0.11531987396143276, 0.9393804522088056
-0.3129750854804988, -0.12594164866942098, 0.94125997391196
-0.3031994307167334, -0.13655010567035, 0.9430459240729734
-0.2933193561742539, -0.14711269056918663, 0.9445095722555014
-0.28342200657716504, -0.15766579941325107, 0.9459158524988291
-0.273416295273892, -0.16815946755010583, 0.9469622793053554
-0.263404762839323, -0.17864920667444933, 0.9479877968610111
-0.2532826289101313, -0.18906429456107865, 0.9486160386501273
-0.2431604949809393, -0.19947938244770835, 0.9492442804392436
-0.23293527607080808, -0.20980960538600113, 0.9494694623043177
-0.2227060408627178, -0.2201365218977356, 0.9496789405359876
-0.2123913345139389, -0.23037796726878107, 0.9495218318622353
-0.2020644180022044, -0.24060720247687095, 0.9493123536305654
-0.19166806653274002, -0.2507520954278285, 0.9487730990974068
-0.18125297864611006, -0.2608742293570205, 0.9481448573082909
-0.17078288458432284, -0.270914867448069, 0.9472238860069878
-0.16028921644746802, -0.28092057875134185, 0.9461774592004617
-0.1497533367938992, -0.29084933753862857, 0.9448754843011344
-0.1391907518950621, -0.30072941208110815, 0.9434118361186067
-0.12859709234642075, -0.3105387506444586, 0.9417298543377501
-0.11797531763843255, -0.32028408998859736, 0.9398503326345958
-0.10733192677768565, -0.3299665564002699, 0.9377896235034695
-0.09666074372053439, -0.33956818618448636, 0.9354959591078076
-0.085975707177009, -0.34911642291529627, 0.9330580840422057
-0.07526494273021676, -0.3585655011183517, 0.9303523891610007
-0.06454637731364542, -0.36797225037752546, 0.9275391903330258
-0.053805894886742006, -0.377260075461032, 0.9244239566069825
-0.043061942699197844, -0.38651818446619735, 0.9212375556195797
-0.03230163306863112, -0.39563620338775557, 0.9177156518286228
-0.02154045559831338, -0.40473862956151596, 0.9141584481937518
-0.010770227799156151, -0.41367844565110523, 0.910233117615202
7.494005416219807e-16, -0.4226182617406943, 0.9063077870366523
6.982150666838977e-17, -0.42261826174069383, 0.9063077870366526
0.010770227799155895, -0.4136784456511056, 0.9102331176152019
0.021540455598312733, -0.4047386295615164, 0.9141584481937517
0.03230163306863072, -0.3956362033877556, 0.9177156518286228
0.043061942699197046, -0.38651818446619757, 0.9212375556195795
0.05380589488674124, -0.377260075461032, 0.9244239566069826
0.0645463773136444, -0.3679722503775255, 0.9275391903330257
0.07526494273021571, -0.35856550111835156, 0.9303523891610008
0.08597570717700789, -0.3491164229152961, 0.933058084042206
0.09666074372053331, -0.339568186184486, 0.9354959591078079
0.10733192677768429, -0.32996655640026956, 0.9377896235034697
0.1179753176384312, -0.3202840899885968, 0.9398503326345962
0.12859709234641936, -0.310538750644458, 0.9417298543377506
0.13919075189506067, -0.3007294120811074, 0.9434118361186072
0.14975333679389755, -0.2908493375386279, 0.9448754843011351
0.16028921644746638, -0.2809205787513409, 0.9461774592004621
0.17078288458432123, -0.27091486744806786, 0.9472238860069885
0.18125297864610848, -0.2608742293570192, 0.9481448573082915
0.19166806653273805, -0.2507520954278274, 0.9487730990974076
0.2020644180022024, -0.24060720247686976, 0.9493123536305661
0.21239133451393682, -0.23037796726877974, 0.949521831862236
0.22270604086271575, -0.22013652189773414, 0.9496789405359887
0.23293527607080572, -0.20980960538599971, 0.9494694623043186
0.24316049498093703, -0.1994793824477067, 0.9492442804392442
0.25328262891012876, -0.18906429456107707, 0.9486160386501281
0.26340476283932057, -0.1786492066744475, 0.9479877968610122
0.2734162952738895, -0.16815946755010389, 0.9469622793053565
0.28342200657716254, -0.15766579941324899, 0.9459158524988303
0.29331935617425114, -0.14711269056918463, 0.9445095722555026
0.3031994307167306, -0.13655010567034778, 0.9430459240729747
0.312975085480496, -0.12594164866941865, 0.9412599739119614
0.32272042482463487, -0.1153198739614305, 0.9393804522088071
0.33236696384632697, -0.10466413101339288, 0.9372162074045537
0.3419685936305433, -0.09399294795624188, 0.9349225430088917
0.35147869246606306, -0.08329801606530615, 0.9323816603219038
0.36092777066911874, -0.07258725161851395, 0.9296759654406987
0.37029420664840523, -0.06186125670691489, 0.926760381901514
0.37958203173191174, -0.05112077428001174, 0.9236451481754707
0.3887976891965901, -0.040371865291551734, 0.920357079671839
0.39791570811814825, -0.02961155566098542, 0.9168351758808825
0.4069735835839168, -0.0188478986485198, 0.9131771155491128
0.41591339967350593, -0.008077670849362876, 0.9092517849705631
0.42038330771829474, 0.002692556949791332, 0.9072891196812909
0.41144349162870575, 0.013462784748948277, 0.9112144502598405
0.4024747175789216, 0.024231400845709253, 0.915074223985406
0.39335669865736367, 0.03499171047627566, 0.9185961277763628
0.3842259442736595, 0.04575053306656732, 0.922087531312451
0.3749381191901531, 0.056491015493470555, 0.9252027650384942
0.36565029410664673, 0.0672314979203738, 0.9283179987645374
0.3562032315675856, 0.07794263384191744, 0.9310288128813027
0.3467541533645302, 0.08865339828870972, 0.9337345077625077
0.33716777873842985, 0.09932853948482487, 0.9360693752067237
0.3275661489542136, 0.10999972254197593, 0.9383630396023857
0.3178477551525603, 0.12063076131543223, 0.9403202130603849
0.3081024158084215, 0.13125253602342057, 0.9421997347635391
0.2982593934454858, 0.14183139811977405, 0.9437777481642389
0.2883793189030063, 0.1523939830186111, 0.9452413963467668
0.27841915092552105, 0.16291263348168442, 0.9464390659020935
0.26841343962224806, 0.1734063016185394, 0.9474854927086196
0.25834369587471984, 0.18385675061777035, 0.94830191775557
0.24822156194552814, 0.19427183850440008, 0.9489301595446861
0.23804989367484602, 0.20464614713014062, 0.949364723188483
0.22782065846675603, 0.21497306364187518, 0.9495742014201529
0.21755479276979955, 0.2252633496647429, 0.9496265709780701
0.2072278762580651, 0.23549258487283303, 0.9494170927464003
0.1968756104760483, 0.24569102846323987, 0.9490872199919642
0.18646052258941892, 0.25581316239243157, 0.9484589782028481
0.17602971865274428, 0.2659120117964397, 0.9477470994102497
0.16553605051588957, 0.27591772309971274, 0.9467006726037235
0.1550346292433118, 0.2859093002673965, 0.9456073083923969
0.14447204434447494, 0.29578937480987616, 0.9441436602098691
0.13390797970040944, 0.3056660809723971, 0.9426696151893252
0.12328620499242127, 0.315411420316536, 0.9407900934861708
0.11266443028443311, 0.32515675966067503, 0.9389105717830166
0.10199633524910495, 0.33476737129238654, 0.9366427913056363
0.09132515219195397, 0.34436900107660307, 0.9343491269099742
0.08062032495360812, 0.35384096201683257, 0.9317052366016003
0.06990956050681593, 0.3632900402198882, 0.9289995417203951
0.05917613610018929, 0.3726161629192875, 0.9259815734700008
0.04843565367328613, 0.3819039880027941, 0.9228663397439576
0.03768178788391052, 0.3910771939269853, 0.9194766037240976
0.026921478253344233, 0.40019521284854354, 0.9159546999331407
0.016155341698730993, 0.40920853760631987, 0.9121957829044727
0.005385113899574332, 0.41814835369590897, 0.908270452325923
-0.005385113899580619, 0.418148353695904, 0.9082704523259253
-0.01615534169873738, 0.409208537606315, 0.912195782904475
-0.026921478253350718, 0.4001952128485386, 0.9159546999331425
-0.03768178788391696, 0.3910771939269806, 0.9194766037240992
-0.04843565367329283, 0.38190398800278924, 0.922866339743959
-0.0591761361001959, 0.37261616291928285, 0.9259815734700023
-0.06990956050682276, 0.3632900402198834, 0.9289995417203966
-0.08062032495361487, 0.353840962016828, 0.9317052366016016
-0.09132515219196093, 0.3443690010765983, 0.9343491269099752
-0.10199633524911186, 0.334767371292382, 0.936642791305637
-0.11266443028444025, 0.3251567596606704, 0.9389105717830172
-0.12328620499242834, 0.3154114203165317, 0.9407900934861717
-0.1339079797004166, 0.30566608097239284, 0.9426696151893259
-0.14447204434448233, 0.2957893748098718, 0.9441436602098694
-0.15503462924331907, 0.28590930026739236, 0.9456073083923973
-0.16553605051589698, 0.27591772309970847, 0.9467006726037235
-0.17602971865275174, 0.2659120117964356, 0.9477470994102496
-0.18646052258942644, 0.25581316239242746, 0.9484589782028476
-0.19687561047605595, 0.24569102846323576, 0.9490872199919638
-0.2072278762580728, 0.23549258487282895, 0.9494170927463994
-0.21755479276980716, 0.22526334966473904, 0.9496265709780692
-0.22782065846676386, 0.2149730636418712, 0.9495742014201518
-0.23804989367485374, 0.2046461471301368, 0.9493647231884819
-0.248221561945536, 0.19427183850439617, 0.9489301595446846
-0.25834369587472783, 0.18385675061776652, 0.9483019177555686
-0.26841343962225594, 0.17340630161853582, 0.9474854927086179
-0.278419150925529, 0.1629126334816809, 0.9464390659020918
-0.2883793189030144, 0.15239398301860746, 0.945241396346765
-0.298259393445494, 0.14183139811977052, 0.943777748164237
-0.3081024158084299, 0.13125253602341697, 0.9421997347635368
-0.3178477551525684, 0.120630761315429, 0.9403202130603825
-0.3275661489542218, 0.10999972254197271, 0.9383630396023829
-0.3371677787384383, 0.09932853948482168, 0.9360693752067211
-0.3467541533645386, 0.08865339828870648, 0.9337345077625048
-0.3562032315675939, 0.07794263384191452, 0.9310288128812998
-0.36565029410665506, 0.06723149792037084, 0.9283179987645341
-0.3749381191901615, 0.056491015493467606, 0.9252027650384909
-0.3842259442736681, 0.04575053306656437, 0.9220875313124477
-0.393356698657372, 0.03499171047627304, 0.9185961277763595
-0.4024747175789301, 0.024231400845706644, 0.9150742239854026
-0.41144349162871424, 0.013462784748945682, 0.9112144502598365
-0.42038330771830335, 0.002692556949788761, 0.9072891196812867
-0.4159133996735101, -0.008077670849365491, 0.9092517849705612
-0.4069735835839209, -0.018847898648522335, 0.9131771155491111
-0.39791570811815224, -0.029611555660987943, 0.9168351758808806
-0.38879768919659397, -0.040371865291554246, 0.9203570796718374
-0.3795820317319155, -0.051120774280014235, 0.923645148175469
-0.3702942066484092, -0.06186125670691704, 0.9267603819015123
-0.3609277706691224, -0.07258725161851609, 0.9296759654406971
-0.3514786924660668, -0.08329801606530829, 0.9323816603219023
-0.34196859363054677, -0.093992947956244, 0.9349225430088902
-0.3323669638463306, -0.10466413101339464, 0.937216207404552
-0.32272042482463825, -0.11531987396143228, 0.9393804522088055
-0.3129750854804993, -0.1259416486694205, 0.94125997391196
-0.30319943071673383, -0.1365501056703495, 0.9430459240729734
-0.2933193561742544, -0.14711269056918613, 0.9445095722555014
-0.28342200657716554, -0.1576657994132506, 0.9459158524988291
-0.27341629527389244, -0.16815946755010536, 0.9469622793053553
-0.26340476283932346, -0.1786492066744488, 0.9479877968610111
-0.25328262891013176, -0.18906429456107818, 0.9486160386501272
-0.24316049498093978, -0.19947938244770783, 0.9492442804392435
-0.23293527607080858, -0.2098096053860006, 0.9494694623043177
-0.22270604086271834, -0.2201365218977351, 0.9496789405359876
-0.21239133451393943, -0.23037796726878057, 0.9495218318622353
-0.20206441800220493, -0.24060720247687045, 0.9493123536305654
-0.1916680665327406, -0.25075209542782795, 0.9487730990974068
-0.18125297864611079, -0.26087422935701976, 0.9481448573082909
-0.1707828845843235, -0.2709148674480683, 0.9472238860069878
-0.1602892164474686, -0.28092057875134124, 0.9461774592004617
-0.14975333679389974, -0.2908493375386281, 0.9448754843011347
-0.13919075189506247, -0.30072941208110787, 0.9434118361186068
-0.1285970923464211, -0.31053875064445835, 0.9417298543377501
-0.11797531763843286, -0.32028408998859703, 0.9398503326345959
-0.10733192677768594, -0.3299665564002697, 0.9377896235034696
-0.09666074372053472, -0.3395681861844861, 0.9354959591078078
-0.08597570717700939, -0.34911642291529604, 0.9330580840422058
-0.07526494273021728, -0.3585655011183512, 0.9303523891610008
-0.06454637731364604, -0.3679722503775249, 0.9275391903330259
-0.05380589488674262, -0.37726007546103146, 0.9244239566069827
-0.04306194269919845, -0.38651818446619685, 0.9212375556195799
-0.03230163306863175, -0.39563620338775507, 0.917715651828623
-0.021540455598314037, -0.4047386295615155, 0.914158448193752
-0.010770227799156798, -0.4136784456511048, 0.9102331176152022
1.1102230246251565e-16, -0.42261826174069383, 0.9063077870366526
6.982150666838977e-17, -0.42261826174069383, 0.9063077870366526
0.0107702277991559, -0.4136784456511056, 0.9102331176152019
0.021540455598312743, -0.4047386295615165, 0.9141584481937518
0.032301633068630736, -0.3956362033877557, 0.9177156518286228
0.04306194269919705, -0.38651818446619757, 0.9212375556195795
0.05380589488674125, -0.377260075461032, 0.9244239566069826
0.06454637731364439, -0.36797225037752557, 0.9275391903330259
0.0752649427302157, -0.3585655011183516, 0.9303523891610009
0.08597570717700787, -0.3491164229152961, 0.933058084042206
0.0966607437205333, -0.33956818618448603, 0.935495959107808
0.10733192677768427, -0.3299665564002696, 0.93778962350347
0.11797531763843119, -0.3202840899885968, 0.9398503326345963
0.1285970923464194, -0.310538750644458, 0.9417298543377506
0.13919075189506067, -0.3007294120811074, 0.9434118361186072
0.14975333679389757, -0.2908493375386279, 0.9448754843011351
0.16028921644746638, -0.28092057875134085, 0.9461774592004621
0.17078288458432123, -0.27091486744806786, 0.9472238860069885
0.18125297864610848, -0.26087422935701915, 0.9481448573082915
0.19166806653273807, -0.2507520954278274, 0.9487730990974077
0.2020644180022024, -0.24060720247686973, 0.9493123536305661
0.21239133451393682, -0.23037796726877974, 0.949521831862236
0.22270604086271573, -0.2201365218977341, 0.9496789405359887
0.23293527607080577, -0.20980960538599966, 0.9494694623043186
0.24316049498093706, -0.19947938244770666, 0.9492442804392442
0.2532826289101288, -0.18906429456107707, 0.9486160386501281
0.26340476283932057, -0.17864920667444753, 0.9479877968610123
0.2734162952738895, -0.16815946755010389, 0.9469622793053565
0.28342200657716254, -0.15766579941324899, 0.9459158524988303
0.29331935617425114, -0.14711269056918466, 0.9445095722555026
0.3031994307167306, -0.13655010567034778, 0.9430459240729747
0.312975085480496, -0.12594164866941865, 0.9412599739119614
0.3227204248246348, -0.1153198739614305, 0.9393804522088071
0.33236696384632697, -0.10466413101339289, 0.9372162074045537
0.3419685936305433, -0.0939929479562419, 0.9349225430088917
0.3514786924660631, -0.08329801606530615, 0.9323816603219038
0.36092777066911874, -0.07258725161851395, 0.9296759654406987
0.3702942066484053, -0.061861256706914884, 0.926760381901514
0.3795820317319118, -0.05112077428001172, 0.9236451481754708
0.38879768919659013, -0.04037186529155172, 0.920357079671839
0.39791570811814825, -0.029611555660985417, 0.9168351758808825
0.4069735835839167, -0.018847898648519795, 0.9131771155491128
0.41591339967350593, -0.008077670849362874, 0.909251784970563
0.420383307718295, 0.0026925569497910475, 0.9072891196812908
0.41144349162870597, 0.013462784748948006, 0.9112144502598405
0.4024747175789219, 0.024231400845708993, 0.9150742239854059
0.39335669865736383, 0.034991710476275396, 0.9185961277763628
0.38422594427365975, 0.04575053306656706, 0.9220875313124508
0.3749381191901533, 0.05649101549347031, 0.9252027650384941
0.36565029410664684, 0.06723149792037356, 0.9283179987645372
0.3562032315675858, 0.0779426338419172, 0.9310288128813027
0.3467541533645304, 0.08865339828870947, 0.9337345077625077
0.33716777873843007, 0.09932853948482465, 0.9360693752067235
0.3275661489542138, 0.10999972254197571, 0.9383630396023855
0.3178477551525605, 0.12063076131543202, 0.9403202130603849
0.3081024158084217, 0.13125253602342038, 0.9421997347635391
0.298259393445486, 0.14183139811977385, 0.943777748164239
0.2883793189030065, 0.15239398301861087, 0.945241396346767
0.2784191509255213, 0.1629126334816842, 0.9464390659020935
0.2684134396222483, 0.1734063016185392, 0.9474854927086196
0.25834369587472006, 0.18385675061777015, 0.9483019177555699
0.2482215619455283, 0.19427183850439989, 0.948930159544686
0.23804989367484622, 0.20464614713014043, 0.949364723188483
0.22782065846675623, 0.21497306364187502, 0.9495742014201528
0.2175547927697997, 0.22526334966474276, 0.9496265709780701
0.20722787625806527, 0.23549258487283287, 0.9494170927464003
0.19687561047604846, 0.2456910284632397, 0.9490872199919642
0.18646052258941906, 0.25581316239243146, 0.9484589782028481
0.17602971865274442, 0.2659120117964396, 0.9477470994102497
0.16553605051588974, 0.27591772309971263, 0.9467006726037235
0.15503462924331196, 0.28590930026739636, 0.9456073083923969
0.14447204434447514, 0.295789374809876, 0.9441436602098691
0.13390797970040963, 0.305666080972397, 0.9426696151893252
0.12328620499242143, 0.3154114203165359, 0.9407900934861708
0.11266443028443326, 0.3251567596606749, 0.9389105717830166
0.1019963352491051, 0.33476737129238643, 0.9366427913056363
0.09132515219195411, 0.34436900107660295, 0.9343491269099743
0.08062032495360826, 0.35384096201683246, 0.9317052366016003
0.06990956050681607, 0.3632900402198881, 0.9289995417203952
0.0591761361001894, 0.37261616291928734, 0.9259815734700008
0.04843565367328624, 0.381903988002794, 0.9228663397439576
0.03768178788391062, 0.39107719392698526, 0.9194766037240976
0.02692147825334433, 0.4001952128485435, 0.9159546999331407
0.01615534169873109, 0.4092085376063198, 0.9121957829044729
0.005385113899574417, 0.4181483536959089, 0.9082704523259231
-0.00538511389958054, 0.4181483536959041, 0.9082704523259253
-0.016155341698737308, 0.40920853760631504, 0.9121957829044749
-0.02692147825335065, 0.40019521284853865, 0.9159546999331425
-0.037681787883916906, 0.39107719392698065, 0.9194766037240993
-0.048435653673292785, 0.38190398800278924, 0.9228663397439592
-0.059176136100195856, 0.3726161629192829, 0.9259815734700023
-0.06990956050682273, 0.3632900402198835, 0.9289995417203964
-0.08062032495361483, 0.353840962016828, 0.9317052366016016
-0.09132515219196091, 0.34436900107659835, 0.9343491269099751
-0.10199633524911184, 0.33476737129238204, 0.936642791305637
-0.11266443028444023, 0.3251567596606705, 0.9389105717830173
-0.12328620499242834, 0.3154114203165317, 0.9407900934861716
-0.1339079797004166, 0.3056660809723929, 0.9426696151893259
-0.14447204434448235, 0.2957893748098718, 0.9441436602098695
-0.15503462924331912, 0.2859093002673923, 0.9456073083923973
-0.16553605051589704, 0.27591772309970847, 0.9467006726037235
-0.1760297186527518, 0.26591201179643553, 0.9477470994102495
-0.18646052258942647, 0.25581316239242746, 0.9484589782028476
-0.196875610476056, 0.2456910284632357, 0.9490872199919638
-0.20722787625807287, 0.23549258487282887, 0.9494170927463994
-0.21755479276980721, 0.225263349664739, 0.9496265709780692
-0.22782065846676391, 0.2149730636418711, 0.9495742014201518
-0.23804989367485382, 0.20464614713013674, 0.9493647231884819
-0.24822156194553607, 0.19427183850439608, 0.9489301595446846
-0.25834369587472794, 0.18385675061776643, 0.9483019177555685
-0.268413439622256, 0.17340630161853574, 0.9474854927086179
-0.2784191509255291, 0.16291263348168078, 0.9464390659020918
-0.2883793189030145, 0.15239398301860738, 0.945241396346765
-0.29825939344549407, 0.1418313981197704, 0.9437777481642371
-0.30810241580843, 0.13125253602341683, 0.9421997347635369
-0.3178477551525685, 0.12063076131542888, 0.9403202130603825
-0.327566148954222, 0.10999972254197257, 0.938363039602383
-0.3371677787384384, 0.09932853948482152, 0.936069375206721
-0.34675415336453874, 0.08865339828870633, 0.9337345077625047
-0.35620323156759404, 0.07794263384191438, 0.9310288128812997
-0.36565029410665517, 0.06723149792037068, 0.9283179987645342
-0.37493811919016173, 0.05649101549346744, 0.9252027650384909
-0.3842259442736682, 0.04575053306656419, 0.9220875313124476
-0.39335669865737216, 0.03499171047627286, 0.9185961277763592
-0.4024747175789303, 0.024231400845706456, 0.9150742239854025
-0.4114434916287144, 0.013462784748945487, 0.9112144502598365
-0.42038330771830357, 0.0026925569497885556, 0.9072891196812867
-0.41591339967350993, -0.008077670849365701, 0.9092517849705612
-0.4069735835839207, -0.018847898648522543, 0.9131771155491111
-0.397915708118152, -0.02961155566098816, 0.9168351758808806
-0.38879768919659385, -0.040371865291554475, 0.9203570796718373
-0.3795820317319153, -0.05112077428001447, 0.923645148175469
-0.37029420664840895, -0.06186125670691731, 0.9267603819015122
-0.3609277706691222, -0.07258725161851638, 0.9296759654406972
-0.35147869246606656, -0.08329801606530854, 0.9323816603219023
-0.34196859363054655, -0.09399294795624424, 0.9349225430088903
-0.33236696384633035, -0.10466413101339492, 0.9372162074045521
-0.32272042482463803, -0.11531987396143253, 0.9393804522088056
-0.3129750854804991, -0.1259416486694207, 0.94125997391196
-0.30319943071673366, -0.13655010567034967, 0.9430459240729734
-0.29331935617425425, -0.1471126905691863, 0.9445095722555014
-0.2834220065771654, -0.15766579941325073, 0.945915852498829
-0.27341629527389233, -0.16815946755010552, 0.9469622793053553
-0.2634047628393233, -0.178649206674449, 0.9479877968610111
-0.25328262891013165, -0.18906429456107837, 0.9486160386501273
-0.2431604949809396, -0.19947938244770802, 0.9492442804392436
-0.23293527607080836, -0.2098096053860008, 0.9494694623043177
-0.22270604086271817, -0.22013652189773533, 0.9496789405359876
-0.2123913345139392, -0.23037796726878074, 0.9495218318622353
-0.20206441800220473, -0.24060720247687067, 0.9493123536305654
-0.1916680665327404, -0.2507520954278281, 0.9487730990974068
-0.1812529786461106, -0.2608742293570199, 0.9481448573082909
-0.17078288458432328, -0.27091486744806853, 0.9472238860069877
-0.16028921644746835, -0.2809205787513414, 0.9461774592004617
-0.14975333679389946, -0.29084933753862835, 0.9448754843011345
-0.13919075189506222, -0.30072941208110804, 0.9434118361186068
-0.12859709234642083, -0.31053875064445857, 0.9417298543377501
-0.11797531763843258, -0.3202840899885973, 0.9398503326345959
-0.10733192677768567, -0.32996655640026984, 0.9377896235034695
-0.0966607437205344, -0.33956818618448636, 0.9354959591078076
-0.08597570717700902, -0.3491164229152962, 0.9330580840422057
-0.07526494273021679, -0.3585655011183517, 0.9303523891610007
-0.06454637731364544, -0.36797225037752546, 0.9275391903330258
-0.05380589488674203, -0.377260075461032, 0.9244239566069825
-0.04306194269919786, -0.3865181844661973, 0.9212375556195797
-0.03230163306863113, -0.39563620338775557, 0.9177156518286228
-0.02154045559831339, -0.40473862956151596, 0.9141584481937518
-0.010770227799156156, -0.41367844565110523, 0.910233117615202
7.494005416219807e-16, -0.4226182617406943, 0.9063077870366523
6.982150666838977e-17, -0.42261826174069383, 0.9063077870366526
0.010770227799155891, -0.4136784456511056, 0.9102331176152019
0.021540455598312722, -0.40473862956151646, 0.9141584481937518
0.032301633068630715, -0.3956362033877556, 0.9177156518286228
0.04306194269919704, -0.38651818446619757, 0.9212375556195795
0.05380589488674124, -0.377260075461032, 0.9244239566069826
0.0645463773136444, -0.3679722503775255, 0.9275391903330258
0.07526494273021571, -0.35856550111835156, 0.9303523891610009
0.08597570717700788, -0.3491164229152961, 0.933058084042206
0.0966607437205333, -0.339568186184486, 0.9354959591078079
0.10733192677768427, -0.3299665564002696, 0.9377896235034698
0.11797531763843118, -0.3202840899885968, 0.9398503326345962
0.12859709234641936, -0.310538750644458, 0.9417298543377506
0.13919075189506064, -0.30072941208110743, 0.9434118361186072
0.14975333679389755, -0.2908493375386279, 0.9448754843011351
0.16028921644746635, -0.2809205787513409, 0.9461774592004621
0.1707828845843212, -0.27091486744806786, 0.9472238860069885
0.18125297864610845, -0.2608742293570192, 0.9481448573082915
0.19166806653273805, -0.25075209542782745, 0.9487730990974075
0.20206441800220237, -0.24060720247686979, 0.9493123536305661
0.21239133451393677, -0.2303779672687798, 0.949521831862236
0.2227060408627157, -0.22013652189773417, 0.9496789405359887
0.2329352760708057, -0.20980960538599974, 0.9494694623043186
0.24316049498093698, -0.19947938244770672, 0.9492442804392442
0.25328262891012876, -0.18906429456107712, 0.9486160386501281
0.2634047628393205, -0.17864920667444756, 0.9479877968610122
0.27341629527388944, -0.16815946755010394, 0.9469622793053563
0.2834220065771625, -0.157665799413249, 0.9459158524988303
0.2933193561742511, -0.1471126905691847, 0.9445095722555026
0.3031994307167306, -0.13655010567034787, 0.9430459240729747
0.312975085480496, -0.1259416486694187, 0.9412599739119614
0.32272042482463476, -0.11531987396143054, 0.9393804522088071
0.3323669638463269, -0.1046641310133929, 0.9372162074045537
0.3419685936305433, -0.09399294795624191, 0.9349225430088918
0.3514786924660631, -0.08329801606530621, 0.9323816603219038
0.3609277706691187, -0.07258725161851398, 0.9296759654406987
0.37029420664840523, -0.06186125670691493, 0.926760381901514
0.3795820317319117, -0.05112077428001177, 0.9236451481754707
0.3887976891965901, -0.04037186529155177, 0.920357079671839
0.39791570811814825, -0.029611555660985462, 0.9168351758808825
0.40697358358391666, -0.01884789864851985, 0.9131771155491128
0.4159133996735058, -0.00807767084936297, 0.909251784970563
0.4203833077182948, 0.0026925569497912717, 0.9072891196812909
0.4114434916287058, 0.013462784748948221, 0.9112144502598406
0.40247471757892167, 0.024231400845709204, 0.915074223985406
0.3933566986573637, 0.0349917104762756, 0.9185961277763628
0.3842259442736596, 0.04575053306656725, 0.922087531312451
0.37493811919015313, 0.05649101549347049, 0.925202765038494
0.36565029410664673, 0.06723149792037374, 0.9283179987645372
0.3562032315675856, 0.07794263384191737, 0.9310288128813027
0.34675415336453025, 0.08865339828870963, 0.9337345077625078
0.3371677787384299, 0.09932853948482481, 0.9360693752067237
0.32756614895421365, 0.10999972254197589, 0.9383630396023857
0.31784775515256036, 0.12063076131543216, 0.9403202130603849
0.30810241580842157, 0.13125253602342046, 0.9421997347635391
0.29825939344548585, 0.1418313981197739, 0.9437777481642391
0.28837931890300644, 0.15239398301861093, 0.9452413963467667
0.27841915092552116, 0.16291263348168428, 0.9464390659020935
0.2684134396222482, 0.17340630161853926, 0.9474854927086196
0.25834369587472, 0.18385675061777018, 0.94830191775557
0.24822156194552825, 0.19427183850439989, 0.948930159544686
0.2380498936748461, 0.20464614713014048, 0.949364723188483
0.2278206584667562, 0.214973063641875, 0.9495742014201529
0.2175547927697997, 0.22526334966474273, 0.9496265709780701
0.20722787625806527, 0.23549258487283287, 0.9494170927464003
0.19687561047604846, 0.2456910284632397, 0.9490872199919642
0.1864605225894191, 0.25581316239243146, 0.9484589782028481
0.1760297186527445, 0.26591201179643953, 0.9477470994102497
0.16553605051588977, 0.2759177230997126, 0.9467006726037235
0.15503462924331196, 0.28590930026739636, 0.9456073083923969
0.1444720443444752, 0.295789374809876, 0.9441436602098691
0.13390797970040969, 0.3056660809723969, 0.9426696151893252
0.1232862049924215, 0.31541142031653585, 0.940790093486171
0.11266443028443335, 0.3251567596606748, 0.9389105717830166
0.1019963352491052, 0.3347673712923863, 0.9366427913056363
0.09132515219195429, 0.3443690010766028, 0.9343491269099742
0.08062032495360835, 0.35384096201683235, 0.9317052366016003
0.06990956050681618, 0.36329004021988803, 0.9289995417203952
0.059176136100189534, 0.37261616291928734, 0.925981573470001
0.04843565367328646, 0.3819039880027938, 0.9228663397439576
0.03768178788391077, 0.39107719392698514, 0.9194766037240976
0.02692147825334448, 0.4001952128485433, 0.9159546999331407
0.016155341698731323, 0.40920853760631964, 0.9121957829044729
0.005385113899574658, 0.4181483536959087, 0.9082704523259231
-0.005385113899580288, 0.4181483536959043, 0.9082704523259251
-0.016155341698737127, 0.40920853760631515, 0.9121957829044749
-0.02692147825335038, 0.4001952128485388, 0.9159546999331425
-0.03768178788391663, 0.39107719392698087, 0.9194766037240992
-0.0484356536732925, 0.38190398800278946, 0.922866339743959
-0.05917613610019566, 0.372616162919283, 0.9259815734700023
-0.06990956050682245, 0.3632900402198837, 0.9289995417203964
-0.08062032495361454, 0.3538409620168283, 0.9317052366016014
-0.09132515219196059, 0.3443690010765986, 0.9343491269099751
-0.10199633524911161, 0.3347673712923823, 0.936642791305637
-0.11266443028443991, 0.32515675966067076, 0.9389105717830172
-0.1232862049924281, 0.3154114203165319, 0.9407900934861716
-0.13390797970041626, 0.30566608097239323, 0.9426696151893259
-0.14447204434448196, 0.2957893748098721, 0.9441436602098694
-0.1550346292433188, 0.2859093002673927, 0.9456073083923974
-0.16553605051589665, 0.27591772309970886, 0.9467006726037235
-0.1760297186527514, 0.2659120117964359, 0.9477470994102495
-0.18646052258942608, 0.2558131623924278, 0.9484589782028476
-0.1968756104760557, 0.24569102846323604, 0.9490872199919638
-0.20722787625807243, 0.23549258487282929, 0.9494170927463994
-0.2175547927698069, 0.2252633496647393, 0.9496265709780692
-0.22782065846676353, 0.21497306364187152, 0.9495742014201518
-0.23804989367485352, 0.20464614713013707, 0.949364723188482
-0.24822156194553568, 0.19427183850439655, 0.9489301595446846
-0.25834369587472755, 0.1838567506177669, 0.9483019177555686
-0.2684134396222558, 0.17340630161853599, 0.9474854927086179
-0.2784191509255287, 0.16291263348168125, 0.9464390659020918
-0.28837931890301405, 0.15239398301860785, 0.9452413963467651
-0.2982593934454937, 0.1418313981197709, 0.9437777481642371
-0.3081024158084295, 0.13125253602341733, 0.9421997347635369
-0.31784775515256813, 0.1206307613154293, 0.9403202130603825
-0.3275661489542214, 0.10999972254197314, 0.938363039602383
-0.3371677787384379, 0.09932853948482206, 0.9360693752067211
-0.34675415336453824, 0.08865339828870687, 0.9337345077625048
-0.3562032315675936, 0.07794263384191492, 0.9310288128812999
-0.3656502941066547, 0.06723149792037125, 0.9283179987645342
-0.37493811919016123, 0.05649101549346802, 0.9252027650384911
-0.38422594427366774, 0.045750533066564805, 0.9220875313124477
-0.3933566986573719, 0.034991710476273225, 0.9185961277763595
-0.40247471757892983, 0.024231400845707067, 0.9150742239854026
-0.41144349162871385, 0.013462784748946102, 0.9112144502598367
-0.42038330771830307, 0.0026925569497891757, 0.907289119681287
-0.4159133996735105, -0.00807767084936508, 0.9092517849705609
-0.40697358358392116, -0.018847898648521915, 0.9131771155491109
-0.3979157081181526, -0.029611555660987526, 0.9168351758808804
-0.38879768919659435, -0.04037186529155383, 0.9203570796718372
-0.3795820317319158, -0.051120774280013825, 0.9236451481754688
-0.3702942066484095, -0.06186125670691667, 0.9267603819015122
-0.36092777066912274, -0.07258725161851572, 0.9296759654406971
-0.35147869246606717, -0.08329801606530786, 0.9323816603219022
-0.34196859363054743, -0.09399294795624329, 0.93492254300889
-0.3323669638463309, -0.10466413101339421, 0.9372162074045519
-0.32272042482463864, -0.11531987396143184, 0.9393804522088054
-0.3129750854804997, -0.12594164866942006, 0.9412599739119599
-0.3031994307167341, -0.1365501056703492, 0.9430459240729734
-0.2933193561742547, -0.14711269056918583, 0.9445095722555014
-0.2834220065771661, -0.15766579941325, 0.9459158524988289
-0.27341629527389305, -0.16815946755010475, 0.9469622793053553
-0.263404762839324, -0.17864920667444825, 0.9479877968610111
-0.253282628910132, -0.18906429456107798, 0.9486160386501273
-0.2431604949809401, -0.19947938244770755, 0.9492442804392435
-0.2329352760708085, -0.20980960538600069, 0.9494694623043177
-0.2227060408627184, -0.22013652189773505, 0.9496789405359876
-0.21239133451393946, -0.23037796726878051, 0.9495218318622353
-0.20206441800220498, -0.24060720247687042, 0.9493123536305655
-0.19166806653274027, -0.2507520954278283, 0.9487730990974068
-0.1812529786461109, -0.2608742293570197, 0.9481448573082909
-0.17078288458432336, -0.2709148674480684, 0.9472238860069878
-0.16028921644746857, -0.2809205787513413, 0.9461774592004617
-0.14975333679389943, -0.2908493375386284, 0.9448754843011344
-0.13919075189506247, -0.30072941208110787, 0.9434118361186068
-0.1285970923464211, -0.31053875064445835, 0.9417298543377501
-0.11797531763843287, -0.32028408998859703, 0.9398503326345959
-0.10733192677768565, -0.3299665564002699, 0.9377896235034696
-0.09666074372053504, -0.33956818618448587, 0.9354959591078078
-0.08597570717700939, -0.34911642291529604, 0.9330580840422058
-0.07526494273021728, -0.3585655011183512, 0.9303523891610008
-0.06454637731364572, -0.3679722503775252, 0.9275391903330258
-0.05380589488674262, -0.37726007546103146, 0.9244239566069827
-0.04306194269919845, -0.38651818446619685, 0.9212375556195799
-0.03230163306863207, -0.3956362033877548, 0.9177156518286231
-0.021540455598313715, -0.4047386295615158, 0.9141584481937519
-0.010770227799157126, -0.4136784456511045, 0.9102331176152023
1.1102230246251565e-16, -0.42261826174069383, 0.9063077870366526
