4.440892098500626e-16, 37.960409094372984, -0.09999989999985255
4.106436882842422, 37.74429130102575, -0.09999989999985255
8.16628593513776, 37.09134323924332, -0.09999989999985255
12.130773645915005, 35.99997232666303, -0.09999989999985255
15.951098531500017, 34.479088068513136, -0.09999989999985255
19.580579071624904, 32.5464593354085, -0.09999989999985255
22.97714613067, 30.228731991291017, -0.09999989999985255
26.10537494408946, 27.55973839992145, -0.09999989999985255
28.93577040357707, 24.576694345925706, -0.09999989999985255
31.43384478780457, 21.310418701355506, -0.09999989999985255
33.5626910439114, 17.792417567713724, -0.09999989999985255
35.292405379552385, 14.06198654190784, -0.09999989999985255
36.60006891628585, 10.163509523256014, -0.09999989999985255
37.47277421262033, 6.145203534276519, -0.09999989999985255
37.90654653464505, 2.0560735265210894, -0.09999989999985255
37.90654653464504, -2.0560735265208203, -0.09999989999985255
37.472774219245316, -6.1452035353691885, -0.09999989999985255
36.60006891226289, -10.163509520401359, -0.09999989999985255
35.29240539437124, -14.061986545769724, -0.09999989999985255
33.562691078391886, -17.79241758501454, -0.09999989999985255
31.433844777551776, -21.310418694398297, -0.09999989999985255
28.935770403576953, -24.576694345925393, -0.09999989999985255
26.105374944089334, -27.559738399921134, -0.09999989999985255
22.977146130669894, -30.228731991290715, -0.09999989999985255
19.580579093370794, -32.54645936917685, -0.09999989999985255
15.951098549753466, -34.47908810556719, -0.09999989999985255
12.130773646117214, -35.99997232636967, -0.09999989999985255
8.166285930925781, -37.09134321932723, -0.09999989999985255
4.106436882842418, -37.74429130102569, -0.09999989999985255
-4.440892098500626e-15, -37.96040909437297, -0.09999989999985255
-7.105427357601002e-15, -37.96040909437297, -0.09999989999985255
-4.106436882842444, -37.74429130102571, -0.09999989999985255
-8.166285935137811, -37.09134323924331, -0.09999989999985255
-12.130773645915072, -35.99997232666301, -0.09999989999985255
-15.95109853150009, -34.4790880685131, -0.09999989999985255
-19.580579071625017, -32.54645933540848, -0.09999989999985255
-22.977146130670107, -30.22873199129095, -0.09999989999985255
-26.105374944089576, -27.559738399921383, -0.09999989999985255
-28.935770403577184, -24.576694345925606, -0.09999989999985255
-31.43384478780467, -21.310418701355374, -0.09999989999985255
-33.562691043911514, -17.79241756771358, -0.09999989999985255
-35.29240537955245, -14.061986541907649, -0.09999989999985255
-36.60006891628591, -10.163509523255794, -0.09999989999985255
-37.47277421262034, -6.145203534276262, -0.09999989999985255
-37.90654653464502, -2.0560735265208105, -0.09999989999985255
-37.906546534645024, 2.056073526521111, -0.09999989999985255
-37.472774219245295, 6.145203535369501, -0.09999989999985255
-36.600068912262955, 10.163509520401702, -0.09999989999985255
-35.292405394371386, 14.061986545770115, -0.09999989999985255
-33.56269107839213, 17.792417585014995, -0.09999989999985255
-31.433844777552075, 21.310418694398813, -0.09999989999985255
-28.93577040357729, 24.576694345925954, -0.09999989999985255
-26.10537494408964, 27.55973839992169, -0.09999989999985255
-22.977146130670153, 30.22873199129124, -0.09999989999985255
-19.58057909337098, 32.5464593691773, -0.09999989999985255
-15.951098549753567, 34.479088105567534, -0.09999989999985255
-12.130773646117259, 35.999972326369914, -0.09999989999985255
-8.166285930925786, 37.091343219327406, -0.09999989999985255
-4.106436882842385, 37.74429130102575, -0.09999989999985255
5.684341886080802e-14, 37.960409094372984, -0.09999989999985255
0.0, 37.10001344143375, -0.29999989999985255
4.014872137832565, 36.893201516616905, -0.29999989999985255
7.9852381369037335, 36.2632096210226, -0.29999989999985255
11.862683968480216, 35.202405531392785, -0.29999989999985255
15.597783214068462, 33.71630265640618, -0.29999989999985255
19.143586671324556, 31.82235369059627, -0.29999989999985255
22.459412134145573, 29.549533719538537, -0.29999989999985255
25.513702456921376, 26.935538999189554, -0.29999989999985255
28.282549954492133, 24.020796224336006, -0.29999989999985255
30.73119035824278, 20.83250858441595, -0.29999989999985255
32.81866491018231, 17.397035411815004, -0.29999989999985255
34.511792685383526, 13.751098393131873, -0.29999989999985255
35.78655190740265, 9.938666705814617, -0.29999989999985255
36.631883383531004, 6.0085774292246805, -0.29999989999985255
37.04864342354713, 2.010121321536847, -0.29999989999985255
37.04864342354714, -2.01012132153665, -0.29999989999985255
36.6318833643684, -6.0085774267767205, -0.29999989999985255
35.78655190688667, -9.938666705698838, -0.29999989999985255
34.511792682122696, -13.751098392021499, -0.29999989999985255
32.81866491400911, -17.39703541401431, -0.29999989999985255
30.7311903103813, -20.832508551576577, -0.29999989999985255
28.282549954491984, -24.02079622433576, -0.29999989999985255
25.513702456921237, -26.935538999189326, -0.29999989999985255
22.459412134145445, -29.549533719538328, -0.29999989999985255
19.143586668929412, -31.82235368658635, -0.29999989999985255
15.597783213533056, -33.71630265540769, -0.29999989999985255
11.862683967128378, -35.20240552777851, -0.29999989999985255
7.985238136118336, -36.26320961726949, -0.29999989999985255
4.014872137832525, -36.89320151661687, -0.29999989999985255
-3.1086244689504383e-15, -37.10001344143375, -0.29999989999985255
0.0, -37.10001344143375, -0.29999989999985255
-4.01487213783254, -36.893201516616884, -0.29999989999985255
-7.985238136903727, -36.26320962102261, -0.29999989999985255
-11.862683968480237, -35.20240553139282, -0.29999989999985255
-15.597783214068533, -33.71630265640629, -0.29999989999985255
-19.143586671324616, -31.82235369059632, -0.29999989999985255
-22.459412134145634, -29.54953371953854, -0.29999989999985255
-25.51370245692143, -26.935538999189518, -0.29999989999985255
-28.28254995449219, -24.020796224335946, -0.29999989999985255
-30.73119035824281, -20.832508584415848, -0.29999989999985255
-32.81866491018233, -17.397035411814876, -0.29999989999985255
-34.51179268538355, -13.751098393131738, -0.29999989999985255
-35.786551907402675, -9.938666705814468, -0.29999989999985255
-36.63188338353099, -6.008577429224501, -0.29999989999985255
-37.04864342354711, -2.010121321536649, -0.29999989999985255
-37.04864342354711, 2.010121321536863, -0.29999989999985255
-36.63188336436846, 6.008577426776958, -0.29999989999985255
-35.78655190688673, 9.938666705699097, -0.29999989999985255
-34.511792682122824, 13.7510983920218, -0.29999989999985255
-32.818664914009304, 17.397035414014667, -0.29999989999985255
-30.731190310381564, 20.832508551576996, -0.29999989999985255
-28.282549954492275, 24.020796224336227, -0.29999989999985255
-25.51370245692149, 26.93553899918978, -0.29999989999985255
-22.459412134145666, 29.549533719538776, -0.29999989999985255
-19.143586668929565, 31.82235368658673, -0.29999989999985255
-15.597783213533125, 33.71630265540795, -0.29999989999985255
-11.862683967128419, 35.20240552777872, -0.29999989999985255
-7.985238136118357, 36.263209617269716, -0.29999989999985255
-4.014872137832497, 36.89320151661692, -0.29999989999985255
4.973799150320701e-14, 37.10001344143375, -0.29999989999985255
4.973799150320701e-14, 36.52074040086142, -0.49999989999985256
-3.9531426386198834, 36.31992880360626, -0.49999989999985256
-7.863121891576145, 35.70495642733048, -0.49999989999985256
-11.681821191995384, 34.664450572478906, -0.49999989999985256
-15.359472450368136, 33.201752330050134, -0.49999989999985256
-18.84900036116028, 31.334093368298042, -0.49999989999985256
-22.110655271097652, 29.09190910073415, -0.49999989999985256
-25.11534666520147, 26.51526165066471, -0.49999989999985256
-27.842604922405037, 23.64645389211471, -0.49999989999985256
-30.257565260598987, 20.510456652181386, -0.49999989999985256
-32.31684032572498, 17.130415175368018, -0.49999989999985256
-33.98521073743568, 13.541372929669635, -0.49999989999985256
-35.23796874503225, 9.78698785038484, -0.49999989999985256
-36.065254150863154, 5.916444690896302, -0.49999989999985256
-36.47096858855197, 1.9791493867851477, -0.49999989999985256
-36.47096858857235, -1.979149386381804, -0.49999989999985256
-36.06525413000518, -5.916444687697246, -0.49999989999985256
-35.23796876008377, -9.786987854628482, -0.49999989999985256
-33.98521074810173, -13.541372933757714, -0.49999989999985256
-32.31684033078874, -17.130415178039627, -0.49999989999985256
-30.257565221370015, -20.510456624703817, -0.49999989999985256
-27.842604922667824, -23.6464538918081, -0.49999989999985256
-25.11534666549392, -26.515261650386282, -0.49999989999985256
-22.110655271022964, -29.091909099976288, -0.49999989999985256
-18.84900037041349, -31.334093384943774, -0.49999989999985256
-15.35947245588218, -33.20175234275573, -0.49999989999985256
-11.681821193415166, -34.664450576268024, -0.49999989999985256
-7.863121892904637, -35.704956433743774, -0.49999989999985256
-3.9531426386199224, -36.31992880360623, -0.49999989999985256
0.0, -36.520740400861406, -0.49999989999985256
-2.220446049250313e-15, -36.52074040086142, -0.49999989999985256
3.953142638619912, -36.31992880360621, -0.49999989999985256
7.86312189157615, -35.70495642733037, -0.49999989999985256
11.68182119199536, -34.664450572478735, -0.49999989999985256
15.35947245036806, -33.20175233004988, -0.49999989999985256
18.849000361160144, -31.334093368297715, -0.49999989999985256
22.11065527109745, -29.09190910073375, -0.49999989999985256
25.115346665201212, -26.51526165066427, -0.49999989999985256
27.84260492240479, -23.6464538921143, -0.49999989999985256
30.25756526059876, -20.510456652181016, -0.49999989999985256
32.316840325724776, -17.130415175367688, -0.49999989999985256
33.98521073743555, -13.541372929669361, -0.49999989999985256
35.23796874503219, -9.78698785038461, -0.49999989999985256
36.065254150863126, -5.916444690896094, -0.49999989999985256
36.470968588551955, -1.979149386784957, -0.49999989999985256
36.47096858857235, 1.979149386381987, -0.49999989999985256
36.06525413000518, 5.91644468769741, -0.49999989999985256
35.23796876008374, 9.786987854628626, -0.49999989999985256
33.98521074810169, 13.541372933757842, -0.49999989999985256
32.31684033078868, 17.130415178039723, -0.49999989999985256
30.257565221369948, 20.5104566247039, -0.49999989999985256
27.842604922667753, 23.64645389180816, -0.49999989999985256
25.115346665493835, 26.515261650386318, -0.49999989999985256
22.110655271022882, 29.09190909997629, -0.49999989999985256
18.849000370413417, 31.334093384943763, -0.49999989999985256
15.3594724558821, 33.20175234275568, -0.49999989999985256
11.68182119341513, 34.66445057626803, -0.49999989999985256
7.863121892904616, 35.70495643374378, -0.49999989999985256
3.9531426386199184, 36.319928803606224, -0.49999989999985256
-4.440892098500626e-16, 36.52074040086142, -0.49999989999985256
-4.440892098500626e-16, 36.06040195193851, -0.6999998999998526
3.9040258733799793, 35.864168403079994, -0.6999998999998526
7.765912344165432, 35.26080361598642, -0.6999998999998526
11.537816263338097, 34.23620766505569, -0.6999998999998526
15.16976164502401, 32.79209814448584, -0.6999998999998526
18.614618641196422, 30.94552591785453, -0.6999998999998526
21.833371310027147, 28.727991173122067, -0.6999998999998526
24.798777837315775, 26.181255006466127, -0.6999998999998526
27.492875787206067, 23.348917559568264, -0.6999998999998526
29.880775842323335, 20.25431332642971, -0.6999998999998526
31.91737462909219, 16.918218309741093, -0.6999998999998526
33.56597230221478, 13.374393977509001, -0.6999998999998526
34.80136741506847, 9.666226907614744, -0.6999998999998526
35.614607360309236, 5.843119161146843, -0.6999998999998526
36.01184379002382, 1.95451073280131, -0.6999998999998526
36.01184379000412, -1.9545107331949696, -0.6999998999998526
35.61460738233657, -5.843119164487507, -0.6999998999998526
34.80136740016254, -9.666226903421128, -0.6999998999998526
33.56597229163153, -13.374393973454957, -0.6999998999998526
31.917374624273357, -16.918218307197428, -0.6999998999998526
29.880775882557842, -20.25431335462575, -0.6999998999998526
27.492875786948975, -23.348917559867132, -0.6999998999998526
24.798777837030034, -26.18125500673776, -0.6999998999998526
21.833371310018627, -28.72799117375578, -0.6999998999998526
18.61461863057879, -30.94552589892107, -0.6999998999998526
15.169761639604268, -32.792098131998195, -0.6999998999998526
11.5378162619329, -34.23620766130904, -0.6999998999998526
7.765912342384534, -35.260803607337365, -0.6999998999998526
3.9040258733799607, -35.864168403079994, -0.6999998999998526
-1.3322676295501878e-15, -36.060401951938495, -0.6999998999998526
0.0, -36.060401951938495, -0.6999998999998526
-3.904025873380003, -35.86416840308001, -0.6999998999998526
-7.765912344165462, -35.260803615986426, -0.6999998999998526
-11.537816263338136, -34.236207665055694, -0.6999998999998526
-15.169761645024026, -32.79209814448578, -0.6999998999998526
-18.61461864119648, -30.945525917854525, -0.6999998999998526
-21.83337131002723, -28.72799117312206, -0.6999998999998526
-24.79877783731586, -26.181255006466095, -0.6999998999998526
-27.492875787206145, -23.34891755956821, -0.6999998999998526
-29.880775842323402, -20.25431332642963, -0.6999998999998526
-31.91737462909226, -16.918218309741, -0.6999998999998526
-33.56597230221482, -13.374393977508879, -0.6999998999998526
-34.80136741506849, -9.666226907614604, -0.6999998999998526
-35.61460736030925, -5.843119161146689, -0.6999998999998526
-36.011843790023825, -1.9545107328011468, -0.6999998999998526
-36.01184379000413, 1.9545107331951546, -0.6999998999998526
-35.61460738233661, 5.843119164487704, -0.6999998999998526
-34.80136740016258, 9.666226903421347, -0.6999998999998526
-33.56597229163165, 13.374393973455215, -0.6999998999998526
-31.9173746242736, 16.91821830719776, -0.6999998999998526
-29.880775882558048, 20.254313354626092, -0.6999998999998526
-27.4928757869492, 23.348917559867502, -0.6999998999998526
-24.79877783703025, 26.181255006738144, -0.6999998999998526
-21.833371310018816, 28.727991173756145, -0.6999998999998526
-18.614618630578914, 30.94552589892137, -0.6999998999998526
-15.16976163960433, 32.79209813199841, -0.6999998999998526
-11.53781626193291, 34.23620766130917, -0.6999998999998526
-7.765912342384524, 35.26080360733747, -0.6999998999998526
-3.904025873379933, 35.86416840308007, -0.6999998999998526
4.973799150320701e-14, 36.0604019519385, -0.6999998999998526
4.973799150320701e-14, 35.67152430556396, -0.8999998999998526
-3.862481752671182, 35.47900088498095, -0.8999998999998526
-7.683653072720462, 34.88516223911716, -0.8999998999998526
-11.415930782379558, 33.873813426979424, -0.8999998999998526
-15.009219658343635, 32.44539732007815, -0.8999998999998526
-18.41638541984032, 30.616808265432983, -0.8999998999998526
-21.599022136337645, 28.42035648020458, -0.8999998999998526
-24.53135028501074, 25.89908185513229, -0.8999998999998526
-27.197343837659027, 23.097526863002994, -0.8999998999998526
-29.562135174761504, 20.03775342882452, -0.8999998999998526
-31.57934697157923, 16.738691111860838, -0.8999998999998526
-33.21115498522882, 13.233068390182135, -0.8999998999998526
-34.431989350093524, 9.564022140734906, -0.8999998999998526
-35.23361956428629, 5.78108421219917, -0.8999998999998526
-35.62394531677299, 1.9336747885504342, -0.8999998999998526
-35.62394531679211, -1.9336747881644187, -0.8999998999998526
-35.23361954131168, -5.781084208744821, -0.8999998999998526
-34.431989364881204, -9.564022144888654, -0.8999998999998526
-33.21115499565542, -13.23306839417814, -0.8999998999998526
-31.579346976323176, -16.73869111437101, -0.8999998999998526
-29.562135133736213, -20.03775340006206, -0.8999998999998526
-27.197343837910932, -23.097526862709934, -0.8999998999998526
-24.531350285290504, -25.899081854865724, -0.8999998999998526
-21.599022136405335, -28.420356479660725, -0.8999998999998526
-18.416385431593593, -30.616808286270597, -0.8999998999998526
-15.009219663676383, -32.44539733237205, -0.8999998999998526
-11.415930783736977, -33.873813430597764, -0.8999998999998526
-7.6836530748821135, -34.88516224966072, -0.8999998999998526
-3.8624817526712314, -35.47900088498091, -0.8999998999998526
0.0, -35.67152430556394, -0.8999998999998526
-8.881784197001252e-16, -35.671524305563956, -0.8999998999998526
3.8624817526712154, -35.4790008849809, -0.8999998999998526
7.683653072720492, -34.88516223911714, -0.8999998999998526
11.415930782379544, -33.87381342697928, -0.8999998999998526
15.009219658343572, -32.445397320077944, -0.8999998999998526
18.41638541984021, -30.616808265432713, -0.8999998999998526
21.59902213633749, -28.420356480204266, -0.8999998999998526
24.53135028501054, -25.899081855131946, -0.8999998999998526
27.197343837658813, -23.09752686300265, -0.8999998999998526
29.56213517476132, -20.037753428824214, -0.8999998999998526
31.579346971579067, -16.738691111860568, -0.8999998999998526
33.21115498522872, -13.233068390181908, -0.8999998999998526
34.43198935009347, -9.564022140734714, -0.8999998999998526
35.23361956428625, -5.781084212198993, -0.8999998999998526
35.62394531677299, -1.9336747885502736, -0.8999998999998526
35.623945316792096, 1.9336747881645662, -0.8999998999998526
35.23361954131166, 5.781084208744952, -0.8999998999998526
34.431989364881176, 9.564022144888774, -0.8999998999998526
33.211154995655406, 13.233068394178257, -0.8999998999998526
31.579346976323116, 16.738691114371093, -0.8999998999998526
29.56213513373615, 20.037753400062115, -0.8999998999998526
27.197343837910864, 23.09752686270997, -0.8999998999998526
24.53135028529043, 25.899081854865727, -0.8999998999998526
21.59902213640526, 28.42035647966072, -0.8999998999998526
18.416385431593525, 30.61680828627055, -0.8999998999998526
15.00921966367635, 32.44539733237204, -0.8999998999998526
11.415930783736947, 33.87381343059776, -0.8999998999998526
7.683653074882094, 34.885162249660716, -0.8999998999998526
3.86248175267123, 35.479000884980906, -0.8999998999998526
-8.881784197001252e-16, 35.67152430556397, -0.8999998999998526
-8.881784197001252e-16, 35.33225555189509, -1.0999998999998526
3.8261907793351613, 35.14283067556359, -1.0999998999998526
7.611762360248058, 34.55705162151597, -1.0999998999998526
11.309382766690348, 33.557083222650355, -1.0999998999998526
14.86890490230944, 32.142349407702206, -1.0999998999998526
18.243229855311583, 30.32960490761743, -1.0999998999998526
21.39447264049634, 28.15178085224443, -1.0999998999998526
24.298037379392415, 25.652891067544157, -1.0999998999998526
26.939430566769076, 22.878169284971825, -1.0999998999998526
29.283838489846755, 19.84866095058862, -1.0999998999998526
31.283926634710756, 16.58182281029379, -1.0999998999998526
32.901007603063896, 13.109530620128103, -1.0999998999998526
34.10923719719213, 9.474685136501792, -1.0999998999998526
34.90097058108524, 5.726880714991919, -1.0999998999998526
35.285490651537195, 1.9154769347232978, -1.0999998999998526
35.28549065151758, -1.915476935121904, -1.0999998999998526
34.90097057550874, -5.726880715139394, -1.0999998999998526
34.10923718249839, -9.474685132378532, -1.0999998999998526
32.901007592820164, -13.109530616197212, -1.0999998999998526
31.283926629951754, -16.581822807766674, -1.0999998999998526
29.283838496422515, -19.84866095577514, -1.0999998999998526
26.93943056650848, -22.878169285274176, -1.0999998999998526
24.298037379103263, -25.652891067819347, -1.0999998999998526
21.394472639710568, -28.151780851882194, -1.0999998999998526
18.243229842618383, -30.329604885203516, -1.0999998999998526
14.868904897053953, -32.142349395575984, -1.0999998999998526
11.309382765392924, -33.55708321919038, -1.0999998999998526
7.6117623577675655, -34.55705160937647, -1.0999998999998526
3.826190779335138, -35.14283067556359, -1.0999998999998526
-8.881784197001252e-16, -35.33225555189509, -1.0999998999998526
0.0, -35.33225555189508, -1.0999998999998526
-3.826190779335113, -35.14283067556361, -1.0999998999998526
-7.611762360248032, -34.55705162151598, -1.0999998999998526
-11.30938276669033, -33.55708322265038, -1.0999998999998526
-14.868904902309419, -32.14234940770218, -1.0999998999998526
-18.243229855311615, -30.32960490761747, -1.0999998999998526
-21.39447264049638, -28.151780852244446, -1.0999998999998526
-24.298037379392472, -25.65289106754417, -1.0999998999998526
-26.939430566769133, -22.878169284971815, -1.0999998999998526
-29.283838489846804, -19.848660950588584, -1.0999998999998526
-31.283926634710824, -16.58182281029374, -1.0999998999998526
-32.901007603063945, -13.109530620128043, -1.0999998999998526
-34.109237197192165, -9.474685136501703, -1.0999998999998526
-34.90097058108524, -5.726880714991812, -1.0999998999998526
-35.28549065153721, -1.9154769347231713, -1.0999998999998526
-35.2854906515176, 1.9154769351220533, -1.0999998999998526
-34.90097057550878, 5.726880715139555, -1.0999998999998526
-34.10923718249843, 9.474685132378708, -1.0999998999998526
-32.901007592820264, 13.10953061619742, -1.0999998999998526
-31.283926629951907, 16.581822807766923, -1.0999998999998526
-29.28383849642269, 19.84866095577542, -1.0999998999998526
-26.939430566508662, 22.87816928527448, -1.0999998999998526
-24.29803737910343, 25.65289106781966, -1.0999998999998526
-21.39447263971071, 28.151780851882496, -1.0999998999998526
-18.243229842618472, 30.32960488520376, -1.0999998999998526
-14.868904897053994, 32.14234939557616, -1.0999998999998526
-11.309382765392945, 33.55708321919055, -1.0999998999998526
-7.611762357767545, 34.55705160937655, -1.0999998999998526
-3.8261907793350987, 35.142830675563594, -1.0999998999998526
4.973799150320701e-14, 35.332255551895095, -1.0999998999998526
-8.881784197001252e-16, 35.030358382507394, -1.2999998999998525
3.793854225078415, 34.843564557766605, -1.2999998999998525
7.54767496218796, 34.2647240898655, -1.2999998999998525
11.214375252192875, 33.27471618600012, -1.2999998999998525
14.743811209641846, 31.872148708340962, -1.2999998999998525
18.08895308611586, 30.073649625424395, -1.2999998999998525
21.21236739364602, 27.91261935296647, -1.2999998999998525
24.09042403166916, 25.433805897603143, -1.2999998999998525
26.709852154287468, 22.682941772502016, -1.2999998999998525
29.035916414695343, 19.6802515847178, -1.2999998999998525
31.020570673204343, 16.44200843351312, -1.2999998999998525
32.62447215203212, 12.999377041046241, -1.2999998999998525
33.821578503488226, 9.395031108515768, -1.2999998999998525
34.604722128352044, 5.678571910709031, -1.2999998999998525
34.98428148297953, 1.8992650726557887, -1.2999998999998525
34.984281482960256, -1.8992650730501024, -1.2999998999998525
34.60472212154784, -5.678571910697402, -1.2999998999998525
33.821578488870564, -9.395031104416912, -1.2999998999998525
32.62447214197387, -12.9993770371808, -1.2999998999998525
31.02057066838615, -16.442008430945318, -1.2999998999998525
29.035916419972764, -19.68025158900582, -1.2999998999998525
26.709852154029555, -22.682941772800994, -1.2999998999998525
24.090424031383158, -25.433805897875402, -1.2999998999998525
21.212367392940667, -27.91261935270147, -1.2999998999998525
18.088953072656295, -30.0736496017255, -1.2999998999998525
14.743811204454254, -31.87214869635982, -1.2999998999998525
11.214375250957175, -33.27471618270173, -1.2999998999998525
7.547674959444013, -34.26472407640109, -1.2999998999998525
3.793854225078401, -34.8435645577666, -1.2999998999998525
-4.440892098500626e-16, -35.030358382507394, -1.2999998999998525
0.0, -35.03035838250739, -1.2999998999998525
-3.793854225078424, -34.84356455776661, -1.2999998999998525
-7.54767496218798, -34.2647240898655, -1.2999998999998525
-11.214375252192909, -33.27471618600013, -1.2999998999998525
-14.743811209641976, -31.872148708341168, -1.2999998999998525
-18.088953086115957, -30.07364962542448, -1.2999998999998525
-21.212367393646083, -27.912619352966466, -1.2999998999998525
-24.090424031669222, -25.43380589760313, -1.2999998999998525
-26.70985215428752, -22.68294177250198, -1.2999998999998525
-29.0359164146954, -19.680251584717755, -1.2999998999998525
-31.0205706732044, -16.442008433513056, -1.2999998999998525
-32.62447215203216, -12.999377041046165, -1.2999998999998525
-33.821578503488254, -9.39503110851567, -1.2999998999998525
-34.60472212835205, -5.678571910708906, -1.2999998999998525
-34.984281482979554, -1.8992650726556577, -1.2999998999998525
-34.98428148296028, 1.8992650730502425, -1.2999998999998525
-34.60472212154788, 5.678571910697558, -1.2999998999998525
-33.82157848887059, 9.395031104417072, -1.2999998999998525
-32.62447214197395, 12.999377037180986, -1.2999998999998525
-31.02057066838628, 16.442008430945542, -1.2999998999998525
-29.035916419972917, 19.68025158900608, -1.2999998999998525
-26.70985215402971, 22.68294177280127, -1.2999998999998525
-24.09042403138331, 25.433805897875693, -1.2999998999998525
-21.212367392940788, 27.91261935270174, -1.2999998999998525
-18.08895307265637, 30.073649601725727, -1.2999998999998525
-14.743811204454284, 31.872148696359975, -1.2999998999998525
-11.214375250957183, 33.27471618270186, -1.2999998999998525
-7.547674959444004, 34.264724076401215, -1.2999998999998525
-3.7938542250783676, 34.84356455776665, -1.2999998999998525
4.973799150320701e-14, 35.03035838250739, -1.2999998999998525
4.973799150320701e-14, 34.758149040595384, -1.4999998999998525
-3.7646567458493716, 34.57360951240888, -1.4999998999998525
-7.489780497151052, 34.00080432515165, -1.4999998999998525
-11.128524734985577, 33.019618157341014, -1.4999998999998525
-14.630795964725836, 31.628012033104667, -1.4999998999998525
-17.949663445203058, 29.842497439651105, -1.4999998999998525
-21.048088131284683, 27.696816371952412, -1.4999998999998525
-23.903226430606647, 25.236252701767125, -1.4999998999998525
-26.502779491007256, 22.506882068071597, -1.4999998999998525
-28.81210992196135, 19.52826583558064, -1.4999998999998525
-30.782660648645646, 16.315729327089525, -1.4999998999998525
-32.37460708309337, 12.899843332483954, -1.4999998999998525
-33.56177345950044, 9.323060808380085, -1.4999998999998525
-34.33737872581633, 5.6349419133657435, -1.4999998999998525
-34.71265859984215, 1.8846298099664924, -1.4999998999998525
-34.71265859986116, -1.8846298095757286, -1.4999998999998525
-34.337378733641486, -5.6349419135100876, -1.4999998999998525
-33.56177347405359, -9.323060812458495, -1.4999998999998525
-32.37460709297663, -12.899843336287821, -1.4999998999998525
-30.782660653539367, -16.31572932970609, -1.4999998999998525
-28.81210991776554, -19.52826583204277, -1.4999998999998525
-26.502779491262647, -22.506882067775315, -1.4999998999998525
-23.903226430889745, -25.23625270149721, -1.4999998999998525
-21.04808813192651, -27.696816372141296, -1.4999998999998525
-17.949663459272625, -29.84249746437227, -1.4999998999998525
-14.630795969854498, -31.628012044960993, -1.4999998999998525
-11.128524736163564, -33.019618160489166, -1.4999998999998525
-7.48978050010782, -34.0008043396906, -1.4999998999998525
-3.764656745849412, -34.573609512408886, -1.4999998999998525
0.0, -34.758149040595384, -1.4999998999998525
-4.440892098500626e-16, -34.758149040595384, -1.4999998999998525
3.7646567458494116, -34.57360951240888, -1.4999998999998525
7.489780497151077, -34.000804325151606, -1.4999998999998525
11.128524734985579, -33.01961815734092, -1.4999998999998525
14.630795964725808, -31.628012033104525, -1.4999998999998525
17.949663445202983, -29.842497439650895, -1.4999998999998525
21.04808813128457, -27.696816371952167, -1.4999998999998525
23.903226430606498, -25.236252701766855, -1.4999998999998525
26.50277949100711, -22.50688206807134, -1.4999998999998525
28.812109921961216, -19.528265835580406, -1.4999998999998525
30.782660648645596, -16.31572932708934, -1.4999998999998525
32.37460708309332, -12.899843332483767, -1.4999998999998525
33.56177345950042, -9.323060808379918, -1.4999998999998525
34.33737872581629, -5.634941913365592, -1.4999998999998525
34.712658599842136, -1.8846298099663574, -1.4999998999998525
34.71265859986115, 1.8846298095758467, -1.4999998999998525
34.33737873364147, 5.634941913510186, -1.4999998999998525
33.56177347405353, 9.32306081245856, -1.4999998999998525
32.37460709297654, 12.899843336287862, -1.4999998999998525
30.782660653539306, 16.315729329706123, -1.4999998999998525
28.812109917765486, 19.5282658320428, -1.4999998999998525
26.502779491262594, 22.506882067775322, -1.4999998999998525
23.90322643088968, 25.236252701497197, -1.4999998999998525
21.048088131926463, 27.696816372141274, -1.4999998999998525
17.949663459272553, 29.842497464372197, -1.4999998999998525
14.63079596985443, 31.62801204496089, -1.4999998999998525
11.12852473616355, 33.01961816048916, -1.4999998999998525
7.4897805001078215, 34.0008043396906, -1.4999998999998525
3.764656745849424, 34.57360951240889, -1.4999998999998525
-1.3322676295501878e-15, 34.758149040595384, -1.4999998999998525
4.973799150320701e-14, 34.51042265236834, -1.6999998999998525
-3.7380461123769027, 34.32782225028398, -1.6999998999998525
-7.436988303152292, 33.76029694710119, -1.6999998999998525
-11.050217030020834, 32.78698465000057, -1.6999998999998525
-14.527730869987264, 31.405345589295305, -1.6999998999998525
-17.822725126650337, 29.631783310130956, -1.6999998999998525
-20.898506585312425, 27.50027013273865, -1.6999998999998525
-23.73286538426073, 25.056455982241992, -1.6999998999998525
-26.314264098527026, 22.346628804334465, -1.6999998999998525
-28.608179640382442, 19.389818569893478, -1.6999998999998525
-30.56571420399558, 16.20060242344984, -1.6999998999998525
-32.14671137548751, 12.809057419624594, -1.6999998999998525
-33.32491875552656, 9.257420254398857, -1.6999998999998525
-34.09386338496451, 5.595167220149808, -1.6999998999998525
-34.46543377508718, 1.871293864833535, -1.6999998999998525
-34.46543377494698, -1.8712938677250923, -1.6999998999998525
-34.093863393111235, -5.595167223646489, -1.6999998999998525
-33.32491876916778, -9.257420261629303, -1.6999998999998525
-32.14671138400159, -12.809057426424244, -1.6999998999998525
-30.565714207407108, -16.200602429004, -1.6999998999998525
-28.60817963518968, -19.38981856966074, -1.6999998999998525
-26.314264096635746, -22.346628806526244, -1.6999998999998525
-23.732865382165194, -25.056455984239392, -1.6999998999998525
-20.898506583312468, -27.50027013488313, -1.6999998999998525
-17.822725138389824, -29.6317833373524, -1.6999998999998525
-14.52773087208954, -31.405345602430796, -1.6999998999998525
-11.050217030013458, -32.786984651348966, -1.6999998999998525
-7.43698831291422, -33.76029699519069, -1.6999998999998525
-3.738046112376937, -34.327822250283944, -1.6999998999998525
0.0, -34.51042265236834, -1.6999998999998525
-4.440892098500626e-16, -34.51042265236834, -1.6999998999998525
3.7380461123769364, -34.32782225028393, -1.6999998999998525
7.436988303152308, -33.76029694710109, -1.6999998999998525
11.05021703002085, -32.786984650000505, -1.6999998999998525
14.527730869987245, -31.405345589295177, -1.6999998999998525
17.822725126650273, -29.631783310130764, -1.6999998999998525
20.89850658531233, -27.500270132738425, -1.6999998999998525
23.73286538426062, -25.056455982241765, -1.6999998999998525
26.314264098526888, -22.34662880433423, -1.6999998999998525
28.60817964038231, -19.389818569893265, -1.6999998999998525
30.56571420399547, -16.20060242344965, -1.6999998999998525
32.146711375487435, -12.809057419624427, -1.6999998999998525
33.324918755526525, -9.257420254398717, -1.6999998999998525
34.09386338496447, -5.5951672201496825, -1.6999998999998525
34.46543377508716, -1.8712938648334196, -1.6999998999998525
34.46543377494697, 1.8712938677252027, -1.6999998999998525
34.09386339311121, 5.595167223646592, -1.6999998999998525
33.32491876916775, 9.257420261629399, -1.6999998999998525
32.14671138400154, 12.809057426424333, -1.6999998999998525
30.565714207407044, 16.200602429004082, -1.6999998999998525
28.6081796351896, 19.38981856966079, -1.6999998999998525
26.314264096635668, 22.34662880652628, -1.6999998999998525
23.7328653821651, 25.0564559842394, -1.6999998999998525
20.898506583312397, 27.500270134883145, -1.6999998999998525
17.822725138389814, 29.63178333735248, -1.6999998999998525
14.527730872089522, 31.40534560243084, -1.6999998999998525
11.050217030013439, 32.786984651348966, -1.6999998999998525
7.436988312914212, 33.76029699519067, -1.6999998999998525
3.7380461123769475, 34.32782225028395, -1.6999998999998525
-1.3322676295501878e-15, 34.51042265236834, -1.6999998999998525
4.973799150320701e-14, 34.2834570248291, -1.8999998999998524
-3.7136274522254236, 34.10252465823459, -1.8999998999998524
-7.388518533632901, 33.53962995838779, -1.8999998999998524
-10.978298005408984, 32.573380434226706, -1.8999998999998524
-14.433094182878413, 31.200864835885415, -1.8999998999998524
-17.706253325583422, 29.438385978018424, -1.8999998999998524
-20.761385631583742, 27.320047412968776, -1.8999998999998524
-23.57678126628928, 24.891715757384155, -1.8999998999998524
-26.1414823047919, 22.199778132975464, -1.8999998999998524
-28.421094079916408, 19.26284664095368, -1.8999998999998524
-30.366526385436963, 16.094923771753866, -1.8999998999998524
-31.937423838758136, 12.725680794828907, -1.8999998999998524
-33.107508325434644, 9.197141331947769, -1.8999998999998524
-33.87054550290238, 5.558658991206959, -1.8999998999998524
-34.238896717529606, 1.8590589741657082, -1.8999998999998524
-34.23889671739348, -1.859058976981294, -1.8999998999998524
-33.87054551168267, -5.558658994707983, -1.8999998999998524
-33.10750833904005, -9.197141339085059, -1.8999998999998524
-31.937423847166112, -12.725680801507524, -1.8999998999998524
-30.366526388946927, -16.09492377727716, -1.8999998999998524
-28.421094075442124, -19.262846641125407, -1.8999998999998524
-26.141482302949928, -22.199778135109327, -1.8999998999998524
-23.576781264248954, -24.89171575932924, -1.8999998999998524
-20.761385629610473, -27.32004741502348, -1.8999998999998524
-17.706253337726828, -29.438386005760815, -1.8999998999998524
-14.433094185008162, -31.200864848893655, -1.8999998999998524
-10.978298005367199, -32.573380435443, -1.8999998999998524
-7.388518543313083, -33.539630006129855, -1.8999998999998524
-3.7136274522254658, -34.10252465823461, -1.8999998999998524
0.0, -34.2834570248291, -1.8999998999998524
-4.440892098500626e-16, -34.2834570248291, -1.8999998999998524
3.713627452225464, -34.102524658234586, -1.8999998999998524
7.388518533632923, -33.539629958387714, -1.8999998999998524
10.978298005408995, -32.57338043422662, -1.8999998999998524
14.433094182878405, -31.2008648358853, -1.8999998999998524
17.706253325583365, -29.43838597801824, -1.8999998999998524
20.761385631583654, -27.32004741296856, -1.8999998999998524
23.576781266289178, -24.891715757383935, -1.8999998999998524
26.141482304791783, -22.199778132975243, -1.8999998999998524
28.42109407991629, -19.262846640953473, -1.8999998999998524
30.366526385436867, -16.09492377175368, -1.8999998999998524
31.93742383875807, -12.725680794828738, -1.8999998999998524
33.107508325434615, -9.197141331947623, -1.8999998999998524
33.87054550290234, -5.55865899120682, -1.8999998999998524
34.238896717529585, -1.8590589741655872, -1.8999998999998524
34.238896717393466, 1.8590589769813977, -1.8999998999998524
33.87054551168264, 5.558658994708072, -1.8999998999998524
33.10750833903996, 9.197141339085112, -1.8999998999998524
31.93742384716608, 12.725680801507576, -1.8999998999998524
30.366526388946866, 16.094923777277202, -1.8999998999998524
28.421094075442063, 19.26284664112544, -1.8999998999998524
26.141482302949854, 22.199778135109334, -1.8999998999998524
23.576781264248904, 24.891715759329255, -1.8999998999998524
20.76138562961042, 27.320047415023478, -1.8999998999998524
17.706253337726714, 29.438386005760698, -1.8999998999998524
14.433094185008061, 31.200864848893477, -1.8999998999998524
10.978298005367185, 32.57338043544299, -1.8999998999998524
7.388518543313072, 33.53963000612984, -1.8999998999998524
3.713627452225473, 34.10252465823461, -1.8999998999998524
-1.3322676295501878e-15, 34.2834570248291, -1.8999998999998524
4.973799150320701e-14, 34.07447953015791, -2.0999998999998524
-3.6911066575276545, 33.89497693176903, -2.0999998999998524
-7.343790338808498, 33.336142712711585, -2.0999998999998524
-10.911908116561431, 32.376247074272804, -2.0999998999998524
-14.345752584609214, 31.012123606525005, -2.0999998999998524
-17.598844197700366, 29.259980693763133, -2.0999998999998524
-20.63505884734091, 27.15396331192957, -2.0999998999998524
-23.433067427640527, 24.740020833427042, -2.0999998999998524
-25.982330789166475, 22.064539412961672, -2.0999998999998524
-28.248595224746644, 19.145813262410364, -2.0999998999998524
-30.18271021800746, 15.997424286447224, -2.0999998999998524
-31.744241241547357, 12.648716607065417, -2.0999998999998524
-32.906930859895354, 9.14150300637583, -2.0999998999998524
-33.66472073660556, 5.5249786421873965, -2.0999998999998524
-34.030283648898745, 1.8477774671013387, -2.0999998999998524
-34.03028364876582, -1.8477774698562286, -2.0999998999998524
-33.664720745825775, -5.524978645684073, -2.0999998999998524
-32.90693087345889, -9.14150301343484, -2.0999998999998524
-31.744241249867077, -12.648716613645439, -2.0999998999998524
-30.182710221588692, -15.99742429194121, -2.0999998999998524
-28.248595220791316, -19.145813262867602, -2.0999998999998524
-25.982330787363967, -22.064539415049286, -2.0999998999998524
-23.43306742564431, -24.74002083533028, -2.0999998999998524
-20.635058845392567, -27.153963313917178, -2.0999998999998524
-17.598844210112958, -29.259980721830075, -2.0999998999998524
-14.345752586758303, -31.012123619424287, -2.0999998999998524
-10.911908116496237, -32.37624707539568, -2.0999998999998524
-7.343790348412372, -33.33614276011605, -2.0999998999998524
-3.6911066575277025, -33.89497693176901, -2.0999998999998524
0.0, -34.07447953015791, -2.0999998999998524
0.0, -34.07447953015792, -2.0999998999998524
3.6911066575276936, -33.894976931769, -2.0999998999998524
7.343790338808521, -33.336142712711506, -2.0999998999998524
10.911908116561436, -32.37624707427271, -2.0999998999998524
14.345752584609208, -31.012123606524913, -2.0999998999998524
17.59884419770032, -29.259980693762973, -2.0999998999998524
20.635058847340837, -27.153963311929385, -2.0999998999998524
23.433067427640434, -24.740020833426843, -2.0999998999998524
25.98233078916636, -22.06453941296148, -2.0999998999998524
28.248595224746527, -19.145813262410183, -2.0999998999998524
30.182710218007333, -15.997424286447046, -2.0999998999998524
31.744241241547297, -12.648716607065284, -2.0999998999998524
32.90693085989531, -9.141503006375707, -2.0999998999998524
33.66472073660552, -5.524978642187294, -2.0999998999998524
34.03028364889872, -1.8477774671012488, -2.0999998999998524
34.03028364876581, 1.8477774698563096, -2.0999998999998524
33.66472074582576, 5.524978645684154, -2.0999998999998524
32.906930873458826, 9.141503013434894, -2.0999998999998524
31.744241249867013, 12.648716613645485, -2.0999998999998524
30.182710221588632, 15.997424291941249, -2.0999998999998524
28.248595220791245, 19.14581326286763, -2.0999998999998524
25.9823307873639, 22.064539415049293, -2.0999998999998524
23.433067425644232, 24.740020835330263, -2.0999998999998524
20.63505884539252, 27.153963313917167, -2.0999998999998524
17.59884421011293, 29.259980721830075, -2.0999998999998524
14.34575258675827, 31.012123619424255, -2.0999998999998524
10.911908116496221, 32.37624707539567, -2.0999998999998524
7.343790348412371, 33.33614276011605, -2.0999998999998524
3.691106657527707, 33.89497693176902, -2.0999998999998524
-1.3322676295501878e-15, 34.07447953015792, -2.0999998999998524
4.973799150320701e-14, 33.88135818244343, -2.2999998999998525
-3.6702575951690797, 33.703072280660066, -2.2999998999998525
-7.302357121069546, 33.1477894366637, -2.2999998999998525
-10.850386526728593, 32.19361757233279, -2.2999998999998525
-14.264834758715855, 30.83724125568793, -2.2999998999998525
-17.499418329817072, 29.09477999449165, -2.2999998999998525
-20.518244813107014, 27.000337761929988, -2.2999998999998525
-23.30025775585037, 24.599824722730755, -2.2999998999998525
-25.835192206046816, 21.939535709866302, -2.2999998999998525
-28.088946834013726, 19.03753674014299, -2.2999998999998525
-30.01243049148607, 15.90712823208967, -2.2999998999998525
-31.56523907959916, 12.577398472068554, -2.2999998999998525
-32.72117860948712, 9.089950911238143, -2.2999998999998525
-33.47430959761489, 5.493788951214417, -2.2999998999998525
-33.83746936304104, 1.8373358081380513, -2.2999998999998525
-33.83746936291038, -1.837335810849253, -2.2999998999998525
-33.47430960708893, -5.493788954700746, -2.2999998999998525
-32.72117862300015, -9.089950918234752, -2.2999998999998525
-31.565239087848344, -12.57739847857414, -2.2999998999998525
-30.012430495106834, -15.907128237555343, -2.2999998999998525
-28.08894683038598, -19.03753674077434, -2.2999998999998525
-25.835192204272726, -21.939535711920673, -2.2999998999998525
-23.30025775388587, -24.59982472460389, -2.2999998999998525
-20.51824481117898, -27.000337763872416, -2.2999998999998525
-17.499418342371197, -29.094780022702036, -2.2999998999998525
-14.26483476087381, -30.837241268495486, -2.2999998999998525
-10.850386526649542, -32.19361757339706, -2.2999998999998525
-7.302357130606435, -33.14778948376129, -2.2999998999998525
-3.6702575951691108, -33.703072280660045, -2.2999998999998525
0.0, -33.88135818244343, -2.2999998999998525
0.0, -33.88135818244344, -2.2999998999998525
3.6702575951691183, -33.70307228066003, -2.2999998999998525
7.3023571210695675, -33.14778943666361, -2.2999998999998525
10.85038652672861, -32.193617572332705, -2.2999998999998525
14.264834758715839, -30.837241255687786, -2.2999998999998525
17.499418329817033, -29.094779994491493, -2.2999998999998525
20.518244813106943, -27.000337761929792, -2.2999998999998525
23.30025775585029, -24.599824722730563, -2.2999998999998525
25.835192206046724, -21.93953570986611, -2.2999998999998525
28.08894683401363, -19.037536740142805, -2.2999998999998525
30.012430491485986, -15.907128232089498, -2.2999998999998525
31.565239079599092, -12.577398472068412, -2.2999998999998525
32.72117860948708, -9.08995091123802, -2.2999998999998525
33.47430959761486, -5.493788951214304, -2.2999998999998525
33.83746936304102, -1.8373358081379463, -2.2999998999998525
33.837469362910376, 1.8373358108493427, -2.2999998999998525
33.474309607088934, 5.493788954700834, -2.2999998999998525
32.72117862300011, 9.08995091823482, -2.2999998999998525
31.5652390878483, 12.5773984785742, -2.2999998999998525
30.01243049510678, 15.907128237555392, -2.2999998999998525
28.08894683038591, 19.037536740774367, -2.2999998999998525
25.835192204272673, 21.93953571192069, -2.2999998999998525
23.30025775388583, 24.599824724603895, -2.2999998999998525
20.51824481117895, 27.000337763872412, -2.2999998999998525
17.499418342371232, 29.094780022702114, -2.2999998999998525
14.264834760873834, 30.83724126849556, -2.2999998999998525
10.85038652664954, 32.193617573397056, -2.2999998999998525
7.30235713060644, 33.14778948376127, -2.2999998999998525
3.670257595169118, 33.703072280660024, -2.2999998999998525
-1.3322676295501878e-15, 33.88135818244343, -2.2999998999998525
4.973799150320701e-14, 33.702411338336255, -2.4999998999998527
-3.650901909215311, 33.5251488700855, -2.4999998999998527
-7.263866633562409, 32.972956503222164, -2.4999998999998527
-10.793212055771, 32.02394061569482, -2.4999998999998527
-14.189653535933429, 30.674734602612176, -2.4999998999998527
-17.407124340828954, 28.941374045873822, -2.4999998999998527
-20.40993273243264, 26.857845538554802, -2.4999998999998527
-23.177195816345293, 24.469907601764167, -2.4999998999998527
-25.698790815585646, 21.823680896520397, -2.4999998999998527
-27.940779405585047, 18.93708496647195, -2.4999998999998527
-29.854239795826768, 15.823266052693194, -2.4999998999998527
-31.39889959705306, 12.511121982939196, -2.4999998999998527
-32.54866803413443, 9.042047816189934, -2.4999998999998527
-33.29767179882455, 5.464823936971277, -2.4999998999998527
-33.65877753346817, 1.8276444540128813, -2.4999998999998527
-33.658777533338835, -1.8276444566979428, -2.4999998999998527
-33.29767180837534, -5.464823940442925, -2.4999998999998527
-32.54866804758707, -9.042047823140122, -2.4999998999998527
-31.398899605248833, -12.511121989394768, -2.4999998999998527
-29.854239799453538, -15.823266058131145, -2.4999998999998527
-27.940779402103047, -18.93708496717308, -2.4999998999998527
-25.6987908138286, -21.823680898554898, -2.4999998999998527
-23.17719581439978, -24.469907603619266, -2.4999998999998527
-20.40993273051892, -26.857845540472947, -2.4999998999998527
-17.40712435340429, -28.941374074059656, -2.4999998999998527
-14.189653538088898, -30.67473461534427, -2.4999998999998527
-10.793212055686606, -32.0239406167321, -2.4999998999998527
-7.263866643043402, -32.97295655005335, -2.4999998999998527
-3.6509019092153574, -33.525148870085474, -2.4999998999998527
0.0, -33.702411338336255, -2.4999998999998527
-4.440892098500626e-16, -33.702411338336255, -2.4999998999998527
3.650901909215349, -33.52514887008546, -2.4999998999998527
7.263866633562429, -32.97295650322207, -2.4999998999998527
10.793212055771022, -32.023940615694755, -2.4999998999998527
14.189653535933425, -30.674734602612084, -2.4999998999998527
17.40712434082891, -28.94137404587368, -2.4999998999998527
20.40993273243257, -26.857845538554635, -2.4999998999998527
23.17719581634523, -24.469907601764014, -2.4999998999998527
25.69879081558555, -21.823680896520234, -2.4999998999998527
27.940779405584955, -18.9370849664718, -2.4999998999998527
29.85423979582666, -15.823266052693047, -2.4999998999998527
31.398899597053013, -12.511121982939084, -2.4999998999998527
32.54866803413441, -9.042047816189834, -2.4999998999998527
33.297671798824524, -5.4648239369711895, -2.4999998999998527
33.65877753346816, -1.827644454012804, -2.4999998999998527
33.65877753333882, 1.8276444566980214, -2.4999998999998527
33.29767180837533, 5.4648239404429955, -2.4999998999998527
32.548668047587036, 9.04204782314018, -2.4999998999998527
31.398899605248765, 12.511121989394814, -2.4999998999998527
29.854239799453484, 15.823266058131185, -2.4999998999998527
27.940779402102994, 18.93708496717311, -2.4999998999998527
25.698790813828555, 21.823680898554912, -2.4999998999998527
23.177195814399745, 24.469907603619276, -2.4999998999998527
20.40993273051888, 26.85784554047295, -2.4999998999998527
17.407124353404317, 28.941374074059755, -2.4999998999998527
14.18965353808892, 30.674734615344374, -2.4999998999998527
10.79321205568658, 32.023940616732084, -2.4999998999998527
7.2638666430433885, 32.97295655005334, -2.4999998999998527
3.650901909215353, 33.525148870085474, -2.4999998999998527
-1.3322676295501878e-15, 33.702411338336255, -2.4999998999998527
-8.881784197001252e-16, 33.536284634794015, -2.699999899999853
3.6328959606986073, 33.359868210437305, -2.699999899999853
7.22803519380167, 32.81034434455537, -2.699999899999853
10.739964997432132, 31.8659669346028, -2.699999899999853
14.119655553406654, 30.523409280192034, -2.699999899999853
17.321276558709233, 28.798627433820773, -2.699999899999853
20.309308463857185, 26.72541927301402, -2.699999899999853
23.062950225966812, 24.34928704576943, -2.699999899999853
25.57209912241334, 21.716100180857563, -2.699999899999853
27.8029899205565, 18.843707197793716, -2.699999899999853
29.706972504090622, 15.745218012881347, -2.699999899999853
31.244000593231018, 12.44940043291625, -2.699999899999853
32.388123846045644, 8.997441607871236, -2.699999899999853
33.13348621237403, 5.437869386048443, -2.699999899999853
33.492858044241196, 1.8186312986224873, -2.699999899999853
33.49285804437009, -1.8186312959464264, -2.699999899999853
33.133486202913254, -5.4378693825949265, -2.699999899999853
32.38812383266351, -8.997441600952014, -2.699999899999853
31.24400058507245, -12.449400426487037, -2.699999899999853
29.706972500490597, -15.74521800747057, -2.699999899999853
27.802989924063805, -18.84370719712029, -2.699999899999853
25.572099124164342, -21.716100178829826, -2.699999899999853
23.062950227905688, -24.349287043920523, -2.699999899999853
20.3093084657629, -26.725419271100392, -2.699999899999853
17.32127654622558, -28.79862740581595, -2.699999899999853
14.11965555126501, -30.523409267520243, -2.699999899999853
10.739964997514182, -31.865966933563328, -2.699999899999853
7.228035184365444, -32.810344297948404, -2.699999899999853
3.6328959606985953, -33.35986821043729, -2.699999899999853
0.0, -33.536284634794015, -2.699999899999853
0.0, -33.53628463479401, -2.699999899999853
-3.6328959606986126, -33.35986821043729, -2.699999899999853
-7.228035193801679, -32.810344344555375, -2.699999899999853
-10.739964997432143, -31.865966934602792, -2.699999899999853
-14.119655553406663, -30.523409280192013, -2.699999899999853
-17.32127655870922, -28.798627433820727, -2.699999899999853
-20.30930846385722, -26.725419273014026, -2.699999899999853
-23.06295022596687, -24.34928704576944, -2.699999899999853
-25.572099122413405, -21.71610018085756, -2.699999899999853
-27.80298992055656, -18.843707197793705, -2.699999899999853
-29.7069725040907, -15.745218012881343, -2.699999899999853
-31.24400059323103, -12.449400432916203, -2.699999899999853
-32.38812384604565, -8.997441607871178, -2.699999899999853
-33.133486212374045, -5.437869386048374, -2.699999899999853
-33.492858044241196, -1.8186312986224182, -2.699999899999853
-33.49285804437011, 1.8186312959465012, -2.699999899999853
-33.13348620291328, 5.437869382595014, -2.699999899999853
-32.388123832663524, 8.997441600952115, -2.699999899999853
-31.244000585072506, 12.449400426487164, -2.699999899999853
-29.706972500490657, 15.745218007470699, -2.699999899999853
-27.802989924063883, 18.84370719712044, -2.699999899999853
-25.572099124164417, 21.716100178829986, -2.699999899999853
-23.062950227905745, 24.349287043920683, -2.699999899999853
-20.309308465762953, 26.725419271100552, -2.699999899999853
-17.32127654622561, 28.79862740581609, -2.699999899999853
-14.119655551265014, 30.523409267520346, -2.699999899999853
-10.739964997514177, 31.86596693356343, -2.699999899999853
-7.228035184365417, 32.81034429794847, -2.699999899999853
-3.632895960698554, 33.359868210437305, -2.699999899999853
4.973799150320701e-14, 33.53628463479401, -2.699999899999853
4.973799150320701e-14, 33.38186819324317, -2.899999899999853
-3.616122041415797, 33.20613334053947, -2.899999899999853
-7.19463028308513, 32.65888774530264, -2.899999899999853
-10.690301433906345, 31.718672847204104, -2.899999899999853
-14.05438737736939, 30.382286571964297, -2.899999899999853
-17.241313022448644, 28.665609574162644, -2.899999899999853
-20.215704767865226, 26.602184191217223, -2.899999899999853
-22.956757727581103, 24.237157961075315, -2.899999899999853
-25.45427507363077, 21.616076626377588, -2.899999899999853
-27.674674416472342, 18.75678815365088, -2.899999899999853
-29.56967343224171, 15.67247625303056, -2.899999899999853
-31.099540575156897, 12.391834993078389, -2.899999899999853
-32.238500926215515, 8.9558437109869, -2.899999899999853
-32.980670056316065, 5.412749733441006, -2.899999899999853
-33.33860445991475, 1.8102372478965008, -2.899999899999853
-33.33860445978543, -1.810237250578827, -2.899999899999853
-32.98067006553151, -5.412749736872472, -2.899999899999853
-32.23850093951786, -8.955843717888877, -2.899999899999853
-31.099540583293134, -12.391834999502487, -2.899999899999853
-29.569673435784814, -15.672476258414173, -2.899999899999853
-27.674674412780504, -18.756788154205207, -2.899999899999853
-25.45427507187564, -21.61607662841015, -2.899999899999853
-22.956757725637484, -24.237157962928464, -2.899999899999853
-20.215704765961846, -26.60218419314427, -2.899999899999853
-17.241313034735214, -28.665609601839552, -2.899999899999853
-14.054387379486853, -30.382286584589473, -2.899999899999853
-10.690301433833989, -31.71867284827292, -2.899999899999853
-7.194630292486724, -32.658887791722655, -2.899999899999853
-3.616122041415879, -33.206133340539445, -2.899999899999853
0.0, -33.38186819324317, -2.899999899999853
-4.440892098500626e-16, -33.38186819324317, -2.899999899999853
3.616122041415838, -33.206133340539445, -2.899999899999853
7.194630283085156, -32.658887745302565, -2.899999899999853
10.690301433906363, -31.718672847204022, -2.899999899999853
14.054387377369402, -30.382286571964215, -2.899999899999853
17.241313022448626, -28.665609574162513, -2.899999899999853
20.21570476786519, -26.602184191217077, -2.899999899999853
22.95675772758103, -24.23715796107514, -2.899999899999853
25.45427507363071, -21.616076626377428, -2.899999899999853
27.674674416472282, -18.75678815365073, -2.899999899999853
29.569673432241654, -15.67247625303041, -2.899999899999853
31.09954057515686, -12.391834993078252, -2.899999899999853
32.2385009262155, -8.955843710986775, -2.899999899999853
32.98067005631605, -5.412749733440888, -2.899999899999853
33.33860445991475, -1.8102372478963902, -2.899999899999853
33.33860445978544, 1.8102372505789324, -2.899999899999853
32.980670065531505, 5.41274973687257, -2.899999899999853
32.238500939517834, 8.955843717888971, -2.899999899999853
31.099540583293063, 12.39183499950256, -2.899999899999853
29.569673435784726, 15.672476258414225, -2.899999899999853
27.67467441278043, 18.75678815420526, -2.899999899999853
25.454275071875575, 21.616076628410198, -2.899999899999853
22.956757725637406, 24.2371579629285, -2.899999899999853
20.215704765961767, 26.602184193144303, -2.899999899999853
17.241313034735093, 28.66560960183951, -2.899999899999853
14.054387379486762, 30.38228658458945, -2.899999899999853
10.690301433833909, 31.718672848272913, -2.899999899999853
7.194630292486652, 32.65888779172267, -2.899999899999853
3.6161220414157973, 33.206133340539445, -2.899999899999853
-1.3322676295501878e-15, 33.38186819324317, -2.899999899999853
4.973799150320701e-14, 33.23823905040744, -3.0999998999998533
-3.600482265192353, 33.06303194066611, -3.0999998999998533
-7.163458576101738, 32.51770105380819, -3.0999998999998533
-10.643935377546523, 31.581207119334106, -3.0999998999998533
-13.993471979304719, 30.250552717699353, -3.0999998999998533
-17.16676645082803, 28.541546707531918, -3.0999998999998533
-20.12856668827306, 26.48741276463567, -3.0999998999998533
-22.857983582874482, 24.132850844186983, -3.0999998999998533
-25.34461836883845, 21.523013994722515, -3.0999998999998533
-27.555081060583976, 18.675816112071686, -3.0999998999998533
-29.441548289367656, 15.604618481235555, -3.0999998999998533
-30.96468683125285, 12.338094065662197, -3.0999998999998533
-32.098930217643144, 8.917014179254586, -3.0999998999998533
-32.838322834344815, 5.389318987725843, -3.0999998999998533
-33.19509663978696, 1.8024131791968472, -3.0999998999998533
-33.19509663965647, -1.8024131818992473, -3.0999998999998533
-32.83832284317223, -5.389318991131431, -3.0999998999998533
-32.0989302308579, -8.917014186151908, -3.0999998999998533
-30.9646868393802, -12.338094072100374, -3.0999998999998533
-29.441548292827935, -15.604618486592669, -3.0999998999998533
-27.555081056561345, -18.67581611242258, -3.0999998999998533
-25.344618367070378, -21.523013996770437, -3.0999998999998533
-22.85798358091627, -24.132850846053937, -3.0999998999998533
-20.128566686367762, -26.487412766593057, -3.0999998999998533
-17.166766462819965, -28.5415467347437, -3.0999998999998533
-13.993471981389224, -30.250552730290785, -3.0999998999998533
-10.643935377490859, -31.581207120458302, -3.0999998999998533
-7.163458585476539, -32.517701100068805, -3.0999998999998533
-3.6004822651924218, -33.063031940666086, -3.0999998999998533
0.0, -33.23823905040744, -3.0999998999998533
0.0, -33.23823905040745, -3.0999998999998533
3.600482265192394, -33.06303194066608, -3.0999998999998533
7.163458576101767, -32.51770105380811, -3.0999998999998533
10.64393537754655, -31.581207119334046, -3.0999998999998533
13.993471979304726, -30.250552717699264, -3.0999998999998533
17.16676645082801, -28.5415467075318, -3.0999998999998533
20.128566688273022, -26.487412764635536, -3.0999998999998533
22.85798358287442, -24.132850844186837, -3.0999998999998533
25.344618368838386, -21.523013994722376, -3.0999998999998533
27.555081060583912, -18.67581611207155, -3.0999998999998533
29.441548289367592, -15.604618481235436, -3.0999998999998533
30.964686831252802, -12.338094065662089, -3.0999998999998533
32.09893021764316, -8.917014179254506, -3.0999998999998533
32.838322834344815, -5.389318987725766, -3.0999998999998533
33.195096639786954, -1.8024131791967768, -3.0999998999998533
33.19509663965649, 1.8024131818993097, -3.0999998999998533
32.83832284317225, 5.389318991131485, -3.0999998999998533
32.09893023085788, 8.917014186151949, -3.0999998999998533
30.964686839380118, 12.338094072100384, -3.0999998999998533
29.4415482928279, 15.604618486592692, -3.0999998999998533
27.555081056561306, 18.67581611242259, -3.0999998999998533
25.344618367070343, 21.523013996770445, -3.0999998999998533
22.857983580916237, 24.132850846053934, -3.0999998999998533
20.12856668636774, 26.48741276659306, -3.0999998999998533
17.16676646281996, 28.5415467347437, -3.0999998999998533
13.993471981389215, 30.25055273029076, -3.0999998999998533
10.643935377490862, 31.581207120458295, -3.0999998999998533
7.163458585476559, 32.51770110006879, -3.0999998999998533
3.600482265192447, 33.063031940666065, -3.0999998999998533
-8.881784197001252e-16, 33.23823905040745, -3.0999998999998533
4.973799150320701e-14, 33.10462000023623, -3.2999998999998534
-3.585894200843982, 32.92979566319291, -3.2999998999998534
-7.134357222015638, 32.38603821573508, -3.2999998999998534
-10.600626006408667, 31.45285295935435, -3.2999998999998534
-13.936591883167893, 30.127522457353844, -3.2999998999998534
-17.097243274704528, 28.4257871020151, -3.2999998999998534
-20.047426835729834, 26.38049225729383, -3.2999998999998534
-22.766093289117126, 24.035801908231154, -3.2999998999998534
-25.242539255324058, 21.436410146104315, -3.2999998999998534
-27.443576662948264, 18.600360089699137, -3.2999998999998534
-29.321928195184046, 15.541289073957374, -3.2999998999998534
-30.838738172075757, 12.287898414631723, -3.2999998999998534
-31.968679817062554, 8.880750919089946, -3.2999998999998534
-32.70568609634048, 5.367454184517798, -3.2999998999998534
-33.06155971340524, 1.795117721733533, -3.2999998999998534
-33.06155971327299, -1.795117724466932, -3.2999998999998534
-32.705686104650724, -5.367454187892486, -3.2999998999998534
-31.96867983018412, -8.88075092599282, -3.2999998999998534
-30.838738180206025, -12.287898421099644, -3.2999998999998534
-29.321928198541073, -15.541289079288582, -3.2999998999998534
-27.443576658462465, -18.600360089768614, -3.2999998999998534
-25.242539253535963, -21.436410148175973, -3.2999998999998534
-22.76609328713635, -24.035801910119435, -3.2999998999998534
-20.047426833820435, -26.380492259296634, -3.2999998999998534
-17.097243286312402, -28.425787128632876, -3.2999998999998534
-13.936591885212952, -30.12752246992311, -3.2999998999998534
-10.600626006376606, -31.452852960558687, -3.2999998999998534
-7.134357231368452, -32.386038261849116, -3.2999998999998534
-3.5858942008440327, -32.92979566319292, -3.2999998999998534
0.0, -33.104620000236245, -3.2999998999998534
0.0, -33.10462000023625, -3.2999998999998534
3.5858942008440273, -32.929795663192905, -3.2999998999998534
7.134357222015671, -32.386038215735, -3.2999998999998534
10.600626006408685, -31.45285295935425, -3.2999998999998534
13.936591883167916, -30.127522457353766, -3.2999998999998534
17.09724327470452, -28.425787102014983, -3.2999998999998534
20.047426835729812, -26.380492257293692, -3.2999998999998534
22.7660932891171, -24.03580190823102, -3.2999998999998534
25.242539255324008, -21.436410146104155, -3.2999998999998534
27.443576662948225, -18.60036008969899, -3.2999998999998534
29.321928195184025, -15.541289073957252, -3.2999998999998534
30.838738172075754, -12.287898414631607, -3.2999998999998534
31.968679817062572, -8.880750919089845, -3.2999998999998534
32.705686096340486, -5.367454184517699, -3.2999998999998534
33.06155971340524, -1.7951177217334415, -3.2999998999998534
33.06155971327301, 1.7951177244670176, -3.2999998999998534
32.70568610465074, 5.367454187892564, -3.2999998999998534
31.968679830184104, 8.880750925992885, -3.2999998999998534
30.838738180205993, 12.287898421099696, -3.2999998999998534
29.321928198541034, 15.54128907928862, -3.2999998999998534
27.443576658462426, 18.60036008976864, -3.2999998999998534
25.242539253535927, 21.436410148175987, -3.2999998999998534
22.766093287136336, 24.03580191011946, -3.2999998999998534
20.047426833820403, 26.380492259296638, -3.2999998999998534
17.097243286312324, 28.425787128632773, -3.2999998999998534
13.936591885212916, 30.12752246992306, -3.2999998999998534
10.600626006376594, 31.45285296055869, -3.2999998999998534
7.134357231368445, 32.38603826184911, -3.2999998999998534
3.585894200844027, 32.92979566319289, -3.2999998999998534
-8.881784197001252e-16, 33.104620000236245, -3.2999998999998534
4.263256414560601e-14, 32.980349458881555, -3.4999998999998536
-3.5722876749299757, 32.80577035612016, -3.4999998999998536
-7.107187577612332, 32.26326408818469, -3.4999998999998536
-10.560168318561077, 31.33300020757378, -3.4999998999998536
-13.88347685392865, 30.012612498047957, -3.4999998999998536
-17.03240844003269, 28.317775922824715, -3.4999998999998536
-19.971887267951463, 26.280900988967385, -3.4999998999998536
-22.680631846904166, 23.945531233037702, -3.4999998999998536
-25.147535659385653, 21.35583758884629, -3.4999998999998536
-27.33962211660741, 18.530053142901, -3.4999998999998536
-29.210243747809432, 15.482185306401865, -3.4999998999998536
-30.721097753657475, 12.241010359136357, -3.4999998999998536
-31.847126654946727, 8.84688188563695, -3.4999998999998536
-32.582114094054035, 5.34705063618392, -3.4999998999998536
-32.93733404190731, 1.7883156644971472, -3.4999998999998536
-32.937334041772836, -1.788315667269342, -3.4999998999998536
-32.58211410173245, -5.3470506395213135, -3.4999998999998536
-31.84712666797202, -8.846881892553053, -3.4999998999998536
-30.721097761800426, -12.241010365645742, -3.4999998999998536
-29.210243751049628, -15.48218531170808, -3.4999998999998536
-27.339622111540855, -18.53005314261762, -3.4999998999998536
-25.147535657572547, -21.355837590947665, -3.4999998999998536
-22.680631844895167, -23.945531234952657, -3.4999998999998536
-19.971887266038305, -26.280900991028773, -3.4999998999998536
-17.03240845117558, -28.317775948727746, -3.4999998999998536
-13.883476855930514, -30.01261251060522, -3.4999998999998536
-10.560168318559567, -31.3330002088821, -3.4999998999998536
-7.107187586943986, -32.26326413414583, -3.4999998999998536
-3.5722876749300143, -32.80577035612017, -3.4999998999998536
0.0, -32.98034945888157, -3.4999998999998536
0.0, -32.98034945888157, -3.4999998999998536
3.572287674930013, -32.805770356120156, -3.4999998999998536
7.107187577612356, -32.26326408818463, -3.4999998999998536
10.560168318561098, -31.333000207573722, -3.4999998999998536
13.883476853928668, -30.012612498047904, -3.4999998999998536
17.032408440032675, -28.3177759228246, -3.4999998999998536
19.971887267951434, -26.280900988967264, -3.4999998999998536
22.680631846904138, -23.94553123303759, -3.4999998999998536
25.147535659385603, -21.355837588846164, -3.4999998999998536
27.33962211660737, -18.53005314290089, -3.4999998999998536
29.210243747809386, -15.482185306401762, -3.4999998999998536
30.721097753657443, -12.24101035913627, -3.4999998999998536
31.84712665494674, -8.846881885636883, -3.4999998999998536
32.582114094054035, -5.347050636183854, -3.4999998999998536
32.93733404190732, -1.7883156644970881, -3.4999998999998536
32.93733404177287, 1.7883156672693952, -3.4999998999998536
32.58211410173248, 5.347050639521367, -3.4999998999998536
31.847126667972045, 8.846881892553103, -3.4999998999998536
30.721097761800404, 12.241010365645774, -3.4999998999998536
29.21024375104958, 15.482185311708097, -3.4999998999998536
27.33962211154082, 18.53005314261764, -3.4999998999998536
25.147535657572508, 21.355837590947672, -3.4999998999998536
22.680631844895135, 23.945531234952668, -3.4999998999998536
19.97188726603827, 26.28090099102878, -3.4999998999998536
17.03240845117562, 28.317775948727856, -3.4999998999998536
13.883476855930532, 30.012612510605305, -3.4999998999998536
10.560168318559562, 31.333000208882105, -3.4999998999998536
7.107187586943986, 32.26326413414582, -3.4999998999998536
3.5722876749300156, 32.80577035612018, -3.4999998999998536
-1.3322676295501878e-15, 32.980349458881555, -3.4999998999998536
4.973799150320701e-14, 32.8638040617335, -3.699999899999854
-3.559491742864953, 32.68935475949457, -3.699999899999854
-7.081612815126699, 32.1478307331685, -3.699999899999854
-10.5220649026522, 31.220166696648388, -3.699999899999854
-13.833470487506625, 29.9044068075155, -3.699999899999854
-16.971445482124672, 28.216163030704337, -3.699999899999854
-19.900974237131802, 26.187363994264963, -3.699999899999854
-22.600482844482613, 23.860861604572662, -3.699999899999854
-25.0583778942506, 21.280248437805326, -3.699999899999854
-27.241902873394483, 18.463999242129777, -3.699999899999854
-29.105111473433727, 15.426570833953027, -3.699999899999854
-30.610316755896676, 12.19685305777319, -3.699999899999854
-31.732755116795854, 8.814989481054472, -3.699999899999854
-32.46602956549741, 5.3278536807767205, -3.699999899999854
-32.82080217751567, 1.7819211306753546, -3.699999899999854
-32.82080217737877, -1.781921133489235, -3.699999899999854
-32.466029572458595, -5.327853684069158, -3.699999899999854
-31.732755129725238, -8.814989487987337, -3.699999899999854
-30.61031676405875, -12.196853064329499, -3.699999899999854
-29.10511147655328, -15.426570839235207, -3.699999899999854
-27.241902867659643, -18.463999241437115, -3.699999899999854
-25.058377892410633, -21.28024843993869, -3.699999899999854
-22.60048284244323, -23.86086160651627, -3.699999899999854
-19.90097423521831, -26.187363996394218, -3.699999899999854
-16.971445492740493, -28.21616305579423, -3.699999899999854
-13.833470489465366, -29.904406820068115, -3.699999899999854
-10.522064902687406, -31.220166698080398, -3.699999899999854
-7.081612824432814, -32.14783077894624, -3.699999899999854
-3.5594917428650032, -32.689354759494535, -3.699999899999854
0.0, -32.8638040617335, -3.699999899999854
0.0, -32.8638040617335, -3.699999899999854
3.5594917428649944, -32.68935475949452, -3.699999899999854
7.081612815126732, -32.147830733168426, -3.699999899999854
10.522064902652241, -31.22016669664835, -3.699999899999854
13.833470487506647, -29.90440680751542, -3.699999899999854
16.971445482124675, -28.21616303070423, -3.699999899999854
19.900974237131784, -26.187363994264835, -3.699999899999854
22.600482844482592, -23.860861604572538, -3.699999899999854
25.058377894250544, -21.28024843780518, -3.699999899999854
27.241902873394444, -18.463999242129653, -3.699999899999854
29.105111473433716, -15.426570833952928, -3.699999899999854
30.610316755896665, -12.196853057773094, -3.699999899999854
31.73275511679587, -8.814989481054392, -3.699999899999854
32.46602956549743, -5.327853680776647, -3.699999899999854
32.82080217751571, -1.7819211306752847, -3.699999899999854
32.82080217737879, 1.781921133489304, -3.699999899999854
32.46602957245861, 5.327853684069221, -3.699999899999854
31.732755129725234, 8.814989487987383, -3.699999899999854
30.61031676405872, 12.196853064329538, -3.699999899999854
29.105111476553233, 15.42657083923523, -3.699999899999854
27.241902867659608, 18.463999241437147, -3.699999899999854
25.058377892410583, 21.28024843993871, -3.699999899999854
22.60048284244317, 23.860861606516274, -3.699999899999854
19.900974235218275, 26.18736399639424, -3.699999899999854
16.971445492740468, 28.216163055794272, -3.699999899999854
13.833470489465318, 29.904406820068132, -3.699999899999854
10.522064902687365, 31.220166698080412, -3.699999899999854
7.081612824432779, 32.14783077894624, -3.699999899999854
3.5594917428649775, 32.68935475949455, -3.699999899999854
-4.440892098500626e-16, 32.8638040617335, -3.699999899999854
4.973799150320701e-14, 32.74833400789556, -3.899999899999854
-3.5468085633830677, 32.57399753917707, -3.899999899999854
-7.056259747602632, 32.03341801953553, -3.899999899999854
-10.484288951993284, 31.108309687138963, -3.899999899999854
-13.78389666621647, 29.797133878720608, -3.899999899999854
-16.91102096528751, 28.115439791249088, -3.899999899999854
-19.83070454411782, 26.094668870086394, -3.899999899999854
-22.521073257068124, 23.776971577887842, -3.899999899999854
-24.970033405393696, 21.20535255590796, -3.899999899999854
-27.145050505774204, 18.398536672534004, -3.899999899999854
-29.000890537659423, 15.371441758989077, -3.899999899999854
-30.500490186097064, 12.153075703749996, -3.899999899999854
-31.61938235433764, 8.783371903153334, -3.899999899999854
-32.35098606845371, 5.30882446857152, -3.899999899999854
-32.705340953019075, 1.7755833252528055, -3.899999899999854
-32.70534095288001, -1.775583328102275, -3.899999899999854
-32.350986074706206, -5.308824471813927, -3.899999899999854
-31.61938236717656, -8.783371910098273, -3.899999899999854
-30.500490194275688, -12.153075710346105, -3.899999899999854
-29.00089054067197, -15.37144176424801, -3.899999899999854
-27.14505049937977, -18.398536671431128, -3.899999899999854
-24.970033403530906, -21.205352558068718, -3.899999899999854
-22.52107325500275, -23.776971579855857, -3.899999899999854
-19.830704542210132, -26.094668872281495, -3.899999899999854
-16.91102097537877, -28.115439815518354, -3.899999899999854
-13.783896668137997, -29.797133891267524, -3.899999899999854
-10.484288952066448, -31.108309688696718, -3.899999899999854
-7.0562597568729775, -32.033418065078784, -3.899999899999854
-3.546808563383095, -32.57399753917704, -3.899999899999854
0.0, -32.74833400789556, -3.899999899999854
0.0, -32.74833400789557, -3.899999899999854
3.54680856338311, -32.57399753917703, -3.899999899999854
7.056259747602666, -32.03341801953549, -3.899999899999854
10.484288951993312, -31.108309687138913, -3.899999899999854
13.783896666216492, -29.79713387872055, -3.899999899999854
16.9110209652875, -28.115439791248992, -3.899999899999854
19.830704544117786, -26.094668870086274, -3.899999899999854
22.521073257068092, -23.776971577887732, -3.899999899999854
24.97003340539365, -21.205352555907844, -3.899999899999854
27.14505050577416, -18.398536672533893, -3.899999899999854
29.000890537659455, -15.371441758989011, -3.899999899999854
30.50049018609707, -12.15307570374992, -3.899999899999854
31.619382354337667, -8.783371903153265, -3.899999899999854
32.350986068453736, -5.308824468571463, -3.899999899999854
32.70534095301913, -1.7755833252527558, -3.899999899999854
32.705340952880036, 1.7755833281023135, -3.899999899999854
32.35098607470625, 5.308824471813956, -3.899999899999854
31.61938236717655, 8.783371910098287, -3.899999899999854
30.500490194275688, 12.153075710346105, -3.899999899999854
29.00089054067195, 15.371441764247999, -3.899999899999854
27.145050499379753, 18.398536671431106, -3.899999899999854
24.970033403530906, 21.205352558068714, -3.899999899999854
22.52107325500275, 23.776971579855847, -3.899999899999854
19.83070454221013, 26.094668872281485, -3.899999899999854
16.91102097537881, 28.11543981551839, -3.899999899999854
13.783896668138073, 29.797133891267627, -3.899999899999854
10.48428895206648, 31.108309688696703, -3.899999899999854
7.056259756873017, 32.03341806507876, -3.899999899999854
3.5468085633831463, 32.57399753917706, -3.899999899999854
-4.440892098500626e-16, 32.74833400789557, -3.899999899999854
4.973799150320701e-14, 32.63286395405765, -4.099999899999854
-3.534125324928547, 32.4586393931849, -4.099999899999854
-7.0309064171305105, 31.919004234044298, -4.099999899999854
-10.446512877760679, 30.99645245125492, -4.099999899999854
-13.734322832090083, 29.689860850406138, -4.099999899999854
-16.850596008951353, 28.014715739476525, -4.099999899999854
-19.76043414744793, 26.001972871274788, -4.099999899999854
-22.44166357963925, 23.693081485939835, -4.099999899999854
-24.881688444325466, 21.130456215998027, -4.099999899999854
-27.048197132886845, 18.333073429206205, -4.099999899999854
-28.89666916705767, 15.316312512673427, -4.099999899999854
-30.390663610124633, 12.109298335838409, -4.099999899999854
-31.506008932707644, 8.751754088941063, -4.099999899999854
-32.23594139412018, 5.28979507601683, -4.099999899999854
-32.58987936694056, 1.7692455362581103, -4.099999899999854
-32.589879366798705, -1.7692455391551836, -4.099999899999854
-32.23594137111792, -5.289795075881955, -4.099999899999854
-31.5060089454619, -8.75175409589199, -4.099999899999854
-30.390663618315685, -12.10929834246511, -4.099999899999854
-28.89666916997928, -15.316312517909697, -4.099999899999854
-27.048197091994506, -18.33307340448951, -4.099999899999854
-24.881688442432004, -21.130456218195302, -4.099999899999854
-22.44166357753918, -23.69308148794057, -4.099999899999854
-19.76043414500557, -26.001972872858556, -4.099999899999854
-16.85059601853123, -28.014715762932756, -4.099999899999854
-13.734322833981146, -29.689860862944695, -4.099999899999854
-10.446512877872156, -30.996452452936975, -4.099999899999854
-7.0309064263538295, -31.919004279298015, -4.099999899999854
-3.53412532492856, -32.45863939318489, -4.099999899999854
0.0, -32.63286395405765, -4.099999899999854
0.0, -32.63286395405765, -4.099999899999854
3.534125324928589, -32.458639393184875, -4.099999899999854
7.0309064171305415, -31.919004234044245, -4.099999899999854
10.44651287776071, -30.99645245125488, -4.099999899999854
13.73432283209011, -29.689860850406088, -4.099999899999854
16.850596008951346, -28.014715739476422, -4.099999899999854
19.760434147447903, -26.00197287127467, -4.099999899999854
22.441663579639208, -23.69308148593971, -4.099999899999854
24.88168844432543, -21.13045621599792, -4.099999899999854
27.048197132886802, -18.333073429206106, -4.099999899999854
28.896669167057663, -15.316312512673353, -4.099999899999854
30.390663610124648, -12.109298335838341, -4.099999899999854
31.50600893270768, -8.75175408894101, -4.099999899999854
32.23594139412022, -5.289795076016781, -4.099999899999854
32.58987936694061, -1.769245536258069, -4.099999899999854
32.58987936679876, 1.7692455391552278, -4.099999899999854
32.23594137111797, 5.2897950758819885, -4.099999899999854
31.506008945461932, 8.751754095892013, -4.099999899999854
30.390663618315703, 12.109298342465134, -4.099999899999854
28.896669169979265, 15.316312517909706, -4.099999899999854
27.04819709199449, 18.333073404489515, -4.099999899999854
24.881688442431987, 21.1304562181953, -4.099999899999854
22.44166357753916, 23.69308148794056, -4.099999899999854
19.76043414500556, 26.001972872858556, -4.099999899999854
16.85059601853119, 28.014715762932706, -4.099999899999854
13.734322833981102, 29.689860862944617, -4.099999899999854
10.446512877872143, 30.996452452936968, -4.099999899999854
7.0309064263538215, 31.919004279297997, -4.099999899999854
3.5341253249285542, 32.45863939318489, -4.099999899999854
-4.440892098500626e-16, 32.63286395405765, -4.099999899999854
4.973799150320701e-14, 32.51739390021972, -4.299999899999854
-3.521442026361026, 32.343280310332744, -4.299999899999854
-7.005552820571659, 31.804589366101823, -4.299999899999854
-10.408736678746022, 30.884594987062762, -4.299999899999854
-13.684748985103669, 29.582587721677157, -4.299999899999854
-16.790170609303573, 27.913990867361754, -4.299999899999854
-19.6901630384003, 25.90927598611975, -4.299999899999854
-22.36225381097762, 23.60919132775779, -4.299999899999854
-24.793343004812577, 21.055559412466145, -4.299999899999854
-26.95134274389139, 18.26760950558778, -4.299999899999854
-28.79244735762519, 15.261183093680819, -4.299999899999854
-30.280837027937817, 12.065520953892529, -4.299999899999854
-31.39263484591192, 8.720136035897758, -4.299999899999854
-32.1208954710778, 5.2707654937197495, -4.299999899999854
-32.474417414431414, 1.762907763750357, -4.299999899999854
-32.474417414288176, -1.7629077666667432, -4.299999899999854
-32.120895448559295, -5.270765493666607, -4.299999899999854
-31.392634858587048, -8.720136042848242, -4.299999899999854
-30.28083703613705, -12.065520960540344, -4.299999899999854
-28.792447360472014, -15.26118309889477, -4.299999899999854
-26.951342703540437, -18.26760948127877, -4.299999899999854
-24.793343002906933, -21.055559414678463, -4.299999899999854
-22.362253808863375, -23.609191329771686, -4.299999899999854
-19.690163035925416, -25.909275987693032, -4.299999899999854
-16.790170618385805, -27.913990890013032, -4.299999899999854
-13.684748986971103, -29.58258773420436, -4.299999899999854
-10.408736678896005, -30.884594988866848, -4.299999899999854
-7.005552829736254, -31.804589411008564, -4.299999899999854
-3.5214420263611035, -32.3432803103327, -4.299999899999854
0.0, -32.51739390021971, -4.299999899999854
0.0, -32.51739390021971, -4.299999899999854
3.5214420263610697, -32.343280310332695, -4.299999899999854
7.0055528205716975, -31.804589366101762, -4.299999899999854
10.408736678746061, -30.88459498706271, -4.299999899999854
13.684748985103697, -29.58258772167709, -4.299999899999854
16.790170609303573, -27.913990867361647, -4.299999899999854
19.690163038400282, -25.909275986119617, -4.299999899999854
22.362253810977606, -23.609191327757664, -4.299999899999854
24.79334300481253, -21.055559412465996, -4.299999899999854
26.951342743891367, -18.267609505587657, -4.299999899999854
28.79244735762515, -15.261183093680687, -4.299999899999854
30.280837027937828, -12.06552095389243, -4.299999899999854
31.392634845911957, -8.720136035897674, -4.299999899999854
32.12089547107785, -5.27076549371967, -4.299999899999854
32.47441741443148, -1.7629077637502795, -4.299999899999854
32.47441741428822, 1.7629077666668163, -4.299999899999854
32.12089544855933, 5.270765493666674, -4.299999899999854
31.392634858587076, 8.720136042848303, -4.299999899999854
30.28083703613706, 12.065520960540402, -4.299999899999854
28.79244736047199, 15.261183098894815, -4.299999899999854
26.951342703540412, 18.26760948127881, -4.299999899999854
24.793343002906884, 21.055559414678477, -4.299999899999854
22.362253808863336, 23.609191329771704, -4.299999899999854
19.690163035925384, 25.909275987693064, -4.299999899999854
16.79017061838582, 27.913990890013118, -4.299999899999854
13.684748986971135, 29.58258773420448, -4.299999899999854
10.408736678895988, 30.88459498886686, -4.299999899999854
7.005552829736235, 31.804589411008564, -4.299999899999854
3.521442026361097, 32.34328031033271, -4.299999899999854
-4.440892098500626e-16, 32.51739390021971, -4.299999899999854
4.263256414560601e-14, 32.4019238463818, -4.499999899999854
-3.508758666508911, 32.22792027925788, -4.499999899999854
-6.980198954726455, 31.690173404980417, -4.499999899999854
-10.370960353706979, 30.77273729261331, -4.499999899999854
-13.635175125211335, 29.475314491638727, -4.499999899999854
-16.72974476246191, 27.813265166792064, -4.499999899999854
-19.619891209652227, 25.8165782046557, -4.499999899999854
-22.2828439498553, 23.525301102340077, -4.499999899999854
-24.704997080520425, 20.98066213960392, -4.499999899999854
-26.85448732779573, 18.20214489503357, -4.499999899999854
-28.6882251053087, 15.206053500674933, -4.499999899999854
-30.171010439491585, 12.021743557772156, -4.499999899999854
-31.279260087881045, 8.688517741482373, -4.499999899999854
-32.00584831574444, 5.251735722515718, -4.499999899999854
-32.3589550905586, 1.7565700077528468, -4.499999899999854
-32.35895509041433, -1.7565700106809072, -4.499999899999854
-32.00584829370471, -5.251735722536098, -4.499999899999854
-31.279260100482247, -8.688517748426001, -4.499999899999854
-30.171010447694545, -12.021743564431619, -4.499999899999854
-28.688225108097022, -15.206053505867105, -4.499999899999854
-26.854487287986288, -18.202144871122815, -4.499999899999854
-24.704997078607615, -20.980662141825515, -4.499999899999854
-22.282843947732417, -23.525301104361876, -4.499999899999854
-19.619891207150204, -25.816578206212963, -4.499999899999854
-16.72974477106049, -27.81326518864709, -4.499999899999854
-13.635175127061775, -29.47531450415137, -4.499999899999854
-10.37096035389519, -30.7727372945364, -4.499999899999854
-6.980198963819834, -31.69017344948032, -4.499999899999854
-3.5087586665089234, -32.22792027925784, -4.499999899999854
0.0, -32.401923846381784, -4.499999899999854
4.440892098500626e-16, -32.401923846381784, -4.499999899999854
3.508758666508946, -32.22792027925784, -4.499999899999854
6.980198954726485, -31.690173404980364, -4.499999899999854
10.37096035370699, -30.77273729261322, -4.499999899999854
13.635175125211337, -29.47531449163863, -4.499999899999854
16.7297447624619, -27.813265166791965, -4.499999899999854
19.619891209652202, -25.81657820465558, -4.499999899999854
22.282843949855295, -23.525301102339974, -4.499999899999854
24.704997080520375, -20.980662139603794, -4.499999899999854
26.8544873277957, -18.20214489503346, -4.499999899999854
28.688225105308643, -15.206053500674823, -4.499999899999854
30.1710104394916, -12.021743557772087, -4.499999899999854
31.27926008788109, -8.688517741482316, -4.499999899999854
32.00584831574449, -5.251735722515667, -4.499999899999854
32.35895509055867, -1.7565700077528021, -4.499999899999854
32.358955090414376, 1.7565700106809428, -4.499999899999854
32.00584829370478, 5.251735722536123, -4.499999899999854
31.279260100482286, 8.688517748426019, -4.499999899999854
30.17101044769455, 12.021743564431619, -4.499999899999854
28.688225108097036, 15.206053505867104, -4.499999899999854
26.854487287986284, 18.202144871122808, -4.499999899999854
24.70499707860762, 20.98066214182551, -4.499999899999854
22.28284394773243, 23.525301104361866, -4.499999899999854
19.61989120715022, 25.81657820621295, -4.499999899999854
16.72974477106053, 27.81326518864709, -4.499999899999854
13.635175127061851, 29.47531450415143, -4.499999899999854
10.370960353895226, 30.77273729453637, -4.499999899999854
6.980198963819883, 31.69017344948032, -4.499999899999854
3.5087586665089723, 32.22792027925783, -4.499999899999854
-4.440892098500626e-16, 32.4019238463818, -4.499999899999854
4.263256414560601e-14, 32.28645379254386, -4.699999899999854
-3.496075244177075, 32.11255928841595, -4.699999899999854
-6.95484481634977, 31.57575633981207, -4.699999899999854
-10.333183901390747, 30.660879365933376, -4.699999899999854
-13.585601252375449, 29.368041159381505, -4.699999899999854
-16.669318464509608, 27.712538629543324, -4.699999899999854
-19.549618653282145, 25.723879516136773, -4.699999899999854
-22.203433995017903, 23.441410808669517, -4.699999899999854
-24.616650665001664, 20.905764391613026, -4.699999899999854
-26.75763087345056, 18.136679590815426, -4.699999899999854
-28.58400240600576, 15.150923732306303, -4.699999899999854
-30.061183844741624, 11.9779661473327, -4.699999899999854
-31.16588465247413, 8.656899203113511, -4.699999899999854
-31.89079991460443, 5.232705759719077, -4.699999899999854
-32.24349239030057, 1.7502322682981888, -4.699999899999854
-32.24349239015565, -1.7502322712299083, -4.699999899999854
-31.89079989303853, -5.2327057598043725, -4.699999899999854
-31.16588466500626, -8.656899210043381, -4.699999899999854
-30.06118385294365, -11.977966153993847, -4.699999899999854
-28.584002408751985, -15.150923737476838, -4.699999899999854
-26.757630834182798, -18.136679567293065, -4.699999899999854
-24.61665066308694, -20.90576439383784, -4.699999899999854
-22.203433992892137, -23.441410810693654, -4.699999899999854
-19.54961865075869, -25.72387951767226, -4.699999899999854
-16.669318472639237, -27.712538650611197, -4.699999899999854
-13.585601254215822, -29.368041171876047, -4.699999899999854
-10.333183901616966, -30.66087936797162, -4.699999899999854
-6.954844825359132, -31.575756383842656, -4.699999899999854
-3.496075244177135, -32.112559288415945, -4.699999899999854
0.0, -32.28645379254386, -4.699999899999854
4.440892098500626e-16, -32.28645379254386, -4.699999899999854
3.4960752441771152, -32.11255928841592, -4.699999899999854
6.954844816349805, -31.575756339812024, -4.699999899999854
10.333183901390772, -30.6608793659333, -4.699999899999854
13.585601252375469, -29.36804115938142, -4.699999899999854
16.669318464509615, -27.712538629543218, -4.699999899999854
19.54961865328213, -25.72387951613665, -4.699999899999854
22.20343399501788, -23.44141080866939, -4.699999899999854
24.61665066500164, -20.905764391612895, -4.699999899999854
26.757630873450545, -18.136679590815305, -4.699999899999854
28.584002406005734, -15.15092373230618, -4.699999899999854
30.061183844741652, -11.977966147332602, -4.699999899999854
31.16588465247419, -8.656899203113426, -4.699999899999854
31.890799914604486, -5.232705759718995, -4.699999899999854
32.243492390300645, -1.7502322682981086, -4.699999899999854
32.243492390155716, 1.750232271229987, -4.699999899999854
31.89079989303859, 5.232705759804452, -4.699999899999854
31.165884665006303, 8.656899210043452, -4.699999899999854
30.06118385294367, 11.97796615399392, -4.699999899999854
28.58400240875196, 15.150923737476893, -4.699999899999854
26.75763083418276, 18.13667956729311, -4.699999899999854
24.61665066308691, 20.90576439383789, -4.699999899999854
22.203433992892116, 23.441410810693718, -4.699999899999854
19.549618650758653, 25.723879517672298, -4.699999899999854
16.669318472639194, 27.712538650611215, -4.699999899999854
13.58560125421576, 29.368041171876033, -4.699999899999854
10.33318390161692, 30.660879367971628, -4.699999899999854
6.954844825359089, 31.57575638384266, -4.699999899999854
3.4960752441770904, 32.11255928841593, -4.699999899999854
-4.440892098500626e-16, 32.28645379254386, -4.699999899999854
4.263256414560601e-14, 32.170983738705935, -4.899999899999854
-3.483391758144161, 31.99719732607761, -4.899999899999854
-6.929490402145955, 31.46133815958703, -4.899999899999854
-10.29540732052798, 30.549021205027746, -4.899999899999854
-13.536027366559175, 29.26076772398531, -4.899999899999854
-16.608891711485928, 27.611811247283757, -4.899999899999854
-19.47934536125439, 25.631179909647816, -4.899999899999854
-22.124023945188227, 23.35752044570872, -4.899999899999854
-24.52830375169619, 20.830866162600405, -4.899999899999854
-26.66077336954768, 18.07121358611956, -4.899999899999854
-28.479779255563454, 15.095793787212312, -4.899999899999854
-29.951357243643237, 11.934188722427402, -4.899999899999854
-31.052508533476487, 8.62528041817326, -4.899999899999854
-31.775750253947596, 5.213675602596019, -4.899999899999854
-32.12802930854591, 1.7438945454164476, -4.899999899999854
-32.12802930840074, -1.7438945483437933, -4.899999899999854
-31.77575023285045, -5.2136756027376085, -4.899999899999854
-31.052508545944068, -8.625280425082346, -4.899999899999854
-29.951357251839493, -11.934188729080205, -4.899999899999854
-28.479779258284058, -15.095793792361398, -4.899999899999854
-26.660773330821566, -18.071213562975593, -4.899999899999854
-24.528303749784776, -20.830866164822343, -4.899999899999854
-22.124023943065424, -23.35752044772969, -4.899999899999854
-19.479345358715232, -25.631179911155808, -4.899999899999854
-16.608891719161683, -27.611811267574225, -4.899999899999854
-13.536027368396255, -29.260767736457954, -4.899999899999854
-10.295407320791542, -30.549021207176406, -4.899999899999854
-6.9294904110577376, -31.46133820308319, -4.899999899999854
-3.483391758144205, -31.9971973260776, -4.899999899999854
0.0, -32.170983738705935, -4.899999899999854
0.0, -32.170983738705935, -4.899999899999854
3.4833917581441995, -31.99719732607758, -4.899999899999854
6.929490402145985, -31.461338159586962, -4.899999899999854
10.295407320528007, -30.549021205027667, -4.899999899999854
13.5360273665592, -29.260767723985232, -4.899999899999854
16.60889171148593, -27.61181124728365, -4.899999899999854
19.479345361254374, -25.631179909647685, -4.899999899999854
22.124023945188203, -23.357520445708584, -4.899999899999854
24.528303751696175, -20.83086616260027, -4.899999899999854
26.66077336954767, -18.07121358611943, -4.899999899999854
28.479779255563436, -15.095793787212182, -4.899999899999854
29.95135724364327, -11.934188722427301, -4.899999899999854
31.052508533476548, -8.62528041817317, -4.899999899999854
31.775750253947667, -5.213675602595934, -4.899999899999854
32.128029308546004, -1.743894545416365, -4.899999899999854
32.12802930840082, 1.7438945483438797, -4.899999899999854
31.775750232850516, 5.213675602737696, -4.899999899999854
31.052508545944118, 8.625280425082433, -4.899999899999854
29.951357251839518, 11.934188729080281, -4.899999899999854
28.479779258284022, 15.095793792361436, -4.899999899999854
26.66077333082155, 18.07121356297563, -4.899999899999854
24.528303749784765, 20.830866164822385, -4.899999899999854
22.124023943065414, 23.357520447729712, -4.899999899999854
19.479345358715225, 25.631179911155836, -4.899999899999854
16.608891719161655, 27.611811267574232, -4.899999899999854
13.536027368396233, 29.26076773645797, -4.899999899999854
10.29540732079152, 30.54902120717641, -4.899999899999854
6.929490411057717, 31.461338203083194, -4.899999899999854
3.4833917581441853, 31.997197326077618, -4.899999899999854
-8.881784197001252e-16, 32.170983738705935, -4.899999899999854
4.263256414560601e-14, 32.055513684868004, -5.099999899999855
-3.470708207161865, 31.8818343803247, -5.099999899999855
-6.90413570876782, 31.346918853151497, -5.099999899999855
-10.257630609832317, 30.43716280787858, -5.099999899999855
-13.486453467726365, 29.15349418451888, -5.099999899999855
-16.548464499385435, 27.51108301157225, -5.099999899999855
-19.409071325417113, 25.538479374101165, -5.099999899999855
-22.04461379906586, 23.27363001239981, -5.099999899999855
-24.439956333928656, 20.755967446576435, -5.099999899999855
-26.563914804617063, 18.00574687404526, -5.099999899999855
-28.375555649777716, 15.040663664017293, -5.099999899999855
-29.841530636151372, 11.890411282907502, -5.099999899999855
-30.93913172459852, 8.593661384006722, -5.099999899999855
-31.66069931986573, 5.194645248363749, -5.099999899999855
-32.01256584009136, 1.737556839135239, -5.099999899999855
-32.01256583994634, -1.7375568420501117, -5.099999899999855
-31.66069929923218, -5.1946452485529155, -5.099999899999855
-30.939131737005678, -8.593661390887833, -5.099999899999855
-29.84153064433679, -11.890411289541746, -5.099999899999855
-28.37555565248924, -15.04066366914503, -5.099999899999855
-26.56391476643248, -18.005746851269503, -5.099999899999855
-24.43995633202587, -20.755967448789324, -5.099999899999855
-22.044613796951914, -23.27363001441197, -5.099999899999855
-19.409071322868165, -25.538479375575925, -5.099999899999855
-16.548464506622864, -27.511083031095556, -5.099999899999855
-13.48645346956693, -29.15349419696546, -5.099999899999855
-10.257630610132319, -30.43716281013204, -5.099999899999855
-6.904135717567883, -31.34691889604545, -5.099999899999855
-3.470708207161867, -31.881834380324698, -5.099999899999855
0.0, -32.055513684868004, -5.099999899999855
0.0, -32.05551368486801, -5.099999899999855
3.470708207161904, -31.88183438032469, -5.099999899999855
6.904135708767847, -31.346918853151422, -5.099999899999855
10.25763060983234, -30.437162807878494, -5.099999899999855
13.486453467726381, -29.15349418451879, -5.099999899999855
16.548464499385442, -27.51108301157214, -5.099999899999855
19.409071325417102, -25.53847937410104, -5.099999899999855
22.044613799065836, -23.27363001239967, -5.099999899999855
24.439956333928652, -20.755967446576314, -5.099999899999855
26.563914804617056, -18.005746874045148, -5.099999899999855
28.37555564977772, -15.040663664017188, -5.099999899999855
29.84153063615141, -11.890411282907419, -5.099999899999855
30.93913172459858, -8.593661384006646, -5.099999899999855
31.66069931986581, -5.194645248363679, -5.099999899999855
32.01256584009146, -1.737556839135177, -5.099999899999855
32.01256583994642, 1.7375568420501666, -5.099999899999855
31.66069929923226, 5.19464524855296, -5.099999899999855
30.939131737005745, 8.59366139088787, -5.099999899999855
29.84153064433683, 11.890411289541772, -5.099999899999855
28.375555652489258, 15.040663669145038, -5.099999899999855
26.563914766432482, 18.00574685126951, -5.099999899999855
24.43995633202588, 20.755967448789335, -5.099999899999855
22.04461379695194, 23.27363001441199, -5.099999899999855
19.409071322868176, 25.538479375575932, -5.099999899999855
16.54846450662292, 27.511083031095616, -5.099999899999855
13.486453469566944, 29.153494196965447, -5.099999899999855
10.257630610132336, 30.437162810132026, -5.099999899999855
6.904135717567909, 31.34691889604544, -5.099999899999855
3.470708207161898, 31.881834380324694, -5.099999899999855
-4.440892098500626e-16, 32.05551368486801, -5.099999899999855
4.618527782440651e-14, 31.94004363103008, -5.299999899999855
-3.458024589954272, 31.766470439046703, -5.299999899999855
-6.878780732815661, 31.232498409205427, -5.299999899999855
-10.219853768000135, 30.32530417244523, -5.299999899999855
-13.436879555841564, 29.04622054003962, -5.299999899999855
-16.488036824157454, 27.410353913856575, -5.299999899999855
-19.33879653750026, 25.44577789823333, -5.299999899999855
-21.965203555326482, 23.189739507663823, -5.299999899999855
-24.351608404905985, 20.681068237453033, -5.299999899999855
-26.467055167024043, 17.94027944760369, -5.299999899999855
-28.271331584392637, 14.985533361332497, -5.299999899999855
-29.731704022220644, 11.846633828622245, -5.299999899999855
-30.825754219474614, 8.562042097921417, -5.299999899999855
-31.54564709824905, 5.175614694189469, -5.299999899999855
-31.897101979639746, 1.7312191494796736, -5.299999899999855
-31.897101979495286, -1.7312191523736757, -5.299999899999855
-31.545647078073888, -5.1756146944171855, -5.299999899999855
-30.825754231825183, -8.562042104766958, -5.299999899999855
-29.731704030389988, -11.846633835227344, -5.299999899999855
-28.271331587111668, -14.98553336643868, -5.299999899999855
-26.46705512938082, -17.940279425185587, -5.299999899999855
-24.351608403017277, -20.6810682396505, -5.299999899999855
-21.965203553227497, -23.189739509661408, -5.299999899999855
-19.338796534947612, -25.445777899668993, -5.299999899999855
-16.4880368309727, -27.410353932623472, -5.299999899999855
-13.436879557692532, -29.04622055245564, -5.299999899999855
-10.219853768335524, -30.325304174796972, -5.299999899999855
-6.878780741489329, -31.23249845142654, -5.299999899999855
-3.4580245899543134, -31.766470439046696, -5.299999899999855
0.0, -31.94004363103008, -5.299999899999855
0.0, -31.94004363103008, -5.299999899999855
3.4580245899543165, -31.76647043904669, -5.299999899999855
6.878780732815694, -31.23249840920535, -5.299999899999855
10.219853768000174, -30.32530417244517, -5.299999899999855
13.436879555841587, -29.04622054003953, -5.299999899999855
16.488036824157465, -27.41035391385647, -5.299999899999855
19.338796537500254, -25.445777898233203, -5.299999899999855
21.965203555326482, -23.1897395076637, -5.299999899999855
24.351608404905967, -20.68106823745289, -5.299999899999855
26.467055167024036, -17.940279447603558, -5.299999899999855
28.271331584392613, -14.985533361332356, -5.299999899999855
29.731704022220676, -11.84663382862214, -5.299999899999855
30.825754219474685, -8.562042097921331, -5.299999899999855
31.54564709824914, -5.175614694189393, -5.299999899999855
31.897101979639835, -1.7312191494795985, -5.299999899999855
31.897101979495368, 1.7312191523737492, -5.299999899999855
31.54564707807397, 5.175614694417255, -5.299999899999855
30.825754231825236, 8.562042104767016, -5.299999899999855
29.731704030390002, 11.84663383522739, -5.299999899999855
28.271331587111668, 14.98553336643872, -5.299999899999855
26.46705512938081, 17.940279425185622, -5.299999899999855
24.351608403017277, 20.681068239650536, -5.299999899999855
21.965203553227486, 23.18973950966145, -5.299999899999855
19.338796534947598, 25.445777899669032, -5.299999899999855
16.48803683097267, 27.41035393262349, -5.299999899999855
13.436879557692508, 29.04622055245565, -5.299999899999855
10.219853768335504, 30.32530417479699, -5.299999899999855
6.8787807414893045, 31.232498451426537, -5.299999899999855
3.4580245899542925, 31.766470439046703, -5.299999899999855
-4.440892098500626e-16, 31.94004363103008, -5.299999899999855
4.618527782440651e-14, 31.824573577192158, -5.499999899999855
-3.445340905217167, 31.65110548993676, -5.499999899999855
-6.853425470836279, 31.118076816300082, -5.499999899999855
-10.182076793710333, 30.213445296664016, -5.499999899999855
-13.38730563087013, 28.93894678959357, -5.499999899999855
-16.427608681705458, 27.309623945471593, -5.499999899999855
-19.268520989113448, 25.35307547060149, -5.499999899999855
-21.885793212621447, 23.105848930400253, -5.499999899999855
-24.263259957714762, 20.60616852904154, -5.499999899999855
-26.370194444966415, 17.874811299716352, -5.499999899999855
-28.167107055099326, 14.930402877755638, -5.499999899999855
-29.621877401805193, 11.802856359418683, -5.499999899999855
-30.712376011662027, 8.530422557186503, -5.499999899999855
-31.430593574782648, 5.156583937189185, -5.499999899999855
-31.781637721797846, 1.7248814764720755, -5.499999899999855
-31.781637721654384, -1.7248814793366725, -5.499999899999855
-31.430593555060597, -5.1565839374462765, -5.499999899999855
-30.712376023959393, -8.530422563988616, -5.499999899999855
-29.62187740995304, -11.802856365983837, -5.499999899999855
-28.167107057842642, -14.930402882840033, -5.499999899999855
-26.370194407864272, -17.874811277645126, -5.499999899999855
-24.263259955845697, -20.60616853121711, -5.499999899999855
-21.885793210543586, -23.105848932377384, -5.499999899999855
-19.26852098656334, -25.353075471992167, -5.499999899999855
-16.427608688115107, -27.30962396349336, -5.499999899999855
-13.387305632738379, -28.938946801974193, -5.499999899999855
-10.182076794079713, -30.21344529910651, -5.499999899999855
-6.853425479368174, -31.118076857774863, -5.499999899999855
-3.445340905217263, -31.651105489936736, -5.499999899999855
0.0, -31.82457357719215, -5.499999899999855
0.0, -31.824573577192155, -5.499999899999855
3.4453409052172117, -31.65110548993674, -5.499999899999855
6.853425470836315, -31.11807681630001, -5.499999899999855
10.18207679371037, -30.213445296663956, -5.499999899999855
13.387305630870156, -28.93894678959348, -5.499999899999855
16.42760868170546, -27.309623945471476, -5.499999899999855
19.26852098911344, -25.353075470601354, -5.499999899999855
21.88579321262145, -23.105848930400125, -5.499999899999855
24.26325995771475, -20.606168529041398, -5.499999899999855
26.370194444966412, -17.87481129971622, -5.499999899999855
28.167107055099347, -14.930402877755517, -5.499999899999855
29.621877401805243, -11.802856359418579, -5.499999899999855
30.712376011662105, -8.53042255718641, -5.499999899999855
31.430593574782737, -5.156583937189097, -5.499999899999855
31.78163772179795, -1.7248814764719895, -5.499999899999855
31.78163772165448, 1.7248814793367582, -5.499999899999855
31.43059355506068, 5.1565839374463645, -5.499999899999855
30.712376023959465, 8.5304225639887, -5.499999899999855
29.62187740995301, 11.802856365983892, -5.499999899999855
28.16710705784264, 14.930402882840093, -5.499999899999855
26.37019440786425, 17.87481127764518, -5.499999899999855
24.263259955845687, 20.606168531217165, -5.499999899999855
21.88579321054356, 23.105848932377423, -5.499999899999855
19.268520986563324, 25.353075471992206, -5.499999899999855
16.427608688115082, 27.309623963493397, -5.499999899999855
13.387305632738341, 28.93894680197421, -5.499999899999855
10.18207679407968, 30.21344529910654, -5.499999899999855
6.853425479368144, 31.118076857774867, -5.499999899999855
3.4453409052172366, 31.65110548993674, -5.499999899999855
-4.440892098500626e-16, 31.824573577192155, -5.499999899999855
4.618527782440651e-14, 31.709103523354226, -5.699999899999855
-3.4326571516172932, 31.5357395204878, -5.699999899999855
-6.828069919321933, 31.003654062835682, -5.699999899999855
-10.144299685623942, 30.101586178447707, -5.699999899999855
-13.337731692778254, 28.831672932215163, -5.699999899999855
-16.367180067886462, 27.208893097637354, -5.699999899999855
-19.19824467174387, 25.26037207957998, -5.699999899999855
-21.806382769577183, 23.021958279486423, -5.699999899999855
-24.174910985318707, 20.5312683150507, -5.699999899999855
-26.27333262647146, 17.80934242321375, -5.699999899999855
-28.06288205753563, 14.875272211871053, -5.699999899999855
-29.512050774858956, 11.759078875141705, -5.699999899999855
-30.59899709463974, 8.498802759032069, -5.699999899999855
-31.315538734942848, 5.137552974426545, -5.699999899999855
-31.666173061074307, 1.7185438201318357, -5.699999899999855
-31.666173060932277, -1.718543822958543, -5.699999899999855
-31.31553871566852, -5.137552974703884, -5.699999899999855
-30.598997106886873, -8.498802765782841, -5.699999899999855
-29.51205078297952, -11.759078881656034, -5.699999899999855
-28.062882060319875, -14.875272216933393, -5.699999899999855
-26.273332589909938, -17.809342401478542, -5.699999899999855
-24.174910983474838, -20.531268317197956, -5.699999899999855
-21.806382767526593, -23.021958281437236, -5.699999899999855
-19.19824466920256, -25.260372080919836, -5.699999899999855
-16.36718007390752, -27.208893114925957, -5.699999899999855
-13.33773169467054, -28.831672944555326, -5.699999899999855
-10.1442996860255, -30.101586180972536, -5.699999899999855
-6.828069927695873, -31.003654103487687, -5.699999899999855
-3.4326571516173354, -31.535739520487795, -5.699999899999855
0.0, -31.709103523354226, -5.699999899999855
0.0, -31.709103523354226, -5.699999899999855
3.432657151617337, -31.53573952048778, -5.699999899999855
6.828069919321973, -31.003654062835626, -5.699999899999855
10.14429968562398, -30.101586178447654, -5.699999899999855
13.337731692778277, -28.83167293221507, -5.699999899999855
16.36718006788647, -27.208893097637244, -5.699999899999855
19.19824467174387, -25.260372079579852, -5.699999899999855
21.806382769577176, -23.02195827948629, -5.699999899999855
24.174910985318707, -20.53126831505057, -5.699999899999855
26.273332626471465, -17.80934242321363, -5.699999899999855
28.06288205753563, -14.87527221187093, -5.699999899999855
29.512050774859, -11.75907887514161, -5.699999899999855
30.598997094639824, -8.498802759031985, -5.699999899999855
31.31553873494294, -5.137552974426468, -5.699999899999855
31.66617306107441, -1.718543820131756, -5.699999899999855
31.666173060932376, 1.7185438229586223, -5.699999899999855
31.31553871566861, 5.137552974703954, -5.699999899999855
30.598997106886962, 8.498802765782902, -5.699999899999855
29.512050782979568, 11.759078881656075, -5.699999899999855
28.06288206031988, 14.875272216933405, -5.699999899999855
26.273332589909945, 17.80934240147856, -5.699999899999855
24.174910983474835, 20.53126831719796, -5.699999899999855
21.8063827675266, 23.02195828143725, -5.699999899999855
19.198244669202566, 25.260372080919858, -5.699999899999855
16.367180073907562, 27.20889311492602, -5.699999899999855
13.337731694670603, 28.83167294455545, -5.699999899999855
10.144299686025507, 30.101586180972525, -5.699999899999855
6.828069927695876, 31.00365410348769, -5.699999899999855
3.4326571516173345, 31.535739520487773, -5.699999899999855
-4.440892098500626e-16, 31.709103523354226, -5.699999899999855
4.618527782440651e-14, 31.593633469516302, -5.899999899999855
-3.4199733277916122, 31.42037251798854, -5.899999899999855
-6.802714074709293, 30.889230137058988, -5.899999899999855
-10.106522442383858, 29.98972681568534, -5.899999899999855
-13.288157741532917, 28.724398966927023, -5.899999899999855
-16.30675097851039, 27.108161361457316, -5.899999899999855
-19.12796757675406, 25.167667713356774, -5.899999899999855
-21.726972224794547, 22.93806755377705, -5.899999899999855
-24.086561480555908, 20.45636758908468, -5.899999899999855
-26.176469699392918, 17.743872810834066, -5.899999899999855
-27.958656587284732, 14.820141362249405, -5.899999899999855
-29.40222414133534, 11.7153013756341, -5.899999899999855
-30.485617461807262, 8.467182700648655, -5.899999899999855
-31.20048256399339, 5.118521802911952, -5.899999899999855
-31.550707991877356, 1.7122061804755315, -5.899999899999855
-31.550707991737205, -1.7122061832555713, -5.899999899999855
-31.200482545161364, -5.1185218032000765, -5.899999899999855
-30.485617474006773, -8.467182707339733, -5.899999899999855
-29.40222414942279, -11.715301382086349, -5.899999899999855
-27.958656590126775, -14.820141367289155, -5.899999899999855
-26.176469663371513, -17.74387278942362, -5.899999899999855
-24.08656147874295, -20.456367591196898, -5.899999899999855
-21.726972222777626, -22.93806755569547, -5.899999899999855
-19.127967574228073, -25.16766771463979, -5.899999899999855
-16.3067509841605, -27.10816137802514, -5.899999899999855
-13.28815774345617, -28.72439897922119, -5.899999899999855
-10.106522442815656, -29.989726818282975, -5.899999899999855
-6.802714082908546, -30.889230176808642, -5.899999899999855
-3.4199733277916544, -31.420372517988547, -5.899999899999855
0.0, -31.593633469516302, -5.899999899999855
0.0, -31.593633469516302, -5.899999899999855
3.419973327791657, -31.420372517988536, -5.899999899999855
6.802714074709325, -30.88923013705892, -5.899999899999855
10.106522442383893, -29.98972681568528, -5.899999899999855
13.288157741532945, -28.724398966926945, -5.899999899999855
16.3067509785104, -27.108161361457206, -5.899999899999855
19.12796757675406, -25.167667713356654, -5.899999899999855
21.726972224794537, -22.93806755377692, -5.899999899999855
24.086561480555897, -20.456367589084557, -5.899999899999855
26.17646969939292, -17.74387281083395, -5.899999899999855
27.958656587284718, -14.820141362249284, -5.899999899999855
29.4022241413354, -11.71530137563402, -5.899999899999855
30.485617461807337, -8.467182700648578, -5.899999899999855
31.200482563993486, -5.118521802911882, -5.899999899999855
31.550707991877466, -1.7122061804754671, -5.899999899999855
31.550707991737312, 1.7122061832556348, -5.899999899999855
31.200482545161464, 5.1185218032001325, -5.899999899999855
30.485617474006894, 8.467182707339795, -5.899999899999855
29.402224149422832, 11.715301382086382, -5.899999899999855
27.958656590126818, 14.820141367289194, -5.899999899999855
26.176469663371524, 17.743872789423637, -5.899999899999855
24.086561478742954, 20.45636759119692, -5.899999899999855
21.726972222777626, 22.938067555695483, -5.899999899999855
19.12796757422808, 25.16766771463981, -5.899999899999855
16.3067509841605, 27.108161378025155, -5.899999899999855
13.288157743456177, 28.72439897922122, -5.899999899999855
10.10652244281565, 29.98972681828299, -5.899999899999855
6.802714082908544, 30.889230176808635, -5.899999899999855
3.4199733277916495, 31.420372517988532, -5.899999899999855
-4.440892098500626e-16, 31.593633469516302, -5.899999899999855
4.263256414560601e-14, 31.478163415678377, -6.0999998999998555
-3.4072894323465586, 31.305004469519425, -6.0999998999998555
-6.777357933378336, 30.77480502706067, -6.0999998999998555
-10.068745062614553, 29.877867206241874, -6.0999998999998555
-13.23858377710202, 28.61712489273986, -6.0999998999998555
-16.246321409339444, 27.007428727916356, -6.0999998999998555
-19.05768969537967, 25.074962359929714, -6.0999998999998555
-21.647561576848293, 22.85417675210361, -6.0999998999998555
-23.998211436136003, 20.381466344640756, -6.0999998999998555
-26.079605651407846, 17.678402455221633, -6.0999998999998555
-27.854430639874685, 14.765010327447625, -6.0999998999998555
-29.292397501187462, 11.671523860736398, -6.0999998999998555
-30.37223710648346, 8.435562379186358, -6.0999998999998555
-31.08542504698169, 5.099490419601182, -6.0999998999998555
-31.43524250851255, 1.7058685575165748, -6.0999998999998555
-31.435242508374728, -1.7058685602409718, -6.0999998999998555
-31.085425028586478, -5.099490419890449, -6.0999998999998555
-30.37223711863752, -8.435562385809087, -6.0999998999998555
-29.29239750923568, -11.671523867115022, -6.0999998999998555
-27.854430642791474, -14.765010332464112, -6.0999998999998555
-26.079605615925974, -17.678402434124433, -6.0999998999998555
-23.998211434359792, -20.38146634671112, -6.0999998999998555
-21.64756157487155, -22.85417675398346, -6.0999998999998555
-19.05768969287567, -25.074962361149836, -6.0999998999998555
-16.246321414636707, -27.007428743776334, -6.0999998999998555
-13.238583779063124, -28.61712490498216, -6.0999998999998555
-10.068745063074285, -29.877867208901762, -6.0999998999998555
-6.777357941385428, -30.77480506582527, -6.0999998999998555
-3.4072894323466083, -31.30500446951939, -6.0999998999998555
0.0, -31.478163415678374, -6.0999998999998555
0.0, -31.478163415678377, -6.0999998999998555
3.4072894323465985, -31.30500446951938, -6.0999998999998555
6.777357933378372, -30.7748050270606, -6.0999998999998555
10.068745062614578, -29.877867206241767, -6.0999998999998555
13.23858377710206, -28.61712489273978, -6.0999998999998555
16.246321409339465, -27.007428727916245, -6.0999998999998555
19.057689695379675, -25.07496235992959, -6.0999998999998555
21.647561576848304, -22.854176752103474, -6.0999998999998555
23.998211436136014, -20.38146634464062, -6.0999998999998555
26.07960565140786, -17.6784024552215, -6.0999998999998555
27.85443063987473, -14.765010327447508, -6.0999998999998555
29.292397501187526, -11.671523860736292, -6.0999998999998555
30.372237106483546, -8.435562379186258, -6.0999998999998555
31.085425046981793, -5.099490419601085, -6.0999998999998555
31.43524250851266, -1.7058685575164776, -6.0999998999998555
31.435242508374845, 1.7058685602410675, -6.0999998999998555
31.085425028586577, 5.099490419890544, -6.0999998999998555
30.372237118637624, 8.435562385809192, -6.0999998999998555
29.29239750923573, 11.671523867115113, -6.0999998999998555
27.85443064279146, 14.765010332464186, -6.0999998999998555
26.07960561592596, 17.678402434124504, -6.0999998999998555
23.998211434359774, 20.381466346711196, -6.0999998999998555
21.647561574871524, 22.854176753983523, -6.0999998999998555
19.057689692875638, 25.074962361149886, -6.0999998999998555
16.246321414636764, 27.00742874377652, -6.0999998999998555
13.238583779063122, 28.61712490498227, -6.0999998999998555
10.06874506307424, 29.87786720890177, -6.0999998999998555
6.777357941385384, 30.77480506582528, -6.0999998999998555
3.4072894323465635, 31.305004469519403, -6.0999998999998555
-8.881784197001252e-16, 31.478163415678377, -6.0999998999998555
4.263256414560601e-14, 31.362693361840453, -6.299999899999856
-3.3946054638572196, 31.189635361948174, -6.299999899999856
-6.752001491651311, 30.66037872077295, -6.299999899999856
-10.030967544921685, 29.766007347957633, -6.299999899999856
-13.1890097994544, 28.509850708652245, -6.299999899999856
-16.185891356087495, 26.90669518787883, -6.299999899999856
-18.987411018727236, 24.982256007102784, -6.299999899999856
-21.568150824286512, 22.77028587327376, -6.299999899999856
-23.90986084463749, 20.306564575107156, -6.299999899999856
-25.98274047001355, 17.612931348925468, -6.299999899999856
-27.750204210777586, 14.709879106008723, -6.299999899999856
-29.182570854368052, 11.62774633028681, -6.299999899999856
-30.25885602190537, 8.403941791754125, -6.299999899999856
-30.970366168734902, 5.080458821394207, -6.299999899999856
-31.319776605180426, 1.6995309512650545, -6.299999899999856
-31.319776605045426, -1.6995309539247925, -6.299999899999856
-30.97036615077093, -5.080458821674891, -6.299999899999856
-30.258856034015725, -8.40394179829967, -6.299999899999856
-29.182570862370675, -11.627746336580127, -6.299999899999856
-27.750204213785974, -14.70987911100117, -6.299999899999856
-25.982740435070482, -17.612931328129843, -6.299999899999856
-23.90986084290388, -20.30656457712881, -6.299999899999856
-21.568150822356486, -22.77028587510884, -6.299999899999856
-18.987411016251965, -24.982256008253927, -6.299999899999856
-16.1858913610505, -26.90669520304453, -6.299999899999856
-13.1890098014602, -28.509850720836432, -6.299999899999856
-10.030967545406742, -29.766007350668268, -6.299999899999856
-6.752001499447969, -30.66037875846652, -6.299999899999856
-3.3946054638572605, -31.18963536194813, -6.299999899999856
0.0, -31.36269336184045, -6.299999899999856
0.0, -31.362693361840453, -6.299999899999856
3.3946054638572574, -31.18963536194813, -6.299999899999856
6.752001491651343, -30.660378720772876, -6.299999899999856
10.030967544921726, -29.766007347957586, -6.299999899999856
13.189009799454421, -28.509850708652152, -6.299999899999856
16.185891356087506, -26.90669518787873, -6.299999899999856
18.98741101872723, -24.982256007102663, -6.299999899999856
21.568150824286516, -22.770285873273643, -6.299999899999856
23.90986084463749, -20.30656457510704, -6.299999899999856
25.98274047001356, -17.612931348925358, -6.299999899999856
27.750204210777618, -14.709879106008623, -6.299999899999856
29.18257085436812, -11.627746330286726, -6.299999899999856
30.25885602190545, -8.403941791754049, -6.299999899999856
30.970366168734998, -5.080458821394137, -6.299999899999856
31.319776605180554, -1.6995309512649879, -6.299999899999856
31.319776605045544, 1.69953095392486, -6.299999899999856
30.97036615077103, 5.080458821674962, -6.299999899999856
30.258856034015796, 8.403941798299728, -6.299999899999856
29.182570862370724, 11.627746336580177, -6.299999899999856
27.75020421378597, 14.709879111001198, -6.299999899999856
25.982740435070497, 17.61293132812987, -6.299999899999856
23.909860842903907, 20.30656457712884, -6.299999899999856
21.5681508223565, 22.77028587510886, -6.299999899999856
18.98741101625197, 24.98225600825394, -6.299999899999856
16.185891361050533, 26.906695203044595, -6.299999899999856
13.189009801460209, 28.509850720836443, -6.299999899999856
10.030967545406748, 29.76600735066827, -6.299999899999856
6.752001499447978, 30.66037875846652, -6.299999899999856
3.394605463857264, 31.18963536194811, -6.299999899999856
-8.881784197001252e-16, 31.362693361840453, -6.299999899999856
4.263256414560601e-14, 31.24722330800251, -6.499999899999856
-3.381921420598497, 31.0742651819535, -6.499999899999856
-6.726644745264535, 30.545951206079778, -6.499999899999856
-9.993189887125107, 29.6541472389046, -6.499999899999856
-13.139435807582243, 28.402576414104647, -6.499999899999856
-16.125460814120057, 26.8059607342219, -6.499999899999856
-18.91713153563586, 24.889548642400413, -6.499999899999856
-21.48873996364506, 22.686394916725476, -6.499999899999856
-23.821509697876564, 20.23166227603659, -6.499999899999856
-25.885874110996156, 17.547459465637065, -6.499999899999856
-27.645977345173247, 14.654747725074312, -6.499999899999856
-29.072744200696647, 11.583968784455184, -6.499999899999856
-30.145474201061386, 8.372320936025735, -6.499999899999856
-30.855305898585062, 5.06142700433365, -6.499999899999856
-31.204310275855573, 1.693193362910899, -6.499999899999856
-31.20431027585558, -1.693193362910837, -6.499999899999856
-30.855305915707284, -5.061427006510152, -6.499999899999856
-30.145474210933845, -8.3723209411494, -6.499999899999856
-29.07274418076183, -11.583968779384954, -6.499999899999856
-27.64597729848295, -14.654747701508338, -6.499999899999856
-25.88587415345955, -17.547459494800865, -6.499999899999856
-23.821509697876575, -20.23166227603652, -6.499999899999856
-21.48873996364507, -22.6863949167254, -6.499999899999856
-18.917131535635864, -24.88954864240033, -6.499999899999856
-16.125460787280097, -26.805960693437076, -6.499999899999856
-13.139435782468208, -28.402576363345062, -6.499999899999856
-9.993189887632488, -29.65414724165316, -6.499999899999856
-6.726644752831747, -30.54595124261302, -6.499999899999856
-3.381921420598521, -31.074265181953482, -6.499999899999856
0.0, -31.24722330800251, -6.499999899999856
4.440892098500626e-16, -31.24722330800251, -6.499999899999856
3.3819214205985366, -31.07426518195347, -6.499999899999856
6.7266447452645695, -30.545951206079724, -6.499999899999856
9.993189887125128, -29.65414723890451, -6.499999899999856
13.139435807582258, -28.402576414104544, -6.499999899999856
16.125460814120068, -26.805960734221795, -6.499999899999856
18.91713153563586, -24.889548642400285, -6.499999899999856
21.488739963645063, -22.68639491672535, -6.499999899999856
23.821509697876564, -20.231662276036467, -6.499999899999856
25.885874110996166, -17.54745946563695, -6.499999899999856
27.645977345173293, -14.654747725074222, -6.499999899999856
29.072744200696707, -11.583968784455104, -6.499999899999856
30.145474201061468, -8.372320936025668, -6.499999899999856
30.855305898585108, -5.06142700433358, -6.499999899999856
31.20431027585569, -1.6931933629108404, -6.499999899999856
31.2043102758557, 1.6931933629108904, -6.499999899999856
30.855305915707387, 5.061427006510195, -6.499999899999856
30.145474210933912, 8.372320941149438, -6.499999899999856
29.07274418076189, 11.58396877938498, -6.499999899999856
27.64597729848296, 14.654747701508338, -6.499999899999856
25.885874153459604, 17.547459494800894, -6.499999899999856
23.821509697876607, 20.231662276036527, -6.499999899999856
21.488739963645106, 22.686394916725416, -6.499999899999856
18.917131535635892, 24.889548642400342, -6.499999899999856
16.125460787280105, 26.80596069343705, -6.499999899999856
13.139435782468253, 28.40257636334509, -6.499999899999856
9.993189887632514, 29.654147241653146, -6.499999899999856
6.726644752831774, 30.545951242613018, -6.499999899999856
3.381921420598549, 31.074265181953464, -6.499999899999856
-4.440892098500626e-16, 31.24722330800251, -6.499999899999856
4.263256414560601e-14, 31.1317532541646, -6.699999899999856
-3.3692373016253265, 30.958893915908817, -6.699999899999856
-6.701287691492719, 30.431522470359113, -6.699999899999856
-9.955412089350904, 29.54228687635271, -6.699999899999856
-13.089861803443524, 28.295302007147143, -6.699999899999856
-16.065029779586375, 26.70522535309738, -6.699999899999856
-18.846851241243257, 24.796840253333773, -6.699999899999856
-21.40932899746866, 22.602503879904905, -6.699999899999856
-23.733157989414476, 20.156759435947937, -6.699999899999856
-25.789006624935073, 17.48198683541945, -6.699999899999856
-27.541749937726557, 14.599616125246245, -6.699999899999856
-28.96291754039515, 11.540191222396391, -6.699999899999856
-30.03209163735752, 8.340699807792527, -6.699999899999856
-30.740244251971145, 5.0423949668310355, -6.699999899999856
-31.088843514765898, 1.6868557900524621, -6.699999899999856
-31.088843514765905, -1.6868557900523562, -6.699999899999856
-30.74024426857724, -5.042394968946162, -6.699999899999856
-30.03209164711902, -8.340699812819482, -6.699999899999856
-28.962917521037554, -11.540191217473025, -6.699999899999856
-27.541749892325782, -14.599616102339148, -6.699999899999856
-25.789006666272062, -17.481986863797264, -6.699999899999856
-23.733157989414504, -20.156759435947833, -6.699999899999856
-21.409328997468684, -22.6025038799048, -6.699999899999856
-18.846851241243282, -24.79684025333367, -6.699999899999856
-16.065029753317585, -26.70522531312581, -6.699999899999856
-13.08986177902548, -28.295301957784098, -6.699999899999856
-9.955412089877376, -29.542286879125353, -6.699999899999856
-6.701287698810704, -30.43152250563921, -6.699999899999856
-3.369237301625375, -30.95889391590882, -6.699999899999856
0.0, -31.1317532541646, -6.699999899999856
0.0, -31.131753254164586, -6.699999899999856
3.36923730162537, -30.958893915908806, -6.699999899999856
6.701287691492755, -30.431522470359052, -6.699999899999856
9.955412089350936, -29.542286876352634, -6.699999899999856
13.089861803443561, -28.295302007147082, -6.699999899999856
16.065029779586386, -26.705225353097266, -6.699999899999856
18.846851241243254, -24.79684025333365, -6.699999899999856
21.40932899746865, -22.602503879904773, -6.699999899999856
23.733157989414472, -20.15675943594782, -6.699999899999856
25.78900662493508, -17.48198683541934, -6.699999899999856
27.541749937726596, -14.599616125246152, -6.699999899999856
28.962917540395214, -11.540191222396306, -6.699999899999856
30.032091637357617, -8.340699807792452, -6.699999899999856
30.74024425197125, -5.042394966830966, -6.699999899999856
31.088843514766, -1.6868557900523955, -6.699999899999856
31.088843514766022, 1.6868557900524301, -6.699999899999856
30.74024426857734, 5.042394968946233, -6.699999899999856
30.032091647119103, 8.340699812819551, -6.699999899999856
28.96291752103761, 11.540191217473081, -6.699999899999856
27.541749892325814, 14.599616102339189, -6.699999899999856
25.78900666627203, 17.48198686379727, -6.699999899999856
23.73315798941452, 20.15675943594787, -6.699999899999856
21.409328997468688, 22.602503879904805, -6.699999899999856
18.8468512412433, 24.79684025333369, -6.699999899999856
16.065029753317603, 26.705225313125833, -6.699999899999856
13.089861779025481, 28.295301957784094, -6.699999899999856
9.955412089877385, 29.542286879125356, -6.699999899999856
6.70128769881071, 30.431522505639215, -6.699999899999856
3.3692373016253856, 30.958893915908828, -6.699999899999856
-8.881784197001252e-16, 31.1317532541646, -6.699999899999856
4.263256414560601e-14, 31.01628320032666, -6.899999899999856
-3.3565531051379667, 30.843521550046496, -6.899999899999856
-6.675930325935488, 30.317092501167853, -6.899999899999856
-9.917634149357276, 29.430426258330552, -6.899999899999856
-13.040287786004013, 28.188027487208473, -6.899999899999856
-16.004598247824674, 26.604489037330133, -6.899999899999856
-18.77657012409929, 24.70413082707451, -6.899999899999856
-21.329917922158142, 22.51861276219627, -6.899999899999856
-23.64480571079858, 20.081856050252405, -6.899999899999856
-25.692137966848684, 17.416513431570007, -6.899999899999856
-27.437522034524687, 14.544484334245416, -6.899999899999856
-28.853090873278486, 11.496413644285255, -6.899999899999856
-29.91870832360757, 8.30907840466005, -6.899999899999856
-30.62518119721393, 5.023362704778406, -6.899999899999856
-30.97337631565599, 1.680518233906638, -6.899999899999856
-30.973376315656, -1.6805182339065523, -6.899999899999856
-30.62518121332929, -5.0233627068356315, -6.899999899999856
-29.918708333216845, -8.309078409571088, -6.899999899999856
-28.85309085456223, -11.496413639525095, -6.899999899999856
-27.437521990569245, -14.544484312075475, -6.899999899999856
-25.69213800707179, -17.41651345917118, -6.899999899999856
-23.644805710798597, -20.0818560502523, -6.899999899999856
-21.32991792215816, -22.51861276219617, -6.899999899999856
-18.77657012409931, -24.70413082707441, -6.899999899999856
-16.004598222230317, -26.60448899833262, -6.899999899999856
-13.040287762364972, -28.18802743941043, -6.899999899999856
-9.917634149899154, -29.430426261112217, -6.899999899999856
-6.675930332983577, -30.31709253509846, -6.899999899999856
-3.356553105138009, -30.84352155004647, -6.899999899999856
0.0, -31.01628320032666, -6.899999899999856
4.440892098500626e-16, -31.01628320032666, -6.899999899999856
3.3565531051380075, -30.843521550046475, -6.899999899999856
6.6759303259355205, -30.31709250116778, -6.899999899999856
9.917634149357307, -29.43042625833048, -6.899999899999856
13.040287786004047, -28.18802748720841, -6.899999899999856
16.00459824782468, -26.604489037330026, -6.899999899999856
18.77657012409929, -24.704130827074394, -6.899999899999856
21.32991792215814, -22.51861276219615, -6.899999899999856
23.64480571079857, -20.081856050252277, -6.899999899999856
25.692137966848698, -17.416513431569907, -6.899999899999856
27.437522034524726, -14.544484334245329, -6.899999899999856
28.853090873278553, -11.496413644285187, -6.899999899999856
29.918708323607664, -8.309078404659989, -6.899999899999856
30.62518119721397, -5.0233627047783385, -6.899999899999856
30.973376315656118, -1.680518233906582, -6.899999899999856
30.973376315656104, 1.6805182339066063, -6.899999899999856
30.6251812133294, 5.023362706835681, -6.899999899999856
29.918708333216944, 8.309078409571136, -6.899999899999856
28.853090854562293, 11.496413639525128, -6.899999899999856
27.437521990569294, 14.544484312075515, -6.899999899999856
25.692138007071794, 17.41651345917118, -6.899999899999856
23.644805710798643, 20.08185605025232, -6.899999899999856
21.329917922158174, 22.518612762196163, -6.899999899999856
18.776570124099337, 24.704130827074422, -6.899999899999856
16.004598222230353, 26.604488998332634, -6.899999899999856
13.040287762365006, 28.18802743941043, -6.899999899999856
9.917634149899182, 29.43042626111221, -6.899999899999856
6.675930332983609, 30.317092535098453, -6.899999899999856
3.356553105138038, 30.84352155004646, -6.899999899999856
-4.440892098500626e-16, 31.01628320032666, -6.899999899999856
4.263256414560601e-14, 30.900813146488733, -7.099999899999856
-3.3438688295778753, 30.728148070339973, -7.099999899999856
-6.650572644672529, 30.202661285777644, -7.099999899999856
-9.879856065671643, 29.31856538257735, -7.099999899999856
-12.990713755236634, 28.08075285323664, -7.099999899999856
-15.944166214348918, 26.5037517772823, -7.099999899999856
-18.706288174770318, 24.61142035061177, -7.099999899999856
-21.250506736148424, 22.434721562305963, -7.099999899999856
-23.55645285405236, 20.006952111878697, -7.099999899999856
-25.59526812348195, 17.351039246241264, -7.099999899999856
-27.333293630803638, 14.489352350556377, -7.099999899999856
-28.743264199297847, 11.452636049950566, -7.099999899999856
-29.80532425270865, 8.277456723565358, -7.099999899999856
-30.510116718219056, 5.004330214840192, -7.099999899999856
-30.85790867228166, 1.6741806944690065, -7.099999899999856
-30.857908672281667, -1.6741806944689133, -7.099999899999856
-30.51011673386907, -5.00433021684288, -7.099999899999856
-29.80532426212192, -8.277456728340306, -7.099999899999856
-28.743264181288133, -11.452636045370136, -7.099999899999856
-27.33329358845206, -14.48935232920308, -7.099999899999856
-25.595268162603737, -17.35103927307507, -7.099999899999856
-23.556452854052388, -20.006952111878604, -7.099999899999856
-21.250506736148452, -22.434721562305867, -7.099999899999856
-18.706288174770343, -24.611420350611663, -7.099999899999856
-15.944166189533956, -26.50375173942242, -7.099999899999856
-12.990713732461229, -28.080752807175323, -7.099999899999856
-9.879856066224923, -29.31856538535173, -7.099999899999856
-6.650572651429269, -30.202661318258762, -7.099999899999856
-3.3438688295779344, -30.72814807033993, -7.099999899999856
0.0, -30.900813146488733, -7.099999899999856
4.440892098500626e-16, -30.900813146488733, -7.099999899999856
3.3438688295779144, -30.72814807033992, -7.099999899999856
6.650572644672568, -30.202661285777587, -7.099999899999856
9.879856065671673, -29.318565382577265, -7.099999899999856
12.990713755236676, -28.080752853236582, -7.099999899999856
15.944166214348936, -26.503751777282194, -7.099999899999856
18.706288174770325, -24.61142035061164, -7.099999899999856
21.250506736148438, -22.434721562305842, -7.099999899999856
23.556452854052374, -20.006952111878576, -7.099999899999856
25.595268123481972, -17.35103924624115, -7.099999899999856
27.33329363080369, -14.489352350556288, -7.099999899999856
28.74326419929792, -11.452636049950481, -7.099999899999856
29.80532425270875, -8.277456723565276, -7.099999899999856
30.510116718219177, -5.004330214840114, -7.099999899999856
30.857908672281777, -1.6741806944689301, -7.099999899999856
30.85790867228178, 1.674180694468986, -7.099999899999856
30.51011673386917, 5.004330216842949, -7.099999899999856
29.805324262122014, 8.277456728340374, -7.099999899999856
28.743264181288183, 11.452636045370193, -7.099999899999856
27.333293588452104, 14.489352329203133, -7.099999899999856
25.595268162603737, 17.351039273075095, -7.099999899999856
23.55645285405239, 20.006952111878626, -7.099999899999856
21.250506736148456, 22.434721562305896, -7.099999899999856
18.706288174770346, 24.611420350611695, -7.099999899999856
15.944166189533947, 26.503751739422437, -7.099999899999856
12.99071373246121, 28.08075280717533, -7.099999899999856
9.8798560662249, 29.318565385351732, -7.099999899999856
6.6505726514292425, 30.202661318258766, -7.099999899999856
3.3438688295779038, 30.728148070339905, -7.099999899999856
-4.440892098500626e-16, 30.900813146488733, -7.099999899999856
4.263256414560601e-14, 30.785343092650812, -7.2999998999998565
-3.3311844733508833, 30.61277346252744, -7.2999998999998565
-6.6252146437199, 30.088228811288214, -7.2999998999998565
-9.84207783680098, 29.20670424680607, -7.2999998999998565
-12.941139711115493, 27.973478104166624, -7.2999998999998565
-15.883733674621379, 26.40301356318513, -7.2999998999998565
-18.636005383681404, 24.518708810720554, -7.2999998999998565
-21.17109543784442, 22.3508302789134, -7.2999998999998565
-23.46809941105275, 19.93204761363463, -7.2999998999998565
-25.49839708138318, 17.285564271482695, -7.2999998999998565
-27.229064721738727, 14.434220172649002, -7.2999998999998565
-28.633437518404065, 11.408858439218573, -7.2999998999998565
-29.691939417469666, 8.245834761400484, -7.2999998999998565
-30.395050798651187, 4.985297493618561, -7.2999998999998565
-30.742440578281006, 1.6678431717310298, -7.2999998999998565
-30.742440578281013, -1.6678431717309474, -7.2999998999998565
-30.395050813861122, -4.985297495570124, -7.2999998999998565
-29.69193942664055, -8.245834766018332, -7.2999998999998565
-28.63343750116712, -11.408858434834702, -7.2999998999998565
-27.22906468115233, -14.434220152193124, -7.2999998999998565
-25.498397119416286, -17.285564297558484, -7.2999998999998565
-23.468099411052787, -19.93204761363455, -7.2999998999998565
-21.171095437844443, -22.3508302789133, -7.2999998999998565
-18.636005383681425, -24.518708810720454, -7.2999998999998565
-15.88373365069244, -26.403013526629266, -7.2999998999998565
-12.941139689289878, -27.973478060017005, -7.2999998999998565
-9.84207783736124, -29.20670424955563, -7.2999998999998565
-6.625214650162882, -30.088228842216033, -7.2999998999998565
-3.3311844733509264, -30.61277346252744, -7.2999998999998565
0.0, -30.78534309265081, -7.2999998999998565
0.0, -30.78534309265081, -7.2999998999998565
3.3311844733509237, -30.61277346252742, -7.2999998999998565
6.625214643719935, -30.088228811288158, -7.2999998999998565
9.84207783680101, -29.206704246805998, -7.2999998999998565
12.941139711115515, -27.973478104166535, -7.2999998999998565
15.883733674621393, -26.403013563185027, -7.2999998999998565
18.636005383681407, -24.518708810720433, -7.2999998999998565
21.17109543784443, -22.35083027891328, -7.2999998999998565
23.468099411052773, -19.932047613634527, -7.2999998999998565
25.4983970813832, -17.28556427148259, -7.2999998999998565
27.22906472173877, -14.434220172648914, -7.2999998999998565
28.63343751840414, -11.4088584392185, -7.2999998999998565
29.69193941746976, -8.245834761400419, -7.2999998999998565
30.39505079865133, -4.985297493618503, -7.2999998999998565
30.742440578281112, -1.6678431717309676, -7.2999998999998565
30.742440578281144, 1.667843171731012, -7.2999998999998565
30.39505081386124, 4.985297495570187, -7.2999998999998565
29.69193942664064, 8.245834766018389, -7.2999998999998565
28.633437501167183, 11.408858434834753, -7.2999998999998565
27.229064681152348, 14.434220152193156, -7.2999998999998565
25.498397119416385, 17.285564297558565, -7.2999998999998565
23.468099411052815, 19.93204761363458, -7.2999998999998565
21.171095437844468, 22.350830278913328, -7.2999998999998565
18.636005383681443, 24.518708810720472, -7.2999998999998565
15.88373365069247, 26.40301352662931, -7.2999998999998565
12.941139689289884, 27.97347806001698, -7.2999998999998565
9.842077837361252, 29.206704249555628, -7.2999998999998565
6.625214650162892, 30.088228842216036, -7.2999998999998565
3.331184473350941, 30.612773462527404, -7.2999998999998565
0.0, 30.78534309265081, -7.2999998999998565
4.263256414560601e-14, 30.669873038812884, -7.499999899999857
-3.318500034826281, 30.497397712107244, -7.499999899999857
-6.599856319028734, 29.973795064624433, -7.499999899999857
-9.804299461231482, 29.09484284870314, -7.499999899999857
-12.891565653615821, 27.86620323891997, -7.499999899999857
-15.823300624051937, 26.302274385136823, -7.499999899999857
-18.565721741113745, 24.42599619395746, -7.499999899999857
-21.091684025620275, 22.26693891067033, -7.499999899999857
-23.37974537352672, 19.85714254820456, -7.499999899999857
-25.40152482690045, 17.22008849923917, -7.499999899999857
-27.12483530244365, 14.379087798978386, -7.499999899999857
-28.523610830547554, 11.365080811913032, -7.499999899999857
-29.57855381060995, 8.21421251501175, -7.499999899999857
-30.27998342192959, 4.966264537652143, -7.499999899999857
-30.626972027171668, 1.6615056656799851, -7.499999899999857
-30.626972027171668, -1.6615056656799243, -7.499999899999857
-30.279983436724564, -4.966264539555969, -7.499999899999857
-29.578553819489382, -8.21421251945055, -7.499999899999857
-28.52361081415072, -11.365080807742814, -7.499999899999857
-27.12483526378654, -14.379087779502033, -7.499999899999857
-25.40152486385751, -17.220088524566304, -7.499999899999857
-23.379745373526728, -19.857142548204482, -7.499999899999857
-21.091684025620278, -22.266938910670248, -7.499999899999857
-18.565721741113748, -24.425996193957374, -7.499999899999857
-15.823300601117358, -26.30227435005425, -7.499999899999857
-12.891565632827808, -27.866203196860415, -7.499999899999857
-9.804299461793947, -29.09484285140904, -7.499999899999857
-6.59985632513468, -29.97379509389125, -7.499999899999857
-3.31850003482631, -30.497397712107226, -7.499999899999857
0.0, -30.669873038812884, -7.499999899999857
4.440892098500626e-16, -30.669873038812884, -7.499999899999857
3.3185000348263216, -30.497397712107215, -7.499999899999857
6.59985631902877, -29.97379506462438, -7.499999899999857
9.804299461231523, -29.0948428487031, -7.499999899999857
12.891565653615842, -27.866203238919876, -7.499999899999857
15.823300624051953, -26.302274385136723, -7.499999899999857
18.565721741113745, -24.425996193957342, -7.499999899999857
21.091684025620278, -22.266938910670216, -7.499999899999857
23.379745373526728, -19.857142548204454, -7.499999899999857
25.401524826900474, -17.22008849923908, -7.499999899999857
27.124835302443685, -14.379087798978304, -7.499999899999857
28.52361083054762, -11.365080811912964, -7.499999899999857
29.578553810610043, -8.214212515011692, -7.499999899999857
30.27998342192977, -4.966264537652102, -7.499999899999857
30.626972027171785, -1.6615056656799359, -7.499999899999857
30.626972027171785, 1.6615056656799672, -7.499999899999857
30.27998343672467, 4.966264539556019, -7.499999899999857
29.57855381948948, 8.214212519450594, -7.499999899999857
28.523610814150786, 11.365080807742856, -7.499999899999857
27.124835263786583, 14.379087779502061, -7.499999899999857
25.401524863857528, 17.220088524566325, -7.499999899999857
23.379745373526774, 19.857142548204518, -7.499999899999857
21.09168402562031, 22.266938910670262, -7.499999899999857
18.56572174111378, 24.425996193957392, -7.499999899999857
15.823300601117387, 26.302274350054258, -7.499999899999857
12.891565632827831, 27.866203196860415, -7.499999899999857
9.804299461793965, 29.094842851409044, -7.499999899999857
6.5998563251346996, 29.973795093891244, -7.499999899999857
3.318500034826325, 30.49739771210722, -7.499999899999857
-8.881784197001252e-16, 30.669873038812884, -7.499999899999857
4.263256414560601e-14, 30.554402984974956, -7.699999899999857
-3.3058155123047746, 30.38202080394125, -7.699999899999857
-6.574497668009266, 29.85936003988863, -7.699999899999857
-9.766520938091343, 28.98298118794752, -7.699999899999857
-12.841991582527983, 27.758928256491146, -7.699999899999857
-15.762867057829768, 26.201534233201926, -7.699999899999857
-18.495437237053743, 24.333282486769846, -7.699999899999857
-21.01227249768979, 22.183047456322438, -7.699999899999857
-23.291390732938417, 19.78223690827476, -7.699999899999857
-25.304651346088033, 17.15461192148075, -7.699999899999857
-27.020605367898852, 14.323955228117125, -7.699999899999857
-28.41378413562625, 11.321303167986011, -7.699999899999857
-29.465167424723074, 8.182589981325863, -7.699999899999857
-30.164914571204136, 4.9472313435355, -7.699999899999857
-30.511503012342104, 1.6551681764118946, -7.699999899999857
-30.511503012353398, -1.6551681761946866, -7.699999899999857
-30.164914585643466, -4.9472313451802306, -7.699999899999857
-29.465167433316765, -8.182589985353012, -7.699999899999857
-28.41378412021837, -11.321303163844776, -7.699999899999857
-27.020605331440336, -14.323955209511807, -7.699999899999857
-25.30465138210449, -17.154611945889098, -7.699999899999857
-23.29139073307969, -19.782236908109393, -7.699999899999857
-21.01227249784748, -22.18304745617264, -7.699999899999857
-18.495437237226326, -24.333282486637497, -7.699999899999857
-15.76286703618554, -26.201534199651995, -7.699999899999857
-12.84199156306426, -27.758928216611867, -7.699999899999857
-9.76652093782095, -28.982981188021366, -7.699999899999857
-6.574497672186715, -29.859360059739192, -7.699999899999857
-3.3058155123048296, -30.38202080394122, -7.699999899999857
0.0, -30.554402984974956, -7.699999899999857
4.440892098500626e-16, -30.55440298497496, -7.699999899999857
3.3058155123048145, -30.38202080394121, -7.699999899999857
6.574497668009306, -29.859360039888585, -7.699999899999857
9.76652093809137, -28.982981187947434, -7.699999899999857
12.841991582528017, -27.758928256491075, -7.699999899999857
15.762867057829782, -26.20153423320182, -7.699999899999857
18.495437237053753, -24.333282486769722, -7.699999899999857
21.01227249768981, -22.183047456322324, -7.699999899999857
23.291390732938442, -19.78223690827465, -7.699999899999857
25.30465134608806, -17.154611921480647, -7.699999899999857
27.020605367898906, -14.32395522811704, -7.699999899999857
28.413784135626326, -11.321303167985935, -7.699999899999857
29.465167424723173, -8.18258998132579, -7.699999899999857
30.164914571204246, -4.947231343535431, -7.699999899999857
30.511503012342217, -1.655168176411825, -7.699999899999857
30.511503012353522, 1.6551681761947623, -7.699999899999857
30.164914585643572, 4.947231345180308, -7.699999899999857
29.465167433316832, 8.182589985353088, -7.699999899999857
28.413784120218438, 11.321303163844846, -7.699999899999857
27.020605331440347, 14.323955209511858, -7.699999899999857
25.304651382104534, 17.15461194588917, -7.699999899999857
23.291390733079705, 19.78223690810944, -7.699999899999857
21.012272497847487, 22.183047456172684, -7.699999899999857
18.49543723722633, 24.333282486637536, -7.699999899999857
15.762867036185533, 26.201534199652006, -7.699999899999857
12.841991563064278, 27.75892821661192, -7.699999899999857
9.766520937820946, 28.982981188021377, -7.699999899999857
6.574497672186706, 29.8593600597392, -7.699999899999857
3.30581551230481, 30.382020803941217, -7.699999899999857
-8.881784197001252e-16, 30.55440298497496, -7.699999899999857
4.263256414560601e-14, 30.438932931137032, -7.899999899999857
-3.2931309041701726, 30.266642723840633, -7.899999899999857
-6.54913868338738, 29.74492370848002, -7.899999899999857
-9.728742264532356, 28.87111925798958, -7.899999899999857
-12.792417498455727, 27.65165315590717, -7.899999899999857
-15.702432971841638, 26.10079309716678, -7.899999899999857
-18.425151861662474, 24.240567674680726, -7.899999899999857
-20.932860852326748, 22.099155913675112, -7.899999899999857
-23.203035481572257, 19.707330686304847, -7.899999899999857
-25.207776640627145, 17.089134540424592, -7.899999899999857
-26.916374910610124, 14.268822456611232, -7.899999899999857
-28.30395743398373, 11.277525507064468, -7.899999899999857
-29.351780253023943, 8.150967156955074, -7.899999899999857
-30.049844238538956, 4.928197908877192, -7.899999899999857
-30.39603352699804, 1.648830703598369, -7.899999899999857
-30.396033526998043, -1.6488307035982686, -7.899999899999857
-30.049844204768444, -4.928197903217702, -7.899999899999857
-29.351780256492923, -8.150967159511938, -7.899999899999857
-28.303957420392763, -11.277525503525759, -7.899999899999857
-26.916374879071327, -14.268822440779742, -7.899999899999857
-25.207776670212347, -17.08913456023989, -7.899999899999857
-23.203035481572275, -19.707330686304747, -7.899999899999857
-20.932860852326762, -22.09915591367502, -7.899999899999857
-18.425151861662492, -24.240567674680637, -7.899999899999857
-15.702432952150803, -26.10079306666612, -7.899999899999857
-12.792417481752882, -27.65165312202113, -7.899999899999857
-9.728742264301992, -28.8711192581304, -7.899999899999857
-6.549138687285166, -29.74492372697532, -7.899999899999857
-3.2931309041702135, -30.26664272384061, -7.899999899999857
0.0, -30.438932931137032, -7.899999899999857
4.440892098500626e-16, -30.438932931137032, -7.899999899999857
3.2931309041702157, -30.2666427238406, -7.899999899999857
6.549138683387415, -29.74492370847994, -7.899999899999857
9.728742264532404, -28.871119257989527, -7.899999899999857
12.792417498455773, -27.6516531559071, -7.899999899999857
15.70243297184166, -26.100793097166658, -7.899999899999857
18.4251518616625, -24.24056767468061, -7.899999899999857
20.932860852326765, -22.099155913674984, -7.899999899999857
23.203035481572275, -19.70733068630472, -7.899999899999857
25.20777664062717, -17.08913454042447, -7.899999899999857
26.916374910610184, -14.268822456611126, -7.899999899999857
28.303957433983825, -11.277525507064373, -7.899999899999857
29.351780253024053, -8.15096715695498, -7.899999899999857
30.04984423853911, -4.9281979088771095, -7.899999899999857
30.39603352699815, -1.6488307035982788, -7.899999899999857
30.396033526998174, 1.6488307035983651, -7.899999899999857
30.049844204768558, 4.9281979032177965, -7.899999899999857
29.351780256493026, 8.150967159512025, -7.899999899999857
28.30395742039282, 11.277525503525823, -7.899999899999857
26.916374879071366, 14.268822440779795, -7.899999899999857
25.207776670212393, 17.08913456023996, -7.899999899999857
23.20303548157231, 19.707330686304807, -7.899999899999857
20.932860852326787, 22.099155913675062, -7.899999899999857
18.42515186166251, 24.24056767468068, -7.899999899999857
15.702432952150799, 26.100793066666142, -7.899999899999857
12.792417481752901, 27.651653122021184, -7.899999899999857
9.728742264301987, 28.871119258130413, -7.899999899999857
6.549138687285152, 29.744923726975323, -7.899999899999857
3.293130904170195, 30.26664272384058, -7.899999899999857
-4.440892098500626e-16, 30.438932931137032, -7.899999899999857
4.263256414560601e-14, 30.323462877299107, -8.099999899999856
-3.2804462085891175, 30.151263456139947, -8.099999899999856
-6.523779362416068, 29.630486064569403, -8.099999899999856
-9.690963439522504, 28.75925705861209, -8.099999899999856
-12.742843400680597, 27.544377935496957, -8.099999899999856
-15.641998360624916, 26.000050966403926, -8.099999899999856
-18.354865604897135, 24.147851744421885, -8.099999899999856
-20.853449088306085, 22.015264282541924, -8.099999899999856
-23.11467960922919, 19.632423874109882, -8.099999899999856
-25.110900663769243, 17.02365632546801, -8.099999899999856
-26.81214393087274, 14.213689486340964, -8.099999899999856
-28.19413072492092, 11.23374782894021, -8.099999899999856
-29.238392286667203, 8.119344038486075, -8.099999899999856
-29.93477238831678, 4.909164227242688, -8.099999899999856
-30.28056356442978, 1.6424932474844098, -8.099999899999856
-30.28056356442978, -1.642493247484329, -8.099999899999856
-29.93477235474801, -4.9091642216079805, -8.099999899999856
-29.238392289999464, -8.119344040891532, -8.099999899999856
-28.194130712311367, -11.233747825657094, -8.099999899999856
-26.812143901568295, -14.21368947163643, -8.099999899999856
-25.110900693599866, -17.023656345442106, -8.099999899999856
-23.11467960922921, -19.63242387410979, -8.099999899999856
-20.8534490883061, -22.01526428254182, -8.099999899999856
-18.354865604897153, -24.147851744421786, -8.099999899999856
-15.64199834222875, -26.000050937872544, -8.099999899999856
-12.742843385163345, -27.544377904009647, -8.099999899999856
-9.690963439330359, -28.759257058809784, -8.099999899999856
-6.5237793660143115, -29.630486081618606, -8.099999899999856
-3.280446208589168, -30.15126345613994, -8.099999899999856
0.0, -30.323462877299107, -8.099999899999856
4.440892098500626e-16, -30.323462877299107, -8.099999899999856
3.28044620858916, -30.15126345613993, -8.099999899999856
6.523779362416103, -29.630486064569336, -8.099999899999856
9.690963439522541, -28.759257058612043, -8.099999899999856
12.742843400680623, -27.544377935496872, -8.099999899999856
15.641998360624932, -26.000050966403826, -8.099999899999856
18.354865604897142, -24.14785174442177, -8.099999899999856
20.853449088306082, -22.015264282541803, -8.099999899999856
23.11467960922919, -19.63242387410977, -8.099999899999856
25.110900663769286, -17.02365632546793, -8.099999899999856
26.81214393087279, -14.21368948634089, -8.099999899999856
28.194130724920985, -11.233747828940142, -8.099999899999856
29.238392286667292, -8.119344038486016, -8.099999899999856
29.934772388316883, -4.909164227242635, -8.099999899999856
30.28056356442989, -1.6424932474843568, -8.099999899999856
30.280563564429894, 1.6424932474843912, -8.099999899999856
29.934772354748116, 4.909164221608038, -8.099999899999856
29.238392289999542, 8.119344040891587, -8.099999899999856
28.19413071231143, 11.233747825657147, -8.099999899999856
26.81214390156834, 14.213689471636481, -8.099999899999856
25.11090069359994, 17.023656345442173, -8.099999899999856
23.11467960922925, 19.632423874109836, -8.099999899999856
20.853449088306117, 22.015264282541853, -8.099999899999856
18.35486560489717, 24.147851744421825, -8.099999899999856
15.641998342228764, 26.000050937872587, -8.099999899999856
12.74284338516335, 27.544377904009657, -8.099999899999856
9.69096343933036, 28.75925705880979, -8.099999899999856
6.523779366014316, 29.6304860816186, -8.099999899999856
3.280446208589172, 30.151263456139937, -8.099999899999856
-8.881784197001252e-16, 30.323462877299107, -8.099999899999856
4.263256414560601e-14, 30.20799282346118, -8.299999899999856
-3.2677614237889294, 30.03588298512047, -8.299999899999856
-6.498419701899631, 29.51604709954344, -8.299999899999856
-9.653184461965338, 28.647394588733675, -8.299999899999856
-12.693269289285267, 27.437102594528806, -8.299999899999856
-15.581563219532367, 25.899307830796996, -8.299999899999856
-18.28457845616143, 24.055134681335016, -8.299999899999856
-20.774037203432727, 21.931372560975, -8.299999899999856
-23.02632310760853, 19.55751646428384, -8.299999899999856
-25.01402341778745, 16.9581772798477, -8.299999899999856
-26.70791242067871, 14.158556314092001, -8.299999899999856
-28.08430400864963, 11.18997013361646, -8.299999899999856
-29.125003518611578, 8.087720622804845, -8.299999899999856
-29.819699012052542, 4.890130296449129, -8.299999899999856
-30.165093117555948, 1.6361558080503427, -8.299999899999856
-30.165093117564997, -1.6361558078781995, -8.299999899999856
-29.819698978722933, -4.89013029067072, -8.299999899999856
-29.125003521818076, -8.087720624874946, -8.299999899999856
-28.084303997152706, -11.18997013044639, -8.299999899999856
-26.707912393852858, -14.158556300443392, -8.299999899999856
-25.01402344795138, -16.958177299831668, -8.299999899999856
-23.026323107720387, -19.557516464152684, -8.299999899999856
-20.77403720355773, -21.931372560856307, -8.299999899999856
-18.284578456298295, -24.05513468123024, -8.299999899999856
-15.581563202686182, -25.899307804316646, -8.299999899999856
-12.693269275195911, -27.43710256554315, -8.299999899999856
-9.653184461377002, -28.647394587610208, -8.299999899999856
-6.498419704090945, -29.516047109852227, -8.299999899999856
-3.26776142378897, -30.03588298512047, -8.299999899999856
0.0, -30.20799282346118, -8.299999899999856
4.440892098500626e-16, -30.207992823461183, -8.299999899999856
3.2677614237889716, -30.03588298512046, -8.299999899999856
6.498419701899664, -29.51604709954338, -8.299999899999856
9.653184461965374, -28.647394588733615, -8.299999899999856
12.693269289285306, -27.437102594528756, -8.299999899999856
15.581563219532383, -25.899307830796904, -8.299999899999856
18.284578456161434, -24.055134681334902, -8.299999899999856
20.774037203432744, -21.931372560974896, -8.299999899999856
23.026323107608544, -19.55751646428374, -8.299999899999856
25.014023417787453, -16.958177279847597, -8.299999899999856
26.70791242067877, -14.158556314091934, -8.299999899999856
28.084304008649703, -11.1899701336164, -8.299999899999856
29.125003518611674, -8.087720622804792, -8.299999899999856
29.81969901205267, -4.890130296449076, -8.299999899999856
30.16509311755607, -1.6361558080502832, -8.299999899999856
30.165093117565117, 1.6361558078782532, -8.299999899999856
29.81969897872304, 4.890130290670775, -8.299999899999856
29.12500352181818, 8.087720624875, -8.299999899999856
28.084303997152773, 11.189970130446437, -8.299999899999856
26.707912393852915, 14.15855630044344, -8.299999899999856
25.014023447951427, 16.95817729983171, -8.299999899999856
23.026323107720422, 19.557516464152716, -8.299999899999856
20.774037203557754, 21.931372560856335, -8.299999899999856
18.284578456298323, 24.055134681230268, -8.299999899999856
15.58156320268621, 25.89930780431667, -8.299999899999856
12.693269275195929, 27.437102565543167, -8.299999899999856
9.653184461377014, 28.6473945876102, -8.299999899999856
6.498419704090962, 29.516047109852227, -8.299999899999856
3.2677614237889845, 30.035882985120438, -8.299999899999856
-4.440892098500626e-16, 30.207992823461183, -8.299999899999856
4.263256414560601e-14, 30.092522769623255, -8.499999899999855
-3.2550765479916604, 29.920501295425886, -8.499999899999855
-6.473059695242271, 29.401606788508797, -8.499999899999855
-9.615405329408103, 28.535531843018006, -8.499999899999855
-12.643695164656448, 27.32982713166689, -8.499999899999855
-15.521127544088188, 25.798563679510192, -8.499999899999855
-18.214290404955296, 23.962416470115997, -8.499999899999855
-20.694625195890687, 21.84748074683139, -8.499999899999855
-22.9379659683458, 19.482608448872043, -8.499999899999855
-24.91714491782778, 16.89269741436492, -8.499999899999855
-26.603680372927233, 14.10342293680582, -8.499999899999855
-27.974477285217873, 11.146192420653446, -8.499999899999855
-29.011613941180645, 8.056096906250273, -8.499999899999855
-29.70462409293084, 4.871096112648565, -8.499999899999855
-30.049622179161187, 1.6298183850155055, -8.499999899999855
-30.049622179161187, -1.6298183850154573, -8.499999899999855
-29.70462409293085, -4.871096112648515, -8.499999899999855
-29.0116139413569, -8.056096907407264, -8.499999899999855
-27.974477275645885, -11.146192418118815, -8.499999899999855
-26.603680350672178, -14.103422925668042, -8.499999899999855
-24.9171449178278, -16.89269741436487, -8.499999899999855
-22.937965968345793, -19.48260844887198, -8.499999899999855
-20.694625195890684, -21.847480746831327, -8.499999899999855
-18.214290404955275, -23.962416470115922, -8.499999899999855
-15.521127529616479, -25.798563656818008, -8.499999899999855
-12.643695153127256, -27.329827108217884, -8.499999899999855
-9.615405328892303, -28.535531842052986, -8.499999899999855
-6.473059697191002, -29.4016067976626, -8.499999899999855
-3.2550765479916444, -29.92050129542584, -8.499999899999855
0.0, -30.092522769623255, -8.499999899999855
0.0, -30.092522769623255, -8.499999899999855
3.255076547991698, -29.920501295425836, -8.499999899999855
6.473059695242305, -29.40160678850873, -8.499999899999855
9.61540532940814, -28.535531843017957, -8.499999899999855
12.643695164656474, -27.329827131666804, -8.499999899999855
15.521127544088205, -25.79856367951009, -8.499999899999855
18.214290404955303, -23.962416470115876, -8.499999899999855
20.694625195890712, -21.847480746831287, -8.499999899999855
22.93796596834581, -19.482608448871932, -8.499999899999855
24.917144917827816, -16.892697414364825, -8.499999899999855
26.6036803729273, -14.103422936805748, -8.499999899999855
27.97447728521796, -11.146192420653387, -8.499999899999855
29.011613941180745, -8.056096906250218, -8.499999899999855
29.704624092930942, -4.871096112648514, -8.499999899999855
30.04962217916131, -1.6298183850154588, -8.499999899999855
30.049622179161297, 1.6298183850155032, -8.499999899999855
29.70462409293098, 4.871096112648568, -8.499999899999855
29.01161394135698, 8.056096907407303, -8.499999899999855
27.974477275645953, 11.146192418118845, -8.499999899999855
26.60368035067224, 14.103422925668074, -8.499999899999855
24.9171449178278, 16.89269741436487, -8.499999899999855
22.937965968345857, 19.482608448872014, -8.499999899999855
20.69462519589073, 21.847480746831348, -8.499999899999855
18.214290404955324, 23.962416470115937, -8.499999899999855
15.521127529616535, 25.79856365681803, -8.499999899999855
12.643695153127279, 27.32982710821785, -8.499999899999855
9.615405328892338, 28.535531842052983, -8.499999899999855
6.473059697191037, 29.401606797662584, -8.499999899999855
3.2550765479916897, 29.920501295425844, -8.499999899999855
-4.440892098500626e-16, 30.092522769623255, -8.499999899999855
4.263256414560601e-14, 29.97705271578533, -8.699999899999854
-3.242391579289476, 29.8051183707173, -8.699999899999854
-6.44769933909105, 29.287165122939808, -8.699999899999854
-9.577626040604027, 28.423668820489034, -8.699999899999854
-12.594121005031013, 27.222551495921035, -8.699999899999854
-15.46069132910591, 25.697818501883724, -8.699999899999854
-18.144001440610474, 23.869697096541483, -8.699999899999854
-20.615213063930522, 21.763588839280374, -8.699999899999854
-22.849608181414123, 19.407699819683423, -8.699999899999854
-24.820265088535294, 16.827216680435594, -8.699999899999854
-26.49944778656169, 14.048289355468231, -8.699999899999854
-27.86465053149948, 11.102414680627623, -8.699999899999854
-28.89822354667939, 8.02447288551977, -8.699999899999854
-29.58954759358163, 4.852061668549981, -8.699999899999854
-29.934150742045233, 1.6234809785785298, -8.699999899999854
-29.934150742045237, -1.6234809785784667, -8.699999899999854
-29.589547608603592, -4.8520616715006355, -8.699999899999854
-28.898223546685518, -8.024472886695333, -8.699999899999854
-27.864650545987605, -11.102414687868436, -8.699999899999854
-26.499447815106713, -14.04828937230423, -8.699999899999854
-24.820265093513335, -16.827216684438227, -8.699999899999854
-22.84960818141415, -19.407699819683344, -8.699999899999854
-20.61521306393054, -21.763588839280274, -8.699999899999854
-18.144001440610488, -23.869697096541383, -8.699999899999854
-15.460691316012053, -25.69781848166569, -8.699999899999854
-12.594121016132798, -27.222551525119346, -8.699999899999854
-9.577626044954153, -28.42366884099342, -8.699999899999854
-6.447699340619827, -29.287165130989703, -8.699999899999854
-3.242391579289519, -29.80511837071727, -8.699999899999854
0.0, -29.97705271578533, -8.699999899999854
0.0, -29.97705271578533, -8.699999899999854
3.242391579289516, -29.805118370717256, -8.699999899999854
6.447699339091085, -29.287165122939744, -8.699999899999854
9.577626040604066, -28.423668820488974, -8.699999899999854
12.594121005031049, -27.222551495920953, -8.699999899999854
15.460691329105936, -25.697818501883624, -8.699999899999854
18.144001440610488, -23.86969709654137, -8.699999899999854
20.615213063930543, -21.763588839280263, -8.699999899999854
22.849608181414144, -19.407699819683316, -8.699999899999854
24.820265088535322, -16.827216680435495, -8.699999899999854
26.499447786561745, -14.04828935546815, -8.699999899999854
27.864650531499564, -11.10241468062755, -8.699999899999854
28.8982235466795, -8.024472885519701, -8.699999899999854
29.589547593581724, -4.8520616685499105, -8.699999899999854
29.934150742045357, -1.623480978578464, -8.699999899999854
29.934150742045336, 1.6234809785785345, -8.699999899999854
29.589547608603716, 4.852061671500707, -8.699999899999854
28.89822354668561, 8.024472886695406, -8.699999899999854
27.86465054598766, 11.102414687868508, -8.699999899999854
26.499447815106745, 14.04828937230429, -8.699999899999854
24.820265093513395, 16.827216684438312, -8.699999899999854
22.84960818141416, 19.407699819683398, -8.699999899999854
20.615213063930558, 21.76358883928034, -8.699999899999854
18.14400144061049, 23.869697096541437, -8.699999899999854
15.460691316012056, 25.697818481665745, -8.699999899999854
12.594121016132778, 27.22255152511936, -8.699999899999854
9.577626044954137, 28.423668840993447, -8.699999899999854
6.447699340619808, 29.28716513098971, -8.699999899999854
3.24239157928949, 29.805118370717278, -8.699999899999854
-8.881784197001252e-16, 29.97705271578533, -8.699999899999854
4.263256414560601e-14, 29.861582661947406, -8.899999899999854
-3.2297065157636795, 29.689734194845776, -8.899999899999854
-6.422338629365048, 29.172722091520477, -8.899999899999854
-9.53984659393347, 28.31180551949022, -8.899999899999854
-12.544546855013065, 27.11527579058743, -8.899999899999854
-15.4002545693135, 25.597072287225547, -8.899999899999854
-18.073711552906055, 23.776976546238075, -8.899999899999854
-20.535800806002207, 21.679696837105013, -8.899999899999854
-22.761249736958085, 19.332790568158842, -8.899999899999854
-24.7233839466385, 16.761735090690227, -8.899999899999854
-26.395214653892204, 13.993155567302201, -8.899999899999854
-27.754823795507175, 11.058636933055045, -8.899999899999854
-28.78483232671664, 7.992848557281169, -8.899999899999854
-29.474469530446502, 4.833026966772963, -8.899999899999854
-29.818678798975288, 1.6171435886220453, -8.899999899999854
-29.81867879897905, -1.617143588551245, -8.899999899999854
-29.47446954619009, -4.833026969769836, -8.899999899999854
-28.784832326789914, -7.9928485582683795, -8.899999899999854
-27.754823809095114, -11.058636939694557, -8.899999899999854
-26.39521468082696, -13.993155583035756, -8.899999899999854
-24.72338395098084, -16.76173509416888, -8.899999899999854
-22.761249737004054, -19.33279056810485, -8.899999899999854
-20.53580080605362, -21.67969683705619, -8.899999899999854
-18.073711552962376, -23.776976546195012, -8.899999899999854
-15.40025455794484, -25.59707226955538, -8.899999899999854
-12.544546865638301, -27.11527581809944, -8.899999899999854
-9.539846597602159, -28.311805537370248, -8.899999899999854
-6.422338629992932, -29.172722095498965, -8.899999899999854
-3.2297065157637332, -29.68973419484576, -8.899999899999854
0.0, -29.861582661947406, -8.899999899999854
0.0, -29.861582661947406, -8.899999899999854
3.2297065157637213, -29.689734194845748, -8.899999899999854
6.4223386293650835, -29.172722091520413, -8.899999899999854
9.53984659393351, -28.311805519490168, -8.899999899999854
12.544546855013099, -27.115275790587358, -8.899999899999854
15.400254569313523, -25.597072287225448, -8.899999899999854
18.073711552906072, -23.776976546237975, -8.899999899999854
20.53580080600223, -21.67969683710491, -8.899999899999854
22.761249736958117, -19.332790568158746, -8.899999899999854
24.723383946638535, -16.761735090690138, -8.899999899999854
26.395214653892268, -13.99315556730213, -8.899999899999854
27.754823795507257, -11.05863693305498, -8.899999899999854
28.784832326716728, -7.992848557281103, -8.899999899999854
29.474469530446616, -4.833026966772904, -8.899999899999854
29.818678798975384, -1.6171435886219852, -8.899999899999854
29.81867879897915, 1.6171435885513115, -8.899999899999854
29.474469546190218, 4.833026969769909, -8.899999899999854
28.78483232679, 7.992848558268444, -8.899999899999854
27.75482380909517, 11.058636939694615, -8.899999899999854
26.395214680827, 13.993155583035815, -8.899999899999854
24.72338395098088, 16.761735094168944, -8.899999899999854
22.761249737004068, 19.3327905681049, -8.899999899999854
20.535800806053643, 21.679696837056255, -8.899999899999854
18.07371155296238, 23.77697654619507, -8.899999899999854
15.400254557944836, 25.597072269555426, -8.899999899999854
12.544546865638281, 27.11527581809946, -8.899999899999854
9.539846597602141, 28.31180553737028, -8.899999899999854
6.422338629992912, 29.172722095498973, -8.899999899999854
3.229706515763712, 29.68973419484575, -8.899999899999854
-4.440892098500626e-16, 29.861582661947406, -8.899999899999854
4.263256414560601e-14, 29.74611260810948, -9.099999899999853
-3.217021355429998, 29.574348753763868, -9.099999899999853
-6.396977558621869, 29.058277663969427, -9.099999899999853
-9.502066986620626, 28.199941933264927, -9.099999899999853
-12.494972706616617, 27.0079999945939, -9.099999899999853
-15.33981725708064, 25.496325019044615, -9.099999899999853
-18.003420727157913, 23.68425479780364, -9.099999899999853
-20.45638841733041, 21.595804734946245, -9.099999899999853
-22.672890615021593, 19.257880677005765, -9.099999899999853
-24.62650143451599, 16.69625260695109, -9.099999899999853
-26.290980972283364, 13.938021571802015, -9.099999899999853
-27.644997068129037, 11.014859173854965, -9.099999899999853
-28.671440267596985, 7.961223916389313, -9.099999899999853
-29.359389872285384, 4.813992000977781, -9.099999899999853
-29.703206339631183, 1.610806214902079, -9.099999899999853
-29.703206343822966, -1.6108062144536759, -9.099999899999853
-29.35938986139841, -4.813991998391299, -9.099999899999853
-28.671440277483697, -7.961223919697333, -9.099999899999853
-27.64499706389768, -11.014859172846581, -9.099999899999853
-26.29098096129427, -13.938021566168358, -9.099999899999853
-24.626501479122485, -16.696252637577633, -9.099999899999853
-22.6728906291302, -19.257880688465267, -9.099999899999853
-20.456388431157432, -21.59580474915142, -9.099999899999853
-18.00342074225055, -23.684254816799555, -9.099999899999853
-15.339817249628389, -25.496325007726306, -9.099999899999853
-12.4949727004324, -27.007999982068082, -9.099999899999853
-9.502066987907549, -28.199941937268495, -9.099999899999853
-6.396977550032183, -29.058277626754652, -9.099999899999853
-3.217021355554298, -29.574348754128174, -9.099999899999853
0.0, -29.746112608109474, -9.099999899999853
4.440892098500626e-16, -29.746112608109478, -9.099999899999853
3.217021355430043, -29.574348753763864, -9.099999899999853
6.39697755862191, -29.05827766396938, -9.099999899999853
9.502066986620655, -28.19994193326484, -9.099999899999853
12.494972706616656, -27.00799999459383, -9.099999899999853
15.339817257080666, -25.49632501904452, -9.099999899999853
18.003420727157945, -23.68425479780355, -9.099999899999853
20.456388417330423, -21.595804734946135, -9.099999899999853
22.672890615021608, -19.257880677005655, -9.099999899999853
24.62650143451603, -16.696252606951006, -9.099999899999853
26.290980972283432, -13.938021571801947, -9.099999899999853
27.644997068129125, -11.014859173854905, -9.099999899999853
28.671440267597077, -7.961223916389252, -9.099999899999853
29.35938987228548, -4.813992000977717, -9.099999899999853
29.7032063396313, -1.6108062149020161, -9.099999899999853
29.703206343823073, 1.6108062144537385, -9.099999899999853
29.35938986139853, 4.813991998391364, -9.099999899999853
28.671440277483764, 7.961223919697393, -9.099999899999853
27.644997063897748, 11.01485917284664, -9.099999899999853
26.290980961294316, 13.938021566168395, -9.099999899999853
24.62650147912255, 16.696252637577683, -9.099999899999853
22.67289062913023, 19.257880688465292, -9.099999899999853
20.45638843115749, 21.595804749151462, -9.099999899999853
18.00342074225059, 23.68425481679958, -9.099999899999853
15.339817249628455, 25.496325007726362, -9.099999899999853
12.494972700432418, 27.00799998206806, -9.099999899999853
9.502066987907586, 28.199941937268516, -9.099999899999853
6.3969775500322035, 29.058277626754613, -9.099999899999853
3.217021355554325, 29.574348754128174, -9.099999899999853
-8.881784197001252e-16, 29.74611260810948, -9.099999899999853
4.263256414560601e-14, 29.630642554271557, -9.299999899999852
-3.204336096417059, 29.458962024729303, -9.299999899999852
-6.371616128982435, 28.943831858355953, -9.299999899999852
-9.464287220021, 28.0880780674399, -9.299999899999852
-12.44539852992447, 26.90072403823184, -9.299999899999852
-15.279379396148913, 25.395576701817486, -9.299999899999852
-17.9331289736744, 23.591531864893845, -9.299999899999852
-20.37697591460875, 21.511912551271223, -9.299999899999852
-22.584530828285537, 19.18297015610577, -9.299999899999852
-24.529617619355246, 16.630769276470232, -9.299999899999852
-26.186746717657645, 13.882887357378685, -9.299999899999852
-27.53517031747007, 10.971081390107337, -9.299999899999852
-28.55804737658374, 7.929598963159469, -9.299999899999852
-29.244308581574636, 4.794956762997375, -9.299999899999852
-29.587733365812042, 1.604468857308982, -9.299999899999852
-29.587733365812046, -1.6044688573088832, -9.299999899999852
-29.244308581574657, -4.7949567629972725, -9.299999899999852
-28.558047376583772, -7.929598963159366, -9.299999899999852
-27.535170317470133, -10.97108139010724, -9.299999899999852
-26.18674671765771, -13.882887357378593, -9.299999899999852
-24.5296176193553, -16.630769276470136, -9.299999899999852
-22.584530828285562, -19.18297015610565, -9.299999899999852
-20.3769759146088, -21.511912551271127, -9.299999899999852
-17.933128973674453, -23.591531864893753, -9.299999899999852
-15.279379396148963, -25.39557670181739, -9.299999899999852
-12.445398529924516, -26.900724038231715, -9.299999899999852
-9.46428722002106, -28.088078067439827, -9.299999899999852
-6.371616128982499, -28.943831858355896, -9.299999899999852
-3.20433609641713, -29.45896202472926, -9.299999899999852
0.0, -29.63064255427155, -9.299999899999852
0.0, -29.63064255427155, -9.299999899999852
3.204336096417097, -29.458962024729253, -9.299999899999852
6.371616128982474, -28.943831858355892, -9.299999899999852
9.464287220021044, -28.088078067439845, -9.299999899999852
12.445398529924498, -26.900724038231736, -9.299999899999852
15.279379396148943, -25.395576701817394, -9.299999899999852
17.93312897367443, -23.591531864893746, -9.299999899999852
20.37697591460878, -21.511912551271124, -9.299999899999852
22.58453082828555, -19.182970156105654, -9.299999899999852
24.529617619355296, -16.63076927647014, -9.299999899999852
26.18674671765772, -13.882887357378602, -9.299999899999852
27.53517031747016, -10.971081390107257, -9.299999899999852
28.558047376583836, -7.92959896315939, -9.299999899999852
29.244308581574728, -4.794956762997292, -9.299999899999852
29.587733365812127, -1.6044688573088994, -9.299999899999852
29.587733365812138, 1.6044688573089645, -9.299999899999852
29.244308581574707, 4.794956762997351, -9.299999899999852
28.55804737658385, 7.929598963159453, -9.299999899999852
27.535170317470183, 10.971081390107322, -9.299999899999852
26.186746717657723, 13.882887357378651, -9.299999899999852
24.529617619355314, 16.63076927647019, -9.299999899999852
22.584530828285608, 19.182970156105736, -9.299999899999852
20.37697591460885, 21.51191255127123, -9.299999899999852
17.933128973674485, 23.59153186489386, -9.299999899999852
15.279379396148952, 25.395576701817433, -9.299999899999852
12.445398529924491, 26.900724038231743, -9.299999899999852
9.464287220021033, 28.08807806743984, -9.299999899999852
6.371616128982468, 28.94383185835591, -9.299999899999852
3.204336096417086, 29.45896202472921, -9.299999899999852
-4.440892098500626e-16, 29.630642554271557, -9.299999899999852
3.907985046680551e-14, 29.515172500433632, -9.499999899999851
-3.191650736221006, 29.343573993735646, -9.499999899999851
-6.346254327643855, 28.82938462576509, -9.499999899999851
-9.426507290699941, 27.97621392335982, -9.499999899999851
-12.395824321037123, 26.793447912076022, -9.499999899999851
-15.218940972675227, 25.294827310477572, -9.499999899999851
-17.862836245092037, 23.49880768419372, -9.499999899999851
-20.29756325008898, 21.42802023612195, -9.499999899999851
-22.496170363277773, 19.108058992848683, -9.499999899999851
-24.43273246052872, 16.565285073565732, -9.499999899999851
-26.082511953550938, 13.827752960074141, -9.499999899999851
-27.42534354124418, 10.927303580497355, -9.499999899999851
-28.444653636011363, 7.897973691779214, -9.499999899999851
-29.129225630193435, 4.77592124854545, -9.499999899999851
-29.472259828254902, 1.598131514876285, -9.499999899999851
-29.472259844439733, -1.5981315171087398, -9.499999899999851
-29.129225685647686, -4.775921259346597, -9.499999899999851
-28.44465363602179, -7.897973691741633, -9.499999899999851
-27.425343541258638, -10.927303580461132, -9.499999899999851
-26.082511953569238, -13.827752960039694, -9.499999899999851
-24.43273243766573, -16.56528505809557, -9.499999899999851
-22.49617036236909, -19.108058993690467, -9.499999899999851
-20.297563273605476, -21.428020264209582, -9.499999899999851
-17.862836228838084, -23.498807666252542, -9.499999899999851
-15.218940972708603, -25.294827310457396, -9.499999899999851
-12.39582432107249, -26.793447912059577, -9.499999899999851
-9.426507290736879, -27.976213923347316, -9.499999899999851
-6.3462543276819305, -28.829384625756695, -9.499999899999851
-3.191650735268331, -29.343573984096775, -9.499999899999851
0.0, -29.515172500433632, -9.499999899999851
0.0, -29.515172500433632, -9.499999899999851
3.1916507362210402, -29.34357399373558, -9.499999899999851
6.346254327643886, -28.829384625765034, -9.499999899999851
9.42650729069997, -27.976213923359744, -9.499999899999851
12.395824321037157, -26.793447912075955, -9.499999899999851
15.218940972675249, -25.294827310477483, -9.499999899999851
17.862836245092055, -23.498807684193626, -9.499999899999851
20.29756325008901, -21.428020236121856, -9.499999899999851
22.496170363277876, -19.108058992848655, -9.499999899999851
24.432732460528772, -16.565285073565665, -9.499999899999851
26.08251195355101, -13.82775296007408, -9.499999899999851
27.425343541244267, -10.927303580497302, -9.499999899999851
28.44465363601146, -7.897973691779159, -9.499999899999851
29.129225630193545, -4.775921248545396, -9.499999899999851
29.47225982825501, -1.5981315148762256, -9.499999899999851
29.472259844439765, 1.5981315171088049, -9.499999899999851
29.129225685647857, 4.7759212593466795, -9.499999899999851
28.44465363602186, 7.897973691741694, -9.499999899999851
27.42534354125869, 10.927303580461183, -9.499999899999851
26.082511953569277, 13.827752960039742, -9.499999899999851
24.432732437665763, 16.565285058095615, -9.499999899999851
22.496170362369135, 19.10805899369053, -9.499999899999851
20.29756327360549, 21.42802026420962, -9.499999899999851
17.862836228838148, 23.498807666252645, -9.499999899999851
15.218940972708616, 25.294827310457435, -9.499999899999851
12.395824321072483, 26.79344791205961, -9.499999899999851
9.426507290736868, 27.97621392334733, -9.499999899999851
6.346254327681915, 28.829384625756713, -9.499999899999851
3.1916507352683103, 29.343573984096786, -9.499999899999851
-4.440892098500626e-16, 29.515172500433632, -9.499999899999851
3.907985046680551e-14, 29.3997024465957, -9.69999989999985
-3.1789652739108494, 29.22818464365069, -9.69999989999985
-6.320892154057602, 28.714935963216746, -9.69999989999985
-9.38872719800381, 27.864349482862867, -9.69999989999985
-12.346250123472373, 26.686171710870973, -9.69999989999985
-15.158501984661681, 25.194076834716633, -9.69999989999985
-17.792542555467065, 23.40608227431036, -9.69999989999985
-20.21815047483016, 21.344127844797175, -9.69999989999985
-22.40780918104062, 19.03314715803979, -9.69999989999985
-24.335845889049754, 16.499799952873115, -9.69999989999985
-25.97827656371603, 13.772618316839994, -9.69999989999985
-27.315516778368053, 10.88352576011665, -9.69999989999985
-28.331259034308438, 7.866348096696231, -9.69999989999985
-29.01414108486337, 4.75688546734801, -9.69999989999985
-29.35678581113619, 1.591794191788835, -9.69999989999985
-29.356785811136195, -1.5917941917887484, -9.69999989999985
-29.014141084863375, -4.756885467347929, -9.69999989999985
-28.331259034308466, -7.866348096696155, -9.69999989999985
-27.315516778368107, -10.883525760116576, -9.69999989999985
-25.97827656371608, -13.772618316839923, -9.69999989999985
-24.335845889049796, -16.499799952873044, -9.69999989999985
-22.407809181040665, -19.03314715803973, -9.69999989999985
-20.218150474830182, -21.344127844797086, -9.69999989999985
-17.792542555467083, -23.40608227431026, -9.69999989999985
-15.1585019846617, -25.194076834716544, -9.69999989999985
-12.346250123472394, -26.686171710870884, -9.69999989999985
-9.388727198003835, -27.86434948286279, -9.69999989999985
-6.320892154057633, -28.714935963216696, -9.69999989999985
-3.178965273910891, -29.22818464365069, -9.69999989999985
0.0, -29.3997024465957, -9.69999989999985
0.0, -29.3997024465957, -9.69999989999985
3.178965273910889, -29.22818464365068, -9.69999989999985
6.3208921540576375, -28.714935963216686, -9.69999989999985
9.38872719800385, -27.864349482862806, -9.69999989999985
12.346250123472405, -26.686171710870898, -9.69999989999985
15.158501984661708, -25.194076834716533, -9.69999989999985
17.79254255546709, -23.40608227431025, -9.69999989999985
20.218150474830196, -21.34412784479707, -9.69999989999985
22.407809181040676, -19.033147158039707, -9.69999989999985
24.33584588904981, -16.49979995287303, -9.69999989999985
25.9782765637161, -13.772618316839917, -9.69999989999985
27.315516778368142, -10.883525760116576, -9.69999989999985
28.33125903430853, -7.866348096696159, -9.69999989999985
29.014141084863446, -4.756885467347935, -9.69999989999985
29.35678581113629, -1.5917941917887624, -9.69999989999985
29.356785811136294, 1.5917941917888205, -9.69999989999985
29.014141084863482, 4.756885467348003, -9.69999989999985
28.331259034308538, 7.866348096696226, -9.69999989999985
27.31551677836816, 10.883525760116648, -9.69999989999985
25.978276563716122, 13.772618316839983, -9.69999989999985
24.33584588904983, 16.49979995287309, -9.69999989999985
22.407809181040705, 19.033147158039778, -9.69999989999985
20.21815047483022, 21.34412784479714, -9.69999989999985
17.792542555467108, 23.40608227431031, -9.69999989999985
15.158501984661719, 25.194076834716583, -9.69999989999985
12.346250123472407, 26.686171710870923, -9.69999989999985
9.388727198003846, 27.86434948286282, -9.69999989999985
6.320892154057634, 28.714935963216696, -9.69999989999985
3.17896527391089, 29.228184643650685, -9.69999989999985
-8.881784197001252e-16, 29.3997024465957, -9.69999989999985
3.907985046680551e-14, 29.28423239275777, -9.89999989999985
-3.166279703997028, 29.11279394141414, -9.89999989999985
-6.295529601296016, 28.600485855248944, -9.89999989999985
-9.350946935347444, 27.75248474352567, -9.89999989999985
-12.296675909133759, 26.578895373613364, -9.89999989999985
-15.098062424056566, 25.093325262086747, -9.89999989999985
-17.72224787431828, 23.313355592270128, -9.89999989999985
-20.138737552523093, 21.260235338079767, -9.89999989999985
-22.319447318310292, 18.958234679161887, -9.89999989999985
-24.23895794675814, 16.434313945022424, -9.89999989999985
-25.874040606305243, 13.71748346237754, -9.89999989999985
-27.205690006586064, 10.839747920519818, -9.89999989999985
-28.217863573886348, 7.83472217794128, -9.89999989999985
-28.899054852130433, 4.737849402435774, -9.89999989999985
-29.241311227257494, 1.585456883659468, -9.89999989999985
-29.2413112272575, -1.5854568836594074, -9.89999989999985
-28.89905485213044, -4.737849402435711, -9.89999989999985
-28.217863573886376, -7.8347221779412175, -9.89999989999985
-27.205690006586106, -10.839747920519763, -9.89999989999985
-25.87404060630529, -13.717483462377494, -9.89999989999985
-24.238957946758177, -16.43431394502237, -9.89999989999985
-22.319447318310317, -18.958234679161837, -9.89999989999985
-20.138737552523104, -21.260235338079692, -9.89999989999985
-17.722247874318295, -23.313355592270057, -9.89999989999985
-15.098062424056574, -25.09332526208667, -9.89999989999985
-12.29667590913377, -26.57889537361329, -9.89999989999985
-9.350946935347453, -27.752484743525603, -9.89999989999985
-6.295529601296029, -28.600485855248902, -9.89999989999985
-3.1662797039970503, -29.11279394141414, -9.89999989999985
0.0, -29.284232392757776, -9.89999989999985
4.440892098500626e-16, -29.284232392757776, -9.89999989999985
3.166279703997067, -29.11279394141413, -9.89999989999985
6.295529601296052, -28.600485855248895, -9.89999989999985
9.350946935347478, -27.75248474352561, -9.89999989999985
12.29667590913379, -26.578895373613292, -9.89999989999985
15.098062424056586, -25.093325262086655, -9.89999989999985
17.722247874318303, -23.31335559227003, -9.89999989999985
20.13873755252312, -21.260235338079678, -9.89999989999985
22.31944731831033, -18.95823467916181, -9.89999989999985
24.238957946758198, -16.43431394502235, -9.89999989999985
25.87404060630532, -13.717483462377475, -9.89999989999985
27.205690006586146, -10.83974792051975, -9.89999989999985
28.21786357388644, -7.8347221779412095, -9.89999989999985
28.89905485213052, -4.737849402435701, -9.89999989999985
29.24131122725759, -1.5854568836593979, -9.89999989999985
29.241311227257597, 1.5854568836594822, -9.89999989999985
28.89905485213053, 4.737849402435788, -9.89999989999985
28.217863573886447, 7.834722177941293, -9.89999989999985
27.20569000658616, 10.839747920519828, -9.89999989999985
25.87404060630533, 13.717483462377555, -9.89999989999985
24.23895794675821, 16.434313945022424, -9.89999989999985
22.319447318310356, 18.958234679161887, -9.89999989999985
20.138737552523136, 21.260235338079745, -9.89999989999985
17.72224787431831, 23.313355592270092, -9.89999989999985
15.098062424056586, 25.093325262086704, -9.89999989999985
12.296675909133777, 26.578895373613317, -9.89999989999985
9.35094693534746, 27.75248474352562, -9.89999989999985
6.295529601296033, 28.600485855248905, -9.89999989999985
3.1662797039970445, 29.112793941414168, -9.89999989999985
-4.440892098500626e-16, 29.28423239275777, -9.89999989999985
3.907985046680551e-14, 29.168762338919844, -10.09999989999985
-3.1535940298990917, 28.997401911683585, -10.09999989999985
-6.2701666645293574, 28.486034283069753, -10.09999989999985
-9.313166503290391, 27.640619707021965, -10.09999989999985
-12.247101678548924, 26.47161889884784, -10.09999989999985
-15.037622297531676, 24.992572598674442, -10.09999989999985
-17.651952207291544, 23.22062764372392, -10.09999989999985
-20.059324484128112, 21.176342717942013, -10.09999989999985
-22.231084740716135, 18.883321526998273, -10.09999989999985
-24.142068615407474, 16.368827039105664, -10.09999989999985
-25.769804080533554, 13.662348396785232, -10.09999989999985
-27.095863225655748, 10.795970061206516, -10.09999989999985
-28.10446721004374, 7.803095921174396, -10.09999989999985
-28.783966895316876, 4.718813046633631, -10.09999989999985
-29.125836079749035, 1.5791195914787999, -10.09999989999985
-29.125836079749043, -1.5791195914787004, -10.09999989999985
-28.78396689531689, -4.7188130466335325, -10.09999989999985
-28.104467210043783, -7.803095921174301, -10.09999989999985
-27.09586322565582, -10.79597006120643, -10.09999989999985
-25.769804080533618, -13.662348396785147, -10.09999989999985
-24.14206861540753, -16.36882703910556, -10.09999989999985
-22.231084740716195, -18.883321526998174, -10.09999989999985
-20.059324484128165, -21.17634271794191, -10.09999989999985
-17.6519522072916, -23.22062764372381, -10.09999989999985
-15.037622297531733, -24.992572598674343, -10.09999989999985
-12.247101678548983, -26.471618898847748, -10.09999989999985
-9.313166503290448, -27.640619707021884, -10.09999989999985
-6.270166664529423, -28.486034283069685, -10.09999989999985
-3.153594029899164, -28.99740191168357, -10.09999989999985
0.0, -29.16876233891985, -10.09999989999985
0.0, -29.16876233891985, -10.09999989999985
3.153594029899131, -28.997401911683564, -10.09999989999985
6.270166664529393, -28.486034283069685, -10.09999989999985
9.313166503290429, -27.64061970702191, -10.09999989999985
12.24710167854896, -26.471618898847773, -10.09999989999985
15.037622297531707, -24.992572598674354, -10.09999989999985
17.65195220729157, -23.22062764372382, -10.09999989999985
20.059324484128148, -21.17634271794192, -10.09999989999985
22.231084740716184, -18.883321526998184, -10.09999989999985
24.142068615407528, -16.368827039105582, -10.09999989999985
25.76980408053363, -13.662348396785164, -10.09999989999985
27.09586322565584, -10.79597006120645, -10.09999989999985
28.104467210043836, -7.803095921174328, -10.09999989999985
28.783966895316965, -4.718813046633558, -10.09999989999985
29.125836079749124, -1.5791195914787244, -10.09999989999985
29.125836079749128, 1.5791195914787783, -10.09999989999985
28.78396689531697, 4.718813046633614, -10.09999989999985
28.104467210043854, 7.803095921174389, -10.09999989999985
27.09586322565586, 10.79597006120651, -10.09999989999985
25.769804080533643, 13.662348396785225, -10.09999989999985
24.14206861540755, 16.36882703910565, -10.09999989999985
22.231084740716206, 18.883321526998262, -10.09999989999985
20.059324484128158, 21.176342717941985, -10.09999989999985
17.651952207291583, 23.220627643723873, -10.09999989999985
15.037622297531724, 24.99257259867441, -10.09999989999985
12.247101678548963, 26.4716188988478, -10.09999989999985
9.313166503290415, 27.64061970702191, -10.09999989999985
6.270166664529379, 28.486034283069703, -10.09999989999985
3.153594029899114, 28.99740191168357, -10.09999989999985
0.0, 29.168762338919844, -10.09999989999985
3.907985046680551e-14, 29.05329228508192, -10.299999899999849
-3.140908250734077, 28.882008543386235, -10.299999899999849
-6.24480334123906, 28.371581241344643, -10.299999899999849
-9.275385901216126, 27.528754373911692, -10.299999899999849
-12.197527432991432, 26.364342288109036, -10.299999899999849
-14.9771815825032, 24.891818806061988, -10.299999899999849
-17.581655531589078, 23.1278983994972, -10.299999899999849
-19.97991126382633, 21.0924499787664, -10.299999899999849
-22.142721438418047, 18.80840769165735, -10.299999899999849
-24.045177832986784, 16.303339193855063, -10.299999899999849
-25.66556696846789, 13.607213111821197, -10.299999899999849
-26.986036436010725, 10.75219218214904, -10.299999899999849
-27.991069985104836, 7.771469337370293, -10.299999899999849
-28.668877235707534, 4.699776402768464, -10.299999899999849
-29.010360335720325, 1.5727823142701751, -10.299999899999849
-29.01036033572033, -1.5727823142700876, -10.299999899999849
-28.668877235707544, -4.699776402768378, -10.299999899999849
-27.991069985104875, -7.771469337370212, -10.299999899999849
-26.986036436010785, -10.752192182148963, -10.299999899999849
-25.66556696846795, -13.60721311182112, -10.299999899999849
-24.04517783298683, -16.303339193854985, -10.299999899999849
-22.142721438418093, -18.808407691657276, -10.299999899999849
-19.979911263826367, -21.09244997876631, -10.299999899999849
-17.58165553158911, -23.12789839949712, -10.299999899999849
-14.977181582503215, -24.89181880606189, -10.299999899999849
-12.197527432991453, -26.364342288108944, -10.299999899999849
-9.275385901216156, -27.528754373911624, -10.299999899999849
-6.244803341239101, -28.371581241344593, -10.299999899999849
-3.1409082507341264, -28.88200854338621, -10.299999899999849
0.0, -29.05329228508192, -10.299999899999849
0.0, -29.05329228508192, -10.299999899999849
3.1409082507341175, -28.882008543386206, -10.299999899999849
6.2448033412390975, -28.37158124134459, -10.299999899999849
9.275385901216167, -27.528754373911635, -10.299999899999849
12.197527432991464, -26.364342288108954, -10.299999899999849
14.977181582503219, -24.89181880606189, -10.299999899999849
17.581655531589107, -23.12789839949711, -10.299999899999849
19.97991126382637, -21.09244997876631, -10.299999899999849
22.142721438418096, -18.80840769165727, -10.299999899999849
24.04517783298684, -16.303339193854985, -10.299999899999849
25.665566968467967, -13.607213111821125, -10.299999899999849
26.986036436010814, -10.752192182148972, -10.299999899999849
27.99106998510493, -7.7714693373702275, -10.299999899999849
28.66887723570761, -4.699776402768396, -10.299999899999849
29.01036033572041, -1.5727823142701112, -10.299999899999849
29.010360335720407, 1.5727823142701538, -10.299999899999849
28.66887723570763, 4.699776402768443, -10.299999899999849
27.99106998510493, 7.771469337370274, -10.299999899999849
26.98603643601083, 10.75219218214903, -10.299999899999849
25.66556696846798, 13.607213111821183, -10.299999899999849
24.04517783298686, 16.303339193855052, -10.299999899999849
22.14272143841812, 18.80840769165734, -10.299999899999849
19.979911263826388, 21.092449978766375, -10.299999899999849
17.581655531589114, 23.127898399497173, -10.299999899999849
14.97718158250322, 24.891818806061927, -10.299999899999849
12.197527432991453, 26.36434228810898, -10.299999899999849
9.275385901216147, 27.528754373911653, -10.299999899999849
6.244803341239077, 28.37158124134458, -10.299999899999849
3.140908250734104, 28.882008543386217, -10.299999899999849
-4.440892098500626e-16, 29.05329228508192, -10.299999899999849
3.907985046680551e-14, 28.937822231244002, -10.499999899999848
-3.128222348337908, 28.766613686047652, -10.499999899999848
-6.219439632625637, 28.257126744596643, -10.499999899999848
-9.237605126925475, 27.416888740797663, -10.499999899999848
-12.147953173468467, 26.257065542327194, -10.499999899999848
-14.916740280752153, 24.791063882625885, -10.499999899999848
-17.51135784690749, 23.03516785703612, -10.499999899999848
-19.900497969455884, 21.008557201354467, -10.499999899999848
-22.054357339546584, 18.73349311885218, -10.499999899999848
-23.948285606456942, 16.237850416109506, -10.499999899999848
-25.561329273896117, 13.55207761105913, -10.499999899999848
-26.876209638312357, 10.708414283444242, -10.499999899999848
-27.87767186825114, 7.7398424159811094, -10.499999899999848
-28.553785842378744, 4.680739464123319, -10.499999899999848
-28.894884103658068, 1.5664450533760061, -10.499999899999848
-28.894884096009182, -1.566445053309573, -10.499999899999848
-28.553785830633977, -4.680739462495604, -10.499999899999848
-27.877671870786084, -7.739842416937904, -10.499999899999848
-26.87620963835213, -10.708414283344515, -10.499999899999848
-25.56132926498465, -13.552077606297, -10.499999899999848
-23.948285606938818, -16.237850417036295, -10.499999899999848
-22.054357335770526, -18.733493116175975, -10.499999899999848
-19.900497963754216, -21.008557195472758, -10.499999899999848
-17.51135784494124, -23.0351678545179, -10.499999899999848
-14.916740284066393, -24.79106388830208, -10.499999899999848
-12.14795317356589, -26.257065542282085, -10.499999899999848
-9.237605127027178, -27.416888740763294, -10.499999899999848
-6.219439624526549, -28.25712670837192, -10.499999899999848
-3.128222347100425, -28.766613676292817, -10.499999899999848
0.0, -28.937822231244002, -10.499999899999848
4.440892098500626e-16, -28.937822231243995, -10.499999899999848
3.128222348337948, -28.76661368604763, -10.499999899999848
6.2194396326256705, -28.257126744596572, -10.499999899999848
9.23760512692551, -27.4168887407976, -10.499999899999848
12.147953173468506, -26.257065542327133, -10.499999899999848
14.91674028075218, -24.791063882625792, -10.499999899999848
17.511357846907504, -23.035167857036008, -10.499999899999848
19.90049796945592, -21.008557201354378, -10.499999899999848
22.054357339546627, -18.733493118852106, -10.499999899999848
23.948285606457, -16.23785041610944, -10.499999899999848
25.561329273896188, -13.552077611059067, -10.499999899999848
26.87620963831245, -10.708414283444185, -10.499999899999848
27.877671868251213, -7.739842415981045, -10.499999899999848
28.55378584237883, -4.680739464123254, -10.499999899999848
28.89488410365815, -1.5664450533759375, -10.499999899999848
28.894884096009257, 1.5664450533096375, -10.499999899999848
28.553785830634045, 4.680739462495675, -10.499999899999848
27.87767187078615, 7.739842416937972, -10.499999899999848
26.876209638352176, 10.708414283344581, -10.499999899999848
25.561329264984682, 13.55207760629706, -10.499999899999848
23.948285606938846, 16.237850417036366, -10.499999899999848
22.05435733577055, 18.73349311617604, -10.499999899999848
19.900497963754237, 21.008557195472832, -10.499999899999848
17.511357844941244, 23.035167854517958, -10.499999899999848
14.916740284066396, 24.791063888302155, -10.499999899999848
12.147953173565877, 26.25706554228213, -10.499999899999848
9.237605127027157, 27.41688874076332, -10.499999899999848
6.219439624526526, 28.257126708371903, -10.499999899999848
3.128222347100404, 28.76661367629283, -10.499999899999848
-4.440892098500626e-16, 28.937822231244002, -10.499999899999848
3.907985046680551e-14, 28.822352177406085, -10.699999899999847
-3.115536337009524, 28.651217462244425, -10.699999899999847
-6.194075515146818, 28.142670693282646, -10.699999899999847
-9.19982417896621, 27.305022805310657, -10.699999899999847
-12.09837890006975, 26.14978866037759, -10.699999899999847
-14.85629838658554, 24.690307816261903, -10.699999899999847
-17.441059131879165, 22.942435986885382, -10.699999899999847
-19.8210844878794, 20.924664269357933, -10.699999899999847
-21.965992524795404, 18.658577869493467, -10.699999899999847
-23.851391955126918, 16.172360721284953, -10.699999899999847
-25.45709097782265, 13.49694188548637, -10.699999899999847
-26.76638283258244, 10.664636364824576, -10.699999899999847
-27.76427284991806, 7.708215153032797, -10.699999899999847
-28.438692682377855, 4.661702224326196, -10.699999899999847
-28.77940725025992, 1.5601078083394966, -10.699999899999847
-28.77940724170191, -1.5601078082303819, -10.699999899999847
-28.43869266673452, -4.661702222005445, -10.699999899999847
-27.76427284794881, -7.7082151527794665, -10.699999899999847
-26.766382832624554, -10.664636364718982, -10.699999899999847
-25.45709096550774, -13.496941879008668, -10.699999899999847
-23.851391918872228, -16.172360697510474, -10.699999899999847
-21.96599252190898, -18.658577867629173, -10.699999899999847
-19.821084482225146, -20.924664263522214, -10.699999899999847
-17.441059132105895, -22.942435987213273, -10.699999899999847
-14.856298380107821, -24.69030780541871, -10.699999899999847
-12.098378900172907, -26.149788660329836, -10.699999899999847
-9.199824179073893, -27.30502280527426, -10.699999899999847
-6.194075509465833, -28.142670667857033, -10.699999899999847
-3.1155363355878527, -28.65121745128528, -10.699999899999847
0.0, -28.822352177406064, -10.699999899999847
0.0, -28.822352177406064, -10.699999899999847
3.1155363370095603, -28.651217462244375, -10.699999899999847
6.194075515146836, -28.142670693282533, -10.699999899999847
9.199824178966242, -27.3050228053106, -10.699999899999847
12.098378900069784, -26.149788660377528, -10.699999899999847
14.856298386585557, -24.69030781626181, -10.699999899999847
17.4410591318792, -22.942435986885314, -10.699999899999847
19.821084487879425, -20.92466426935785, -10.699999899999847
21.965992524795453, -18.65857786949341, -10.699999899999847
23.85139195512699, -16.17236072128491, -10.699999899999847
25.457090977822716, -13.49694188548632, -10.699999899999847
26.766382832582515, -10.664636364824533, -10.699999899999847
27.764272849918136, -7.70821515303275, -10.699999899999847
28.43869268237795, -4.661702224326155, -10.699999899999847
28.779407250259975, -1.5601078083394497, -10.699999899999847
28.779407241701982, 1.560107808230423, -10.699999899999847
28.438692666734596, 4.66170222200548, -10.699999899999847
27.764272847948874, 7.708215152779499, -10.699999899999847
26.76638283262461, 10.664636364719012, -10.699999899999847
25.457090965507774, 13.49694187900869, -10.699999899999847
23.851391918872277, 16.17236069751051, -10.699999899999847
21.965992521909033, 18.658577867629212, -10.699999899999847
19.82108448222517, 20.92466426352223, -10.699999899999847
17.44105913210595, 22.942435987213326, -10.699999899999847
14.856298380107853, 24.690307805418733, -10.699999899999847
12.098378900172937, 26.149788660329854, -10.699999899999847
9.199824179073918, 27.30502280527427, -10.699999899999847
6.1940755094658515, 28.142670667857026, -10.699999899999847
3.1155363355878722, 28.651217451285287, -10.699999899999847
-4.440892098500626e-16, 28.822352177406085, -10.699999899999847
3.907985046680551e-14, 28.706882123568157, -10.899999899999846
-3.1028502083292158, 28.53581980151582, -10.899999899999846
-6.1687109949833685, 28.02821312466133, -10.899999899999846
-9.162043055280588, 27.19315656534135, -10.899999899999846
-12.04880461269698, 26.04251164117204, -10.899999899999846
-14.795855894481644, 24.589550594601544, -10.899999899999846
-17.37075937538348, 22.84970277332786, -10.899999899999846
-19.74167085938398, 20.84077122476149, -10.899999899999846
-21.877626947234596, 18.583661906251983, -10.899999899999846
-23.75449677298094, 16.106870039689976, -10.899999899999846
-25.352852075745197, 13.441805934614365, -10.899999899999846
-26.656556018715097, 10.620858426299176, -10.899999899999846
-27.65087292056584, 7.676587544382476, -10.899999899999846
-28.32359774125477, 4.6426646798026185, -10.899999899999846
-28.66392980822094, 1.55377057894586, -10.899999899999846
-28.66392980273246, -1.5537705788594327, -10.899999899999846
-28.32359773239193, -4.642664678441978, -10.899999899999846
-27.650872916419527, -7.6765875430587, -10.899999899999846
-26.656556018913946, -10.62085842580037, -10.899999899999846
-25.35285206426204, -13.441805928164104, -10.899999899999846
-23.754496751885277, -16.106870025757193, -10.899999899999846
-21.87762694612532, -18.58366190568507, -10.899999899999846
-19.741670856092988, -20.84077122136333, -10.899999899999846
-17.370759376762138, -22.84970277516805, -10.899999899999846
-14.795855883832767, -24.589550575741264, -10.899999899999846
-12.04880461318437, -26.042511640946717, -10.899999899999846
-9.162043055738087, -27.193156565018132, -10.899999899999846
-6.168710990693603, -28.028213103368053, -10.899999899999846
-3.102850207432909, -28.535819794858398, -10.899999899999846
0.0, -28.706882123568143, -10.899999899999846
0.0, -28.706882123568157, -10.899999899999846
3.102850208329256, -28.535819801515817, -10.899999899999846
6.168710994983409, -28.02821312466131, -10.899999899999846
9.162043055280623, -27.193156565341297, -10.899999899999846
12.04880461269701, -26.042511641171977, -10.899999899999846
14.795855894481674, -24.58955059460147, -10.899999899999846
17.370759375383486, -22.84970277332776, -10.899999899999846
19.74167085938402, -20.840771224761422, -10.899999899999846
21.87762694723464, -18.58366190625192, -10.899999899999846
23.754496772981017, -16.106870039689934, -10.899999899999846
25.352852075745265, -13.441805934614312, -10.899999899999846
26.65655601871518, -10.620858426299124, -10.899999899999846
27.650872920565917, -7.676587544382424, -10.899999899999846
28.323597741254847, -4.642664679802563, -10.899999899999846
28.663929808220978, -1.5537705789458023, -10.899999899999846
28.663929802732515, 1.55377057885949, -10.899999899999846
28.323597732391985, 4.642664678442042, -10.899999899999846
27.650872916419594, 7.676587543058761, -10.899999899999846
26.65655601891399, 10.620858425800424, -10.899999899999846
25.352852064262084, 13.441805928164156, -10.899999899999846
23.75449675188532, 16.10687002575725, -10.899999899999846
21.877626946125364, 18.583661905685123, -10.899999899999846
19.741670856093027, 20.840771221363383, -10.899999899999846
17.370759376762184, 22.849702775168115, -10.899999899999846
14.795855883832846, 24.589550575741395, -10.899999899999846
12.04880461318439, 26.04251164094674, -10.899999899999846
9.162043055738108, 27.19315656501815, -10.899999899999846
6.168710990693625, 28.028213103368067, -10.899999899999846
3.1028502074329274, 28.53581979485841, -10.899999899999846
-4.440892098500626e-16, 28.706882123568157, -10.899999899999846
3.907985046680551e-14, 28.59141206973023, -11.099999899999846
-3.0901639625890884, 28.420420707534056, -11.099999899999846
-6.14334606654125, 27.9137540127906, -11.099999899999846
-9.12426175592038, 27.081290019754675, -11.099999899999846
-11.999230312536085, 25.935234483151767, -11.099999899999846
-14.73541280362516, 24.48879221124678, -11.099999899999846
-17.30045856620477, 22.75696819981917, -11.099999899999846
-19.662257078868702, 20.75687806260174, -11.099999899999846
-21.789260626011714, 18.508745243668333, -11.099999899999846
-23.65760007053446, 16.041378378436537, -11.099999899999846
-25.248612622427103, 13.386669786127866, -11.099999899999846
-26.546729196896898, 10.577080466455623, -11.099999899999846
-27.53747206308522, 7.64495958302458, -11.099999899999846
-28.208500989793844, 4.623626824224958, -11.099999899999846
-28.548451763518045, 1.5474333648744125, -11.099999899999846
-28.54845176332659, -1.5474333665892508, -11.099999899999846
-28.208500977210473, -4.623626823013146, -11.099999899999846
-27.537472085598512, -7.6449595928525556, -11.099999899999846
-26.546729196514693, -10.577080467414547, -11.099999899999846
-25.24861256604612, -13.386669758567425, -11.099999899999846
-23.657600082617602, -16.04137838794034, -11.099999899999846
-21.78926059750797, -18.508745220786764, -11.099999899999846
-19.6622570427233, -20.75687802551269, -11.099999899999846
-17.300458557816416, -22.756968189293566, -11.099999899999846
-14.7354127630497, -24.488792149075756, -11.099999899999846
-11.999230311598957, -25.9352344835847, -11.099999899999846
-9.124261753985387, -27.081290017267666, -11.099999899999846
-6.143346068348609, -27.913754026172146, -11.099999899999846
-3.0901639607459077, -28.42042069296805, -11.099999899999846
0.0, -28.59141206973022, -11.099999899999846
4.440892098500626e-16, -28.591412069730218, -11.099999899999846
3.0901639625103385, -28.420420707542714, -11.099999899999846
6.14334606638653, -27.913754012824935, -11.099999899999846
9.124261755695132, -27.081290019830742, -11.099999899999846
11.999230312248294, -25.935234483284688, -11.099999899999846
14.735412779326698, -24.488792172287422, -11.099999899999846
17.300458558059027, -22.756968189135932, -11.099999899999846
19.662257042876867, -20.756878025367428, -11.099999899999846
21.789260603017365, -18.508745224524553, -11.099999899999846
23.65760009301088, -16.041378394002482, -11.099999899999846
25.248612607665667, -13.386669778618119, -11.099999899999846
26.546729196857846, -10.577080466553754, -11.099999899999846
27.537472063149313, -7.644959584205832, -11.099999899999846
28.208500999762627, -4.623626826181771, -11.099999899999846
28.548451763350062, -1.5474333661671462, -11.099999899999846
28.54845175258191, 1.5474333651161458, -11.099999899999846
28.208500969608277, 4.623626821617562, -11.099999899999846
27.53747207325276, 7.644959588875415, -11.099999899999846
26.54672919647561, 10.57708046751278, -11.099999899999846
25.24861259054267, 13.386669771041026, -11.099999899999846
23.657600099269906, 16.04137839897976, -11.099999899999846
21.789260625602033, 18.508745244152287, -11.099999899999846
19.662257070438596, 20.75687805469853, -11.099999899999846
17.300458563121584, 22.756968196594684, -11.099999899999846
14.735412769147697, 24.488792158601317, -11.099999899999846
11.999230311311145, 25.93523448371772, -11.099999899999846
9.124261753760113, 27.081290017343807, -11.099999899999846
6.143346068193857, 27.913754026206544, -11.099999899999846
3.090163960667125, 28.420420692976784, -11.099999899999846
-4.440892098500626e-16, 28.591412069730232, -11.099999899999846
3.907985046680551e-14, 28.475942015892308, -11.299999899999845
-3.0774775937807792, 28.305020131503166, -11.299999899999845
-6.117980724799048, 27.799293357139284, -11.299999899999845
-9.086480275887732, 26.969423163982682, -11.299999899999845
-11.94965599766907, 25.82795718607602, -11.299999899999845
-14.674969077325725, 24.388032606009908, -11.299999899999845
-17.23015667869575, 22.664232231327592, -11.299999899999845
-19.582843105171904, 20.67298474052106, -11.299999899999845
-21.700893468738613, 18.433827805567386, -11.299999899999845
-23.56070192218447, 15.975885792277836, -11.299999899999845
-25.14437247931314, 13.331533372735457, -11.299999899999845
-26.43690236674486, 10.533302486834371, -11.299999899999845
-27.424070282583095, 7.613331269635605, -11.299999899999845
-28.093402418938435, 4.604588655072432, -11.299999899999845
-28.432973115361488, 1.5410961664412486, -11.299999899999845
-28.432973110977994, -1.541096167925737, -11.299999899999845
-28.09340237233248, -4.604588648032641, -11.299999899999845
-27.42407029353373, -7.613331276303217, -11.299999899999845
-26.436902366316005, -10.533302487910222, -11.299999899999845
-25.144372438762606, -13.331533353555752, -11.299999899999845
-23.560701908165406, -15.975885784260415, -11.299999899999845
-21.70089346277399, -18.43382780181744, -11.299999899999845
-19.582843104923292, -20.67298474075614, -11.299999899999845
-17.230156678440164, -22.66423223155309, -11.299999899999845
-14.674969059216485, -24.3880325797498, -11.299999899999845
-11.949655996928282, -25.827957186418143, -11.299999899999845
-9.0864802727716, -26.969423157375164, -11.299999899999845
-6.117980722919624, -27.799293353428535, -11.299999899999845
-3.077477591692819, -28.305020115125835, -11.299999899999845
0.0, -28.475942015892294, -11.299999899999845
4.440892098500626e-16, -28.475942015892294, -11.299999899999845
3.077477593757361, -28.30502013150574, -11.299999899999845
6.117980724753008, -27.799293357149487, -11.299999899999845
9.086480275820694, -26.969423164005303, -11.299999899999845
11.949655997583404, -25.827957186115544, -11.299999899999845
14.674969077224508, -24.388032606070453, -11.299999899999845
17.230156678582844, -22.664232231412946, -11.299999899999845
19.582843105051907, -20.672984740634504, -11.299999899999845
21.700893468616698, -18.433827805711456, -11.299999899999845
23.56070192206574, -15.975885792453866, -11.299999899999845
25.14437247920296, -13.331533372944087, -11.299999899999845
26.436902366648802, -10.533302487075476, -11.299999899999845
27.424070277412664, -7.613331269390005, -11.299999899999845
28.093402408049705, -4.604588653517445, -11.299999899999845
28.432973110997725, -1.5410961675722705, -11.299999899999845
28.432973103059695, 1.5410961666475986, -11.299999899999845
28.093402395169015, 4.604588651939375, -11.299999899999845
27.424070284081296, 7.613331272871233, -11.299999899999845
26.436902366346644, 10.53330248783355, -11.299999899999845
25.144372461982346, 13.331533365129564, -11.299999899999845
23.560701919545, 15.975885791684144, -11.299999899999845
21.700893500582378, 18.43382783345112, -11.299999899999845
19.582843139533512, 20.672984777603638, -11.299999899999845
17.23015668567342, 22.66423224202558, -11.299999899999845
14.674969066588385, 24.38803259101335, -11.299999899999845
11.949655996842605, 25.827957186457756, -11.299999899999845
9.086480272704554, 26.969423157397856, -11.299999899999845
6.1179807228735825, 27.799293353438827, -11.299999899999845
3.07747759166939, 28.305020115128457, -11.299999899999845
-4.440892098500626e-16, 28.475942015892308, -11.299999899999845
3.907985046680551e-14, 28.360471962054365, -11.499999899999844
-3.0647911006405693, 28.189618062974546, -11.499999899999844
-6.092614962709868, 27.68483112594224, -11.499999899999844
-9.048698610910378, 26.857555982735537, -11.499999899999844
-11.900081669792286, 25.72067974754488, -11.499999899999844
-14.614524783416202, 24.287271883282212, -11.499999899999844
-17.159853729388008, 22.57149488957968, -11.499999899999844
-19.50342906662998, 20.589091393448292, -11.499999899999844
-21.612525572276578, 18.35890967320573, -11.499999899999844
-23.463802202955872, 15.910392198179068, -11.499999899999844
-25.040131744355648, 13.276396745313255, -11.499999899999844
-26.327075528483697, 10.48952448699437, -11.499999899999844
-27.310667563744726, 7.581702598322416, -11.499999899999844
-27.978302005589708, 4.58555016747432, -11.499999899999844
-28.317493853579457, 1.5347589836885545, -11.499999899999844
-28.31749384383715, -1.5347589840374227, -11.499999899999844
-27.97830197915513, -4.585550162747753, -11.499999899999844
-27.31066755898884, -7.581702599283174, -11.499999899999844
-26.327075528560226, -10.489524486802512, -11.499999899999844
-25.040131710538734, -13.276396728163819, -11.499999899999844
-23.46380219871005, -15.910392195364569, -11.499999899999844
-21.612525572276613, -18.358909673205694, -11.499999899999844
-19.503429055309333, -20.589091381758703, -11.499999899999844
-17.159853728379083, -22.571494888308898, -11.499999899999844
-14.614524767055611, -24.2872718577634, -11.499999899999844
-11.900081668727474, -25.72067974803655, -11.499999899999844
-9.048698609799356, -26.857555983111297, -11.499999899999844
-6.092614965910875, -27.684831144670298, -11.499999899999844
-3.064791097833372, -28.189618041352844, -11.499999899999844
0.0, -28.360471962054365, -11.499999899999844
4.440892098500626e-16, -28.360471962054365, -11.499999899999844
3.0647911005460617, -28.189618062985044, -11.499999899999844
6.092614962524182, -27.6848311259835, -11.499999899999844
9.04869861064007, -26.857555982826923, -11.499999899999844
11.900081669446859, -25.720679747704352, -11.499999899999844
14.614524760443018, -24.2872718461015, -11.499999899999844
17.15985371869991, -22.571494874451897, -11.499999899999844
19.503429016570976, -20.589091340593292, -11.499999899999844
21.612525536302726, -18.358909642572506, -11.499999899999844
23.463802226626118, -15.910392213908843, -11.499999899999844
25.04013168940556, -13.276396717509265, -11.499999899999844
26.327075528607086, -10.48952448668504, -11.499999899999844
27.310667551696366, -7.581702595593812, -11.499999899999844
27.978301980396996, -4.585550162808296, -11.499999899999844
28.31749384383986, -1.5347589839899158, -11.499999899999844
28.317493837051572, 1.5347589834458366, -11.499999899999844
27.978301973978247, 4.5855501626462605, -11.499999899999844
27.31066756349276, 7.581702599222873, -11.499999899999844
26.32707552817273, 10.489524487774583, -11.499999899999844
25.040131710094588, 13.2763967290051, -11.499999899999844
23.463802198231562, 15.910392196074579, -11.499999899999844
21.612525571785213, 18.358909673786847, -11.499999899999844
19.503429054825478, 20.589091382216235, -11.499999899999844
17.1598537279238, 22.571494888653152, -11.499999899999844
14.614524766647436, 24.287271858007603, -11.499999899999844
11.900081668382029, 25.720679748196115, -11.499999899999844
9.048698609529021, 26.85755598320277, -11.499999899999844
6.092614965725177, 27.684831144711705, -11.499999899999844
3.0647910977388286, 28.18961804136337, -11.499999899999844
-4.440892098500626e-16, 28.360471962054365, -11.499999899999844
3.907985046680551e-14, 28.24500190821644, -11.699999899999844
-3.0521044806416646, 28.07421448334051, -11.699999899999844
-6.067248772777822, 27.570367294639112, -11.699999899999844
-9.010916763705374, 26.745688489631416, -11.699999899999844
-11.85050732834705, 25.613402167191797, -11.699999899999844
-14.554079824835949, 24.186509881145938, -11.699999899999844
-17.089549665224585, 22.478756098262927, -11.699999899999844
-19.424014768335415, 20.50519781510329, -11.699999899999844
-21.524156795542925, 18.28399072464049, -11.699999899999844
-23.366900960242567, 15.844897627542014, -11.699999899999844
-24.935890312322762, 13.221259849978935, -11.699999899999844
-26.21724868256203, 10.44574646399166, -11.699999899999844
-27.197263897168146, 7.550073562121075, -11.699999899999844
-27.86319971735888, 4.5665113520051825, -11.699999899999844
-28.20201396249761, 1.528421813754396, -11.699999899999844
-28.20201394582434, -1.528421817323379, -11.699999899999844
-27.863199685055, -4.56651134964783, -11.699999899999844
-27.197263890946694, -7.550073566118487, -11.699999899999844
-26.21724868139306, -10.445746466923481, -11.699999899999844
-24.935890310849675, -13.221259852770364, -11.699999899999844
-23.36690092784528, -15.844897609445198, -11.699999899999844
-21.52415678671888, -18.283990720888095, -11.699999899999844
-19.42401476702119, -20.505197816345476, -11.699999899999844
-17.089549663828112, -22.478756099410376, -11.699999899999844
-14.554079801684427, -24.186509847353335, -11.699999899999844
-11.8505073271233, -25.613402167756718, -11.699999899999844
-9.010916762428648, -26.745688490063483, -11.699999899999844
-6.067248775827567, -27.570367313474513, -11.699999899999844
-3.052104477354087, -28.074214458095305, -11.699999899999844
0.0, -28.24500190821644, -11.699999899999844
0.0, -28.24500190821644, -11.699999899999844
3.0521044806417046, -28.0742144833405, -11.699999899999844
6.067248772777858, -27.570367294639073, -11.699999899999844
9.010916763705408, -26.74568848963137, -11.699999899999844
11.850507328347081, -25.61340216719174, -11.699999899999844
14.554079844201958, -24.186509913419773, -11.699999899999844
17.089549677237713, -22.47875611684821, -11.699999899999844
19.42401482640588, -20.505197877943992, -11.699999899999844
21.524156840741572, -18.283990764425656, -11.699999899999844
23.36690093684241, -15.844897613521322, -11.699999899999844
24.935890365858366, -13.221259878596825, -11.699999899999844
26.2172486818923, -10.445746465671442, -11.699999899999844
27.197263896680248, -7.550073563862391, -11.699999899999844
27.86319971706078, -4.566511353788824, -11.699999899999844
28.20201396239635, -1.5284218155599425, -11.699999899999844
28.202013945925714, 1.528421815517827, -11.699999899999844
27.863199685353237, 4.566511347864192, -11.699999899999844
27.197263891434712, 7.550073564377175, -11.699999899999844
26.217248682062905, 10.445746465243705, -11.699999899999844
24.935890328310784, 13.221259859321941, -11.699999899999844
23.36690092586153, 15.844897606080009, -11.699999899999844
21.524156840741615, 18.283990764425702, -11.699999899999844
19.424014813163012, 20.50519786426769, -11.699999899999844
17.089549675967636, 22.478756115245886, -11.699999899999844
14.554079827569842, 24.186509887775834, -11.699999899999844
11.850507327123335, 25.61340216775674, -11.699999899999844
9.010916762428675, 26.74568849006349, -11.699999899999844
6.067248775827586, 27.57036731347449, -11.699999899999844
3.052104477354113, 28.074214458095295, -11.699999899999844
-8.881784197001252e-16, 28.24500190821644, -11.699999899999844
3.907985046680551e-14, 28.129531854378516, -11.899999899999843
-3.039417730909184, 27.958809369759294, -11.899999899999843
-6.041882150587022, 27.45590185249503, -11.899999899999843
-8.973134730568102, 26.63382067615924, -11.899999899999843
-11.800932973315504, 25.50612444286952, -11.899999899999843
-14.4936342594484, 24.085746691492897, -11.899999899999843
-17.0192445035665, 22.386015884584115, -11.899999899999843
-19.34460036449619, 20.42130417139506, -11.899999899999843
-21.435787231546193, 18.209071041891608, -11.899999899999843
-23.269998121520405, 15.779402037185065, -11.899999899999843
-24.83164829906578, 13.16612274959207, -11.899999899999843
-26.107421828028347, 10.401968421284597, -11.899999899999843
-27.083859273337367, 7.5184441605034396, -11.899999899999843
-27.74809554205104, 4.54747220920784, -11.899999899999843
-28.08653343958849, 1.5220846606003013, -11.899999899999843
-28.086533414576365, -1.522084663603324, -11.899999899999843
-27.748095488740883, -4.547472203079883, -11.899999899999843
-27.08385925794003, -7.518444162110901, -11.899999899999843
-26.10742182668807, -10.401968424645728, -11.899999899999843
-24.8316482972611, -13.166122752752289, -11.899999899999843
-23.269998092591603, -15.779402022015038, -11.899999899999843
-21.43578722068403, -18.209071036972016, -11.899999899999843
-19.344600363181183, -20.42130417263766, -11.899999899999843
-17.01924450212241, -22.38601588567403, -11.899999899999843
-14.493634239929305, -24.085746664039796, -11.899999899999843
-11.800932971672792, -25.506124443627662, -11.899999899999843
-8.973134728668105, -26.63382067620205, -11.899999899999843
-6.041882147165074, -27.455901843292878, -11.899999899999843
-3.0394177263008464, -27.958809334851097, -11.899999899999843
0.0, -28.129531854378516, -11.899999899999843
0.0, -28.129531854378516, -11.899999899999843
3.039417730909226, -27.958809369759297, -11.899999899999843
6.041882150587004, -27.455901852494726, -11.899999899999843
8.973134730568143, -26.63382067615919, -11.899999899999843
11.800932973315541, -25.50612444286946, -11.899999899999843
14.493634259448434, -24.08574669149282, -11.899999899999843
17.019244503566533, -22.38601588458403, -11.899999899999843
19.344600364496237, -20.42130417139499, -11.899999899999843
21.43578723154626, -18.209071041891555, -11.899999899999843
23.269998121520477, -15.779402037185015, -11.899999899999843
24.831648299065858, -13.16612274959202, -11.899999899999843
26.107421828028432, -10.401968421284549, -11.899999899999843
27.08385927333743, -7.518444160503381, -11.899999899999843
27.74809554205109, -4.547472209207777, -11.899999899999843
28.08653343958854, -1.5220846606002372, -11.899999899999843
28.08653341457641, 1.5220846636033913, -11.899999899999843
27.748095488740926, 4.547472203079944, -11.899999899999843
27.083859257940073, 7.518444162110956, -11.899999899999843
26.1074218266881, 10.401968424645778, -11.899999899999843
24.83164829726113, 13.166122752752347, -11.899999899999843
23.26999809259163, 15.779402022015102, -11.899999899999843
21.435787220684063, 18.209071036972084, -11.899999899999843
19.344600363181204, 20.42130417263772, -11.899999899999843
17.019244502122415, 22.386015885674077, -11.899999899999843
14.493634239929314, 24.085746664039842, -11.899999899999843
11.8009329716728, 25.506124443627694, -11.899999899999843
8.973134728668112, 26.633820676202063, -11.899999899999843
6.041882147165086, 27.455901843292896, -11.899999899999843
3.039417726300849, 27.95880933485108, -11.899999899999843
-4.440892098500626e-16, 28.129531854378516, -11.899999899999843
3.907985046680551e-14, 28.014061800540592, -12.099999899999842
-3.026730848090199, 27.843402697283345, -12.099999899999842
-6.016515087076581, 27.341434770954233, -12.099999899999842
-8.93535250827988, 26.521952538141623, -12.099999899999842
-11.75135860409263, 25.39884657369504, -12.099999899999842
-14.433188068798911, 23.984982281393954, -12.099999899999842
-16.94893823550995, 22.293274236037238, -12.099999899999842
-19.26518586226861, 20.337410471451843, -12.099999899999842
-21.347416882057466, 18.134150627072472, -12.099999899999842
-23.173093671755733, 15.713905419856255, -12.099999899999842
-24.72740568660979, 13.110985436631633, -12.099999899999842
-25.99759496439698, 10.358190359222313, -12.099999899999842
-26.970453681402137, 7.486814389583203, -12.099999899999842
-27.632989406248708, 4.528432724911177, -12.099999899999842
-27.971052253347317, 1.5157475228027004, -12.099999899999842
-27.97105223618567, -1.5157475234869395, -12.099999899999842
-27.632989382423993, -4.528432720915, -12.099999899999842
-26.970453661407777, -7.48681438603317, -12.099999899999842
-25.997594964454407, -10.358190359078428, -12.099999899999842
-24.727405653581016, -13.110985420316652, -12.099999899999842
-23.173093669174023, -15.71390541821846, -12.099999899999842
-21.34741688205753, -18.134150627072408, -12.099999899999842
-19.2651858509242, -20.337410459733828, -12.099999899999842
-16.948938236154085, -22.2932742370325, -12.099999899999842
-14.43318806389831, -23.98498227307743, -12.099999899999842
-11.751358603847951, -25.398846573807884, -12.099999899999842
-8.935352507842264, -26.521952537705868, -12.099999899999842
-6.016515090003414, -27.341434783558707, -12.099999899999842
-3.026730845374507, -27.84340267712025, -12.099999899999842
0.0, -28.014061800540592, -12.099999899999842
8.881784197001252e-16, -28.014061800540592, -12.099999899999842
3.026730848090235, -27.843402697283306, -12.099999899999842
6.016515087076626, -27.341434770954223, -12.099999899999842
8.935352508279918, -26.521952538141576, -12.099999899999842
11.751358604092669, -25.398846573694986, -12.099999899999842
14.433188068798946, -23.984982281393886, -12.099999899999842
16.948938235509974, -22.29327423603715, -12.099999899999842
19.265185862268655, -20.337410471451783, -12.099999899999842
21.347416882057523, -18.134150627072415, -12.099999899999842
23.17309367175579, -15.713905419856196, -12.099999899999842
24.727405686609863, -13.110985436631587, -12.099999899999842
25.997594964397056, -10.358190359222258, -12.099999899999842
26.9704536814022, -7.486814389583142, -12.099999899999842
27.632989406248743, -4.5284327249111085, -12.099999899999842
27.971052253347377, -1.5157475228026314, -12.099999899999842
27.971052236185713, 1.5157475234870126, -12.099999899999842
27.632989382424032, 4.528432720915066, -12.099999899999842
26.970453661407813, 7.4868143860332355, -12.099999899999842
25.99759496445444, 10.358190359078497, -12.099999899999842
24.727405653581034, 13.11098542031672, -12.099999899999842
23.173093669174037, 15.713905418218523, -12.099999899999842
21.34741688205755, 18.13415062707248, -12.099999899999842
19.265185850924222, 20.337410459733906, -12.099999899999842
16.948938236154095, 22.293274237032566, -12.099999899999842
14.433188063898399, 23.98498227307764, -12.099999899999842
11.751358603847946, 25.398846573807923, -12.099999899999842
8.935352507842257, 26.521952537705893, -12.099999899999842
6.016515090003395, 27.341434783558725, -12.099999899999842
3.0267308453744914, 27.843402677120263, -12.099999899999842
-4.440892098500626e-16, 28.014061800540592, -12.099999899999842
3.907985046680551e-14, 27.898591746702667, -12.299999899999841
-3.014043830347757, 27.727994449913282, -12.299999899999841
-5.991147583397964, 27.226966058034435, -12.299999899999841
-8.897570096154796, 26.410084072616392, -12.299999899999841
-11.701784222188447, 25.291568557541506, -12.299999899999841
-14.372741232020383, 23.88421660927757, -12.299999899999841
-16.878630818336383, 22.20053108859839, -12.299999899999841
-19.18577113827451, 20.25351658133542, -12.299999899999841
-21.25904563590099, 18.059229381831912, -12.299999899999841
-23.076187631034145, 15.648407786927129, -12.299999899999841
-24.623162378258705, 13.055847860725324, -12.299999899999841
-25.88776809324117, 10.314412273467537, -12.299999899999841
-26.857047112610548, 7.455184240268211, -12.299999899999841
-27.517881366677667, 4.509392904456263, -12.299999899999841
-27.855570423084842, 1.509410398720675, -12.299999899999841
-27.855570400076207, -1.5094103989821903, -12.299999899999841
-27.517881333711824, -4.509392898781554, -12.299999899999841
-26.857047087969246, -7.455184235312137, -12.299999899999841
-25.88776809332138, -10.31441227326657, -12.299999899999841
-24.62316234729893, -13.055847845573068, -12.299999899999841
-23.076187628288217, -15.648407785179918, -12.299999899999841
-21.259045635901035, -18.059229381831884, -12.299999899999841
-19.185771123869902, -20.253516566453307, -12.299999899999841
-16.878630819382494, -22.20053109015675, -12.299999899999841
-14.372741237296006, -23.8842166183851, -12.299999899999841
-11.701784221691137, -25.291568557770862, -12.299999899999841
-8.89757009548353, -26.410084072359815, -12.299999899999841
-5.991147585003502, -27.226966065505174, -12.299999899999841
-3.014043826822836, -27.7279944238194, -12.299999899999841
0.0, -27.898591746702667, -12.299999899999841
0.0, -27.898591746702667, -12.299999899999841
3.01404383032162, -27.727994449916235, -12.299999899999841
5.991147583346605, -27.226966058045996, -12.299999899999841
8.897570096079981, -26.410084072641723, -12.299999899999841
11.701784222092787, -25.29156855758559, -12.299999899999841
14.372741231907279, -23.884216609344982, -12.299999899999841
16.87863081821016, -22.200531088693435, -12.299999899999841
19.185771138140474, -20.253516581461984, -12.299999899999841
21.25904563576514, -18.05922938199297, -12.299999899999841
23.076187630901988, -15.64840778712391, -12.299999899999841
24.623162378135966, -13.05584786095837, -12.299999899999841
25.88776809313388, -10.314412273736679, -12.299999899999841
26.857047098177897, -7.455184237065377, -12.299999899999841
27.5178813339093, -4.509392899161771, -12.299999899999841
27.855570400055324, -1.5094103993504338, -12.299999899999841
27.855570401977282, 1.509410398067422, -12.299999899999841
27.51788134259797, 4.509392900509794, -12.299999899999841
26.857047112597417, 7.455184240371297, -12.299999899999841
25.887768093214046, 10.314412273535801, -12.299999899999841
24.62316234717616, 13.0558478458062, -12.299999899999841
23.076187628156035, 15.648407785376785, -12.299999899999841
21.259045635765176, 18.059229381993028, -12.299999899999841
19.18577112373588, 20.25351656657999, -12.299999899999841
16.87863081925628, 22.20053109025191, -12.299999899999841
14.372741237182899, 23.88421661845259, -12.299999899999841
11.701784221595465, 25.29156855781503, -12.299999899999841
8.8975700954087, 26.4100840723852, -12.299999899999841
5.991147584952113, 27.226966065516716, -12.299999899999841
3.0140438267966747, 27.72799442382235, -12.299999899999841
-4.440892098500626e-16, 27.898591746702667, -12.299999899999841
3.907985046680551e-14, 27.783121692864743, -12.49999989999984
-3.001356673428619, 27.61258459751856, -12.49999989999984
-5.9657796280892414, 27.112495674860718, -12.49999989999984
-8.85978749968027, 26.29821530359222, -12.49999989999984
-11.652209825919684, 25.184290394984746, -12.49999989999984
-14.312293746379416, 23.783449671996983, -12.49999989999984
-16.808322230056127, 22.107786414817927, -12.49999989999984
-19.10635616753778, 20.169622478672398, -12.49999989999984
-21.17067346718289, 17.984307288237872, -12.49999989999984
-22.979279956138416, 15.582909116095381, -12.49999989999984
-24.518918389374505, 13.00071003579234, -12.49999989999984
-25.77794124649846, 10.270634181603164, -12.49999989999984
-26.74363955577025, 7.423553712932914, -12.49999989999984
-27.402771305167885, 4.490352729871994, -12.49999989999984
-27.740087888864643, 1.5030732893722702, -12.49999989999984
-27.740087890685647, -1.503073288165878, -12.49999989999984
-27.40277131885072, -4.490352729098089, -12.49999989999984
-26.743639530791206, -7.423553702886347, -12.49999989999984
-25.777941248164932, -10.270634177425624, -12.49999989999984
-24.5189183821225, -13.000710027990653, -12.49999989999984
-22.979279929280494, -15.582909092914282, -12.49999989999984
-21.170673485725843, -17.984307300095526, -12.49999989999984
-19.10635616893426, -20.169622477353844, -12.49999989999984
-16.808322231647384, -22.107786413736765, -12.49999989999984
-14.312293735543719, -23.78344964997728, -12.49999989999984
-11.652209828259899, -25.184290393905453, -12.49999989999984
-8.859787492795594, -26.298215276343267, -12.49999989999984
-5.96577963206095, -27.11249568184784, -12.49999989999984
-3.001356675195032, -27.612584609862996, -12.49999989999984
0.0, -27.783121692864743, -12.49999989999984
4.440892098500626e-16, -27.783121692864743, -12.49999989999984
3.0013566733628494, -27.61258459752596, -12.49999989999984
5.965779627960051, -27.112495674889722, -12.49999989999984
8.859787499492157, -26.298215303655986, -12.49999989999984
11.652209825679162, -25.184290395095633, -12.49999989999984
14.31229374825477, -23.783449675534435, -12.49999989999984
16.80832223936791, -22.10778642672449, -12.49999989999984
19.10635621246109, -20.169622525036814, -12.49999989999984
21.17067353484996, -17.984307343092382, -12.49999989999984
22.979279948641423, -15.582909108986003, -12.49999989999984
24.5189184046122, -13.00071004160648, -12.49999989999984
25.777941246940166, -10.270634180495893, -12.49999989999984
26.743639556075333, -7.423553711849145, -12.49999989999984
27.402771305344224, -4.490352728827109, -12.49999989999984
27.740087888921234, -1.503073288380454, -12.49999989999984
27.740087890632882, 1.5030732890915735, -12.49999989999984
27.40277131870745, 4.490352729947049, -12.49999989999984
26.743639530575926, 7.423553703651373, -12.49999989999984
25.777941247895054, 10.270634178102293, -12.49999989999984
24.518918381813986, 13.000710028576668, -12.49999989999984
22.97927992894838, 15.582909093409219, -12.49999989999984
21.17067348538436, 17.984307300500607, -12.49999989999984
19.106356168597227, 20.16962247767214, -12.49999989999984
16.80832223132999, 22.107786413975802, -12.49999989999984
14.312293735259322, 23.78344965014685, -12.49999989999984
11.652209828019384, 25.18429039401642, -12.49999989999984
8.859787492607479, 26.298215276407106, -12.49999989999984
5.965779631931749, 27.112495681876904, -12.49999989999984
3.001356675129249, 27.612584609870463, -12.49999989999984
-4.440892098500626e-16, 27.783121692864743, -12.49999989999984
3.552713678800501e-14, 27.66765163902682, -12.69999989999984
-2.9886693757605434, 27.497173126166505, -12.69999989999984
-5.940411216196599, 26.998023607649838, -12.69999989999984
-8.82200469911981, 26.18634617216226, -12.69999989999984
-11.602635417034204, 25.077012081332317, -12.69999989999984
-14.251845614303186, 23.68268146303146, -12.69999989999984
-16.738012496315974, 22.0150402456294, -12.69999989999984
-19.026941102023148, 20.085728321364513, -12.69999989999984
-21.082300480347946, 17.90938443057649, -12.69999989999984
-22.882370633383534, 15.517409395818056, -12.69999989999984
-24.41467376475738, 12.945571980292499, -12.69999989999984
-25.668114358247287, 10.226856051835401, -12.69999989999984
-26.630231002137375, 7.3919227977242254, -12.69999989999984
-27.28765929818677, 4.471312208586913, -12.69999989999984
-27.62460470540904, 1.496736193646936, -12.69999989999984
-27.624604707141035, -1.4967361919411841, -12.69999989999984
-27.287659312145554, -4.471312207414764, -12.69999989999984
-26.630230979801784, -7.391922787607433, -12.69999989999984
-25.668114360094986, -10.22685604720409, -12.69999989999984
-24.414673761286636, -12.945571973766858, -12.69999989999984
-22.88237060770028, -15.517409372884707, -12.69999989999984
-21.082300502175993, -17.90938444470235, -12.69999989999984
-19.02694110358641, -20.085728319888872, -12.69999989999984
-16.73801249807439, -22.0150402443907, -12.69999989999984
-14.251845607155632, -23.682681446463683, -12.69999989999984
-11.602635419610198, -25.07701208014463, -12.69999989999984
-8.822004693526411, -26.186346147821034, -12.69999989999984
-5.940411220285235, -26.998023614113894, -12.69999989999984
-2.9886693777260622, -27.49717313977577, -12.69999989999984
0.0, -27.66765163902682, -12.69999989999984
4.440892098500626e-16, -27.66765163902682, -12.69999989999984
2.9886693757605776, -27.497173126166484, -12.69999989999984
5.940411216196627, -26.99802360764978, -12.69999989999984
8.82200469911984, -26.186346172162217, -12.69999989999984
11.602635417034232, -25.07701208133227, -12.69999989999984
14.251845614303207, -23.6826814630314, -12.69999989999984
16.738012496316003, -22.015040245629336, -12.69999989999984
19.02694110202319, -20.085728321364467, -12.69999989999984
21.082300480347985, -17.909384430576452, -12.69999989999984
22.882370633383594, -15.517409395818028, -12.69999989999984
24.414673764757445, -12.945571980292467, -12.69999989999984
25.668114358247415, -10.226856051835396, -12.69999989999984
26.630231002137425, -7.391922797724186, -12.69999989999984
27.287659298186764, -4.471312208586866, -12.69999989999984
27.62460470540907, -1.4967361936468935, -12.69999989999984
27.62460470714107, 1.4967361919412232, -12.69999989999984
27.287659312145593, 4.471312207414798, -12.69999989999984
26.63023097980182, 7.391922787607459, -12.69999989999984
25.668114360095068, 10.226856047204132, -12.69999989999984
24.414673761286675, 12.945571973766882, -12.69999989999984
22.882370607700334, 15.517409372884742, -12.69999989999984
21.082300502176018, 17.909384444702354, -12.69999989999984
19.02694110358646, 20.085728319888897, -12.69999989999984
16.73801249807444, 22.015040244390715, -12.69999989999984
14.251845607155675, 23.682681446463707, -12.69999989999984
11.602635419610236, 25.077012080144645, -12.69999989999984
8.822004693526454, 26.18634614782104, -12.69999989999984
5.940411220285278, 26.998023614113897, -12.69999989999984
2.988669377726103, 27.49717313977573, -12.69999989999984
-8.881784197001252e-16, 27.66765163902682, -12.69999989999984
3.907985046680551e-14, 27.552181585188915, -12.89999989999984
-2.975981933599425, 27.381760008250186, -12.89999989999984
-5.915042341139079, 26.883549836729227, -12.89999989999984
-8.784221701913648, 26.07447670507978, -12.89999989999984
-11.55306099431845, 24.96973361522692, -12.89999989999984
-14.191396824362192, 23.581911961814033, -12.89999989999984
-16.667701585214267, 21.922292537228813, -12.89999989999984
-18.94752587156789, 20.001834036840847, -12.89999989999984
-20.99392667505988, 17.834460807009552, -12.89999989999984
-22.78545963604783, 15.451908609303457, -12.89999989999984
-24.31042847389347, 12.89043367978904, -12.89999989999984
-25.558287449212607, 10.183077892045453, -12.89999989999984
-26.516821441085074, 7.360291489776705, -12.89999989999984
-27.172545273557773, 4.452271326831438, -12.89999989999984
-27.50912084150571, 1.4903991116907056, -12.89999989999984
-27.509120833162925, -1.490399111761488, -12.89999989999984
-27.172545288270605, -4.452271329479466, -12.89999989999984
-26.51682142271997, -7.3602914847137715, -12.89999989999984
-25.55828744945025, -10.18307789145006, -12.89999989999984
-24.310428465728176, -12.890433675720017, -12.89999989999984
-22.785459656581224, -15.45190862300729, -12.89999989999984
-20.993926675059935, -17.834460807009528, -12.89999989999984
-18.947525933429567, -20.00183410053155, -12.89999989999984
-16.66770161411353, -21.92229257391251, -12.89999989999984
-14.191396827832712, -23.581911962686593, -12.89999989999984
-11.553060997174088, -24.969733614677484, -12.89999989999984
-8.784221696791501, -26.074476682340077, -12.89999989999984
-5.9150423450529175, -26.8835498429507, -12.89999989999984
-2.975981937168105, -27.381760035826296, -12.89999989999984
0.0, -27.552181585188894, -12.89999989999984
4.440892098500626e-16, -27.552181585188894, -12.89999989999984
2.975981933599463, -27.381760008250154, -12.89999989999984
5.915042341139114, -26.88354983672917, -12.89999989999984
8.784221701913687, -26.074476705079736, -12.89999989999984
11.553060994478903, -24.96973361557568, -12.89999989999984
14.191396825194861, -23.58191196349509, -12.89999989999984
16.667701583266854, -21.9222925348047, -12.89999989999984
18.947525864415613, -20.001834029570546, -12.89999989999984
20.993926603781354, -17.834460749828242, -12.89999989999984
22.78545963853593, -15.45190861401654, -12.89999989999984
24.31042846779735, -12.890433679475407, -12.89999989999984
25.558287448403735, -10.18307789407291, -12.89999989999984
26.51682144049247, -7.360291491877586, -12.89999989999984
27.172545273192643, -4.452271328983552, -12.89999989999984
27.509120841380355, -1.4903991138699761, -12.89999989999984
27.509120833288332, 1.4903991095822238, -12.89999989999984
27.17254528863574, 4.452271327327352, -12.89999989999984
26.516821423312656, 7.360291482612897, -12.89999989999984
25.558287450259066, 10.183077889422561, -12.89999989999984
24.310428471761973, 12.890433676706238, -12.89999989999984
22.78545961461407, 15.451908592615615, -12.89999989999984
20.99392666264467, 17.83446079425929, -12.89999989999984
18.947525866003232, 20.00183402807241, -12.89999989999984
16.667701585030912, 21.92229253352011, -12.89999989999984
14.191396825339563, 23.581911958787355, -12.89999989999984
11.55306099726019, 24.969733614864786, -12.89999989999984
8.784221696791482, 26.074476682340105, -12.89999989999984
5.915042345052897, 26.88354984295071, -12.89999989999984
2.9759819371680996, 27.38176003582643, -12.89999989999984
-4.440892098500626e-16, 27.552181585188894, -12.89999989999984
3.552713678800501e-14, 27.43671153135097, -13.099999899999839
-2.9632943437899386, 27.26634521997368, -13.099999899999839
-5.889672996443094, 26.769074342688334, -13.099999899999839
-8.746438504460526, 25.962606895162203, -13.099999899999839
-11.503486559064854, 24.86245499765305, -13.099999899999839
-14.130947372215722, 23.481141157677293, -13.099999899999839
-16.597389476008797, 21.829543260389052, -13.099999899999839
-18.86811045201494, 19.91793960064116, -13.099999899999839
-20.90555182335433, 17.759536233654867, -13.099999899999839
-22.688546950662733, 15.386406758675806, -13.099999899999839
-24.20618249674059, 12.835295133791362, -13.099999899999839
-25.448460543566483, 10.139299718252035, -13.099999899999839
-26.40341086119727, 7.3286597904145685, -13.099999899999839
-27.05742920740905, 4.433230083754971, -13.099999899999839
-27.39363626545344, 1.4840620443434196, -13.099999899999839
-27.39363625768491, -1.4840620419706125, -13.099999899999839
-27.05742922241403, -4.433230083987553, -13.099999899999839
-26.403410848404146, -7.328659783960496, -13.099999899999839
-25.448460544725815, -10.139299715346791, -13.099999899999839
-24.20618249766947, -12.835295131146111, -13.099999899999839
-22.68854696813795, -15.386406766935488, -13.099999899999839
-20.905551895801455, -17.759536291591505, -13.099999899999839
-18.86811052237337, -19.917939672972825, -13.099999899999839
-16.597389510296583, -21.82954330387408, -13.099999899999839
-14.13094737788064, -23.481141161260965, -13.099999899999839
-11.503486562021479, -24.862454996595627, -13.099999899999839
-8.746438501450731, -25.962606877500967, -13.099999899999839
-5.889673000530587, -26.769074348478824, -13.099999899999839
-2.96329434755571, -27.26634524868646, -13.099999899999839
0.0, -27.43671153135097, -13.099999899999839
0.0, -27.43671153135097, -13.099999899999839
2.9632943437899737, -27.266345219973665, -13.099999899999839
5.889672996443121, -26.769074342688278, -13.099999899999839
8.746438504460556, -25.962606895162164, -13.099999899999839
11.503486559064887, -24.862454997653003, -13.099999899999839
14.13094737221575, -23.481141157677236, -13.099999899999839
16.597389476008818, -21.829543260388988, -13.099999899999839
18.868110452014978, -19.91793960064111, -13.099999899999839
20.90555182335439, -17.759536233654842, -13.099999899999839
22.68854695066279, -15.386406758675768, -13.099999899999839
24.20618249674065, -12.835295133791329, -13.099999899999839
25.448460543566554, -10.139299718252012, -13.099999899999839
26.40341086421158, -7.328659791244259, -13.099999899999839
27.057429222005638, -4.433230086405886, -13.099999899999839
27.39363625754343, -1.4840620444197425, -13.099999899999839
27.393636275747255, 1.4840620392367136, -13.099999899999839
27.057429245029763, 4.433230085156581, -13.099999899999839
26.40341085606556, 7.328659783331274, -13.099999899999839
25.44846054563498, 10.139299713068255, -13.099999899999839
24.206182505872686, 12.835295132822113, -13.099999899999839
22.68854692711391, 15.38640673688965, -13.099999899999839
20.905551884516424, 17.759536279441317, -13.099999899999839
18.868110453799442, 19.91793959895767, -13.099999899999839
16.59738947796317, 21.829543258909776, -13.099999899999839
14.130947377178877, 23.481141160240238, -13.099999899999839
11.503486562098544, 24.862454996763166, -13.099999899999839
8.746438501450772, 25.96260687750098, -13.099999899999839
5.889673000530629, 26.769074348478828, -13.099999899999839
2.963294347555859, 27.2663452486873, -13.099999899999839
-4.440892098500626e-16, 27.43671153135099, -13.099999899999839
3.552713678800501e-14, 27.321241477513045, -13.299999899999838
-2.9506066051544835, 27.150928753471153, -13.299999899999838
-5.864303172311879, 26.654597083080024, -13.299999899999838
-8.708655105388491, 25.85073673691191, -13.299999899999838
-11.453912111977115, 24.75517622556657, -13.299999899999838
-14.070497250644724, 23.380369032103225, -13.299999899999838
-16.527076159449276, 21.73679239998162, -13.299999899999838
-18.78869486177402, 19.834045032133886, -13.299999899999838
-20.817176163997722, 17.684610901272578, -13.299999899999838
-22.59163255148492, 15.320903817833976, -13.299999899999838
-24.10193584046869, 12.78015633765338, -13.299999899999838
-25.33863361949172, 10.095521513378255, -13.299999899999838
-26.2899992529437, 7.2970276875479145, -13.299999899999838
-26.942311065464303, 4.414188465689677, -13.299999899999838
-27.278150972865475, 1.4777249876493272, -13.299999899999838
-27.278150968767964, -1.4777249877641598, -13.299999899999838
-26.942311087527482, -4.414188469774514, -13.299999899999838
-26.289999251340202, -7.297027686409821, -13.299999899999838
-25.338633619682724, -10.095521512899747, -13.299999899999838
-24.10193584438985, -12.780156339305877, -13.299999899999838
-22.59163256465971, -15.32090382621827, -13.299999899999838
-20.81717619731399, -17.684610928502405, -13.299999899999838
-18.788694889797128, -19.834045060823225, -13.299999899999838
-16.527076159442803, -21.736792399845534, -13.299999899999838
-14.070497256871606, -23.380369041636776, -13.299999899999838
-11.45391211277983, -24.75517622608141, -13.299999899999838
-8.708655103284677, -25.850736729808187, -13.299999899999838
-5.864303178905873, -26.65459711170639, -13.299999899999838
-2.9506066072397372, -27.150928772419377, -13.299999899999838
0.0, -27.321241477513045, -13.299999899999838
4.440892098500626e-16, -27.321241477513045, -13.299999899999838
2.9506066051556634, -27.150928753471014, -13.299999899999838
5.864303172314154, -26.654597083079462, -13.299999899999838
8.708655105391795, -25.850736736910758, -13.299999899999838
11.453912111455335, -24.75517622441679, -13.299999899999838
14.070497246360194, -23.380369024467093, -13.299999899999838
16.527076157604156, -21.73679239727985, -13.299999899999838
18.788694864653436, -19.834045034923598, -13.299999899999838
20.817176197319903, -17.684610928495353, -13.299999899999838
22.591632559239144, -15.320903822591342, -13.299999899999838
24.10193583926483, -12.780156336824405, -13.299999899999838
25.338633619484167, -10.095521513397482, -13.299999899999838
26.289999252938415, -7.297027687566691, -13.299999899999838
26.94231106546121, -4.414188465707774, -13.299999899999838
27.2781509728645, -1.4777249876665142, -13.299999899999838
27.27815096876892, 1.4777249877481202, -13.299999899999838
26.94231108753002, 4.414188469759807, -13.299999899999838
26.289999251343982, 7.297027686396573, -13.299999899999838
25.338633619687492, 10.095521512888041, -13.299999899999838
24.101935844395225, 12.780156339295724, -13.299999899999838
22.591632564665545, 15.320903826209712, -13.299999899999838
20.817176197319952, 17.6846109284954, -13.299999899999838
18.788694889803004, 19.834045060817715, -13.299999899999838
16.52707615944835, 21.736792399841413, -13.299999899999838
14.07049725687658, 23.380369041633863, -13.299999899999838
11.453912112784042, 24.755176226079506, -13.299999899999838
8.708655103287967, 25.850736729807092, -13.299999899999838
5.864303178908142, 26.654597111705883, -13.299999899999838
2.9506066072408945, 27.150928772419167, -13.299999899999838
-8.881784197001252e-16, 27.321241477513045, -13.299999899999838
3.552713678800501e-14, 27.20577142367512, -13.499999899999837
-2.9379187102026783, 27.03551055277671, -13.499999899999837
-5.838932868144941, 26.540118083429345, -13.499999899999837
-8.670871501654382, 25.738866235842714, -13.499999899999837
-11.404337649699743, 24.647897297094794, -13.499999899999837
-14.010046450822548, 23.27959557074926, -13.499999899999837
-16.456761616754164, 21.644039931884727, -13.499999899999837
-18.70927909001204, 19.750150322079993, -13.499999899999837
-20.72879953500618, 17.609684681260006, -13.499999899999837
-22.49471641174492, 15.255399780303266, -13.499999899999837
-23.997688494851953, 12.725017295397407, -13.499999899999837
-25.22880669725603, 10.051743291774976, -13.499999899999837
-26.17658662215092, 7.265395186198947, -13.499999899999837
-26.82719085754921, 4.395146477899847, -13.499999899999837
-27.162664954728914, 1.4713879454784167, -13.499999899999837
-27.162664953388788, -1.4713879440640927, -13.499999899999837
-26.827190857378135, -4.3951464777765, -13.499999899999837
-26.17658661777176, -7.265395184210304, -13.499999899999837
-25.228806697458754, -10.051743291267131, -13.499999899999837
-23.9976885014016, -12.725017298264698, -13.499999899999837
-22.494716424564263, -15.25539978842783, -13.499999899999837
-20.728799564516198, -17.609684705328586, -13.499999899999837
-18.70927911416135, -19.750150346749578, -13.499999899999837
-16.456761616704497, -21.644039931669134, -13.499999899999837
-14.010046459698918, -23.279595584606238, -13.499999899999837
-11.404337650471172, -24.64789729746567, -13.499999899999837
-8.670871502088085, -25.738866235784727, -13.499999899999837
-5.838932874676677, -26.540118111802926, -13.499999899999837
-2.9379187122851413, -27.035510571708613, -13.499999899999837
0.0, -27.20577142367512, -13.499999899999837
4.440892098500626e-16, -27.20577142367512, -13.499999899999837
2.9379187102051465, -27.035510552776405, -13.499999899999837
5.838932868149755, -26.540118083428236, -13.499999899999837
8.670871501661368, -25.73886623584029, -13.499999899999837
11.404337649320809, -24.647897296243972, -13.499999899999837
14.010046444899837, -23.279595560302862, -13.499999899999837
16.456761615114665, -21.64403992941301, -13.499999899999837
18.709279092357722, -19.750150324266677, -13.499999899999837
20.728799564528803, -17.609684705313576, -13.499999899999837
22.49471641940483, -15.25539978496371, -13.499999899999837
23.997688491186054, -12.725017293373423, -13.499999899999837
25.22880669725283, -10.051743291782891, -13.499999899999837
26.17658662214928, -7.2653951862048105, -13.499999899999837
26.82719085754862, -4.395146477903442, -13.499999899999837
27.162664954728868, -1.4713879454796088, -13.499999899999837
27.162664953388784, 1.471387944065349, -13.499999899999837
26.827190857377573, 4.395146477780165, -13.499999899999837
26.176586617770116, 7.26539518421624, -13.499999899999837
25.228806697455518, 10.051743291275105, -13.499999899999837
23.99768851506776, 12.725017305144819, -13.499999899999837
22.494716391935423, 15.255399767224375, -13.499999899999837
20.728799559450746, 17.609684701468804, -13.499999899999837
18.70927908999874, 19.75015032209262, -13.499999899999837
16.456761616737555, 21.644039931897222, -13.499999899999837
14.010046464749186, 23.279595592950276, -13.499999899999837
11.404337650723889, 24.647897297993712, -13.499999899999837
8.670871502095041, 25.73886623578238, -13.499999899999837
5.838932874681453, 26.540118111801863, -13.499999899999837
2.937918712287522, 27.035510571708016, -13.499999899999837
-4.440892098500626e-16, 27.20577142367512, -13.499999899999837
3.552713678800501e-14, 27.090301369837217, -13.699999899999836
-2.9252306575606255, 26.920090607678354, -13.699999899999836
-5.813562074043228, 26.425637300757785, -13.699999899999836
-8.63308768971258, 25.626995379746752, -13.699999899999836
-11.354763174141006, 24.540618210668995, -13.699999899999836
-13.949594965317653, 23.178820754170697, -13.699999899999836
-16.386445833001066, 21.551285832716683, -13.699999899999836
-18.629863134152245, 19.666255467341873, -13.699999899999836
-20.640421957461026, 17.5347575885386, -13.699999899999836
-22.39779851335458, 15.189894633245922, -13.699999899999836
-23.89344044870363, 12.669878000490959, -13.699999899999836
-25.118979757724762, 10.007965043053913, -13.699999899999836
-26.063172934824983, 7.233762273065023, -13.699999899999836
-26.71206850486266, 4.376104102886144, -13.699999899999836
-27.047178203357685, 1.4650509160355698, -13.699999899999836
-27.04717820277947, -1.4650509147333928, -13.699999899999836
-26.712068505108743, -4.3761041027049075, -13.699999899999836
-26.063172933399343, -7.233762271603355, -13.699999899999836
-25.118979757918336, -10.007965042568681, -13.699999899999836
-23.8934404771057, -12.66987801396192, -13.699999899999836
-22.397798498275098, -15.189894623291977, -13.699999899999836
-20.64042197833608, -17.534757605759854, -13.699999899999836
-18.629863134168183, -19.66625546732688, -13.699999899999836
-16.386445832834124, -21.551285832473866, -13.699999899999836
-13.949594990747118, -23.17882079566096, -13.699999899999836
-11.354763175593527, -24.540618212645125, -13.699999899999836
-8.633087694586665, -25.626995392413384, -13.699999899999836
-5.813562080361149, -26.425637329043926, -13.699999899999836
-2.9252306596496886, -26.9200906266883, -13.699999899999836
0.0, -27.090301369837196, -13.699999899999836
4.440892098500626e-16, -27.090301369837196, -13.699999899999836
2.925230657560663, -26.920090607678343, -13.699999899999836
5.813562074043263, -26.425637300757767, -13.699999899999836
8.63308768971261, -25.626995379746706, -13.699999899999836
11.35476317414104, -24.540618210668953, -13.699999899999836
13.94959496531768, -23.17882075417064, -13.699999899999836
16.386445833001098, -21.551285832716626, -13.699999899999836
18.629863134152288, -19.666255467341834, -13.699999899999836
20.640421957461097, -17.534757588538582, -13.699999899999836
22.397798513354637, -15.189894633245888, -13.699999899999836
23.893440448703693, -12.669878000490925, -13.699999899999836
25.118979757724638, -10.007965043053803, -13.699999899999836
26.063172934825012, -7.233762273064978, -13.699999899999836
26.71206850486269, -4.376104102886096, -13.699999899999836
27.0471782033577, -1.4650509160355212, -13.699999899999836
27.047178202779477, 1.4650509147334438, -13.699999899999836
26.71206850510875, 4.376104102704952, -13.699999899999836
26.063172933399358, 7.233762271603403, -13.699999899999836
25.1189797579183, 10.00796504256872, -13.699999899999836
23.893440477105703, 12.669878013961974, -13.699999899999836
22.39779849827506, 15.189894623292005, -13.699999899999836
20.640421978336093, 17.53475760575992, -13.699999899999836
18.62986313416819, 19.666255467326938, -13.699999899999836
16.38644583283412, 21.5512858324739, -13.699999899999836
13.94959499074712, 23.178820795661004, -13.699999899999836
11.35476317559352, 24.540618212645168, -13.699999899999836
8.63308769458666, 25.62699539241342, -13.699999899999836
5.813562080361136, 26.425637329043948, -13.699999899999836
2.925230659649679, 26.92009062668834, -13.699999899999836
-4.440892098500626e-16, 27.090301369837217, -13.699999899999836
3.552713678800501e-14, 26.974831315999293, -13.899999899999836
-2.912542443624037, 26.804668892533357, -13.899999899999836
-5.788190782828354, 26.3111547145243, -13.899999899999836
-8.595303669771813, 25.51512417294086, -13.899999899999836
-11.305188685178187, 24.43333896480563, -13.899999899999836
-13.889142791671409, 23.078044574351146, -13.899999899999836
-16.31612879192643, 21.458530078500534, -13.899999899999836
-18.55044699111683, 19.582360465123603, -13.899999899999836
-20.552043415834003, 17.459829610012854, -13.899999899999836
-22.300878833741315, 15.124388364273779, -13.899999899999836
-23.789191698493045, 12.614738452588586, -13.899999899999836
-25.009152818050833, 9.964186773944215, -13.899999899999836
-25.949758182714103, 7.2021289437296065, -13.899999899999836
-26.596944002737203, 4.357061338085244, -13.899999899999836
-26.931690702256958, 1.4587138989446942, -13.899999899999836
-26.93169070259744, -1.4587138979363126, -13.899999899999836
-26.5969440031006, -4.357061337933142, -13.899999899999836
-25.949758184144727, -7.202128942817454, -13.899999899999836
-25.009152818251838, -9.964186773440852, -13.899999899999836
-23.78919171675511, -12.61473846113311, -13.899999899999836
-22.300878839310656, -15.12438836749441, -13.899999899999836
-20.55204343565709, -17.459829625951755, -13.899999899999836
-18.550447005474282, -19.58236047950671, -13.899999899999836
-16.31612879159737, -21.458530077739155, -13.899999899999836
-13.88914281262581, -23.078044608437178, -13.899999899999836
-11.305188686020722, -24.43333896534655, -13.899999899999836
-8.595303678316016, -25.51512419573077, -13.899999899999836
-5.788190789069909, -26.311154742503582, -13.899999899999836
-2.9125424456992626, -26.80466891145376, -13.899999899999836
0.0, -26.97483131599927, -13.899999899999836
4.440892098500626e-16, -26.97483131599927, -13.899999899999836
2.912542443620096, -26.80466889253378, -13.899999899999836
5.788190782820587, -26.311154714526033, -13.899999899999836
8.595303669760485, -25.515124172944684, -13.899999899999836
11.305188685163689, -24.433338964812275, -13.899999899999836
13.889142791654233, -23.078044574361293, -13.899999899999836
16.316128791907243, -21.45853007851486, -13.899999899999836
18.55044699109649, -19.58236046514277, -13.899999899999836
20.552043415813515, -17.45982961003737, -13.899999899999836
22.30087883372138, -15.124388364303696, -13.899999899999836
23.78919169847452, -12.61473845262399, -13.899999899999836
25.009152818034647, -9.96418677398509, -13.899999899999836
25.94975814736866, -7.202128934314518, -13.899999899999836
26.596943982635267, -4.3570613342251265, -13.899999899999836
26.93169070495719, -1.4587138987752175, -13.899999899999836
26.93169070226049, 1.4587138988847759, -13.899999899999836
26.596944003352096, 4.357061338129862, -13.899999899999836
25.94975813946097, 7.202128931614937, -13.899999899999836
25.009152818256958, 9.964186773427867, -13.899999899999836
23.789191732790016, 12.614738468613293, -13.899999899999836
22.300878818918815, 15.124388354512721, -13.899999899999836
20.55204343254648, 17.459829623807845, -13.899999899999836
18.550446991138756, 19.582360465103037, -13.899999899999836
16.31612879170361, 21.45853007816745, -13.899999899999836
13.889142799622437, 23.07804458711827, -13.899999899999836
11.305188689856092, 24.43333897378441, -13.899999899999836
8.595303678304662, 25.515124195734664, -13.899999899999836
5.78819078906211, 26.311154742505384, -13.899999899999836
2.912542445695293, 26.804668911454225, -13.899999899999836
-4.440892098500626e-16, 26.974831315999293, -13.899999899999836
3.552713678800501e-14, 26.859361262161368, -14.099999899999835
-2.8998540648141433, 26.68924538119231, -14.099999899999835
-5.762818987421875, 26.196670303827005, -14.099999899999835
-8.557519458237346, 25.40325266408935, -14.099999899999835
-11.2556141830563, 24.326059557974567, -14.099999899999835
-13.828689921259658, 22.977267012081874, -14.099999899999835
-16.245810477224982, 21.365772645500204, -14.099999899999835
-18.471030657659366, 19.498465312653313, -14.099999899999835
-20.463663894254214, 17.384900732341865, -14.099999899999835
-22.20395735001239, 15.058880960736113, -14.099999899999835
-23.684942253776814, 12.559598656181576, -14.099999899999835
-24.89932586953967, 9.920408480646216, -14.099999899999835
-25.836342315319108, 7.170495182409308, -14.099999899999835
-26.481817303171127, 4.338018173062277, -14.099999899999835
-26.816202440826, 1.452376893756753, -14.099999899999835
-26.816202438738717, -1.4523768939597133, -14.099999899999835
-26.48181732372852, -4.33801817705137, -14.099999899999835
-25.836342306691954, -7.170495179552726, -14.099999899999835
-24.899325869748573, -9.920408480123042, -14.099999899999835
-23.68494227522078, -12.55959866745257, -14.099999899999835
-22.203957335459286, -15.058880951182038, -14.099999899999835
-20.463663906207636, -17.384900742240845, -14.099999899999835
-18.47103065767348, -19.49846531264006, -14.099999899999835
-16.245810476917683, -21.365772645084018, -14.099999899999835
-13.828689928938882, -22.97726702438622, -14.099999899999835
-11.255614188508403, -24.326059568608215, -14.099999899999835
-8.557519450783749, -25.40325264251052, -14.099999899999835
-5.762818993588965, -26.19667033151922, -14.099999899999835
-2.8998540668696458, -26.689245399986948, -14.099999899999835
0.0, -26.859361262161347, -14.099999899999835
8.881784197001252e-16, -26.859361262161347, -14.099999899999835
2.8998540648148423, -26.689245381192208, -14.099999899999835
5.7628189874232, -26.196670303826632, -14.099999899999835
8.557519458239275, -25.40325266408867, -14.099999899999835
11.255614183485738, -24.326059558907016, -14.099999899999835
13.828689913254934, -22.977266997895285, -14.099999899999835
16.245810475509593, -21.36577264272011, -14.099999899999835
18.471030657862908, -19.498465312381423, -14.099999899999835
20.46366390809047, -17.384900743341962, -14.099999899999835
22.203957357388898, -15.058880965062176, -14.099999899999835
23.684942251970405, -12.559598654937432, -14.099999899999835
24.899325869549525, -9.920408480621415, -14.099999899999835
25.836342358700115, -7.170495193978527, -14.099999899999835
26.481817322933367, -4.338018176920338, -14.099999899999835
26.816202438738134, -1.4523768939696653, -14.099999899999835
26.81620244017868, 1.4523768932996397, -14.099999899999835
26.481817323418014, 4.33801817679671, -14.099999899999835
25.836342314056647, 7.170495181583081, -14.099999899999835
24.89932586974405, 9.920408480134178, -14.099999899999835
23.684942257177138, 12.559598659201942, -14.099999899999835
22.203957355583217, 15.058880963935398, -14.099999899999835
20.463663908090485, 17.384900743342037, -14.099999899999835
18.47103066597752, 19.498465320771526, -14.099999899999835
16.24581047676611, 21.365772644548176, -14.099999899999835
13.828689925133277, 22.977267017880763, -14.099999899999835
11.255614187813036, 24.326059567078467, -14.099999899999835
8.557519450785655, 25.4032526425099, -14.099999899999835
5.762818993590276, 26.196670331518934, -14.099999899999835
2.899854066870285, 26.68924539998661, -14.099999899999835
-8.881784197001252e-16, 26.859361262161368, -14.099999899999835
3.552713678800501e-14, 26.743891208323443, -14.299999899999834
-2.8871655173322686, 26.573820047167, -14.299999899999834
-5.737446687389595, 26.082184079547744, -14.299999899999834
-8.519735009280696, 25.291380729027644, -14.299999899999834
-11.206039666989827, 24.218779984972553, -14.299999899999834
-13.768236348576945, 22.876488052570217, -14.299999899999834
-16.175490872570954, 21.273013509087495, -14.299999899999834
-18.39161413070246, 19.41457000686109, -14.299999899999834
-20.375283376472655, 17.309970941645187, -14.299999899999834
-22.107034056711374, 14.993372421680194, -14.299999899999834
-23.580692098484427, 12.504458609104185, -14.299999899999834
-24.78949893360288, 9.876630170631927, -14.299999899999834
-25.722925399615537, 7.138861003825135, -14.299999899999834
-26.366688417762923, 4.318974608109534, -14.299999899999834
-26.700713401265244, 1.4460398999754158, -14.299999899999834
-26.700713399807253, -1.4460399012323866, -14.299999899999834
-26.36668843798434, -4.318974613130422, -14.299999899999834
-25.722925391088506, -7.138861001879544, -14.299999899999834
-24.78949893350561, -9.876630170875695, -14.299999899999834
-23.580692078549916, -12.504458600713374, -14.299999899999834
-22.10703404451746, -14.993372412883648, -14.299999899999834
-20.375283383743785, -17.309970947157353, -14.299999899999834
-18.391614132428035, -19.41457000804769, -14.299999899999834
-16.175490872145154, -21.27301350804076, -14.299999899999834
-13.768236351444923, -22.876488056811983, -14.299999899999834
-11.20603966844286, -24.21877998879351, -14.299999899999834
-8.519735009032283, -25.29138072911232, -14.299999899999834
-5.737446686430749, -26.08218407493971, -14.299999899999834
-2.8871655193464743, -26.573820065647592, -14.299999899999834
0.0, -26.743891208323422, -14.299999899999834
4.440892098500626e-16, -26.743891208323422, -14.299999899999834
2.8871655173005415, -26.573820047170713, -14.299999899999834
5.737446687327246, -26.082184079561834, -14.299999899999834
8.519735009189924, -25.291380729058574, -14.299999899999834
11.206039666873645, -24.21877998502597, -14.299999899999834
13.768236348439363, -22.87648805265161, -14.299999899999834
16.175490872417264, -21.273013509202293, -14.299999899999834
18.391614130539534, -19.414570007014543, -14.299999899999834
20.37528337630836, -17.309970941841243, -14.299999899999834
22.1070340565519, -14.993372421919743, -14.299999899999834
23.580692098336097, -12.50445860938746, -14.299999899999834
24.78949893347248, -9.876630170958606, -14.299999899999834
25.72292545970678, -7.138861020325126, -14.299999899999834
26.36668843706973, -4.31897461244734, -14.299999899999834
26.700713399835657, -1.4460399007534974, -14.299999899999834
26.70071340254012, 1.4460399003483735, -14.299999899999834
26.366688437318803, 4.318974612171436, -14.299999899999834
25.722925398385037, 7.13886100414676, -14.299999899999834
24.789498933375153, 9.876630171202436, -14.299999899999834
23.580692078401544, 12.504458600996706, -14.299999899999834
22.107034044358, 14.993372413123291, -14.299999899999834
20.375283383579486, 17.3099709473535, -14.299999899999834
18.391614132265094, 19.41457000820122, -14.299999899999834
16.175490871991443, 21.27301350815564, -14.299999899999834
13.768236351307298, 22.876488056893415, -14.299999899999834
11.206039668326655, 24.218779988846997, -14.299999899999834
8.51973500894149, 25.29138072914331, -14.299999899999834
5.737446686368406, 26.08218407495397, -14.299999899999834
2.8871655193147423, 26.57382006565151, -14.299999899999834
-4.440892098500626e-16, 26.743891208323443, -14.299999899999834
3.552713678800501e-14, 26.62842115448552, -14.499999899999834
-2.8744767976504297, 26.458392862985924, -14.499999899999834
-5.712073861500813, 25.967695954573642, -14.499999899999834
-8.481950351934398, 25.179508452130307, -14.499999899999834
-11.156465141029473, 24.11150025549089, -14.499999899999834
-13.707782052107408, 22.775707655163636, -14.499999899999834
-16.105169959404588, 21.180252642078813, -14.499999899999834
-18.312197405146907, 19.330674542325948, -14.499999899999834
-20.286901846146908, 17.23504022336051, -14.499999899999834
-22.0101088842902, 14.92786270192575, -14.499999899999834
-23.476441157434348, 12.449318271248394, -14.499999899999834
-24.679671967058717, 9.832851828182939, -14.499999899999834
-25.609507388299928, 7.107226394784373, -14.499999899999834
-26.25155729727652, 4.299930633839451, -14.499999899999834
-26.58522357294975, 1.4397029181883305, -14.499999899999834
-26.58522357225657, -1.439702919534998, -14.499999899999834
-26.251557317314223, -4.2999306389396095, -14.499999899999834
-25.609507379027676, -7.107226392658591, -14.499999899999834
-24.67967196695384, -9.83285182844575, -14.499999899999834
-23.476441191150737, -12.449318290428621, -14.499999899999834
-22.010108862578214, -14.927862689582641, -14.499999899999834
-20.286901846556013, -17.23504022558245, -14.499999899999834
-18.312197406154965, -19.330674545488897, -14.499999899999834
-16.105169959505528, -21.180252644575592, -14.499999899999834
-13.707782071906905, -22.77570769067713, -14.499999899999834
-11.156465150100368, -24.111500276127188, -14.499999899999834
-8.481950351666589, -25.17950845222164, -14.499999899999834
-5.712073860777388, -25.967695951109956, -14.499999899999834
-2.874476799628571, -26.458392881231028, -14.499999899999834
0.0, -26.62842115448552, -14.499999899999834
4.440892098500626e-16, -26.62842115448552, -14.499999899999834
2.8744767975800283, -26.458392862994117, -14.499999899999834
5.712073861362588, -25.96769595460524, -14.499999899999834
8.481950351733083, -25.17950845219897, -14.499999899999834
11.15646514077179, -24.111500255609364, -14.499999899999834
13.707782051802235, -22.775707655344075, -14.499999899999834
16.105169959063787, -21.18025264233348, -14.499999899999834
18.31219740478553, -19.3306745426662, -14.499999899999834
20.286901845782726, -17.235040223795437, -14.499999899999834
22.01010888393679, -14.927862702457144, -14.499999899999834
23.47644115710552, -12.449318271876642, -14.499999899999834
24.67967196676946, -9.832851828907339, -14.499999899999834
25.60950739730604, -7.107226398319824, -14.499999899999834
26.25155731610345, -4.2999306386150975, -14.499999899999834
26.585223572258673, -1.4397029194995858, -14.499999899999834
26.585223576533373, 1.4397029185141348, -14.499999899999834
26.251557316562653, 4.29993063734814, -14.499999899999834
25.60950738739689, 7.107226394636942, -14.499999899999834
24.679671967045877, 9.83285182821529, -14.499999899999834
23.47644116813048, 12.449318277576792, -14.499999899999834
22.010108882344234, 14.927862701473762, -14.499999899999834
20.28690184578275, 17.235040223795515, -14.499999899999834
18.312197400647833, 19.330674538454797, -14.499999899999834
16.10516995990128, 21.180252643618648, -14.499999899999834
13.707782065254712, 22.775707678401712, -14.499999899999834
11.156465140514669, 24.111500255727634, -14.499999899999834
8.481950351465233, 25.179508452290364, -14.499999899999834
5.712073860639129, 25.967695951141632, -14.499999899999834
2.874476799558143, 26.458392881239376, -14.499999899999834
-8.881784197001252e-16, 26.62842115448552, -14.499999899999834
3.552713678800501e-14, 26.512951100647573, -14.699999899999833
-2.861787901592139, 26.34296380111048, -14.699999899999833
-5.686700508997617, 25.853205940589305, -14.699999899999833
-8.444165475430708, 25.067635808175236, -14.699999899999833
-11.106890606276291, 24.004220370122162, -14.699999899999833
-13.647327052757865, 22.674925854037475, -14.699999899999833
-16.034847724185553, 21.087490027063335, -14.699999899999833
-18.232780482093673, 19.246778924090023, -14.699999899999833
-20.198519286262044, 17.160108566173896, -14.699999899999833
-21.913181856484144, 14.862351824279447, -14.699999899999833
-23.372189547874196, 12.394177708059324, -14.699999899999833
-24.569844991826518, 9.78907345978235, -14.699999899999833
-25.496088270211793, 7.07559134805645, -14.699999899999833
-26.13642391257894, 4.280886241720081, -14.699999899999833
-26.46973294239176, 1.4333659468365296, -14.699999899999833
-26.469732942477332, -1.4333659493817275, -14.699999899999833
-26.136423932232333, -4.2808862479937195, -14.699999899999833
-25.496088259846903, -7.0755913468055756, -14.699999899999833
-24.56984499130234, -9.789073461095084, -14.699999899999833
-23.372189547219055, -12.394177709311842, -14.699999899999833
-21.91318182540709, -14.862351805111208, -14.699999899999833
-20.19851927973953, -17.160108562414205, -14.699999899999833
-18.232780481287552, -19.246778924848826, -14.699999899999833
-16.03484772271586, -21.087490026992395, -14.699999899999833
-13.64732706912392, -22.674925882874916, -14.699999899999833
-11.10689060983651, -24.004220378693464, -14.699999899999833
-8.444165475140755, -25.067635808274186, -14.699999899999833
-5.686700508517125, -25.853205938312946, -14.699999899999833
-2.8617879035262757, -26.342963819072036, -14.699999899999833
0.0, -26.512951100647573, -14.699999899999833
4.440892098500626e-16, -26.512951100647573, -14.699999899999833
2.8617879015542615, -26.342963801114944, -14.699999899999833
5.686700508923237, -25.85320594060637, -14.699999899999833
8.444165475322352, -25.0676358082122, -14.699999899999833
11.10689060613758, -24.00422037018592, -14.699999899999833
13.647327052593555, -22.674925854134536, -14.699999899999833
16.034847724001967, -21.087490027200232, -14.699999899999833
18.23278048189912, -19.246778924273148, -14.699999899999833
20.198519286066098, -17.1601085664081, -14.699999899999833
21.913181856294067, -14.862351824565609, -14.699999899999833
23.37218954769729, -12.394177708397574, -14.699999899999833
24.56984499167081, -9.789073460172315, -14.699999899999833
25.496088279833764, -7.075591351366289, -14.699999899999833
26.13642393105139, -4.280886246037029, -14.699999899999833
26.46973294257768, -1.4333659477049343, -14.699999899999833
26.469732948471368, 1.4333659493269713, -14.699999899999833
26.13642393116867, 4.280886246869198, -14.699999899999833
25.49608826898914, 7.0755913496539735, -14.699999899999833
24.569844991146596, 9.78907346148511, -14.699999899999833
23.372189547042105, 12.394177709650155, -14.699999899999833
21.91318182521686, 14.862351805397365, -14.699999899999833
20.19851927954353, 17.16010856264847, -14.699999899999833
18.23278048109296, 19.246778925032018, -14.699999899999833
16.034847722532238, 21.087490027129352, -14.699999899999833
13.647327068959585, 22.67492588297205, -14.699999899999833
11.10689060969776, 24.004220378757275, -14.699999899999833
8.44416547503237, 25.067635808311213, -14.699999899999833
5.686700508442706, 25.853205938330035, -14.699999899999833
2.8617879034883225, 26.342963819076225, -14.699999899999833
-4.440892098500626e-16, 26.512951100647573, -14.699999899999833
3.552713678800501e-14, 26.39748104680967, -14.899999899999832
-2.8490988252358695, 26.22753283329422, -14.899999899999832
-5.661326622353572, 25.738714015378807, -14.899999899999832
-8.406380377317415, 24.955762793548256, -14.899999899999832
-11.057316054224518, 23.89694030775398, -14.899999899999832
-13.586871321983411, 22.57414259269096, -14.899999899999832
-15.964524145414842, 20.994725630557248, -14.899999899999832
-18.153363353037392, 19.162883141416152, -14.899999899999832
-20.11013567898295, 17.085175953311516, -14.899999899999832
-21.816252918687667, 14.796839752464159, -14.899999899999832
-23.267937161713807, 12.339036864149415, -14.899999899999832
-24.46001799098026, 9.745295060991797, -14.899999899999832
-25.382668046536487, 7.043955864352888, -14.899999899999832
-26.02128825146979, 4.261841430704662, -14.899999899999832
-26.354241496735064, 1.4270289882219458, -14.899999899999832
-26.35424150470427, -1.42702898915873, -14.899999899999832
-26.021288251798694, -4.261841430325703, -14.899999899999832
-25.382668032235742, -7.043955860485845, -14.899999899999832
-24.460017990861438, -9.745295061289434, -14.899999899999832
-23.267937131911186, -12.339036848432617, -14.899999899999832
-21.81625290076384, -14.796839739846183, -14.899999899999832
-20.110135661180895, -17.08517593817296, -14.899999899999832
-18.153363329473247, -19.16288311627626, -14.899999899999832
-15.964524144647667, -20.994725628893317, -14.899999899999832
-13.586871332386208, -22.574142609598937, -14.899999899999832
-11.057316044509053, -23.896940287064314, -14.899999899999832
-8.406380377934068, -24.955762796157718, -14.899999899999832
-5.661326622269452, -25.73871401498225, -14.899999899999832
-2.8490988271174027, -26.227532850920635, -14.899999899999832
0.0, -26.39748104680965, -14.899999899999832
4.440892098500626e-16, -26.39748104680967, -14.899999899999832
2.84909882532554, -26.227532833283643, -14.899999899999832
5.661326622529487, -25.738714015338168, -14.899999899999832
8.406380377573672, -24.955762793460686, -14.899999899999832
11.057316054552581, -23.896940307603185, -14.899999899999832
13.586871322372048, -22.574142592461502, -14.899999899999832
15.964524145849108, -20.994725630233656, -14.899999899999832
18.153363353497546, -19.162883140983183, -14.899999899999832
20.11013567944616, -17.085175952757588, -14.899999899999832
21.816252919137007, -14.796839751787424, -14.899999899999832
23.267937162132, -12.339036863349564, -14.899999899999832
24.460017991348547, -9.7452950600698, -14.899999899999832
25.382668032731786, -7.043955859151656, -14.899999899999832
26.02128823358797, -4.261841425650353, -14.899999899999832
26.35424149566798, -1.4270289864964778, -14.899999899999832
26.354241496653827, 1.4270289895733326, -14.899999899999832
26.02128825296124, 4.261841432439228, -14.899999899999832
25.382668023711368, 7.043955858555712, -14.899999899999832
24.460017990744287, 9.745295061582823, -14.899999899999832
23.267937158895645, 12.339036863415139, -14.899999899999832
21.81625288880144, 14.796839733399407, -14.899999899999832
20.110135665539282, 17.085175943234756, -14.899999899999832
18.15336335254448, 19.162883141880048, -14.899999899999832
15.964524144117473, 20.994725630156285, -14.899999899999832
13.586871344706195, 22.574142631768527, -14.899999899999832
11.057316061217929, 23.896940323096523, -14.899999899999832
8.406380378190303, 24.9557627960702, -14.899999899999832
5.661326622445383, 25.738714014941838, -14.899999899999832
2.849098827207015, 26.227532850909913, -14.899999899999832
-8.881784197001252e-16, 26.39748104680967, -14.899999899999832
3.552713678800501e-14, 26.282010992971745, -15.099999899999831
-2.8364095646824747, 26.11209993072066, -15.099999899999831
-5.63595219414917, 25.62422015632922, -15.099999899999831
-8.368595055665983, 24.843889404231497, -15.099999899999831
-11.007741479063995, 23.78966005083316, -15.099999899999831
-13.526414858316063, 22.4733578607403, -15.099999899999831
-15.894199207194262, 20.90195942562052, -15.099999899999831
-18.07394601202884, 19.078987185542086, -15.099999899999831
-20.021750980422215, 17.010242345631408, -15.099999899999831
-21.719322048576913, 14.731326471618864, -15.099999899999831
-23.16368396902343, 12.283895722952423, -15.099999899999831
-24.350190997408777, 9.701516641937358, -15.099999899999831
-25.26924666459608, 7.0123199229499065, -15.099999899999831
-25.906150229828345, 4.242796178674369, -15.099999899999831
-26.238749218566948, 1.4206920372483043, -15.099999899999831
-26.23874922064063, -1.4206920391336704, -15.099999899999831
-25.90615024920987, -4.2427961842782995, -15.099999899999831
-25.269246655231004, -7.012319920938553, -15.099999899999831
-24.350190997279068, -9.701516642262241, -15.099999899999831
-23.163684017706654, -12.283895750342868, -15.099999899999831
-21.719322027952035, -14.731326460729283, -15.099999899999831
-20.02175098642407, -17.010242353112822, -15.099999899999831
-18.073946016536496, -19.078987193208906, -15.099999899999831
-15.894199206189723, -20.90195942755279, -15.099999899999831
-13.526414885623822, -22.473357909918267, -15.099999899999831
-11.00774149588484, -23.789660088846816, -15.099999899999831
-8.368595056365864, -24.843889407147724, -15.099999899999831
-5.635952194351883, -25.62422015733596, -15.099999899999831
-2.836409566502066, -26.11209994795689, -15.099999899999831
0.0, -26.282010992971724, -15.099999899999831
8.881784197001252e-16, -26.282010992971745, -15.099999899999831
2.8364095645857827, -26.112099930732057, -15.099999899999831
5.635952193959338, -25.62422015637274, -15.099999899999831
8.368595055389532, -24.843889404325978, -15.099999899999831
11.007741478710013, -23.78966005099577, -15.099999899999831
13.526414857896643, -22.47335786098768, -15.099999899999831
15.894199206725563, -20.901959425969473, -15.099999899999831
18.07394601153227, -19.078987186009183, -15.099999899999831
20.021750979922654, -17.010242346229298, -15.099999899999831
21.719322048092423, -14.731326472349322, -15.099999899999831
23.16368396857245, -12.283895723815641, -15.099999899999831
24.350190997011378, -9.701516642932251, -15.099999899999831
25.26924667921099, -7.012319928482887, -15.099999899999831
25.906150247213485, -4.242796183771157, -15.099999899999831
26.23874922064356, -1.420692039085033, -15.099999899999831
26.238749230978204, 1.4206920392119236, -15.099999899999831
25.906150247762625, 4.242796181994004, -15.099999899999831
25.269246664685873, 7.0123199231034645, -15.099999899999831
24.35019099740555, 9.701516641945704, -15.099999899999831
23.163683988397878, 12.283895734082911, -15.099999899999831
21.71932203950289, 14.731326466815716, -15.099999899999831
20.021750979922686, 17.010242346229372, -15.099999899999831
18.073945983283412, 19.078987156982876, -15.099999899999831
15.894199206720783, 20.901959426187858, -15.099999899999831
13.526414871723668, 22.473357885019297, -15.099999899999831
11.007741477934438, 23.78966005013222, -15.099999899999831
8.368595056089413, 24.84388940724224, -15.099999899999831
5.635952194162084, 25.624220157379668, -15.099999899999831
2.836409566405352, 26.112099947968172, -15.099999899999831
-4.440892098500626e-16, 26.282010992971745, -15.099999899999831
3.552713678800501e-14, 26.16654093913382, -15.29999989999983
-2.8237201152208007, 25.996665064088756, -15.29999989999983
-5.610577215437617, 25.509724340801423, -15.29999989999983
-8.330809506287899, 24.73201563702972, -15.29999989999983
-10.958166909660083, 23.68237966629748, -15.29999989999983
-13.465957661383863, 22.372571661605345, -15.29999989999983
-15.823872891607753, 20.809191393597242, -15.29999989999983
-17.994528424789603, 18.99509102983907, -15.29999989999983
-19.93336525362899, 16.935307801403535, -15.29999989999983
-21.62238924493425, 14.665811992130086, -15.29999989999983
-23.059430118421083, 12.228754370174505, -15.29999989999983
-24.24036399446877, 9.657738197191662, -15.29999989999983
-25.15582416944767, 6.980683536958313, -15.29999989999983
-25.79100988765694, 4.223750496000325, -15.29999989999983
-26.12325610856793, 1.414355100929431, -15.29999989999983
-26.12325611272331, -1.414355100514056, -15.29999989999983
-25.791009887911226, -4.223750495604863, -15.29999989999983
-25.155824153892404, -6.980683532777159, -15.29999989999983
-24.24036399432678, -9.65773819754728, -15.29999989999983
-23.059430083156652, -12.228754351601797, -15.29999989999983
-21.62238922792681, -14.66581198014217, -15.29999989999983
-19.93336526106289, -16.935307806863023, -15.29999989999983
-17.994528424355607, -18.99509102855096, -15.29999989999983
-15.823872890523758, -20.809191391526195, -15.29999989999983
-13.465957671234195, -22.3725716776047, -15.29999989999983
-10.958166898227738, -23.682379641954316, -15.29999989999983
-8.330809507074735, -24.732015640273183, -15.29999989999983
-5.610577215937177, -25.509724343268015, -15.29999989999983
-2.8237201169684356, -25.99666508087595, -15.29999989999983
0.0, -26.16654093913382, -15.29999989999983
4.440892098500626e-16, -26.16654093913382, -15.29999989999983
2.823720115325043, -25.996665064076332, -15.29999989999983
5.6105772156421665, -25.509724340754225, -15.29999989999983
8.330809506585819, -24.732015636927795, -15.29999989999983
10.958166910041584, -23.68237966612226, -15.29999989999983
13.46595766183594, -22.372571661338892, -15.29999989999983
15.823872892113032, -20.809191393221443, -15.29999989999983
17.994528425324802, -18.995091029335807, -15.29999989999983
19.933365254167132, -16.93530780075908, -15.29999989999983
21.622389245456006, -14.665811991342736, -15.29999989999983
23.05943011890685, -12.228754369244216, -15.29999989999983
24.240363994897077, -9.65773819611964, -15.29999989999983
25.15582415401319, -6.980683531085112, -15.29999989999983
25.791009870793893, -4.22375049085963, -15.29999989999983
26.12325609672128, -1.4143550963584173, -15.29999989999983
26.12325610847257, 1.4143551025007255, -15.29999989999983
25.79100988968902, 4.2237504980722145, -15.29999989999983
25.155824143475687, 6.980683530369413, -15.29999989999983
24.240363994190513, 9.657738197888397, -15.29999989999983
23.059430114908892, 12.22875436920382, -15.29999989999983
21.622389216801263, 14.665811974428404, -15.29999989999983
19.933365223557296, 16.93530777791573, -15.29999989999983
17.994528424216277, 18.995091030378298, -15.29999989999983
15.823872889990174, 20.809191392992414, -15.29999989999983
13.465957686764055, 22.372571705319494, -15.29999989999983
10.958166917470352, 23.682379683460663, -15.29999989999983
8.33080950737262, 24.73201564017132, -15.29999989999983
5.610577216141679, 25.509724343220853, -15.29999989999983
2.8237201170726287, 25.996665080863558, -15.29999989999983
-4.440892098500626e-16, 26.16654093913382, -15.29999989999983
3.552713678800501e-14, 26.051070885295896, -15.49999989999983
-2.811030473072228, 25.881228203392304, -15.49999989999983
-5.585201679171728, 25.395226545333472, -15.49999989999983
-8.293023728008492, 24.620141487632992, -15.49999989999983
-10.90859230741955, 23.575099061406945, -15.49999989999983
-13.405499710510787, 22.2717839441759, -15.49999989999983
-15.753545179549477, 20.716421497181635, -15.49999989999983
-17.915110650041107, 18.911194725919547, -15.49999989999983
-19.844978407439232, 16.860372237804985, -15.49999989999983
-21.525454450071184, 14.60029626937747, -15.49999989999983
-22.955175386970406, 12.17361268508146, -15.49999989999983
-24.130536982167914, 9.613959726241415, -15.49999989999983
-25.042400487551408, 6.949046681584589, -15.49999989999983
-25.675867124346663, 4.204704358386757, -15.49999989999983
-26.00776213234848, 1.4080181704008445, -15.49999989999983
-26.00776213087477, -1.408018171023776, -15.49999989999983
-25.675867143556538, -4.2047043626032865, -15.49999989999983
-25.042400477076722, -6.9490466776534845, -15.49999989999983
-24.13053698261961, -9.613959725111114, -15.49999989999983
-22.9551754089889, -12.173612696436818, -15.49999989999983
-21.52545444156392, -14.600296263905799, -15.49999989999983
-19.84497840743929, -16.860372237805034, -15.49999989999983
-17.915110650305802, -18.91119472626334, -15.49999989999983
-15.753545178998309, -20.71642149656764, -15.49999989999983
-13.405499724750449, -22.271783968979356, -15.49999989999983
-10.908592306519445, -23.575099060213642, -15.49999989999983
-8.293023728973326, -24.620141491194513, -15.49999989999983
-5.585201680068314, -25.395226549296893, -15.49999989999983
-2.8110304748289483, -25.881228219656702, -15.49999989999983
0.0, -26.051070885295875, -15.49999989999983
4.440892098500626e-16, -26.051070885295896, -15.49999989999983
2.8110304730193763, -25.88122820339863, -15.49999989999983
5.585201679067975, -25.395226545357463, -15.49999989999983
8.29302372785734, -24.62014148768471, -15.49999989999983
10.908592307225954, -23.575099061495827, -15.49999989999983
13.405499710281322, -22.271783944311007, -15.49999989999983
15.7535451792929, -20.716421497372124, -15.49999989999983
17.915110649769463, -18.911194726174905, -15.49999989999983
19.844978407166277, -16.86037223813217, -15.49999989999983
21.5254544498066, -14.600296269777196, -15.49999989999983
22.955175386724022, -12.173612685553675, -15.49999989999983
24.13053698195057, -9.613959726785504, -15.49999989999983
25.042400504011006, -6.949046687118093, -15.49999989999983
25.67586714079805, -4.2047043628093075, -15.49999989999983
26.007762130829384, -1.4080181717680718, -15.49999989999983
26.007762135301405, 1.4080181697068253, -15.49999989999983
25.67586714124908, 4.204704360788745, -15.49999989999983
25.042400488234037, 6.94904668119847, -15.49999989999983
24.130536982402216, 9.61395972565523, -15.49999989999983
22.955175408742484, 12.17361269690906, -15.49999989999983
21.52545444129933, 14.600296264305571, -15.49999989999983
19.8449784071663, 16.860372238132232, -15.49999989999983
17.915110650034148, 18.911194726518744, -15.49999989999983
15.753545178741788, 20.716421496758276, -15.49999989999983
13.405499724520961, 22.27178396911449, -15.49999989999983
10.90859230632584, 23.57509906030256, -15.49999989999983
8.293023728822163, 24.62014149124627, -15.49999989999983
5.585201679964542, 25.39522654932089, -15.49999989999983
2.811030474776086, 25.881228219663022, -15.49999989999983
-8.881784197001252e-16, 26.051070885295896, -15.49999989999983
3.552713678800501e-14, 25.935600831457972, -15.69999989999983
-2.7983406334384444, 25.76578931813709, -15.69999989999983
-5.559825576375741, 25.28072674651488, -15.69999989999983
-8.25523771702409, 24.508266952566345, -15.69999989999983
-10.859017702816622, 23.467818304901822, -15.69999989999983
-13.345041009104303, 22.17099471668875, -15.69999989999983
-15.683216052922663, 20.62364971549747, -15.69999989999983
-17.83569265530071, 18.827298247371385, -15.69999989999983
-19.756590433477456, 16.785435653328538, -15.69999989999983
-21.428517661350533, 14.534779311363625, -15.69999989999983
-22.850919932993456, 12.118470756752682, -15.69999989999983
-24.020709960655655, 9.570181228212038, -15.69999989999983
-24.928975671337245, 6.917409369753901, -15.69999989999983
-25.560721975192195, 4.185657773145307, -15.69999989999983
-25.89226727877101, 1.4016812499439482, -15.69999989999983
-25.892267283369357, -1.4016812493873465, -15.69999989999983
-25.560721975255216, -4.185657772604001, -15.69999989999983
-24.9289756544388, -6.917409365124582, -15.69999989999983
-24.020709960528585, -9.570181228530242, -15.69999989999983
-22.850919992638, -12.118470790120627, -15.69999989999983
-21.428517642114883, -14.53477930180394, -15.69999989999983
-19.756590431098076, -16.785435654491266, -15.69999989999983
-17.835692654650497, -18.82729825017025, -15.69999989999983
-15.683216050930405, -20.623649716552883, -15.69999989999983
-13.345041041971617, -22.170994775858595, -15.69999989999983
-10.859017723362449, -23.467818351161576, -15.69999989999983
-8.255237718107583, -24.50826695648843, -15.69999989999983
-5.559825577614982, -25.280726752049222, -15.69999989999983
-2.7983406351268862, -25.765789333819185, -15.69999989999983
0.0, -25.935600831457972, -15.69999989999983
8.881784197001252e-16, -25.935600831457972, -15.69999989999983
2.798340633438471, -25.76578931813701, -15.69999989999983
5.5598255763757285, -25.280726746514688, -15.69999989999983
8.255237717024116, -24.50826695256632, -15.69999989999983
10.859017715034195, -23.467818331924807, -15.69999989999983
13.345041014234317, -22.170994727023174, -15.69999989999983
15.683216053394204, -20.623649717021824, -15.69999989999983
17.83569265584592, -18.827298249046816, -15.69999989999983
19.756590424407754, -16.785435646692765, -15.69999989999983
21.428517668853317, -14.534779317328612, -15.69999989999983
22.850919997373552, -12.11847079047833, -15.69999989999983
24.020709961264377, -9.570181226688682, -15.69999989999983
24.928975654290262, -6.9174093629981455, -15.69999989999983
25.56072195945328, -4.185657767848664, -15.69999989999983
25.89226728047929, -1.4016812476567322, -15.69999989999983
25.89226727867069, 1.4016812515813637, -15.69999989999983
25.560721977880522, 4.185657775298271, -15.69999989999983
24.928975642083397, 6.917409361913776, -15.69999989999983
24.02070996052859, 9.570181228530243, -15.69999989999983
22.850919992638012, 12.118470790120636, -15.69999989999983
21.428517642114844, 14.53477930180392, -15.69999989999983
19.756590431098086, 16.785435654491284, -15.69999989999983
17.835692654650504, 18.827298250170266, -15.69999989999983
15.68321605093041, 20.62364971655289, -15.69999989999983
13.345041041971617, 22.170994775858595, -15.69999989999983
10.85901772336245, 23.46781835116159, -15.69999989999983
8.25523771810758, 24.50826695648845, -15.69999989999983
5.55982557761498, 25.280726752049233, -15.69999989999983
2.7983406351268667, 25.76578933381904, -15.69999989999983
-4.440892098500626e-16, 25.935600831457972, -15.69999989999983
3.552713678800501e-14, 25.820130777620047, -15.899999899999829
-2.7856505917215264, 25.650348377646086, -15.899999899999829
-5.534448896347668, 25.16622491060254, -15.899999899999829
-8.217451471956961, 24.396392033572432, -15.899999899999829
-10.80944308624034, 23.360537374795232, -15.899999899999829
-13.284581544748026, 22.0702039526371, -15.899999899999829
-15.612885491339037, 20.530876018644566, -15.899999899999829
-17.75627443558196, 18.74340158972016, -15.899999899999829
-19.6682013193991, 16.710498038063466, -15.899999899999829
-21.33157884278232, 14.469261097729312, -15.899999899999829
-22.746663734124766, 12.063328575705155, -15.899999899999829
-23.91088294390869, 9.526402708717542, -15.899999899999829
-24.815549640731756, 6.885771575644879, -15.899999899999829
-25.445574342411014, 4.166610717696965, -15.899999899999829
-25.77677153847768, 1.3953443369099816, -15.899999899999829
-25.77677153677549, -1.3953443367683889, -15.899999899999829
-25.445574358010095, -4.166610720507799, -15.899999899999829
-24.815549640193833, -6.885771575648803, -15.899999899999829
-23.91088292011457, -9.526402699265999, -15.899999899999829
-22.746663734932635, -12.06332857605252, -15.899999899999829
-21.331578835366233, -14.469261092752562, -15.899999899999829
-19.66820131939919, -16.710498038063488, -15.899999899999829
-17.75627443705947, -18.743401591325707, -15.899999899999829
-15.612885490722327, -20.530876017865552, -15.899999899999829
-13.284581547717023, -22.070203958353463, -15.899999899999829
-10.809443082647544, -23.36053736718777, -15.899999899999829
-8.21745146992983, -24.396392027783122, -15.899999899999829
-5.534448899730314, -25.166224926229397, -15.899999899999829
-2.7856505932846094, -25.65034839221406, -15.899999899999829
0.0, -25.820130777620047, -15.899999899999829
4.440892098500626e-16, -25.820130777620047, -15.899999899999829
2.7856505917235763, -25.650348377645834, -15.899999899999829
5.534448896351669, -25.166224910601645, -15.899999899999829
8.217451471962761, -24.396392033570436, -15.899999899999829
10.80944309315285, -23.3605373901702, -15.899999899999829
13.284581554278985, -22.070203969313056, -15.899999899999829
15.612885490191927, -20.53087601679947, -15.899999899999829
17.756274436803224, -18.743401590950505, -15.899999899999829
19.66820130932871, -16.710498029576698, -15.899999899999829
21.331578856951573, -14.469261106864304, -15.899999899999829
22.74666375977947, -12.063328589396045, -15.899999899999829
23.910882943895153, -9.526402708751451, -15.899999899999829
24.81554964072224, -6.885771575678025, -15.899999899999829
25.445574342405397, -4.16661071772893, -15.899999899999829
25.77677153847579, -1.3953443369403449, -15.899999899999829
25.776771536777222, 1.3953443367400573, -15.899999899999829
25.445574358014664, 4.166610720481842, -15.899999899999829
24.815549640200555, 6.885771575625424, -15.899999899999829
23.910882920122873, 9.526402699245294, -15.899999899999829
22.746663734942008, 12.063328576034547, -15.899999899999829
21.33157883537629, 14.469261092737346, -15.899999899999829
19.668201319409583, 16.710498038051036, -15.899999899999829
17.75627443706981, 18.74340159131599, -15.899999899999829
15.612885490732108, 20.530876017858322, -15.899999899999829
13.284581547725722, 22.070203958348255, -15.899999899999829
10.80944308265492, 23.360537367184406, -15.899999899999829
8.217451469935586, 24.39639202778116, -15.899999899999829
5.534448899734263, 25.1662249262285, -15.899999899999829
2.785650593286602, 25.65034839221366, -15.899999899999829
-4.440892098500626e-16, 25.820130777620047, -15.899999899999829
3.552713678800501e-14, 25.704660723782123, -16.09999989999983
-2.7729603434841756, 25.534905349252355, -16.09999989999983
-5.509071635459671, 25.051721033307285, -16.09999989999983
-8.179664987685255, 24.28451671586943, -16.09999989999983
-10.75986845688775, 23.253256262660887, -16.09999989999983
-13.224121311974447, 21.96941163277037, -16.09999989999983
-15.54255347744465, 20.438100376155667, -16.09999989999983
-17.676855988885563, 18.659504747346293, -16.09999989999983
-19.579811047553697, 16.635559373236276, -16.09999989999983
-21.23463797032577, 14.403741611554306, -16.09999989999983
-22.64240669979014, 12.008186094562102, -16.09999989999983
-23.801055903432616, 9.482624156171344, -16.09999989999983
-24.702122433622993, 6.854133308122699, -16.09999989999983
-25.33042424099147, 4.14756319458724, -16.09999989999983
-25.661274890813957, 1.3890074321086736, -16.09999989999983
-25.661274888961415, -1.3890074319150276, -16.09999989999983
-25.330424256021395, -4.147563197254581, -16.09999989999983
-24.70212243304083, -6.854133308065103, -16.09999989999983
-23.801055902127725, -9.482624155494104, -16.09999989999983
-22.642406723744713, -12.00818610763919, -16.09999989999983
-21.23463795365184, -14.403741600689203, -16.09999989999983
-19.579811046566054, -16.635559372356184, -16.09999989999983
-17.676855990228635, -18.659504748666084, -16.09999989999983
-15.54255347829357, -20.438100376695814, -16.09999989999983
-13.224121314998834, -21.969411638412783, -16.09999989999983
-10.759868460763252, -23.25325627166364, -16.09999989999983
-8.179664985447152, -24.28451670948759, -16.09999989999983
-5.509071639065737, -25.051721049968275, -16.09999989999983
-2.772960344953546, -25.534905363024603, -16.09999989999983
0.0, -25.704660723782123, -16.09999989999983
4.440892098500626e-16, -25.704660723782123, -16.09999989999983
2.7729603434884913, -25.534905349251826, -16.09999989999983
5.509071635468103, -25.0517210333053, -16.09999989999983
8.179664987697524, -24.284516715865205, -16.09999989999983
10.75986845690346, -23.25325626265367, -16.09999989999983
13.224121311993065, -21.969411632759417, -16.09999989999983
15.542553477465393, -20.438100376140138, -16.09999989999983
17.6768559889076, -18.659504747325613, -16.09999989999983
19.579811047575784, -16.635559373209738, -16.09999989999983
21.234637970347183, -14.4037416115219, -16.09999989999983
22.642406699810078, -12.008186094523834, -16.09999989999983
23.801055901092365, -9.482624154970052, -16.09999989999983
24.702122424668367, -6.854133305514882, -16.09999989999983
25.33042426141586, -4.147563198238484, -16.09999989999983
25.661274888961266, -1.389007431917145, -16.09999989999983
25.6612748938576, 1.3890074321321153, -16.09999989999983
25.330424253947747, 4.147563197180828, -16.09999989999983
24.702122439112152, 6.854133309941452, -16.09999989999983
23.80105587977679, 9.482624146747265, -16.09999989999983
22.642406700718123, 12.008186094927646, -16.09999989999983
21.234637962390067, 14.403741606191259, -16.09999989999983
19.579811047575824, 16.635559373209816, -16.09999989999983
17.676855990803304, 18.65950474936926, -16.09999989999983
15.542553476586143, 20.438100374985464, -16.09999989999983
13.224121315186872, 21.969411638930755, -16.09999989999983
10.759868452970407, 23.25325625432388, -16.09999989999983
8.179664985459386, 24.284516709483412, -16.09999989999983
5.509071639074137, 25.051721049966343, -16.09999989999983
2.7729603449577676, 25.534905363023626, -16.09999989999983
-4.440892098500626e-16, 25.704660723782123, -16.09999989999983
3.197442310920451e-14, 25.589190669944198, -16.29999989999983
-2.7602698837883244, 25.419460200966604, -16.29999989999983
-5.483693782412852, 24.937215079699744, -16.29999989999983
-8.14187826232013, 24.172641000672193, -16.29999989999983
-10.710293815289274, 23.145974969670238, -16.29999989999983
-13.163660301968484, 21.868617738662486, -16.29999989999983
-15.472219990551936, 20.345322759216103, -16.29999989999983
-17.597437310022997, 18.575607717436558, -16.29999989999983
-19.491419596805702, 16.56061964338366, -16.29999989999983
-21.1376950147292, 14.338220839015262, -16.29999989999983
-22.538148860981412, 11.95304333293545, -16.29999989999983
-23.69122885341504, 9.438845575829601, -16.29999989999983
-24.588694020355767, 6.822494555842176, -16.29999989999983
-25.215271621186233, 4.128515191807267, -16.29999989999983
-25.545777321132128, 1.3826705345890093, -16.29999989999983
-25.54577731911396, -1.3826705344023567, -16.29999989999983
-25.21527163562221, -4.128515194386917, -16.29999989999983
-24.58869401970984, -6.822494555779512, -16.29999989999983
-23.691228852050948, -9.438845575151321, -16.29999989999983
-22.53814888701753, -11.953043347144918, -16.29999989999983
-21.137694998311442, -14.338220828342477, -16.29999989999983
-19.491419595699906, -16.560619642432716, -16.29999989999983
-17.59743731146165, -18.57560771888481, -16.29999989999983
-15.472219991224158, -20.345322759488422, -16.29999989999983
-13.163660305376796, -21.86861774502254, -16.29999989999983
-10.710293819540075, -23.145974979546, -16.29999989999983
-8.141878259860865, -24.17264099367026, -16.29999989999983
-5.483693786253213, -24.93721509744357, -16.29999989999983
-2.7602698851529928, -25.419460213853995, -16.29999989999983
0.0, -25.589190669944198, -16.29999989999983
4.440892098500626e-16, -25.589190669944198, -16.29999989999983
2.7602698837883612, -25.41946020096663, -16.29999989999983
5.483693782412889, -24.93721507969974, -16.29999989999983
8.141878262320162, -24.172641000672172, -16.29999989999983
10.710293815289308, -23.145974969670227, -16.29999989999983
13.163660301968505, -21.868617738662458, -16.29999989999983
15.472219990551931, -20.345322759216042, -16.29999989999983
17.597437310023036, -18.575607717436554, -16.29999989999983
19.49141959680573, -16.56061964338365, -16.29999989999983
21.137695014729225, -14.338220839015252, -16.29999989999983
22.53814886098143, -11.953043332935438, -16.29999989999983
23.69122885341506, -9.438845575829594, -16.29999989999983
24.588694020355774, -6.822494555842169, -16.29999989999983
25.215271621186197, -4.128515191807252, -16.29999989999983
25.545777321132118, -1.3826705345890011, -16.29999989999983
25.54577731911395, 1.3826705344023602, -16.29999989999983
25.215271635622198, 4.128515194386921, -16.29999989999983
24.588694019709845, 6.822494555779517, -16.29999989999983
23.69122885205094, 9.438845575151316, -16.29999989999983
22.538148887017524, 11.953043347144913, -16.29999989999983
21.137694998311527, 14.338220828342523, -16.29999989999983
19.491419595699906, 16.56061964243271, -16.29999989999983
17.597437311461636, 18.575607718884786, -16.29999989999983
15.472219991224163, 20.34532275948841, -16.29999989999983
13.163660305376775, 21.868617745022483, -16.29999989999983
10.710293819540077, 23.145974979545976, -16.29999989999983
8.14187825986089, 24.172640993670274, -16.29999989999983
5.483693786253243, 24.93721509744359, -16.29999989999983
2.7602698851530074, 25.419460213853913, -16.29999989999983
-8.881784197001252e-16, 25.589190669944198, -16.29999989999983
3.197442310920451e-14, 25.47264527711869, -16.49999989999983
-2.7474665257673028, 25.302955177625158, -16.49999989999983
-5.458093815535891, 24.82168699271647, -16.49999989999983
-8.103763899119008, 24.059788497336534, -16.49999989999983
-10.660286620278514, 23.037760787033637, -16.49999989999983
-13.102660286208538, 21.766933060736406, -16.49999989999983
-15.40124211660672, 20.25170187402137, -16.49999989999983
-17.517279055088697, 18.490930957164917, -16.49999989999983
-19.402214039973728, 16.48498589166394, -16.49999989999983
-21.039883696694986, 14.272107809278081, -16.49999989999983
-22.432979103389865, 11.897414968739481, -16.49999989999983
-23.580447372159586, 9.394687029703693, -16.49999989999983
-24.4742659592036, 6.790580630888642, -16.49999989999983
-25.099076174967568, 4.109299110332953, -16.49999989999983
-25.42920846539275, 1.3762769153378525, -16.49999989999983
-25.4292084653986, -1.3762769152442231, -16.49999989999983
-25.099076192926233, -4.109299113542812, -16.49999989999983
-24.474265958491863, -6.790580630820884, -16.49999989999983
-23.580447370737243, -9.394687029025484, -16.49999989999983
-22.432979131565553, -11.897414984112212, -16.49999989999983
-21.039883681332775, -14.272107799334426, -16.49999989999983
-19.40221404003379, -16.484985891591823, -16.49999989999983
-17.5172790551572, -18.49093095710075, -16.49999989999983
-15.4012421135318, -20.251701869151418, -16.49999989999983
-13.102660290019712, -21.766933067849433, -16.49999989999983
-10.660286624913926, -23.037760797805017, -16.49999989999983
-8.103763896432056, -24.05978848969719, -16.49999989999983
-5.458093819617816, -24.82168701157473, -16.49999989999983
-2.74746652701712, -25.302955189545454, -16.49999989999983
0.0, -25.472645277118687, -16.49999989999983
0.0, -25.47264527711869, -16.49999989999983
2.747466525770468, -25.302955177624774, -16.49999989999983
5.458093815542078, -24.82168699271506, -16.49999989999983
8.103763899127992, -24.059788497333457, -16.49999989999983
10.660286628540844, -23.03776080537736, -16.49999989999983
13.102660297972635, -21.76693308138585, -16.49999989999983
15.401242112062416, -20.251701867585624, -16.49999989999983
17.517279055106513, -18.490930957148205, -16.49999989999983
19.402214027834816, -16.48498588146358, -16.49999989999983
21.039883711390413, -14.272107818761354, -16.49999989999983
22.432979136096773, -11.897414986186272, -16.49999989999983
23.580447372138497, -9.394687029756437, -16.49999989999983
24.474265959188735, -6.7905806309401875, -16.49999989999983
25.099076174958714, -4.109299110382657, -16.49999989999983
25.429208465389788, -1.3762769153850931, -16.49999989999983
25.429208465401334, 1.3762769152001313, -16.49999989999983
25.09907619293341, 4.109299113502421, -16.49999989999983
24.474265958502333, 6.790580630784492, -16.49999989999983
23.580447370750125, 9.394687028993241, -16.49999989999983
22.43297913158012, 11.897414984084206, -16.49999989999983
21.039883681348627, 14.272107799310843, -16.49999989999983
19.402214040049916, 16.484985891572382, -16.49999989999983
17.51727905517329, 18.490930957085606, -16.49999989999983
15.401242113547024, 20.251701869140142, -16.49999989999983
13.102660290033315, 21.76693306784141, -16.49999989999983
10.6602866249254, 23.037760797799724, -16.49999989999983
8.103763896441032, 24.059788489694117, -16.49999989999983
5.458093819623993, 24.82168701157331, -16.49999989999983
2.7474665270203054, 25.30295518954525, -16.49999989999983
-4.440892098500626e-16, 25.47264527711869, -16.49999989999983
3.197442310920451e-14, 25.348374744814375, -16.699999899999828
-2.7338532444598482, 25.178848916547, -16.699999899999828
-5.430901359710255, 24.698827263188914, -16.699999899999828
-8.063296318906351, 23.939918603861017, -16.699999899999828
-10.607170858389035, 22.92284318199656, -16.699999899999828
-13.037792009753932, 21.658857035693273, -16.699999899999828
-15.32564390317115, 20.152034668739145, -16.699999899999828
-17.431809227744093, 18.400653811530034, -16.699999899999828
-19.307167126008427, 16.40437294259162, -16.699999899999828
-20.935845905231574, 14.201747450850382, -16.699999899999828
-22.32126083766231, 11.83829868987686, -16.699999899999828
-23.46280652238248, 9.347797850731395, -16.699999899999828
-24.352661752436873, 6.756692139499673, -16.699999899999828
-24.975403865309907, 4.088878223734073, -16.699999899999828
-25.304949267401042, 1.3694756727070794, -16.699999899999828
-25.3049492674059, -1.3694756726295703, -16.699999899999828
-24.97540388305198, -4.088878226924905, -16.699999899999828
-24.35266175166073, -6.75669213942647, -16.699999899999828
-23.46280649910539, -9.347797841503954, -16.699999899999828
-22.321260803940277, -11.838298671815933, -16.699999899999828
-20.935845871724073, -14.201747428990679, -16.699999899999828
-19.307167139189094, -16.404372953595264, -16.699999899999828
-17.431809231146815, -18.400653815127956, -16.699999899999828
-15.325643906631477, -20.152034673634148, -16.699999899999828
-13.037792001255873, -21.658857021476695, -16.699999899999828
-10.607170844706294, -22.92284315209893, -16.699999899999828
-8.063296316008282, -23.939918595631834, -16.699999899999828
-5.430901364015718, -24.69882728307694, -16.699999899999828
-2.733853245594966, -25.17884892750432, -16.699999899999828
0.0, -25.348374744814354, -16.699999899999828
0.0, -25.348374744814375, -16.699999899999828
2.7338532444566814, -25.178848916547352, -16.699999899999828
5.430901359704015, -24.698827263190346, -16.699999899999828
8.063296318897258, -23.93991860386415, -16.699999899999828
10.60717084970365, -22.92284316271861, -16.699999899999828
13.037791997278786, -21.65885701377343, -16.699999899999828
15.325643908308717, -20.1520346759815, -16.699999899999828
17.431809227739056, -18.40065381153473, -16.699999899999828
19.307167139172595, -16.40437295361498, -16.699999899999828
20.935845890414075, -14.201747441296227, -16.699999899999828
22.321260802695974, -11.838298671235055, -16.699999899999828
23.462806519918168, -9.347797849474428, -16.699999899999828
24.35266174188086, -6.756692136425375, -16.699999899999828
24.97540388081639, -4.088878226586854, -16.699999899999828
25.304949267403074, -1.3694756726744728, -16.699999899999828
25.3049492705187, 1.369475672598691, -16.699999899999828
24.975403874873344, 4.0888782257, -16.699999899999828
24.35266175727837, 6.756692141127537, -16.699999899999828
23.46280652093032, 9.347797850001006, -16.699999899999828
22.321260832850104, 11.83829868768294, -16.699999899999828
20.935845875574362, 14.201747431718394, -16.699999899999828
19.307167139222255, 16.40437295355531, -16.699999899999828
17.43180922779575, 18.400653811481675, -16.699999899999828
15.325643904724227, 20.152034670389735, -16.699999899999828
13.037792001470741, 21.658857021598415, -16.699999899999828
10.607170854693727, 22.922843174317087, -16.699999899999828
8.063296315999153, 23.939918595634996, -16.699999899999828
5.430901364009446, 24.698827283078423, -16.699999899999828
2.7338532455917592, 25.178848927504678, -16.699999899999828
-8.881784197001252e-16, 25.348374744814375, -16.699999899999828
3.197442310920451e-14, 25.214755704305304, -16.899999899999827
-2.7192593505673672, 25.04554323054244, -16.899999899999827
-5.4017804528992714, 24.567091209514867, -16.899999899999827
-8.019978488958309, 23.81154981230287, -16.899999899999827
-10.550290129115423, 22.799806359580394, -16.899999899999827
-12.968240245139556, 21.543041926711954, -16.899999899999827
-15.244453846135833, 20.04504908264926, -16.899999899999827
-17.33991173216251, 18.303599309584275, -16.899999899999827
-19.20505084833237, 16.317734475326425, -16.899999899999827
-20.824270212065603, 14.12624573831732, -16.899999899999827
-22.2016117729256, 11.774958573136288, -16.899999899999827
-23.336857511842773, 9.29760124481326, -16.899999899999827
-24.222367728997668, 6.7204122234239385, -16.899999899999827
-24.842681242543826, 4.066998527120626, -16.899999899999827
-25.171383549141574, 1.3621808984866446, -16.899999899999827
-25.17138354914504, -1.3621808984314965, -16.899999899999827
-24.842681260081726, -4.066998530300306, -16.899999899999827
-24.22236772806998, -6.720412223322792, -16.899999899999827
-23.336857511878808, -9.297601244753546, -16.899999899999827
-22.201611799576863, -11.774958587730035, -16.899999899999827
-20.824270197698567, -14.126245729078732, -16.899999899999827
-19.205050848367744, -16.31773447528395, -16.899999899999827
-17.339911732202907, -18.303599309546513, -16.899999899999827
-15.24445384207997, -20.045049076402833, -16.899999899999827
-12.968240249752386, -21.543041935321178, -16.899999899999827
-10.550290131724518, -22.799806365904978, -16.899999899999827
-8.019978483229938, -23.81154979538998, -16.899999899999827
-5.4017804576017125, -24.567091231187845, -16.899999899999827
-2.7192593515932018, -25.04554324058397, -16.899999899999827
0.0, -25.214755704305304, -16.899999899999827
0.0, -25.214755704305308, -16.899999899999827
2.7192593505824534, -25.04554323054061, -16.899999899999827
5.4017804529288425, -24.56709120950797, -16.899999899999827
8.01997848900137, -23.811549812288064, -16.899999899999827
10.550290129170598, -22.799806359555102, -16.899999899999827
12.968240245205015, -21.54304192667361, -16.899999899999827
15.244453846208948, -20.045049082595046, -16.899999899999827
17.33991173223996, -18.303599309511622, -16.899999899999827
19.20505084840987, -16.31773447523304, -16.899999899999827
20.824270212140597, -14.126245738203233, -16.899999899999827
22.201611772995502, -11.77495857300166, -16.899999899999827
23.336857501751503, -9.297601240458455, -16.899999899999827
24.22236771595646, -6.72041221953661, -16.899999899999827
24.842681264470144, -4.066998531119674, -16.899999899999827
25.171383549144558, -1.3621808984390245, -16.899999899999827
25.171383552243068, 1.3621808984058172, -16.899999899999827
24.842681251023457, 4.066998528976861, -16.899999899999827
24.222367741274773, 6.720412227350527, -16.899999899999827
23.336857489371607, 9.297601235878492, -16.899999899999827
22.201611778184557, 11.774958575834287, -16.899999899999827
20.82427020387499, 14.126245732841662, -16.899999899999827
19.205050848409915, 16.317734475233124, -16.899999899999827
17.339911736111603, 18.30359931362249, -16.899999899999827
15.244453844281745, 20.045049079914296, -16.899999899999827
12.968240251397857, 21.54304193828648, -16.899999899999827
10.550290119945238, 22.79980633946781, -16.899999899999827
8.019978483272972, 23.81154979537522, -16.899999899999827
5.401780457631248, 24.56709123118095, -16.899999899999827
2.7192593516082293, 25.045543240581978, -16.899999899999827
-4.440892098500626e-16, 25.214755704305308, -16.899999899999827
3.197442310920451e-14, 25.071126571846808, -17.099999899999826
-2.703614803136437, 24.90238552397657, -17.099999899999826
-5.370592890145883, 24.42584532638553, -17.099999899999826
-7.9736055910319665, 23.674072274020627, -17.099999899999826
-10.489374243795943, 22.668067244770658, -17.099999899999826
-12.893670626666477, 21.418934227310846, -17.099999899999826
-15.1572751045623, 19.930224863797054, -17.099999899999826
-17.241131731537827, 18.199287657434724, -17.099999899999826
-19.095363915165922, 16.224643729802946, -17.099999899999826
-20.704619160662197, 14.045236784382746, -17.099999899999826
-22.07346329458241, 11.707092207257153, -17.099999899999826
-23.202003475459247, 9.243859541061255, -17.099999899999826
-24.082761793899827, 6.681569210470213, -17.099999899999826
-24.700264479377662, 4.043555667750333, -17.099999899999826
-25.027852320439354, 1.3543573673229345, -17.099999899999826
-25.027852320455242, -1.3543573670714388, -17.099999899999826
-24.700264496762795, -4.0435556707047695, -17.099999899999826
-24.08276179297056, -6.681569210160169, -17.099999899999826
-23.20200347557676, -9.243859540824973, -17.099999899999826
-22.07346328698572, -11.70709220357465, -17.099999899999826
-20.70461913500541, -14.045236767776792, -17.099999899999826
-19.095363930193805, -16.224643742075468, -17.099999899999826
-17.24113173169106, -18.199287657291176, -17.099999899999826
-15.157275106344999, -19.930224865486, -17.099999899999826
-12.89367061868974, -21.418934213832024, -17.099999899999826
-10.4893742352726, -22.668067226535683, -17.099999899999826
-7.9736055850151, -23.674072256272037, -17.099999899999826
-5.370592895022196, -24.425845348853652, -17.099999899999826
-2.7036148040624015, -24.902385533181743, -17.099999899999826
0.0, -25.071126571846808, -17.099999899999826
0.0, -25.071126571846808, -17.099999899999826
2.7036148031364724, -24.902385523976587, -17.099999899999826
5.37059289014587, -24.42584532638534, -17.099999899999826
7.973605591031993, -23.674072274020617, -17.099999899999826
10.48937424379593, -22.668067244770565, -17.099999899999826
12.89367062666648, -21.4189342273108, -17.099999899999826
15.157275104562313, -19.930224863797026, -17.099999899999826
17.241131731537834, -18.19928765743469, -17.099999899999826
19.095363915165887, -16.22464372980288, -17.099999899999826
20.70461916066225, -14.045236784382748, -17.099999899999826
22.073463294582403, -11.707092207257114, -17.099999899999826
23.20200347545925, -9.243859541061221, -17.099999899999826
24.082761793899813, -6.681569210470174, -17.099999899999826
24.700264479377637, -4.04355566775029, -17.099999899999826
25.027852320439347, -1.3543573673229, -17.099999899999826
25.027852320455217, 1.3543573670714668, -17.099999899999826
24.700264496762777, 4.043555670704798, -17.099999899999826
24.08276179297055, 6.681569210160199, -17.099999899999826
23.202003475576735, 9.243859540824998, -17.099999899999826
22.0734632869857, 11.707092203574684, -17.099999899999826
20.704619135005373, 14.04523676777681, -17.099999899999826
19.095363930193763, 16.224643742075486, -17.099999899999826
17.241131731691006, 18.199287657291187, -17.099999899999826
15.157275106344946, 19.930224865486014, -17.099999899999826
12.893670618689672, 21.418934213832014, -17.099999899999826
10.489374235272528, 22.668067226535666, -17.099999899999826
7.973605585015056, 23.674072256272066, -17.099999899999826
5.370592895022147, 24.425845348853684, -17.099999899999826
2.7036148040623478, 24.90238553318168, -17.099999899999826
-4.440892098500626e-16, 25.071126571846808, -17.099999899999826
3.197442310920451e-14, 24.916710141517488, -17.299999899999825
-2.6868373028549657, 24.748608986619388, -17.299999899999825
-5.337176262243243, 24.274345216134535, -17.299999899999825
-7.92393699223965, 23.526769527939834, -17.299999899999825
-10.424105702077615, 22.526940646081666, -17.299999899999825
-12.813690173518664, 21.2858833648102, -17.299999899999825
-15.063641418346393, 19.806950751371435, -17.299999899999825
-17.134934882473228, 18.08715519503417, -17.299999899999825
-18.977517457574983, 16.124599384104947, -17.299999899999825
-20.57626107940624, 13.958290578179286, -17.299999899999825
-21.93614702074309, 11.634344132996702, -17.299999899999825
-23.057543255241683, 9.186293536653233, -17.299999899999825
-23.933113016030067, 6.639961380809929, -17.299999899999825
-24.54739702957218, 4.018427015744146, -17.299999899999825
-24.87358135277685, 1.345963696796784, -17.299999899999825
-24.87358135276556, -1.345963696975021, -17.299999899999825
-24.5473970467057, -4.01842701909233, -17.299999899999825
-23.933113014934097, -6.639961380896555, -17.299999899999825
-23.05754323300371, -9.186293528009262, -17.299999899999825
-21.93614702629876, -11.63434413601038, -17.299999899999825
-20.576261058023185, -13.958290564047099, -17.299999899999825
-18.97751745757504, -16.124599384105014, -17.299999899999825
-17.134934887138154, -18.087155199974035, -17.299999899999825
-15.063641416051778, -19.806950748145947, -17.299999899999825
-12.813690180046013, -21.285883377097896, -17.299999899999825
-10.424105692048336, -22.526940624240762, -17.299999899999825
-7.923936985994103, -23.526769509530038, -17.299999899999825
-5.337176267255754, -24.274345239224804, -17.299999899999825
-2.6868373036944604, -24.748608995100223, -17.299999899999825
0.0, -24.916710141517488, -17.299999899999825
4.440892098500626e-16, -24.916710141517484, -17.299999899999825
2.6868373028549937, -24.748608986619377, -17.299999899999825
5.337176262243269, -24.274345216134517, -17.299999899999825
7.923936992239677, -23.52676952793982, -17.299999899999825
10.424105713423636, -22.526940671144473, -17.299999899999825
12.813690186798834, -21.28588338815984, -17.299999899999825
15.063641411727845, -19.806950742350462, -17.299999899999825
17.13493488234298, -18.08715519515626, -17.299999899999825
18.97751744191639, -16.124599371273643, -17.299999899999825
20.57626109112322, -13.958290585838675, -17.299999899999825
21.93614705745009, -11.63434415258704, -17.299999899999825
23.05754325516387, -9.186293536847773, -17.299999899999825
23.93311301597182, -6.639961381011197, -17.299999899999825
24.54739702953514, -4.018427015950371, -17.299999899999825
24.87358135276359, -1.345963697005891, -17.299999899999825
24.87358135277878, 1.3459636967659068, -17.299999899999825
24.54739704674268, 4.018427018886086, -17.299999899999825
23.93311301499233, 6.639961380695277, -17.299999899999825
23.05754325528384, 9.186293536627112, -17.299999899999825
21.936147049605452, 11.634344148796188, -17.299999899999825
20.576261065831375, 13.958290569491266, -17.299999899999825
18.977517457594807, 16.124599384081154, -17.299999899999825
17.134934882495894, 18.087155195013047, -17.299999899999825
15.063641413548286, 19.8069507440751, -17.299999899999825
12.813690178675381, 21.285883374435528, -17.299999899999825
10.42410570490842, 22.526940652950938, -17.299999899999825
7.923936985994093, 23.526769509530055, -17.299999899999825
5.337176267255744, 24.274345239224825, -17.299999899999825
2.6868373036945328, 24.7486089951008, -17.299999899999825
-8.881784197001252e-16, 24.916710141517488, -17.299999899999825
-8.881784197001252e-16, 24.750583450205173, -17.499999899999825
2.6688290960222347, 24.583302830928883, -17.499999899999825
5.301337649329204, 24.11170670305912, -17.499999899999825
7.870686883116339, 23.36879063520881, -17.499999899999825
10.354107505865965, 22.375612959829187, -17.499999899999825
12.727832231092977, 21.1431167831372, -17.499999899999825
14.96299891213246, 19.67450060987421, -17.499999899999825
17.02068661704878, 17.966532543464353, -17.499999899999825
18.850811957032228, 16.017005918238176, -17.499999899999825
20.438445715552113, 13.864896396822667, -17.499999899999825
21.78886939024151, 11.55629233279407, -17.499999899999825
22.902644101083826, 9.124571627481636, -17.499999899999825
23.772553256340835, 6.595349135250819, -17.499999899999825
24.383180249511526, 3.991466900796895, -17.499999899999825
24.707651146467228, 1.3369507433230943, -17.499999899999825
24.707651143460502, -1.3369507434551375, -17.499999899999825
24.383180239666473, -3.991466898814838, -17.499999899999825
23.772553230505224, -6.595349127261009, -17.499999899999825
22.902644113197184, -9.124571631930916, -17.499999899999825
21.78886938457549, -11.556292329722705, -17.499999899999825
20.438445736985415, -13.86489641098337, -17.499999899999825
18.85081195703219, -16.017005918238073, -17.499999899999825
17.020686612109863, -17.96653253823829, -17.499999899999825
14.962998914548924, -19.674500613281698, -17.499999899999825
12.727832224464066, -21.14311677064303, -17.499999899999825
10.35410751614626, -22.37561298221762, -17.499999899999825
7.870686889523082, -23.368790654083593, -17.499999899999825
5.3013376442231355, -24.111706679542287, -17.499999899999825
2.668829095251735, -24.583302823027985, -17.499999899999825
0.0, -24.750583450205173, -17.499999899999825
0.0, -24.750583450205173, -17.499999899999825
-2.668829096015075, -24.583302830929544, -17.499999899999825
-5.301337649315206, -24.111706703062385, -17.499999899999825
-7.870686883095942, -23.368790635215817, -17.499999899999825
-10.354107519018651, -22.37561298926604, -17.499999899999825
-12.727832229765905, -21.143116780615696, -17.499999899999825
-14.962998909467299, -19.674500605660153, -17.499999899999825
-17.020686612089573, -17.96653253825747, -17.499999899999825
-18.85081195700986, -16.017005918265205, -17.499999899999825
-20.438445723678953, -13.864896402558735, -17.499999899999825
-21.788869414086914, -11.55629234595775, -17.499999899999825
-22.902644123180064, -9.124571636112899, -17.499999899999825
-23.77255324346817, -6.595349131215949, -17.499999899999825
-24.383180260489663, -3.991466902393677, -17.499999899999825
-24.70765114346735, -1.3369507433474461, -17.499999899999825
-24.707651143452708, 1.336950743578176, -17.499999899999825
-24.383180243448745, 3.9914668994776172, -17.499999899999825
-23.772553244485348, 6.595349131536124, -17.499999899999825
-22.902644123058593, 9.124571636321315, -17.499999899999825
-21.78886942210662, 11.556292349824545, -17.499999899999825
-20.438445748639456, 13.864896418674885, -17.499999899999825
-18.850811940860694, 16.017005905070697, -17.499999899999825
-17.020686611937208, 17.966532538400184, -17.499999899999825
-14.96299890762357, 19.674500603914364, -17.499999899999825
-12.72783223798316, 21.143116794496844, -17.499999899999825
-10.354107527510978, 22.375613007392595, -17.499999899999825
-7.870686889502632, 23.36879065409063, -17.499999899999825
-5.3013376442090685, 24.111706679545478, -17.499999899999825
-2.6688290952445635, 24.58330282302889, -17.499999899999825
3.197442310920451e-14, 24.750583450205173, -17.499999899999825
3.197442310920451e-14, 24.571636619548734, -17.699999899999824
-2.6494726040900516, 24.405371590398854, -17.699999899999824
-5.262844972565105, 23.93686622259327, -17.699999899999824
-7.813511547829053, 23.19911228827483, -17.699999899999824
-10.27892627175547, 22.213105716302742, -17.699999899999824
-12.635535470060868, 20.989705144858366, -17.699999899999824
-14.854681437431914, 19.53200110208168, -17.699999899999824
-16.897623816919133, 17.836614723545445, -17.699999899999824
-18.714406173203326, 15.901147159445731, -17.699999899999824
-20.29027070738717, 13.764439989938571, -17.699999899999824
-21.630675838764073, 11.472429183987298, -17.699999899999824
-22.73630461879796, 9.0582950508081, -17.699999899999824
-23.60003833952271, 6.547444268841938, -17.699999899999824
-24.20653323267433, 3.962500092559003, -17.699999899999824
-24.528955892743554, 1.3272594079468307, -17.699999899999824
-24.528955892757775, -1.3272594077229265, -17.699999899999824
-24.20653324955885, -3.9625000954541787, -17.699999899999824
-23.600038338483344, -6.547444268519867, -17.699999899999824
-22.736304618919984, -9.058295050608333, -17.699999899999824
-21.630675830652834, -11.472429180081997, -17.699999899999824
-20.29027068271575, -13.764439974020409, -17.699999899999824
-18.714406189614717, -15.901147172856035, -17.699999899999824
-16.897623817070627, -17.836614723403546, -17.699999899999824
-14.854681439284507, -19.53200110383503, -17.699999899999824
-12.635535461807079, -20.989705130916665, -17.699999899999824
-10.278926263302159, -22.21310569827135, -17.699999899999824
-7.8135115413363545, -23.199112269153126, -17.699999899999824
-5.262844977717211, -23.936866246318736, -17.699999899999824
-2.6494726048127797, -24.40537159789395, -17.699999899999824
0.0, -24.571636619548734, -17.699999899999824
4.440892098500626e-16, -24.571636619548737, -17.699999899999824
2.6494726040971854, -24.405371590397973, -17.699999899999824
5.262844972579066, -23.93686622258997, -17.699999899999824
7.813511547849381, -23.19911228826782, -17.699999899999824
10.278926260394316, -22.21310569113544, -17.699999899999824
12.635535456405416, -20.989705120757893, -17.699999899999824
14.854681444514519, -19.53200111166481, -17.699999899999824
16.897623817094807, -17.836614723380713, -17.699999899999824
18.714406189640414, -15.90114717282482, -17.699999899999824
20.290270695787207, -13.764439982285632, -17.699999899999824
21.630675800784452, -11.472429163653205, -17.699999899999824
22.736304609007437, -9.058295046448864, -17.699999899999824
23.60003832543897, -6.547444264538459, -17.699999899999824
24.206533228536482, -3.962500091836882, -17.699999899999824
24.528955892750957, -1.327259407830002, -17.699999899999824
24.528955895724, 1.3272594076810045, -17.699999899999824
24.206533238292593, 3.962500093799804, -17.699999899999824
23.600038351251754, 6.547444272525567, -17.699999899999824
22.73630459698675, 9.058295042040704, -17.699999899999824
21.630675806505916, 11.472429166753164, -17.699999899999824
20.29027067438653, 13.764439968149478, -17.699999899999824
18.71440618964048, 15.901147172824935, -17.699999899999824
16.897623822201123, 17.83661472878136, -17.699999899999824
14.85468144202559, 19.53200110814817, -17.699999899999824
12.635535463082247, 20.989705133351976, -17.699999899999824
10.2789262499806, 22.213105668455814, -17.699999899999824
7.813511541356627, 23.199112269146173, -17.699999899999824
5.262844977731115, 23.93686624631549, -17.699999899999824
2.6494726048198816, 24.40537159789329, -17.699999899999824
-4.440892098500626e-16, 24.571636619548737, -17.699999899999824
3.197442310920451e-14, 24.378515286786488, -17.899999899999823
-2.628624323299388, 24.21347832061728, -17.899999899999823
-5.2214149831793355, 23.748525811658144, -17.899999899999823
-7.751991443990589, 23.016485473482334, -17.899999899999823
-10.198008582683475, 22.03822453409058, -17.899999899999823
-12.536114796899113, 20.824514171203496, -17.899999899999823
-14.737875960067358, 19.37838630047457, -17.899999899999823
-16.76481527619861, 17.69641944889537, -17.899999899999823
-18.567273483452762, 15.77614911412291, -17.899999899999823
-20.130634488630207, 13.656171532760672, -17.899999899999823
-21.46040126138968, 11.382135121640182, -17.899999899999823
-22.557302541769914, 8.986977087977962, -17.899999899999823
-23.414293937382116, 6.495895034045969, -17.899999899999823
-24.016136726624474, 3.931312708401638, -17.899999899999823
-24.336146122797903, 1.316817568357433, -17.899999899999823
-24.336146122798812, -1.3168175683430257, -17.899999899999823
-24.016136743325877, -3.9313127114768522, -17.899999899999823
-23.414293936281386, -6.4958950339225785, -17.899999899999823
-22.557302541815044, -8.98697708797397, -17.899999899999823
-21.460401291288903, -11.382135138003786, -17.899999899999823
-20.130634475753517, -13.656171524547313, -17.899999899999823
-18.567273483462042, -15.776149114111833, -17.899999899999823
-16.764815276209212, -17.69641944888554, -17.899999899999823
-14.73787595483685, -19.378386292573047, -17.899999899999823
-12.536114802345601, -20.824514181370297, -17.899999899999823
-10.198008585617208, -22.038224541214998, -17.899999899999823
-7.75199143749484, -23.016485454354378, -17.899999899999823
-5.221414988324744, -23.748525835351618, -17.899999899999823
-2.628624323998907, -24.2134783279092, -17.899999899999823
0.0, -24.378515286786488, -17.899999899999823
4.440892098500626e-16, -24.378515286786488, -17.899999899999823
2.6286243232994138, -24.213478320617263, -17.899999899999823
5.221414983179378, -23.748525811658208, -17.899999899999823
7.75199144399061, -23.01648547348231, -17.899999899999823
10.198008582683487, -22.038224534090546, -17.899999899999823
12.536114796899113, -20.824514171203447, -17.899999899999823
14.737875960067402, -19.37838630047458, -17.899999899999823
16.764815276198586, -17.6964194488953, -17.899999899999823
18.567273483452738, -15.776149114122841, -17.899999899999823
20.13063448863017, -13.656171532760597, -17.899999899999823
21.460401261389688, -11.382135121640133, -17.899999899999823
22.557302541769907, -8.986977087977905, -17.899999899999823
23.414293937382084, -6.495895034045907, -17.899999899999823
24.01613672662444, -3.9313127084015798, -17.899999899999823
24.336146122797906, -1.316817568357384, -17.899999899999823
24.33614612279881, 1.3168175683430758, -17.899999899999823
24.01613674332587, 3.9313127114768958, -17.899999899999823
23.414293936281393, 6.495895033922615, -17.899999899999823
22.557302541815023, 8.986977087973997, -17.899999899999823
21.460401291288886, 11.382135138003811, -17.899999899999823
20.130634475753272, 13.656171524547199, -17.899999899999823
18.567273483462003, 15.776149114111846, -17.899999899999823
16.764815276209177, 17.69641944888555, -17.899999899999823
14.737875954836806, 19.378386292573047, -17.899999899999823
12.536114802345562, 20.82451418137031, -17.899999899999823
10.19800858561718, 22.038224541215026, -17.899999899999823
7.751991437494815, 23.016485454354402, -17.899999899999823
5.221414988324727, 23.748525835351654, -17.899999899999823
2.6286243239989444, 24.213478327909556, -17.899999899999823
-8.881784197001252e-16, 24.37851528678649, -17.899999899999823
-4.440892098500626e-16, 24.169537808949404, -18.099999899999823
2.606106032195722, 24.005962722461906, -18.099999899999823
5.176695866374766, 23.545073436350062, -18.099999899999823
7.685605575896823, 22.81935919380536, -18.099999899999823
10.110667329668088, 21.84948647927956, -18.099999899999823
12.428719486408852, 20.64613530501404, -18.099999899999823
14.611572761075783, 19.212332385757644, -18.099999899999823
16.621104716689935, 17.544727017345146, -18.099999899999823
18.40813892885213, 15.640926382423189, -18.099999899999823
19.95816916267146, 13.539159938818608, -18.099999899999823
21.27659901295336, 11.284640892175833, -18.099999899999823
22.364120144417882, 8.910013362197281, -18.099999899999823
23.213737453311346, 6.440264565198356, -18.099999899999823
23.81035232700814, 3.897639100905073, -18.099999899999823
24.127546154400665, 1.3055356684891437, -18.099999899999823
24.127546151452513, -1.3055356690461266, -18.099999899999823
23.81035231734483, -3.897639099377429, -18.099999899999823
23.213737427782398, -6.440264557725742, -18.099999899999823
22.3641201345613, -8.910013358365566, -18.099999899999823
21.27659902095595, -11.284640896027835, -18.099999899999823
19.958169186919008, -13.539159954461347, -18.099999899999823
18.40813891264912, -15.640926369182802, -18.099999899999823
16.621104716540913, -17.544727017484643, -18.099999899999823
14.611572759250135, -19.21233238402982, -18.099999899999823
12.428719494542959, -20.646135318753227, -18.099999899999823
10.1106673379877, -21.849486497023758, -18.099999899999823
7.68560558230458, -22.819359212675632, -18.099999899999823
5.176695861293974, -23.545073412953084, -18.099999899999823
2.606106031491903, -24.005962715147287, -18.099999899999823
0.0, -24.169537808949404, -18.099999899999823
0.0, -24.169537808949404, -18.099999899999823
-2.606106032181776, -24.005962722463625, -18.099999899999823
-5.176695866347376, -23.54507343635647, -18.099999899999823
-7.685605575856909, -22.819359193819075, -18.099999899999823
-10.110667329616906, -21.849486479302975, -18.099999899999823
-12.428719486348092, -20.64613530504953, -18.099999899999823
-14.611572761007817, -19.212332385807755, -18.099999899999823
-16.621104716618067, -17.544727017412548, -18.099999899999823
-18.408138928780296, -15.640926382509912, -18.099999899999823
-19.958169162602104, -13.539159938924632, -18.099999899999823
-21.27659901288852, -11.284640892300791, -18.099999899999823
-22.36412014436039, -8.910013362341077, -18.099999899999823
-23.21373744067464, -6.440264561535856, -18.099999899999823
-23.810352338096354, -3.8976391028344874, -18.099999899999823
-24.12754615146591, -1.3055356688353923, -18.099999899999823
-24.12754615146492, 1.3055356688510016, -18.099999899999823
-23.810352321531557, 3.8976390997860313, -18.099999899999823
-23.213737441758564, 6.440264561657205, -18.099999899999823
-22.364120144315955, 8.910013362346879, -18.099999899999823
-21.276598983384968, 11.284640876153452, -18.099999899999823
-19.958169175401267, 13.539159947090928, -18.099999899999823
-18.408138928770242, 15.640926382521915, -18.099999899999823
-16.62110471660658, 17.544727017423202, -18.099999899999823
-14.611572766147813, 19.21233239357651, -18.099999899999823
-12.428719480982204, 20.64613529503326, -18.099999899999823
-10.110667326722012, 21.849486472273384, -18.099999899999823
-7.685605582264615, 22.819359212689402, -18.099999899999823
-5.176695861266556, 23.54507341295964, -18.099999899999823
-2.6061060314779003, 24.005962715149035, -18.099999899999823
3.197442310920451e-14, 24.169537808949404, -18.099999899999823
3.197442310920451e-14, 23.942572200657285, -18.299999899999822
-2.581691732643098, 23.78071955037442, -18.299999899999822
-5.1282414499315765, 23.324464876424383, -18.299999899999822
-7.613693313693394, 22.605766829368527, -18.299999899999822
-10.01603118905484, 21.64501100479532, -18.299999899999822
-12.312270722443962, 20.452782259544385, -18.299999899999822
-14.474491566094578, 19.032160790156908, -18.299999899999822
-16.465026190464492, 17.379991070068186, -18.299999899999822
-18.235386026064496, 15.494102826509998, -18.299999899999822
-19.771140107438256, 13.412224542629273, -18.299999899999822
-21.07743439476594, 11.178970924441796, -18.299999899999822
-22.15483293078761, 8.82663751114855, -18.299999899999822
-22.996362064186677, 6.379998856768217, -18.299999899999822
-23.587102449146432, 3.861142385422026, -18.299999899999822
-23.901031429299973, 1.2933001605656305, -18.299999899999822
-23.90103142930128, -1.2933001605448933, -18.299999899999822
-23.587102465585296, -3.861142388440919, -18.299999899999822
-22.99636206314157, -6.379998856651764, -18.299999899999822
-22.15483293083043, -8.826637511135585, -18.299999899999822
-21.07743442344366, -11.178970940138205, -18.299999899999822
-19.771140094627278, -13.41222453444596, -18.299999899999822
-18.235386026077823, -15.494102826494027, -18.299999899999822
-16.465026190479723, -17.379991070054007, -18.299999899999822
-14.47449156118161, -19.032160782715476, -18.299999899999822
-12.312270727626395, -20.452782269217906, -18.299999899999822
-10.016031191868494, -21.645011011625744, -18.299999899999822
-7.613693307473233, -22.605766811044212, -18.299999899999822
-5.128241454884695, -23.324464899236006, -18.299999899999822
-2.581691733380951, -23.780719557954882, -18.299999899999822
0.0, -23.942572200657285, -18.299999899999822
0.0, -23.942572200657285, -18.299999899999822
2.5816917326431224, -23.780719550374403, -18.299999899999822
5.128241449931614, -23.324464876424436, -18.299999899999822
7.613693313693406, -22.605766829368488, -18.299999899999822
10.016031189054843, -21.64501100479528, -18.299999899999822
12.312270722443946, -20.452782259544314, -18.299999899999822
14.474491566094487, -19.032160790156748, -18.299999899999822
16.465026190464453, -17.379991070068105, -18.299999899999822
18.23538602606445, -15.494102826509911, -18.299999899999822
19.771140107438193, -13.41222454262918, -18.299999899999822
21.077434394765916, -11.17897092444173, -18.299999899999822
22.154832930787588, -8.826637511148496, -18.299999899999822
22.996362064186634, -6.379998856768163, -18.299999899999822
23.587102449146414, -3.861142385421977, -18.299999899999822
23.90103142929996, -1.2933001605655887, -18.299999899999822
23.901031429301273, 1.2933001605449268, -18.299999899999822
23.58710246558529, 3.8611423884409515, -18.299999899999822
22.996362063141564, 6.379998856651792, -18.299999899999822
22.154832930830445, 8.826637511135614, -18.299999899999822
21.077434423443645, 11.17897094013822, -18.299999899999822
19.77114009462717, 13.412224534445906, -18.299999899999822
18.235386026077784, 15.494102826494016, -18.299999899999822
16.4650261904797, 17.379991070054, -18.299999899999822
14.474491561181576, 19.032160782715454, -18.299999899999822
12.312270727626345, 20.452782269217842, -18.299999899999822
10.016031191868455, 21.645011011625694, -18.299999899999822
7.61369330747323, 22.60576681104424, -18.299999899999822
5.128241454884696, 23.32446489923604, -18.299999899999822
2.5816917333809393, 23.780719557954804, -18.299999899999822
0.0, 23.942572200657285, -18.299999899999822
3.197442310920451e-14, 23.69484583485951, -18.49999989999982
-2.5550874601137052, 23.535010640100655, -18.49999989999982
-5.075471362059301, 23.08404126752687, -18.49999989999982
-7.535395286970436, 22.373150217992922, -18.49999989999982
-9.912966861836479, 21.422352116051602, -18.49999989999982
-12.185365322607696, 20.242131588002064, -18.49999989999982
-14.324967095892928, 18.83568810664061, -18.49999989999982
-16.29467321670845, 17.20020054731317, -18.49999989999982
-18.046912326229574, 15.333888615343183, -18.49999989999982
-19.567290913483756, 13.273829580485165, -18.49999989999982
-20.860521179065923, 11.063856423074748, -18.49999989999982
-21.926937668571608, 8.73585270368568, -18.49999989999982
-22.759557474636026, 6.314377266956566, -18.49999989999982
-23.343684747982774, 3.8213843342751392, -18.49999989999982
-23.653838855210594, 1.2799633604394598, -18.49999989999982
-23.653838858116583, -1.2799633601417157, -18.49999989999982
-23.343684757449463, -3.821384335979925, -18.49999989999982
-22.759557499160433, -6.314377274325371, -18.49999989999982
-21.926937678158342, -8.73585270760849, -18.49999989999982
-20.86052120644848, -11.06385643806417, -18.49999989999982
-19.567290900563382, -13.273829572214849, -18.49999989999982
-18.046912326248826, -15.333888615320049, -18.49999989999982
-16.29467321673045, -17.20020054729262, -18.49999989999982
-14.324967091351802, -18.835688099732906, -18.49999989999982
-12.185365327496138, -20.242131597126363, -18.49999989999982
-9.912966864522184, -21.42235212256828, -18.49999989999982
-7.5353952810461795, -22.37315020052915, -18.49999989999982
-5.075471366815872, -23.084041289438346, -18.49999989999982
-2.5550874609161442, -23.535010648198995, -18.49999989999982
0.0, -23.694845834859503, -18.49999989999982
0.0, -23.694845834859507, -18.49999989999982
2.555087460113733, -23.535010640100644, -18.49999989999982
5.075471362059308, -23.084041267526775, -18.49999989999982
7.535395286970449, -22.373150217992887, -18.49999989999982
9.912966861836479, -21.422352116051545, -18.49999989999982
12.18536532260768, -20.242131588001982, -18.49999989999982
14.324967095892802, -18.835688106640394, -18.49999989999982
16.294673216708393, -17.200200547313063, -18.49999989999982
18.04691232622951, -15.333888615343076, -18.49999989999982
19.56729091348369, -13.273829580485064, -18.49999989999982
20.8605211790659, -11.063856423074672, -18.49999989999982
21.92693767811827, -8.73585270763434, -18.49999989999982
22.75955748777465, -6.314377270684901, -18.49999989999982
23.343684751041774, -3.8213843345228447, -18.49999989999982
23.653838855221274, -1.2799633602705427, -18.49999989999982
23.65383885521058, 1.2799633604395053, -18.49999989999982
23.343684767332245, 3.8213843377056276, -18.49999989999982
22.75955748673572, 6.314377270767692, -18.49999989999982
21.926937656960845, 8.735852699409389, -18.49999989999982
20.86052118433818, 11.063856425934844, -18.49999989999982
19.567290893171545, 13.27382956706034, -18.49999989999982
18.04691232622958, 15.333888615343197, -18.49999989999982
16.294673221121133, 17.200200551986224, -18.49999989999982
14.324967093721554, 18.835688103589128, -18.49999989999982
12.18536532880368, 20.24213159966481, -18.49999989999982
9.912966852322414, 21.422352095332617, -18.49999989999982
7.535395281046167, 22.373150200529178, -18.49999989999982
5.075471366815867, 23.08404128943838, -18.49999989999982
2.5550874609161474, 23.53501064819908, -18.49999989999982
0.0, 23.694845834859507, -18.49999989999982
3.197442310920451e-14, 23.42263651972434, -18.69999989999982
-2.5258984880524995, 23.265159571917646, -18.69999989999982
-5.017606219013288, 22.820232304124314, -18.69999989999982
-7.449557577447284, 22.118074505786307, -18.69999989999982
-9.799952637821873, 21.17822545549876, -18.69999989999982
-12.046119189876753, 20.011063402683916, -18.69999989999982
-14.16076345277525, 18.61998270333064, -18.69999989999982
-16.107486350649523, 17.0026556024265, -18.69999989999982
-17.839895062354422, 15.1578807349041, -18.69999989999982
-19.343591844517658, 13.12191301530793, -18.69999989999982
-20.62265511689542, 10.937593690967525, -18.69999989999982
-21.677073217159034, 8.636320468223575, -18.69999989999982
-22.499818708527183, 6.242432093908529, -18.69999989999982
-23.076470721279073, 3.777776473020787, -18.69999989999982
-23.382258847840703, 1.2653269860448433, -18.69999989999982
-23.38225884785577, -1.2653269858058647, -18.69999989999982
-23.07647073754216, -3.7777764757797367, -18.69999989999982
-22.499818707681705, -6.242432093621961, -18.69999989999982
-21.677073217267516, -8.63632046799676, -18.69999989999982
-20.622655109919837, -10.937593687581176, -18.69999989999982
-19.34359182047636, -13.12191299973827, -18.69999989999982
-17.83989507608447, -15.157880746115115, -18.69999989999982
-16.107486350792342, -17.00265560229264, -18.69999989999982
-14.160763454419238, -18.619982704887864, -18.69999989999982
-12.046119182506848, -20.011063390229552, -18.69999989999982
-9.799952629872974, -21.178225438482446, -18.69999989999982
-7.449557571936684, -22.118074489525554, -18.69999989999982
-5.017606223498763, -22.820232324793928, -18.69999989999982
-2.5258984889496157, -23.26515958078265, -18.69999989999982
0.0, -23.42263651972434, -18.69999989999982
4.440892098500626e-16, -23.42263651972434, -18.69999989999982
2.5258984880659225, -23.265159571915976, -18.69999989999982
5.017606219039615, -22.820232304118225, -18.69999989999982
7.44955757748559, -22.118074505773098, -18.69999989999982
9.799952637870959, -21.17822545547622, -18.69999989999982
12.04611918993498, -20.011063402649746, -18.69999989999982
14.160763452840374, -18.619982703282446, -18.69999989999982
16.10748635071839, -17.002655602361756, -18.69999989999982
17.83989506242331, -15.157880734820884, -18.69999989999982
19.34359184458426, -13.121913015206268, -18.69999989999982
20.62265511695759, -10.937593690847644, -18.69999989999982
21.677073207776296, -8.636320464181765, -18.69999989999982
22.4998186961186, -6.242432090220488, -18.69999989999982
23.076470719313132, -3.777776472773218, -18.69999989999982
23.38225884784303, -1.2653269860078917, -18.69999989999982
23.382258850730388, 1.2653269857587321, -18.69999989999982
23.07647072864743, 3.7777764744592903, -18.69999989999982
22.49981871992684, 6.242432097360249, -18.69999989999982
21.677073196354204, 8.63632045974758, -18.69999989999982
20.622655089367505, 10.937593676153254, -18.69999989999982
19.343591813947913, 13.1219129950216, -18.69999989999982
17.83989507612549, 15.157880746065631, -18.69999989999982
16.107486354689378, 17.002655606352228, -18.69999989999982
14.160763456588334, 18.61998270832529, -18.69999989999982
12.046119183969724, 20.011063392884314, -18.69999989999982
9.799952618551313, 21.178225413079986, -18.69999989999982
7.449557571975008, 22.118074489512402, -18.69999989999982
5.017606223525088, 22.8202323247878, -18.69999989999982
2.5258984889630685, 23.26515958078109, -18.69999989999982
0.0, 23.42263651972436, -18.69999989999982
3.197442310920451e-14, 23.120739383332992, -18.89999989999982
-2.49357274261558, 22.966024886112976, -18.89999989999982
-4.953555878093406, 22.528044531751608, -18.89999989999982
-7.354566215717529, 21.83573557026936, -18.89999989999982
-9.67486018952331, 20.90803730457849, -18.89999989999982
-11.891897193785349, 19.755214001882276, -18.89999989999982
-13.978753701625962, 18.38094454289132, -18.89999989999982
-15.899886588975134, 16.783580887167904, -18.89999989999982
-17.610386776471223, 14.962718766900933, -18.89999989999982
-19.095805375011956, 12.953590894540534, -18.89999989999982
-20.35935449532633, 10.797799880485254, -18.89999989999982
-21.400538502151328, 8.526168731080306, -18.89999989999982
-22.21224351082376, 6.162809771779129, -18.89999989999982
-22.78038561009962, 3.7294956945545485, -18.89999989999982
-23.081103939882468, 1.2491137404678176, -18.89999989999982
-23.081103942757178, -1.2491137398840984, -18.89999989999982
-22.780385620146635, -3.729495695970432, -18.89999989999982
-22.2122435101529, -6.162809771887406, -18.89999989999982
-21.400538483151934, -8.526168723832422, -18.89999989999982
-20.359354496467212, -10.797799881041996, -18.89999989999982
-19.09580535904999, -12.9535908839497, -18.89999989999982
-17.610386776471266, -14.96271876690095, -18.89999989999982
-15.89988659213921, -16.78358089053341, -18.89999989999982
-13.978753700046973, -18.380944540709347, -18.89999989999982
-11.89189721242101, -19.755214035355916, -18.89999989999982
-9.67486018436445, -20.908037295038973, -18.89999989999982
-7.35456621248193, -21.83573556287222, -18.89999989999982
-4.9535558799096275, -22.528044541384926, -18.89999989999982
-2.4935727436348873, -22.96602489597345, -18.89999989999982
0.0, -23.120739383332985, -18.89999989999982
-4.440892098500626e-16, -23.12073938333299, -18.89999989999982
2.493572742615602, -22.966024886112944, -18.89999989999982
4.953555878093423, -22.528044531751583, -18.89999989999982
7.354566215717534, -21.835735570269318, -18.89999989999982
9.674860189523292, -20.908037304578414, -18.89999989999982
11.891897193785317, -19.755214001882187, -18.89999989999982
13.978753701625914, -18.380944542891218, -18.89999989999982
15.899886588975068, -16.78358088716779, -18.89999989999982
17.610386776471135, -14.962718766900808, -18.89999989999982
19.095805375011853, -12.953590894540408, -18.89999989999982
20.359354495326286, -10.797799880485165, -18.89999989999982
21.400538502151342, -8.526168731080247, -18.89999989999982
22.212243510823722, -6.162809771779057, -18.89999989999982
22.78038561009957, -3.7294956945544824, -18.89999989999982
23.08110393988246, -1.2491137404677612, -18.89999989999982
23.08110394275717, 1.2491137398841492, -18.89999989999982
22.78038562014664, 3.7294956959704777, -18.89999989999982
22.212243510152895, 6.162809771887439, -18.89999989999982
21.40053848315206, 8.526168723832491, -18.89999989999982
20.359354496467205, 10.797799881042009, -18.89999989999982
19.095805359049987, 12.953590883949703, -18.89999989999982
17.61038677647125, 14.962718766900927, -18.89999989999982
15.89988659213918, 16.783580890533372, -18.89999989999982
13.978753700046957, 18.380944540709315, -18.89999989999982
11.891897212421027, 19.755214035355905, -18.89999989999982
9.674860184364467, 20.908037295038945, -18.89999989999982
7.354566212481964, 21.835735562872223, -18.89999989999982
4.953555879909677, 22.528044541384958, -18.89999989999982
2.493572743634908, 22.966024895973224, -18.89999989999982
0.0, 23.120739383332992, -18.89999989999982
2.842170943040401e-14, 22.78147067212913, -19.09999989999982
-2.457295048271041, 22.63001559637624, -19.09999989999982
-4.881710528716286, 22.200104760021258, -19.09999989999982
-7.248037950107908, 21.519039694991243, -19.09999989999982
-9.53454695600909, 20.60500474764164, -19.09999989999982
-11.718808538512087, 19.46814009604181, -19.09999989999982
-13.77432103464915, 18.11251989994404, -19.09999989999982
-15.66659033061769, 16.537402920734735, -19.09999989999982
-17.352559403064014, 14.743441433643422, -19.09999989999982
-18.817674604011405, 12.764605084346808, -19.09999989999982
-20.064001819161028, 10.640956700239732, -19.09999989999982
-21.09039203121562, 8.402633219002022, -19.09999989999982
-21.88959338771044, 6.073511552101603, -19.09999989999982
-22.447936490848917, 3.6753265532894495, -19.09999989999982
-22.742715759036784, 1.2309142092063636, -19.09999989999982
-22.742715759005932, -1.23091420970178, -19.09999989999982
-22.447936506853786, -3.6753265567376805, -19.09999989999982
-21.889593386940508, -6.073511552607409, -19.09999989999982
-21.090392029751477, -8.402633218940963, -19.09999989999982
-20.064001843136133, -10.640956713991066, -19.09999989999982
-18.817674589756855, -12.764605075806973, -19.09999989999982
-17.352559402746678, -14.743441434025115, -19.09999989999982
-15.66659033025579, -16.53740292107446, -19.09999989999982
-13.7743210316607, -18.112519896270072, -19.09999989999982
-11.718808541236536, -19.468140102368316, -19.09999989999982
-9.534546959450918, -20.6050047571233, -19.09999989999982
-7.248037947250363, -21.51903968863189, -19.09999989999982
-4.8817105299497, -22.2001047669938, -19.09999989999982
-2.457295049434289, -22.630015607416375, -19.09999989999982
0.0, -22.781470672129124, -19.09999989999982
0.0, -22.781470672129128, -19.09999989999982
2.457295048218223, -22.63001559638263, -19.09999989999982
4.881710528612632, -22.200104760045402, -19.09999989999982
7.248037949956884, -21.519039695043034, -19.09999989999982
9.534546962988175, -20.60500476368449, -19.09999989999982
11.718808548445477, -19.468140114033837, -19.09999989999982
13.774321030598536, -18.112519894760602, -19.09999989999982
15.666590330359167, -16.53740292097717, -19.09999989999982
17.352559392410363, -14.74344142524909, -19.09999989999982
18.81767458065073, -12.764605069184006, -19.09999989999982
20.064001847341114, -10.64095671523614, -19.09999989999982
21.09039202902081, -8.402633218011607, -19.09999989999982
21.88959337892802, -6.073511549722973, -19.09999989999982
22.44793649143205, -3.675326553682906, -19.09999989999982
22.742715759023575, -1.2309142094183945, -19.09999989999982
22.74271576178895, 1.2309142094208925, -19.09999989999982
22.44793650085231, 3.675326555518105, -19.09999989999982
21.889593376611995, 6.073511549857718, -19.09999989999982
21.0903920100114, 8.402633211276678, -19.09999989999982
20.06400181986993, 10.640956701167395, -19.09999989999982
18.817674588791505, 12.764605074809534, -19.09999989999982
17.35255940279177, 14.74344143397085, -19.09999989999982
15.666590332693888, 16.537402923500224, -19.09999989999982
13.774321033233706, 18.112519898563082, -19.09999989999982
11.718808556039267, 19.468140127986565, -19.09999989999982
9.534546951276555, 20.60500473948948, -19.09999989999982
7.248037947099334, 21.51903968868375, -19.09999989999982
4.8817105298460355, 22.200104767018015, -19.09999989999982
2.4572950493814516, 22.630015607422767, -19.09999989999982
0.0, 22.781470672129135, -19.09999989999982
3.197442310920451e-14, 22.39259308397803, -19.29999989999982
-2.4157668657257654, 22.24504085272753, -19.29999989999982
-4.799505604624251, 21.824667883206423, -19.29999989999982
-7.126176110643103, 21.156686526393766, -19.29999989999982
-9.37400679834901, 20.25832232432837, -19.29999989999982
-11.520655376293375, 19.139577421484102, -19.29999989999982
-13.540111757217717, 17.805066067327378, -19.29999989999982
-15.399182732057662, 16.25524514248304, -19.29999989999982
-17.057130391764712, 14.492146871763108, -19.29999989999982
-18.499232545262917, 12.54817281033339, -19.29999989999982
-19.7260550840911, 10.4614595197055, -19.29999989999982
-20.73557582960537, 8.261310345431983, -19.29999989999982
-21.52033740952035, 5.971353227059462, -19.29999989999982
-22.06718796142784, 3.613332784250174, -19.29999989999982
-22.354896962768564, 1.210076266045109, -19.29999989999982
-22.3548969612262, -1.2100762659267292, -19.29999989999982
-22.067187974726778, -3.6133327866562617, -19.29999989999982
-21.520337408304716, -5.97135322502233, -19.29999989999982
-20.735575809741103, -8.26131033525851, -19.29999989999982
-19.726055126605083, -10.461459540787047, -19.29999989999982
-18.499232538595074, -12.548172805862524, -19.29999989999982
-17.057130391764744, -14.49214687176309, -19.29999989999982
-15.39918273351107, -16.255245144055777, -19.29999989999982
-13.540111756572724, -17.805066066494597, -19.29999989999982
-11.520655392994385, -19.139577451295434, -19.29999989999982
-9.374006794557788, -20.25832231765588, -19.29999989999982
-7.1261761082451995, -21.156686521301832, -19.29999989999982
-4.7995056051298715, -21.824667886848175, -19.29999989999982
-2.4157668670442978, -22.24504086504847, -19.29999989999982
0.0, -22.392593083978028, -19.29999989999982
-4.440892098500626e-16, -22.39259308397803, -19.29999989999982
2.415766865725794, -22.24504085272754, -19.29999989999982
4.7995056046242786, -21.824667883206423, -19.29999989999982
7.126176110643111, -21.156686526393706, -19.29999989999982
9.37400680453531, -20.2583223381021, -19.29999989999982
11.520655384866862, -19.139577436512397, -19.29999989999982
13.540111756051413, -17.80506606551409, -19.29999989999982
15.399182733144952, -16.255245143610995, -19.29999989999982
17.057130382579107, -14.492146864059317, -19.29999989999982
18.499232522693738, -12.54817279508091, -19.29999989999982
19.726055149361223, -10.461459552364271, -19.29999989999982
20.735575830591397, -8.26131034296466, -19.29999989999982
21.520337410253973, -5.971353224505692, -19.29999989999982
22.067187961890085, -3.6133327816336376, -19.29999989999982
22.354896962932127, -1.2100762633931004, -19.29999989999982
22.354896961062618, 1.2100762685787338, -19.29999989999982
22.06718797426448, 3.613332789272776, -19.29999989999982
21.52033740757104, 5.971353227576058, -19.29999989999982
20.73557582828158, 8.26131034538112, -19.29999989999982
19.726055144532534, 10.461459553742687, -19.29999989999982
18.49923252918393, 12.548172803079362, -19.29999989999982
17.057130389222117, 14.492146873110597, -19.29999989999982
15.399182731208374, 16.255245145430184, -19.29999989999982
13.54011175585226, 17.805066069522926, -19.29999989999982
11.520655406970324, 19.1395774778964, -19.29999989999982
9.3740068198585, 20.25832237384849, -19.29999989999982
7.126176108245164, 21.156686521301868, -19.29999989999982
4.799505605129858, 21.82466788684825, -19.29999989999982
2.415766867044299, 22.2450408650486, -19.29999989999982
0.0, 22.39259308397803, -19.29999989999982
2.842170943040401e-14, 21.932254723414562, -19.499999899999818
-2.3666689224366935, 21.789508041543066, -19.499999899999818
-4.702360218343298, 21.380756400472052, -19.499999899999818
-6.982199079515351, 20.728492070243405, -19.499999899999818
-9.184298140520362, 19.84868983493117, -19.499999899999818
-11.286368090383789, 18.75119283192904, -19.499999899999818
-13.262992938923464, 17.44136166352732, -19.499999899999818
-15.082637502938214, 15.921256696149147, -19.499999899999818
-16.707522785631834, 14.19472403862348, -19.499999899999818
-18.12267763327653, 12.292180155109508, -19.499999899999818
-19.326684980052807, 10.249298117754835, -19.499999899999818
-20.316338693009065, 8.094334587308168, -19.499999899999818
-21.083880119019394, 5.8506470962864325, -19.499999899999818
-21.61682367427837, 3.540055893704091, -19.499999899999818
-21.8958662332491, 1.185435253000702, -19.499999899999818
-21.895866236818623, -1.1854352531330996, -19.499999899999818
-21.616823674368117, -3.540055893846752, -19.499999899999818
-21.08388010547678, -5.850647093159482, -19.499999899999818
-20.316338692701883, -8.09433458807728, -19.499999899999818
-19.326684943992888, -10.24929809908142, -19.499999899999818
-18.12267764685794, -12.292180163936324, -19.499999899999818
-16.70752278563184, -14.194724038623415, -19.499999899999818
-15.082637466013193, -15.92125665817825, -19.499999899999818
-13.262992938506681, -17.441361663193295, -19.499999899999818
-11.28636810221194, -18.751192852645367, -19.499999899999818
-9.184298139730506, -19.84868983401095, -19.499999899999818
-6.982199080222625, -20.728492073143478, -19.499999899999818
-4.702360218917783, -21.380756403308258, -19.499999899999818
-2.3666689238628402, -21.789508055380903, -19.499999899999818
0.0, -21.932254723414534, -19.499999899999818
-8.881784197001252e-16, -21.932254723414534, -19.499999899999818
2.3666689224367077, -21.789508041543, -19.499999899999818
4.702360218343302, -21.380756400471988, -19.499999899999818
6.982199079515345, -20.728492070243323, -19.499999899999818
9.184298140520333, -19.848689834931054, -19.499999899999818
11.286368090383741, -18.7511928319289, -19.499999899999818
13.262992938923404, -17.441361663527175, -19.499999899999818
15.082637502938109, -15.921256696148953, -19.499999899999818
16.707522785631696, -14.194724038623265, -19.499999899999818
18.122677633276457, -12.292180155109337, -19.499999899999818
19.32668498005273, -10.249298117754666, -19.499999899999818
20.316338693009037, -8.094334587308031, -19.499999899999818
21.08388011901933, -5.85064709628629, -19.499999899999818
21.616823674278297, -3.5400558937039532, -19.499999899999818
21.895866233249095, -1.1854352530005794, -19.499999899999818
21.895866236818648, 1.185435253133217, -19.499999899999818
21.616823674368156, 3.5400558938468687, -19.499999899999818
21.08388010547678, 5.8506470931595835, -19.499999899999818
20.316338692701837, 8.094334588077361, -19.499999899999818
19.326684943992852, 10.249298099081503, -19.499999899999818
18.122677646857937, 12.292180163936418, -19.499999899999818
16.707522785631774, 14.194724038623447, -19.499999899999818
15.08263746601316, 15.921256658178304, -19.499999899999818
13.262992938506644, 17.441361663193334, -19.499999899999818
11.286368102211862, 18.751192852645342, -19.499999899999818
9.184298139730453, 19.848689834010944, -19.499999899999818
6.982199080222595, 20.72849207314352, -19.499999899999818
4.702360218917773, 21.380756403308354, -19.499999899999818
2.3666689238628664, 21.789508055381223, -19.499999899999818
0.0, 21.932254723414555, -19.499999899999818
2.842170943040401e-14, 21.352981845339194, -19.699999899999817
-2.3049614275175734, 21.216501912572763, -19.699999899999817
-4.580319141421314, 20.82278603326445, -19.699999899999817
-6.801369008339767, 20.190593946431846, -19.699999899999817
-8.945989926644748, 19.334164993534696, -19.699999899999817
-10.991892492881206, 18.263146845856607, -19.699999899999817
-12.914429580315627, 16.983987164707717, -19.699999899999817
-14.684309289150022, 15.501000591195611, -19.699999899999817
-16.267720049178426, 13.820514644154354, -19.699999899999817
-17.64932732899349, 11.970304813254344, -19.699999899999817
-18.824972365894034, 9.982719423098745, -19.699999899999817
-19.789758362783648, 7.884612904816843, -19.699999899999817
-20.535465826521396, 5.699032481367765, -19.699999899999817
-21.050525412131915, 3.4479800995807652, -19.699999899999817
-21.31830154516383, 1.1544605368221634, -19.699999899999817
-21.318301548878967, -1.1544605364948082, -19.699999899999817
-21.050525412440575, -3.447980098937645, -19.699999899999817
-20.535465766977662, -5.699032465217487, -19.699999899999817
-19.789758362852922, -7.8846129046435465, -19.699999899999817
-18.824972365980585, -9.982719422933386, -19.699999899999817
-17.649327304312195, -11.97030479644882, -19.699999899999817
-16.267720048902785, -13.820514643500742, -19.699999899999817
-14.68430928945419, -15.501000590909191, -19.699999899999817
-12.914429580240961, -16.983987163942842, -19.699999899999817
-10.99189250083441, -18.263146858499947, -19.699999899999817
-8.945989928324215, -19.33416499778038, -19.699999899999817
-6.8013690081210125, -20.19059394650645, -19.699999899999817
-4.580319140889925, -20.822786030723737, -19.699999899999817
-2.3049614290949427, -21.216501927143, -19.699999899999817
0.0, -21.35298184533915, -19.699999899999817
-1.3322676295501878e-15, -21.35298184533915, -19.699999899999817
2.3049614275319033, -21.21650191257106, -19.699999899999817
4.580319141449387, -20.82278603325787, -19.699999899999817
6.8013690083806635, -20.190593946417795, -19.699999899999817
8.945989926697068, -19.33416499351048, -19.699999899999817
10.991892492943146, -18.263146845819765, -19.699999899999817
12.914429580384803, -16.983987164655808, -19.699999899999817
14.684309289223314, -15.501000591126244, -19.699999899999817
16.267720049252233, -13.820514644065717, -19.699999899999817
17.649327329065148, -11.97030481314615, -19.699999899999817
18.824972365960743, -9.98271942297091, -19.699999899999817
19.789758362842388, -7.884612904669521, -19.699999899999817
20.535465826568675, -5.699032481201339, -19.699999899999817
21.050525412163804, -3.4479800993960787, -19.699999899999817
21.318301545175842, -1.1544605366206966, -19.699999899999817
21.31830154886608, 1.1544605367106469, -19.699999899999817
21.050525412401193, 3.4479800991648792, -19.699999899999817
20.5354657669106, 5.699032465453143, -19.699999899999817
19.789758362756736, 7.884612904884464, -19.699999899999817
18.82497234795862, 9.982719415598634, -19.699999899999817
17.64932731977133, 11.970304806405004, -19.699999899999817
16.26772004755291, 13.820514642300354, -19.699999899999817
14.684309283010478, 15.501000584198925, -19.699999899999817
12.914429579918941, 16.983987163632975, -19.699999899999817
10.991892493495783, 18.263146846263552, -19.699999899999817
8.945989928685774, 19.334164998435828, -19.699999899999817
6.801369008161835, 20.190593946492548, -19.699999899999817
4.580319140917954, 20.822786030717424, -19.699999899999817
2.3049614291092078, 21.21650192714151, -19.699999899999817
4.440892098500626e-16, 21.352981845339176, -19.699999899999817
