solid 
 facet normal -5.870481e-03 -1.161729e-01 -9.932117e-01
   outer loop
     vertex -3.945245e+00 -3.895756e+01  0.000000e+00
     vertex -3.493530e-15 -3.749443e+01 -1.944565e-01
     vertex -7.372575e-15 -3.915692e+01  0.000000e+00
   endloop
 endfacet
 facet normal -4.667650e-03  1.161736e-01 -9.932180e-01
   outer loop
     vertex  1.119717e-15  3.749443e+01 -1.944565e-01
     vertex -3.138723e+00  3.903081e+01  0.000000e+00
     vertex  2.602085e-15  3.915692e+01  0.000000e+00
   endloop
 endfacet
 facet normal -2.209224e-02 -3.406988e-01 -9.399129e-01
   outer loop
     vertex -3.695221e+00 -3.710358e+01 -2.492771e-01
     vertex -1.289448e-15 -3.594622e+01 -7.556518e-01
     vertex -3.493530e-15 -3.749443e+01 -1.944565e-01
   endloop
 endfacet
 facet normal  5.999365e-04 -1.333355e-01 -9.910708e-01
   outer loop
     vertex -3.695221e+00 -3.710358e+01 -2.492771e-01
     vertex -3.493530e-15 -3.749443e+01 -1.944565e-01
     vertex -3.945245e+00 -3.895756e+01  0.000000e+00
   endloop
 endfacet
 facet normal -5.643954e-03 -3.856518e-01 -9.226272e-01
   outer loop
     vertex -3.557153e+00 -3.539394e+01 -9.647391e-01
     vertex -1.289448e-15 -3.594622e+01 -7.556518e-01
     vertex -3.695221e+00 -3.710358e+01 -2.492771e-01
   endloop
 endfacet
 facet normal -3.591726e-02 -5.477852e-01 -8.358476e-01
   outer loop
     vertex -3.557153e+00 -3.539394e+01 -9.647391e-01
     vertex -2.689837e-16 -3.452856e+01 -1.684735e+00
     vertex -1.289448e-15 -3.594622e+01 -7.556518e-01
   endloop
 endfacet
 facet normal -2.021264e-02 -1.325403e-01 -9.909715e-01
   outer loop
     vertex -7.324342e+00 -3.657846e+01 -2.492771e-01
     vertex -3.945245e+00 -3.895756e+01  0.000000e+00
     vertex -7.850347e+00 -3.836202e+01  0.000000e+00
   endloop
 endfacet
 facet normal -1.891569e-02 -1.307261e-01 -9.912381e-01
   outer loop
     vertex -7.324342e+00 -3.657846e+01 -2.492771e-01
     vertex -3.695221e+00 -3.710358e+01 -2.492771e-01
     vertex -3.945245e+00 -3.895756e+01  0.000000e+00
   endloop
 endfacet
 facet normal -1.222230e-02 -6.093645e-01 -7.927960e-01
   outer loop
     vertex -3.426410e+00 -3.392239e+01 -2.097831e+00
     vertex -2.689837e-16 -3.452856e+01 -1.684735e+00
     vertex -3.557153e+00 -3.539394e+01 -9.647391e-01
   endloop
 endfacet
 facet normal -4.388322e-02 -7.200216e-01 -6.925628e-01
   outer loop
     vertex -3.426410e+00 -3.392239e+01 -2.097831e+00
     vertex -1.531662e-17 -3.346526e+01 -2.790196e+00
     vertex -2.689837e-16 -3.452856e+01 -1.684735e+00
   endloop
 endfacet
 facet normal -5.411384e-02 -3.817582e-01 -9.226768e-01
   outer loop
     vertex -7.026860e+00 -3.490211e+01 -9.647391e-01
     vertex -3.557153e+00 -3.539394e+01 -9.647391e-01
     vertex -3.695221e+00 -3.710358e+01 -2.492771e-01
   endloop
 endfacet
 facet normal -5.550413e-02 -3.835885e-01 -9.218347e-01
   outer loop
     vertex -7.026860e+00 -3.490211e+01 -9.647391e-01
     vertex -3.695221e+00 -3.710358e+01 -2.492771e-01
     vertex -7.324342e+00 -3.657846e+01 -2.492771e-01
   endloop
 endfacet
 facet normal -1.720389e-02 -7.931347e-01 -6.088033e-01
   outer loop
     vertex -3.305549e+00 -3.277196e+01 -3.600000e+00
     vertex -1.531662e-17 -3.346526e+01 -2.790196e+00
     vertex -3.426410e+00 -3.392239e+01 -2.097831e+00
   endloop
 endfacet
 facet normal -4.417695e-02 -8.408128e-01 -5.395204e-01
   outer loop
     vertex -3.305549e+00 -3.277196e+01 -3.600000e+00
     vertex  0.000000e+00 -3.270526e+01 -3.974610e+00
     vertex -1.531662e-17 -3.346526e+01 -2.790196e+00
   endloop
 endfacet
 facet normal -3.383824e-02 -1.312317e-01 -9.907741e-01
   outer loop
     vertex -1.086197e+01 -3.570348e+01 -2.492771e-01
     vertex -7.850347e+00 -3.836202e+01  0.000000e+00
     vertex -1.167534e+01 -3.737575e+01  0.000000e+00
   endloop
 endfacet
 facet normal -3.193195e-02 -1.291044e-01 -9.911168e-01
   outer loop
     vertex -1.086197e+01 -3.570348e+01 -2.492771e-01
     vertex -7.324342e+00 -3.657846e+01 -2.492771e-01
     vertex -7.850347e+00 -3.836202e+01  0.000000e+00
   endloop
 endfacet
 facet normal -8.451591e-02 -6.031843e-01 -7.931114e-01
   outer loop
     vertex -6.756018e+00 -3.345585e+01 -2.097831e+00
     vertex -3.426410e+00 -3.392239e+01 -2.097831e+00
     vertex -3.557153e+00 -3.539394e+01 -9.647391e-01
   endloop
 endfacet
 facet normal -8.568241e-02 -6.044657e-01 -7.920099e-01
   outer loop
     vertex -6.756018e+00 -3.345585e+01 -2.097831e+00
     vertex -3.557153e+00 -3.539394e+01 -9.647391e-01
     vertex -7.026860e+00 -3.490211e+01 -9.647391e-01
   endloop
 endfacet
 facet normal -9.223654e-02 -3.769777e-01 -9.216183e-01
   outer loop
     vertex -1.039243e+01 -3.407865e+01 -9.647391e-01
     vertex -7.026860e+00 -3.490211e+01 -9.647391e-01
     vertex -7.324342e+00 -3.657846e+01 -2.492771e-01
   endloop
 endfacet
 facet normal -9.360172e-02 -3.784420e-01 -9.208802e-01
   outer loop
     vertex -1.039243e+01 -3.407865e+01 -9.647391e-01
     vertex -7.324342e+00 -3.657846e+01 -2.492771e-01
     vertex -1.086197e+01 -3.570348e+01 -2.492771e-01
   endloop
 endfacet
 facet normal -1.103191e-01 -7.847704e-01 -6.098894e-01
   outer loop
     vertex -6.521108e+00 -3.231993e+01 -3.600000e+00
     vertex -3.305549e+00 -3.277196e+01 -3.600000e+00
     vertex -3.426410e+00 -3.392239e+01 -2.097831e+00
   endloop
 endfacet
 facet normal -1.099137e-01 -7.844465e-01 -6.103791e-01
   outer loop
     vertex -6.521108e+00 -3.231993e+01 -3.600000e+00
     vertex -3.426410e+00 -3.392239e+01 -2.097831e+00
     vertex -6.756018e+00 -3.345585e+01 -2.097831e+00
   endloop
 endfacet
 facet normal -4.610302e-02 -1.269875e-01 -9.908323e-01
   outer loop
     vertex -1.428365e+01 -3.448378e+01 -2.492771e-01
     vertex -1.167534e+01 -3.737575e+01  0.000000e+00
     vertex -1.502484e+01 -3.615970e+01  0.000000e+00
   endloop
 endfacet
 facet normal -4.487834e-02 -1.258997e-01 -9.910273e-01
   outer loop
     vertex -1.428365e+01 -3.448378e+01 -2.492771e-01
     vertex -1.086197e+01 -3.570348e+01 -2.492771e-01
     vertex -1.167534e+01 -3.737575e+01  0.000000e+00
   endloop
 endfacet
 facet normal -1.454311e-01 -5.943877e-01 -7.909192e-01
   outer loop
     vertex -9.976840e+00 -3.267259e+01 -2.097831e+00
     vertex -7.026860e+00 -3.490211e+01 -9.647391e-01
     vertex -1.039243e+01 -3.407865e+01 -9.647391e-01
   endloop
 endfacet
 facet normal -1.443044e-01 -5.933844e-01 -7.918783e-01
   outer loop
     vertex -9.976840e+00 -3.267259e+01 -2.097831e+00
     vertex -6.756018e+00 -3.345585e+01 -2.097831e+00
     vertex -7.026860e+00 -3.490211e+01 -9.647391e-01
   endloop
 endfacet
 facet normal -1.306571e-01 -3.676688e-01 -9.207325e-01
   outer loop
     vertex -1.363808e+01 -3.292525e+01 -9.647391e-01
     vertex -1.039243e+01 -3.407865e+01 -9.647391e-01
     vertex -1.086197e+01 -3.570348e+01 -2.492771e-01
   endloop
 endfacet
 facet normal -1.312413e-01 -3.681786e-01 -9.204457e-01
   outer loop
     vertex -1.363808e+01 -3.292525e+01 -9.647391e-01
     vertex -1.086197e+01 -3.570348e+01 -2.492771e-01
     vertex -1.428365e+01 -3.448378e+01 -2.492771e-01
   endloop
 endfacet
 facet normal -1.869962e-01 -7.689344e-01 -6.113692e-01
   outer loop
     vertex -9.634010e+00 -3.156160e+01 -3.600000e+00
     vertex -6.756018e+00 -3.345585e+01 -2.097831e+00
     vertex -9.976840e+00 -3.267259e+01 -2.097831e+00
   endloop
 endfacet
 facet normal -1.873768e-01 -7.691776e-01 -6.109466e-01
   outer loop
     vertex -9.634010e+00 -3.156160e+01 -3.600000e+00
     vertex -6.521108e+00 -3.231993e+01 -3.600000e+00
     vertex -6.756018e+00 -3.345585e+01 -2.097831e+00
   endloop
 endfacet
 facet normal -5.810817e-02 -1.220639e-01 -9.908198e-01
   outer loop
     vertex -1.756560e+01 -3.292675e+01 -2.492771e-01
     vertex -1.502484e+01 -3.615970e+01  0.000000e+00
     vertex -1.859154e+01 -3.446179e+01  0.000000e+00
   endloop
 endfacet
 facet normal -5.779527e-02 -1.218217e-01 -9.908679e-01
   outer loop
     vertex -1.756560e+01 -3.292675e+01 -2.492771e-01
     vertex -1.428365e+01 -3.448378e+01 -2.492771e-01
     vertex -1.502484e+01 -3.615970e+01  0.000000e+00
   endloop
 endfacet
 facet normal -2.046276e-01 -5.768175e-01 -7.908282e-01
   outer loop
     vertex -1.307777e+01 -3.157252e+01 -2.097831e+00
     vertex -9.976840e+00 -3.267259e+01 -2.097831e+00
     vertex -1.039243e+01 -3.407865e+01 -9.647391e-01
   endloop
 endfacet
 facet normal -2.051028e-01 -5.771585e-01 -7.904562e-01
   outer loop
     vertex -1.307777e+01 -3.157252e+01 -2.097831e+00
     vertex -1.039243e+01 -3.407865e+01 -9.647391e-01
     vertex -1.363808e+01 -3.292525e+01 -9.647391e-01
   endloop
 endfacet
 facet normal -1.672585e-01 -3.525499e-01 -9.207243e-01
   outer loop
     vertex -1.674868e+01 -3.144580e+01 -9.647391e-01
     vertex -1.428365e+01 -3.448378e+01 -2.492771e-01
     vertex -1.756560e+01 -3.292675e+01 -2.492771e-01
   endloop
 endfacet
 facet normal -1.678900e-01 -3.529951e-01 -9.204387e-01
   outer loop
     vertex -1.674868e+01 -3.144580e+01 -9.647391e-01
     vertex -1.363808e+01 -3.292525e+01 -9.647391e-01
     vertex -1.428365e+01 -3.448378e+01 -2.492771e-01
   endloop
 endfacet
 facet normal -2.645948e-01 -7.454936e-01 -6.117425e-01
   outer loop
     vertex -1.263243e+01 -3.049739e+01 -3.600000e+00
     vertex -9.634010e+00 -3.156160e+01 -3.600000e+00
     vertex -9.976840e+00 -3.267259e+01 -2.097831e+00
   endloop
 endfacet
 facet normal -2.644380e-01 -7.454151e-01 -6.119059e-01
   outer loop
     vertex -1.263243e+01 -3.049739e+01 -3.600000e+00
     vertex -9.976840e+00 -3.267259e+01 -2.097831e+00
     vertex -1.307777e+01 -3.157252e+01 -2.097831e+00
   endloop
 endfacet
 facet normal -6.853278e-02 -1.142770e-01 -9.910822e-01
   outer loop
     vertex -2.068578e+01 -3.104397e+01 -2.492771e-01
     vertex -1.859154e+01 -3.446179e+01  0.000000e+00
     vertex -2.164753e+01 -3.262909e+01  0.000000e+00
   endloop
 endfacet
 facet normal -7.950020e-02 -1.076112e-01 -9.910094e-01
   outer loop
     vertex -2.068578e+01 -3.104397e+01 -2.492771e-01
     vertex -2.164753e+01 -3.262909e+01  0.000000e+00
     vertex -2.482431e+01 -3.028217e+01  0.000000e+00
   endloop
 endfacet
 facet normal -6.919934e-02 -1.146787e-01 -9.909895e-01
   outer loop
     vertex -2.068578e+01 -3.104397e+01 -2.492771e-01
     vertex -1.756560e+01 -3.292675e+01 -2.492771e-01
     vertex -1.859154e+01 -3.446179e+01  0.000000e+00
   endloop
 endfacet
 facet normal -2.633892e-01 -5.530085e-01 -7.904478e-01
   outer loop
     vertex -1.604832e+01 -3.015770e+01 -2.097831e+00
     vertex -1.307777e+01 -3.157252e+01 -2.097831e+00
     vertex -1.363808e+01 -3.292525e+01 -9.647391e-01
   endloop
 endfacet
 facet normal -2.628816e-01 -5.527186e-01 -7.908195e-01
   outer loop
     vertex -1.604832e+01 -3.015770e+01 -2.097831e+00
     vertex -1.363808e+01 -3.292525e+01 -9.647391e-01
     vertex -1.674868e+01 -3.144580e+01 -9.647391e-01
   endloop
 endfacet
 facet normal -2.005374e-01 -3.323351e-01 -9.215954e-01
   outer loop
     vertex -1.971078e+01 -2.964826e+01 -9.647391e-01
     vertex -1.756560e+01 -3.292675e+01 -2.492771e-01
     vertex -2.068578e+01 -3.104397e+01 -2.492771e-01
   endloop
 endfacet
 facet normal -2.022665e-01 -3.333074e-01 -9.208661e-01
   outer loop
     vertex -1.971078e+01 -2.964826e+01 -9.647391e-01
     vertex -1.674868e+01 -3.144580e+01 -9.647391e-01
     vertex -1.756560e+01 -3.292675e+01 -2.492771e-01
   endloop
 endfacet
 facet normal -3.401557e-01 -7.141864e-01 -6.117449e-01
   outer loop
     vertex -1.550515e+01 -2.912970e+01 -3.600000e+00
     vertex -1.307777e+01 -3.157252e+01 -2.097831e+00
     vertex -1.604832e+01 -3.015770e+01 -2.097831e+00
   endloop
 endfacet
 facet normal -3.399915e-01 -7.141241e-01 -6.119089e-01
   outer loop
     vertex -1.550515e+01 -2.912970e+01 -3.600000e+00
     vertex -1.263243e+01 -3.049739e+01 -3.600000e+00
     vertex -1.307777e+01 -3.157252e+01 -2.097831e+00
   endloop
 endfacet
 facet normal -8.839118e-02 -9.834015e-02 -9.912196e-01
   outer loop
     vertex -2.362328e+01 -2.884911e+01 -2.492771e-01
     vertex -2.482431e+01 -3.028217e+01  0.000000e+00
     vertex -2.747464e+01 -2.789998e+01  0.000000e+00
   endloop
 endfacet
 facet normal -7.921966e-02 -1.060238e-01 -9.912029e-01
   outer loop
     vertex -2.362328e+01 -2.884911e+01 -2.492771e-01
     vertex -2.068578e+01 -3.104397e+01 -2.492771e-01
     vertex -2.482431e+01 -3.028217e+01  0.000000e+00
   endloop
 endfacet
 facet normal -3.168312e-01 -5.220942e-01 -7.918559e-01
   outer loop
     vertex -1.887964e+01 -2.843409e+01 -2.097831e+00
     vertex -1.674868e+01 -3.144580e+01 -9.647391e-01
     vertex -1.971078e+01 -2.964826e+01 -9.647391e-01
   endloop
 endfacet
 facet normal -3.182066e-01 -5.227074e-01 -7.908992e-01
   outer loop
     vertex -1.887964e+01 -2.843409e+01 -2.097831e+00
     vertex -1.604832e+01 -3.015770e+01 -2.097831e+00
     vertex -1.674868e+01 -3.144580e+01 -9.647391e-01
   endloop
 endfacet
 facet normal -2.329057e-01 -3.098393e-01 -9.218213e-01
   outer loop
     vertex -2.251201e+01 -2.754258e+01 -9.647391e-01
     vertex -1.971078e+01 -2.964826e+01 -9.647391e-01
     vertex -2.068578e+01 -3.104397e+01 -2.492771e-01
   endloop
 endfacet
 facet normal -2.308233e-01 -3.089229e-01 -9.226523e-01
   outer loop
     vertex -2.251201e+01 -2.754258e+01 -9.647391e-01
     vertex -2.068578e+01 -3.104397e+01 -2.492771e-01
     vertex -2.362328e+01 -2.884911e+01 -2.492771e-01
   endloop
 endfacet
 facet normal -4.116600e-01 -6.762203e-01 -6.109519e-01
   outer loop
     vertex -1.824252e+01 -2.746476e+01 -3.600000e+00
     vertex -1.604832e+01 -3.015770e+01 -2.097831e+00
     vertex -1.887964e+01 -2.843409e+01 -2.097831e+00
   endloop
 endfacet
 facet normal -4.112221e-01 -6.761013e-01 -6.113783e-01
   outer loop
     vertex -1.824252e+01 -2.746476e+01 -3.600000e+00
     vertex -1.550515e+01 -2.912970e+01 -3.600000e+00
     vertex -1.604832e+01 -3.015770e+01 -2.097831e+00
   endloop
 endfacet
 facet normal -9.772152e-02 -8.969042e-02 -9.911640e-01
   outer loop
     vertex -2.635984e+01 -2.635984e+01 -2.492771e-01
     vertex -2.747464e+01 -2.789998e+01  0.000000e+00
     vertex -3.014668e+01 -2.498867e+01  0.000000e+00
   endloop
 endfacet
 facet normal -8.801332e-02 -9.675713e-02 -9.914090e-01
   outer loop
     vertex -2.635984e+01 -2.635984e+01 -2.492771e-01
     vertex -2.362328e+01 -2.884911e+01 -2.492771e-01
     vertex -2.747464e+01 -2.789998e+01  0.000000e+00
   endloop
 endfacet
 facet normal -3.659939e-01 -4.868893e-01 -7.930872e-01
   outer loop
     vertex -2.156391e+01 -2.640959e+01 -2.097831e+00
     vertex -1.971078e+01 -2.964826e+01 -9.647391e-01
     vertex -2.251201e+01 -2.754258e+01 -9.647391e-01
   endloop
 endfacet
 facet normal -3.676327e-01 -4.874426e-01 -7.919886e-01
   outer loop
     vertex -2.156391e+01 -2.640959e+01 -2.097831e+00
     vertex -1.887964e+01 -2.843409e+01 -2.097831e+00
     vertex -1.971078e+01 -2.964826e+01 -9.647391e-01
   endloop
 endfacet
 facet normal -2.596045e-01 -2.845472e-01 -9.228426e-01
   outer loop
     vertex -2.514259e+01 -2.514259e+01 -9.647391e-01
     vertex -2.251201e+01 -2.754258e+01 -9.647391e-01
     vertex -2.362328e+01 -2.884911e+01 -2.492771e-01
   endloop
 endfacet
 facet normal -2.584938e-01 -2.841743e-01 -9.232692e-01
   outer loop
     vertex -2.514259e+01 -2.514259e+01 -9.647391e-01
     vertex -2.362328e+01 -2.884911e+01 -2.492771e-01
     vertex -2.635984e+01 -2.635984e+01 -2.492771e-01
   endloop
 endfacet
 facet normal -5.220305e-02 -7.725377e-01 -6.328193e-01
   outer loop
     vertex -2.302998e+00 -2.424898e+01 -1.790217e+01
     vertex -3.338599e-17 -2.455975e+01 -1.771277e+01
     vertex -2.633201e-18 -2.514868e+01 -1.699381e+01
   endloop
 endfacet
 facet normal -3.267621e-02 -6.854592e-01 -7.273775e-01
   outer loop
     vertex -2.302998e+00 -2.424898e+01 -1.790217e+01
     vertex -1.294840e-16 -2.388953e+01 -1.834436e+01
     vertex -3.338599e-17 -2.455975e+01 -1.771277e+01
   endloop
 endfacet
 facet normal -6.779069e-02 -7.894541e-01 -6.100546e-01
   outer loop
     vertex -2.302998e+00 -2.424898e+01 -1.790217e+01
     vertex -2.633201e-18 -2.514868e+01 -1.699381e+01
     vertex -2.423859e+00 -2.539941e+01 -1.640000e+01
   endloop
 endfacet
 facet normal -4.771910e-01 -6.327056e-01 -6.098954e-01
   outer loop
     vertex -2.083590e+01 -2.551065e+01 -3.600000e+00
     vertex -1.887964e+01 -2.843409e+01 -2.097831e+00
     vertex -2.156391e+01 -2.640959e+01 -2.097831e+00
   endloop
 endfacet
 facet normal -4.766770e-01 -6.326159e-01 -6.103902e-01
   outer loop
     vertex -2.083590e+01 -2.551065e+01 -3.600000e+00
     vertex -1.824252e+01 -2.746476e+01 -3.600000e+00
     vertex -1.887964e+01 -2.843409e+01 -2.097831e+00
   endloop
 endfacet
 facet normal -1.061106e-01 -8.010722e-02 -9.911223e-01
   outer loop
     vertex -2.884911e+01 -2.362328e+01 -2.492771e-01
     vertex -3.014668e+01 -2.498867e+01  0.000000e+00
     vertex -3.229380e+01 -2.214457e+01  0.000000e+00
   endloop
 endfacet
 facet normal -9.730410e-02 -8.851086e-02 -9.913111e-01
   outer loop
     vertex -2.884911e+01 -2.362328e+01 -2.492771e-01
     vertex -2.635984e+01 -2.635984e+01 -2.492771e-01
     vertex -3.014668e+01 -2.498867e+01  0.000000e+00
   endloop
 endfacet
 facet normal -4.107899e-01 -4.495248e-01 -7.932082e-01
   outer loop
     vertex -2.409584e+01 -2.409584e+01 -2.097831e+00
     vertex -2.156391e+01 -2.640959e+01 -2.097831e+00
     vertex -2.251201e+01 -2.754258e+01 -9.647391e-01
   endloop
 endfacet
 facet normal -4.099288e-01 -4.493146e-01 -7.937725e-01
   outer loop
     vertex -2.409584e+01 -2.409584e+01 -2.097831e+00
     vertex -2.251201e+01 -2.754258e+01 -9.647391e-01
     vertex -2.514259e+01 -2.514259e+01 -9.647391e-01
   endloop
 endfacet
 facet normal -5.779497e-02 -6.058436e-01 -7.934818e-01
   outer loop
     vertex -2.172255e+00 -2.277742e+01 -1.903526e+01
     vertex -1.294840e-16 -2.388953e+01 -1.834436e+01
     vertex -2.302998e+00 -2.424898e+01 -1.790217e+01
   endloop
 endfacet
 facet normal -1.104917e-02 -5.431600e-01 -8.395565e-01
   outer loop
     vertex -2.172255e+00 -2.277742e+01 -1.903526e+01
     vertex -6.047453e-16 -2.247126e+01 -1.926193e+01
     vertex -1.294840e-16 -2.388953e+01 -1.834436e+01
   endloop
 endfacet
 facet normal -2.837743e-01 -2.588993e-01 -9.232786e-01
   outer loop
     vertex -2.754258e+01 -2.251201e+01 -9.647391e-01
     vertex -2.514259e+01 -2.514259e+01 -9.647391e-01
     vertex -2.635984e+01 -2.635984e+01 -2.492771e-01
   endloop
 endfacet
 facet normal -2.849193e-01 -2.591715e-01 -9.228495e-01
   outer loop
     vertex -2.754258e+01 -2.251201e+01 -9.647391e-01
     vertex -2.635984e+01 -2.635984e+01 -2.492771e-01
     vertex -2.884911e+01 -2.362328e+01 -2.492771e-01
   endloop
 endfacet
 facet normal -1.251483e-01 -7.827929e-01 -6.095680e-01
   outer loop
     vertex -4.647641e+00 -2.387413e+01 -1.790217e+01
     vertex -2.302998e+00 -2.424898e+01 -1.790217e+01
     vertex -2.423859e+00 -2.539941e+01 -1.640000e+01
   endloop
 endfacet
 facet normal -1.238467e-01 -7.820699e-01 -6.107607e-01
   outer loop
     vertex -4.647641e+00 -2.387413e+01 -1.790217e+01
     vertex -2.423859e+00 -2.539941e+01 -1.640000e+01
     vertex -4.882551e+00 -2.501006e+01 -1.640000e+01
   endloop
 endfacet
 facet normal -5.349628e-01 -5.854064e-01 -6.091914e-01
   outer loop
     vertex -2.327904e+01 -2.327904e+01 -3.600000e+00
     vertex -2.156391e+01 -2.640959e+01 -2.097831e+00
     vertex -2.409584e+01 -2.409584e+01 -2.097831e+00
   endloop
 endfacet
 facet normal -5.346974e-01 -5.853834e-01 -6.094465e-01
   outer loop
     vertex -2.327904e+01 -2.327904e+01 -3.600000e+00
     vertex -2.083590e+01 -2.551065e+01 -3.600000e+00
     vertex -2.156391e+01 -2.640959e+01 -2.097831e+00
   endloop
 endfacet
 facet normal -1.151281e-01 -7.067533e-02 -9.908332e-01
   outer loop
     vertex -3.104397e+01 -2.068578e+01 -2.492771e-01
     vertex -3.229380e+01 -2.214457e+01  0.000000e+00
     vertex -3.436100e+01 -1.877718e+01  0.000000e+00
   endloop
 endfacet
 facet normal -1.056067e-01 -7.890797e-02 -9.912723e-01
   outer loop
     vertex -3.104397e+01 -2.068578e+01 -2.492771e-01
     vertex -2.884911e+01 -2.362328e+01 -2.492771e-01
     vertex -3.229380e+01 -2.214457e+01  0.000000e+00
   endloop
 endfacet
 facet normal -4.234594e-02 -3.827875e-01 -9.228654e-01
   outer loop
     vertex -2.034186e+00 -2.106779e+01 -1.975072e+01
     vertex -6.047453e-16 -2.247126e+01 -1.926193e+01
     vertex -2.172255e+00 -2.277742e+01 -1.903526e+01
   endloop
 endfacet
 facet normal -8.098253e-03 -1.301981e-01 -9.914549e-01
   outer loop
     vertex -2.034186e+00 -2.106779e+01 -1.975072e+01
     vertex -2.390590e+00 -1.914738e+01 -2.000000e+01
     vertex -3.361027e-15 -1.929607e+01 -2.000000e+01
   endloop
 endfacet
 facet normal -1.113057e-02 -3.432281e-01 -9.391861e-01
   outer loop
     vertex -2.034186e+00 -2.106779e+01 -1.975072e+01
     vertex -1.530471e-15 -2.103376e+01 -1.978726e+01
     vertex -6.047453e-16 -2.247126e+01 -1.926193e+01
   endloop
 endfacet
 facet normal -1.461488e-02 -1.821381e-01 -9.831643e-01
   outer loop
     vertex -2.034186e+00 -2.106779e+01 -1.975072e+01
     vertex -2.327100e-15 -2.017681e+01 -1.994602e+01
     vertex -1.530471e-15 -2.103376e+01 -1.978726e+01
   endloop
 endfacet
 facet normal -6.887046e-02 -6.102804e-02 -9.957572e-01
   outer loop
     vertex -2.034186e+00 -2.106779e+01 -1.975072e+01
     vertex -3.361027e-15 -1.929607e+01 -2.000000e+01
     vertex -2.327100e-15 -2.017681e+01 -1.994602e+01
   endloop
 endfacet
 facet normal -4.489712e-01 -4.102840e-01 -7.937833e-01
   outer loop
     vertex -2.640959e+01 -2.156391e+01 -2.097831e+00
     vertex -2.409584e+01 -2.409584e+01 -2.097831e+00
     vertex -2.514259e+01 -2.514259e+01 -9.647391e-01
   endloop
 endfacet
 facet normal -4.498482e-01 -4.104157e-01 -7.932185e-01
   outer loop
     vertex -2.640959e+01 -2.156391e+01 -2.097831e+00
     vertex -2.514259e+01 -2.514259e+01 -9.647391e-01
     vertex -2.754258e+01 -2.251201e+01 -9.647391e-01
   endloop
 endfacet
 facet normal -6.044026e-02 -3.811825e-01 -9.225220e-01
   outer loop
     vertex -4.376798e+00 -2.242787e+01 -1.903526e+01
     vertex -2.034186e+00 -2.106779e+01 -1.975072e+01
     vertex -2.172255e+00 -2.277742e+01 -1.903526e+01
   endloop
 endfacet
 facet normal -9.544814e-02 -6.019690e-01 -7.927944e-01
   outer loop
     vertex -4.376798e+00 -2.242787e+01 -1.903526e+01
     vertex -2.172255e+00 -2.277742e+01 -1.903526e+01
     vertex -2.302998e+00 -2.424898e+01 -1.790217e+01
   endloop
 endfacet
 facet normal -9.634248e-02 -6.026147e-01 -7.921954e-01
   outer loop
     vertex -4.376798e+00 -2.242787e+01 -1.903526e+01
     vertex -2.302998e+00 -2.424898e+01 -1.790217e+01
     vertex -4.647641e+00 -2.387413e+01 -1.790217e+01
   endloop
 endfacet
 facet normal -3.082080e-01 -2.316795e-01 -9.226768e-01
   outer loop
     vertex -2.964826e+01 -1.971078e+01 -9.647391e-01
     vertex -2.754258e+01 -2.251201e+01 -9.647391e-01
     vertex -2.884911e+01 -2.362328e+01 -2.492771e-01
   endloop
 endfacet
 facet normal -3.104854e-01 -2.319907e-01 -9.218347e-01
   outer loop
     vertex -2.964826e+01 -1.971078e+01 -9.647391e-01
     vertex -2.884911e+01 -2.362328e+01 -2.492771e-01
     vertex -3.104397e+01 -2.068578e+01 -2.492771e-01
   endloop
 endfacet
 facet normal -1.997113e-01 -7.662779e-01 -6.106828e-01
   outer loop
     vertex -6.991139e+00 -2.326336e+01 -1.790217e+01
     vertex -4.647641e+00 -2.387413e+01 -1.790217e+01
     vertex -4.882551e+00 -2.501006e+01 -1.640000e+01
   endloop
 endfacet
 facet normal -1.985863e-01 -7.657761e-01 -6.116784e-01
   outer loop
     vertex -6.991139e+00 -2.326336e+01 -1.790217e+01
     vertex -4.882551e+00 -2.501006e+01 -1.640000e+01
     vertex -7.333969e+00 -2.437434e+01 -1.640000e+01
   endloop
 endfacet
 facet normal -5.852646e-01 -5.348332e-01 -6.094413e-01
   outer loop
     vertex -2.551065e+01 -2.083590e+01 -3.600000e+00
     vertex -2.409584e+01 -2.409584e+01 -2.097831e+00
     vertex -2.640959e+01 -2.156391e+01 -2.097831e+00
   endloop
 endfacet
 facet normal -5.855303e-01 -5.348316e-01 -6.091875e-01
   outer loop
     vertex -2.551065e+01 -2.083590e+01 -3.600000e+00
     vertex -2.327904e+01 -2.327904e+01 -3.600000e+00
     vertex -2.409584e+01 -2.409584e+01 -2.097831e+00
   endloop
 endfacet
 facet normal -1.218740e-01 -5.957108e-02 -9.907563e-01
   outer loop
     vertex -3.292675e+01 -1.756560e+01 -2.492771e-01
     vertex -3.436100e+01 -1.877718e+01  0.000000e+00
     vertex -3.592580e+01 -1.557581e+01  0.000000e+00
   endloop
 endfacet
 facet normal -1.140948e-01 -6.884697e-02 -9.910815e-01
   outer loop
     vertex -3.292675e+01 -1.756560e+01 -2.492771e-01
     vertex -3.104397e+01 -2.068578e+01 -2.492771e-01
     vertex -3.436100e+01 -1.877718e+01  0.000000e+00
   endloop
 endfacet
 facet normal -2.047949e-02 -1.324343e-01 -9.909802e-01
   outer loop
     vertex -4.079316e+00 -2.075153e+01 -1.975072e+01
     vertex -2.390590e+00 -1.914738e+01 -2.000000e+01
     vertex -2.034186e+00 -2.106779e+01 -1.975072e+01
   endloop
 endfacet
 facet normal -2.422995e-02 -1.285524e-01 -9.914067e-01
   outer loop
     vertex -4.079316e+00 -2.075153e+01 -1.975072e+01
     vertex -4.744330e+00 -1.870374e+01 -2.000000e+01
     vertex -2.390590e+00 -1.914738e+01 -2.000000e+01
   endloop
 endfacet
 facet normal -5.921818e-02 -3.829450e-01 -9.218711e-01
   outer loop
     vertex -4.079316e+00 -2.075153e+01 -1.975072e+01
     vertex -2.034186e+00 -2.106779e+01 -1.975072e+01
     vertex -4.376798e+00 -2.242787e+01 -1.903526e+01
   endloop
 endfacet
 facet normal -4.862775e-01 -3.667540e-01 -7.931114e-01
   outer loop
     vertex -2.843409e+01 -1.887964e+01 -2.097831e+00
     vertex -2.640959e+01 -2.156391e+01 -2.097831e+00
     vertex -2.754258e+01 -2.251201e+01 -9.647391e-01
   endloop
 endfacet
 facet normal -4.880084e-01 -3.668352e-01 -7.920099e-01
   outer loop
     vertex -2.843409e+01 -1.887964e+01 -2.097831e+00
     vertex -2.754258e+01 -2.251201e+01 -9.647391e-01
     vertex -2.964826e+01 -1.971078e+01 -9.647391e-01
   endloop
 endfacet
 facet normal -9.756502e-02 -3.759730e-01 -9.214800e-01
   outer loop
     vertex -6.575547e+00 -2.185730e+01 -1.903526e+01
     vertex -4.079316e+00 -2.075153e+01 -1.975072e+01
     vertex -4.376798e+00 -2.242787e+01 -1.903526e+01
   endloop
 endfacet
 facet normal -1.534809e-01 -5.914486e-01 -7.916010e-01
   outer loop
     vertex -6.575547e+00 -2.185730e+01 -1.903526e+01
     vertex -4.376798e+00 -2.242787e+01 -1.903526e+01
     vertex -4.647641e+00 -2.387413e+01 -1.790217e+01
   endloop
 endfacet
 facet normal -1.542689e-01 -5.919184e-01 -7.910965e-01
   outer loop
     vertex -6.575547e+00 -2.185730e+01 -1.903526e+01
     vertex -4.647641e+00 -2.387413e+01 -1.790217e+01
     vertex -6.991139e+00 -2.326336e+01 -1.790217e+01
   endloop
 endfacet
 facet normal -5.220942e-01 -3.168312e-01 -7.918559e-01
   outer loop
     vertex -3.144580e+01 -1.674868e+01 -9.647391e-01
     vertex -2.843409e+01 -1.887964e+01 -2.097831e+00
     vertex -2.964826e+01 -1.971078e+01 -9.647391e-01
   endloop
 endfacet
 facet normal -3.337853e-01 -2.014125e-01 -9.208802e-01
   outer loop
     vertex -3.144580e+01 -1.674868e+01 -9.647391e-01
     vertex -3.104397e+01 -2.068578e+01 -2.492771e-01
     vertex -3.292675e+01 -1.756560e+01 -2.492771e-01
   endloop
 endfacet
 facet normal -3.317845e-01 -2.013424e-01 -9.216183e-01
   outer loop
     vertex -3.144580e+01 -1.674868e+01 -9.647391e-01
     vertex -2.964826e+01 -1.971078e+01 -9.647391e-01
     vertex -3.104397e+01 -2.068578e+01 -2.492771e-01
   endloop
 endfacet
 facet normal -2.687405e-01 -7.437852e-01 -6.120148e-01
   outer loop
     vertex -9.291264e+00 -2.243110e+01 -1.790217e+01
     vertex -7.333969e+00 -2.437434e+01 -1.640000e+01
     vertex -9.736600e+00 -2.350623e+01 -1.640000e+01
   endloop
 endfacet
 facet normal -2.691804e-01 -7.439365e-01 -6.116374e-01
   outer loop
     vertex -9.291264e+00 -2.243110e+01 -1.790217e+01
     vertex -6.991139e+00 -2.326336e+01 -1.790217e+01
     vertex -7.333969e+00 -2.437434e+01 -1.640000e+01
   endloop
 endfacet
 facet normal -6.324082e-01 -4.769668e-01 -6.103791e-01
   outer loop
     vertex -2.746476e+01 -1.824252e+01 -3.600000e+00
     vertex -2.640959e+01 -2.156391e+01 -2.097831e+00
     vertex -2.843409e+01 -1.887964e+01 -2.097831e+00
   endloop
 endfacet
 facet normal -6.329239e-01 -4.769091e-01 -6.098894e-01
   outer loop
     vertex -2.746476e+01 -1.824252e+01 -3.600000e+00
     vertex -2.551065e+01 -2.083590e+01 -3.600000e+00
     vertex -2.640959e+01 -2.156391e+01 -2.097831e+00
   endloop
 endfacet
 facet normal -1.281902e-01 -4.804200e-02 -9.905853e-01
   outer loop
     vertex -3.448378e+01 -1.428365e+01 -2.492771e-01
     vertex -3.592580e+01 -1.557581e+01  0.000000e+00
     vertex -3.731299e+01 -1.187438e+01  0.000000e+00
   endloop
 endfacet
 facet normal -3.525499e-01 -1.672585e-01 -9.207243e-01
   outer loop
     vertex -3.448378e+01 -1.428365e+01 -2.492771e-01
     vertex -3.144580e+01 -1.674868e+01 -9.647391e-01
     vertex -3.292675e+01 -1.756560e+01 -2.492771e-01
   endloop
 endfacet
 facet normal -1.202212e-01 -5.703594e-02 -9.911073e-01
   outer loop
     vertex -3.448378e+01 -1.428365e+01 -2.492771e-01
     vertex -3.292675e+01 -1.756560e+01 -2.492771e-01
     vertex -3.592580e+01 -1.557581e+01  0.000000e+00
   endloop
 endfacet
 facet normal -3.369010e-02 -1.315431e-01 -9.907378e-01
   outer loop
     vertex -6.106009e+00 -2.023246e+01 -1.975072e+01
     vertex -4.744330e+00 -1.870374e+01 -2.000000e+01
     vertex -4.079316e+00 -2.075153e+01 -1.975072e+01
   endloop
 endfacet
 facet normal -4.139038e-02 -1.247793e-01 -9.913208e-01
   outer loop
     vertex -6.106009e+00 -2.023246e+01 -1.975072e+01
     vertex -7.375045e+00 -1.783111e+01 -2.000000e+01
     vertex -4.744330e+00 -1.870374e+01 -2.000000e+01
   endloop
 endfacet
 facet normal -9.669971e-02 -3.775644e-01 -9.209204e-01
   outer loop
     vertex -6.106009e+00 -2.023246e+01 -1.975072e+01
     vertex -4.079316e+00 -2.075153e+01 -1.975072e+01
     vertex -6.575547e+00 -2.185730e+01 -1.903526e+01
   endloop
 endfacet
 facet normal -5.227074e-01 -3.182066e-01 -7.908992e-01
   outer loop
     vertex -3.015770e+01 -1.604832e+01 -2.097831e+00
     vertex -2.843409e+01 -1.887964e+01 -2.097831e+00
     vertex -3.144580e+01 -1.674868e+01 -9.647391e-01
   endloop
 endfacet
 facet normal -2.083700e-01 -5.758741e-01 -7.905384e-01
   outer loop
     vertex -8.730947e+00 -2.107837e+01 -1.903526e+01
     vertex -6.991139e+00 -2.326336e+01 -1.790217e+01
     vertex -9.291264e+00 -2.243110e+01 -1.790217e+01
   endloop
 endfacet
 facet normal -1.326535e-01 -3.670712e-01 -9.206855e-01
   outer loop
     vertex -8.730947e+00 -2.107837e+01 -1.903526e+01
     vertex -6.106009e+00 -2.023246e+01 -1.975072e+01
     vertex -6.575547e+00 -2.185730e+01 -1.903526e+01
   endloop
 endfacet
 facet normal -2.080574e-01 -5.757244e-01 -7.907297e-01
   outer loop
     vertex -8.730947e+00 -2.107837e+01 -1.903526e+01
     vertex -6.575547e+00 -2.185730e+01 -1.903526e+01
     vertex -6.991139e+00 -2.326336e+01 -1.790217e+01
   endloop
 endfacet
 facet normal -3.529951e-01 -1.678900e-01 -9.204387e-01
   outer loop
     vertex -3.292525e+01 -1.363808e+01 -9.647391e-01
     vertex -3.144580e+01 -1.674868e+01 -9.647391e-01
     vertex -3.448378e+01 -1.428365e+01 -2.492771e-01
   endloop
 endfacet
 facet normal -3.355767e-01 -7.161119e-01 -6.120229e-01
   outer loop
     vertex -1.150620e+01 -2.139316e+01 -1.790217e+01
     vertex -9.291264e+00 -2.243110e+01 -1.790217e+01
     vertex -9.736600e+00 -2.350623e+01 -1.640000e+01
   endloop
 endfacet
 facet normal -2.598646e-01 -5.545443e-01 -7.905384e-01
   outer loop
     vertex -1.150620e+01 -2.139316e+01 -1.790217e+01
     vertex -8.730947e+00 -2.107837e+01 -1.903526e+01
     vertex -9.291264e+00 -2.243110e+01 -1.790217e+01
   endloop
 endfacet
 facet normal -3.360285e-01 -7.162222e-01 -6.116458e-01
   outer loop
     vertex -1.150620e+01 -2.139316e+01 -1.790217e+01
     vertex -9.736600e+00 -2.350623e+01 -1.640000e+01
     vertex -1.204936e+01 -2.242116e+01 -1.640000e+01
   endloop
 endfacet
 facet normal -6.759450e-01 -4.114925e-01 -6.113692e-01
   outer loop
     vertex -2.912970e+01 -1.550515e+01 -3.600000e+00
     vertex -2.843409e+01 -1.887964e+01 -2.097831e+00
     vertex -3.015770e+01 -1.604832e+01 -2.097831e+00
   endloop
 endfacet
 facet normal -6.763861e-01 -4.113953e-01 -6.109466e-01
   outer loop
     vertex -2.912970e+01 -1.550515e+01 -3.600000e+00
     vertex -2.746476e+01 -1.824252e+01 -3.600000e+00
     vertex -2.843409e+01 -1.887964e+01 -2.097831e+00
   endloop
 endfacet
 facet normal -1.312465e-01 -3.528389e-02 -9.907217e-01
   outer loop
     vertex -3.570348e+01 -1.086197e+01 -2.492771e-01
     vertex -3.731299e+01 -1.187438e+01  0.000000e+00
     vertex -3.823810e+01 -8.433218e+00  0.000000e+00
   endloop
 endfacet
 facet normal -1.253855e-01 -4.469503e-02 -9.911008e-01
   outer loop
     vertex -3.570348e+01 -1.086197e+01 -2.492771e-01
     vertex -3.448378e+01 -1.428365e+01 -2.492771e-01
     vertex -3.731299e+01 -1.187438e+01  0.000000e+00
   endloop
 endfacet
 facet normal -4.573218e-02 -1.270244e-01 -9.908448e-01
   outer loop
     vertex -8.085381e+00 -1.951984e+01 -1.975072e+01
     vertex -7.375045e+00 -1.783111e+01 -2.000000e+01
     vertex -6.106009e+00 -2.023246e+01 -1.975072e+01
   endloop
 endfacet
 facet normal -1.323869e-01 -3.677141e-01 -9.204673e-01
   outer loop
     vertex -8.085381e+00 -1.951984e+01 -1.975072e+01
     vertex -6.106009e+00 -2.023246e+01 -1.975072e+01
     vertex -8.730947e+00 -2.107837e+01 -1.903526e+01
   endloop
 endfacet
 facet normal -5.531422e-01 -2.630831e-01 -7.904562e-01
   outer loop
     vertex -3.157252e+01 -1.307777e+01 -2.097831e+00
     vertex -3.144580e+01 -1.674868e+01 -9.647391e-01
     vertex -3.292525e+01 -1.363808e+01 -9.647391e-01
   endloop
 endfacet
 facet normal -5.525651e-01 -2.631780e-01 -7.908282e-01
   outer loop
     vertex -3.157252e+01 -1.307777e+01 -2.097831e+00
     vertex -3.015770e+01 -1.604832e+01 -2.097831e+00
     vertex -3.144580e+01 -1.674868e+01 -9.647391e-01
   endloop
 endfacet
 facet normal -7.141864e-01 -3.401557e-01 -6.117449e-01
   outer loop
     vertex -3.157252e+01 -1.307777e+01 -2.097831e+00
     vertex -2.912970e+01 -1.550515e+01 -3.600000e+00
     vertex -3.015770e+01 -1.604832e+01 -2.097831e+00
   endloop
 endfacet
 facet normal -2.599798e-01 -5.542174e-01 -7.907297e-01
   outer loop
     vertex -1.080583e+01 -2.010506e+01 -1.903526e+01
     vertex -8.730947e+00 -2.107837e+01 -1.903526e+01
     vertex -1.150620e+01 -2.139316e+01 -1.790217e+01
   endloop
 endfacet
 facet normal -1.659688e-01 -3.538076e-01 -9.204752e-01
   outer loop
     vertex -1.080583e+01 -2.010506e+01 -1.903526e+01
     vertex -8.085381e+00 -1.951984e+01 -1.975072e+01
     vertex -8.730947e+00 -2.107837e+01 -1.903526e+01
   endloop
 endfacet
 facet normal -3.683214e-01 -1.308891e-01 -9.204387e-01
   outer loop
     vertex -3.407865e+01 -1.039243e+01 -9.647391e-01
     vertex -3.292525e+01 -1.363808e+01 -9.647391e-01
     vertex -3.448378e+01 -1.428365e+01 -2.492771e-01
   endloop
 endfacet
 facet normal -5.771585e-01 -2.051028e-01 -7.904562e-01
   outer loop
     vertex -3.407865e+01 -1.039243e+01 -9.647391e-01
     vertex -3.157252e+01 -1.307777e+01 -2.097831e+00
     vertex -3.292525e+01 -1.363808e+01 -9.647391e-01
   endloop
 endfacet
 facet normal -3.675600e-01 -1.310208e-01 -9.207243e-01
   outer loop
     vertex -3.407865e+01 -1.039243e+01 -9.647391e-01
     vertex -3.448378e+01 -1.428365e+01 -2.492771e-01
     vertex -3.570348e+01 -1.086197e+01 -2.492771e-01
   endloop
 endfacet
 facet normal -4.002259e-01 -6.823805e-01 -6.116994e-01
   outer loop
     vertex -1.359518e+01 -2.016794e+01 -1.790217e+01
     vertex -1.150620e+01 -2.139316e+01 -1.790217e+01
     vertex -1.204936e+01 -2.242116e+01 -1.640000e+01
   endloop
 endfacet
 facet normal -4.014443e-01 -6.825543e-01 -6.107063e-01
   outer loop
     vertex -1.359518e+01 -2.016794e+01 -1.790217e+01
     vertex -1.204936e+01 -2.242116e+01 -1.640000e+01
     vertex -1.423230e+01 -2.113727e+01 -1.640000e+01
   endloop
 endfacet
 facet normal -7.141241e-01 -3.399915e-01 -6.119089e-01
   outer loop
     vertex -3.049739e+01 -1.263243e+01 -3.600000e+00
     vertex -2.912970e+01 -1.550515e+01 -3.600000e+00
     vertex -3.157252e+01 -1.307777e+01 -2.097831e+00
   endloop
 endfacet
 facet normal -1.337855e-01 -2.248793e-02 -9.907551e-01
   outer loop
     vertex -3.657846e+01 -7.324342e+00 -2.492771e-01
     vertex -3.823810e+01 -8.433218e+00  0.000000e+00
     vertex -3.889332e+01 -4.535189e+00  0.000000e+00
   endloop
 endfacet
 facet normal -3.784420e-01 -9.360172e-02 -9.208802e-01
   outer loop
     vertex -3.657846e+01 -7.324342e+00 -2.492771e-01
     vertex -3.407865e+01 -1.039243e+01 -9.647391e-01
     vertex -3.570348e+01 -1.086197e+01 -2.492771e-01
   endloop
 endfacet
 facet normal -1.277767e-01 -3.160358e-02 -9.912993e-01
   outer loop
     vertex -3.657846e+01 -7.324342e+00 -2.492771e-01
     vertex -3.570348e+01 -1.086197e+01 -2.492771e-01
     vertex -3.823810e+01 -8.433218e+00  0.000000e+00
   endloop
 endfacet
 facet normal -1.661715e-01 -3.531361e-01 -9.206964e-01
   outer loop
     vertex -9.988912e+00 -1.862411e+01 -1.975072e+01
     vertex -8.085381e+00 -1.951984e+01 -1.975072e+01
     vertex -1.080583e+01 -2.010506e+01 -1.903526e+01
   endloop
 endfacet
 facet normal -5.745320e-02 -1.220955e-01 -9.908541e-01
   outer loop
     vertex -9.988912e+00 -1.862411e+01 -1.975072e+01
     vertex -7.375045e+00 -1.783111e+01 -2.000000e+01
     vertex -8.085381e+00 -1.951984e+01 -1.975072e+01
   endloop
 endfacet
 facet normal -5.845976e-02 -1.188820e-01 -9.911859e-01
   outer loop
     vertex -9.988912e+00 -1.862411e+01 -1.975072e+01
     vertex -9.618415e+00 -1.672794e+01 -2.000000e+01
     vertex -7.375045e+00 -1.783111e+01 -2.000000e+01
   endloop
 endfacet
 facet normal -5.768175e-01 -2.046276e-01 -7.908282e-01
   outer loop
     vertex -3.267259e+01 -9.976840e+00 -2.097831e+00
     vertex -3.157252e+01 -1.307777e+01 -2.097831e+00
     vertex -3.407865e+01 -1.039243e+01 -9.647391e-01
   endloop
 endfacet
 facet normal -3.091488e-01 -5.270950e-01 -7.915794e-01
   outer loop
     vertex -1.276404e+01 -1.895376e+01 -1.903526e+01
     vertex -1.150620e+01 -2.139316e+01 -1.790217e+01
     vertex -1.359518e+01 -2.016794e+01 -1.790217e+01
   endloop
 endfacet
 facet normal -3.100276e-01 -5.273191e-01 -7.910863e-01
   outer loop
     vertex -1.276404e+01 -1.895376e+01 -1.903526e+01
     vertex -1.080583e+01 -2.010506e+01 -1.903526e+01
     vertex -1.150620e+01 -2.139316e+01 -1.790217e+01
   endloop
 endfacet
 facet normal -3.769777e-01 -9.223654e-02 -9.216183e-01
   outer loop
     vertex -3.490211e+01 -7.026860e+00 -9.647391e-01
     vertex -3.407865e+01 -1.039243e+01 -9.647391e-01
     vertex -3.657846e+01 -7.324342e+00 -2.492771e-01
   endloop
 endfacet
 facet normal -4.644743e-01 -6.412511e-01 -6.107869e-01
   outer loop
     vertex -1.551815e+01 -1.877508e+01 -1.790217e+01
     vertex -1.359518e+01 -2.016794e+01 -1.790217e+01
     vertex -1.423230e+01 -2.113727e+01 -1.640000e+01
   endloop
 endfacet
 facet normal -4.659604e-01 -6.413041e-01 -6.095982e-01
   outer loop
     vertex -1.551815e+01 -1.877508e+01 -1.790217e+01
     vertex -1.423230e+01 -2.113727e+01 -1.640000e+01
     vertex -1.624617e+01 -1.967402e+01 -1.640000e+01
   endloop
 endfacet
 facet normal -7.453723e-01 -2.645517e-01 -6.119089e-01
   outer loop
     vertex -3.156160e+01 -9.634010e+00 -3.600000e+00
     vertex -3.049739e+01 -1.263243e+01 -3.600000e+00
     vertex -3.157252e+01 -1.307777e+01 -2.097831e+00
   endloop
 endfacet
 facet normal -7.455325e-01 -2.644796e-01 -6.117449e-01
   outer loop
     vertex -3.156160e+01 -9.634010e+00 -3.600000e+00
     vertex -3.157252e+01 -1.307777e+01 -2.097831e+00
     vertex -3.267259e+01 -9.976840e+00 -2.097831e+00
   endloop
 endfacet
 facet normal -1.335938e-01 -9.445109e-03 -9.909912e-01
   outer loop
     vertex -3.710358e+01 -3.695221e+00 -2.492771e-01
     vertex -3.889332e+01 -4.535189e+00  0.000000e+00
     vertex -3.914461e+01 -9.808702e-01  0.000000e+00
   endloop
 endfacet
 facet normal -1.293063e-01 -1.871024e-02 -9.914282e-01
   outer loop
     vertex -3.710358e+01 -3.695221e+00 -2.492771e-01
     vertex -3.657846e+01 -7.324342e+00 -2.492771e-01
     vertex -3.889332e+01 -4.535189e+00  0.000000e+00
   endloop
 endfacet
 facet normal -1.986013e-01 -3.353554e-01 -9.209204e-01
   outer loop
     vertex -1.178903e+01 -1.755806e+01 -1.975072e+01
     vertex -9.988912e+00 -1.862411e+01 -1.975072e+01
     vertex -1.080583e+01 -2.010506e+01 -1.903526e+01
   endloop
 endfacet
 facet normal -7.227569e-02 -1.087318e-01 -9.914402e-01
   outer loop
     vertex -1.178903e+01 -1.755806e+01 -1.975072e+01
     vertex -1.170020e+01 -1.534415e+01 -2.000000e+01
     vertex -9.618415e+00 -1.672794e+01 -2.000000e+01
   endloop
 endfacet
 facet normal -1.968642e-01 -3.348420e-01 -9.214800e-01
   outer loop
     vertex -1.178903e+01 -1.755806e+01 -1.975072e+01
     vertex -1.080583e+01 -2.010506e+01 -1.903526e+01
     vertex -1.276404e+01 -1.895376e+01 -1.903526e+01
   endloop
 endfacet
 facet normal -6.913444e-02 -1.167394e-01 -9.907534e-01
   outer loop
     vertex -1.178903e+01 -1.755806e+01 -1.975072e+01
     vertex -9.618415e+00 -1.672794e+01 -2.000000e+01
     vertex -9.988912e+00 -1.862411e+01 -1.975072e+01
   endloop
 endfacet
 facet normal -5.291883e-01 -5.901684e-01 -6.096401e-01
   outer loop
     vertex -1.805347e+01 -1.805347e+01 -1.640000e+01
     vertex -1.551815e+01 -1.877508e+01 -1.790217e+01
     vertex -1.624617e+01 -1.967402e+01 -1.640000e+01
   endloop
 endfacet
 facet normal -5.946160e-01 -1.446039e-01 -7.908992e-01
   outer loop
     vertex -3.345585e+01 -6.756018e+00 -2.097831e+00
     vertex -3.267259e+01 -9.976840e+00 -2.097831e+00
     vertex -3.407865e+01 -1.039243e+01 -9.647391e-01
   endloop
 endfacet
 facet normal -5.932098e-01 -1.451429e-01 -7.918559e-01
   outer loop
     vertex -3.345585e+01 -6.756018e+00 -2.097831e+00
     vertex -3.407865e+01 -1.039243e+01 -9.647391e-01
     vertex -3.490211e+01 -7.026860e+00 -9.647391e-01
   endloop
 endfacet
 facet normal -7.689344e-01 -1.869962e-01 -6.113692e-01
   outer loop
     vertex -3.345585e+01 -6.756018e+00 -2.097831e+00
     vertex -3.156160e+01 -9.634010e+00 -3.600000e+00
     vertex -3.267259e+01 -9.976840e+00 -2.097831e+00
   endloop
 endfacet
 facet normal -3.586296e-01 -4.937890e-01 -7.921851e-01
   outer loop
     vertex -1.457006e+01 -1.764209e+01 -1.903526e+01
     vertex -1.276404e+01 -1.895376e+01 -1.903526e+01
     vertex -1.359518e+01 -2.016794e+01 -1.790217e+01
   endloop
 endfacet
 facet normal -3.575519e-01 -4.936346e-01 -7.927682e-01
   outer loop
     vertex -1.457006e+01 -1.764209e+01 -1.903526e+01
     vertex -1.359518e+01 -2.016794e+01 -1.790217e+01
     vertex -1.551815e+01 -1.877508e+01 -1.790217e+01
   endloop
 endfacet
 facet normal -3.816582e-01 -5.522482e-02 -9.226523e-01
   outer loop
     vertex -3.539394e+01 -3.557153e+00 -9.647391e-01
     vertex -3.657846e+01 -7.324342e+00 -2.492771e-01
     vertex -3.710358e+01 -3.695221e+00 -2.492771e-01
   endloop
 endfacet
 facet normal -3.837787e-01 -5.440025e-02 -9.218213e-01
   outer loop
     vertex -3.539394e+01 -3.557153e+00 -9.647391e-01
     vertex -3.490211e+01 -7.026860e+00 -9.647391e-01
     vertex -3.657846e+01 -7.324342e+00 -2.492771e-01
   endloop
 endfacet
 facet normal -5.290346e-01 -5.909723e-01 -6.089944e-01
   outer loop
     vertex -1.723667e+01 -1.723667e+01 -1.790217e+01
     vertex -1.551815e+01 -1.877508e+01 -1.790217e+01
     vertex -1.805347e+01 -1.805347e+01 -1.640000e+01
   endloop
 endfacet
 facet normal -7.691776e-01 -1.873768e-01 -6.109466e-01
   outer loop
     vertex -3.231993e+01 -6.521108e+00 -3.600000e+00
     vertex -3.156160e+01 -9.634010e+00 -3.600000e+00
     vertex -3.345585e+01 -6.756018e+00 -2.097831e+00
   endloop
 endfacet
 facet normal -1.341664e-01  3.419723e-03 -9.909529e-01
   outer loop
     vertex -3.727845e+01  1.776357e-15 -2.492771e-01
     vertex -3.914461e+01 -9.808702e-01  0.000000e+00
     vertex -3.904385e+01  2.972192e+00  0.000000e+00
   endloop
 endfacet
 facet normal -1.292401e-01 -6.115971e-03 -9.915945e-01
   outer loop
     vertex -3.727845e+01  1.776357e-15 -2.492771e-01
     vertex -3.710358e+01 -3.695221e+00 -2.492771e-01
     vertex -3.914461e+01 -9.808702e-01  0.000000e+00
   endloop
 endfacet
 facet normal -2.267990e-01 -3.122744e-01 -9.225220e-01
   outer loop
     vertex -1.345879e+01 -1.633556e+01 -1.975072e+01
     vertex -1.276404e+01 -1.895376e+01 -1.903526e+01
     vertex -1.457006e+01 -1.764209e+01 -1.903526e+01
   endloop
 endfacet
 facet normal -8.578595e-02 -9.714672e-02 -9.915661e-01
   outer loop
     vertex -1.345879e+01 -1.633556e+01 -1.975072e+01
     vertex -1.377880e+01 -1.350863e+01 -2.000000e+01
     vertex -1.170020e+01 -1.534415e+01 -2.000000e+01
   endloop
 endfacet
 facet normal -7.935765e-02 -1.083909e-01 -9.909358e-01
   outer loop
     vertex -1.345879e+01 -1.633556e+01 -1.975072e+01
     vertex -1.170020e+01 -1.534415e+01 -2.000000e+01
     vertex -1.178903e+01 -1.755806e+01 -1.975072e+01
   endloop
 endfacet
 facet normal -2.289094e-01 -3.126566e-01 -9.218711e-01
   outer loop
     vertex -1.345879e+01 -1.633556e+01 -1.975072e+01
     vertex -1.178903e+01 -1.755806e+01 -1.975072e+01
     vertex -1.276404e+01 -1.895376e+01 -1.903526e+01
   endloop
 endfacet
 facet normal -6.046295e-01 -8.471841e-02 -7.919886e-01
   outer loop
     vertex -3.392239e+01 -3.426410e+00 -2.097831e+00
     vertex -3.345585e+01 -6.756018e+00 -2.097831e+00
     vertex -3.490211e+01 -7.026860e+00 -9.647391e-01
   endloop
 endfacet
 facet normal -6.030795e-01 -8.548592e-02 -7.930872e-01
   outer loop
     vertex -3.392239e+01 -3.426410e+00 -2.097831e+00
     vertex -3.490211e+01 -7.026860e+00 -9.647391e-01
     vertex -3.539394e+01 -3.557153e+00 -9.647391e-01
   endloop
 endfacet
 facet normal -4.057914e-01 -4.533002e-01 -7.936323e-01
   outer loop
     vertex -1.618992e+01 -1.618992e+01 -1.903526e+01
     vertex -1.551815e+01 -1.877508e+01 -1.790217e+01
     vertex -1.723667e+01 -1.723667e+01 -1.790217e+01
   endloop
 endfacet
 facet normal -4.063882e-01 -4.533172e-01 -7.933172e-01
   outer loop
     vertex -1.618992e+01 -1.618992e+01 -1.903526e+01
     vertex -1.457006e+01 -1.764209e+01 -1.903526e+01
     vertex -1.551815e+01 -1.877508e+01 -1.790217e+01
   endloop
 endfacet
 facet normal -2.570531e-01 -2.867372e-01 -9.228789e-01
   outer loop
     vertex -1.618992e+01 -1.618992e+01 -1.903526e+01
     vertex -1.345879e+01 -1.633556e+01 -1.975072e+01
     vertex -1.457006e+01 -1.764209e+01 -1.903526e+01
   endloop
 endfacet
 facet normal -3.837243e-01 -1.815882e-02 -9.232692e-01
   outer loop
     vertex -3.555699e+01  4.440892e-16 -9.647391e-01
     vertex -3.710358e+01 -3.695221e+00 -2.492771e-01
     vertex -3.727845e+01  1.776357e-15 -2.492771e-01
   endloop
 endfacet
 facet normal -3.847734e-01 -1.763715e-02 -9.228426e-01
   outer loop
     vertex -3.555699e+01  4.440892e-16 -9.647391e-01
     vertex -3.539394e+01 -3.557153e+00 -9.647391e-01
     vertex -3.710358e+01 -3.695221e+00 -2.492771e-01
   endloop
 endfacet
 facet normal -5.909723e-01 -5.290346e-01 -6.089944e-01
   outer loop
     vertex -1.877508e+01 -1.551815e+01 -1.790217e+01
     vertex -1.723667e+01 -1.723667e+01 -1.790217e+01
     vertex -1.805347e+01 -1.805347e+01 -1.640000e+01
   endloop
 endfacet
 facet normal -5.901684e-01 -5.291883e-01 -6.096401e-01
   outer loop
     vertex -1.877508e+01 -1.551815e+01 -1.790217e+01
     vertex -1.805347e+01 -1.805347e+01 -1.640000e+01
     vertex -1.967402e+01 -1.624617e+01 -1.640000e+01
   endloop
 endfacet
 facet normal -7.843885e-01 -1.102654e-01 -6.103902e-01
   outer loop
     vertex -3.277196e+01 -3.305549e+00 -3.600000e+00
     vertex -3.231993e+01 -6.521108e+00 -3.600000e+00
     vertex -3.345585e+01 -6.756018e+00 -2.097831e+00
   endloop
 endfacet
 facet normal -7.848154e-01 -1.099654e-01 -6.098954e-01
   outer loop
     vertex -3.277196e+01 -3.305549e+00 -3.600000e+00
     vertex -3.345585e+01 -6.756018e+00 -2.097831e+00
     vertex -3.392239e+01 -3.426410e+00 -2.097831e+00
   endloop
 endfacet
 facet normal -1.333764e-01  1.627839e-02 -9.909318e-01
   outer loop
     vertex -3.710358e+01  3.695221e+00 -2.492771e-01
     vertex -3.904385e+01  2.972192e+00  0.000000e+00
     vertex -3.861216e+01  6.509200e+00  0.000000e+00
   endloop
 endfacet
 facet normal -3.837243e-01  1.815882e-02 -9.232692e-01
   outer loop
     vertex -3.710358e+01  3.695221e+00 -2.492771e-01
     vertex -3.555699e+01  4.440892e-16 -9.647391e-01
     vertex -3.727845e+01  1.776357e-15 -2.492771e-01
   endloop
 endfacet
 facet normal -1.296750e-01  6.136552e-03 -9.915376e-01
   outer loop
     vertex -3.710358e+01  3.695221e+00 -2.492771e-01
     vertex -3.727845e+01  1.776357e-15 -2.492771e-01
     vertex -3.904385e+01  2.972192e+00  0.000000e+00
   endloop
 endfacet
 facet normal -8.763172e-02 -9.733976e-02 -9.913857e-01
   outer loop
     vertex -1.497267e+01 -1.497267e+01 -1.975072e+01
     vertex -1.377880e+01 -1.350863e+01 -2.000000e+01
     vertex -1.345879e+01 -1.633556e+01 -1.975072e+01
   endloop
 endfacet
 facet normal -2.570836e-01 -2.855639e-01 -9.232341e-01
   outer loop
     vertex -1.497267e+01 -1.497267e+01 -1.975072e+01
     vertex -1.345879e+01 -1.633556e+01 -1.975072e+01
     vertex -1.618992e+01 -1.618992e+01 -1.903526e+01
   endloop
 endfacet
 facet normal -6.083343e-01 -2.738970e-02 -7.932082e-01
   outer loop
     vertex -3.407666e+01  0.000000e+00 -2.097831e+00
     vertex -3.392239e+01 -3.426410e+00 -2.097831e+00
     vertex -3.539394e+01 -3.557153e+00 -9.647391e-01
   endloop
 endfacet
 facet normal -6.075769e-01 -2.784996e-02 -7.937725e-01
   outer loop
     vertex -3.407666e+01  0.000000e+00 -2.097831e+00
     vertex -3.539394e+01 -3.557153e+00 -9.647391e-01
     vertex -3.555699e+01  4.440892e-16 -9.647391e-01
   endloop
 endfacet
 facet normal -4.530002e-01 -4.061039e-01 -7.936438e-01
   outer loop
     vertex -1.764209e+01 -1.457006e+01 -1.903526e+01
     vertex -1.618992e+01 -1.618992e+01 -1.903526e+01
     vertex -1.723667e+01 -1.723667e+01 -1.790217e+01
   endloop
 endfacet
 facet normal -4.535995e-01 -4.060593e-01 -7.933243e-01
   outer loop
     vertex -1.764209e+01 -1.457006e+01 -1.903526e+01
     vertex -1.723667e+01 -1.723667e+01 -1.790217e+01
     vertex -1.877508e+01 -1.551815e+01 -1.790217e+01
   endloop
 endfacet
 facet normal -3.847734e-01  1.763715e-02 -9.228426e-01
   outer loop
     vertex -3.539394e+01  3.557153e+00 -9.647391e-01
     vertex -3.555699e+01  4.440892e-16 -9.647391e-01
     vertex -3.710358e+01  3.695221e+00 -2.492771e-01
   endloop
 endfacet
 facet normal -6.405798e-01 -4.654341e-01 -6.107607e-01
   outer loop
     vertex -2.016794e+01 -1.359518e+01 -1.790217e+01
     vertex -1.967402e+01 -1.624617e+01 -1.640000e+01
     vertex -2.113727e+01 -1.423230e+01 -1.640000e+01
   endloop
 endfacet
 facet normal -4.936346e-01 -3.575519e-01 -7.927682e-01
   outer loop
     vertex -2.016794e+01 -1.359518e+01 -1.790217e+01
     vertex -1.764209e+01 -1.457006e+01 -1.903526e+01
     vertex -1.877508e+01 -1.551815e+01 -1.790217e+01
   endloop
 endfacet
 facet normal -6.420114e-01 -4.650250e-01 -6.095680e-01
   outer loop
     vertex -2.016794e+01 -1.359518e+01 -1.790217e+01
     vertex -1.877508e+01 -1.551815e+01 -1.790217e+01
     vertex -1.967402e+01 -1.624617e+01 -1.640000e+01
   endloop
 endfacet
 facet normal -7.922206e-01 -3.566901e-02 -6.091914e-01
   outer loop
     vertex -3.292154e+01  0.000000e+00 -3.600000e+00
     vertex -3.392239e+01 -3.426410e+00 -2.097831e+00
     vertex -3.407666e+01  0.000000e+00 -2.097831e+00
   endloop
 endfacet
 facet normal -7.920167e-01 -3.584042e-02 -6.094465e-01
   outer loop
     vertex -3.292154e+01  0.000000e+00 -3.600000e+00
     vertex -3.277196e+01 -3.305549e+00 -3.600000e+00
     vertex -3.392239e+01 -3.426410e+00 -2.097831e+00
   endloop
 endfacet
 facet normal -1.329289e-01  2.867849e-02 -9.907106e-01
   outer loop
     vertex -3.657846e+01  7.324342e+00 -2.492771e-01
     vertex -3.861216e+01  6.509200e+00  0.000000e+00
     vertex -3.786162e+01  9.988070e+00  0.000000e+00
   endloop
 endfacet
 facet normal -1.290091e-01  1.866723e-02 -9.914677e-01
   outer loop
     vertex -3.657846e+01  7.324342e+00 -2.492771e-01
     vertex -3.710358e+01  3.695221e+00 -2.492771e-01
     vertex -3.861216e+01  6.509200e+00  0.000000e+00
   endloop
 endfacet
 facet normal -2.867372e-01 -2.570531e-01 -9.228789e-01
   outer loop
     vertex -1.633556e+01 -1.345879e+01 -1.975072e+01
     vertex -1.618992e+01 -1.618992e+01 -1.903526e+01
     vertex -1.764209e+01 -1.457006e+01 -1.903526e+01
   endloop
 endfacet
 facet normal -9.836573e-02 -8.855536e-02 -9.912024e-01
   outer loop
     vertex -1.633556e+01 -1.345879e+01 -1.975072e+01
     vertex -1.377880e+01 -1.350863e+01 -2.000000e+01
     vertex -1.497267e+01 -1.497267e+01 -1.975072e+01
   endloop
 endfacet
 facet normal -9.830933e-02 -8.339699e-02 -9.916553e-01
   outer loop
     vertex -1.633556e+01 -1.345879e+01 -1.975072e+01
     vertex -1.557441e+01 -1.139194e+01 -2.000000e+01
     vertex -1.377880e+01 -1.350863e+01 -2.000000e+01
   endloop
 endfacet
 facet normal -2.855639e-01 -2.570836e-01 -9.232341e-01
   outer loop
     vertex -1.633556e+01 -1.345879e+01 -1.975072e+01
     vertex -1.497267e+01 -1.497267e+01 -1.975072e+01
     vertex -1.618992e+01 -1.618992e+01 -1.903526e+01
   endloop
 endfacet
 facet normal -6.825543e-01 -4.014443e-01 -6.107063e-01
   outer loop
     vertex -2.242116e+01 -1.204936e+01 -1.640000e+01
     vertex -2.016794e+01 -1.359518e+01 -1.790217e+01
     vertex -2.113727e+01 -1.423230e+01 -1.640000e+01
   endloop
 endfacet
 facet normal -6.082984e-01  2.788303e-02 -7.932185e-01
   outer loop
     vertex -3.392239e+01  3.426410e+00 -2.097831e+00
     vertex -3.555699e+01  4.440892e-16 -9.647391e-01
     vertex -3.539394e+01  3.557153e+00 -9.647391e-01
   endloop
 endfacet
 facet normal -7.922206e-01  3.566901e-02 -6.091914e-01
   outer loop
     vertex -3.392239e+01  3.426410e+00 -2.097831e+00
     vertex -3.292154e+01  0.000000e+00 -3.600000e+00
     vertex -3.407666e+01  0.000000e+00 -2.097831e+00
   endloop
 endfacet
 facet normal -6.075851e-01  2.735597e-02 -7.937833e-01
   outer loop
     vertex -3.392239e+01  3.426410e+00 -2.097831e+00
     vertex -3.407666e+01  0.000000e+00 -2.097831e+00
     vertex -3.555699e+01  4.440892e-16 -9.647391e-01
   endloop
 endfacet
 facet normal -4.937890e-01 -3.586296e-01 -7.921851e-01
   outer loop
     vertex -1.895376e+01 -1.276404e+01 -1.903526e+01
     vertex -1.764209e+01 -1.457006e+01 -1.903526e+01
     vertex -2.016794e+01 -1.359518e+01 -1.790217e+01
   endloop
 endfacet
 facet normal -3.817582e-01  5.411384e-02 -9.226768e-01
   outer loop
     vertex -3.490211e+01  7.026860e+00 -9.647391e-01
     vertex -3.539394e+01  3.557153e+00 -9.647391e-01
     vertex -3.710358e+01  3.695221e+00 -2.492771e-01
   endloop
 endfacet
 facet normal -3.835885e-01  5.550413e-02 -9.218347e-01
   outer loop
     vertex -3.490211e+01  7.026860e+00 -9.647391e-01
     vertex -3.710358e+01  3.695221e+00 -2.492771e-01
     vertex -3.657846e+01  7.324342e+00 -2.492771e-01
   endloop
 endfacet
 facet normal -6.823805e-01 -4.002259e-01 -6.116994e-01
   outer loop
     vertex -2.139316e+01 -1.150620e+01 -1.790217e+01
     vertex -2.016794e+01 -1.359518e+01 -1.790217e+01
     vertex -2.242116e+01 -1.204936e+01 -1.640000e+01
   endloop
 endfacet
 facet normal -7.920167e-01  3.584042e-02 -6.094465e-01
   outer loop
     vertex -3.277196e+01  3.305549e+00 -3.600000e+00
     vertex -3.292154e+01  0.000000e+00 -3.600000e+00
     vertex -3.392239e+01  3.426410e+00 -2.097831e+00
   endloop
 endfacet
 facet normal -1.313509e-01  4.185478e-02 -9.904520e-01
   outer loop
     vertex -3.570348e+01  1.086197e+01 -2.492771e-01
     vertex -3.786162e+01  9.988070e+00  0.000000e+00
     vertex -3.666008e+01  1.375882e+01  0.000000e+00
   endloop
 endfacet
 facet normal -1.272536e-01  3.147419e-02 -9.913707e-01
   outer loop
     vertex -3.570348e+01  1.086197e+01 -2.492771e-01
     vertex -3.657846e+01  7.324342e+00 -2.492771e-01
     vertex -3.786162e+01  9.988070e+00  0.000000e+00
   endloop
 endfacet
 facet normal -3.113282e-01 -2.279369e-01 -9.225614e-01
   outer loop
     vertex -1.755806e+01 -1.178903e+01 -1.975072e+01
     vertex -1.633556e+01 -1.345879e+01 -1.975072e+01
     vertex -1.764209e+01 -1.457006e+01 -1.903526e+01
   endloop
 endfacet
 facet normal -1.105076e-01 -7.031431e-02 -9.913849e-01
   outer loop
     vertex -1.755806e+01 -1.178903e+01 -1.975072e+01
     vertex -1.691675e+01 -9.282293e+00 -2.000000e+01
     vertex -1.557441e+01 -1.139194e+01 -2.000000e+01
   endloop
 endfacet
 facet normal -1.086049e-01 -7.951438e-02 -9.908998e-01
   outer loop
     vertex -1.755806e+01 -1.178903e+01 -1.975072e+01
     vertex -1.557441e+01 -1.139194e+01 -2.000000e+01
     vertex -1.633556e+01 -1.345879e+01 -1.975072e+01
   endloop
 endfacet
 facet normal -3.135097e-01 -2.276961e-01 -9.218819e-01
   outer loop
     vertex -1.755806e+01 -1.178903e+01 -1.975072e+01
     vertex -1.764209e+01 -1.457006e+01 -1.903526e+01
     vertex -1.895376e+01 -1.276404e+01 -1.903526e+01
   endloop
 endfacet
 facet normal -6.044657e-01  8.568241e-02 -7.920099e-01
   outer loop
     vertex -3.345585e+01  6.756018e+00 -2.097831e+00
     vertex -3.539394e+01  3.557153e+00 -9.647391e-01
     vertex -3.490211e+01  7.026860e+00 -9.647391e-01
   endloop
 endfacet
 facet normal -6.031843e-01  8.451591e-02 -7.931114e-01
   outer loop
     vertex -3.345585e+01  6.756018e+00 -2.097831e+00
     vertex -3.392239e+01  3.426410e+00 -2.097831e+00
     vertex -3.539394e+01  3.557153e+00 -9.647391e-01
   endloop
 endfacet
 facet normal -5.267447e-01 -3.096899e-01 -7.916010e-01
   outer loop
     vertex -2.010506e+01 -1.080583e+01 -1.903526e+01
     vertex -1.895376e+01 -1.276404e+01 -1.903526e+01
     vertex -2.016794e+01 -1.359518e+01 -1.790217e+01
   endloop
 endfacet
 facet normal -5.276341e-01 -3.094650e-01 -7.910965e-01
   outer loop
     vertex -2.010506e+01 -1.080583e+01 -1.903526e+01
     vertex -2.016794e+01 -1.359518e+01 -1.790217e+01
     vertex -2.139316e+01 -1.150620e+01 -1.790217e+01
   endloop
 endfacet
 facet normal -3.348420e-01 -1.968642e-01 -9.214800e-01
   outer loop
     vertex -2.010506e+01 -1.080583e+01 -1.903526e+01
     vertex -1.755806e+01 -1.178903e+01 -1.975072e+01
     vertex -1.895376e+01 -1.276404e+01 -1.903526e+01
   endloop
 endfacet
 facet normal -3.769777e-01  9.223654e-02 -9.216183e-01
   outer loop
     vertex -3.407865e+01  1.039243e+01 -9.647391e-01
     vertex -3.490211e+01  7.026860e+00 -9.647391e-01
     vertex -3.657846e+01  7.324342e+00 -2.492771e-01
   endloop
 endfacet
 facet normal -3.784420e-01  9.360172e-02 -9.208802e-01
   outer loop
     vertex -3.407865e+01  1.039243e+01 -9.647391e-01
     vertex -3.657846e+01  7.324342e+00 -2.492771e-01
     vertex -3.570348e+01  1.086197e+01 -2.492771e-01
   endloop
 endfacet
 facet normal -7.159638e-01 -3.359073e-01 -6.120148e-01
   outer loop
     vertex -2.243110e+01 -9.291264e+00 -1.790217e+01
     vertex -2.242116e+01 -1.204936e+01 -1.640000e+01
     vertex -2.350623e+01 -9.736600e+00 -1.640000e+01
   endloop
 endfacet
 facet normal -7.163819e-01 -3.357032e-01 -6.116374e-01
   outer loop
     vertex -2.243110e+01 -9.291264e+00 -1.790217e+01
     vertex -2.139316e+01 -1.150620e+01 -1.790217e+01
     vertex -2.242116e+01 -1.204936e+01 -1.640000e+01
   endloop
 endfacet
 facet normal -7.844465e-01  1.099137e-01 -6.103791e-01
   outer loop
     vertex -3.231993e+01  6.521108e+00 -3.600000e+00
     vertex -3.392239e+01  3.426410e+00 -2.097831e+00
     vertex -3.345585e+01  6.756018e+00 -2.097831e+00
   endloop
 endfacet
 facet normal -7.847704e-01  1.103191e-01 -6.098894e-01
   outer loop
     vertex -3.231993e+01  6.521108e+00 -3.600000e+00
     vertex -3.277196e+01  3.305549e+00 -3.600000e+00
     vertex -3.392239e+01  3.426410e+00 -2.097831e+00
   endloop
 endfacet
 facet normal -1.265147e-01  5.416615e-02 -9.904848e-01
   outer loop
     vertex -3.448378e+01  1.428365e+01 -2.492771e-01
     vertex -3.666008e+01  1.375882e+01  0.000000e+00
     vertex -3.525891e+01  1.703149e+01  0.000000e+00
   endloop
 endfacet
 facet normal -1.242200e-01  4.427960e-02 -9.912662e-01
   outer loop
     vertex -3.448378e+01  1.428365e+01 -2.492771e-01
     vertex -3.570348e+01  1.086197e+01 -2.492771e-01
     vertex -3.666008e+01  1.375882e+01  0.000000e+00
   endloop
 endfacet
 facet normal -3.353554e-01 -1.986013e-01 -9.209204e-01
   outer loop
     vertex -1.862411e+01 -9.988912e+00 -1.975072e+01
     vertex -1.755806e+01 -1.178903e+01 -1.975072e+01
     vertex -2.010506e+01 -1.080583e+01 -1.903526e+01
   endloop
 endfacet
 facet normal -1.161870e-01 -6.880726e-02 -9.908411e-01
   outer loop
     vertex -1.862411e+01 -9.988912e+00 -1.975072e+01
     vertex -1.691675e+01 -9.282293e+00 -2.000000e+01
     vertex -1.755806e+01 -1.178903e+01 -1.975072e+01
   endloop
 endfacet
 facet normal -5.943877e-01  1.454311e-01 -7.909192e-01
   outer loop
     vertex -3.267259e+01  9.976840e+00 -2.097831e+00
     vertex -3.490211e+01  7.026860e+00 -9.647391e-01
     vertex -3.407865e+01  1.039243e+01 -9.647391e-01
   endloop
 endfacet
 facet normal -5.933844e-01  1.443044e-01 -7.918783e-01
   outer loop
     vertex -3.267259e+01  9.976840e+00 -2.097831e+00
     vertex -3.345585e+01  6.756018e+00 -2.097831e+00
     vertex -3.490211e+01  7.026860e+00 -9.647391e-01
   endloop
 endfacet
 facet normal -5.542174e-01 -2.599798e-01 -7.907297e-01
   outer loop
     vertex -2.107837e+01 -8.730947e+00 -1.903526e+01
     vertex -2.010506e+01 -1.080583e+01 -1.903526e+01
     vertex -2.139316e+01 -1.150620e+01 -1.790217e+01
   endloop
 endfacet
 facet normal -5.545443e-01 -2.598646e-01 -7.905384e-01
   outer loop
     vertex -2.107837e+01 -8.730947e+00 -1.903526e+01
     vertex -2.139316e+01 -1.150620e+01 -1.790217e+01
     vertex -2.243110e+01 -9.291264e+00 -1.790217e+01
   endloop
 endfacet
 facet normal -3.681786e-01  1.312413e-01 -9.204457e-01
   outer loop
     vertex -3.292525e+01  1.363808e+01 -9.647391e-01
     vertex -3.570348e+01  1.086197e+01 -2.492771e-01
     vertex -3.448378e+01  1.428365e+01 -2.492771e-01
   endloop
 endfacet
 facet normal -3.676688e-01  1.306571e-01 -9.207325e-01
   outer loop
     vertex -3.292525e+01  1.363808e+01 -9.647391e-01
     vertex -3.407865e+01  1.039243e+01 -9.647391e-01
     vertex -3.570348e+01  1.086197e+01 -2.492771e-01
   endloop
 endfacet
 facet normal -7.436562e-01 -2.690790e-01 -6.120229e-01
   outer loop
     vertex -2.326336e+01 -6.991139e+00 -1.790217e+01
     vertex -2.243110e+01 -9.291264e+00 -1.790217e+01
     vertex -2.350623e+01 -9.736600e+00 -1.640000e+01
   endloop
 endfacet
 facet normal -7.440536e-01 -2.688375e-01 -6.116458e-01
   outer loop
     vertex -2.326336e+01 -6.991139e+00 -1.790217e+01
     vertex -2.350623e+01 -9.736600e+00 -1.640000e+01
     vertex -2.437434e+01 -7.333969e+00 -1.640000e+01
   endloop
 endfacet
 facet normal -7.689344e-01  1.869962e-01 -6.113692e-01
   outer loop
     vertex -3.156160e+01  9.634010e+00 -3.600000e+00
     vertex -3.345585e+01  6.756018e+00 -2.097831e+00
     vertex -3.267259e+01  9.976840e+00 -2.097831e+00
   endloop
 endfacet
 facet normal -7.691776e-01  1.873768e-01 -6.109466e-01
   outer loop
     vertex -3.156160e+01  9.634010e+00 -3.600000e+00
     vertex -3.231993e+01  6.521108e+00 -3.600000e+00
     vertex -3.345585e+01  6.756018e+00 -2.097831e+00
   endloop
 endfacet
 facet normal -1.210254e-01  6.619921e-02 -9.904396e-01
   outer loop
     vertex -3.292675e+01  1.756560e+01 -2.492771e-01
     vertex -3.525891e+01  1.703149e+01  0.000000e+00
     vertex -3.335970e+01  2.050363e+01  0.000000e+00
   endloop
 endfacet
 facet normal -1.188730e-01  5.639632e-02 -9.913065e-01
   outer loop
     vertex -3.292675e+01  1.756560e+01 -2.492771e-01
     vertex -3.448378e+01  1.428365e+01 -2.492771e-01
     vertex -3.525891e+01  1.703149e+01  0.000000e+00
   endloop
 endfacet
 facet normal -1.211029e-01 -5.698612e-02 -9.910029e-01
   outer loop
     vertex -1.951984e+01 -8.085381e+00 -1.975072e+01
     vertex -1.691675e+01 -9.282293e+00 -2.000000e+01
     vertex -1.862411e+01 -9.988912e+00 -1.975072e+01
   endloop
 endfacet
 facet normal -1.202755e-01 -5.514395e-02 -9.912078e-01
   outer loop
     vertex -1.951984e+01 -8.085381e+00 -1.975072e+01
     vertex -1.807343e+01 -6.759427e+00 -2.000000e+01
     vertex -1.691675e+01 -9.282293e+00 -2.000000e+01
   endloop
 endfacet
 facet normal -3.531361e-01 -1.661715e-01 -9.206964e-01
   outer loop
     vertex -1.951984e+01 -8.085381e+00 -1.975072e+01
     vertex -1.862411e+01 -9.988912e+00 -1.975072e+01
     vertex -2.010506e+01 -1.080583e+01 -1.903526e+01
   endloop
 endfacet
 facet normal -3.538076e-01 -1.659688e-01 -9.204752e-01
   outer loop
     vertex -1.951984e+01 -8.085381e+00 -1.975072e+01
     vertex -2.010506e+01 -1.080583e+01 -1.903526e+01
     vertex -2.107837e+01 -8.730947e+00 -1.903526e+01
   endloop
 endfacet
 facet normal -5.771585e-01  2.051028e-01 -7.904562e-01
   outer loop
     vertex -3.157252e+01  1.307777e+01 -2.097831e+00
     vertex -3.407865e+01  1.039243e+01 -9.647391e-01
     vertex -3.292525e+01  1.363808e+01 -9.647391e-01
   endloop
 endfacet
 facet normal -5.768175e-01  2.046276e-01 -7.908282e-01
   outer loop
     vertex -3.157252e+01  1.307777e+01 -2.097831e+00
     vertex -3.267259e+01  9.976840e+00 -2.097831e+00
     vertex -3.407865e+01  1.039243e+01 -9.647391e-01
   endloop
 endfacet
 facet normal -5.756503e-01 -2.082890e-01 -7.907227e-01
   outer loop
     vertex -2.185730e+01 -6.575547e+00 -1.903526e+01
     vertex -2.243110e+01 -9.291264e+00 -1.790217e+01
     vertex -2.326336e+01 -6.991139e+00 -1.790217e+01
   endloop
 endfacet
 facet normal -5.759633e-01 -2.081437e-01 -7.905330e-01
   outer loop
     vertex -2.185730e+01 -6.575547e+00 -1.903526e+01
     vertex -2.107837e+01 -8.730947e+00 -1.903526e+01
     vertex -2.243110e+01 -9.291264e+00 -1.790217e+01
   endloop
 endfacet
 facet normal -3.529951e-01  1.678900e-01 -9.204387e-01
   outer loop
     vertex -3.144580e+01  1.674868e+01 -9.647391e-01
     vertex -3.292525e+01  1.363808e+01 -9.647391e-01
     vertex -3.448378e+01  1.428365e+01 -2.492771e-01
   endloop
 endfacet
 facet normal -3.525499e-01  1.672585e-01 -9.207243e-01
   outer loop
     vertex -3.144580e+01  1.674868e+01 -9.647391e-01
     vertex -3.448378e+01  1.428365e+01 -2.492771e-01
     vertex -3.292675e+01  1.756560e+01 -2.492771e-01
   endloop
 endfacet
 facet normal -7.655183e-01 -1.995134e-01 -6.116994e-01
   outer loop
     vertex -2.387413e+01 -4.647641e+00 -1.790217e+01
     vertex -2.326336e+01 -6.991139e+00 -1.790217e+01
     vertex -2.437434e+01 -7.333969e+00 -1.640000e+01
   endloop
 endfacet
 facet normal -7.665027e-01 -1.987748e-01 -6.107063e-01
   outer loop
     vertex -2.387413e+01 -4.647641e+00 -1.790217e+01
     vertex -2.437434e+01 -7.333969e+00 -1.640000e+01
     vertex -2.501006e+01 -4.882551e+00 -1.640000e+01
   endloop
 endfacet
 facet normal -7.454151e-01  2.644380e-01 -6.119059e-01
   outer loop
     vertex -3.049739e+01  1.263243e+01 -3.600000e+00
     vertex -3.267259e+01  9.976840e+00 -2.097831e+00
     vertex -3.157252e+01  1.307777e+01 -2.097831e+00
   endloop
 endfacet
 facet normal -7.454936e-01  2.645948e-01 -6.117425e-01
   outer loop
     vertex -3.049739e+01  1.263243e+01 -3.600000e+00
     vertex -3.156160e+01  9.634010e+00 -3.600000e+00
     vertex -3.267259e+01  9.976840e+00 -2.097831e+00
   endloop
 endfacet
 facet normal -1.126605e-01  7.651300e-02 -9.906833e-01
   outer loop
     vertex -3.104397e+01  2.068578e+01 -2.492771e-01
     vertex -3.335970e+01  2.050363e+01  0.000000e+00
     vertex -3.135965e+01  2.344858e+01  0.000000e+00
   endloop
 endfacet
 facet normal -1.120371e-01  6.760537e-02 -9.914016e-01
   outer loop
     vertex -3.104397e+01  2.068578e+01 -2.492771e-01
     vertex -3.292675e+01  1.756560e+01 -2.492771e-01
     vertex -3.335970e+01  2.050363e+01  0.000000e+00
   endloop
 endfacet
 facet normal -3.677141e-01 -1.323869e-01 -9.204673e-01
   outer loop
     vertex -2.023246e+01 -6.106009e+00 -1.975072e+01
     vertex -1.951984e+01 -8.085381e+00 -1.975072e+01
     vertex -2.107837e+01 -8.730947e+00 -1.903526e+01
   endloop
 endfacet
 facet normal -1.283649e-01 -4.621479e-02 -9.906496e-01
   outer loop
     vertex -2.023246e+01 -6.106009e+00 -1.975072e+01
     vertex -1.807343e+01 -6.759427e+00 -2.000000e+01
     vertex -1.951984e+01 -8.085381e+00 -1.975072e+01
   endloop
 endfacet
 facet normal -3.670712e-01 -1.326535e-01 -9.206855e-01
   outer loop
     vertex -2.023246e+01 -6.106009e+00 -1.975072e+01
     vertex -2.107837e+01 -8.730947e+00 -1.903526e+01
     vertex -2.185730e+01 -6.575547e+00 -1.903526e+01
   endloop
 endfacet
 facet normal -1.256445e-01 -3.694452e-02 -9.913872e-01
   outer loop
     vertex -2.023246e+01 -6.106009e+00 -1.975072e+01
     vertex -1.885577e+01 -4.098785e+00 -2.000000e+01
     vertex -1.807343e+01 -6.759427e+00 -2.000000e+01
   endloop
 endfacet
 facet normal -7.820699e-01 -1.238467e-01 -6.107607e-01
   outer loop
     vertex -2.539941e+01 -2.423859e+00 -1.640000e+01
     vertex -2.387413e+01 -4.647641e+00 -1.790217e+01
     vertex -2.501006e+01 -4.882551e+00 -1.640000e+01
   endloop
 endfacet
 facet normal -5.527186e-01  2.628816e-01 -7.908195e-01
   outer loop
     vertex -3.015770e+01  1.604832e+01 -2.097831e+00
     vertex -3.292525e+01  1.363808e+01 -9.647391e-01
     vertex -3.144580e+01  1.674868e+01 -9.647391e-01
   endloop
 endfacet
 facet normal -5.530085e-01  2.633892e-01 -7.904478e-01
   outer loop
     vertex -3.015770e+01  1.604832e+01 -2.097831e+00
     vertex -3.157252e+01  1.307777e+01 -2.097831e+00
     vertex -3.292525e+01  1.363808e+01 -9.647391e-01
   endloop
 endfacet
 facet normal -5.913136e-01 -1.541112e-01 -7.915794e-01
   outer loop
     vertex -2.242787e+01 -4.376798e+00 -1.903526e+01
     vertex -2.326336e+01 -6.991139e+00 -1.790217e+01
     vertex -2.387413e+01 -4.647641e+00 -1.790217e+01
   endloop
 endfacet
 facet normal -5.920935e-01 -1.536483e-01 -7.910863e-01
   outer loop
     vertex -2.242787e+01 -4.376798e+00 -1.903526e+01
     vertex -2.185730e+01 -6.575547e+00 -1.903526e+01
     vertex -2.326336e+01 -6.991139e+00 -1.790217e+01
   endloop
 endfacet
 facet normal -3.333074e-01  2.022665e-01 -9.208661e-01
   outer loop
     vertex -2.964826e+01  1.971078e+01 -9.647391e-01
     vertex -3.144580e+01  1.674868e+01 -9.647391e-01
     vertex -3.292675e+01  1.756560e+01 -2.492771e-01
   endloop
 endfacet
 facet normal -3.323351e-01  2.005374e-01 -9.215954e-01
   outer loop
     vertex -2.964826e+01  1.971078e+01 -9.647391e-01
     vertex -3.292675e+01  1.756560e+01 -2.492771e-01
     vertex -3.104397e+01  2.068578e+01 -2.492771e-01
   endloop
 endfacet
 facet normal -7.827929e-01 -1.251483e-01 -6.095680e-01
   outer loop
     vertex -2.424898e+01 -2.302998e+00 -1.790217e+01
     vertex -2.387413e+01 -4.647641e+00 -1.790217e+01
     vertex -2.539941e+01 -2.423859e+00 -1.640000e+01
   endloop
 endfacet
 facet normal -7.141241e-01  3.399915e-01 -6.119089e-01
   outer loop
     vertex -2.912970e+01  1.550515e+01 -3.600000e+00
     vertex -3.049739e+01  1.263243e+01 -3.600000e+00
     vertex -3.157252e+01  1.307777e+01 -2.097831e+00
   endloop
 endfacet
 facet normal -7.141864e-01  3.401557e-01 -6.117449e-01
   outer loop
     vertex -2.912970e+01  1.550515e+01 -3.600000e+00
     vertex -3.157252e+01  1.307777e+01 -2.097831e+00
     vertex -3.015770e+01  1.604832e+01 -2.097831e+00
   endloop
 endfacet
 facet normal -1.044022e-01  8.662537e-02 -9.907554e-01
   outer loop
     vertex -2.884911e+01  2.362328e+01 -2.492771e-01
     vertex -3.135965e+01  2.344858e+01  0.000000e+00
     vertex -2.883299e+01  2.649375e+01  0.000000e+00
   endloop
 endfacet
 facet normal -1.038541e-01  7.759842e-02 -9.915608e-01
   outer loop
     vertex -2.884911e+01  2.362328e+01 -2.492771e-01
     vertex -3.104397e+01  2.068578e+01 -2.492771e-01
     vertex -3.135965e+01  2.344858e+01  0.000000e+00
   endloop
 endfacet
 facet normal -1.305426e-01 -1.961822e-02 -9.912486e-01
   outer loop
     vertex -2.075153e+01 -4.079316e+00 -1.975072e+01
     vertex -1.922739e+01 -1.625947e+00 -2.000000e+01
     vertex -1.885577e+01 -4.098785e+00 -2.000000e+01
   endloop
 endfacet
 facet normal -3.775644e-01 -9.669971e-02 -9.209204e-01
   outer loop
     vertex -2.075153e+01 -4.079316e+00 -1.975072e+01
     vertex -2.023246e+01 -6.106009e+00 -1.975072e+01
     vertex -2.185730e+01 -6.575547e+00 -1.903526e+01
   endloop
 endfacet
 facet normal -3.759730e-01 -9.756502e-02 -9.214800e-01
   outer loop
     vertex -2.075153e+01 -4.079316e+00 -1.975072e+01
     vertex -2.185730e+01 -6.575547e+00 -1.903526e+01
     vertex -2.242787e+01 -4.376798e+00 -1.903526e+01
   endloop
 endfacet
 facet normal -1.306344e-01 -3.345735e-02 -9.908659e-01
   outer loop
     vertex -2.075153e+01 -4.079316e+00 -1.975072e+01
     vertex -1.885577e+01 -4.098785e+00 -2.000000e+01
     vertex -2.023246e+01 -6.106009e+00 -1.975072e+01
   endloop
 endfacet
 facet normal -7.915047e-01 -4.311944e-02 -6.096401e-01
   outer loop
     vertex -2.553146e+01  4.440892e-16 -1.640000e+01
     vertex -2.424898e+01 -2.302998e+00 -1.790217e+01
     vertex -2.539941e+01 -2.423859e+00 -1.640000e+01
   endloop
 endfacet
 facet normal -5.227074e-01  3.182066e-01 -7.908992e-01
   outer loop
     vertex -2.843409e+01  1.887964e+01 -2.097831e+00
     vertex -3.015770e+01  1.604832e+01 -2.097831e+00
     vertex -3.144580e+01  1.674868e+01 -9.647391e-01
   endloop
 endfacet
 facet normal -5.220942e-01  3.168312e-01 -7.918559e-01
   outer loop
     vertex -2.843409e+01  1.887964e+01 -2.097831e+00
     vertex -3.144580e+01  1.674868e+01 -9.647391e-01
     vertex -2.964826e+01  1.971078e+01 -9.647391e-01
   endloop
 endfacet
 facet normal -6.018798e-01 -9.622498e-02 -7.927682e-01
   outer loop
     vertex -2.277742e+01 -2.172255e+00 -1.903526e+01
     vertex -2.387413e+01 -4.647641e+00 -1.790217e+01
     vertex -2.424898e+01 -2.302998e+00 -1.790217e+01
   endloop
 endfacet
 facet normal -6.027509e-01 -9.557213e-02 -7.921851e-01
   outer loop
     vertex -2.277742e+01 -2.172255e+00 -1.903526e+01
     vertex -2.242787e+01 -4.376798e+00 -1.903526e+01
     vertex -2.387413e+01 -4.647641e+00 -1.790217e+01
   endloop
 endfacet
 facet normal -3.098393e-01  2.329057e-01 -9.218213e-01
   outer loop
     vertex -2.754258e+01  2.251201e+01 -9.647391e-01
     vertex -2.964826e+01  1.971078e+01 -9.647391e-01
     vertex -3.104397e+01  2.068578e+01 -2.492771e-01
   endloop
 endfacet
 facet normal -3.089229e-01  2.308233e-01 -9.226523e-01
   outer loop
     vertex -2.754258e+01  2.251201e+01 -9.647391e-01
     vertex -3.104397e+01  2.068578e+01 -2.492771e-01
     vertex -2.884911e+01  2.362328e+01 -2.492771e-01
   endloop
 endfacet
 facet normal -7.919644e-01 -4.379659e-02 -6.089944e-01
   outer loop
     vertex -2.437634e+01  0.000000e+00 -1.790217e+01
     vertex -2.424898e+01 -2.302998e+00 -1.790217e+01
     vertex -2.553146e+01  4.440892e-16 -1.640000e+01
   endloop
 endfacet
 facet normal -6.762203e-01  4.116600e-01 -6.109519e-01
   outer loop
     vertex -2.746476e+01  1.824252e+01 -3.600000e+00
     vertex -3.015770e+01  1.604832e+01 -2.097831e+00
     vertex -2.843409e+01  1.887964e+01 -2.097831e+00
   endloop
 endfacet
 facet normal -6.761013e-01  4.112221e-01 -6.113783e-01
   outer loop
     vertex -2.746476e+01  1.824252e+01 -3.600000e+00
     vertex -2.912970e+01  1.550515e+01 -3.600000e+00
     vertex -3.015770e+01  1.604832e+01 -2.097831e+00
   endloop
 endfacet
 facet normal -2.849193e-01  2.591715e-01 -9.228495e-01
   outer loop
     vertex -2.635984e+01  2.635984e+01 -2.492771e-01
     vertex -2.754258e+01  2.251201e+01 -9.647391e-01
     vertex -2.884911e+01  2.362328e+01 -2.492771e-01
   endloop
 endfacet
 facet normal -9.471758e-02  9.533253e-02 -9.909290e-01
   outer loop
     vertex -2.635984e+01  2.635984e+01 -2.492771e-01
     vertex -2.883299e+01  2.649375e+01  0.000000e+00
     vertex -2.630679e+01  2.900365e+01  0.000000e+00
   endloop
 endfacet
 facet normal -9.526251e-02  8.665377e-02 -9.916734e-01
   outer loop
     vertex -2.635984e+01  2.635984e+01 -2.492771e-01
     vertex -2.884911e+01  2.362328e+01 -2.492771e-01
     vertex -2.883299e+01  2.649375e+01  0.000000e+00
   endloop
 endfacet
 facet normal -1.298207e-01 -2.007533e-02 -9.913342e-01
   outer loop
     vertex -2.106779e+01 -2.034186e+00 -1.975072e+01
     vertex -1.922739e+01 -1.625947e+00 -2.000000e+01
     vertex -2.075153e+01 -4.079316e+00 -1.975072e+01
   endloop
 endfacet
 facet normal -3.811825e-01 -6.044026e-02 -9.225220e-01
   outer loop
     vertex -2.106779e+01 -2.034186e+00 -1.975072e+01
     vertex -2.242787e+01 -4.376798e+00 -1.903526e+01
     vertex -2.277742e+01 -2.172255e+00 -1.903526e+01
   endloop
 endfacet
 facet normal -3.829450e-01 -5.921818e-02 -9.218711e-01
   outer loop
     vertex -2.106779e+01 -2.034186e+00 -1.975072e+01
     vertex -2.075153e+01 -4.079316e+00 -1.975072e+01
     vertex -2.242787e+01 -4.376798e+00 -1.903526e+01
   endloop
 endfacet
 facet normal -4.868893e-01  3.659939e-01 -7.930872e-01
   outer loop
     vertex -2.640959e+01  2.156391e+01 -2.097831e+00
     vertex -2.964826e+01  1.971078e+01 -9.647391e-01
     vertex -2.754258e+01  2.251201e+01 -9.647391e-01
   endloop
 endfacet
 facet normal -4.874426e-01  3.676327e-01 -7.919886e-01
   outer loop
     vertex -2.640959e+01  2.156391e+01 -2.097831e+00
     vertex -2.843409e+01  1.887964e+01 -2.097831e+00
     vertex -2.964826e+01  1.971078e+01 -9.647391e-01
   endloop
 endfacet
 facet normal -6.074695e-01 -3.359380e-02 -7.936323e-01
   outer loop
     vertex -2.289600e+01  8.881784e-16 -1.903526e+01
     vertex -2.424898e+01 -2.302998e+00 -1.790217e+01
     vertex -2.437634e+01  0.000000e+00 -1.790217e+01
   endloop
 endfacet
 facet normal -6.079035e-01 -3.318384e-02 -7.933172e-01
   outer loop
     vertex -2.289600e+01  8.881784e-16 -1.903526e+01
     vertex -2.277742e+01 -2.172255e+00 -1.903526e+01
     vertex -2.424898e+01 -2.302998e+00 -1.790217e+01
   endloop
 endfacet
 facet normal -3.845178e-01 -2.098981e-02 -9.228789e-01
   outer loop
     vertex -2.289600e+01  8.881784e-16 -1.903526e+01
     vertex -2.106779e+01 -2.034186e+00 -1.975072e+01
     vertex -2.277742e+01 -2.172255e+00 -1.903526e+01
   endloop
 endfacet
 facet normal -2.837743e-01  2.588993e-01 -9.232786e-01
   outer loop
     vertex -2.514259e+01  2.514259e+01 -9.647391e-01
     vertex -2.754258e+01  2.251201e+01 -9.647391e-01
     vertex -2.635984e+01  2.635984e+01 -2.492771e-01
   endloop
 endfacet
 facet normal -6.074695e-01  3.359380e-02 -7.936323e-01
   outer loop
     vertex -2.424898e+01  2.302998e+00 -1.790217e+01
     vertex -2.289600e+01  8.881784e-16 -1.903526e+01
     vertex -2.437634e+01  0.000000e+00 -1.790217e+01
   endloop
 endfacet
 facet normal -7.919644e-01  4.379659e-02 -6.089944e-01
   outer loop
     vertex -2.424898e+01  2.302998e+00 -1.790217e+01
     vertex -2.437634e+01  0.000000e+00 -1.790217e+01
     vertex -2.553146e+01  4.440892e-16 -1.640000e+01
   endloop
 endfacet
 facet normal -7.915047e-01  4.311944e-02 -6.096401e-01
   outer loop
     vertex -2.424898e+01  2.302998e+00 -1.790217e+01
     vertex -2.553146e+01  4.440892e-16 -1.640000e+01
     vertex -2.539941e+01  2.423859e+00 -1.640000e+01
   endloop
 endfacet
 facet normal -6.326159e-01  4.766770e-01 -6.103902e-01
   outer loop
     vertex -2.551065e+01  2.083590e+01 -3.600000e+00
     vertex -2.746476e+01  1.824252e+01 -3.600000e+00
     vertex -2.843409e+01  1.887964e+01 -2.097831e+00
   endloop
 endfacet
 facet normal -6.327056e-01  4.771910e-01 -6.098954e-01
   outer loop
     vertex -2.551065e+01  2.083590e+01 -3.600000e+00
     vertex -2.843409e+01  1.887964e+01 -2.097831e+00
     vertex -2.640959e+01  2.156391e+01 -2.097831e+00
   endloop
 endfacet
 facet normal -8.598549e-02  1.050039e-01 -9.907475e-01
   outer loop
     vertex -2.362328e+01  2.884911e+01 -2.492771e-01
     vertex -2.630679e+01  2.900365e+01  0.000000e+00
     vertex -2.324522e+01  3.151071e+01  0.000000e+00
   endloop
 endfacet
 facet normal -8.663409e-02  9.524088e-02 -9.916772e-01
   outer loop
     vertex -2.362328e+01  2.884911e+01 -2.492771e-01
     vertex -2.635984e+01  2.635984e+01 -2.492771e-01
     vertex -2.630679e+01  2.900365e+01  0.000000e+00
   endloop
 endfacet
 facet normal -1.327015e-01 -6.964704e-03 -9.911316e-01
   outer loop
     vertex -2.117455e+01  1.776357e-15 -1.975072e+01
     vertex -1.922739e+01 -1.625947e+00 -2.000000e+01
     vertex -2.106779e+01 -2.034186e+00 -1.975072e+01
   endloop
 endfacet
 facet normal -3.837097e-01 -2.013862e-02 -9.232341e-01
   outer loop
     vertex -2.117455e+01  1.776357e-15 -1.975072e+01
     vertex -2.106779e+01 -2.034186e+00 -1.975072e+01
     vertex -2.289600e+01  8.881784e-16 -1.903526e+01
   endloop
 endfacet
 facet normal -1.290593e-01 -2.526026e-03 -9.916337e-01
   outer loop
     vertex -2.117455e+01  1.776357e-15 -1.975072e+01
     vertex -1.927630e+01  8.726939e-01 -2.000000e+01
     vertex -1.922739e+01 -1.625947e+00 -2.000000e+01
   endloop
 endfacet
 facet normal -7.829542e-01  1.239868e-01 -6.095982e-01
   outer loop
     vertex -2.501006e+01  4.882551e+00 -1.640000e+01
     vertex -2.424898e+01  2.302998e+00 -1.790217e+01
     vertex -2.539941e+01  2.423859e+00 -1.640000e+01
   endloop
 endfacet
 facet normal -5.852646e-01  5.348332e-01 -6.094413e-01
   outer loop
     vertex -2.409584e+01  2.409584e+01 -2.097831e+00
     vertex -2.551065e+01  2.083590e+01 -3.600000e+00
     vertex -2.640959e+01  2.156391e+01 -2.097831e+00
   endloop
 endfacet
 facet normal -4.493146e-01  4.099288e-01 -7.937725e-01
   outer loop
     vertex -2.409584e+01  2.409584e+01 -2.097831e+00
     vertex -2.754258e+01  2.251201e+01 -9.647391e-01
     vertex -2.514259e+01  2.514259e+01 -9.647391e-01
   endloop
 endfacet
 facet normal -4.495248e-01  4.107899e-01 -7.932082e-01
   outer loop
     vertex -2.409584e+01  2.409584e+01 -2.097831e+00
     vertex -2.640959e+01  2.156391e+01 -2.097831e+00
     vertex -2.754258e+01  2.251201e+01 -9.647391e-01
   endloop
 endfacet
 facet normal -3.837034e-01  2.094535e-02 -9.232188e-01
   outer loop
     vertex -2.277742e+01  2.172255e+00 -1.903526e+01
     vertex -2.117455e+01  1.776357e-15 -1.975072e+01
     vertex -2.289600e+01  8.881784e-16 -1.903526e+01
   endloop
 endfacet
 facet normal -6.079035e-01  3.318384e-02 -7.933172e-01
   outer loop
     vertex -2.277742e+01  2.172255e+00 -1.903526e+01
     vertex -2.289600e+01  8.881784e-16 -1.903526e+01
     vertex -2.424898e+01  2.302998e+00 -1.790217e+01
   endloop
 endfacet
 facet normal -2.588993e-01  2.837743e-01 -9.232786e-01
   outer loop
     vertex -2.251201e+01  2.754258e+01 -9.647391e-01
     vertex -2.514259e+01  2.514259e+01 -9.647391e-01
     vertex -2.635984e+01  2.635984e+01 -2.492771e-01
   endloop
 endfacet
 facet normal -2.591715e-01  2.849193e-01 -9.228495e-01
   outer loop
     vertex -2.251201e+01  2.754258e+01 -9.647391e-01
     vertex -2.635984e+01  2.635984e+01 -2.492771e-01
     vertex -2.362328e+01  2.884911e+01 -2.492771e-01
   endloop
 endfacet
 facet normal -7.818659e-01  1.250001e-01 -6.107869e-01
   outer loop
     vertex -2.387413e+01  4.647641e+00 -1.790217e+01
     vertex -2.424898e+01  2.302998e+00 -1.790217e+01
     vertex -2.501006e+01  4.882551e+00 -1.640000e+01
   endloop
 endfacet
 facet normal -5.855303e-01  5.348316e-01 -6.091875e-01
   outer loop
     vertex -2.327904e+01  2.327904e+01 -3.600000e+00
     vertex -2.551065e+01  2.083590e+01 -3.600000e+00
     vertex -2.409584e+01  2.409584e+01 -2.097831e+00
   endloop
 endfacet
 facet normal -7.583627e-02  1.132387e-01 -9.906694e-01
   outer loop
     vertex -2.068578e+01  3.104397e+01 -2.492771e-01
     vertex -2.324522e+01  3.151071e+01  0.000000e+00
     vertex -2.028657e+01  3.349213e+01  0.000000e+00
   endloop
 endfacet
 facet normal -7.762691e-02  1.038922e-01 -9.915546e-01
   outer loop
     vertex -2.068578e+01  3.104397e+01 -2.492771e-01
     vertex -2.362328e+01  2.884911e+01 -2.492771e-01
     vertex -2.324522e+01  3.151071e+01  0.000000e+00
   endloop
 endfacet
 facet normal -3.845796e-01  2.018427e-02 -9.228711e-01
   outer loop
     vertex -2.106779e+01  2.034186e+00 -1.975072e+01
     vertex -2.117455e+01  1.776357e-15 -1.975072e+01
     vertex -2.277742e+01  2.172255e+00 -1.903526e+01
   endloop
 endfacet
 facet normal -1.333609e-01  6.999311e-03 -9.910428e-01
   outer loop
     vertex -2.106779e+01  2.034186e+00 -1.975072e+01
     vertex -1.927630e+01  8.726939e-01 -2.000000e+01
     vertex -2.117455e+01  1.776357e-15 -1.975072e+01
   endloop
 endfacet
 facet normal -1.282027e-01  1.508212e-02 -9.916333e-01
   outer loop
     vertex -2.106779e+01  2.034186e+00 -1.975072e+01
     vertex -1.895242e+01  3.625724e+00 -2.000000e+01
     vertex -1.927630e+01  8.726939e-01 -2.000000e+01
   endloop
 endfacet
 facet normal -4.102840e-01  4.489712e-01 -7.937833e-01
   outer loop
     vertex -2.156391e+01  2.640959e+01 -2.097831e+00
     vertex -2.409584e+01  2.409584e+01 -2.097831e+00
     vertex -2.514259e+01  2.514259e+01 -9.647391e-01
   endloop
 endfacet
 facet normal -4.104157e-01  4.498482e-01 -7.932185e-01
   outer loop
     vertex -2.156391e+01  2.640959e+01 -2.097831e+00
     vertex -2.514259e+01  2.514259e+01 -9.647391e-01
     vertex -2.251201e+01  2.754258e+01 -9.647391e-01
   endloop
 endfacet
 facet normal -6.019690e-01  9.544814e-02 -7.927944e-01
   outer loop
     vertex -2.242787e+01  4.376798e+00 -1.903526e+01
     vertex -2.277742e+01  2.172255e+00 -1.903526e+01
     vertex -2.424898e+01  2.302998e+00 -1.790217e+01
   endloop
 endfacet
 facet normal -6.026147e-01  9.634248e-02 -7.921954e-01
   outer loop
     vertex -2.242787e+01  4.376798e+00 -1.903526e+01
     vertex -2.424898e+01  2.302998e+00 -1.790217e+01
     vertex -2.387413e+01  4.647641e+00 -1.790217e+01
   endloop
 endfacet
 facet normal -3.811825e-01  6.044026e-02 -9.225220e-01
   outer loop
     vertex -2.242787e+01  4.376798e+00 -1.903526e+01
     vertex -2.106779e+01  2.034186e+00 -1.975072e+01
     vertex -2.277742e+01  2.172255e+00 -1.903526e+01
   endloop
 endfacet
 facet normal -2.316795e-01  3.082080e-01 -9.226768e-01
   outer loop
     vertex -1.971078e+01  2.964826e+01 -9.647391e-01
     vertex -2.251201e+01  2.754258e+01 -9.647391e-01
     vertex -2.362328e+01  2.884911e+01 -2.492771e-01
   endloop
 endfacet
 facet normal -2.319907e-01  3.104854e-01 -9.218347e-01
   outer loop
     vertex -1.971078e+01  2.964826e+01 -9.647391e-01
     vertex -2.362328e+01  2.884911e+01 -2.492771e-01
     vertex -2.068578e+01  3.104397e+01 -2.492771e-01
   endloop
 endfacet
 facet normal -3.659939e-01  4.868893e-01 -7.930872e-01
   outer loop
     vertex -1.971078e+01  2.964826e+01 -9.647391e-01
     vertex -2.156391e+01  2.640959e+01 -2.097831e+00
     vertex -2.251201e+01  2.754258e+01 -9.647391e-01
   endloop
 endfacet
 facet normal -7.662779e-01  1.997113e-01 -6.106828e-01
   outer loop
     vertex -2.326336e+01  6.991139e+00 -1.790217e+01
     vertex -2.387413e+01  4.647641e+00 -1.790217e+01
     vertex -2.501006e+01  4.882551e+00 -1.640000e+01
   endloop
 endfacet
 facet normal -5.913136e-01  1.541112e-01 -7.915794e-01
   outer loop
     vertex -2.326336e+01  6.991139e+00 -1.790217e+01
     vertex -2.242787e+01  4.376798e+00 -1.903526e+01
     vertex -2.387413e+01  4.647641e+00 -1.790217e+01
   endloop
 endfacet
 facet normal -7.657761e-01  1.985863e-01 -6.116784e-01
   outer loop
     vertex -2.326336e+01  6.991139e+00 -1.790217e+01
     vertex -2.501006e+01  4.882551e+00 -1.640000e+01
     vertex -2.437434e+01  7.333969e+00 -1.640000e+01
   endloop
 endfacet
 facet normal -5.348316e-01  5.855303e-01 -6.091875e-01
   outer loop
     vertex -2.083590e+01  2.551065e+01 -3.600000e+00
     vertex -2.327904e+01  2.327904e+01 -3.600000e+00
     vertex -2.409584e+01  2.409584e+01 -2.097831e+00
   endloop
 endfacet
 facet normal -5.348332e-01  5.852646e-01 -6.094413e-01
   outer loop
     vertex -2.083590e+01  2.551065e+01 -3.600000e+00
     vertex -2.409584e+01  2.409584e+01 -2.097831e+00
     vertex -2.156391e+01  2.640959e+01 -2.097831e+00
   endloop
 endfacet
 facet normal -6.756191e-02  1.119651e-01 -9.914127e-01
   outer loop
     vertex -1.756560e+01  3.292675e+01 -2.492771e-01
     vertex -2.068578e+01  3.104397e+01 -2.492771e-01
     vertex -2.028657e+01  3.349213e+01  0.000000e+00
   endloop
 endfacet
 facet normal -6.547653e-02  1.215643e-01 -9.904216e-01
   outer loop
     vertex -1.756560e+01  3.292675e+01 -2.492771e-01
     vertex -2.028657e+01  3.349213e+01  0.000000e+00
     vertex -1.680370e+01  3.536805e+01  0.000000e+00
   endloop
 endfacet
 facet normal -2.005374e-01  3.323351e-01 -9.215954e-01
   outer loop
     vertex -1.756560e+01  3.292675e+01 -2.492771e-01
     vertex -1.971078e+01  2.964826e+01 -9.647391e-01
     vertex -2.068578e+01  3.104397e+01 -2.492771e-01
   endloop
 endfacet
 facet normal -1.321589e-01  2.043691e-02 -9.910178e-01
   outer loop
     vertex -2.075153e+01  4.079316e+00 -1.975072e+01
     vertex -1.895242e+01  3.625724e+00 -2.000000e+01
     vertex -2.106779e+01  2.034186e+00 -1.975072e+01
   endloop
 endfacet
 facet normal -3.829450e-01  5.921818e-02 -9.218711e-01
   outer loop
     vertex -2.075153e+01  4.079316e+00 -1.975072e+01
     vertex -2.106779e+01  2.034186e+00 -1.975072e+01
     vertex -2.242787e+01  4.376798e+00 -1.903526e+01
   endloop
 endfacet
 facet normal -3.676327e-01  4.874426e-01 -7.919886e-01
   outer loop
     vertex -1.887964e+01  2.843409e+01 -2.097831e+00
     vertex -2.156391e+01  2.640959e+01 -2.097831e+00
     vertex -1.971078e+01  2.964826e+01 -9.647391e-01
   endloop
 endfacet
 facet normal -5.920935e-01  1.536483e-01 -7.910863e-01
   outer loop
     vertex -2.185730e+01  6.575547e+00 -1.903526e+01
     vertex -2.242787e+01  4.376798e+00 -1.903526e+01
     vertex -2.326336e+01  6.991139e+00 -1.790217e+01
   endloop
 endfacet
 facet normal -2.022665e-01  3.333074e-01 -9.208661e-01
   outer loop
     vertex -1.674868e+01  3.144580e+01 -9.647391e-01
     vertex -1.971078e+01  2.964826e+01 -9.647391e-01
     vertex -1.756560e+01  3.292675e+01 -2.492771e-01
   endloop
 endfacet
 facet normal -7.439365e-01  2.691804e-01 -6.116374e-01
   outer loop
     vertex -2.243110e+01  9.291264e+00 -1.790217e+01
     vertex -2.326336e+01  6.991139e+00 -1.790217e+01
     vertex -2.437434e+01  7.333969e+00 -1.640000e+01
   endloop
 endfacet
 facet normal -7.437852e-01  2.687405e-01 -6.120148e-01
   outer loop
     vertex -2.243110e+01  9.291264e+00 -1.790217e+01
     vertex -2.437434e+01  7.333969e+00 -1.640000e+01
     vertex -2.350623e+01  9.736600e+00 -1.640000e+01
   endloop
 endfacet
 facet normal -4.769091e-01  6.329239e-01 -6.098894e-01
   outer loop
     vertex -1.824252e+01  2.746476e+01 -3.600000e+00
     vertex -2.083590e+01  2.551065e+01 -3.600000e+00
     vertex -2.156391e+01  2.640959e+01 -2.097831e+00
   endloop
 endfacet
 facet normal -4.769668e-01  6.324082e-01 -6.103791e-01
   outer loop
     vertex -1.824252e+01  2.746476e+01 -3.600000e+00
     vertex -2.156391e+01  2.640959e+01 -2.097831e+00
     vertex -1.887964e+01  2.843409e+01 -2.097831e+00
   endloop
 endfacet
 facet normal -5.340711e-02  1.270099e-01 -9.904626e-01
   outer loop
     vertex -1.428365e+01  3.448378e+01 -2.492771e-01
     vertex -1.680370e+01  3.536805e+01  0.000000e+00
     vertex -1.352051e+01  3.674862e+01  0.000000e+00
   endloop
 endfacet
 facet normal -5.636777e-02  1.188128e-01 -9.913154e-01
   outer loop
     vertex -1.428365e+01  3.448378e+01 -2.492771e-01
     vertex -1.756560e+01  3.292675e+01 -2.492771e-01
     vertex -1.680370e+01  3.536805e+01  0.000000e+00
   endloop
 endfacet
 facet normal -1.284405e-01  3.332825e-02 -9.911570e-01
   outer loop
     vertex -2.023246e+01  6.106009e+00 -1.975072e+01
     vertex -1.832443e+01  6.045879e+00 -2.000000e+01
     vertex -1.895242e+01  3.625724e+00 -2.000000e+01
   endloop
 endfacet
 facet normal -1.289929e-01  3.303695e-02 -9.910950e-01
   outer loop
     vertex -2.023246e+01  6.106009e+00 -1.975072e+01
     vertex -1.895242e+01  3.625724e+00 -2.000000e+01
     vertex -2.075153e+01  4.079316e+00 -1.975072e+01
   endloop
 endfacet
 facet normal -3.762030e-01  9.635103e-02 -9.215139e-01
   outer loop
     vertex -2.023246e+01  6.106009e+00 -1.975072e+01
     vertex -2.075153e+01  4.079316e+00 -1.975072e+01
     vertex -2.242787e+01  4.376798e+00 -1.903526e+01
   endloop
 endfacet
 facet normal -3.772260e-01  9.789017e-02 -9.209332e-01
   outer loop
     vertex -2.023246e+01  6.106009e+00 -1.975072e+01
     vertex -2.242787e+01  4.376798e+00 -1.903526e+01
     vertex -2.185730e+01  6.575547e+00 -1.903526e+01
   endloop
 endfacet
 facet normal -7.159638e-01  3.359073e-01 -6.120148e-01
   outer loop
     vertex -2.242116e+01  1.204936e+01 -1.640000e+01
     vertex -2.243110e+01  9.291264e+00 -1.790217e+01
     vertex -2.350623e+01  9.736600e+00 -1.640000e+01
   endloop
 endfacet
 facet normal -3.175475e-01  5.216247e-01 -7.918783e-01
   outer loop
     vertex -1.604832e+01  3.015770e+01 -2.097831e+00
     vertex -1.887964e+01  2.843409e+01 -2.097831e+00
     vertex -1.971078e+01  2.964826e+01 -9.647391e-01
   endloop
 endfacet
 facet normal -3.174603e-01  5.231308e-01 -7.909192e-01
   outer loop
     vertex -1.604832e+01  3.015770e+01 -2.097831e+00
     vertex -1.971078e+01  2.964826e+01 -9.647391e-01
     vertex -1.674868e+01  3.144580e+01 -9.647391e-01
   endloop
 endfacet
 facet normal -5.757244e-01  2.080574e-01 -7.907297e-01
   outer loop
     vertex -2.107837e+01  8.730947e+00 -1.903526e+01
     vertex -2.185730e+01  6.575547e+00 -1.903526e+01
     vertex -2.326336e+01  6.991139e+00 -1.790217e+01
   endloop
 endfacet
 facet normal -5.758741e-01  2.083700e-01 -7.905384e-01
   outer loop
     vertex -2.107837e+01  8.730947e+00 -1.903526e+01
     vertex -2.326336e+01  6.991139e+00 -1.790217e+01
     vertex -2.243110e+01  9.291264e+00 -1.790217e+01
   endloop
 endfacet
 facet normal -1.675400e-01  3.531433e-01 -9.204457e-01
   outer loop
     vertex -1.363808e+01  3.292525e+01 -9.647391e-01
     vertex -1.756560e+01  3.292675e+01 -2.492771e-01
     vertex -1.428365e+01  3.448378e+01 -2.492771e-01
   endloop
 endfacet
 facet normal -1.675925e-01  3.523696e-01 -9.207325e-01
   outer loop
     vertex -1.363808e+01  3.292525e+01 -9.647391e-01
     vertex -1.674868e+01  3.144580e+01 -9.647391e-01
     vertex -1.756560e+01  3.292675e+01 -2.492771e-01
   endloop
 endfacet
 facet normal -7.163819e-01  3.357032e-01 -6.116374e-01
   outer loop
     vertex -2.139316e+01  1.150620e+01 -1.790217e+01
     vertex -2.243110e+01  9.291264e+00 -1.790217e+01
     vertex -2.242116e+01  1.204936e+01 -1.640000e+01
   endloop
 endfacet
 facet normal -4.113953e-01  6.763861e-01 -6.109466e-01
   outer loop
     vertex -1.550515e+01  2.912970e+01 -3.600000e+00
     vertex -1.824252e+01  2.746476e+01 -3.600000e+00
     vertex -1.887964e+01  2.843409e+01 -2.097831e+00
   endloop
 endfacet
 facet normal -4.114925e-01  6.759450e-01 -6.113692e-01
   outer loop
     vertex -1.550515e+01  2.912970e+01 -3.600000e+00
     vertex -1.887964e+01  2.843409e+01 -2.097831e+00
     vertex -1.604832e+01  3.015770e+01 -2.097831e+00
   endloop
 endfacet
 facet normal -4.420110e-02  1.239998e-01 -9.912973e-01
   outer loop
     vertex -1.086197e+01  3.570348e+01 -2.492771e-01
     vertex -1.428365e+01  3.448378e+01 -2.492771e-01
     vertex -1.352051e+01  3.674862e+01  0.000000e+00
   endloop
 endfacet
 facet normal -4.105755e-02  1.317886e-01 -9.904272e-01
   outer loop
     vertex -1.086197e+01  3.570348e+01 -2.492771e-01
     vertex -1.352051e+01  3.674862e+01  0.000000e+00
     vertex -9.743541e+00  3.792530e+01  0.000000e+00
   endloop
 endfacet
 facet normal -3.672059e-01  1.322039e-01 -9.206964e-01
   outer loop
     vertex -1.951984e+01  8.085381e+00 -1.975072e+01
     vertex -2.023246e+01  6.106009e+00 -1.975072e+01
     vertex -2.185730e+01  6.575547e+00 -1.903526e+01
   endloop
 endfacet
 facet normal -1.224278e-01  4.939652e-02 -9.912474e-01
   outer loop
     vertex -1.951984e+01  8.085381e+00 -1.975072e+01
     vertex -1.738917e+01  8.363893e+00 -2.000000e+01
     vertex -1.832443e+01  6.045879e+00 -2.000000e+01
   endloop
 endfacet
 facet normal -3.675374e-01  1.328220e-01 -9.204752e-01
   outer loop
     vertex -1.951984e+01  8.085381e+00 -1.975072e+01
     vertex -2.185730e+01  6.575547e+00 -1.903526e+01
     vertex -2.107837e+01  8.730947e+00 -1.903526e+01
   endloop
 endfacet
 facet normal -1.279798e-01  4.607615e-02 -9.907059e-01
   outer loop
     vertex -1.951984e+01  8.085381e+00 -1.975072e+01
     vertex -1.832443e+01  6.045879e+00 -2.000000e+01
     vertex -2.023246e+01  6.106009e+00 -1.975072e+01
   endloop
 endfacet
 facet normal -2.631780e-01  5.525651e-01 -7.908282e-01
   outer loop
     vertex -1.307777e+01  3.157252e+01 -2.097831e+00
     vertex -1.604832e+01  3.015770e+01 -2.097831e+00
     vertex -1.674868e+01  3.144580e+01 -9.647391e-01
   endloop
 endfacet
 facet normal -3.401557e-01  7.141864e-01 -6.117449e-01
   outer loop
     vertex -1.307777e+01  3.157252e+01 -2.097831e+00
     vertex -1.550515e+01  2.912970e+01 -3.600000e+00
     vertex -1.604832e+01  3.015770e+01 -2.097831e+00
   endloop
 endfacet
 facet normal -2.630831e-01  5.531422e-01 -7.904562e-01
   outer loop
     vertex -1.307777e+01  3.157252e+01 -2.097831e+00
     vertex -1.674868e+01  3.144580e+01 -9.647391e-01
     vertex -1.363808e+01  3.292525e+01 -9.647391e-01
   endloop
 endfacet
 facet normal -5.544474e-01  2.600877e-01 -7.905330e-01
   outer loop
     vertex -2.010506e+01  1.080583e+01 -1.903526e+01
     vertex -2.107837e+01  8.730947e+00 -1.903526e+01
     vertex -2.243110e+01  9.291264e+00 -1.790217e+01
   endloop
 endfacet
 facet normal -3.538076e-01  1.659688e-01 -9.204752e-01
   outer loop
     vertex -2.010506e+01  1.080583e+01 -1.903526e+01
     vertex -1.951984e+01  8.085381e+00 -1.975072e+01
     vertex -2.107837e+01  8.730947e+00 -1.903526e+01
   endloop
 endfacet
 facet normal -5.543288e-01  2.597637e-01 -7.907227e-01
   outer loop
     vertex -2.010506e+01  1.080583e+01 -1.903526e+01
     vertex -2.243110e+01  9.291264e+00 -1.790217e+01
     vertex -2.139316e+01  1.150620e+01 -1.790217e+01
   endloop
 endfacet
 facet normal -1.310208e-01  3.675600e-01 -9.207243e-01
   outer loop
     vertex -1.039243e+01  3.407865e+01 -9.647391e-01
     vertex -1.428365e+01  3.448378e+01 -2.492771e-01
     vertex -1.086197e+01  3.570348e+01 -2.492771e-01
   endloop
 endfacet
 facet normal -1.308891e-01  3.683214e-01 -9.204387e-01
   outer loop
     vertex -1.039243e+01  3.407865e+01 -9.647391e-01
     vertex -1.363808e+01  3.292525e+01 -9.647391e-01
     vertex -1.428365e+01  3.448378e+01 -2.492771e-01
   endloop
 endfacet
 facet normal -6.823805e-01  4.002259e-01 -6.116994e-01
   outer loop
     vertex -2.016794e+01  1.359518e+01 -1.790217e+01
     vertex -2.139316e+01  1.150620e+01 -1.790217e+01
     vertex -2.242116e+01  1.204936e+01 -1.640000e+01
   endloop
 endfacet
 facet normal -6.825543e-01  4.014443e-01 -6.107063e-01
   outer loop
     vertex -2.016794e+01  1.359518e+01 -1.790217e+01
     vertex -2.242116e+01  1.204936e+01 -1.640000e+01
     vertex -2.113727e+01  1.423230e+01 -1.640000e+01
   endloop
 endfacet
 facet normal -3.399915e-01  7.141241e-01 -6.119089e-01
   outer loop
     vertex -1.263243e+01  3.049739e+01 -3.600000e+00
     vertex -1.550515e+01  2.912970e+01 -3.600000e+00
     vertex -1.307777e+01  3.157252e+01 -2.097831e+00
   endloop
 endfacet
 facet normal -3.142330e-02  1.270478e-01 -9.913987e-01
   outer loop
     vertex -7.324342e+00  3.657846e+01 -2.492771e-01
     vertex -1.086197e+01  3.570348e+01 -2.492771e-01
     vertex -9.743541e+00  3.792530e+01  0.000000e+00
   endloop
 endfacet
 facet normal -2.785763e-02  1.333197e-01 -9.906815e-01
   outer loop
     vertex -7.324342e+00  3.657846e+01 -2.492771e-01
     vertex -9.743541e+00  3.792530e+01  0.000000e+00
     vertex -6.257269e+00  3.865377e+01  0.000000e+00
   endloop
 endfacet
 facet normal -1.234963e-01  5.811234e-02 -9.906420e-01
   outer loop
     vertex -1.862411e+01  9.988912e+00 -1.975072e+01
     vertex -1.738917e+01  8.363893e+00 -2.000000e+01
     vertex -1.951984e+01  8.085381e+00 -1.975072e+01
   endloop
 endfacet
 facet normal -1.141009e-01  6.535599e-02 -9.913171e-01
   outer loop
     vertex -1.862411e+01  9.988912e+00 -1.975072e+01
     vertex -1.601168e+01  1.076877e+01 -2.000000e+01
     vertex -1.738917e+01  8.363893e+00 -2.000000e+01
   endloop
 endfacet
 facet normal -3.531361e-01  1.661715e-01 -9.206964e-01
   outer loop
     vertex -1.862411e+01  9.988912e+00 -1.975072e+01
     vertex -1.951984e+01  8.085381e+00 -1.975072e+01
     vertex -2.010506e+01  1.080583e+01 -1.903526e+01
   endloop
 endfacet
 facet normal -2.047917e-01  5.772803e-01 -7.904478e-01
   outer loop
     vertex -9.976840e+00  3.267259e+01 -2.097831e+00
     vertex -1.307777e+01  3.157252e+01 -2.097831e+00
     vertex -1.363808e+01  3.292525e+01 -9.647391e-01
   endloop
 endfacet
 facet normal -2.049457e-01  5.767164e-01 -7.908195e-01
   outer loop
     vertex -9.976840e+00  3.267259e+01 -2.097831e+00
     vertex -1.363808e+01  3.292525e+01 -9.647391e-01
     vertex -1.039243e+01  3.407865e+01 -9.647391e-01
   endloop
 endfacet
 facet normal -5.270950e-01  3.091488e-01 -7.915794e-01
   outer loop
     vertex -1.895376e+01  1.276404e+01 -1.903526e+01
     vertex -2.139316e+01  1.150620e+01 -1.790217e+01
     vertex -2.016794e+01  1.359518e+01 -1.790217e+01
   endloop
 endfacet
 facet normal -5.273191e-01  3.100276e-01 -7.910863e-01
   outer loop
     vertex -1.895376e+01  1.276404e+01 -1.903526e+01
     vertex -2.010506e+01  1.080583e+01 -1.903526e+01
     vertex -2.139316e+01  1.150620e+01 -1.790217e+01
   endloop
 endfacet
 facet normal -3.359579e-01  1.975203e-01 -9.209332e-01
   outer loop
     vertex -1.895376e+01  1.276404e+01 -1.903526e+01
     vertex -1.862411e+01  9.988912e+00 -1.975072e+01
     vertex -2.010506e+01  1.080583e+01 -1.903526e+01
   endloop
 endfacet
 facet normal -9.319507e-02  3.767978e-01 -9.215954e-01
   outer loop
     vertex -7.026860e+00  3.490211e+01 -9.647391e-01
     vertex -1.086197e+01  3.570348e+01 -2.492771e-01
     vertex -7.324342e+00  3.657846e+01 -2.492771e-01
   endloop
 endfacet
 facet normal -9.265989e-02  3.787079e-01 -9.208661e-01
   outer loop
     vertex -7.026860e+00  3.490211e+01 -9.647391e-01
     vertex -1.039243e+01  3.407865e+01 -9.647391e-01
     vertex -1.086197e+01  3.570348e+01 -2.492771e-01
   endloop
 endfacet
 facet normal -6.412511e-01  4.644743e-01 -6.107869e-01
   outer loop
     vertex -1.877508e+01  1.551815e+01 -1.790217e+01
     vertex -2.016794e+01  1.359518e+01 -1.790217e+01
     vertex -2.113727e+01  1.423230e+01 -1.640000e+01
   endloop
 endfacet
 facet normal -6.413041e-01  4.659604e-01 -6.095982e-01
   outer loop
     vertex -1.877508e+01  1.551815e+01 -1.790217e+01
     vertex -2.113727e+01  1.423230e+01 -1.640000e+01
     vertex -1.967402e+01  1.624617e+01 -1.640000e+01
   endloop
 endfacet
 facet normal -2.644796e-01  7.455325e-01 -6.117449e-01
   outer loop
     vertex -9.634010e+00  3.156160e+01 -3.600000e+00
     vertex -1.307777e+01  3.157252e+01 -2.097831e+00
     vertex -9.976840e+00  3.267259e+01 -2.097831e+00
   endloop
 endfacet
 facet normal -2.645517e-01  7.453723e-01 -6.119089e-01
   outer loop
     vertex -9.634010e+00  3.156160e+01 -3.600000e+00
     vertex -1.263243e+01  3.049739e+01 -3.600000e+00
     vertex -1.307777e+01  3.157252e+01 -2.097831e+00
   endloop
 endfacet
 facet normal  1.181122e-03  1.279404e-01 -9.917812e-01
   outer loop
     vertex -3.695221e+00  3.710358e+01 -2.492771e-01
     vertex -3.138723e+00  3.903081e+01  0.000000e+00
     vertex  1.119717e-15  3.749443e+01 -1.944565e-01
   endloop
 endfacet
 facet normal -1.605822e-02  1.328186e-01 -9.910103e-01
   outer loop
     vertex -3.695221e+00  3.710358e+01 -2.492771e-01
     vertex -6.257269e+00  3.865377e+01  0.000000e+00
     vertex -3.138723e+00  3.903081e+01  0.000000e+00
   endloop
 endfacet
 facet normal -2.209224e-02  3.406988e-01 -9.399129e-01
   outer loop
     vertex -3.695221e+00  3.710358e+01 -2.492771e-01
     vertex  1.119717e-15  3.749443e+01 -1.944565e-01
     vertex  2.825522e-16  3.594622e+01 -7.556518e-01
   endloop
 endfacet
 facet normal -1.861800e-02  1.286688e-01 -9.915128e-01
   outer loop
     vertex -3.695221e+00  3.710358e+01 -2.492771e-01
     vertex -7.324342e+00  3.657846e+01 -2.492771e-01
     vertex -6.257269e+00  3.865377e+01  0.000000e+00
   endloop
 endfacet
 facet normal -1.148732e-01  6.802924e-02 -9.910480e-01
   outer loop
     vertex -1.755806e+01  1.178903e+01 -1.975072e+01
     vertex -1.601168e+01  1.076877e+01 -2.000000e+01
     vertex -1.862411e+01  9.988912e+00 -1.975072e+01
   endloop
 endfacet
 facet normal -3.341461e-01  1.978852e-01 -9.215139e-01
   outer loop
     vertex -1.755806e+01  1.178903e+01 -1.975072e+01
     vertex -1.862411e+01  9.988912e+00 -1.975072e+01
     vertex -1.895376e+01  1.276404e+01 -1.903526e+01
   endloop
 endfacet
 facet normal -1.451429e-01  5.932098e-01 -7.918559e-01
   outer loop
     vertex -6.756018e+00  3.345585e+01 -2.097831e+00
     vertex -1.039243e+01  3.407865e+01 -9.647391e-01
     vertex -7.026860e+00  3.490211e+01 -9.647391e-01
   endloop
 endfacet
 facet normal -1.446039e-01  5.946160e-01 -7.908992e-01
   outer loop
     vertex -6.756018e+00  3.345585e+01 -2.097831e+00
     vertex -9.976840e+00  3.267259e+01 -2.097831e+00
     vertex -1.039243e+01  3.407865e+01 -9.647391e-01
   endloop
 endfacet
 facet normal -4.937890e-01  3.586296e-01 -7.921851e-01
   outer loop
     vertex -1.764209e+01  1.457006e+01 -1.903526e+01
     vertex -1.895376e+01  1.276404e+01 -1.903526e+01
     vertex -2.016794e+01  1.359518e+01 -1.790217e+01
   endloop
 endfacet
 facet normal -4.936346e-01  3.575519e-01 -7.927682e-01
   outer loop
     vertex -1.764209e+01  1.457006e+01 -1.903526e+01
     vertex -2.016794e+01  1.359518e+01 -1.790217e+01
     vertex -1.877508e+01  1.551815e+01 -1.790217e+01
   endloop
 endfacet
 facet normal -3.135097e-01  2.276961e-01 -9.218819e-01
   outer loop
     vertex -1.764209e+01  1.457006e+01 -1.903526e+01
     vertex -1.755806e+01  1.178903e+01 -1.975072e+01
     vertex -1.895376e+01  1.276404e+01 -1.903526e+01
   endloop
 endfacet
 facet normal -5.643954e-03  3.856518e-01 -9.226272e-01
   outer loop
     vertex -3.557153e+00  3.539394e+01 -9.647391e-01
     vertex -3.695221e+00  3.710358e+01 -2.492771e-01
     vertex  2.825522e-16  3.594622e+01 -7.556518e-01
   endloop
 endfacet
 facet normal -3.591726e-02  5.477852e-01 -8.358476e-01
   outer loop
     vertex -3.557153e+00  3.539394e+01 -9.647391e-01
     vertex  2.825522e-16  3.594622e+01 -7.556518e-01
     vertex -9.179153e-17  3.452856e+01 -1.684735e+00
   endloop
 endfacet
 facet normal -5.440025e-02  3.837787e-01 -9.218213e-01
   outer loop
     vertex -3.557153e+00  3.539394e+01 -9.647391e-01
     vertex -7.026860e+00  3.490211e+01 -9.647391e-01
     vertex -7.324342e+00  3.657846e+01 -2.492771e-01
   endloop
 endfacet
 facet normal -5.522482e-02  3.816582e-01 -9.226523e-01
   outer loop
     vertex -3.557153e+00  3.539394e+01 -9.647391e-01
     vertex -7.324342e+00  3.657846e+01 -2.492771e-01
     vertex -3.695221e+00  3.710358e+01 -2.492771e-01
   endloop
 endfacet
 facet normal -5.905279e-01  5.295107e-01 -6.090117e-01
   outer loop
     vertex -1.723667e+01  1.723667e+01 -1.790217e+01
     vertex -1.967402e+01  1.624617e+01 -1.640000e+01
     vertex -1.805347e+01  1.805347e+01 -1.640000e+01
   endloop
 endfacet
 facet normal -5.905936e-01  5.286956e-01 -6.096558e-01
   outer loop
     vertex -1.723667e+01  1.723667e+01 -1.790217e+01
     vertex -1.877508e+01  1.551815e+01 -1.790217e+01
     vertex -1.967402e+01  1.624617e+01 -1.640000e+01
   endloop
 endfacet
 facet normal -4.535995e-01  4.060593e-01 -7.933243e-01
   outer loop
     vertex -1.723667e+01  1.723667e+01 -1.790217e+01
     vertex -1.764209e+01  1.457006e+01 -1.903526e+01
     vertex -1.877508e+01  1.551815e+01 -1.790217e+01
   endloop
 endfacet
 facet normal -1.872979e-01  7.688537e-01 -6.113783e-01
   outer loop
     vertex -6.521108e+00  3.231993e+01 -3.600000e+00
     vertex -9.634010e+00  3.156160e+01 -3.600000e+00
     vertex -9.976840e+00  3.267259e+01 -2.097831e+00
   endloop
 endfacet
 facet normal -1.870723e-01  7.692475e-01 -6.109519e-01
   outer loop
     vertex -6.521108e+00  3.231993e+01 -3.600000e+00
     vertex -9.976840e+00  3.267259e+01 -2.097831e+00
     vertex -6.756018e+00  3.345585e+01 -2.097831e+00
   endloop
 endfacet
 facet normal -1.017489e-01  7.963993e-02 -9.916172e-01
   outer loop
     vertex -1.633556e+01  1.345879e+01 -1.975072e+01
     vertex -1.430029e+01  1.295526e+01 -2.000000e+01
     vertex -1.601168e+01  1.076877e+01 -2.000000e+01
   endloop
 endfacet
 facet normal -3.113282e-01  2.279369e-01 -9.225614e-01
   outer loop
     vertex -1.633556e+01  1.345879e+01 -1.975072e+01
     vertex -1.755806e+01  1.178903e+01 -1.975072e+01
     vertex -1.764209e+01  1.457006e+01 -1.903526e+01
   endloop
 endfacet
 facet normal -1.077221e-01  7.886798e-02 -9.910478e-01
   outer loop
     vertex -1.633556e+01  1.345879e+01 -1.975072e+01
     vertex -1.601168e+01  1.076877e+01 -2.000000e+01
     vertex -1.755806e+01  1.178903e+01 -1.975072e+01
   endloop
 endfacet
 facet normal -4.388322e-02  7.200216e-01 -6.925628e-01
   outer loop
     vertex -3.426410e+00  3.392239e+01 -2.097831e+00
     vertex -9.179153e-17  3.452856e+01 -1.684735e+00
     vertex -1.616025e-16  3.346526e+01 -2.790196e+00
   endloop
 endfacet
 facet normal -8.471841e-02  6.046295e-01 -7.919886e-01
   outer loop
     vertex -3.426410e+00  3.392239e+01 -2.097831e+00
     vertex -6.756018e+00  3.345585e+01 -2.097831e+00
     vertex -7.026860e+00  3.490211e+01 -9.647391e-01
   endloop
 endfacet
 facet normal -1.222230e-02  6.093645e-01 -7.927960e-01
   outer loop
     vertex -3.426410e+00  3.392239e+01 -2.097831e+00
     vertex -3.557153e+00  3.539394e+01 -9.647391e-01
     vertex -9.179153e-17  3.452856e+01 -1.684735e+00
   endloop
 endfacet
 facet normal -8.548592e-02  6.030795e-01 -7.930872e-01
   outer loop
     vertex -3.426410e+00  3.392239e+01 -2.097831e+00
     vertex -7.026860e+00  3.490211e+01 -9.647391e-01
     vertex -3.557153e+00  3.539394e+01 -9.647391e-01
   endloop
 endfacet
 facet normal -4.530002e-01  4.061039e-01 -7.936438e-01
   outer loop
     vertex -1.618992e+01  1.618992e+01 -1.903526e+01
     vertex -1.764209e+01  1.457006e+01 -1.903526e+01
     vertex -1.723667e+01  1.723667e+01 -1.790217e+01
   endloop
 endfacet
 facet normal -5.291883e-01  5.901684e-01 -6.096401e-01
   outer loop
     vertex -1.551815e+01  1.877508e+01 -1.790217e+01
     vertex -1.805347e+01  1.805347e+01 -1.640000e+01
     vertex -1.624617e+01  1.967402e+01 -1.640000e+01
   endloop
 endfacet
 facet normal -5.290346e-01  5.909723e-01 -6.089944e-01
   outer loop
     vertex -1.551815e+01  1.877508e+01 -1.790217e+01
     vertex -1.723667e+01  1.723667e+01 -1.790217e+01
     vertex -1.805347e+01  1.805347e+01 -1.640000e+01
   endloop
 endfacet
 facet normal -1.099654e-01  7.848154e-01 -6.098954e-01
   outer loop
     vertex -3.305549e+00  3.277196e+01 -3.600000e+00
     vertex -6.756018e+00  3.345585e+01 -2.097831e+00
     vertex -3.426410e+00  3.392239e+01 -2.097831e+00
   endloop
 endfacet
 facet normal -4.417695e-02  8.408128e-01 -5.395204e-01
   outer loop
     vertex -3.305549e+00  3.277196e+01 -3.600000e+00
     vertex -1.616025e-16  3.346526e+01 -2.790196e+00
     vertex -1.305925e-16  3.270526e+01 -3.974610e+00
   endloop
 endfacet
 facet normal -1.720389e-02  7.931347e-01 -6.088033e-01
   outer loop
     vertex -3.305549e+00  3.277196e+01 -3.600000e+00
     vertex -3.426410e+00  3.392239e+01 -2.097831e+00
     vertex -1.616025e-16  3.346526e+01 -2.790196e+00
   endloop
 endfacet
 facet normal -1.102654e-01  7.843885e-01 -6.103902e-01
   outer loop
     vertex -3.305549e+00  3.277196e+01 -3.600000e+00
     vertex -6.521108e+00  3.231993e+01 -3.600000e+00
     vertex -6.756018e+00  3.345585e+01 -2.097831e+00
   endloop
 endfacet
 facet normal -2.862113e-01  2.576664e-01 -9.228711e-01
   outer loop
     vertex -1.497267e+01  1.497267e+01 -1.975072e+01
     vertex -1.633556e+01  1.345879e+01 -1.975072e+01
     vertex -1.764209e+01  1.457006e+01 -1.903526e+01
   endloop
 endfacet
 facet normal -8.977563e-02  9.260992e-02 -9.916470e-01
   outer loop
     vertex -1.497267e+01  1.497267e+01 -1.975072e+01
     vertex -1.250487e+01  1.469573e+01 -2.000000e+01
     vertex -1.430029e+01  1.295526e+01 -2.000000e+01
   endloop
 endfacet
 facet normal -9.927079e-02  8.937017e-02 -9.910390e-01
   outer loop
     vertex -1.497267e+01  1.497267e+01 -1.975072e+01
     vertex -1.430029e+01  1.295526e+01 -2.000000e+01
     vertex -1.633556e+01  1.345879e+01 -1.975072e+01
   endloop
 endfacet
 facet normal -2.861299e-01  2.565087e-01 -9.232188e-01
   outer loop
     vertex -1.497267e+01  1.497267e+01 -1.975072e+01
     vertex -1.764209e+01  1.457006e+01 -1.903526e+01
     vertex -1.618992e+01  1.618992e+01 -1.903526e+01
   endloop
 endfacet
 facet normal -4.659604e-01  6.413041e-01 -6.095982e-01
   outer loop
     vertex -1.423230e+01  2.113727e+01 -1.640000e+01
     vertex -1.551815e+01  1.877508e+01 -1.790217e+01
     vertex -1.624617e+01  1.967402e+01 -1.640000e+01
   endloop
 endfacet
 facet normal -4.061039e-01  4.530002e-01 -7.936438e-01
   outer loop
     vertex -1.457006e+01  1.764209e+01 -1.903526e+01
     vertex -1.618992e+01  1.618992e+01 -1.903526e+01
     vertex -1.723667e+01  1.723667e+01 -1.790217e+01
   endloop
 endfacet
 facet normal -4.060593e-01  4.535995e-01 -7.933243e-01
   outer loop
     vertex -1.457006e+01  1.764209e+01 -1.903526e+01
     vertex -1.723667e+01  1.723667e+01 -1.790217e+01
     vertex -1.551815e+01  1.877508e+01 -1.790217e+01
   endloop
 endfacet
 facet normal -4.644743e-01  6.412511e-01 -6.107869e-01
   outer loop
     vertex -1.359518e+01  2.016794e+01 -1.790217e+01
     vertex -1.551815e+01  1.877508e+01 -1.790217e+01
     vertex -1.423230e+01  2.113727e+01 -1.640000e+01
   endloop
 endfacet
 facet normal -3.575519e-01  4.936346e-01 -7.927682e-01
   outer loop
     vertex -1.359518e+01  2.016794e+01 -1.790217e+01
     vertex -1.457006e+01  1.764209e+01 -1.903526e+01
     vertex -1.551815e+01  1.877508e+01 -1.790217e+01
   endloop
 endfacet
 facet normal -2.570531e-01  2.867372e-01 -9.228789e-01
   outer loop
     vertex -1.345879e+01  1.633556e+01 -1.975072e+01
     vertex -1.618992e+01  1.618992e+01 -1.903526e+01
     vertex -1.457006e+01  1.764209e+01 -1.903526e+01
   endloop
 endfacet
 facet normal -8.901782e-02  9.887941e-02 -9.911098e-01
   outer loop
     vertex -1.345879e+01  1.633556e+01 -1.975072e+01
     vertex -1.250487e+01  1.469573e+01 -2.000000e+01
     vertex -1.497267e+01  1.497267e+01 -1.975072e+01
   endloop
 endfacet
 facet normal -2.570836e-01  2.855639e-01 -9.232341e-01
   outer loop
     vertex -1.345879e+01  1.633556e+01 -1.975072e+01
     vertex -1.497267e+01  1.497267e+01 -1.975072e+01
     vertex -1.618992e+01  1.618992e+01 -1.903526e+01
   endloop
 endfacet
 facet normal -3.586296e-01  4.937890e-01 -7.921851e-01
   outer loop
     vertex -1.276404e+01  1.895376e+01 -1.903526e+01
     vertex -1.457006e+01  1.764209e+01 -1.903526e+01
     vertex -1.359518e+01  2.016794e+01 -1.790217e+01
   endloop
 endfacet
 facet normal -3.091488e-01  5.270950e-01 -7.915794e-01
   outer loop
     vertex -1.150620e+01  2.139316e+01 -1.790217e+01
     vertex -1.276404e+01  1.895376e+01 -1.903526e+01
     vertex -1.359518e+01  2.016794e+01 -1.790217e+01
   endloop
 endfacet
 facet normal -4.006231e-01  6.830576e-01 -6.106828e-01
   outer loop
     vertex -1.150620e+01  2.139316e+01 -1.790217e+01
     vertex -1.359518e+01  2.016794e+01 -1.790217e+01
     vertex -1.423230e+01  2.113727e+01 -1.640000e+01
   endloop
 endfacet
 facet normal -4.010637e-01  6.819072e-01 -6.116784e-01
   outer loop
     vertex -1.150620e+01  2.139316e+01 -1.790217e+01
     vertex -1.423230e+01  2.113727e+01 -1.640000e+01
     vertex -1.204936e+01  2.242116e+01 -1.640000e+01
   endloop
 endfacet
 facet normal -2.279369e-01  3.113282e-01 -9.225614e-01
   outer loop
     vertex -1.178903e+01  1.755806e+01 -1.975072e+01
     vertex -1.345879e+01  1.633556e+01 -1.975072e+01
     vertex -1.457006e+01  1.764209e+01 -1.903526e+01
   endloop
 endfacet
 facet normal -7.738066e-02  1.056906e-01 -9.913837e-01
   outer loop
     vertex -1.178903e+01  1.755806e+01 -1.975072e+01
     vertex -1.250487e+01  1.469573e+01 -2.000000e+01
     vertex -1.345879e+01  1.633556e+01 -1.975072e+01
   endloop
 endfacet
 facet normal -2.276961e-01  3.135097e-01 -9.218819e-01
   outer loop
     vertex -1.178903e+01  1.755806e+01 -1.975072e+01
     vertex -1.457006e+01  1.764209e+01 -1.903526e+01
     vertex -1.276404e+01  1.895376e+01 -1.903526e+01
   endloop
 endfacet
 facet normal -7.760423e-02  1.057445e-01 -9.913605e-01
   outer loop
     vertex -1.178903e+01  1.755806e+01 -1.975072e+01
     vertex -1.026821e+01  1.633718e+01 -2.000000e+01
     vertex -1.250487e+01  1.469573e+01 -2.000000e+01
   endloop
 endfacet
 facet normal -3.100276e-01  5.273191e-01 -7.910863e-01
   outer loop
     vertex -1.080583e+01  2.010506e+01 -1.903526e+01
     vertex -1.276404e+01  1.895376e+01 -1.903526e+01
     vertex -1.150620e+01  2.139316e+01 -1.790217e+01
   endloop
 endfacet
 facet normal -3.357032e-01  7.163819e-01 -6.116374e-01
   outer loop
     vertex -9.291264e+00  2.243110e+01 -1.790217e+01
     vertex -1.150620e+01  2.139316e+01 -1.790217e+01
     vertex -1.204936e+01  2.242116e+01 -1.640000e+01
   endloop
 endfacet
 facet normal -3.359073e-01  7.159638e-01 -6.120148e-01
   outer loop
     vertex -9.291264e+00  2.243110e+01 -1.790217e+01
     vertex -1.204936e+01  2.242116e+01 -1.640000e+01
     vertex -9.736600e+00  2.350623e+01 -1.640000e+01
   endloop
 endfacet
 facet normal -1.978852e-01  3.341461e-01 -9.215139e-01
   outer loop
     vertex -9.988912e+00  1.862411e+01 -1.975072e+01
     vertex -1.178903e+01  1.755806e+01 -1.975072e+01
     vertex -1.276404e+01  1.895376e+01 -1.903526e+01
   endloop
 endfacet
 facet normal -6.894434e-02  1.164184e-01 -9.908044e-01
   outer loop
     vertex -9.988912e+00  1.862411e+01 -1.975072e+01
     vertex -1.026821e+01  1.633718e+01 -2.000000e+01
     vertex -1.178903e+01  1.755806e+01 -1.975072e+01
   endloop
 endfacet
 facet normal -1.975203e-01  3.359579e-01 -9.209332e-01
   outer loop
     vertex -9.988912e+00  1.862411e+01 -1.975072e+01
     vertex -1.276404e+01  1.895376e+01 -1.903526e+01
     vertex -1.080583e+01  2.010506e+01 -1.903526e+01
   endloop
 endfacet
 facet normal -6.152336e-02  1.155761e-01 -9.913915e-01
   outer loop
     vertex -9.988912e+00  1.862411e+01 -1.975072e+01
     vertex -7.819136e+00  1.764087e+01 -2.000000e+01
     vertex -1.026821e+01  1.633718e+01 -2.000000e+01
   endloop
 endfacet
 facet normal -2.599798e-01  5.542174e-01 -7.907297e-01
   outer loop
     vertex -8.730947e+00  2.107837e+01 -1.903526e+01
     vertex -1.080583e+01  2.010506e+01 -1.903526e+01
     vertex -1.150620e+01  2.139316e+01 -1.790217e+01
   endloop
 endfacet
 facet normal -2.598646e-01  5.545443e-01 -7.905384e-01
   outer loop
     vertex -8.730947e+00  2.107837e+01 -1.903526e+01
     vertex -1.150620e+01  2.139316e+01 -1.790217e+01
     vertex -9.291264e+00  2.243110e+01 -1.790217e+01
   endloop
 endfacet
 facet normal -2.688375e-01  7.440536e-01 -6.116458e-01
   outer loop
     vertex -6.991139e+00  2.326336e+01 -1.790217e+01
     vertex -9.736600e+00  2.350623e+01 -1.640000e+01
     vertex -7.333969e+00  2.437434e+01 -1.640000e+01
   endloop
 endfacet
 facet normal -2.690790e-01  7.436562e-01 -6.120229e-01
   outer loop
     vertex -6.991139e+00  2.326336e+01 -1.790217e+01
     vertex -9.291264e+00  2.243110e+01 -1.790217e+01
     vertex -9.736600e+00  2.350623e+01 -1.640000e+01
   endloop
 endfacet
 facet normal -1.661715e-01  3.531361e-01 -9.206964e-01
   outer loop
     vertex -8.085381e+00  1.951984e+01 -1.975072e+01
     vertex -9.988912e+00  1.862411e+01 -1.975072e+01
     vertex -1.080583e+01  2.010506e+01 -1.903526e+01
   endloop
 endfacet
 facet normal -4.595339e-02  1.249743e-01 -9.910952e-01
   outer loop
     vertex -8.085381e+00  1.951984e+01 -1.975072e+01
     vertex -5.472202e+00  1.850384e+01 -2.000000e+01
     vertex -7.819136e+00  1.764087e+01 -2.000000e+01
   endloop
 endfacet
 facet normal -1.659688e-01  3.538076e-01 -9.204752e-01
   outer loop
     vertex -8.085381e+00  1.951984e+01 -1.975072e+01
     vertex -1.080583e+01  2.010506e+01 -1.903526e+01
     vertex -8.730947e+00  2.107837e+01 -1.903526e+01
   endloop
 endfacet
 facet normal -5.798028e-02  1.232157e-01 -9.906847e-01
   outer loop
     vertex -8.085381e+00  1.951984e+01 -1.975072e+01
     vertex -7.819136e+00  1.764087e+01 -2.000000e+01
     vertex -9.988912e+00  1.862411e+01 -1.975072e+01
   endloop
 endfacet
 facet normal -1.985863e-01  7.657761e-01 -6.116784e-01
   outer loop
     vertex -4.882551e+00  2.501006e+01 -1.640000e+01
     vertex -6.991139e+00  2.326336e+01 -1.790217e+01
     vertex -7.333969e+00  2.437434e+01 -1.640000e+01
   endloop
 endfacet
 facet normal -2.081437e-01  5.759633e-01 -7.905330e-01
   outer loop
     vertex -6.575547e+00  2.185730e+01 -1.903526e+01
     vertex -8.730947e+00  2.107837e+01 -1.903526e+01
     vertex -9.291264e+00  2.243110e+01 -1.790217e+01
   endloop
 endfacet
 facet normal -2.082890e-01  5.756503e-01 -7.907227e-01
   outer loop
     vertex -6.575547e+00  2.185730e+01 -1.903526e+01
     vertex -9.291264e+00  2.243110e+01 -1.790217e+01
     vertex -6.991139e+00  2.326336e+01 -1.790217e+01
   endloop
 endfacet
 facet normal -1.997113e-01  7.662779e-01 -6.106828e-01
   outer loop
     vertex -4.647641e+00  2.387413e+01 -1.790217e+01
     vertex -6.991139e+00  2.326336e+01 -1.790217e+01
     vertex -4.882551e+00  2.501006e+01 -1.640000e+01
   endloop
 endfacet
 facet normal -4.544903e-02  1.262380e-01 -9.909583e-01
   outer loop
     vertex -6.106009e+00  2.023246e+01 -1.975072e+01
     vertex -5.472202e+00  1.850384e+01 -2.000000e+01
     vertex -8.085381e+00  1.951984e+01 -1.975072e+01
   endloop
 endfacet
 facet normal -1.323869e-01  3.677141e-01 -9.204673e-01
   outer loop
     vertex -6.106009e+00  2.023246e+01 -1.975072e+01
     vertex -8.085381e+00  1.951984e+01 -1.975072e+01
     vertex -8.730947e+00  2.107837e+01 -1.903526e+01
   endloop
 endfacet
 facet normal -1.326535e-01  3.670712e-01 -9.206855e-01
   outer loop
     vertex -6.106009e+00  2.023246e+01 -1.975072e+01
     vertex -8.730947e+00  2.107837e+01 -1.903526e+01
     vertex -6.575547e+00  2.185730e+01 -1.903526e+01
   endloop
 endfacet
 facet normal -1.238467e-01  7.820699e-01 -6.107607e-01
   outer loop
     vertex -2.423859e+00  2.539941e+01 -1.640000e+01
     vertex -4.647641e+00  2.387413e+01 -1.790217e+01
     vertex -4.882551e+00  2.501006e+01 -1.640000e+01
   endloop
 endfacet
 facet normal -1.541112e-01  5.913136e-01 -7.915794e-01
   outer loop
     vertex -4.376798e+00  2.242787e+01 -1.903526e+01
     vertex -6.991139e+00  2.326336e+01 -1.790217e+01
     vertex -4.647641e+00  2.387413e+01 -1.790217e+01
   endloop
 endfacet
 facet normal -1.536483e-01  5.920935e-01 -7.910863e-01
   outer loop
     vertex -4.376798e+00  2.242787e+01 -1.903526e+01
     vertex -6.575547e+00  2.185730e+01 -1.903526e+01
     vertex -6.991139e+00  2.326336e+01 -1.790217e+01
   endloop
 endfacet
 facet normal -9.789017e-02  3.772260e-01 -9.209332e-01
   outer loop
     vertex -4.376798e+00  2.242787e+01 -1.903526e+01
     vertex -6.106009e+00  2.023246e+01 -1.975072e+01
     vertex -6.575547e+00  2.185730e+01 -1.903526e+01
   endloop
 endfacet
 facet normal -6.779069e-02  7.894541e-01 -6.100546e-01
   outer loop
     vertex -2.302998e+00  2.424898e+01 -1.790217e+01
     vertex -2.423859e+00  2.539941e+01 -1.640000e+01
     vertex -3.096581e-18  2.514868e+01 -1.699381e+01
   endloop
 endfacet
 facet normal -5.220305e-02  7.725377e-01 -6.328193e-01
   outer loop
     vertex -2.302998e+00  2.424898e+01 -1.790217e+01
     vertex -3.096581e-18  2.514868e+01 -1.699381e+01
     vertex  2.754717e-16  2.455975e+01 -1.771277e+01
   endloop
 endfacet
 facet normal -3.267621e-02  6.854592e-01 -7.273775e-01
   outer loop
     vertex -2.302998e+00  2.424898e+01 -1.790217e+01
     vertex  2.754717e-16  2.455975e+01 -1.771277e+01
     vertex  1.106173e-15  2.388953e+01 -1.834436e+01
   endloop
 endfacet
 facet normal -1.251483e-01  7.827929e-01 -6.095680e-01
   outer loop
     vertex -2.302998e+00  2.424898e+01 -1.790217e+01
     vertex -4.647641e+00  2.387413e+01 -1.790217e+01
     vertex -2.423859e+00  2.539941e+01 -1.640000e+01
   endloop
 endfacet
 facet normal -3.345438e-02  1.306228e-01 -9.908675e-01
   outer loop
     vertex -4.079316e+00  2.075153e+01 -1.975072e+01
     vertex -5.472202e+00  1.850384e+01 -2.000000e+01
     vertex -6.106009e+00  2.023246e+01 -1.975072e+01
   endloop
 endfacet
 facet normal -2.787232e-02  1.272316e-01 -9.914813e-01
   outer loop
     vertex -4.079316e+00  2.075153e+01 -1.975072e+01
     vertex -2.764637e+00  1.909698e+01 -2.000000e+01
     vertex -5.472202e+00  1.850384e+01 -2.000000e+01
   endloop
 endfacet
 facet normal -9.635103e-02  3.762030e-01 -9.215139e-01
   outer loop
     vertex -4.079316e+00  2.075153e+01 -1.975072e+01
     vertex -6.106009e+00  2.023246e+01 -1.975072e+01
     vertex -4.376798e+00  2.242787e+01 -1.903526e+01
   endloop
 endfacet
 facet normal -1.104917e-02  5.431600e-01 -8.395565e-01
   outer loop
     vertex -2.172255e+00  2.277742e+01 -1.903526e+01
     vertex  1.106173e-15  2.388953e+01 -1.834436e+01
     vertex  5.144055e-15  2.247126e+01 -1.926193e+01
   endloop
 endfacet
 facet normal -9.557213e-02  6.027509e-01 -7.921851e-01
   outer loop
     vertex -2.172255e+00  2.277742e+01 -1.903526e+01
     vertex -4.376798e+00  2.242787e+01 -1.903526e+01
     vertex -4.647641e+00  2.387413e+01 -1.790217e+01
   endloop
 endfacet
 facet normal -5.779497e-02  6.058436e-01 -7.934818e-01
   outer loop
     vertex -2.172255e+00  2.277742e+01 -1.903526e+01
     vertex -2.302998e+00  2.424898e+01 -1.790217e+01
     vertex  1.106173e-15  2.388953e+01 -1.834436e+01
   endloop
 endfacet
 facet normal -9.622498e-02  6.018798e-01 -7.927682e-01
   outer loop
     vertex -2.172255e+00  2.277742e+01 -1.903526e+01
     vertex -4.647641e+00  2.387413e+01 -1.790217e+01
     vertex -2.302998e+00  2.424898e+01 -1.790217e+01
   endloop
 endfacet
 facet normal -6.067933e-02  3.826903e-01 -9.218819e-01
   outer loop
     vertex -2.172255e+00  2.277742e+01 -1.903526e+01
     vertex -4.079316e+00  2.075153e+01 -1.975072e+01
     vertex -4.376798e+00  2.242787e+01 -1.903526e+01
   endloop
 endfacet
 facet normal -5.896658e-02  3.813180e-01 -9.225614e-01
   outer loop
     vertex -2.034186e+00  2.106779e+01 -1.975072e+01
     vertex -4.079316e+00  2.075153e+01 -1.975072e+01
     vertex -2.172255e+00  2.277742e+01 -1.903526e+01
   endloop
 endfacet
 facet normal -1.113057e-02  3.432281e-01 -9.391861e-01
   outer loop
     vertex -2.034186e+00  2.106779e+01 -1.975072e+01
     vertex  5.144055e-15  2.247126e+01 -1.926193e+01
     vertex  1.295589e-14  2.103376e+01 -1.978726e+01
   endloop
 endfacet
 facet normal -1.461488e-02  1.821381e-01 -9.831643e-01
   outer loop
     vertex -2.034186e+00  2.106779e+01 -1.975072e+01
     vertex  1.295589e-14  2.103376e+01 -1.978726e+01
     vertex  1.966208e-14  2.017681e+01 -1.994602e+01
   endloop
 endfacet
 facet normal -6.887046e-02  6.102804e-02 -9.957572e-01
   outer loop
     vertex -2.034186e+00  2.106779e+01 -1.975072e+01
     vertex  1.966208e-14  2.017681e+01 -1.994602e+01
     vertex  2.835558e-14  1.929607e+01 -2.000000e+01
   endloop
 endfacet
 facet normal -9.279867e-03  1.288645e-01 -9.916188e-01
   outer loop
     vertex -2.034186e+00  2.106779e+01 -1.975072e+01
     vertex  2.835558e-14  1.929607e+01 -2.000000e+01
     vertex -2.764637e+00  1.909698e+01 -2.000000e+01
   endloop
 endfacet
 facet normal -2.056010e-02  1.329556e-01 -9.909087e-01
   outer loop
     vertex -2.034186e+00  2.106779e+01 -1.975072e+01
     vertex -2.764637e+00  1.909698e+01 -2.000000e+01
     vertex -4.079316e+00  2.075153e+01 -1.975072e+01
   endloop
 endfacet
 facet normal -4.234594e-02  3.827875e-01 -9.228654e-01
   outer loop
     vertex -2.034186e+00  2.106779e+01 -1.975072e+01
     vertex -2.172255e+00  2.277742e+01 -1.903526e+01
     vertex  5.144055e-15  2.247126e+01 -1.926193e+01
   endloop
 endfacet
 facet normal -1.353180e-01 -8.545089e-01 -5.015012e-01
   outer loop
     vertex -2.486528e+00 -2.592344e+01 -1.549019e+01
     vertex -4.882551e+00 -2.501006e+01 -1.640000e+01
     vertex -2.423859e+00 -2.539941e+01 -1.640000e+01
   endloop
 endfacet
 facet normal -4.084980e-02 -8.590805e-01 -5.102078e-01
   outer loop
     vertex -2.486528e+00 -2.592344e+01 -1.549019e+01
     vertex -2.633201e-18 -2.514868e+01 -1.699381e+01
     vertex  0.000000e+00 -2.658201e+01 -1.458038e+01
   endloop
 endfacet
 facet normal -3.314118e-02 -8.650740e-01 -5.005483e-01
   outer loop
     vertex -2.486528e+00 -2.592344e+01 -1.549019e+01
     vertex -2.423859e+00 -2.539941e+01 -1.640000e+01
     vertex -2.633201e-18 -2.514868e+01 -1.699381e+01
   endloop
 endfacet
 facet normal -4.051079e-01 -7.579171e-01 -5.113211e-01
   outer loop
     vertex -1.502543e+01 -2.506841e+01 -1.000000e+01
     vertex -1.249593e+01 -2.642044e+01 -1.000000e+01
     vertex -1.550515e+01 -2.912970e+01 -3.600000e+00
   endloop
 endfacet
 facet normal -4.070595e-01 -7.615685e-01 -5.042975e-01
   outer loop
     vertex -1.502543e+01 -2.506841e+01 -1.000000e+01
     vertex -1.204936e+01 -2.242116e+01 -1.640000e+01
     vertex -1.249593e+01 -2.642044e+01 -1.000000e+01
   endloop
 endfacet
 facet normal -4.492986e-01 -7.387039e-01 -5.024413e-01
   outer loop
     vertex -1.502543e+01 -2.506841e+01 -1.000000e+01
     vertex -1.550515e+01 -2.912970e+01 -3.600000e+00
     vertex -1.824252e+01 -2.746476e+01 -3.600000e+00
   endloop
 endfacet
 facet normal -4.361974e-01 -7.416431e-01 -5.096052e-01
   outer loop
     vertex -1.502543e+01 -2.506841e+01 -1.000000e+01
     vertex -1.423230e+01 -2.113727e+01 -1.640000e+01
     vertex -1.204936e+01 -2.242116e+01 -1.640000e+01
   endloop
 endfacet
 facet normal -4.806792e-01 -7.193776e-01 -5.014413e-01
   outer loop
     vertex -1.741019e+01 -2.347495e+01 -1.000000e+01
     vertex -1.423230e+01 -2.113727e+01 -1.640000e+01
     vertex -1.502543e+01 -2.506841e+01 -1.000000e+01
   endloop
 endfacet
 facet normal -5.214343e-01 -6.920148e-01 -4.992212e-01
   outer loop
     vertex -1.741019e+01 -2.347495e+01 -1.000000e+01
     vertex -1.824252e+01 -2.746476e+01 -3.600000e+00
     vertex -2.083590e+01 -2.551065e+01 -3.600000e+00
   endloop
 endfacet
 facet normal -4.783751e-01 -7.159293e-01 -5.085297e-01
   outer loop
     vertex -1.741019e+01 -2.347495e+01 -1.000000e+01
     vertex -1.502543e+01 -2.506841e+01 -1.000000e+01
     vertex -1.824252e+01 -2.746476e+01 -3.600000e+00
   endloop
 endfacet
 facet normal -5.068418e-01 -6.975694e-01 -5.064665e-01
   outer loop
     vertex -1.741019e+01 -2.347495e+01 -1.000000e+01
     vertex -1.624617e+01 -1.967402e+01 -1.640000e+01
     vertex -1.423230e+01 -2.113727e+01 -1.640000e+01
   endloop
 endfacet
 facet normal -5.474815e-01 -6.670852e-01 -5.052339e-01
   outer loop
     vertex -1.962728e+01 -2.165537e+01 -1.000000e+01
     vertex -1.741019e+01 -2.347495e+01 -1.000000e+01
     vertex -2.083590e+01 -2.551065e+01 -3.600000e+00
   endloop
 endfacet
 facet normal -5.766923e-01 -6.431464e-01 -5.037744e-01
   outer loop
     vertex -1.962728e+01 -2.165537e+01 -1.000000e+01
     vertex -1.805347e+01 -1.805347e+01 -1.640000e+01
     vertex -1.624617e+01 -1.967402e+01 -1.640000e+01
   endloop
 endfacet
 facet normal -5.500979e-01 -6.702731e-01 -4.981227e-01
   outer loop
     vertex -1.962728e+01 -2.165537e+01 -1.000000e+01
     vertex -1.624617e+01 -1.967402e+01 -1.640000e+01
     vertex -1.741019e+01 -2.347495e+01 -1.000000e+01
   endloop
 endfacet
 facet normal -5.853813e-01 -6.408718e-01 -4.966005e-01
   outer loop
     vertex -1.962728e+01 -2.165537e+01 -1.000000e+01
     vertex -2.083590e+01 -2.551065e+01 -3.600000e+00
     vertex -2.327904e+01 -2.327904e+01 -3.600000e+00
   endloop
 endfacet
 facet normal -6.138315e-01 -6.138315e-01 -4.964089e-01
   outer loop
     vertex -2.165537e+01 -1.962728e+01 -1.000000e+01
     vertex -1.805347e+01 -1.805347e+01 -1.640000e+01
     vertex -1.962728e+01 -2.165537e+01 -1.000000e+01
   endloop
 endfacet
 facet normal -6.109099e-01 -6.109099e-01 -5.035655e-01
   outer loop
     vertex -2.165537e+01 -1.962728e+01 -1.000000e+01
     vertex -1.962728e+01 -2.165537e+01 -1.000000e+01
     vertex -2.327904e+01 -2.327904e+01 -3.600000e+00
   endloop
 endfacet
 facet normal -6.431464e-01 -5.766923e-01 -5.037744e-01
   outer loop
     vertex -2.165537e+01 -1.962728e+01 -1.000000e+01
     vertex -1.967402e+01 -1.624617e+01 -1.640000e+01
     vertex -1.805347e+01 -1.805347e+01 -1.640000e+01
   endloop
 endfacet
 facet normal -6.408718e-01 -5.853813e-01 -4.966005e-01
   outer loop
     vertex -2.165537e+01 -1.962728e+01 -1.000000e+01
     vertex -2.327904e+01 -2.327904e+01 -3.600000e+00
     vertex -2.551065e+01 -2.083590e+01 -3.600000e+00
   endloop
 endfacet
 facet normal -6.670852e-01 -5.474815e-01 -5.052339e-01
   outer loop
     vertex -2.347495e+01 -1.741019e+01 -1.000000e+01
     vertex -2.165537e+01 -1.962728e+01 -1.000000e+01
     vertex -2.551065e+01 -2.083590e+01 -3.600000e+00
   endloop
 endfacet
 facet normal -6.702731e-01 -5.500979e-01 -4.981227e-01
   outer loop
     vertex -2.347495e+01 -1.741019e+01 -1.000000e+01
     vertex -1.967402e+01 -1.624617e+01 -1.640000e+01
     vertex -2.165537e+01 -1.962728e+01 -1.000000e+01
   endloop
 endfacet
 facet normal -6.920148e-01 -5.214343e-01 -4.992212e-01
   outer loop
     vertex -2.347495e+01 -1.741019e+01 -1.000000e+01
     vertex -2.551065e+01 -2.083590e+01 -3.600000e+00
     vertex -2.746476e+01 -1.824252e+01 -3.600000e+00
   endloop
 endfacet
 facet normal -6.975694e-01 -5.068418e-01 -5.064665e-01
   outer loop
     vertex -2.347495e+01 -1.741019e+01 -1.000000e+01
     vertex -2.113727e+01 -1.423230e+01 -1.640000e+01
     vertex -1.967402e+01 -1.624617e+01 -1.640000e+01
   endloop
 endfacet
 facet normal -7.193776e-01 -4.806792e-01 -5.014413e-01
   outer loop
     vertex -2.506841e+01 -1.502543e+01 -1.000000e+01
     vertex -2.113727e+01 -1.423230e+01 -1.640000e+01
     vertex -2.347495e+01 -1.741019e+01 -1.000000e+01
   endloop
 endfacet
 facet normal -7.387039e-01 -4.492986e-01 -5.024413e-01
   outer loop
     vertex -2.506841e+01 -1.502543e+01 -1.000000e+01
     vertex -2.746476e+01 -1.824252e+01 -3.600000e+00
     vertex -2.912970e+01 -1.550515e+01 -3.600000e+00
   endloop
 endfacet
 facet normal -7.416431e-01 -4.361974e-01 -5.096052e-01
   outer loop
     vertex -2.506841e+01 -1.502543e+01 -1.000000e+01
     vertex -2.242116e+01 -1.204936e+01 -1.640000e+01
     vertex -2.113727e+01 -1.423230e+01 -1.640000e+01
   endloop
 endfacet
 facet normal -7.159293e-01 -4.783751e-01 -5.085297e-01
   outer loop
     vertex -2.506841e+01 -1.502543e+01 -1.000000e+01
     vertex -2.347495e+01 -1.741019e+01 -1.000000e+01
     vertex -2.746476e+01 -1.824252e+01 -3.600000e+00
   endloop
 endfacet
 facet normal -7.778891e-01 -3.649607e-01 -5.115586e-01
   outer loop
     vertex -2.642044e+01 -1.249593e+01 -1.000000e+01
     vertex -2.350623e+01 -9.736600e+00 -1.640000e+01
     vertex -2.242116e+01 -1.204936e+01 -1.640000e+01
   endloop
 endfacet
 facet normal -7.615685e-01 -4.070595e-01 -5.042975e-01
   outer loop
     vertex -2.642044e+01 -1.249593e+01 -1.000000e+01
     vertex -2.242116e+01 -1.204936e+01 -1.640000e+01
     vertex -2.506841e+01 -1.502543e+01 -1.000000e+01
   endloop
 endfacet
 facet normal -7.579171e-01 -4.051079e-01 -5.113211e-01
   outer loop
     vertex -2.642044e+01 -1.249593e+01 -1.000000e+01
     vertex -2.506841e+01 -1.502543e+01 -1.000000e+01
     vertex -2.912970e+01 -1.550515e+01 -3.600000e+00
   endloop
 endfacet
 facet normal -7.795611e-01 -3.711458e-01 -5.045149e-01
   outer loop
     vertex -2.642044e+01 -1.249593e+01 -1.000000e+01
     vertex -2.912970e+01 -1.550515e+01 -3.600000e+00
     vertex -3.049739e+01 -1.263243e+01 -3.600000e+00
   endloop
 endfacet
 facet normal -7.933745e-01 -3.286265e-01 -5.124075e-01
   outer loop
     vertex -2.751803e+01 -9.846113e+00 -1.000000e+01
     vertex -2.642044e+01 -1.249593e+01 -1.000000e+01
     vertex -3.049739e+01 -1.263243e+01 -3.600000e+00
   endloop
 endfacet
 facet normal -7.972137e-01 -3.302167e-01 -5.053783e-01
   outer loop
     vertex -2.751803e+01 -9.846113e+00 -1.000000e+01
     vertex -2.350623e+01 -9.736600e+00 -1.640000e+01
     vertex -2.642044e+01 -1.249593e+01 -1.000000e+01
   endloop
 endfacet
 facet normal -8.136727e-01 -2.887932e-01 -5.045149e-01
   outer loop
     vertex -2.751803e+01 -9.846113e+00 -1.000000e+01
     vertex -3.049739e+01 -1.263243e+01 -3.600000e+00
     vertex -3.156160e+01 -9.634010e+00 -3.600000e+00
   endloop
 endfacet
 facet normal -8.081168e-01 -2.919845e-01 -5.115586e-01
   outer loop
     vertex -2.751803e+01 -9.846113e+00 -1.000000e+01
     vertex -2.437434e+01 -7.333969e+00 -1.640000e+01
     vertex -2.350623e+01 -9.736600e+00 -1.640000e+01
   endloop
 endfacet
 facet normal -8.263448e-01 -2.506757e-01 -5.042975e-01
   outer loop
     vertex -2.835063e+01 -7.101458e+00 -1.000000e+01
     vertex -2.437434e+01 -7.333969e+00 -1.640000e+01
     vertex -2.751803e+01 -9.846113e+00 -1.000000e+01
   endloop
 endfacet
 facet normal -8.223828e-01 -2.494738e-01 -5.113211e-01
   outer loop
     vertex -2.835063e+01 -7.101458e+00 -1.000000e+01
     vertex -2.751803e+01 -9.846113e+00 -1.000000e+01
     vertex -3.156160e+01 -9.634010e+00 -3.600000e+00
   endloop
 endfacet
 facet normal -8.328590e-01 -2.159827e-01 -5.096052e-01
   outer loop
     vertex -2.835063e+01 -7.101458e+00 -1.000000e+01
     vertex -2.501006e+01 -4.882551e+00 -1.640000e+01
     vertex -2.437434e+01 -7.333969e+00 -1.640000e+01
   endloop
 endfacet
 facet normal -8.400447e-01 -2.046405e-01 -5.024413e-01
   outer loop
     vertex -2.835063e+01 -7.101458e+00 -1.000000e+01
     vertex -3.156160e+01 -9.634010e+00 -3.600000e+00
     vertex -3.231993e+01 -6.521108e+00 -3.600000e+00
   endloop
 endfacet
 facet normal -8.445008e-01 -1.679762e-01 -5.085297e-01
   outer loop
     vertex -2.891016e+01 -4.288437e+00 -1.000000e+01
     vertex -2.835063e+01 -7.101458e+00 -1.000000e+01
     vertex -3.231993e+01 -6.521108e+00 -3.600000e+00
   endloop
 endfacet
 facet normal -8.580381e-01 -1.206187e-01 -4.992212e-01
   outer loop
     vertex -2.891016e+01 -4.288437e+00 -1.000000e+01
     vertex -3.231993e+01 -6.521108e+00 -3.600000e+00
     vertex -3.277196e+01 -3.305549e+00 -3.600000e+00
   endloop
 endfacet
 facet normal -8.485683e-01 -1.687852e-01 -5.014413e-01
   outer loop
     vertex -2.891016e+01 -4.288437e+00 -1.000000e+01
     vertex -2.501006e+01 -4.882551e+00 -1.640000e+01
     vertex -2.835063e+01 -7.101458e+00 -1.000000e+01
   endloop
 endfacet
 facet normal -8.516473e-01 -1.348648e-01 -5.064665e-01
   outer loop
     vertex -2.891016e+01 -4.288437e+00 -1.000000e+01
     vertex -2.539941e+01 -2.423859e+00 -1.640000e+01
     vertex -2.501006e+01 -4.882551e+00 -1.640000e+01
   endloop
 endfacet
 facet normal -8.588284e-01 -8.457257e-02 -5.052339e-01
   outer loop
     vertex -2.919124e+01 -1.434076e+00 -1.000000e+01
     vertex -2.891016e+01 -4.288437e+00 -1.000000e+01
     vertex -3.277196e+01 -3.305549e+00 -3.600000e+00
   endloop
 endfacet
 facet normal -8.629326e-01 -8.497673e-02 -4.981227e-01
   outer loop
     vertex -2.919124e+01 -1.434076e+00 -1.000000e+01
     vertex -2.539941e+01 -2.423859e+00 -1.640000e+01
     vertex -2.891016e+01 -4.288437e+00 -1.000000e+01
   endloop
 endfacet
 facet normal -8.670919e-01 -3.923773e-02 -4.966005e-01
   outer loop
     vertex -2.919124e+01 -1.434076e+00 -1.000000e+01
     vertex -3.277196e+01 -3.305549e+00 -3.600000e+00
     vertex -3.292154e+01  0.000000e+00 -3.600000e+00
   endloop
 endfacet
 facet normal -8.625562e-01 -4.699017e-02 -5.037744e-01
   outer loop
     vertex -2.919124e+01 -1.434076e+00 -1.000000e+01
     vertex -2.553146e+01  4.440892e-16 -1.640000e+01
     vertex -2.539941e+01 -2.423859e+00 -1.640000e+01
   endloop
 endfacet
 facet normal -8.639571e-01  1.345312e-16 -5.035655e-01
   outer loop
     vertex -2.919124e+01  1.434076e+00 -1.000000e+01
     vertex -2.919124e+01 -1.434076e+00 -1.000000e+01
     vertex -3.292154e+01  0.000000e+00 -3.600000e+00
   endloop
 endfacet
 facet normal -8.680888e-01  1.529462e-16 -4.964089e-01
   outer loop
     vertex -2.919124e+01  1.434076e+00 -1.000000e+01
     vertex -2.553146e+01  4.440892e-16 -1.640000e+01
     vertex -2.919124e+01 -1.434076e+00 -1.000000e+01
   endloop
 endfacet
 facet normal -8.670919e-01  3.923773e-02 -4.966005e-01
   outer loop
     vertex -2.919124e+01  1.434076e+00 -1.000000e+01
     vertex -3.292154e+01  0.000000e+00 -3.600000e+00
     vertex -3.277196e+01  3.305549e+00 -3.600000e+00
   endloop
 endfacet
 facet normal -8.625562e-01  4.699017e-02 -5.037744e-01
   outer loop
     vertex -2.919124e+01  1.434076e+00 -1.000000e+01
     vertex -2.539941e+01  2.423859e+00 -1.640000e+01
     vertex -2.553146e+01  4.440892e-16 -1.640000e+01
   endloop
 endfacet
 facet normal -8.580381e-01  1.206187e-01 -4.992212e-01
   outer loop
     vertex -2.891016e+01  4.288437e+00 -1.000000e+01
     vertex -3.277196e+01  3.305549e+00 -3.600000e+00
     vertex -3.231993e+01  6.521108e+00 -3.600000e+00
   endloop
 endfacet
 facet normal -8.588284e-01  8.457257e-02 -5.052339e-01
   outer loop
     vertex -2.891016e+01  4.288437e+00 -1.000000e+01
     vertex -2.919124e+01  1.434076e+00 -1.000000e+01
     vertex -3.277196e+01  3.305549e+00 -3.600000e+00
   endloop
 endfacet
 facet normal -8.629326e-01  8.497673e-02 -4.981227e-01
   outer loop
     vertex -2.891016e+01  4.288437e+00 -1.000000e+01
     vertex -2.539941e+01  2.423859e+00 -1.640000e+01
     vertex -2.919124e+01  1.434076e+00 -1.000000e+01
   endloop
 endfacet
 facet normal -8.516473e-01  1.348648e-01 -5.064665e-01
   outer loop
     vertex -2.891016e+01  4.288437e+00 -1.000000e+01
     vertex -2.501006e+01  4.882551e+00 -1.640000e+01
     vertex -2.539941e+01  2.423859e+00 -1.640000e+01
   endloop
 endfacet
 facet normal -8.445008e-01  1.679762e-01 -5.085297e-01
   outer loop
     vertex -2.835063e+01  7.101458e+00 -1.000000e+01
     vertex -2.891016e+01  4.288437e+00 -1.000000e+01
     vertex -3.231993e+01  6.521108e+00 -3.600000e+00
   endloop
 endfacet
 facet normal -8.485683e-01  1.687852e-01 -5.014413e-01
   outer loop
     vertex -2.835063e+01  7.101458e+00 -1.000000e+01
     vertex -2.501006e+01  4.882551e+00 -1.640000e+01
     vertex -2.891016e+01  4.288437e+00 -1.000000e+01
   endloop
 endfacet
 facet normal -8.328590e-01  2.159827e-01 -5.096052e-01
   outer loop
     vertex -2.835063e+01  7.101458e+00 -1.000000e+01
     vertex -2.437434e+01  7.333969e+00 -1.640000e+01
     vertex -2.501006e+01  4.882551e+00 -1.640000e+01
   endloop
 endfacet
 facet normal -8.400447e-01  2.046405e-01 -5.024413e-01
   outer loop
     vertex -2.835063e+01  7.101458e+00 -1.000000e+01
     vertex -3.231993e+01  6.521108e+00 -3.600000e+00
     vertex -3.156160e+01  9.634010e+00 -3.600000e+00
   endloop
 endfacet
 facet normal -8.136727e-01  2.887932e-01 -5.045149e-01
   outer loop
     vertex -2.751803e+01  9.846113e+00 -1.000000e+01
     vertex -3.156160e+01  9.634010e+00 -3.600000e+00
     vertex -3.049739e+01  1.263243e+01 -3.600000e+00
   endloop
 endfacet
 facet normal -8.263448e-01  2.506757e-01 -5.042975e-01
   outer loop
     vertex -2.751803e+01  9.846113e+00 -1.000000e+01
     vertex -2.437434e+01  7.333969e+00 -1.640000e+01
     vertex -2.835063e+01  7.101458e+00 -1.000000e+01
   endloop
 endfacet
 facet normal -8.223828e-01  2.494738e-01 -5.113211e-01
   outer loop
     vertex -2.751803e+01  9.846113e+00 -1.000000e+01
     vertex -2.835063e+01  7.101458e+00 -1.000000e+01
     vertex -3.156160e+01  9.634010e+00 -3.600000e+00
   endloop
 endfacet
 facet normal -8.081168e-01  2.919845e-01 -5.115586e-01
   outer loop
     vertex -2.751803e+01  9.846113e+00 -1.000000e+01
     vertex -2.350623e+01  9.736600e+00 -1.640000e+01
     vertex -2.437434e+01  7.333969e+00 -1.640000e+01
   endloop
 endfacet
 facet normal -7.778891e-01  3.649607e-01 -5.115586e-01
   outer loop
     vertex -2.642044e+01  1.249593e+01 -1.000000e+01
     vertex -2.242116e+01  1.204936e+01 -1.640000e+01
     vertex -2.350623e+01  9.736600e+00 -1.640000e+01
   endloop
 endfacet
 facet normal -7.972137e-01  3.302167e-01 -5.053783e-01
   outer loop
     vertex -2.642044e+01  1.249593e+01 -1.000000e+01
     vertex -2.350623e+01  9.736600e+00 -1.640000e+01
     vertex -2.751803e+01  9.846113e+00 -1.000000e+01
   endloop
 endfacet
 facet normal -7.933745e-01  3.286265e-01 -5.124075e-01
   outer loop
     vertex -2.642044e+01  1.249593e+01 -1.000000e+01
     vertex -2.751803e+01  9.846113e+00 -1.000000e+01
     vertex -3.049739e+01  1.263243e+01 -3.600000e+00
   endloop
 endfacet
 facet normal -7.795611e-01  3.711458e-01 -5.045149e-01
   outer loop
     vertex -2.642044e+01  1.249593e+01 -1.000000e+01
     vertex -3.049739e+01  1.263243e+01 -3.600000e+00
     vertex -2.912970e+01  1.550515e+01 -3.600000e+00
   endloop
 endfacet
 facet normal -7.387039e-01  4.492986e-01 -5.024413e-01
   outer loop
     vertex -2.506841e+01  1.502543e+01 -1.000000e+01
     vertex -2.912970e+01  1.550515e+01 -3.600000e+00
     vertex -2.746476e+01  1.824252e+01 -3.600000e+00
   endloop
 endfacet
 facet normal -7.579171e-01  4.051079e-01 -5.113211e-01
   outer loop
     vertex -2.506841e+01  1.502543e+01 -1.000000e+01
     vertex -2.642044e+01  1.249593e+01 -1.000000e+01
     vertex -2.912970e+01  1.550515e+01 -3.600000e+00
   endloop
 endfacet
 facet normal -7.615685e-01  4.070595e-01 -5.042975e-01
   outer loop
     vertex -2.506841e+01  1.502543e+01 -1.000000e+01
     vertex -2.242116e+01  1.204936e+01 -1.640000e+01
     vertex -2.642044e+01  1.249593e+01 -1.000000e+01
   endloop
 endfacet
 facet normal -7.416431e-01  4.361974e-01 -5.096052e-01
   outer loop
     vertex -2.506841e+01  1.502543e+01 -1.000000e+01
     vertex -2.113727e+01  1.423230e+01 -1.640000e+01
     vertex -2.242116e+01  1.204936e+01 -1.640000e+01
   endloop
 endfacet
 facet normal -6.920148e-01  5.214343e-01 -4.992212e-01
   outer loop
     vertex -2.347495e+01  1.741019e+01 -1.000000e+01
     vertex -2.746476e+01  1.824252e+01 -3.600000e+00
     vertex -2.551065e+01  2.083590e+01 -3.600000e+00
   endloop
 endfacet
 facet normal -7.159293e-01  4.783751e-01 -5.085297e-01
   outer loop
     vertex -2.347495e+01  1.741019e+01 -1.000000e+01
     vertex -2.506841e+01  1.502543e+01 -1.000000e+01
     vertex -2.746476e+01  1.824252e+01 -3.600000e+00
   endloop
 endfacet
 facet normal -7.193776e-01  4.806792e-01 -5.014413e-01
   outer loop
     vertex -2.347495e+01  1.741019e+01 -1.000000e+01
     vertex -2.113727e+01  1.423230e+01 -1.640000e+01
     vertex -2.506841e+01  1.502543e+01 -1.000000e+01
   endloop
 endfacet
 facet normal -6.975694e-01  5.068418e-01 -5.064665e-01
   outer loop
     vertex -2.347495e+01  1.741019e+01 -1.000000e+01
     vertex -1.967402e+01  1.624617e+01 -1.640000e+01
     vertex -2.113727e+01  1.423230e+01 -1.640000e+01
   endloop
 endfacet
 facet normal -6.670852e-01  5.474815e-01 -5.052339e-01
   outer loop
     vertex -2.165537e+01  1.962728e+01 -1.000000e+01
     vertex -2.347495e+01  1.741019e+01 -1.000000e+01
     vertex -2.551065e+01  2.083590e+01 -3.600000e+00
   endloop
 endfacet
 facet normal -6.408718e-01  5.853813e-01 -4.966005e-01
   outer loop
     vertex -2.165537e+01  1.962728e+01 -1.000000e+01
     vertex -2.551065e+01  2.083590e+01 -3.600000e+00
     vertex -2.327904e+01  2.327904e+01 -3.600000e+00
   endloop
 endfacet
 facet normal -6.431464e-01  5.766923e-01 -5.037744e-01
   outer loop
     vertex -2.165537e+01  1.962728e+01 -1.000000e+01
     vertex -1.805347e+01  1.805347e+01 -1.640000e+01
     vertex -1.967402e+01  1.624617e+01 -1.640000e+01
   endloop
 endfacet
 facet normal -6.702731e-01  5.500979e-01 -4.981227e-01
   outer loop
     vertex -2.165537e+01  1.962728e+01 -1.000000e+01
     vertex -1.967402e+01  1.624617e+01 -1.640000e+01
     vertex -2.347495e+01  1.741019e+01 -1.000000e+01
   endloop
 endfacet
 facet normal -5.766923e-01  6.431464e-01 -5.037744e-01
   outer loop
     vertex -1.962728e+01  2.165537e+01 -1.000000e+01
     vertex -1.624617e+01  1.967402e+01 -1.640000e+01
     vertex -1.805347e+01  1.805347e+01 -1.640000e+01
   endloop
 endfacet
 facet normal -6.138315e-01  6.138315e-01 -4.964089e-01
   outer loop
     vertex -1.962728e+01  2.165537e+01 -1.000000e+01
     vertex -1.805347e+01  1.805347e+01 -1.640000e+01
     vertex -2.165537e+01  1.962728e+01 -1.000000e+01
   endloop
 endfacet
 facet normal -6.109099e-01  6.109099e-01 -5.035655e-01
   outer loop
     vertex -1.962728e+01  2.165537e+01 -1.000000e+01
     vertex -2.165537e+01  1.962728e+01 -1.000000e+01
     vertex -2.327904e+01  2.327904e+01 -3.600000e+00
   endloop
 endfacet
 facet normal -5.853813e-01  6.408718e-01 -4.966005e-01
   outer loop
     vertex -1.962728e+01  2.165537e+01 -1.000000e+01
     vertex -2.327904e+01  2.327904e+01 -3.600000e+00
     vertex -2.083590e+01  2.551065e+01 -3.600000e+00
   endloop
 endfacet
 facet normal -5.214343e-01  6.920148e-01 -4.992212e-01
   outer loop
     vertex -1.741019e+01  2.347495e+01 -1.000000e+01
     vertex -2.083590e+01  2.551065e+01 -3.600000e+00
     vertex -1.824252e+01  2.746476e+01 -3.600000e+00
   endloop
 endfacet
 facet normal -5.474815e-01  6.670852e-01 -5.052339e-01
   outer loop
     vertex -1.741019e+01  2.347495e+01 -1.000000e+01
     vertex -1.962728e+01  2.165537e+01 -1.000000e+01
     vertex -2.083590e+01  2.551065e+01 -3.600000e+00
   endloop
 endfacet
 facet normal -5.068418e-01  6.975694e-01 -5.064665e-01
   outer loop
     vertex -1.741019e+01  2.347495e+01 -1.000000e+01
     vertex -1.423230e+01  2.113727e+01 -1.640000e+01
     vertex -1.624617e+01  1.967402e+01 -1.640000e+01
   endloop
 endfacet
 facet normal -5.500979e-01  6.702731e-01 -4.981227e-01
   outer loop
     vertex -1.741019e+01  2.347495e+01 -1.000000e+01
     vertex -1.624617e+01  1.967402e+01 -1.640000e+01
     vertex -1.962728e+01  2.165537e+01 -1.000000e+01
   endloop
 endfacet
 facet normal -4.492986e-01  7.387039e-01 -5.024413e-01
   outer loop
     vertex -1.502543e+01  2.506841e+01 -1.000000e+01
     vertex -1.824252e+01  2.746476e+01 -3.600000e+00
     vertex -1.550515e+01  2.912970e+01 -3.600000e+00
   endloop
 endfacet
 facet normal -4.783751e-01  7.159293e-01 -5.085297e-01
   outer loop
     vertex -1.502543e+01  2.506841e+01 -1.000000e+01
     vertex -1.741019e+01  2.347495e+01 -1.000000e+01
     vertex -1.824252e+01  2.746476e+01 -3.600000e+00
   endloop
 endfacet
 facet normal -4.806792e-01  7.193776e-01 -5.014413e-01
   outer loop
     vertex -1.502543e+01  2.506841e+01 -1.000000e+01
     vertex -1.423230e+01  2.113727e+01 -1.640000e+01
     vertex -1.741019e+01  2.347495e+01 -1.000000e+01
   endloop
 endfacet
 facet normal -4.361974e-01  7.416431e-01 -5.096052e-01
   outer loop
     vertex -1.502543e+01  2.506841e+01 -1.000000e+01
     vertex -1.204936e+01  2.242116e+01 -1.640000e+01
     vertex -1.423230e+01  2.113727e+01 -1.640000e+01
   endloop
 endfacet
 facet normal -4.051079e-01  7.579171e-01 -5.113211e-01
   outer loop
     vertex -1.249593e+01  2.642044e+01 -1.000000e+01
     vertex -1.502543e+01  2.506841e+01 -1.000000e+01
     vertex -1.550515e+01  2.912970e+01 -3.600000e+00
   endloop
 endfacet
 facet normal -4.070595e-01  7.615685e-01 -5.042975e-01
   outer loop
     vertex -1.249593e+01  2.642044e+01 -1.000000e+01
     vertex -1.204936e+01  2.242116e+01 -1.640000e+01
     vertex -1.502543e+01  2.506841e+01 -1.000000e+01
   endloop
 endfacet
 facet normal -3.711458e-01  7.795611e-01 -5.045149e-01
   outer loop
     vertex -1.249593e+01  2.642044e+01 -1.000000e+01
     vertex -1.550515e+01  2.912970e+01 -3.600000e+00
     vertex -1.263243e+01  3.049739e+01 -3.600000e+00
   endloop
 endfacet
 facet normal -3.286265e-01  7.933745e-01 -5.124075e-01
   outer loop
     vertex -9.846113e+00  2.751803e+01 -1.000000e+01
     vertex -1.249593e+01  2.642044e+01 -1.000000e+01
     vertex -1.263243e+01  3.049739e+01 -3.600000e+00
   endloop
 endfacet
 facet normal -2.887932e-01  8.136727e-01 -5.045149e-01
   outer loop
     vertex -9.846113e+00  2.751803e+01 -1.000000e+01
     vertex -1.263243e+01  3.049739e+01 -3.600000e+00
     vertex -9.634010e+00  3.156160e+01 -3.600000e+00
   endloop
 endfacet
 facet normal -2.046405e-01  8.400447e-01 -5.024413e-01
   outer loop
     vertex -7.101458e+00  2.835063e+01 -1.000000e+01
     vertex -9.634010e+00  3.156160e+01 -3.600000e+00
     vertex -6.521108e+00  3.231993e+01 -3.600000e+00
   endloop
 endfacet
 facet normal -2.494738e-01  8.223828e-01 -5.113211e-01
   outer loop
     vertex -7.101458e+00  2.835063e+01 -1.000000e+01
     vertex -9.846113e+00  2.751803e+01 -1.000000e+01
     vertex -9.634010e+00  3.156160e+01 -3.600000e+00
   endloop
 endfacet
 facet normal -1.204198e-01  8.566232e-01 -5.016928e-01
   outer loop
     vertex -2.927373e+00  2.960971e+01 -9.090191e+00
     vertex -6.521108e+00  3.231993e+01 -3.600000e+00
     vertex -3.305549e+00  3.277196e+01 -3.600000e+00
   endloop
 endfacet
 facet normal -1.437972e-01  8.467812e-01 -5.121366e-01
   outer loop
     vertex -2.927373e+00  2.960971e+01 -9.090191e+00
     vertex -7.101458e+00  2.835063e+01 -1.000000e+01
     vertex -6.521108e+00  3.231993e+01 -3.600000e+00
   endloop
 endfacet
 facet normal -3.868523e-02  8.675610e-01 -4.958240e-01
   outer loop
     vertex -1.466651e+00  2.971623e+01 -9.090191e+00
     vertex -3.305549e+00  3.277196e+01 -3.600000e+00
     vertex -1.305925e-16  3.270526e+01 -3.974610e+00
   endloop
 endfacet
 facet normal -2.098557e-02  8.658347e-01 -4.998899e-01
   outer loop
     vertex -1.466651e+00  2.971623e+01 -9.090191e+00
     vertex -1.305925e-16  3.270526e+01 -3.974610e+00
     vertex -5.791095e-17  2.658201e+01 -1.458038e+01
   endloop
 endfacet
 facet normal -6.292423e-02  8.629411e-01 -5.013714e-01
   outer loop
     vertex -1.466651e+00  2.971623e+01 -9.090191e+00
     vertex -2.927373e+00  2.960971e+01 -9.090191e+00
     vertex -3.305549e+00  3.277196e+01 -3.600000e+00
   endloop
 endfacet
 facet normal -3.314118e-02  8.650740e-01 -5.005483e-01
   outer loop
     vertex -2.486528e+00  2.592344e+01 -1.549019e+01
     vertex -3.096581e-18  2.514868e+01 -1.699381e+01
     vertex -2.423859e+00  2.539941e+01 -1.640000e+01
   endloop
 endfacet
 facet normal -4.084980e-02  8.590805e-01 -5.102078e-01
   outer loop
     vertex -2.486528e+00  2.592344e+01 -1.549019e+01
     vertex -5.791095e-17  2.658201e+01 -1.458038e+01
     vertex -3.096581e-18  2.514868e+01 -1.699381e+01
   endloop
 endfacet
 facet normal -1.353180e-01  8.545089e-01 -5.015012e-01
   outer loop
     vertex -2.486528e+00  2.592344e+01 -1.549019e+01
     vertex -2.423859e+00  2.539941e+01 -1.640000e+01
     vertex -4.882551e+00  2.501006e+01 -1.640000e+01
   endloop
 endfacet
 facet normal -4.032772e-02 -8.598538e-01 -5.089450e-01
   outer loop
     vertex -3.668879e+00 -3.141829e+01 -5.858203e+00
     vertex  0.000000e+00 -3.270526e+01 -3.974610e+00
     vertex -3.305549e+00 -3.277196e+01 -3.600000e+00
   endloop
 endfacet
 facet normal -1.208763e-01 -8.598706e-01 -4.959954e-01
   outer loop
     vertex -3.668879e+00 -3.141829e+01 -5.858203e+00
     vertex -3.305549e+00 -3.277196e+01 -3.600000e+00
     vertex -6.521108e+00 -3.231993e+01 -3.600000e+00
   endloop
 endfacet
 facet normal -3.902460e-02 -8.588251e-01 -5.107804e-01
   outer loop
     vertex -3.832188e+00 -3.073935e+01 -6.987305e+00
     vertex  0.000000e+00 -3.270526e+01 -3.974610e+00
     vertex -3.668879e+00 -3.141829e+01 -5.858203e+00
   endloop
 endfacet
 facet normal -1.230941e-01 -8.582981e-01 -4.981688e-01
   outer loop
     vertex -5.361500e+00 -3.062891e+01 -6.800000e+00
     vertex -3.668879e+00 -3.141829e+01 -5.858203e+00
     vertex -6.521108e+00 -3.231993e+01 -3.600000e+00
   endloop
 endfacet
 facet normal -1.230045e-01 -8.582439e-01 -4.982844e-01
   outer loop
     vertex -5.361500e+00 -3.062891e+01 -6.800000e+00
     vertex -3.832188e+00 -3.073935e+01 -6.987305e+00
     vertex -3.668879e+00 -3.141829e+01 -5.858203e+00
   endloop
 endfacet
 facet normal -1.243959e-01 -8.475317e-01 -5.159608e-01
   outer loop
     vertex -2.416429e+00 -2.940630e+01 -9.518331e+00
     vertex -3.832188e+00 -3.073935e+01 -6.987305e+00
     vertex -5.361500e+00 -3.062891e+01 -6.800000e+00
   endloop
 endfacet
 facet normal -3.520299e-02 -8.654886e-01 -4.996901e-01
   outer loop
     vertex -2.416429e+00 -2.940630e+01 -9.518331e+00
     vertex  0.000000e+00 -2.658201e+01 -1.458038e+01
     vertex  0.000000e+00 -3.270526e+01 -3.974610e+00
   endloop
 endfacet
 facet normal -5.972552e-02 -8.690439e-01 -4.911167e-01
   outer loop
     vertex -2.416429e+00 -2.940630e+01 -9.518331e+00
     vertex  0.000000e+00 -3.270526e+01 -3.974610e+00
     vertex -3.832188e+00 -3.073935e+01 -6.987305e+00
   endloop
 endfacet
 facet normal -1.354273e-01 -8.404335e-01 -5.247198e-01
   outer loop
     vertex -2.416429e+00 -2.940630e+01 -9.518331e+00
     vertex -5.361500e+00 -3.062891e+01 -6.800000e+00
     vertex -7.101458e+00 -2.835063e+01 -1.000000e+01
   endloop
 endfacet
 facet normal -6.380084e-02 -8.582268e-01 -5.092900e-01
   outer loop
     vertex -3.384151e+00 -2.768948e+01 -1.229019e+01
     vertex  0.000000e+00 -2.658201e+01 -1.458038e+01
     vertex -2.416429e+00 -2.940630e+01 -9.518331e+00
   endloop
 endfacet
 facet normal -1.447007e-01 -8.630148e-01 -4.840115e-01
   outer loop
     vertex -3.384151e+00 -2.768948e+01 -1.229019e+01
     vertex -2.416429e+00 -2.940630e+01 -9.518331e+00
     vertex -7.101458e+00 -2.835063e+01 -1.000000e+01
   endloop
 endfacet
 facet normal -4.929860e-02 -8.682166e-01 -4.937303e-01
   outer loop
     vertex -3.073843e+00 -2.710326e+01 -1.335686e+01
     vertex -2.486528e+00 -2.592344e+01 -1.549019e+01
     vertex  0.000000e+00 -2.658201e+01 -1.458038e+01
   endloop
 endfacet
 facet normal -1.320028e-01 -8.515955e-01 -5.073070e-01
   outer loop
     vertex -3.073843e+00 -2.710326e+01 -1.335686e+01
     vertex -4.882551e+00 -2.501006e+01 -1.640000e+01
     vertex -2.486528e+00 -2.592344e+01 -1.549019e+01
   endloop
 endfacet
 facet normal -4.835674e-02 -8.693402e-01 -4.918428e-01
   outer loop
     vertex -3.073843e+00 -2.710326e+01 -1.335686e+01
     vertex  0.000000e+00 -2.658201e+01 -1.458038e+01
     vertex -3.384151e+00 -2.768948e+01 -1.229019e+01
   endloop
 endfacet
 facet normal -1.418805e-01 -8.656167e-01 -4.801850e-01
   outer loop
     vertex -4.683650e+00 -2.722414e+01 -1.274510e+01
     vertex -3.384151e+00 -2.768948e+01 -1.229019e+01
     vertex -7.101458e+00 -2.835063e+01 -1.000000e+01
   endloop
 endfacet
 facet normal -1.282714e-01 -8.529069e-01 -5.060596e-01
   outer loop
     vertex -4.683650e+00 -2.722414e+01 -1.274510e+01
     vertex -3.073843e+00 -2.710326e+01 -1.335686e+01
     vertex -3.384151e+00 -2.768948e+01 -1.229019e+01
   endloop
 endfacet
 facet normal -1.293689e-01 -8.512199e-01 -5.086142e-01
   outer loop
     vertex -4.683650e+00 -2.722414e+01 -1.274510e+01
     vertex -4.882551e+00 -2.501006e+01 -1.640000e+01
     vertex -3.073843e+00 -2.710326e+01 -1.335686e+01
   endloop
 endfacet
 facet normal -1.530253e-01  8.595923e-01 -4.875288e-01
   outer loop
     vertex -4.683650e+00  2.722414e+01 -1.274510e+01
     vertex -7.101458e+00  2.835063e+01 -1.000000e+01
     vertex -2.927373e+00  2.960971e+01 -9.090191e+00
   endloop
 endfacet
 facet normal -1.313779e-01  8.510419e-01 -5.083970e-01
   outer loop
     vertex -4.683650e+00  2.722414e+01 -1.274510e+01
     vertex -2.486528e+00  2.592344e+01 -1.549019e+01
     vertex -4.882551e+00  2.501006e+01 -1.640000e+01
   endloop
 endfacet
 facet normal -2.491740e-01 -8.213946e-01 -5.130528e-01
   outer loop
     vertex -7.706483e+00 -2.916647e+01 -8.400000e+00
     vertex -9.846113e+00 -2.751803e+01 -1.000000e+01
     vertex -7.101458e+00 -2.835063e+01 -1.000000e+01
   endloop
 endfacet
 facet normal -1.852818e-01 -8.453252e-01 -5.010948e-01
   outer loop
     vertex -7.706483e+00 -2.916647e+01 -8.400000e+00
     vertex -7.101458e+00 -2.835063e+01 -1.000000e+01
     vertex -5.361500e+00 -3.062891e+01 -6.800000e+00
   endloop
 endfacet
 facet normal -1.899095e-01 -8.381963e-01 -5.112352e-01
   outer loop
     vertex -7.227792e+00 -2.748486e+01 -1.137255e+01
     vertex -4.683650e+00 -2.722414e+01 -1.274510e+01
     vertex -7.101458e+00 -2.835063e+01 -1.000000e+01
   endloop
 endfacet
 facet normal -2.514496e-01 -8.288960e-01 -4.997044e-01
   outer loop
     vertex -7.227792e+00 -2.748486e+01 -1.137255e+01
     vertex -7.101458e+00 -2.835063e+01 -1.000000e+01
     vertex -9.846113e+00 -2.751803e+01 -1.000000e+01
   endloop
 endfacet
 facet normal -1.899095e-01  8.381963e-01 -5.112352e-01
   outer loop
     vertex -7.227792e+00  2.748486e+01 -1.137255e+01
     vertex -7.101458e+00  2.835063e+01 -1.000000e+01
     vertex -4.683650e+00  2.722414e+01 -1.274510e+01
   endloop
 endfacet
 facet normal -2.514496e-01  8.288960e-01 -4.997044e-01
   outer loop
     vertex -7.227792e+00  2.748486e+01 -1.137255e+01
     vertex -9.846113e+00  2.751803e+01 -1.000000e+01
     vertex -7.101458e+00  2.835063e+01 -1.000000e+01
   endloop
 endfacet
 facet normal -1.153443e-01  8.562778e-01 -5.034720e-01
   outer loop
     vertex -2.284673e+00  2.700773e+01 -1.366274e+01
     vertex -4.683650e+00  2.722414e+01 -1.274510e+01
     vertex -2.927373e+00  2.960971e+01 -9.090191e+00
   endloop
 endfacet
 facet normal -4.286514e-02  8.612913e-01 -5.063002e-01
   outer loop
     vertex -2.284673e+00  2.700773e+01 -1.366274e+01
     vertex -5.791095e-17  2.658201e+01 -1.458038e+01
     vertex -2.486528e+00  2.592344e+01 -1.549019e+01
   endloop
 endfacet
 facet normal -4.152047e-02  8.628851e-01 -5.036917e-01
   outer loop
     vertex -2.284673e+00  2.700773e+01 -1.366274e+01
     vertex -1.466651e+00  2.971623e+01 -9.090191e+00
     vertex -5.791095e-17  2.658201e+01 -1.458038e+01
   endloop
 endfacet
 facet normal -6.297076e-02  8.635793e-01 -5.002655e-01
   outer loop
     vertex -2.284673e+00  2.700773e+01 -1.366274e+01
     vertex -2.927373e+00  2.960971e+01 -9.090191e+00
     vertex -1.466651e+00  2.971623e+01 -9.090191e+00
   endloop
 endfacet
 facet normal -1.128326e-01  8.599387e-01 -4.977692e-01
   outer loop
     vertex -2.284673e+00  2.700773e+01 -1.366274e+01
     vertex -2.486528e+00  2.592344e+01 -1.549019e+01
     vertex -4.683650e+00  2.722414e+01 -1.274510e+01
   endloop
 endfacet
 facet normal -3.392794e-01 -7.983674e-01 -4.974927e-01
   outer loop
     vertex -1.011663e+01 -2.992411e+01 -6.000000e+00
     vertex -1.550515e+01 -2.912970e+01 -3.600000e+00
     vertex -1.249593e+01 -2.642044e+01 -1.000000e+01
   endloop
 endfacet
 facet normal -2.068902e-01 -8.540052e-01 -4.773589e-01
   outer loop
     vertex -1.011663e+01 -2.992411e+01 -6.000000e+00
     vertex -7.706483e+00 -2.916647e+01 -8.400000e+00
     vertex -5.361500e+00 -3.062891e+01 -6.800000e+00
   endloop
 endfacet
 facet normal -3.577329e-01 -7.513884e-01 -5.544750e-01
   outer loop
     vertex -1.011663e+01 -2.992411e+01 -6.000000e+00
     vertex -1.263243e+01 -3.049739e+01 -3.600000e+00
     vertex -1.550515e+01 -2.912970e+01 -3.600000e+00
   endloop
 endfacet
 facet normal -3.308012e-01 -7.986249e-01 -5.027613e-01
   outer loop
     vertex -1.011663e+01 -2.992411e+01 -6.000000e+00
     vertex -1.249593e+01 -2.642044e+01 -1.000000e+01
     vertex -9.846113e+00 -2.751803e+01 -1.000000e+01
   endloop
 endfacet
 facet normal -2.015816e-01 -8.274879e-01 -5.240503e-01
   outer loop
     vertex -1.011663e+01 -2.992411e+01 -6.000000e+00
     vertex -6.521108e+00 -3.231993e+01 -3.600000e+00
     vertex -9.634010e+00 -3.156160e+01 -3.600000e+00
   endloop
 endfacet
 facet normal -2.898736e-01 -8.167166e-01 -4.989462e-01
   outer loop
     vertex -1.011663e+01 -2.992411e+01 -6.000000e+00
     vertex -9.634010e+00 -3.156160e+01 -3.600000e+00
     vertex -1.263243e+01 -3.049739e+01 -3.600000e+00
   endloop
 endfacet
 facet normal -2.098428e-01 -8.309980e-01 -5.151779e-01
   outer loop
     vertex -1.011663e+01 -2.992411e+01 -6.000000e+00
     vertex -5.361500e+00 -3.062891e+01 -6.800000e+00
     vertex -6.521108e+00 -3.231993e+01 -3.600000e+00
   endloop
 endfacet
 facet normal -2.508441e-01 -8.219330e-01 -5.113741e-01
   outer loop
     vertex -1.011663e+01 -2.992411e+01 -6.000000e+00
     vertex -9.846113e+00 -2.751803e+01 -1.000000e+01
     vertex -7.706483e+00 -2.916647e+01 -8.400000e+00
   endloop
 endfacet
 facet normal -3.327743e-01 -7.890991e-01 -5.163177e-01
   outer loop
     vertex -8.581345e+00 -2.552843e+01 -1.388627e+01
     vertex -1.249593e+01 -2.642044e+01 -1.000000e+01
     vertex -1.204936e+01 -2.242116e+01 -1.640000e+01
   endloop
 endfacet
 facet normal -2.913339e-01 -8.063160e-01 -5.147612e-01
   outer loop
     vertex -8.581345e+00 -2.552843e+01 -1.388627e+01
     vertex -9.736600e+00 -2.350623e+01 -1.640000e+01
     vertex -7.333969e+00 -2.437434e+01 -1.640000e+01
   endloop
 endfacet
 facet normal -2.198671e-01 -8.396303e-01 -4.966684e-01
   outer loop
     vertex -8.581345e+00 -2.552843e+01 -1.388627e+01
     vertex -4.882551e+00 -2.501006e+01 -1.640000e+01
     vertex -4.683650e+00 -2.722414e+01 -1.274510e+01
   endloop
 endfacet
 facet normal -2.023369e-01 -8.226546e-01 -5.313183e-01
   outer loop
     vertex -8.581345e+00 -2.552843e+01 -1.388627e+01
     vertex -4.683650e+00 -2.722414e+01 -1.274510e+01
     vertex -7.227792e+00 -2.748486e+01 -1.137255e+01
   endloop
 endfacet
 facet normal -2.181791e-01 -8.413283e-01 -4.945347e-01
   outer loop
     vertex -8.581345e+00 -2.552843e+01 -1.388627e+01
     vertex -7.333969e+00 -2.437434e+01 -1.640000e+01
     vertex -4.882551e+00 -2.501006e+01 -1.640000e+01
   endloop
 endfacet
 facet normal -2.542860e-01 -8.248013e-01 -5.050163e-01
   outer loop
     vertex -8.581345e+00 -2.552843e+01 -1.388627e+01
     vertex -7.227792e+00 -2.748486e+01 -1.137255e+01
     vertex -9.846113e+00 -2.751803e+01 -1.000000e+01
   endloop
 endfacet
 facet normal -3.285063e-01 -7.930844e-01 -5.129334e-01
   outer loop
     vertex -8.581345e+00 -2.552843e+01 -1.388627e+01
     vertex -9.846113e+00 -2.751803e+01 -1.000000e+01
     vertex -1.249593e+01 -2.642044e+01 -1.000000e+01
   endloop
 endfacet
 facet normal -3.748123e-01 -7.988872e-01 -4.704201e-01
   outer loop
     vertex -8.581345e+00 -2.552843e+01 -1.388627e+01
     vertex -1.204936e+01 -2.242116e+01 -1.640000e+01
     vertex -9.736600e+00 -2.350623e+01 -1.640000e+01
   endloop
 endfacet
 facet normal -3.327743e-01  7.890991e-01 -5.163177e-01
   outer loop
     vertex -8.581345e+00  2.552843e+01 -1.388627e+01
     vertex -1.204936e+01  2.242116e+01 -1.640000e+01
     vertex -1.249593e+01  2.642044e+01 -1.000000e+01
   endloop
 endfacet
 facet normal -2.542860e-01  8.248013e-01 -5.050163e-01
   outer loop
     vertex -8.581345e+00  2.552843e+01 -1.388627e+01
     vertex -9.846113e+00  2.751803e+01 -1.000000e+01
     vertex -7.227792e+00  2.748486e+01 -1.137255e+01
   endloop
 endfacet
 facet normal -2.913339e-01  8.063160e-01 -5.147612e-01
   outer loop
     vertex -8.581345e+00  2.552843e+01 -1.388627e+01
     vertex -7.333969e+00  2.437434e+01 -1.640000e+01
     vertex -9.736600e+00  2.350623e+01 -1.640000e+01
   endloop
 endfacet
 facet normal -3.748123e-01  7.988872e-01 -4.704201e-01
   outer loop
     vertex -8.581345e+00  2.552843e+01 -1.388627e+01
     vertex -9.736600e+00  2.350623e+01 -1.640000e+01
     vertex -1.204936e+01  2.242116e+01 -1.640000e+01
   endloop
 endfacet
 facet normal -3.285063e-01  7.930844e-01 -5.129334e-01
   outer loop
     vertex -8.581345e+00  2.552843e+01 -1.388627e+01
     vertex -1.249593e+01  2.642044e+01 -1.000000e+01
     vertex -9.846113e+00  2.751803e+01 -1.000000e+01
   endloop
 endfacet
 facet normal -2.181791e-01  8.413283e-01 -4.945347e-01
   outer loop
     vertex -8.581345e+00  2.552843e+01 -1.388627e+01
     vertex -4.882551e+00  2.501006e+01 -1.640000e+01
     vertex -7.333969e+00  2.437434e+01 -1.640000e+01
   endloop
 endfacet
 facet normal -2.023369e-01  8.226546e-01 -5.313183e-01
   outer loop
     vertex -8.581345e+00  2.552843e+01 -1.388627e+01
     vertex -7.227792e+00  2.748486e+01 -1.137255e+01
     vertex -4.683650e+00  2.722414e+01 -1.274510e+01
   endloop
 endfacet
 facet normal -2.198671e-01  8.396303e-01 -4.966684e-01
   outer loop
     vertex -8.581345e+00  2.552843e+01 -1.388627e+01
     vertex -4.683650e+00  2.722414e+01 -1.274510e+01
     vertex -4.882551e+00  2.501006e+01 -1.640000e+01
   endloop
 endfacet
 facet normal  5.870481e-03  1.161729e-01 -9.932117e-01
   outer loop
     vertex  3.945245e+00  3.895756e+01  0.000000e+00
     vertex  1.119717e-15  3.749443e+01 -1.944565e-01
     vertex  2.602085e-15  3.915692e+01  0.000000e+00
   endloop
 endfacet
 facet normal  4.667650e-03 -1.161736e-01 -9.932180e-01
   outer loop
     vertex -3.493530e-15 -3.749443e+01 -1.944565e-01
     vertex  3.138723e+00 -3.903081e+01  0.000000e+00
     vertex -7.372575e-15 -3.915692e+01  0.000000e+00
   endloop
 endfacet
 facet normal  2.209224e-02  3.406988e-01 -9.399129e-01
   outer loop
     vertex  3.695221e+00  3.710358e+01 -2.492771e-01
     vertex  2.825522e-16  3.594622e+01 -7.556518e-01
     vertex  1.119717e-15  3.749443e+01 -1.944565e-01
   endloop
 endfacet
 facet normal -5.999365e-04  1.333355e-01 -9.910708e-01
   outer loop
     vertex  3.695221e+00  3.710358e+01 -2.492771e-01
     vertex  1.119717e-15  3.749443e+01 -1.944565e-01
     vertex  3.945245e+00  3.895756e+01  0.000000e+00
   endloop
 endfacet
 facet normal  3.591726e-02  5.477852e-01 -8.358476e-01
   outer loop
     vertex  3.557153e+00  3.539394e+01 -9.647391e-01
     vertex -9.179153e-17  3.452856e+01 -1.684735e+00
     vertex  2.825522e-16  3.594622e+01 -7.556518e-01
   endloop
 endfacet
 facet normal  5.643954e-03  3.856518e-01 -9.226272e-01
   outer loop
     vertex  3.557153e+00  3.539394e+01 -9.647391e-01
     vertex  2.825522e-16  3.594622e+01 -7.556518e-01
     vertex  3.695221e+00  3.710358e+01 -2.492771e-01
   endloop
 endfacet
 facet normal  2.021264e-02  1.325403e-01 -9.909715e-01
   outer loop
     vertex  7.324342e+00  3.657846e+01 -2.492771e-01
     vertex  3.945245e+00  3.895756e+01  0.000000e+00
     vertex  7.850347e+00  3.836202e+01  0.000000e+00
   endloop
 endfacet
 facet normal  1.891569e-02  1.307261e-01 -9.912381e-01
   outer loop
     vertex  7.324342e+00  3.657846e+01 -2.492771e-01
     vertex  3.695221e+00  3.710358e+01 -2.492771e-01
     vertex  3.945245e+00  3.895756e+01  0.000000e+00
   endloop
 endfacet
 facet normal  4.388322e-02  7.200216e-01 -6.925628e-01
   outer loop
     vertex  3.426410e+00  3.392239e+01 -2.097831e+00
     vertex -1.616025e-16  3.346526e+01 -2.790196e+00
     vertex -9.179153e-17  3.452856e+01 -1.684735e+00
   endloop
 endfacet
 facet normal  1.222230e-02  6.093645e-01 -7.927960e-01
   outer loop
     vertex  3.426410e+00  3.392239e+01 -2.097831e+00
     vertex -9.179153e-17  3.452856e+01 -1.684735e+00
     vertex  3.557153e+00  3.539394e+01 -9.647391e-01
   endloop
 endfacet
 facet normal  5.550413e-02  3.835885e-01 -9.218347e-01
   outer loop
     vertex  7.026860e+00  3.490211e+01 -9.647391e-01
     vertex  3.695221e+00  3.710358e+01 -2.492771e-01
     vertex  7.324342e+00  3.657846e+01 -2.492771e-01
   endloop
 endfacet
 facet normal  5.411384e-02  3.817582e-01 -9.226768e-01
   outer loop
     vertex  7.026860e+00  3.490211e+01 -9.647391e-01
     vertex  3.557153e+00  3.539394e+01 -9.647391e-01
     vertex  3.695221e+00  3.710358e+01 -2.492771e-01
   endloop
 endfacet
 facet normal  4.417695e-02  8.408128e-01 -5.395204e-01
   outer loop
     vertex  3.305549e+00  3.277196e+01 -3.600000e+00
     vertex -1.305925e-16  3.270526e+01 -3.974610e+00
     vertex -1.616025e-16  3.346526e+01 -2.790196e+00
   endloop
 endfacet
 facet normal  1.720389e-02  7.931347e-01 -6.088033e-01
   outer loop
     vertex  3.305549e+00  3.277196e+01 -3.600000e+00
     vertex -1.616025e-16  3.346526e+01 -2.790196e+00
     vertex  3.426410e+00  3.392239e+01 -2.097831e+00
   endloop
 endfacet
 facet normal  3.193195e-02  1.291044e-01 -9.911168e-01
   outer loop
     vertex  1.086197e+01  3.570348e+01 -2.492771e-01
     vertex  7.324342e+00  3.657846e+01 -2.492771e-01
     vertex  7.850347e+00  3.836202e+01  0.000000e+00
   endloop
 endfacet
 facet normal  3.383824e-02  1.312317e-01 -9.907741e-01
   outer loop
     vertex  1.086197e+01  3.570348e+01 -2.492771e-01
     vertex  7.850347e+00  3.836202e+01  0.000000e+00
     vertex  1.167534e+01  3.737575e+01  0.000000e+00
   endloop
 endfacet
 facet normal  9.319507e-02  3.767978e-01 -9.215954e-01
   outer loop
     vertex  1.086197e+01  3.570348e+01 -2.492771e-01
     vertex  7.026860e+00  3.490211e+01 -9.647391e-01
     vertex  7.324342e+00  3.657846e+01 -2.492771e-01
   endloop
 endfacet
 facet normal  8.568241e-02  6.044657e-01 -7.920099e-01
   outer loop
     vertex  6.756018e+00  3.345585e+01 -2.097831e+00
     vertex  3.557153e+00  3.539394e+01 -9.647391e-01
     vertex  7.026860e+00  3.490211e+01 -9.647391e-01
   endloop
 endfacet
 facet normal  8.451591e-02  6.031843e-01 -7.931114e-01
   outer loop
     vertex  6.756018e+00  3.345585e+01 -2.097831e+00
     vertex  3.426410e+00  3.392239e+01 -2.097831e+00
     vertex  3.557153e+00  3.539394e+01 -9.647391e-01
   endloop
 endfacet
 facet normal  1.451429e-01  5.932098e-01 -7.918559e-01
   outer loop
     vertex  1.039243e+01  3.407865e+01 -9.647391e-01
     vertex  6.756018e+00  3.345585e+01 -2.097831e+00
     vertex  7.026860e+00  3.490211e+01 -9.647391e-01
   endloop
 endfacet
 facet normal  9.265989e-02  3.787079e-01 -9.208661e-01
   outer loop
     vertex  1.039243e+01  3.407865e+01 -9.647391e-01
     vertex  7.026860e+00  3.490211e+01 -9.647391e-01
     vertex  1.086197e+01  3.570348e+01 -2.492771e-01
   endloop
 endfacet
 facet normal  1.099137e-01  7.844465e-01 -6.103791e-01
   outer loop
     vertex  6.521108e+00  3.231993e+01 -3.600000e+00
     vertex  3.426410e+00  3.392239e+01 -2.097831e+00
     vertex  6.756018e+00  3.345585e+01 -2.097831e+00
   endloop
 endfacet
 facet normal  1.103191e-01  7.847704e-01 -6.098894e-01
   outer loop
     vertex  6.521108e+00  3.231993e+01 -3.600000e+00
     vertex  3.305549e+00  3.277196e+01 -3.600000e+00
     vertex  3.426410e+00  3.392239e+01 -2.097831e+00
   endloop
 endfacet
 facet normal  4.610302e-02  1.269875e-01 -9.908323e-01
   outer loop
     vertex  1.428365e+01  3.448378e+01 -2.492771e-01
     vertex  1.167534e+01  3.737575e+01  0.000000e+00
     vertex  1.502484e+01  3.615970e+01  0.000000e+00
   endloop
 endfacet
 facet normal  4.487834e-02  1.258997e-01 -9.910273e-01
   outer loop
     vertex  1.428365e+01  3.448378e+01 -2.492771e-01
     vertex  1.086197e+01  3.570348e+01 -2.492771e-01
     vertex  1.167534e+01  3.737575e+01  0.000000e+00
   endloop
 endfacet
 facet normal  1.310208e-01  3.675600e-01 -9.207243e-01
   outer loop
     vertex  1.428365e+01  3.448378e+01 -2.492771e-01
     vertex  1.039243e+01  3.407865e+01 -9.647391e-01
     vertex  1.086197e+01  3.570348e+01 -2.492771e-01
   endloop
 endfacet
 facet normal  1.446039e-01  5.946160e-01 -7.908992e-01
   outer loop
     vertex  9.976840e+00  3.267259e+01 -2.097831e+00
     vertex  6.756018e+00  3.345585e+01 -2.097831e+00
     vertex  1.039243e+01  3.407865e+01 -9.647391e-01
   endloop
 endfacet
 facet normal  1.308891e-01  3.683214e-01 -9.204387e-01
   outer loop
     vertex  1.363808e+01  3.292525e+01 -9.647391e-01
     vertex  1.039243e+01  3.407865e+01 -9.647391e-01
     vertex  1.428365e+01  3.448378e+01 -2.492771e-01
   endloop
 endfacet
 facet normal  1.869962e-01  7.689344e-01 -6.113692e-01
   outer loop
     vertex  9.634010e+00  3.156160e+01 -3.600000e+00
     vertex  6.756018e+00  3.345585e+01 -2.097831e+00
     vertex  9.976840e+00  3.267259e+01 -2.097831e+00
   endloop
 endfacet
 facet normal  1.873768e-01  7.691776e-01 -6.109466e-01
   outer loop
     vertex  9.634010e+00  3.156160e+01 -3.600000e+00
     vertex  6.521108e+00  3.231993e+01 -3.600000e+00
     vertex  6.756018e+00  3.345585e+01 -2.097831e+00
   endloop
 endfacet
 facet normal  5.810817e-02  1.220639e-01 -9.908198e-01
   outer loop
     vertex  1.756560e+01  3.292675e+01 -2.492771e-01
     vertex  1.502484e+01  3.615970e+01  0.000000e+00
     vertex  1.859154e+01  3.446179e+01  0.000000e+00
   endloop
 endfacet
 facet normal  5.779527e-02  1.218217e-01 -9.908679e-01
   outer loop
     vertex  1.756560e+01  3.292675e+01 -2.492771e-01
     vertex  1.428365e+01  3.448378e+01 -2.492771e-01
     vertex  1.502484e+01  3.615970e+01  0.000000e+00
   endloop
 endfacet
 facet normal  2.046276e-01  5.768175e-01 -7.908282e-01
   outer loop
     vertex  1.307777e+01  3.157252e+01 -2.097831e+00
     vertex  9.976840e+00  3.267259e+01 -2.097831e+00
     vertex  1.039243e+01  3.407865e+01 -9.647391e-01
   endloop
 endfacet
 facet normal  2.051028e-01  5.771585e-01 -7.904562e-01
   outer loop
     vertex  1.307777e+01  3.157252e+01 -2.097831e+00
     vertex  1.039243e+01  3.407865e+01 -9.647391e-01
     vertex  1.363808e+01  3.292525e+01 -9.647391e-01
   endloop
 endfacet
 facet normal  1.678900e-01  3.529951e-01 -9.204387e-01
   outer loop
     vertex  1.674868e+01  3.144580e+01 -9.647391e-01
     vertex  1.363808e+01  3.292525e+01 -9.647391e-01
     vertex  1.428365e+01  3.448378e+01 -2.492771e-01
   endloop
 endfacet
 facet normal  1.672585e-01  3.525499e-01 -9.207243e-01
   outer loop
     vertex  1.674868e+01  3.144580e+01 -9.647391e-01
     vertex  1.428365e+01  3.448378e+01 -2.492771e-01
     vertex  1.756560e+01  3.292675e+01 -2.492771e-01
   endloop
 endfacet
 facet normal  2.645948e-01  7.454936e-01 -6.117425e-01
   outer loop
     vertex  1.263243e+01  3.049739e+01 -3.600000e+00
     vertex  9.634010e+00  3.156160e+01 -3.600000e+00
     vertex  9.976840e+00  3.267259e+01 -2.097831e+00
   endloop
 endfacet
 facet normal  2.644380e-01  7.454151e-01 -6.119059e-01
   outer loop
     vertex  1.263243e+01  3.049739e+01 -3.600000e+00
     vertex  9.976840e+00  3.267259e+01 -2.097831e+00
     vertex  1.307777e+01  3.157252e+01 -2.097831e+00
   endloop
 endfacet
 facet normal  2.014125e-01  3.337853e-01 -9.208802e-01
   outer loop
     vertex  2.068578e+01  3.104397e+01 -2.492771e-01
     vertex  1.674868e+01  3.144580e+01 -9.647391e-01
     vertex  1.756560e+01  3.292675e+01 -2.492771e-01
   endloop
 endfacet
 facet normal  6.853278e-02  1.142770e-01 -9.910822e-01
   outer loop
     vertex  2.068578e+01  3.104397e+01 -2.492771e-01
     vertex  1.859154e+01  3.446179e+01  0.000000e+00
     vertex  2.164753e+01  3.262909e+01  0.000000e+00
   endloop
 endfacet
 facet normal  7.950020e-02  1.076112e-01 -9.910094e-01
   outer loop
     vertex  2.068578e+01  3.104397e+01 -2.492771e-01
     vertex  2.164753e+01  3.262909e+01  0.000000e+00
     vertex  2.482431e+01  3.028217e+01  0.000000e+00
   endloop
 endfacet
 facet normal  6.919934e-02  1.146787e-01 -9.909895e-01
   outer loop
     vertex  2.068578e+01  3.104397e+01 -2.492771e-01
     vertex  1.756560e+01  3.292675e+01 -2.492771e-01
     vertex  1.859154e+01  3.446179e+01  0.000000e+00
   endloop
 endfacet
 facet normal  2.628816e-01  5.527186e-01 -7.908195e-01
   outer loop
     vertex  1.604832e+01  3.015770e+01 -2.097831e+00
     vertex  1.363808e+01  3.292525e+01 -9.647391e-01
     vertex  1.674868e+01  3.144580e+01 -9.647391e-01
   endloop
 endfacet
 facet normal  2.633892e-01  5.530085e-01 -7.904478e-01
   outer loop
     vertex  1.604832e+01  3.015770e+01 -2.097831e+00
     vertex  1.307777e+01  3.157252e+01 -2.097831e+00
     vertex  1.363808e+01  3.292525e+01 -9.647391e-01
   endloop
 endfacet
 facet normal  2.013424e-01  3.317845e-01 -9.216183e-01
   outer loop
     vertex  1.971078e+01  2.964826e+01 -9.647391e-01
     vertex  1.674868e+01  3.144580e+01 -9.647391e-01
     vertex  2.068578e+01  3.104397e+01 -2.492771e-01
   endloop
 endfacet
 facet normal  3.399915e-01  7.141241e-01 -6.119089e-01
   outer loop
     vertex  1.550515e+01  2.912970e+01 -3.600000e+00
     vertex  1.263243e+01  3.049739e+01 -3.600000e+00
     vertex  1.307777e+01  3.157252e+01 -2.097831e+00
   endloop
 endfacet
 facet normal  3.401557e-01  7.141864e-01 -6.117449e-01
   outer loop
     vertex  1.550515e+01  2.912970e+01 -3.600000e+00
     vertex  1.307777e+01  3.157252e+01 -2.097831e+00
     vertex  1.604832e+01  3.015770e+01 -2.097831e+00
   endloop
 endfacet
 facet normal  8.839118e-02  9.834015e-02 -9.912196e-01
   outer loop
     vertex  2.362328e+01  2.884911e+01 -2.492771e-01
     vertex  2.482431e+01  3.028217e+01  0.000000e+00
     vertex  2.747464e+01  2.789998e+01  0.000000e+00
   endloop
 endfacet
 facet normal  7.921966e-02  1.060238e-01 -9.912029e-01
   outer loop
     vertex  2.362328e+01  2.884911e+01 -2.492771e-01
     vertex  2.068578e+01  3.104397e+01 -2.492771e-01
     vertex  2.482431e+01  3.028217e+01  0.000000e+00
   endloop
 endfacet
 facet normal  3.168312e-01  5.220942e-01 -7.918559e-01
   outer loop
     vertex  1.887964e+01  2.843409e+01 -2.097831e+00
     vertex  1.674868e+01  3.144580e+01 -9.647391e-01
     vertex  1.971078e+01  2.964826e+01 -9.647391e-01
   endloop
 endfacet
 facet normal  3.182066e-01  5.227074e-01 -7.908992e-01
   outer loop
     vertex  1.887964e+01  2.843409e+01 -2.097831e+00
     vertex  1.604832e+01  3.015770e+01 -2.097831e+00
     vertex  1.674868e+01  3.144580e+01 -9.647391e-01
   endloop
 endfacet
 facet normal  4.114925e-01  6.759450e-01 -6.113692e-01
   outer loop
     vertex  1.887964e+01  2.843409e+01 -2.097831e+00
     vertex  1.550515e+01  2.912970e+01 -3.600000e+00
     vertex  1.604832e+01  3.015770e+01 -2.097831e+00
   endloop
 endfacet
 facet normal  2.308233e-01  3.089229e-01 -9.226523e-01
   outer loop
     vertex  2.251201e+01  2.754258e+01 -9.647391e-01
     vertex  2.068578e+01  3.104397e+01 -2.492771e-01
     vertex  2.362328e+01  2.884911e+01 -2.492771e-01
   endloop
 endfacet
 facet normal  2.329057e-01  3.098393e-01 -9.218213e-01
   outer loop
     vertex  2.251201e+01  2.754258e+01 -9.647391e-01
     vertex  1.971078e+01  2.964826e+01 -9.647391e-01
     vertex  2.068578e+01  3.104397e+01 -2.492771e-01
   endloop
 endfacet
 facet normal  4.113953e-01  6.763861e-01 -6.109466e-01
   outer loop
     vertex  1.824252e+01  2.746476e+01 -3.600000e+00
     vertex  1.550515e+01  2.912970e+01 -3.600000e+00
     vertex  1.887964e+01  2.843409e+01 -2.097831e+00
   endloop
 endfacet
 facet normal  9.772152e-02  8.969042e-02 -9.911640e-01
   outer loop
     vertex  2.635984e+01  2.635984e+01 -2.492771e-01
     vertex  2.747464e+01  2.789998e+01  0.000000e+00
     vertex  3.014668e+01  2.498867e+01  0.000000e+00
   endloop
 endfacet
 facet normal  8.801332e-02  9.675713e-02 -9.914090e-01
   outer loop
     vertex  2.635984e+01  2.635984e+01 -2.492771e-01
     vertex  2.362328e+01  2.884911e+01 -2.492771e-01
     vertex  2.747464e+01  2.789998e+01  0.000000e+00
   endloop
 endfacet
 facet normal  4.769668e-01  6.324082e-01 -6.103791e-01
   outer loop
     vertex  2.156391e+01  2.640959e+01 -2.097831e+00
     vertex  1.824252e+01  2.746476e+01 -3.600000e+00
     vertex  1.887964e+01  2.843409e+01 -2.097831e+00
   endloop
 endfacet
 facet normal  3.659939e-01  4.868893e-01 -7.930872e-01
   outer loop
     vertex  2.156391e+01  2.640959e+01 -2.097831e+00
     vertex  1.971078e+01  2.964826e+01 -9.647391e-01
     vertex  2.251201e+01  2.754258e+01 -9.647391e-01
   endloop
 endfacet
 facet normal  3.676327e-01  4.874426e-01 -7.919886e-01
   outer loop
     vertex  2.156391e+01  2.640959e+01 -2.097831e+00
     vertex  1.887964e+01  2.843409e+01 -2.097831e+00
     vertex  1.971078e+01  2.964826e+01 -9.647391e-01
   endloop
 endfacet
 facet normal  2.584938e-01  2.841743e-01 -9.232692e-01
   outer loop
     vertex  2.514259e+01  2.514259e+01 -9.647391e-01
     vertex  2.362328e+01  2.884911e+01 -2.492771e-01
     vertex  2.635984e+01  2.635984e+01 -2.492771e-01
   endloop
 endfacet
 facet normal  2.596045e-01  2.845472e-01 -9.228426e-01
   outer loop
     vertex  2.514259e+01  2.514259e+01 -9.647391e-01
     vertex  2.251201e+01  2.754258e+01 -9.647391e-01
     vertex  2.362328e+01  2.884911e+01 -2.492771e-01
   endloop
 endfacet
 facet normal  5.220305e-02  7.725377e-01 -6.328193e-01
   outer loop
     vertex  2.302998e+00  2.424898e+01 -1.790217e+01
     vertex  2.754717e-16  2.455975e+01 -1.771277e+01
     vertex -3.096581e-18  2.514868e+01 -1.699381e+01
   endloop
 endfacet
 facet normal  3.267621e-02  6.854592e-01 -7.273775e-01
   outer loop
     vertex  2.302998e+00  2.424898e+01 -1.790217e+01
     vertex  1.106173e-15  2.388953e+01 -1.834436e+01
     vertex  2.754717e-16  2.455975e+01 -1.771277e+01
   endloop
 endfacet
 facet normal  6.779069e-02  7.894541e-01 -6.100546e-01
   outer loop
     vertex  2.302998e+00  2.424898e+01 -1.790217e+01
     vertex -3.096581e-18  2.514868e+01 -1.699381e+01
     vertex  2.423859e+00  2.539941e+01 -1.640000e+01
   endloop
 endfacet
 facet normal  4.769091e-01  6.329239e-01 -6.098894e-01
   outer loop
     vertex  2.083590e+01  2.551065e+01 -3.600000e+00
     vertex  1.824252e+01  2.746476e+01 -3.600000e+00
     vertex  2.156391e+01  2.640959e+01 -2.097831e+00
   endloop
 endfacet
 facet normal  9.730410e-02  8.851086e-02 -9.913111e-01
   outer loop
     vertex  2.884911e+01  2.362328e+01 -2.492771e-01
     vertex  2.635984e+01  2.635984e+01 -2.492771e-01
     vertex  3.014668e+01  2.498867e+01  0.000000e+00
   endloop
 endfacet
 facet normal  1.061106e-01  8.010722e-02 -9.911223e-01
   outer loop
     vertex  2.884911e+01  2.362328e+01 -2.492771e-01
     vertex  3.014668e+01  2.498867e+01  0.000000e+00
     vertex  3.229380e+01  2.214457e+01  0.000000e+00
   endloop
 endfacet
 facet normal  1.239868e-01  7.829542e-01 -6.095982e-01
   outer loop
     vertex  4.882551e+00  2.501006e+01 -1.640000e+01
     vertex  2.302998e+00  2.424898e+01 -1.790217e+01
     vertex  2.423859e+00  2.539941e+01 -1.640000e+01
   endloop
 endfacet
 facet normal  4.099288e-01  4.493146e-01 -7.937725e-01
   outer loop
     vertex  2.409584e+01  2.409584e+01 -2.097831e+00
     vertex  2.251201e+01  2.754258e+01 -9.647391e-01
     vertex  2.514259e+01  2.514259e+01 -9.647391e-01
   endloop
 endfacet
 facet normal  4.107899e-01  4.495248e-01 -7.932082e-01
   outer loop
     vertex  2.409584e+01  2.409584e+01 -2.097831e+00
     vertex  2.156391e+01  2.640959e+01 -2.097831e+00
     vertex  2.251201e+01  2.754258e+01 -9.647391e-01
   endloop
 endfacet
 facet normal  5.779497e-02  6.058436e-01 -7.934818e-01
   outer loop
     vertex  2.172255e+00  2.277742e+01 -1.903526e+01
     vertex  1.106173e-15  2.388953e+01 -1.834436e+01
     vertex  2.302998e+00  2.424898e+01 -1.790217e+01
   endloop
 endfacet
 facet normal  1.104917e-02  5.431600e-01 -8.395565e-01
   outer loop
     vertex  2.172255e+00  2.277742e+01 -1.903526e+01
     vertex  5.144055e-15  2.247126e+01 -1.926193e+01
     vertex  1.106173e-15  2.388953e+01 -1.834436e+01
   endloop
 endfacet
 facet normal  4.493146e-01  4.099288e-01 -7.937725e-01
   outer loop
     vertex  2.754258e+01  2.251201e+01 -9.647391e-01
     vertex  2.409584e+01  2.409584e+01 -2.097831e+00
     vertex  2.514259e+01  2.514259e+01 -9.647391e-01
   endloop
 endfacet
 facet normal  2.837743e-01  2.588993e-01 -9.232786e-01
   outer loop
     vertex  2.754258e+01  2.251201e+01 -9.647391e-01
     vertex  2.514259e+01  2.514259e+01 -9.647391e-01
     vertex  2.635984e+01  2.635984e+01 -2.492771e-01
   endloop
 endfacet
 facet normal  2.849193e-01  2.591715e-01 -9.228495e-01
   outer loop
     vertex  2.754258e+01  2.251201e+01 -9.647391e-01
     vertex  2.635984e+01  2.635984e+01 -2.492771e-01
     vertex  2.884911e+01  2.362328e+01 -2.492771e-01
   endloop
 endfacet
 facet normal  9.622498e-02  6.018798e-01 -7.927682e-01
   outer loop
     vertex  4.647641e+00  2.387413e+01 -1.790217e+01
     vertex  2.172255e+00  2.277742e+01 -1.903526e+01
     vertex  2.302998e+00  2.424898e+01 -1.790217e+01
   endloop
 endfacet
 facet normal  1.250001e-01  7.818659e-01 -6.107869e-01
   outer loop
     vertex  4.647641e+00  2.387413e+01 -1.790217e+01
     vertex  2.302998e+00  2.424898e+01 -1.790217e+01
     vertex  4.882551e+00  2.501006e+01 -1.640000e+01
   endloop
 endfacet
 facet normal  5.346974e-01  5.853834e-01 -6.094465e-01
   outer loop
     vertex  2.327904e+01  2.327904e+01 -3.600000e+00
     vertex  2.083590e+01  2.551065e+01 -3.600000e+00
     vertex  2.156391e+01  2.640959e+01 -2.097831e+00
   endloop
 endfacet
 facet normal  5.349628e-01  5.854064e-01 -6.091914e-01
   outer loop
     vertex  2.327904e+01  2.327904e+01 -3.600000e+00
     vertex  2.156391e+01  2.640959e+01 -2.097831e+00
     vertex  2.409584e+01  2.409584e+01 -2.097831e+00
   endloop
 endfacet
 facet normal  1.151281e-01  7.067533e-02 -9.908332e-01
   outer loop
     vertex  3.104397e+01  2.068578e+01 -2.492771e-01
     vertex  3.229380e+01  2.214457e+01  0.000000e+00
     vertex  3.436100e+01  1.877718e+01  0.000000e+00
   endloop
 endfacet
 facet normal  1.056067e-01  7.890797e-02 -9.912723e-01
   outer loop
     vertex  3.104397e+01  2.068578e+01 -2.492771e-01
     vertex  2.884911e+01  2.362328e+01 -2.492771e-01
     vertex  3.229380e+01  2.214457e+01  0.000000e+00
   endloop
 endfacet
 facet normal  4.234594e-02  3.827875e-01 -9.228654e-01
   outer loop
     vertex  2.034186e+00  2.106779e+01 -1.975072e+01
     vertex  5.144055e-15  2.247126e+01 -1.926193e+01
     vertex  2.172255e+00  2.277742e+01 -1.903526e+01
   endloop
 endfacet
 facet normal  1.113057e-02  3.432281e-01 -9.391861e-01
   outer loop
     vertex  2.034186e+00  2.106779e+01 -1.975072e+01
     vertex  1.295589e-14  2.103376e+01 -1.978726e+01
     vertex  5.144055e-15  2.247126e+01 -1.926193e+01
   endloop
 endfacet
 facet normal  1.461488e-02  1.821381e-01 -9.831643e-01
   outer loop
     vertex  2.034186e+00  2.106779e+01 -1.975072e+01
     vertex  1.966208e-14  2.017681e+01 -1.994602e+01
     vertex  1.295589e-14  2.103376e+01 -1.978726e+01
   endloop
 endfacet
 facet normal  6.887046e-02  6.102804e-02 -9.957572e-01
   outer loop
     vertex  2.034186e+00  2.106779e+01 -1.975072e+01
     vertex  2.835558e-14  1.929607e+01 -2.000000e+01
     vertex  1.966208e-14  2.017681e+01 -1.994602e+01
   endloop
 endfacet
 facet normal  8.098253e-03  1.301981e-01 -9.914549e-01
   outer loop
     vertex  2.034186e+00  2.106779e+01 -1.975072e+01
     vertex  2.390590e+00  1.914738e+01 -2.000000e+01
     vertex  2.835558e-14  1.929607e+01 -2.000000e+01
   endloop
 endfacet
 facet normal  5.854064e-01  5.349628e-01 -6.091914e-01
   outer loop
     vertex  2.640959e+01  2.156391e+01 -2.097831e+00
     vertex  2.327904e+01  2.327904e+01 -3.600000e+00
     vertex  2.409584e+01  2.409584e+01 -2.097831e+00
   endloop
 endfacet
 facet normal  4.495248e-01  4.107899e-01 -7.932082e-01
   outer loop
     vertex  2.640959e+01  2.156391e+01 -2.097831e+00
     vertex  2.409584e+01  2.409584e+01 -2.097831e+00
     vertex  2.754258e+01  2.251201e+01 -9.647391e-01
   endloop
 endfacet
 facet normal  9.557213e-02  6.027509e-01 -7.921851e-01
   outer loop
     vertex  4.376798e+00  2.242787e+01 -1.903526e+01
     vertex  2.172255e+00  2.277742e+01 -1.903526e+01
     vertex  4.647641e+00  2.387413e+01 -1.790217e+01
   endloop
 endfacet
 facet normal  3.104854e-01  2.319907e-01 -9.218347e-01
   outer loop
     vertex  2.964826e+01  1.971078e+01 -9.647391e-01
     vertex  2.884911e+01  2.362328e+01 -2.492771e-01
     vertex  3.104397e+01  2.068578e+01 -2.492771e-01
   endloop
 endfacet
 facet normal  3.082080e-01  2.316795e-01 -9.226768e-01
   outer loop
     vertex  2.964826e+01  1.971078e+01 -9.647391e-01
     vertex  2.754258e+01  2.251201e+01 -9.647391e-01
     vertex  2.884911e+01  2.362328e+01 -2.492771e-01
   endloop
 endfacet
 facet normal  1.985863e-01  7.657761e-01 -6.116784e-01
   outer loop
     vertex  6.991139e+00  2.326336e+01 -1.790217e+01
     vertex  4.882551e+00  2.501006e+01 -1.640000e+01
     vertex  7.333969e+00  2.437434e+01 -1.640000e+01
   endloop
 endfacet
 facet normal  1.997113e-01  7.662779e-01 -6.106828e-01
   outer loop
     vertex  6.991139e+00  2.326336e+01 -1.790217e+01
     vertex  4.647641e+00  2.387413e+01 -1.790217e+01
     vertex  4.882551e+00  2.501006e+01 -1.640000e+01
   endloop
 endfacet
 facet normal  5.853834e-01  5.346974e-01 -6.094465e-01
   outer loop
     vertex  2.551065e+01  2.083590e+01 -3.600000e+00
     vertex  2.327904e+01  2.327904e+01 -3.600000e+00
     vertex  2.640959e+01  2.156391e+01 -2.097831e+00
   endloop
 endfacet
 facet normal  1.218740e-01  5.957108e-02 -9.907563e-01
   outer loop
     vertex  3.292675e+01  1.756560e+01 -2.492771e-01
     vertex  3.436100e+01  1.877718e+01  0.000000e+00
     vertex  3.592580e+01  1.557581e+01  0.000000e+00
   endloop
 endfacet
 facet normal  1.140948e-01  6.884697e-02 -9.910815e-01
   outer loop
     vertex  3.292675e+01  1.756560e+01 -2.492771e-01
     vertex  3.104397e+01  2.068578e+01 -2.492771e-01
     vertex  3.436100e+01  1.877718e+01  0.000000e+00
   endloop
 endfacet
 facet normal  5.896658e-02  3.813180e-01 -9.225614e-01
   outer loop
     vertex  4.079316e+00  2.075153e+01 -1.975072e+01
     vertex  2.034186e+00  2.106779e+01 -1.975072e+01
     vertex  2.172255e+00  2.277742e+01 -1.903526e+01
   endloop
 endfacet
 facet normal  6.067933e-02  3.826903e-01 -9.218819e-01
   outer loop
     vertex  4.079316e+00  2.075153e+01 -1.975072e+01
     vertex  2.172255e+00  2.277742e+01 -1.903526e+01
     vertex  4.376798e+00  2.242787e+01 -1.903526e+01
   endloop
 endfacet
 facet normal  2.422995e-02  1.285524e-01 -9.914067e-01
   outer loop
     vertex  4.079316e+00  2.075153e+01 -1.975072e+01
     vertex  4.744330e+00  1.870374e+01 -2.000000e+01
     vertex  2.390590e+00  1.914738e+01 -2.000000e+01
   endloop
 endfacet
 facet normal  2.047949e-02  1.324343e-01 -9.909802e-01
   outer loop
     vertex  4.079316e+00  2.075153e+01 -1.975072e+01
     vertex  2.390590e+00  1.914738e+01 -2.000000e+01
     vertex  2.034186e+00  2.106779e+01 -1.975072e+01
   endloop
 endfacet
 facet normal  4.862775e-01  3.667540e-01 -7.931114e-01
   outer loop
     vertex  2.843409e+01  1.887964e+01 -2.097831e+00
     vertex  2.640959e+01  2.156391e+01 -2.097831e+00
     vertex  2.754258e+01  2.251201e+01 -9.647391e-01
   endloop
 endfacet
 facet normal  4.880084e-01  3.668352e-01 -7.920099e-01
   outer loop
     vertex  2.843409e+01  1.887964e+01 -2.097831e+00
     vertex  2.754258e+01  2.251201e+01 -9.647391e-01
     vertex  2.964826e+01  1.971078e+01 -9.647391e-01
   endloop
 endfacet
 facet normal  1.534809e-01  5.914486e-01 -7.916010e-01
   outer loop
     vertex  6.575547e+00  2.185730e+01 -1.903526e+01
     vertex  4.376798e+00  2.242787e+01 -1.903526e+01
     vertex  4.647641e+00  2.387413e+01 -1.790217e+01
   endloop
 endfacet
 facet normal  1.542689e-01  5.919184e-01 -7.910965e-01
   outer loop
     vertex  6.575547e+00  2.185730e+01 -1.903526e+01
     vertex  4.647641e+00  2.387413e+01 -1.790217e+01
     vertex  6.991139e+00  2.326336e+01 -1.790217e+01
   endloop
 endfacet
 facet normal  9.756502e-02  3.759730e-01 -9.214800e-01
   outer loop
     vertex  6.575547e+00  2.185730e+01 -1.903526e+01
     vertex  4.079316e+00  2.075153e+01 -1.975072e+01
     vertex  4.376798e+00  2.242787e+01 -1.903526e+01
   endloop
 endfacet
 facet normal  3.317845e-01  2.013424e-01 -9.216183e-01
   outer loop
     vertex  3.144580e+01  1.674868e+01 -9.647391e-01
     vertex  2.964826e+01  1.971078e+01 -9.647391e-01
     vertex  3.104397e+01  2.068578e+01 -2.492771e-01
   endloop
 endfacet
 facet normal  3.337853e-01  2.014125e-01 -9.208802e-01
   outer loop
     vertex  3.144580e+01  1.674868e+01 -9.647391e-01
     vertex  3.104397e+01  2.068578e+01 -2.492771e-01
     vertex  3.292675e+01  1.756560e+01 -2.492771e-01
   endloop
 endfacet
 facet normal  2.687405e-01  7.437852e-01 -6.120148e-01
   outer loop
     vertex  9.291264e+00  2.243110e+01 -1.790217e+01
     vertex  7.333969e+00  2.437434e+01 -1.640000e+01
     vertex  9.736600e+00  2.350623e+01 -1.640000e+01
   endloop
 endfacet
 facet normal  2.691804e-01  7.439365e-01 -6.116374e-01
   outer loop
     vertex  9.291264e+00  2.243110e+01 -1.790217e+01
     vertex  6.991139e+00  2.326336e+01 -1.790217e+01
     vertex  7.333969e+00  2.437434e+01 -1.640000e+01
   endloop
 endfacet
 facet normal  6.324082e-01  4.769668e-01 -6.103791e-01
   outer loop
     vertex  2.746476e+01  1.824252e+01 -3.600000e+00
     vertex  2.640959e+01  2.156391e+01 -2.097831e+00
     vertex  2.843409e+01  1.887964e+01 -2.097831e+00
   endloop
 endfacet
 facet normal  6.329239e-01  4.769091e-01 -6.098894e-01
   outer loop
     vertex  2.746476e+01  1.824252e+01 -3.600000e+00
     vertex  2.551065e+01  2.083590e+01 -3.600000e+00
     vertex  2.640959e+01  2.156391e+01 -2.097831e+00
   endloop
 endfacet
 facet normal  1.281902e-01  4.804200e-02 -9.905853e-01
   outer loop
     vertex  3.448378e+01  1.428365e+01 -2.492771e-01
     vertex  3.592580e+01  1.557581e+01  0.000000e+00
     vertex  3.731299e+01  1.187438e+01  0.000000e+00
   endloop
 endfacet
 facet normal  1.202212e-01  5.703594e-02 -9.911073e-01
   outer loop
     vertex  3.448378e+01  1.428365e+01 -2.492771e-01
     vertex  3.292675e+01  1.756560e+01 -2.492771e-01
     vertex  3.592580e+01  1.557581e+01  0.000000e+00
   endloop
 endfacet
 facet normal  3.369010e-02  1.315431e-01 -9.907378e-01
   outer loop
     vertex  6.106009e+00  2.023246e+01 -1.975072e+01
     vertex  4.744330e+00  1.870374e+01 -2.000000e+01
     vertex  4.079316e+00  2.075153e+01 -1.975072e+01
   endloop
 endfacet
 facet normal  4.139038e-02  1.247793e-01 -9.913208e-01
   outer loop
     vertex  6.106009e+00  2.023246e+01 -1.975072e+01
     vertex  7.375045e+00  1.783111e+01 -2.000000e+01
     vertex  4.744330e+00  1.870374e+01 -2.000000e+01
   endloop
 endfacet
 facet normal  9.669971e-02  3.775644e-01 -9.209204e-01
   outer loop
     vertex  6.106009e+00  2.023246e+01 -1.975072e+01
     vertex  4.079316e+00  2.075153e+01 -1.975072e+01
     vertex  6.575547e+00  2.185730e+01 -1.903526e+01
   endloop
 endfacet
 facet normal  5.216247e-01  3.175475e-01 -7.918783e-01
   outer loop
     vertex  3.015770e+01  1.604832e+01 -2.097831e+00
     vertex  2.843409e+01  1.887964e+01 -2.097831e+00
     vertex  2.964826e+01  1.971078e+01 -9.647391e-01
   endloop
 endfacet
 facet normal  5.231308e-01  3.174603e-01 -7.909192e-01
   outer loop
     vertex  3.015770e+01  1.604832e+01 -2.097831e+00
     vertex  2.964826e+01  1.971078e+01 -9.647391e-01
     vertex  3.144580e+01  1.674868e+01 -9.647391e-01
   endloop
 endfacet
 facet normal  2.080574e-01  5.757244e-01 -7.907297e-01
   outer loop
     vertex  8.730947e+00  2.107837e+01 -1.903526e+01
     vertex  6.575547e+00  2.185730e+01 -1.903526e+01
     vertex  6.991139e+00  2.326336e+01 -1.790217e+01
   endloop
 endfacet
 facet normal  2.083700e-01  5.758741e-01 -7.905384e-01
   outer loop
     vertex  8.730947e+00  2.107837e+01 -1.903526e+01
     vertex  6.991139e+00  2.326336e+01 -1.790217e+01
     vertex  9.291264e+00  2.243110e+01 -1.790217e+01
   endloop
 endfacet
 facet normal  3.523696e-01  1.675925e-01 -9.207325e-01
   outer loop
     vertex  3.292525e+01  1.363808e+01 -9.647391e-01
     vertex  3.144580e+01  1.674868e+01 -9.647391e-01
     vertex  3.292675e+01  1.756560e+01 -2.492771e-01
   endloop
 endfacet
 facet normal  5.527186e-01  2.628816e-01 -7.908195e-01
   outer loop
     vertex  3.292525e+01  1.363808e+01 -9.647391e-01
     vertex  3.015770e+01  1.604832e+01 -2.097831e+00
     vertex  3.144580e+01  1.674868e+01 -9.647391e-01
   endloop
 endfacet
 facet normal  3.531433e-01  1.675400e-01 -9.204457e-01
   outer loop
     vertex  3.292525e+01  1.363808e+01 -9.647391e-01
     vertex  3.292675e+01  1.756560e+01 -2.492771e-01
     vertex  3.448378e+01  1.428365e+01 -2.492771e-01
   endloop
 endfacet
 facet normal  3.355767e-01  7.161119e-01 -6.120229e-01
   outer loop
     vertex  1.150620e+01  2.139316e+01 -1.790217e+01
     vertex  9.291264e+00  2.243110e+01 -1.790217e+01
     vertex  9.736600e+00  2.350623e+01 -1.640000e+01
   endloop
 endfacet
 facet normal  3.360285e-01  7.162222e-01 -6.116458e-01
   outer loop
     vertex  1.150620e+01  2.139316e+01 -1.790217e+01
     vertex  9.736600e+00  2.350623e+01 -1.640000e+01
     vertex  1.204936e+01  2.242116e+01 -1.640000e+01
   endloop
 endfacet
 facet normal  6.763861e-01  4.113953e-01 -6.109466e-01
   outer loop
     vertex  2.912970e+01  1.550515e+01 -3.600000e+00
     vertex  2.746476e+01  1.824252e+01 -3.600000e+00
     vertex  2.843409e+01  1.887964e+01 -2.097831e+00
   endloop
 endfacet
 facet normal  6.759450e-01  4.114925e-01 -6.113692e-01
   outer loop
     vertex  2.912970e+01  1.550515e+01 -3.600000e+00
     vertex  2.843409e+01  1.887964e+01 -2.097831e+00
     vertex  3.015770e+01  1.604832e+01 -2.097831e+00
   endloop
 endfacet
 facet normal  1.253855e-01  4.469503e-02 -9.911008e-01
   outer loop
     vertex  3.570348e+01  1.086197e+01 -2.492771e-01
     vertex  3.448378e+01  1.428365e+01 -2.492771e-01
     vertex  3.731299e+01  1.187438e+01  0.000000e+00
   endloop
 endfacet
 facet normal  1.312465e-01  3.528389e-02 -9.907217e-01
   outer loop
     vertex  3.570348e+01  1.086197e+01 -2.492771e-01
     vertex  3.731299e+01  1.187438e+01  0.000000e+00
     vertex  3.823810e+01  8.433218e+00  0.000000e+00
   endloop
 endfacet
 facet normal  1.328220e-01  3.675374e-01 -9.204752e-01
   outer loop
     vertex  8.085381e+00  1.951984e+01 -1.975072e+01
     vertex  6.575547e+00  2.185730e+01 -1.903526e+01
     vertex  8.730947e+00  2.107837e+01 -1.903526e+01
   endloop
 endfacet
 facet normal  1.322039e-01  3.672059e-01 -9.206964e-01
   outer loop
     vertex  8.085381e+00  1.951984e+01 -1.975072e+01
     vertex  6.106009e+00  2.023246e+01 -1.975072e+01
     vertex  6.575547e+00  2.185730e+01 -1.903526e+01
   endloop
 endfacet
 facet normal  4.573218e-02  1.270244e-01 -9.908448e-01
   outer loop
     vertex  8.085381e+00  1.951984e+01 -1.975072e+01
     vertex  7.375045e+00  1.783111e+01 -2.000000e+01
     vertex  6.106009e+00  2.023246e+01 -1.975072e+01
   endloop
 endfacet
 facet normal  5.530085e-01  2.633892e-01 -7.904478e-01
   outer loop
     vertex  3.157252e+01  1.307777e+01 -2.097831e+00
     vertex  3.015770e+01  1.604832e+01 -2.097831e+00
     vertex  3.292525e+01  1.363808e+01 -9.647391e-01
   endloop
 endfacet
 facet normal  2.597637e-01  5.543288e-01 -7.907227e-01
   outer loop
     vertex  1.080583e+01  2.010506e+01 -1.903526e+01
     vertex  9.291264e+00  2.243110e+01 -1.790217e+01
     vertex  1.150620e+01  2.139316e+01 -1.790217e+01
   endloop
 endfacet
 facet normal  2.600877e-01  5.544474e-01 -7.905330e-01
   outer loop
     vertex  1.080583e+01  2.010506e+01 -1.903526e+01
     vertex  8.730947e+00  2.107837e+01 -1.903526e+01
     vertex  9.291264e+00  2.243110e+01 -1.790217e+01
   endloop
 endfacet
 facet normal  3.675600e-01  1.310208e-01 -9.207243e-01
   outer loop
     vertex  3.407865e+01  1.039243e+01 -9.647391e-01
     vertex  3.448378e+01  1.428365e+01 -2.492771e-01
     vertex  3.570348e+01  1.086197e+01 -2.492771e-01
   endloop
 endfacet
 facet normal  5.771585e-01  2.051028e-01 -7.904562e-01
   outer loop
     vertex  3.407865e+01  1.039243e+01 -9.647391e-01
     vertex  3.157252e+01  1.307777e+01 -2.097831e+00
     vertex  3.292525e+01  1.363808e+01 -9.647391e-01
   endloop
 endfacet
 facet normal  3.683214e-01  1.308891e-01 -9.204387e-01
   outer loop
     vertex  3.407865e+01  1.039243e+01 -9.647391e-01
     vertex  3.292525e+01  1.363808e+01 -9.647391e-01
     vertex  3.448378e+01  1.428365e+01 -2.492771e-01
   endloop
 endfacet
 facet normal  4.014443e-01  6.825543e-01 -6.107063e-01
   outer loop
     vertex  1.359518e+01  2.016794e+01 -1.790217e+01
     vertex  1.204936e+01  2.242116e+01 -1.640000e+01
     vertex  1.423230e+01  2.113727e+01 -1.640000e+01
   endloop
 endfacet
 facet normal  4.002259e-01  6.823805e-01 -6.116994e-01
   outer loop
     vertex  1.359518e+01  2.016794e+01 -1.790217e+01
     vertex  1.150620e+01  2.139316e+01 -1.790217e+01
     vertex  1.204936e+01  2.242116e+01 -1.640000e+01
   endloop
 endfacet
 facet normal  7.142403e-01  3.400469e-01 -6.117425e-01
   outer loop
     vertex  3.049739e+01  1.263243e+01 -3.600000e+00
     vertex  2.912970e+01  1.550515e+01 -3.600000e+00
     vertex  3.015770e+01  1.604832e+01 -2.097831e+00
   endloop
 endfacet
 facet normal  7.140740e-01  3.401022e-01 -6.119059e-01
   outer loop
     vertex  3.049739e+01  1.263243e+01 -3.600000e+00
     vertex  3.015770e+01  1.604832e+01 -2.097831e+00
     vertex  3.157252e+01  1.307777e+01 -2.097831e+00
   endloop
 endfacet
 facet normal  3.784420e-01  9.360172e-02 -9.208802e-01
   outer loop
     vertex  3.657846e+01  7.324342e+00 -2.492771e-01
     vertex  3.407865e+01  1.039243e+01 -9.647391e-01
     vertex  3.570348e+01  1.086197e+01 -2.492771e-01
   endloop
 endfacet
 facet normal  1.277767e-01  3.160358e-02 -9.912993e-01
   outer loop
     vertex  3.657846e+01  7.324342e+00 -2.492771e-01
     vertex  3.570348e+01  1.086197e+01 -2.492771e-01
     vertex  3.823810e+01  8.433218e+00  0.000000e+00
   endloop
 endfacet
 facet normal  1.337855e-01  2.248793e-02 -9.907551e-01
   outer loop
     vertex  3.657846e+01  7.324342e+00 -2.492771e-01
     vertex  3.823810e+01  8.433218e+00  0.000000e+00
     vertex  3.889332e+01  4.535189e+00  0.000000e+00
   endloop
 endfacet
 facet normal  1.664015e-01  3.536248e-01 -9.204673e-01
   outer loop
     vertex  9.988912e+00  1.862411e+01 -1.975072e+01
     vertex  8.085381e+00  1.951984e+01 -1.975072e+01
     vertex  8.730947e+00  2.107837e+01 -1.903526e+01
   endloop
 endfacet
 facet normal  1.657583e-01  3.533587e-01 -9.206855e-01
   outer loop
     vertex  9.988912e+00  1.862411e+01 -1.975072e+01
     vertex  8.730947e+00  2.107837e+01 -1.903526e+01
     vertex  1.080583e+01  2.010506e+01 -1.903526e+01
   endloop
 endfacet
 facet normal  5.745320e-02  1.220955e-01 -9.908541e-01
   outer loop
     vertex  9.988912e+00  1.862411e+01 -1.975072e+01
     vertex  7.375045e+00  1.783111e+01 -2.000000e+01
     vertex  8.085381e+00  1.951984e+01 -1.975072e+01
   endloop
 endfacet
 facet normal  5.845976e-02  1.188820e-01 -9.911859e-01
   outer loop
     vertex  9.988912e+00  1.862411e+01 -1.975072e+01
     vertex  9.618415e+00  1.672794e+01 -2.000000e+01
     vertex  7.375045e+00  1.783111e+01 -2.000000e+01
   endloop
 endfacet
 facet normal  5.768175e-01  2.046276e-01 -7.908282e-01
   outer loop
     vertex  3.267259e+01  9.976840e+00 -2.097831e+00
     vertex  3.157252e+01  1.307777e+01 -2.097831e+00
     vertex  3.407865e+01  1.039243e+01 -9.647391e-01
   endloop
 endfacet
 facet normal  3.100276e-01  5.273191e-01 -7.910863e-01
   outer loop
     vertex  1.276404e+01  1.895376e+01 -1.903526e+01
     vertex  1.080583e+01  2.010506e+01 -1.903526e+01
     vertex  1.150620e+01  2.139316e+01 -1.790217e+01
   endloop
 endfacet
 facet normal  1.975203e-01  3.359579e-01 -9.209332e-01
   outer loop
     vertex  1.276404e+01  1.895376e+01 -1.903526e+01
     vertex  9.988912e+00  1.862411e+01 -1.975072e+01
     vertex  1.080583e+01  2.010506e+01 -1.903526e+01
   endloop
 endfacet
 facet normal  3.091488e-01  5.270950e-01 -7.915794e-01
   outer loop
     vertex  1.276404e+01  1.895376e+01 -1.903526e+01
     vertex  1.150620e+01  2.139316e+01 -1.790217e+01
     vertex  1.359518e+01  2.016794e+01 -1.790217e+01
   endloop
 endfacet
 facet normal  3.769777e-01  9.223654e-02 -9.216183e-01
   outer loop
     vertex  3.490211e+01  7.026860e+00 -9.647391e-01
     vertex  3.407865e+01  1.039243e+01 -9.647391e-01
     vertex  3.657846e+01  7.324342e+00 -2.492771e-01
   endloop
 endfacet
 facet normal  4.659604e-01  6.413041e-01 -6.095982e-01
   outer loop
     vertex  1.551815e+01  1.877508e+01 -1.790217e+01
     vertex  1.423230e+01  2.113727e+01 -1.640000e+01
     vertex  1.624617e+01  1.967402e+01 -1.640000e+01
   endloop
 endfacet
 facet normal  4.644743e-01  6.412511e-01 -6.107869e-01
   outer loop
     vertex  1.551815e+01  1.877508e+01 -1.790217e+01
     vertex  1.359518e+01  2.016794e+01 -1.790217e+01
     vertex  1.423230e+01  2.113727e+01 -1.640000e+01
   endloop
 endfacet
 facet normal  7.455325e-01  2.644796e-01 -6.117449e-01
   outer loop
     vertex  3.156160e+01  9.634010e+00 -3.600000e+00
     vertex  3.157252e+01  1.307777e+01 -2.097831e+00
     vertex  3.267259e+01  9.976840e+00 -2.097831e+00
   endloop
 endfacet
 facet normal  7.453723e-01  2.645517e-01 -6.119089e-01
   outer loop
     vertex  3.156160e+01  9.634010e+00 -3.600000e+00
     vertex  3.049739e+01  1.263243e+01 -3.600000e+00
     vertex  3.157252e+01  1.307777e+01 -2.097831e+00
   endloop
 endfacet
 facet normal  1.335938e-01  9.445109e-03 -9.909912e-01
   outer loop
     vertex  3.710358e+01  3.695221e+00 -2.492771e-01
     vertex  3.889332e+01  4.535189e+00  0.000000e+00
     vertex  3.914461e+01  9.808702e-01  0.000000e+00
   endloop
 endfacet
 facet normal  1.293063e-01  1.871024e-02 -9.914282e-01
   outer loop
     vertex  3.710358e+01  3.695221e+00 -2.492771e-01
     vertex  3.657846e+01  7.324342e+00 -2.492771e-01
     vertex  3.889332e+01  4.535189e+00  0.000000e+00
   endloop
 endfacet
 facet normal  3.835885e-01  5.550413e-02 -9.218347e-01
   outer loop
     vertex  3.710358e+01  3.695221e+00 -2.492771e-01
     vertex  3.490211e+01  7.026860e+00 -9.647391e-01
     vertex  3.657846e+01  7.324342e+00 -2.492771e-01
   endloop
 endfacet
 facet normal  1.978852e-01  3.341461e-01 -9.215139e-01
   outer loop
     vertex  1.178903e+01  1.755806e+01 -1.975072e+01
     vertex  9.988912e+00  1.862411e+01 -1.975072e+01
     vertex  1.276404e+01  1.895376e+01 -1.903526e+01
   endloop
 endfacet
 facet normal  6.913444e-02  1.167394e-01 -9.907534e-01
   outer loop
     vertex  1.178903e+01  1.755806e+01 -1.975072e+01
     vertex  9.618415e+00  1.672794e+01 -2.000000e+01
     vertex  9.988912e+00  1.862411e+01 -1.975072e+01
   endloop
 endfacet
 facet normal  7.227569e-02  1.087318e-01 -9.914402e-01
   outer loop
     vertex  1.178903e+01  1.755806e+01 -1.975072e+01
     vertex  1.170020e+01  1.534415e+01 -2.000000e+01
     vertex  9.618415e+00  1.672794e+01 -2.000000e+01
   endloop
 endfacet
 facet normal  5.946160e-01  1.446039e-01 -7.908992e-01
   outer loop
     vertex  3.345585e+01  6.756018e+00 -2.097831e+00
     vertex  3.267259e+01  9.976840e+00 -2.097831e+00
     vertex  3.407865e+01  1.039243e+01 -9.647391e-01
   endloop
 endfacet
 facet normal  5.932098e-01  1.451429e-01 -7.918559e-01
   outer loop
     vertex  3.345585e+01  6.756018e+00 -2.097831e+00
     vertex  3.407865e+01  1.039243e+01 -9.647391e-01
     vertex  3.490211e+01  7.026860e+00 -9.647391e-01
   endloop
 endfacet
 facet normal  7.689344e-01  1.869962e-01 -6.113692e-01
   outer loop
     vertex  3.345585e+01  6.756018e+00 -2.097831e+00
     vertex  3.156160e+01  9.634010e+00 -3.600000e+00
     vertex  3.267259e+01  9.976840e+00 -2.097831e+00
   endloop
 endfacet
 facet normal  3.586296e-01  4.937890e-01 -7.921851e-01
   outer loop
     vertex  1.457006e+01  1.764209e+01 -1.903526e+01
     vertex  1.276404e+01  1.895376e+01 -1.903526e+01
     vertex  1.359518e+01  2.016794e+01 -1.790217e+01
   endloop
 endfacet
 facet normal  3.575519e-01  4.936346e-01 -7.927682e-01
   outer loop
     vertex  1.457006e+01  1.764209e+01 -1.903526e+01
     vertex  1.359518e+01  2.016794e+01 -1.790217e+01
     vertex  1.551815e+01  1.877508e+01 -1.790217e+01
   endloop
 endfacet
 facet normal  3.817582e-01  5.411384e-02 -9.226768e-01
   outer loop
     vertex  3.539394e+01  3.557153e+00 -9.647391e-01
     vertex  3.490211e+01  7.026860e+00 -9.647391e-01
     vertex  3.710358e+01  3.695221e+00 -2.492771e-01
   endloop
 endfacet
 facet normal  4.060593e-01  4.535995e-01 -7.933243e-01
   outer loop
     vertex  1.723667e+01  1.723667e+01 -1.790217e+01
     vertex  1.457006e+01  1.764209e+01 -1.903526e+01
     vertex  1.551815e+01  1.877508e+01 -1.790217e+01
   endloop
 endfacet
 facet normal  5.295107e-01  5.905279e-01 -6.090117e-01
   outer loop
     vertex  1.723667e+01  1.723667e+01 -1.790217e+01
     vertex  1.624617e+01  1.967402e+01 -1.640000e+01
     vertex  1.805347e+01  1.805347e+01 -1.640000e+01
   endloop
 endfacet
 facet normal  5.286956e-01  5.905936e-01 -6.096558e-01
   outer loop
     vertex  1.723667e+01  1.723667e+01 -1.790217e+01
     vertex  1.551815e+01  1.877508e+01 -1.790217e+01
     vertex  1.624617e+01  1.967402e+01 -1.640000e+01
   endloop
 endfacet
 facet normal  7.691776e-01  1.873768e-01 -6.109466e-01
   outer loop
     vertex  3.231993e+01  6.521108e+00 -3.600000e+00
     vertex  3.156160e+01  9.634010e+00 -3.600000e+00
     vertex  3.345585e+01  6.756018e+00 -2.097831e+00
   endloop
 endfacet
 facet normal  3.847303e-01  1.820642e-02 -9.228495e-01
   outer loop
     vertex  3.727845e+01 -8.881784e-16 -2.492771e-01
     vertex  3.539394e+01  3.557153e+00 -9.647391e-01
     vertex  3.710358e+01  3.695221e+00 -2.492771e-01
   endloop
 endfacet
 facet normal  1.341664e-01 -3.419723e-03 -9.909529e-01
   outer loop
     vertex  3.727845e+01 -8.881784e-16 -2.492771e-01
     vertex  3.914461e+01  9.808702e-01  0.000000e+00
     vertex  3.904385e+01 -2.972192e+00  0.000000e+00
   endloop
 endfacet
 facet normal  1.292401e-01  6.115971e-03 -9.915945e-01
   outer loop
     vertex  3.727845e+01 -8.881784e-16 -2.492771e-01
     vertex  3.710358e+01  3.695221e+00 -2.492771e-01
     vertex  3.914461e+01  9.808702e-01  0.000000e+00
   endloop
 endfacet
 facet normal  2.289094e-01  3.126566e-01 -9.218711e-01
   outer loop
     vertex  1.345879e+01  1.633556e+01 -1.975072e+01
     vertex  1.178903e+01  1.755806e+01 -1.975072e+01
     vertex  1.276404e+01  1.895376e+01 -1.903526e+01
   endloop
 endfacet
 facet normal  8.578595e-02  9.714672e-02 -9.915661e-01
   outer loop
     vertex  1.345879e+01  1.633556e+01 -1.975072e+01
     vertex  1.377880e+01  1.350863e+01 -2.000000e+01
     vertex  1.170020e+01  1.534415e+01 -2.000000e+01
   endloop
 endfacet
 facet normal  2.267990e-01  3.122744e-01 -9.225220e-01
   outer loop
     vertex  1.345879e+01  1.633556e+01 -1.975072e+01
     vertex  1.276404e+01  1.895376e+01 -1.903526e+01
     vertex  1.457006e+01  1.764209e+01 -1.903526e+01
   endloop
 endfacet
 facet normal  7.935765e-02  1.083909e-01 -9.909358e-01
   outer loop
     vertex  1.345879e+01  1.633556e+01 -1.975072e+01
     vertex  1.170020e+01  1.534415e+01 -2.000000e+01
     vertex  1.178903e+01  1.755806e+01 -1.975072e+01
   endloop
 endfacet
 facet normal  5.905279e-01  5.295107e-01 -6.090117e-01
   outer loop
     vertex  1.967402e+01  1.624617e+01 -1.640000e+01
     vertex  1.723667e+01  1.723667e+01 -1.790217e+01
     vertex  1.805347e+01  1.805347e+01 -1.640000e+01
   endloop
 endfacet
 facet normal  6.046295e-01  8.471841e-02 -7.919886e-01
   outer loop
     vertex  3.392239e+01  3.426410e+00 -2.097831e+00
     vertex  3.345585e+01  6.756018e+00 -2.097831e+00
     vertex  3.490211e+01  7.026860e+00 -9.647391e-01
   endloop
 endfacet
 facet normal  7.844465e-01  1.099137e-01 -6.103791e-01
   outer loop
     vertex  3.392239e+01  3.426410e+00 -2.097831e+00
     vertex  3.231993e+01  6.521108e+00 -3.600000e+00
     vertex  3.345585e+01  6.756018e+00 -2.097831e+00
   endloop
 endfacet
 facet normal  6.030795e-01  8.548592e-02 -7.930872e-01
   outer loop
     vertex  3.392239e+01  3.426410e+00 -2.097831e+00
     vertex  3.490211e+01  7.026860e+00 -9.647391e-01
     vertex  3.539394e+01  3.557153e+00 -9.647391e-01
   endloop
 endfacet
 facet normal  4.061039e-01  4.530002e-01 -7.936438e-01
   outer loop
     vertex  1.618992e+01  1.618992e+01 -1.903526e+01
     vertex  1.457006e+01  1.764209e+01 -1.903526e+01
     vertex  1.723667e+01  1.723667e+01 -1.790217e+01
   endloop
 endfacet
 facet normal  3.837282e-01  1.758924e-02 -9.232786e-01
   outer loop
     vertex  3.555699e+01 -4.440892e-16 -9.647391e-01
     vertex  3.539394e+01  3.557153e+00 -9.647391e-01
     vertex  3.727845e+01 -8.881784e-16 -2.492771e-01
   endloop
 endfacet
 facet normal  5.905936e-01  5.286956e-01 -6.096558e-01
   outer loop
     vertex  1.877508e+01  1.551815e+01 -1.790217e+01
     vertex  1.723667e+01  1.723667e+01 -1.790217e+01
     vertex  1.967402e+01  1.624617e+01 -1.640000e+01
   endloop
 endfacet
 facet normal  7.847704e-01  1.103191e-01 -6.098894e-01
   outer loop
     vertex  3.277196e+01  3.305549e+00 -3.600000e+00
     vertex  3.231993e+01  6.521108e+00 -3.600000e+00
     vertex  3.392239e+01  3.426410e+00 -2.097831e+00
   endloop
 endfacet
 facet normal  1.296750e-01 -6.136552e-03 -9.915376e-01
   outer loop
     vertex  3.710358e+01 -3.695221e+00 -2.492771e-01
     vertex  3.727845e+01 -8.881784e-16 -2.492771e-01
     vertex  3.904385e+01 -2.972192e+00  0.000000e+00
   endloop
 endfacet
 facet normal  1.333764e-01 -1.627839e-02 -9.909318e-01
   outer loop
     vertex  3.710358e+01 -3.695221e+00 -2.492771e-01
     vertex  3.904385e+01 -2.972192e+00  0.000000e+00
     vertex  3.861216e+01 -6.509200e+00  0.000000e+00
   endloop
 endfacet
 facet normal  8.763172e-02  9.733976e-02 -9.913857e-01
   outer loop
     vertex  1.497267e+01  1.497267e+01 -1.975072e+01
     vertex  1.377880e+01  1.350863e+01 -2.000000e+01
     vertex  1.345879e+01  1.633556e+01 -1.975072e+01
   endloop
 endfacet
 facet normal  2.565087e-01  2.861299e-01 -9.232188e-01
   outer loop
     vertex  1.497267e+01  1.497267e+01 -1.975072e+01
     vertex  1.457006e+01  1.764209e+01 -1.903526e+01
     vertex  1.618992e+01  1.618992e+01 -1.903526e+01
   endloop
 endfacet
 facet normal  2.576664e-01  2.862113e-01 -9.228711e-01
   outer loop
     vertex  1.497267e+01  1.497267e+01 -1.975072e+01
     vertex  1.345879e+01  1.633556e+01 -1.975072e+01
     vertex  1.457006e+01  1.764209e+01 -1.903526e+01
   endloop
 endfacet
 facet normal  6.075769e-01  2.784996e-02 -7.937725e-01
   outer loop
     vertex  3.407666e+01  0.000000e+00 -2.097831e+00
     vertex  3.539394e+01  3.557153e+00 -9.647391e-01
     vertex  3.555699e+01 -4.440892e-16 -9.647391e-01
   endloop
 endfacet
 facet normal  7.920288e-01  3.566037e-02 -6.094413e-01
   outer loop
     vertex  3.407666e+01  0.000000e+00 -2.097831e+00
     vertex  3.277196e+01  3.305549e+00 -3.600000e+00
     vertex  3.392239e+01  3.426410e+00 -2.097831e+00
   endloop
 endfacet
 facet normal  6.083343e-01  2.738970e-02 -7.932082e-01
   outer loop
     vertex  3.407666e+01  0.000000e+00 -2.097831e+00
     vertex  3.392239e+01  3.426410e+00 -2.097831e+00
     vertex  3.539394e+01  3.557153e+00 -9.647391e-01
   endloop
 endfacet
 facet normal  4.530002e-01  4.061039e-01 -7.936438e-01
   outer loop
     vertex  1.764209e+01  1.457006e+01 -1.903526e+01
     vertex  1.618992e+01  1.618992e+01 -1.903526e+01
     vertex  1.723667e+01  1.723667e+01 -1.790217e+01
   endloop
 endfacet
 facet normal  4.535995e-01  4.060593e-01 -7.933243e-01
   outer loop
     vertex  1.764209e+01  1.457006e+01 -1.903526e+01
     vertex  1.723667e+01  1.723667e+01 -1.790217e+01
     vertex  1.877508e+01  1.551815e+01 -1.790217e+01
   endloop
 endfacet
 facet normal  3.847303e-01 -1.820642e-02 -9.228495e-01
   outer loop
     vertex  3.539394e+01 -3.557153e+00 -9.647391e-01
     vertex  3.727845e+01 -8.881784e-16 -2.492771e-01
     vertex  3.710358e+01 -3.695221e+00 -2.492771e-01
   endloop
 endfacet
 facet normal  3.837282e-01 -1.758924e-02 -9.232786e-01
   outer loop
     vertex  3.539394e+01 -3.557153e+00 -9.647391e-01
     vertex  3.555699e+01 -4.440892e-16 -9.647391e-01
     vertex  3.727845e+01 -8.881784e-16 -2.492771e-01
   endloop
 endfacet
 facet normal  6.420114e-01  4.650250e-01 -6.095680e-01
   outer loop
     vertex  2.016794e+01  1.359518e+01 -1.790217e+01
     vertex  1.877508e+01  1.551815e+01 -1.790217e+01
     vertex  1.967402e+01  1.624617e+01 -1.640000e+01
   endloop
 endfacet
 facet normal  6.405798e-01  4.654341e-01 -6.107607e-01
   outer loop
     vertex  2.016794e+01  1.359518e+01 -1.790217e+01
     vertex  1.967402e+01  1.624617e+01 -1.640000e+01
     vertex  2.113727e+01  1.423230e+01 -1.640000e+01
   endloop
 endfacet
 facet normal  7.922155e-01  3.584942e-02 -6.091875e-01
   outer loop
     vertex  3.292154e+01 -1.332268e-15 -3.600000e+00
     vertex  3.277196e+01  3.305549e+00 -3.600000e+00
     vertex  3.407666e+01  0.000000e+00 -2.097831e+00
   endloop
 endfacet
 facet normal  1.329289e-01 -2.867849e-02 -9.907106e-01
   outer loop
     vertex  3.657846e+01 -7.324342e+00 -2.492771e-01
     vertex  3.861216e+01 -6.509200e+00  0.000000e+00
     vertex  3.786162e+01 -9.988070e+00  0.000000e+00
   endloop
 endfacet
 facet normal  1.290091e-01 -1.866723e-02 -9.914677e-01
   outer loop
     vertex  3.657846e+01 -7.324342e+00 -2.492771e-01
     vertex  3.710358e+01 -3.695221e+00 -2.492771e-01
     vertex  3.861216e+01 -6.509200e+00  0.000000e+00
   endloop
 endfacet
 facet normal  9.836573e-02  8.855536e-02 -9.912024e-01
   outer loop
     vertex  1.633556e+01  1.345879e+01 -1.975072e+01
     vertex  1.377880e+01  1.350863e+01 -2.000000e+01
     vertex  1.497267e+01  1.497267e+01 -1.975072e+01
   endloop
 endfacet
 facet normal  2.867372e-01  2.570531e-01 -9.228789e-01
   outer loop
     vertex  1.633556e+01  1.345879e+01 -1.975072e+01
     vertex  1.618992e+01  1.618992e+01 -1.903526e+01
     vertex  1.764209e+01  1.457006e+01 -1.903526e+01
   endloop
 endfacet
 facet normal  2.855639e-01  2.570836e-01 -9.232341e-01
   outer loop
     vertex  1.633556e+01  1.345879e+01 -1.975072e+01
     vertex  1.497267e+01  1.497267e+01 -1.975072e+01
     vertex  1.618992e+01  1.618992e+01 -1.903526e+01
   endloop
 endfacet
 facet normal  9.830933e-02  8.339699e-02 -9.916553e-01
   outer loop
     vertex  1.633556e+01  1.345879e+01 -1.975072e+01
     vertex  1.557441e+01  1.139194e+01 -2.000000e+01
     vertex  1.377880e+01  1.350863e+01 -2.000000e+01
   endloop
 endfacet
 facet normal  6.075851e-01 -2.735597e-02 -7.937833e-01
   outer loop
     vertex  3.392239e+01 -3.426410e+00 -2.097831e+00
     vertex  3.407666e+01  0.000000e+00 -2.097831e+00
     vertex  3.555699e+01 -4.440892e-16 -9.647391e-01
   endloop
 endfacet
 facet normal  6.082984e-01 -2.788303e-02 -7.932185e-01
   outer loop
     vertex  3.392239e+01 -3.426410e+00 -2.097831e+00
     vertex  3.555699e+01 -4.440892e-16 -9.647391e-01
     vertex  3.539394e+01 -3.557153e+00 -9.647391e-01
   endloop
 endfacet
 facet normal  4.931484e-01  3.581643e-01 -7.927944e-01
   outer loop
     vertex  1.895376e+01  1.276404e+01 -1.903526e+01
     vertex  1.764209e+01  1.457006e+01 -1.903526e+01
     vertex  1.877508e+01  1.551815e+01 -1.790217e+01
   endloop
 endfacet
 facet normal  4.942374e-01  3.579885e-01 -7.921954e-01
   outer loop
     vertex  1.895376e+01  1.276404e+01 -1.903526e+01
     vertex  1.877508e+01  1.551815e+01 -1.790217e+01
     vertex  2.016794e+01  1.359518e+01 -1.790217e+01
   endloop
 endfacet
 facet normal  3.122744e-01  2.267990e-01 -9.225220e-01
   outer loop
     vertex  1.895376e+01  1.276404e+01 -1.903526e+01
     vertex  1.633556e+01  1.345879e+01 -1.975072e+01
     vertex  1.764209e+01  1.457006e+01 -1.903526e+01
   endloop
 endfacet
 facet normal  3.817582e-01 -5.411384e-02 -9.226768e-01
   outer loop
     vertex  3.490211e+01 -7.026860e+00 -9.647391e-01
     vertex  3.539394e+01 -3.557153e+00 -9.647391e-01
     vertex  3.710358e+01 -3.695221e+00 -2.492771e-01
   endloop
 endfacet
 facet normal  3.835885e-01 -5.550413e-02 -9.218347e-01
   outer loop
     vertex  3.490211e+01 -7.026860e+00 -9.647391e-01
     vertex  3.710358e+01 -3.695221e+00 -2.492771e-01
     vertex  3.657846e+01 -7.324342e+00 -2.492771e-01
   endloop
 endfacet
 facet normal  6.819072e-01  4.010637e-01 -6.116784e-01
   outer loop
     vertex  2.139316e+01  1.150620e+01 -1.790217e+01
     vertex  2.113727e+01  1.423230e+01 -1.640000e+01
     vertex  2.242116e+01  1.204936e+01 -1.640000e+01
   endloop
 endfacet
 facet normal  6.830576e-01  4.006231e-01 -6.106828e-01
   outer loop
     vertex  2.139316e+01  1.150620e+01 -1.790217e+01
     vertex  2.016794e+01  1.359518e+01 -1.790217e+01
     vertex  2.113727e+01  1.423230e+01 -1.640000e+01
   endloop
 endfacet
 facet normal  7.922155e-01 -3.584942e-02 -6.091875e-01
   outer loop
     vertex  3.277196e+01 -3.305549e+00 -3.600000e+00
     vertex  3.292154e+01 -1.332268e-15 -3.600000e+00
     vertex  3.407666e+01  0.000000e+00 -2.097831e+00
   endloop
 endfacet
 facet normal  7.920288e-01 -3.566037e-02 -6.094413e-01
   outer loop
     vertex  3.277196e+01 -3.305549e+00 -3.600000e+00
     vertex  3.407666e+01  0.000000e+00 -2.097831e+00
     vertex  3.392239e+01 -3.426410e+00 -2.097831e+00
   endloop
 endfacet
 facet normal  1.313509e-01 -4.185478e-02 -9.904520e-01
   outer loop
     vertex  3.570348e+01 -1.086197e+01 -2.492771e-01
     vertex  3.786162e+01 -9.988070e+00  0.000000e+00
     vertex  3.666008e+01 -1.375882e+01  0.000000e+00
   endloop
 endfacet
 facet normal  3.767978e-01 -9.319507e-02 -9.215954e-01
   outer loop
     vertex  3.570348e+01 -1.086197e+01 -2.492771e-01
     vertex  3.490211e+01 -7.026860e+00 -9.647391e-01
     vertex  3.657846e+01 -7.324342e+00 -2.492771e-01
   endloop
 endfacet
 facet normal  1.272536e-01 -3.147419e-02 -9.913707e-01
   outer loop
     vertex  3.570348e+01 -1.086197e+01 -2.492771e-01
     vertex  3.657846e+01 -7.324342e+00 -2.492771e-01
     vertex  3.786162e+01 -9.988070e+00  0.000000e+00
   endloop
 endfacet
 facet normal  1.086049e-01  7.951438e-02 -9.908998e-01
   outer loop
     vertex  1.755806e+01  1.178903e+01 -1.975072e+01
     vertex  1.557441e+01  1.139194e+01 -2.000000e+01
     vertex  1.633556e+01  1.345879e+01 -1.975072e+01
   endloop
 endfacet
 facet normal  1.105076e-01  7.031431e-02 -9.913849e-01
   outer loop
     vertex  1.755806e+01  1.178903e+01 -1.975072e+01
     vertex  1.691675e+01  9.282293e+00 -2.000000e+01
     vertex  1.557441e+01  1.139194e+01 -2.000000e+01
   endloop
 endfacet
 facet normal  3.126566e-01  2.289094e-01 -9.218711e-01
   outer loop
     vertex  1.755806e+01  1.178903e+01 -1.975072e+01
     vertex  1.633556e+01  1.345879e+01 -1.975072e+01
     vertex  1.895376e+01  1.276404e+01 -1.903526e+01
   endloop
 endfacet
 facet normal  7.162222e-01  3.360285e-01 -6.116458e-01
   outer loop
     vertex  2.350623e+01  9.736600e+00 -1.640000e+01
     vertex  2.139316e+01  1.150620e+01 -1.790217e+01
     vertex  2.242116e+01  1.204936e+01 -1.640000e+01
   endloop
 endfacet
 facet normal  6.044657e-01 -8.568241e-02 -7.920099e-01
   outer loop
     vertex  3.345585e+01 -6.756018e+00 -2.097831e+00
     vertex  3.539394e+01 -3.557153e+00 -9.647391e-01
     vertex  3.490211e+01 -7.026860e+00 -9.647391e-01
   endloop
 endfacet
 facet normal  6.031843e-01 -8.451591e-02 -7.931114e-01
   outer loop
     vertex  3.345585e+01 -6.756018e+00 -2.097831e+00
     vertex  3.392239e+01 -3.426410e+00 -2.097831e+00
     vertex  3.539394e+01 -3.557153e+00 -9.647391e-01
   endloop
 endfacet
 facet normal  7.848154e-01 -1.099654e-01 -6.098954e-01
   outer loop
     vertex  3.345585e+01 -6.756018e+00 -2.097831e+00
     vertex  3.277196e+01 -3.305549e+00 -3.600000e+00
     vertex  3.392239e+01 -3.426410e+00 -2.097831e+00
   endloop
 endfacet
 facet normal  5.267447e-01  3.096899e-01 -7.916010e-01
   outer loop
     vertex  2.010506e+01  1.080583e+01 -1.903526e+01
     vertex  1.895376e+01  1.276404e+01 -1.903526e+01
     vertex  2.016794e+01  1.359518e+01 -1.790217e+01
   endloop
 endfacet
 facet normal  5.276341e-01  3.094650e-01 -7.910965e-01
   outer loop
     vertex  2.010506e+01  1.080583e+01 -1.903526e+01
     vertex  2.016794e+01  1.359518e+01 -1.790217e+01
     vertex  2.139316e+01  1.150620e+01 -1.790217e+01
   endloop
 endfacet
 facet normal  3.787079e-01 -9.265989e-02 -9.208661e-01
   outer loop
     vertex  3.407865e+01 -1.039243e+01 -9.647391e-01
     vertex  3.490211e+01 -7.026860e+00 -9.647391e-01
     vertex  3.570348e+01 -1.086197e+01 -2.492771e-01
   endloop
 endfacet
 facet normal  7.161119e-01  3.355767e-01 -6.120229e-01
   outer loop
     vertex  2.243110e+01  9.291264e+00 -1.790217e+01
     vertex  2.139316e+01  1.150620e+01 -1.790217e+01
     vertex  2.350623e+01  9.736600e+00 -1.640000e+01
   endloop
 endfacet
 facet normal  7.843885e-01 -1.102654e-01 -6.103902e-01
   outer loop
     vertex  3.231993e+01 -6.521108e+00 -3.600000e+00
     vertex  3.277196e+01 -3.305549e+00 -3.600000e+00
     vertex  3.345585e+01 -6.756018e+00 -2.097831e+00
   endloop
 endfacet
 facet normal  1.265147e-01 -5.416615e-02 -9.904848e-01
   outer loop
     vertex  3.448378e+01 -1.428365e+01 -2.492771e-01
     vertex  3.666008e+01 -1.375882e+01  0.000000e+00
     vertex  3.525891e+01 -1.703149e+01  0.000000e+00
   endloop
 endfacet
 facet normal  1.242200e-01 -4.427960e-02 -9.912662e-01
   outer loop
     vertex  3.448378e+01 -1.428365e+01 -2.492771e-01
     vertex  3.570348e+01 -1.086197e+01 -2.492771e-01
     vertex  3.666008e+01 -1.375882e+01  0.000000e+00
   endloop
 endfacet
 facet normal  3.359579e-01  1.975203e-01 -9.209332e-01
   outer loop
     vertex  1.862411e+01  9.988912e+00 -1.975072e+01
     vertex  1.895376e+01  1.276404e+01 -1.903526e+01
     vertex  2.010506e+01  1.080583e+01 -1.903526e+01
   endloop
 endfacet
 facet normal  3.341461e-01  1.978852e-01 -9.215139e-01
   outer loop
     vertex  1.862411e+01  9.988912e+00 -1.975072e+01
     vertex  1.755806e+01  1.178903e+01 -1.975072e+01
     vertex  1.895376e+01  1.276404e+01 -1.903526e+01
   endloop
 endfacet
 facet normal  1.161870e-01  6.880726e-02 -9.908411e-01
   outer loop
     vertex  1.862411e+01  9.988912e+00 -1.975072e+01
     vertex  1.691675e+01  9.282293e+00 -2.000000e+01
     vertex  1.755806e+01  1.178903e+01 -1.975072e+01
   endloop
 endfacet
 facet normal  7.437852e-01  2.687405e-01 -6.120148e-01
   outer loop
     vertex  2.437434e+01  7.333969e+00 -1.640000e+01
     vertex  2.243110e+01  9.291264e+00 -1.790217e+01
     vertex  2.350623e+01  9.736600e+00 -1.640000e+01
   endloop
 endfacet
 facet normal  5.933844e-01 -1.443044e-01 -7.918783e-01
   outer loop
     vertex  3.267259e+01 -9.976840e+00 -2.097831e+00
     vertex  3.345585e+01 -6.756018e+00 -2.097831e+00
     vertex  3.490211e+01 -7.026860e+00 -9.647391e-01
   endloop
 endfacet
 facet normal  5.943877e-01 -1.454311e-01 -7.909192e-01
   outer loop
     vertex  3.267259e+01 -9.976840e+00 -2.097831e+00
     vertex  3.490211e+01 -7.026860e+00 -9.647391e-01
     vertex  3.407865e+01 -1.039243e+01 -9.647391e-01
   endloop
 endfacet
 facet normal  7.692475e-01 -1.870723e-01 -6.109519e-01
   outer loop
     vertex  3.267259e+01 -9.976840e+00 -2.097831e+00
     vertex  3.231993e+01 -6.521108e+00 -3.600000e+00
     vertex  3.345585e+01 -6.756018e+00 -2.097831e+00
   endloop
 endfacet
 facet normal  5.545443e-01  2.598646e-01 -7.905384e-01
   outer loop
     vertex  2.107837e+01  8.730947e+00 -1.903526e+01
     vertex  2.139316e+01  1.150620e+01 -1.790217e+01
     vertex  2.243110e+01  9.291264e+00 -1.790217e+01
   endloop
 endfacet
 facet normal  5.542174e-01  2.599798e-01 -7.907297e-01
   outer loop
     vertex  2.107837e+01  8.730947e+00 -1.903526e+01
     vertex  2.010506e+01  1.080583e+01 -1.903526e+01
     vertex  2.139316e+01  1.150620e+01 -1.790217e+01
   endloop
 endfacet
 facet normal  3.676688e-01 -1.306571e-01 -9.207325e-01
   outer loop
     vertex  3.292525e+01 -1.363808e+01 -9.647391e-01
     vertex  3.407865e+01 -1.039243e+01 -9.647391e-01
     vertex  3.570348e+01 -1.086197e+01 -2.492771e-01
   endloop
 endfacet
 facet normal  3.681786e-01 -1.312413e-01 -9.204457e-01
   outer loop
     vertex  3.292525e+01 -1.363808e+01 -9.647391e-01
     vertex  3.570348e+01 -1.086197e+01 -2.492771e-01
     vertex  3.448378e+01 -1.428365e+01 -2.492771e-01
   endloop
 endfacet
 facet normal  7.439365e-01  2.691804e-01 -6.116374e-01
   outer loop
     vertex  2.326336e+01  6.991139e+00 -1.790217e+01
     vertex  2.243110e+01  9.291264e+00 -1.790217e+01
     vertex  2.437434e+01  7.333969e+00 -1.640000e+01
   endloop
 endfacet
 facet normal  7.688537e-01 -1.872979e-01 -6.113783e-01
   outer loop
     vertex  3.156160e+01 -9.634010e+00 -3.600000e+00
     vertex  3.231993e+01 -6.521108e+00 -3.600000e+00
     vertex  3.267259e+01 -9.976840e+00 -2.097831e+00
   endloop
 endfacet
 facet normal  1.188730e-01 -5.639632e-02 -9.913065e-01
   outer loop
     vertex  3.292675e+01 -1.756560e+01 -2.492771e-01
     vertex  3.448378e+01 -1.428365e+01 -2.492771e-01
     vertex  3.525891e+01 -1.703149e+01  0.000000e+00
   endloop
 endfacet
 facet normal  1.210254e-01 -6.619921e-02 -9.904396e-01
   outer loop
     vertex  3.292675e+01 -1.756560e+01 -2.492771e-01
     vertex  3.525891e+01 -1.703149e+01  0.000000e+00
     vertex  3.335970e+01 -2.050363e+01  0.000000e+00
   endloop
 endfacet
 facet normal  1.211029e-01  5.698612e-02 -9.910029e-01
   outer loop
     vertex  1.951984e+01  8.085381e+00 -1.975072e+01
     vertex  1.691675e+01  9.282293e+00 -2.000000e+01
     vertex  1.862411e+01  9.988912e+00 -1.975072e+01
   endloop
 endfacet
 facet normal  3.538076e-01  1.659688e-01 -9.204752e-01
   outer loop
     vertex  1.951984e+01  8.085381e+00 -1.975072e+01
     vertex  2.010506e+01  1.080583e+01 -1.903526e+01
     vertex  2.107837e+01  8.730947e+00 -1.903526e+01
   endloop
 endfacet
 facet normal  3.531361e-01  1.661715e-01 -9.206964e-01
   outer loop
     vertex  1.951984e+01  8.085381e+00 -1.975072e+01
     vertex  1.862411e+01  9.988912e+00 -1.975072e+01
     vertex  2.010506e+01  1.080583e+01 -1.903526e+01
   endloop
 endfacet
 facet normal  1.202755e-01  5.514395e-02 -9.912078e-01
   outer loop
     vertex  1.951984e+01  8.085381e+00 -1.975072e+01
     vertex  1.807343e+01  6.759427e+00 -2.000000e+01
     vertex  1.691675e+01  9.282293e+00 -2.000000e+01
   endloop
 endfacet
 facet normal  5.771585e-01 -2.051028e-01 -7.904562e-01
   outer loop
     vertex  3.157252e+01 -1.307777e+01 -2.097831e+00
     vertex  3.407865e+01 -1.039243e+01 -9.647391e-01
     vertex  3.292525e+01 -1.363808e+01 -9.647391e-01
   endloop
 endfacet
 facet normal  5.768175e-01 -2.046276e-01 -7.908282e-01
   outer loop
     vertex  3.157252e+01 -1.307777e+01 -2.097831e+00
     vertex  3.267259e+01 -9.976840e+00 -2.097831e+00
     vertex  3.407865e+01 -1.039243e+01 -9.647391e-01
   endloop
 endfacet
 facet normal  3.675374e-01  1.328220e-01 -9.204752e-01
   outer loop
     vertex  2.185730e+01  6.575547e+00 -1.903526e+01
     vertex  1.951984e+01  8.085381e+00 -1.975072e+01
     vertex  2.107837e+01  8.730947e+00 -1.903526e+01
   endloop
 endfacet
 facet normal  5.759633e-01  2.081437e-01 -7.905330e-01
   outer loop
     vertex  2.185730e+01  6.575547e+00 -1.903526e+01
     vertex  2.107837e+01  8.730947e+00 -1.903526e+01
     vertex  2.243110e+01  9.291264e+00 -1.790217e+01
   endloop
 endfacet
 facet normal  5.756503e-01  2.082890e-01 -7.907227e-01
   outer loop
     vertex  2.185730e+01  6.575547e+00 -1.903526e+01
     vertex  2.243110e+01  9.291264e+00 -1.790217e+01
     vertex  2.326336e+01  6.991139e+00 -1.790217e+01
   endloop
 endfacet
 facet normal  3.529951e-01 -1.678900e-01 -9.204387e-01
   outer loop
     vertex  3.144580e+01 -1.674868e+01 -9.647391e-01
     vertex  3.292525e+01 -1.363808e+01 -9.647391e-01
     vertex  3.448378e+01 -1.428365e+01 -2.492771e-01
   endloop
 endfacet
 facet normal  3.525499e-01 -1.672585e-01 -9.207243e-01
   outer loop
     vertex  3.144580e+01 -1.674868e+01 -9.647391e-01
     vertex  3.448378e+01 -1.428365e+01 -2.492771e-01
     vertex  3.292675e+01 -1.756560e+01 -2.492771e-01
   endloop
 endfacet
 facet normal  7.655183e-01  1.995134e-01 -6.116994e-01
   outer loop
     vertex  2.387413e+01  4.647641e+00 -1.790217e+01
     vertex  2.326336e+01  6.991139e+00 -1.790217e+01
     vertex  2.437434e+01  7.333969e+00 -1.640000e+01
   endloop
 endfacet
 facet normal  7.665027e-01  1.987748e-01 -6.107063e-01
   outer loop
     vertex  2.387413e+01  4.647641e+00 -1.790217e+01
     vertex  2.437434e+01  7.333969e+00 -1.640000e+01
     vertex  2.501006e+01  4.882551e+00 -1.640000e+01
   endloop
 endfacet
 facet normal  7.454936e-01 -2.645948e-01 -6.117425e-01
   outer loop
     vertex  3.049739e+01 -1.263243e+01 -3.600000e+00
     vertex  3.156160e+01 -9.634010e+00 -3.600000e+00
     vertex  3.267259e+01 -9.976840e+00 -2.097831e+00
   endloop
 endfacet
 facet normal  7.454151e-01 -2.644380e-01 -6.119059e-01
   outer loop
     vertex  3.049739e+01 -1.263243e+01 -3.600000e+00
     vertex  3.267259e+01 -9.976840e+00 -2.097831e+00
     vertex  3.157252e+01 -1.307777e+01 -2.097831e+00
   endloop
 endfacet
 facet normal  1.126605e-01 -7.651300e-02 -9.906833e-01
   outer loop
     vertex  3.104397e+01 -2.068578e+01 -2.492771e-01
     vertex  3.335970e+01 -2.050363e+01  0.000000e+00
     vertex  3.135965e+01 -2.344858e+01  0.000000e+00
   endloop
 endfacet
 facet normal  1.120371e-01 -6.760537e-02 -9.914016e-01
   outer loop
     vertex  3.104397e+01 -2.068578e+01 -2.492771e-01
     vertex  3.292675e+01 -1.756560e+01 -2.492771e-01
     vertex  3.335970e+01 -2.050363e+01  0.000000e+00
   endloop
 endfacet
 facet normal  3.672059e-01  1.322039e-01 -9.206964e-01
   outer loop
     vertex  2.023246e+01  6.106009e+00 -1.975072e+01
     vertex  1.951984e+01  8.085381e+00 -1.975072e+01
     vertex  2.185730e+01  6.575547e+00 -1.903526e+01
   endloop
 endfacet
 facet normal  1.283649e-01  4.621479e-02 -9.906496e-01
   outer loop
     vertex  2.023246e+01  6.106009e+00 -1.975072e+01
     vertex  1.807343e+01  6.759427e+00 -2.000000e+01
     vertex  1.951984e+01  8.085381e+00 -1.975072e+01
   endloop
 endfacet
 facet normal  1.256445e-01  3.694452e-02 -9.913872e-01
   outer loop
     vertex  2.023246e+01  6.106009e+00 -1.975072e+01
     vertex  1.885577e+01  4.098785e+00 -2.000000e+01
     vertex  1.807343e+01  6.759427e+00 -2.000000e+01
   endloop
 endfacet
 facet normal  5.530085e-01 -2.633892e-01 -7.904478e-01
   outer loop
     vertex  3.015770e+01 -1.604832e+01 -2.097831e+00
     vertex  3.157252e+01 -1.307777e+01 -2.097831e+00
     vertex  3.292525e+01 -1.363808e+01 -9.647391e-01
   endloop
 endfacet
 facet normal  5.527186e-01 -2.628816e-01 -7.908195e-01
   outer loop
     vertex  3.015770e+01 -1.604832e+01 -2.097831e+00
     vertex  3.292525e+01 -1.363808e+01 -9.647391e-01
     vertex  3.144580e+01 -1.674868e+01 -9.647391e-01
   endloop
 endfacet
 facet normal  5.913136e-01  1.541112e-01 -7.915794e-01
   outer loop
     vertex  2.242787e+01  4.376798e+00 -1.903526e+01
     vertex  2.326336e+01  6.991139e+00 -1.790217e+01
     vertex  2.387413e+01  4.647641e+00 -1.790217e+01
   endloop
 endfacet
 facet normal  5.920935e-01  1.536483e-01 -7.910863e-01
   outer loop
     vertex  2.242787e+01  4.376798e+00 -1.903526e+01
     vertex  2.185730e+01  6.575547e+00 -1.903526e+01
     vertex  2.326336e+01  6.991139e+00 -1.790217e+01
   endloop
 endfacet
 facet normal  3.333074e-01 -2.022665e-01 -9.208661e-01
   outer loop
     vertex  2.964826e+01 -1.971078e+01 -9.647391e-01
     vertex  3.144580e+01 -1.674868e+01 -9.647391e-01
     vertex  3.292675e+01 -1.756560e+01 -2.492771e-01
   endloop
 endfacet
 facet normal  3.323351e-01 -2.005374e-01 -9.215954e-01
   outer loop
     vertex  2.964826e+01 -1.971078e+01 -9.647391e-01
     vertex  3.292675e+01 -1.756560e+01 -2.492771e-01
     vertex  3.104397e+01 -2.068578e+01 -2.492771e-01
   endloop
 endfacet
 facet normal  7.818659e-01  1.250001e-01 -6.107869e-01
   outer loop
     vertex  2.424898e+01  2.302998e+00 -1.790217e+01
     vertex  2.387413e+01  4.647641e+00 -1.790217e+01
     vertex  2.501006e+01  4.882551e+00 -1.640000e+01
   endloop
 endfacet
 facet normal  7.829542e-01  1.239868e-01 -6.095982e-01
   outer loop
     vertex  2.424898e+01  2.302998e+00 -1.790217e+01
     vertex  2.501006e+01  4.882551e+00 -1.640000e+01
     vertex  2.539941e+01  2.423859e+00 -1.640000e+01
   endloop
 endfacet
 facet normal  7.141241e-01 -3.399915e-01 -6.119089e-01
   outer loop
     vertex  2.912970e+01 -1.550515e+01 -3.600000e+00
     vertex  3.049739e+01 -1.263243e+01 -3.600000e+00
     vertex  3.157252e+01 -1.307777e+01 -2.097831e+00
   endloop
 endfacet
 facet normal  7.141864e-01 -3.401557e-01 -6.117449e-01
   outer loop
     vertex  2.912970e+01 -1.550515e+01 -3.600000e+00
     vertex  3.157252e+01 -1.307777e+01 -2.097831e+00
     vertex  3.015770e+01 -1.604832e+01 -2.097831e+00
   endloop
 endfacet
 facet normal  1.038541e-01 -7.759842e-02 -9.915608e-01
   outer loop
     vertex  2.884911e+01 -2.362328e+01 -2.492771e-01
     vertex  3.104397e+01 -2.068578e+01 -2.492771e-01
     vertex  3.135965e+01 -2.344858e+01  0.000000e+00
   endloop
 endfacet
 facet normal  1.044022e-01 -8.662537e-02 -9.907554e-01
   outer loop
     vertex  2.884911e+01 -2.362328e+01 -2.492771e-01
     vertex  3.135965e+01 -2.344858e+01  0.000000e+00
     vertex  2.883299e+01 -2.649375e+01  0.000000e+00
   endloop
 endfacet
 facet normal  3.775644e-01  9.669971e-02 -9.209204e-01
   outer loop
     vertex  2.075153e+01  4.079316e+00 -1.975072e+01
     vertex  2.023246e+01  6.106009e+00 -1.975072e+01
     vertex  2.185730e+01  6.575547e+00 -1.903526e+01
   endloop
 endfacet
 facet normal  3.759730e-01  9.756502e-02 -9.214800e-01
   outer loop
     vertex  2.075153e+01  4.079316e+00 -1.975072e+01
     vertex  2.185730e+01  6.575547e+00 -1.903526e+01
     vertex  2.242787e+01  4.376798e+00 -1.903526e+01
   endloop
 endfacet
 facet normal  1.306344e-01  3.345735e-02 -9.908659e-01
   outer loop
     vertex  2.075153e+01  4.079316e+00 -1.975072e+01
     vertex  1.885577e+01  4.098785e+00 -2.000000e+01
     vertex  2.023246e+01  6.106009e+00 -1.975072e+01
   endloop
 endfacet
 facet normal  1.305426e-01  1.961822e-02 -9.912486e-01
   outer loop
     vertex  2.075153e+01  4.079316e+00 -1.975072e+01
     vertex  1.922739e+01  1.625947e+00 -2.000000e+01
     vertex  1.885577e+01  4.098785e+00 -2.000000e+01
   endloop
 endfacet
 facet normal  5.220942e-01 -3.168312e-01 -7.918559e-01
   outer loop
     vertex  2.843409e+01 -1.887964e+01 -2.097831e+00
     vertex  3.144580e+01 -1.674868e+01 -9.647391e-01
     vertex  2.964826e+01 -1.971078e+01 -9.647391e-01
   endloop
 endfacet
 facet normal  5.227074e-01 -3.182066e-01 -7.908992e-01
   outer loop
     vertex  2.843409e+01 -1.887964e+01 -2.097831e+00
     vertex  3.015770e+01 -1.604832e+01 -2.097831e+00
     vertex  3.144580e+01 -1.674868e+01 -9.647391e-01
   endloop
 endfacet
 facet normal  6.018798e-01  9.622498e-02 -7.927682e-01
   outer loop
     vertex  2.277742e+01  2.172255e+00 -1.903526e+01
     vertex  2.387413e+01  4.647641e+00 -1.790217e+01
     vertex  2.424898e+01  2.302998e+00 -1.790217e+01
   endloop
 endfacet
 facet normal  6.027509e-01  9.557213e-02 -7.921851e-01
   outer loop
     vertex  2.277742e+01  2.172255e+00 -1.903526e+01
     vertex  2.242787e+01  4.376798e+00 -1.903526e+01
     vertex  2.387413e+01  4.647641e+00 -1.790217e+01
   endloop
 endfacet
 facet normal  3.089229e-01 -2.308233e-01 -9.226523e-01
   outer loop
     vertex  2.754258e+01 -2.251201e+01 -9.647391e-01
     vertex  3.104397e+01 -2.068578e+01 -2.492771e-01
     vertex  2.884911e+01 -2.362328e+01 -2.492771e-01
   endloop
 endfacet
 facet normal  3.098393e-01 -2.329057e-01 -9.218213e-01
   outer loop
     vertex  2.754258e+01 -2.251201e+01 -9.647391e-01
     vertex  2.964826e+01 -1.971078e+01 -9.647391e-01
     vertex  3.104397e+01 -2.068578e+01 -2.492771e-01
   endloop
 endfacet
 facet normal  7.914570e-01  4.376853e-02 -6.096558e-01
   outer loop
     vertex  2.437634e+01  4.440892e-16 -1.790217e+01
     vertex  2.424898e+01  2.302998e+00 -1.790217e+01
     vertex  2.539941e+01  2.423859e+00 -1.640000e+01
   endloop
 endfacet
 facet normal  7.919869e-01  4.314571e-02 -6.090117e-01
   outer loop
     vertex  2.437634e+01  4.440892e-16 -1.790217e+01
     vertex  2.539941e+01  2.423859e+00 -1.640000e+01
     vertex  2.553146e+01  4.440892e-16 -1.640000e+01
   endloop
 endfacet
 facet normal  6.078705e-01  3.361598e-02 -7.933243e-01
   outer loop
     vertex  2.437634e+01  4.440892e-16 -1.790217e+01
     vertex  2.277742e+01  2.172255e+00 -1.903526e+01
     vertex  2.424898e+01  2.302998e+00 -1.790217e+01
   endloop
 endfacet
 facet normal  6.762203e-01 -4.116600e-01 -6.109519e-01
   outer loop
     vertex  2.746476e+01 -1.824252e+01 -3.600000e+00
     vertex  3.015770e+01 -1.604832e+01 -2.097831e+00
     vertex  2.843409e+01 -1.887964e+01 -2.097831e+00
   endloop
 endfacet
 facet normal  6.761013e-01 -4.112221e-01 -6.113783e-01
   outer loop
     vertex  2.746476e+01 -1.824252e+01 -3.600000e+00
     vertex  2.912970e+01 -1.550515e+01 -3.600000e+00
     vertex  3.015770e+01 -1.604832e+01 -2.097831e+00
   endloop
 endfacet
 facet normal  9.471758e-02 -9.533253e-02 -9.909290e-01
   outer loop
     vertex  2.635984e+01 -2.635984e+01 -2.492771e-01
     vertex  2.883299e+01 -2.649375e+01  0.000000e+00
     vertex  2.630679e+01 -2.900365e+01  0.000000e+00
   endloop
 endfacet
 facet normal  9.526251e-02 -8.665377e-02 -9.916734e-01
   outer loop
     vertex  2.635984e+01 -2.635984e+01 -2.492771e-01
     vertex  2.884911e+01 -2.362328e+01 -2.492771e-01
     vertex  2.883299e+01 -2.649375e+01  0.000000e+00
   endloop
 endfacet
 facet normal  3.811825e-01  6.044026e-02 -9.225220e-01
   outer loop
     vertex  2.106779e+01  2.034186e+00 -1.975072e+01
     vertex  2.242787e+01  4.376798e+00 -1.903526e+01
     vertex  2.277742e+01  2.172255e+00 -1.903526e+01
   endloop
 endfacet
 facet normal  3.829450e-01  5.921818e-02 -9.218711e-01
   outer loop
     vertex  2.106779e+01  2.034186e+00 -1.975072e+01
     vertex  2.075153e+01  4.079316e+00 -1.975072e+01
     vertex  2.242787e+01  4.376798e+00 -1.903526e+01
   endloop
 endfacet
 facet normal  1.298207e-01  2.007533e-02 -9.913342e-01
   outer loop
     vertex  2.106779e+01  2.034186e+00 -1.975072e+01
     vertex  1.922739e+01  1.625947e+00 -2.000000e+01
     vertex  2.075153e+01  4.079316e+00 -1.975072e+01
   endloop
 endfacet
 facet normal  4.868893e-01 -3.659939e-01 -7.930872e-01
   outer loop
     vertex  2.640959e+01 -2.156391e+01 -2.097831e+00
     vertex  2.964826e+01 -1.971078e+01 -9.647391e-01
     vertex  2.754258e+01 -2.251201e+01 -9.647391e-01
   endloop
 endfacet
 facet normal  4.874426e-01 -3.676327e-01 -7.919886e-01
   outer loop
     vertex  2.640959e+01 -2.156391e+01 -2.097831e+00
     vertex  2.843409e+01 -1.887964e+01 -2.097831e+00
     vertex  2.964826e+01 -1.971078e+01 -9.647391e-01
   endloop
 endfacet
 facet normal  6.324082e-01 -4.769668e-01 -6.103791e-01
   outer loop
     vertex  2.640959e+01 -2.156391e+01 -2.097831e+00
     vertex  2.746476e+01 -1.824252e+01 -3.600000e+00
     vertex  2.843409e+01 -1.887964e+01 -2.097831e+00
   endloop
 endfacet
 facet normal  6.074783e-01  3.316063e-02 -7.936438e-01
   outer loop
     vertex  2.289600e+01  4.440892e-16 -1.903526e+01
     vertex  2.277742e+01  2.172255e+00 -1.903526e+01
     vertex  2.437634e+01  4.440892e-16 -1.790217e+01
   endloop
 endfacet
 facet normal  2.841743e-01 -2.584938e-01 -9.232692e-01
   outer loop
     vertex  2.514259e+01 -2.514259e+01 -9.647391e-01
     vertex  2.884911e+01 -2.362328e+01 -2.492771e-01
     vertex  2.635984e+01 -2.635984e+01 -2.492771e-01
   endloop
 endfacet
 facet normal  2.845472e-01 -2.596045e-01 -9.228426e-01
   outer loop
     vertex  2.514259e+01 -2.514259e+01 -9.647391e-01
     vertex  2.754258e+01 -2.251201e+01 -9.647391e-01
     vertex  2.884911e+01 -2.362328e+01 -2.492771e-01
   endloop
 endfacet
 facet normal  4.498482e-01 -4.104157e-01 -7.932185e-01
   outer loop
     vertex  2.514259e+01 -2.514259e+01 -9.647391e-01
     vertex  2.640959e+01 -2.156391e+01 -2.097831e+00
     vertex  2.754258e+01 -2.251201e+01 -9.647391e-01
   endloop
 endfacet
 facet normal  6.074695e-01 -3.359380e-02 -7.936323e-01
   outer loop
     vertex  2.424898e+01 -2.302998e+00 -1.790217e+01
     vertex  2.289600e+01  4.440892e-16 -1.903526e+01
     vertex  2.437634e+01  4.440892e-16 -1.790217e+01
   endloop
 endfacet
 facet normal  7.915047e-01 -4.311944e-02 -6.096401e-01
   outer loop
     vertex  2.424898e+01 -2.302998e+00 -1.790217e+01
     vertex  2.553146e+01  4.440892e-16 -1.640000e+01
     vertex  2.539941e+01 -2.423859e+00 -1.640000e+01
   endloop
 endfacet
 facet normal  7.919644e-01 -4.379659e-02 -6.089944e-01
   outer loop
     vertex  2.424898e+01 -2.302998e+00 -1.790217e+01
     vertex  2.437634e+01  4.440892e-16 -1.790217e+01
     vertex  2.553146e+01  4.440892e-16 -1.640000e+01
   endloop
 endfacet
 facet normal  6.329239e-01 -4.769091e-01 -6.098894e-01
   outer loop
     vertex  2.551065e+01 -2.083590e+01 -3.600000e+00
     vertex  2.746476e+01 -1.824252e+01 -3.600000e+00
     vertex  2.640959e+01 -2.156391e+01 -2.097831e+00
   endloop
 endfacet
 facet normal  8.598549e-02 -1.050039e-01 -9.907475e-01
   outer loop
     vertex  2.362328e+01 -2.884911e+01 -2.492771e-01
     vertex  2.630679e+01 -2.900365e+01  0.000000e+00
     vertex  2.324522e+01 -3.151071e+01  0.000000e+00
   endloop
 endfacet
 facet normal  8.663409e-02 -9.524088e-02 -9.916772e-01
   outer loop
     vertex  2.362328e+01 -2.884911e+01 -2.492771e-01
     vertex  2.635984e+01 -2.635984e+01 -2.492771e-01
     vertex  2.630679e+01 -2.900365e+01  0.000000e+00
   endloop
 endfacet
 facet normal  1.327015e-01  6.964704e-03 -9.911316e-01
   outer loop
     vertex  2.117455e+01  8.881784e-16 -1.975072e+01
     vertex  1.922739e+01  1.625947e+00 -2.000000e+01
     vertex  2.106779e+01  2.034186e+00 -1.975072e+01
   endloop
 endfacet
 facet normal  1.290593e-01  2.526026e-03 -9.916337e-01
   outer loop
     vertex  2.117455e+01  8.881784e-16 -1.975072e+01
     vertex  1.927630e+01 -8.726939e-01 -2.000000e+01
     vertex  1.922739e+01  1.625947e+00 -2.000000e+01
   endloop
 endfacet
 facet normal  3.845796e-01  2.018427e-02 -9.228711e-01
   outer loop
     vertex  2.117455e+01  8.881784e-16 -1.975072e+01
     vertex  2.106779e+01  2.034186e+00 -1.975072e+01
     vertex  2.277742e+01  2.172255e+00 -1.903526e+01
   endloop
 endfacet
 facet normal  3.837034e-01  2.094535e-02 -9.232188e-01
   outer loop
     vertex  2.117455e+01  8.881784e-16 -1.975072e+01
     vertex  2.277742e+01  2.172255e+00 -1.903526e+01
     vertex  2.289600e+01  4.440892e-16 -1.903526e+01
   endloop
 endfacet
 facet normal  7.829542e-01 -1.239868e-01 -6.095982e-01
   outer loop
     vertex  2.501006e+01 -4.882551e+00 -1.640000e+01
     vertex  2.424898e+01 -2.302998e+00 -1.790217e+01
     vertex  2.539941e+01 -2.423859e+00 -1.640000e+01
   endloop
 endfacet
 facet normal  5.852646e-01 -5.348332e-01 -6.094413e-01
   outer loop
     vertex  2.409584e+01 -2.409584e+01 -2.097831e+00
     vertex  2.551065e+01 -2.083590e+01 -3.600000e+00
     vertex  2.640959e+01 -2.156391e+01 -2.097831e+00
   endloop
 endfacet
 facet normal  4.489712e-01 -4.102840e-01 -7.937833e-01
   outer loop
     vertex  2.409584e+01 -2.409584e+01 -2.097831e+00
     vertex  2.640959e+01 -2.156391e+01 -2.097831e+00
     vertex  2.514259e+01 -2.514259e+01 -9.647391e-01
   endloop
 endfacet
 facet normal  6.079035e-01 -3.318384e-02 -7.933172e-01
   outer loop
     vertex  2.277742e+01 -2.172255e+00 -1.903526e+01
     vertex  2.289600e+01  4.440892e-16 -1.903526e+01
     vertex  2.424898e+01 -2.302998e+00 -1.790217e+01
   endloop
 endfacet
 facet normal  4.099288e-01 -4.493146e-01 -7.937725e-01
   outer loop
     vertex  2.251201e+01 -2.754258e+01 -9.647391e-01
     vertex  2.409584e+01 -2.409584e+01 -2.097831e+00
     vertex  2.514259e+01 -2.514259e+01 -9.647391e-01
   endloop
 endfacet
 facet normal  2.588993e-01 -2.837743e-01 -9.232786e-01
   outer loop
     vertex  2.251201e+01 -2.754258e+01 -9.647391e-01
     vertex  2.514259e+01 -2.514259e+01 -9.647391e-01
     vertex  2.635984e+01 -2.635984e+01 -2.492771e-01
   endloop
 endfacet
 facet normal  2.591715e-01 -2.849193e-01 -9.228495e-01
   outer loop
     vertex  2.251201e+01 -2.754258e+01 -9.647391e-01
     vertex  2.635984e+01 -2.635984e+01 -2.492771e-01
     vertex  2.362328e+01 -2.884911e+01 -2.492771e-01
   endloop
 endfacet
 facet normal  7.818659e-01 -1.250001e-01 -6.107869e-01
   outer loop
     vertex  2.387413e+01 -4.647641e+00 -1.790217e+01
     vertex  2.424898e+01 -2.302998e+00 -1.790217e+01
     vertex  2.501006e+01 -4.882551e+00 -1.640000e+01
   endloop
 endfacet
 facet normal  6.018798e-01 -9.622498e-02 -7.927682e-01
   outer loop
     vertex  2.387413e+01 -4.647641e+00 -1.790217e+01
     vertex  2.277742e+01 -2.172255e+00 -1.903526e+01
     vertex  2.424898e+01 -2.302998e+00 -1.790217e+01
   endloop
 endfacet
 facet normal  5.855303e-01 -5.348316e-01 -6.091875e-01
   outer loop
     vertex  2.327904e+01 -2.327904e+01 -3.600000e+00
     vertex  2.551065e+01 -2.083590e+01 -3.600000e+00
     vertex  2.409584e+01 -2.409584e+01 -2.097831e+00
   endloop
 endfacet
 facet normal  7.762691e-02 -1.038922e-01 -9.915546e-01
   outer loop
     vertex  2.068578e+01 -3.104397e+01 -2.492771e-01
     vertex  2.362328e+01 -2.884911e+01 -2.492771e-01
     vertex  2.324522e+01 -3.151071e+01  0.000000e+00
   endloop
 endfacet
 facet normal  7.583627e-02 -1.132387e-01 -9.906694e-01
   outer loop
     vertex  2.068578e+01 -3.104397e+01 -2.492771e-01
     vertex  2.324522e+01 -3.151071e+01  0.000000e+00
     vertex  2.028657e+01 -3.349213e+01  0.000000e+00
   endloop
 endfacet
 facet normal  3.845178e-01 -2.098981e-02 -9.228789e-01
   outer loop
     vertex  2.106779e+01 -2.034186e+00 -1.975072e+01
     vertex  2.289600e+01  4.440892e-16 -1.903526e+01
     vertex  2.277742e+01 -2.172255e+00 -1.903526e+01
   endloop
 endfacet
 facet normal  1.333609e-01 -6.999311e-03 -9.910428e-01
   outer loop
     vertex  2.106779e+01 -2.034186e+00 -1.975072e+01
     vertex  1.927630e+01 -8.726939e-01 -2.000000e+01
     vertex  2.117455e+01  8.881784e-16 -1.975072e+01
   endloop
 endfacet
 facet normal  1.282027e-01 -1.508212e-02 -9.916333e-01
   outer loop
     vertex  2.106779e+01 -2.034186e+00 -1.975072e+01
     vertex  1.895242e+01 -3.625724e+00 -2.000000e+01
     vertex  1.927630e+01 -8.726939e-01 -2.000000e+01
   endloop
 endfacet
 facet normal  3.837097e-01 -2.013862e-02 -9.232341e-01
   outer loop
     vertex  2.106779e+01 -2.034186e+00 -1.975072e+01
     vertex  2.117455e+01  8.881784e-16 -1.975072e+01
     vertex  2.289600e+01  4.440892e-16 -1.903526e+01
   endloop
 endfacet
 facet normal  7.665027e-01 -1.987748e-01 -6.107063e-01
   outer loop
     vertex  2.437434e+01 -7.333969e+00 -1.640000e+01
     vertex  2.387413e+01 -4.647641e+00 -1.790217e+01
     vertex  2.501006e+01 -4.882551e+00 -1.640000e+01
   endloop
 endfacet
 facet normal  4.107899e-01 -4.495248e-01 -7.932082e-01
   outer loop
     vertex  2.156391e+01 -2.640959e+01 -2.097831e+00
     vertex  2.409584e+01 -2.409584e+01 -2.097831e+00
     vertex  2.251201e+01 -2.754258e+01 -9.647391e-01
   endloop
 endfacet
 facet normal  6.027509e-01 -9.557213e-02 -7.921851e-01
   outer loop
     vertex  2.242787e+01 -4.376798e+00 -1.903526e+01
     vertex  2.277742e+01 -2.172255e+00 -1.903526e+01
     vertex  2.387413e+01 -4.647641e+00 -1.790217e+01
   endloop
 endfacet
 facet normal  3.811825e-01 -6.044026e-02 -9.225220e-01
   outer loop
     vertex  2.242787e+01 -4.376798e+00 -1.903526e+01
     vertex  2.106779e+01 -2.034186e+00 -1.975072e+01
     vertex  2.277742e+01 -2.172255e+00 -1.903526e+01
   endloop
 endfacet
 facet normal  2.316795e-01 -3.082080e-01 -9.226768e-01
   outer loop
     vertex  1.971078e+01 -2.964826e+01 -9.647391e-01
     vertex  2.251201e+01 -2.754258e+01 -9.647391e-01
     vertex  2.362328e+01 -2.884911e+01 -2.492771e-01
   endloop
 endfacet
 facet normal  3.659939e-01 -4.868893e-01 -7.930872e-01
   outer loop
     vertex  1.971078e+01 -2.964826e+01 -9.647391e-01
     vertex  2.156391e+01 -2.640959e+01 -2.097831e+00
     vertex  2.251201e+01 -2.754258e+01 -9.647391e-01
   endloop
 endfacet
 facet normal  2.319907e-01 -3.104854e-01 -9.218347e-01
   outer loop
     vertex  1.971078e+01 -2.964826e+01 -9.647391e-01
     vertex  2.362328e+01 -2.884911e+01 -2.492771e-01
     vertex  2.068578e+01 -3.104397e+01 -2.492771e-01
   endloop
 endfacet
 facet normal  7.655183e-01 -1.995134e-01 -6.116994e-01
   outer loop
     vertex  2.326336e+01 -6.991139e+00 -1.790217e+01
     vertex  2.387413e+01 -4.647641e+00 -1.790217e+01
     vertex  2.437434e+01 -7.333969e+00 -1.640000e+01
   endloop
 endfacet
 facet normal  5.348316e-01 -5.855303e-01 -6.091875e-01
   outer loop
     vertex  2.083590e+01 -2.551065e+01 -3.600000e+00
     vertex  2.327904e+01 -2.327904e+01 -3.600000e+00
     vertex  2.409584e+01 -2.409584e+01 -2.097831e+00
   endloop
 endfacet
 facet normal  5.348332e-01 -5.852646e-01 -6.094413e-01
   outer loop
     vertex  2.083590e+01 -2.551065e+01 -3.600000e+00
     vertex  2.409584e+01 -2.409584e+01 -2.097831e+00
     vertex  2.156391e+01 -2.640959e+01 -2.097831e+00
   endloop
 endfacet
 facet normal  6.756191e-02 -1.119651e-01 -9.914127e-01
   outer loop
     vertex  1.756560e+01 -3.292675e+01 -2.492771e-01
     vertex  2.068578e+01 -3.104397e+01 -2.492771e-01
     vertex  2.028657e+01 -3.349213e+01  0.000000e+00
   endloop
 endfacet
 facet normal  6.547653e-02 -1.215643e-01 -9.904216e-01
   outer loop
     vertex  1.756560e+01 -3.292675e+01 -2.492771e-01
     vertex  2.028657e+01 -3.349213e+01  0.000000e+00
     vertex  1.680370e+01 -3.536805e+01  0.000000e+00
   endloop
 endfacet
 facet normal  1.321589e-01 -2.043691e-02 -9.910178e-01
   outer loop
     vertex  2.075153e+01 -4.079316e+00 -1.975072e+01
     vertex  1.895242e+01 -3.625724e+00 -2.000000e+01
     vertex  2.106779e+01 -2.034186e+00 -1.975072e+01
   endloop
 endfacet
 facet normal  3.829450e-01 -5.921818e-02 -9.218711e-01
   outer loop
     vertex  2.075153e+01 -4.079316e+00 -1.975072e+01
     vertex  2.106779e+01 -2.034186e+00 -1.975072e+01
     vertex  2.242787e+01 -4.376798e+00 -1.903526e+01
   endloop
 endfacet
 facet normal  3.676327e-01 -4.874426e-01 -7.919886e-01
   outer loop
     vertex  1.887964e+01 -2.843409e+01 -2.097831e+00
     vertex  2.156391e+01 -2.640959e+01 -2.097831e+00
     vertex  1.971078e+01 -2.964826e+01 -9.647391e-01
   endloop
 endfacet
 facet normal  5.914486e-01 -1.534809e-01 -7.916010e-01
   outer loop
     vertex  2.185730e+01 -6.575547e+00 -1.903526e+01
     vertex  2.242787e+01 -4.376798e+00 -1.903526e+01
     vertex  2.387413e+01 -4.647641e+00 -1.790217e+01
   endloop
 endfacet
 facet normal  5.919184e-01 -1.542689e-01 -7.910965e-01
   outer loop
     vertex  2.185730e+01 -6.575547e+00 -1.903526e+01
     vertex  2.387413e+01 -4.647641e+00 -1.790217e+01
     vertex  2.326336e+01 -6.991139e+00 -1.790217e+01
   endloop
 endfacet
 facet normal  2.014125e-01 -3.337853e-01 -9.208802e-01
   outer loop
     vertex  1.674868e+01 -3.144580e+01 -9.647391e-01
     vertex  2.068578e+01 -3.104397e+01 -2.492771e-01
     vertex  1.756560e+01 -3.292675e+01 -2.492771e-01
   endloop
 endfacet
 facet normal  2.013424e-01 -3.317845e-01 -9.216183e-01
   outer loop
     vertex  1.674868e+01 -3.144580e+01 -9.647391e-01
     vertex  1.971078e+01 -2.964826e+01 -9.647391e-01
     vertex  2.068578e+01 -3.104397e+01 -2.492771e-01
   endloop
 endfacet
 facet normal  3.168312e-01 -5.220942e-01 -7.918559e-01
   outer loop
     vertex  1.674868e+01 -3.144580e+01 -9.647391e-01
     vertex  1.887964e+01 -2.843409e+01 -2.097831e+00
     vertex  1.971078e+01 -2.964826e+01 -9.647391e-01
   endloop
 endfacet
 facet normal  7.439365e-01 -2.691804e-01 -6.116374e-01
   outer loop
     vertex  2.243110e+01 -9.291264e+00 -1.790217e+01
     vertex  2.326336e+01 -6.991139e+00 -1.790217e+01
     vertex  2.437434e+01 -7.333969e+00 -1.640000e+01
   endloop
 endfacet
 facet normal  7.437852e-01 -2.687405e-01 -6.120148e-01
   outer loop
     vertex  2.243110e+01 -9.291264e+00 -1.790217e+01
     vertex  2.437434e+01 -7.333969e+00 -1.640000e+01
     vertex  2.350623e+01 -9.736600e+00 -1.640000e+01
   endloop
 endfacet
 facet normal  4.769668e-01 -6.324082e-01 -6.103791e-01
   outer loop
     vertex  1.824252e+01 -2.746476e+01 -3.600000e+00
     vertex  2.156391e+01 -2.640959e+01 -2.097831e+00
     vertex  1.887964e+01 -2.843409e+01 -2.097831e+00
   endloop
 endfacet
 facet normal  4.769091e-01 -6.329239e-01 -6.098894e-01
   outer loop
     vertex  1.824252e+01 -2.746476e+01 -3.600000e+00
     vertex  2.083590e+01 -2.551065e+01 -3.600000e+00
     vertex  2.156391e+01 -2.640959e+01 -2.097831e+00
   endloop
 endfacet
 facet normal  5.340711e-02 -1.270099e-01 -9.904626e-01
   outer loop
     vertex  1.428365e+01 -3.448378e+01 -2.492771e-01
     vertex  1.680370e+01 -3.536805e+01  0.000000e+00
     vertex  1.352051e+01 -3.674862e+01  0.000000e+00
   endloop
 endfacet
 facet normal  5.636777e-02 -1.188128e-01 -9.913154e-01
   outer loop
     vertex  1.428365e+01 -3.448378e+01 -2.492771e-01
     vertex  1.756560e+01 -3.292675e+01 -2.492771e-01
     vertex  1.680370e+01 -3.536805e+01  0.000000e+00
   endloop
 endfacet
 facet normal  3.762030e-01 -9.635103e-02 -9.215139e-01
   outer loop
     vertex  2.023246e+01 -6.106009e+00 -1.975072e+01
     vertex  2.075153e+01 -4.079316e+00 -1.975072e+01
     vertex  2.242787e+01 -4.376798e+00 -1.903526e+01
   endloop
 endfacet
 facet normal  1.284405e-01 -3.332825e-02 -9.911570e-01
   outer loop
     vertex  2.023246e+01 -6.106009e+00 -1.975072e+01
     vertex  1.832443e+01 -6.045879e+00 -2.000000e+01
     vertex  1.895242e+01 -3.625724e+00 -2.000000e+01
   endloop
 endfacet
 facet normal  3.772260e-01 -9.789017e-02 -9.209332e-01
   outer loop
     vertex  2.023246e+01 -6.106009e+00 -1.975072e+01
     vertex  2.242787e+01 -4.376798e+00 -1.903526e+01
     vertex  2.185730e+01 -6.575547e+00 -1.903526e+01
   endloop
 endfacet
 facet normal  1.289929e-01 -3.303695e-02 -9.910950e-01
   outer loop
     vertex  2.023246e+01 -6.106009e+00 -1.975072e+01
     vertex  1.895242e+01 -3.625724e+00 -2.000000e+01
     vertex  2.075153e+01 -4.079316e+00 -1.975072e+01
   endloop
 endfacet
 facet normal  3.182066e-01 -5.227074e-01 -7.908992e-01
   outer loop
     vertex  1.604832e+01 -3.015770e+01 -2.097831e+00
     vertex  1.887964e+01 -2.843409e+01 -2.097831e+00
     vertex  1.674868e+01 -3.144580e+01 -9.647391e-01
   endloop
 endfacet
 facet normal  4.116600e-01 -6.762203e-01 -6.109519e-01
   outer loop
     vertex  1.604832e+01 -3.015770e+01 -2.097831e+00
     vertex  1.824252e+01 -2.746476e+01 -3.600000e+00
     vertex  1.887964e+01 -2.843409e+01 -2.097831e+00
   endloop
 endfacet
 facet normal  5.758741e-01 -2.083700e-01 -7.905384e-01
   outer loop
     vertex  2.107837e+01 -8.730947e+00 -1.903526e+01
     vertex  2.326336e+01 -6.991139e+00 -1.790217e+01
     vertex  2.243110e+01 -9.291264e+00 -1.790217e+01
   endloop
 endfacet
 facet normal  5.757244e-01 -2.080574e-01 -7.907297e-01
   outer loop
     vertex  2.107837e+01 -8.730947e+00 -1.903526e+01
     vertex  2.185730e+01 -6.575547e+00 -1.903526e+01
     vertex  2.326336e+01 -6.991139e+00 -1.790217e+01
   endloop
 endfacet
 facet normal  1.675400e-01 -3.531433e-01 -9.204457e-01
   outer loop
     vertex  1.363808e+01 -3.292525e+01 -9.647391e-01
     vertex  1.756560e+01 -3.292675e+01 -2.492771e-01
     vertex  1.428365e+01 -3.448378e+01 -2.492771e-01
   endloop
 endfacet
 facet normal  1.675925e-01 -3.523696e-01 -9.207325e-01
   outer loop
     vertex  1.363808e+01 -3.292525e+01 -9.647391e-01
     vertex  1.674868e+01 -3.144580e+01 -9.647391e-01
     vertex  1.756560e+01 -3.292675e+01 -2.492771e-01
   endloop
 endfacet
 facet normal  7.161119e-01 -3.355767e-01 -6.120229e-01
   outer loop
     vertex  2.139316e+01 -1.150620e+01 -1.790217e+01
     vertex  2.243110e+01 -9.291264e+00 -1.790217e+01
     vertex  2.350623e+01 -9.736600e+00 -1.640000e+01
   endloop
 endfacet
 facet normal  7.162222e-01 -3.360285e-01 -6.116458e-01
   outer loop
     vertex  2.139316e+01 -1.150620e+01 -1.790217e+01
     vertex  2.350623e+01 -9.736600e+00 -1.640000e+01
     vertex  2.242116e+01 -1.204936e+01 -1.640000e+01
   endloop
 endfacet
 facet normal  4.112221e-01 -6.761013e-01 -6.113783e-01
   outer loop
     vertex  1.550515e+01 -2.912970e+01 -3.600000e+00
     vertex  1.824252e+01 -2.746476e+01 -3.600000e+00
     vertex  1.604832e+01 -3.015770e+01 -2.097831e+00
   endloop
 endfacet
 facet normal  1.312413e-01 -3.681786e-01 -9.204457e-01
   outer loop
     vertex  1.086197e+01 -3.570348e+01 -2.492771e-01
     vertex  1.363808e+01 -3.292525e+01 -9.647391e-01
     vertex  1.428365e+01 -3.448378e+01 -2.492771e-01
   endloop
 endfacet
 facet normal  4.420110e-02 -1.239998e-01 -9.912973e-01
   outer loop
     vertex  1.086197e+01 -3.570348e+01 -2.492771e-01
     vertex  1.428365e+01 -3.448378e+01 -2.492771e-01
     vertex  1.352051e+01 -3.674862e+01  0.000000e+00
   endloop
 endfacet
 facet normal  4.105755e-02 -1.317886e-01 -9.904272e-01
   outer loop
     vertex  1.086197e+01 -3.570348e+01 -2.492771e-01
     vertex  1.352051e+01 -3.674862e+01  0.000000e+00
     vertex  9.743541e+00 -3.792530e+01  0.000000e+00
   endloop
 endfacet
 facet normal  1.279798e-01 -4.607615e-02 -9.907059e-01
   outer loop
     vertex  1.951984e+01 -8.085381e+00 -1.975072e+01
     vertex  1.832443e+01 -6.045879e+00 -2.000000e+01
     vertex  2.023246e+01 -6.106009e+00 -1.975072e+01
   endloop
 endfacet
 facet normal  3.675374e-01 -1.328220e-01 -9.204752e-01
   outer loop
     vertex  1.951984e+01 -8.085381e+00 -1.975072e+01
     vertex  2.185730e+01 -6.575547e+00 -1.903526e+01
     vertex  2.107837e+01 -8.730947e+00 -1.903526e+01
   endloop
 endfacet
 facet normal  1.224278e-01 -4.939652e-02 -9.912474e-01
   outer loop
     vertex  1.951984e+01 -8.085381e+00 -1.975072e+01
     vertex  1.738917e+01 -8.363893e+00 -2.000000e+01
     vertex  1.832443e+01 -6.045879e+00 -2.000000e+01
   endloop
 endfacet
 facet normal  3.672059e-01 -1.322039e-01 -9.206964e-01
   outer loop
     vertex  1.951984e+01 -8.085381e+00 -1.975072e+01
     vertex  2.023246e+01 -6.106009e+00 -1.975072e+01
     vertex  2.185730e+01 -6.575547e+00 -1.903526e+01
   endloop
 endfacet
 facet normal  6.819072e-01 -4.010637e-01 -6.116784e-01
   outer loop
     vertex  2.113727e+01 -1.423230e+01 -1.640000e+01
     vertex  2.139316e+01 -1.150620e+01 -1.790217e+01
     vertex  2.242116e+01 -1.204936e+01 -1.640000e+01
   endloop
 endfacet
 facet normal  2.630831e-01 -5.531422e-01 -7.904562e-01
   outer loop
     vertex  1.307777e+01 -3.157252e+01 -2.097831e+00
     vertex  1.674868e+01 -3.144580e+01 -9.647391e-01
     vertex  1.363808e+01 -3.292525e+01 -9.647391e-01
   endloop
 endfacet
 facet normal  2.631780e-01 -5.525651e-01 -7.908282e-01
   outer loop
     vertex  1.307777e+01 -3.157252e+01 -2.097831e+00
     vertex  1.604832e+01 -3.015770e+01 -2.097831e+00
     vertex  1.674868e+01 -3.144580e+01 -9.647391e-01
   endloop
 endfacet
 facet normal  5.543288e-01 -2.597637e-01 -7.907227e-01
   outer loop
     vertex  2.010506e+01 -1.080583e+01 -1.903526e+01
     vertex  2.243110e+01 -9.291264e+00 -1.790217e+01
     vertex  2.139316e+01 -1.150620e+01 -1.790217e+01
   endloop
 endfacet
 facet normal  5.544474e-01 -2.600877e-01 -7.905330e-01
   outer loop
     vertex  2.010506e+01 -1.080583e+01 -1.903526e+01
     vertex  2.107837e+01 -8.730947e+00 -1.903526e+01
     vertex  2.243110e+01 -9.291264e+00 -1.790217e+01
   endloop
 endfacet
 facet normal  1.306571e-01 -3.676688e-01 -9.207325e-01
   outer loop
     vertex  1.039243e+01 -3.407865e+01 -9.647391e-01
     vertex  1.363808e+01 -3.292525e+01 -9.647391e-01
     vertex  1.086197e+01 -3.570348e+01 -2.492771e-01
   endloop
 endfacet
 facet normal  6.830576e-01 -4.006231e-01 -6.106828e-01
   outer loop
     vertex  2.016794e+01 -1.359518e+01 -1.790217e+01
     vertex  2.139316e+01 -1.150620e+01 -1.790217e+01
     vertex  2.113727e+01 -1.423230e+01 -1.640000e+01
   endloop
 endfacet
 facet normal  3.401022e-01 -7.140740e-01 -6.119059e-01
   outer loop
     vertex  1.263243e+01 -3.049739e+01 -3.600000e+00
     vertex  1.604832e+01 -3.015770e+01 -2.097831e+00
     vertex  1.307777e+01 -3.157252e+01 -2.097831e+00
   endloop
 endfacet
 facet normal  3.400469e-01 -7.142403e-01 -6.117425e-01
   outer loop
     vertex  1.263243e+01 -3.049739e+01 -3.600000e+00
     vertex  1.550515e+01 -2.912970e+01 -3.600000e+00
     vertex  1.604832e+01 -3.015770e+01 -2.097831e+00
   endloop
 endfacet
 facet normal  3.142330e-02 -1.270478e-01 -9.913987e-01
   outer loop
     vertex  7.324342e+00 -3.657846e+01 -2.492771e-01
     vertex  1.086197e+01 -3.570348e+01 -2.492771e-01
     vertex  9.743541e+00 -3.792530e+01  0.000000e+00
   endloop
 endfacet
 facet normal  2.785763e-02 -1.333197e-01 -9.906815e-01
   outer loop
     vertex  7.324342e+00 -3.657846e+01 -2.492771e-01
     vertex  9.743541e+00 -3.792530e+01  0.000000e+00
     vertex  6.257269e+00 -3.865377e+01  0.000000e+00
   endloop
 endfacet
 facet normal  1.234963e-01 -5.811234e-02 -9.906420e-01
   outer loop
     vertex  1.862411e+01 -9.988912e+00 -1.975072e+01
     vertex  1.738917e+01 -8.363893e+00 -2.000000e+01
     vertex  1.951984e+01 -8.085381e+00 -1.975072e+01
   endloop
 endfacet
 facet normal  3.533587e-01 -1.657583e-01 -9.206855e-01
   outer loop
     vertex  1.862411e+01 -9.988912e+00 -1.975072e+01
     vertex  2.107837e+01 -8.730947e+00 -1.903526e+01
     vertex  2.010506e+01 -1.080583e+01 -1.903526e+01
   endloop
 endfacet
 facet normal  1.141009e-01 -6.535599e-02 -9.913171e-01
   outer loop
     vertex  1.862411e+01 -9.988912e+00 -1.975072e+01
     vertex  1.601168e+01 -1.076877e+01 -2.000000e+01
     vertex  1.738917e+01 -8.363893e+00 -2.000000e+01
   endloop
 endfacet
 facet normal  3.536248e-01 -1.664015e-01 -9.204673e-01
   outer loop
     vertex  1.862411e+01 -9.988912e+00 -1.975072e+01
     vertex  1.951984e+01 -8.085381e+00 -1.975072e+01
     vertex  2.107837e+01 -8.730947e+00 -1.903526e+01
   endloop
 endfacet
 facet normal  2.049457e-01 -5.767164e-01 -7.908195e-01
   outer loop
     vertex  9.976840e+00 -3.267259e+01 -2.097831e+00
     vertex  1.363808e+01 -3.292525e+01 -9.647391e-01
     vertex  1.039243e+01 -3.407865e+01 -9.647391e-01
   endloop
 endfacet
 facet normal  2.047917e-01 -5.772803e-01 -7.904478e-01
   outer loop
     vertex  9.976840e+00 -3.267259e+01 -2.097831e+00
     vertex  1.307777e+01 -3.157252e+01 -2.097831e+00
     vertex  1.363808e+01 -3.292525e+01 -9.647391e-01
   endloop
 endfacet
 facet normal  2.644380e-01 -7.454151e-01 -6.119059e-01
   outer loop
     vertex  9.976840e+00 -3.267259e+01 -2.097831e+00
     vertex  1.263243e+01 -3.049739e+01 -3.600000e+00
     vertex  1.307777e+01 -3.157252e+01 -2.097831e+00
   endloop
 endfacet
 facet normal  5.270950e-01 -3.091488e-01 -7.915794e-01
   outer loop
     vertex  1.895376e+01 -1.276404e+01 -1.903526e+01
     vertex  2.139316e+01 -1.150620e+01 -1.790217e+01
     vertex  2.016794e+01 -1.359518e+01 -1.790217e+01
   endloop
 endfacet
 facet normal  5.273191e-01 -3.100276e-01 -7.910863e-01
   outer loop
     vertex  1.895376e+01 -1.276404e+01 -1.903526e+01
     vertex  2.010506e+01 -1.080583e+01 -1.903526e+01
     vertex  2.139316e+01 -1.150620e+01 -1.790217e+01
   endloop
 endfacet
 facet normal  9.265989e-02 -3.787079e-01 -9.208661e-01
   outer loop
     vertex  7.026860e+00 -3.490211e+01 -9.647391e-01
     vertex  1.039243e+01 -3.407865e+01 -9.647391e-01
     vertex  1.086197e+01 -3.570348e+01 -2.492771e-01
   endloop
 endfacet
 facet normal  9.319507e-02 -3.767978e-01 -9.215954e-01
   outer loop
     vertex  7.026860e+00 -3.490211e+01 -9.647391e-01
     vertex  1.086197e+01 -3.570348e+01 -2.492771e-01
     vertex  7.324342e+00 -3.657846e+01 -2.492771e-01
   endloop
 endfacet
 facet normal  6.412511e-01 -4.644743e-01 -6.107869e-01
   outer loop
     vertex  1.877508e+01 -1.551815e+01 -1.790217e+01
     vertex  2.016794e+01 -1.359518e+01 -1.790217e+01
     vertex  2.113727e+01 -1.423230e+01 -1.640000e+01
   endloop
 endfacet
 facet normal  6.413041e-01 -4.659604e-01 -6.095982e-01
   outer loop
     vertex  1.877508e+01 -1.551815e+01 -1.790217e+01
     vertex  2.113727e+01 -1.423230e+01 -1.640000e+01
     vertex  1.967402e+01 -1.624617e+01 -1.640000e+01
   endloop
 endfacet
 facet normal  2.645948e-01 -7.454936e-01 -6.117425e-01
   outer loop
     vertex  9.634010e+00 -3.156160e+01 -3.600000e+00
     vertex  1.263243e+01 -3.049739e+01 -3.600000e+00
     vertex  9.976840e+00 -3.267259e+01 -2.097831e+00
   endloop
 endfacet
 facet normal -1.181122e-03 -1.279404e-01 -9.917812e-01
   outer loop
     vertex  3.695221e+00 -3.710358e+01 -2.492771e-01
     vertex  3.138723e+00 -3.903081e+01  0.000000e+00
     vertex -3.493530e-15 -3.749443e+01 -1.944565e-01
   endloop
 endfacet
 facet normal  1.605822e-02 -1.328186e-01 -9.910103e-01
   outer loop
     vertex  3.695221e+00 -3.710358e+01 -2.492771e-01
     vertex  6.257269e+00 -3.865377e+01  0.000000e+00
     vertex  3.138723e+00 -3.903081e+01  0.000000e+00
   endloop
 endfacet
 facet normal  2.209224e-02 -3.406988e-01 -9.399129e-01
   outer loop
     vertex  3.695221e+00 -3.710358e+01 -2.492771e-01
     vertex -3.493530e-15 -3.749443e+01 -1.944565e-01
     vertex -1.289448e-15 -3.594622e+01 -7.556518e-01
   endloop
 endfacet
 facet normal  1.861800e-02 -1.286688e-01 -9.915128e-01
   outer loop
     vertex  3.695221e+00 -3.710358e+01 -2.492771e-01
     vertex  7.324342e+00 -3.657846e+01 -2.492771e-01
     vertex  6.257269e+00 -3.865377e+01  0.000000e+00
   endloop
 endfacet
 facet normal  5.550413e-02 -3.835885e-01 -9.218347e-01
   outer loop
     vertex  3.695221e+00 -3.710358e+01 -2.492771e-01
     vertex  7.026860e+00 -3.490211e+01 -9.647391e-01
     vertex  7.324342e+00 -3.657846e+01 -2.492771e-01
   endloop
 endfacet
 facet normal  3.353554e-01 -1.986013e-01 -9.209204e-01
   outer loop
     vertex  1.755806e+01 -1.178903e+01 -1.975072e+01
     vertex  1.862411e+01 -9.988912e+00 -1.975072e+01
     vertex  2.010506e+01 -1.080583e+01 -1.903526e+01
   endloop
 endfacet
 facet normal  3.348420e-01 -1.968642e-01 -9.214800e-01
   outer loop
     vertex  1.755806e+01 -1.178903e+01 -1.975072e+01
     vertex  2.010506e+01 -1.080583e+01 -1.903526e+01
     vertex  1.895376e+01 -1.276404e+01 -1.903526e+01
   endloop
 endfacet
 facet normal  1.148732e-01 -6.802924e-02 -9.910480e-01
   outer loop
     vertex  1.755806e+01 -1.178903e+01 -1.975072e+01
     vertex  1.601168e+01 -1.076877e+01 -2.000000e+01
     vertex  1.862411e+01 -9.988912e+00 -1.975072e+01
   endloop
 endfacet
 facet normal  5.901684e-01 -5.291883e-01 -6.096401e-01
   outer loop
     vertex  1.805347e+01 -1.805347e+01 -1.640000e+01
     vertex  1.877508e+01 -1.551815e+01 -1.790217e+01
     vertex  1.967402e+01 -1.624617e+01 -1.640000e+01
   endloop
 endfacet
 facet normal  1.446039e-01 -5.946160e-01 -7.908992e-01
   outer loop
     vertex  6.756018e+00 -3.345585e+01 -2.097831e+00
     vertex  9.976840e+00 -3.267259e+01 -2.097831e+00
     vertex  1.039243e+01 -3.407865e+01 -9.647391e-01
   endloop
 endfacet
 facet normal  1.451429e-01 -5.932098e-01 -7.918559e-01
   outer loop
     vertex  6.756018e+00 -3.345585e+01 -2.097831e+00
     vertex  1.039243e+01 -3.407865e+01 -9.647391e-01
     vertex  7.026860e+00 -3.490211e+01 -9.647391e-01
   endloop
 endfacet
 facet normal  4.937890e-01 -3.586296e-01 -7.921851e-01
   outer loop
     vertex  1.764209e+01 -1.457006e+01 -1.903526e+01
     vertex  1.895376e+01 -1.276404e+01 -1.903526e+01
     vertex  2.016794e+01 -1.359518e+01 -1.790217e+01
   endloop
 endfacet
 facet normal  4.936346e-01 -3.575519e-01 -7.927682e-01
   outer loop
     vertex  1.764209e+01 -1.457006e+01 -1.903526e+01
     vertex  2.016794e+01 -1.359518e+01 -1.790217e+01
     vertex  1.877508e+01 -1.551815e+01 -1.790217e+01
   endloop
 endfacet
 facet normal  5.643954e-03 -3.856518e-01 -9.226272e-01
   outer loop
     vertex  3.557153e+00 -3.539394e+01 -9.647391e-01
     vertex  3.695221e+00 -3.710358e+01 -2.492771e-01
     vertex -1.289448e-15 -3.594622e+01 -7.556518e-01
   endloop
 endfacet
 facet normal  3.591726e-02 -5.477852e-01 -8.358476e-01
   outer loop
     vertex  3.557153e+00 -3.539394e+01 -9.647391e-01
     vertex -1.289448e-15 -3.594622e+01 -7.556518e-01
     vertex -2.689837e-16 -3.452856e+01 -1.684735e+00
   endloop
 endfacet
 facet normal  5.411384e-02 -3.817582e-01 -9.226768e-01
   outer loop
     vertex  3.557153e+00 -3.539394e+01 -9.647391e-01
     vertex  7.026860e+00 -3.490211e+01 -9.647391e-01
     vertex  3.695221e+00 -3.710358e+01 -2.492771e-01
   endloop
 endfacet
 facet normal  8.568241e-02 -6.044657e-01 -7.920099e-01
   outer loop
     vertex  3.557153e+00 -3.539394e+01 -9.647391e-01
     vertex  6.756018e+00 -3.345585e+01 -2.097831e+00
     vertex  7.026860e+00 -3.490211e+01 -9.647391e-01
   endloop
 endfacet
 facet normal  5.909723e-01 -5.290346e-01 -6.089944e-01
   outer loop
     vertex  1.723667e+01 -1.723667e+01 -1.790217e+01
     vertex  1.877508e+01 -1.551815e+01 -1.790217e+01
     vertex  1.805347e+01 -1.805347e+01 -1.640000e+01
   endloop
 endfacet
 facet normal  1.870723e-01 -7.692475e-01 -6.109519e-01
   outer loop
     vertex  6.521108e+00 -3.231993e+01 -3.600000e+00
     vertex  9.976840e+00 -3.267259e+01 -2.097831e+00
     vertex  6.756018e+00 -3.345585e+01 -2.097831e+00
   endloop
 endfacet
 facet normal  1.872979e-01 -7.688537e-01 -6.113783e-01
   outer loop
     vertex  6.521108e+00 -3.231993e+01 -3.600000e+00
     vertex  9.634010e+00 -3.156160e+01 -3.600000e+00
     vertex  9.976840e+00 -3.267259e+01 -2.097831e+00
   endloop
 endfacet
 facet normal  3.126566e-01 -2.289094e-01 -9.218711e-01
   outer loop
     vertex  1.633556e+01 -1.345879e+01 -1.975072e+01
     vertex  1.755806e+01 -1.178903e+01 -1.975072e+01
     vertex  1.895376e+01 -1.276404e+01 -1.903526e+01
   endloop
 endfacet
 facet normal  1.017489e-01 -7.963993e-02 -9.916172e-01
   outer loop
     vertex  1.633556e+01 -1.345879e+01 -1.975072e+01
     vertex  1.430029e+01 -1.295526e+01 -2.000000e+01
     vertex  1.601168e+01 -1.076877e+01 -2.000000e+01
   endloop
 endfacet
 facet normal  1.077221e-01 -7.886798e-02 -9.910478e-01
   outer loop
     vertex  1.633556e+01 -1.345879e+01 -1.975072e+01
     vertex  1.601168e+01 -1.076877e+01 -2.000000e+01
     vertex  1.755806e+01 -1.178903e+01 -1.975072e+01
   endloop
 endfacet
 facet normal  3.122744e-01 -2.267990e-01 -9.225220e-01
   outer loop
     vertex  1.633556e+01 -1.345879e+01 -1.975072e+01
     vertex  1.895376e+01 -1.276404e+01 -1.903526e+01
     vertex  1.764209e+01 -1.457006e+01 -1.903526e+01
   endloop
 endfacet
 facet normal  5.295107e-01 -5.905279e-01 -6.090117e-01
   outer loop
     vertex  1.624617e+01 -1.967402e+01 -1.640000e+01
     vertex  1.723667e+01 -1.723667e+01 -1.790217e+01
     vertex  1.805347e+01 -1.805347e+01 -1.640000e+01
   endloop
 endfacet
 facet normal  4.388322e-02 -7.200216e-01 -6.925628e-01
   outer loop
     vertex  3.426410e+00 -3.392239e+01 -2.097831e+00
     vertex -2.689837e-16 -3.452856e+01 -1.684735e+00
     vertex -1.531662e-17 -3.346526e+01 -2.790196e+00
   endloop
 endfacet
 facet normal  1.099137e-01 -7.844465e-01 -6.103791e-01
   outer loop
     vertex  3.426410e+00 -3.392239e+01 -2.097831e+00
     vertex  6.521108e+00 -3.231993e+01 -3.600000e+00
     vertex  6.756018e+00 -3.345585e+01 -2.097831e+00
   endloop
 endfacet
 facet normal  1.222230e-02 -6.093645e-01 -7.927960e-01
   outer loop
     vertex  3.426410e+00 -3.392239e+01 -2.097831e+00
     vertex  3.557153e+00 -3.539394e+01 -9.647391e-01
     vertex -2.689837e-16 -3.452856e+01 -1.684735e+00
   endloop
 endfacet
 facet normal  8.451591e-02 -6.031843e-01 -7.931114e-01
   outer loop
     vertex  3.426410e+00 -3.392239e+01 -2.097831e+00
     vertex  6.756018e+00 -3.345585e+01 -2.097831e+00
     vertex  3.557153e+00 -3.539394e+01 -9.647391e-01
   endloop
 endfacet
 facet normal  4.533172e-01 -4.063882e-01 -7.933172e-01
   outer loop
     vertex  1.618992e+01 -1.618992e+01 -1.903526e+01
     vertex  1.764209e+01 -1.457006e+01 -1.903526e+01
     vertex  1.877508e+01 -1.551815e+01 -1.790217e+01
   endloop
 endfacet
 facet normal  4.533002e-01 -4.057914e-01 -7.936323e-01
   outer loop
     vertex  1.618992e+01 -1.618992e+01 -1.903526e+01
     vertex  1.877508e+01 -1.551815e+01 -1.790217e+01
     vertex  1.723667e+01 -1.723667e+01 -1.790217e+01
   endloop
 endfacet
 facet normal  4.057914e-01 -4.533002e-01 -7.936323e-01
   outer loop
     vertex  1.551815e+01 -1.877508e+01 -1.790217e+01
     vertex  1.618992e+01 -1.618992e+01 -1.903526e+01
     vertex  1.723667e+01 -1.723667e+01 -1.790217e+01
   endloop
 endfacet
 facet normal  5.286956e-01 -5.905936e-01 -6.096558e-01
   outer loop
     vertex  1.551815e+01 -1.877508e+01 -1.790217e+01
     vertex  1.723667e+01 -1.723667e+01 -1.790217e+01
     vertex  1.624617e+01 -1.967402e+01 -1.640000e+01
   endloop
 endfacet
 facet normal  1.720389e-02 -7.931347e-01 -6.088033e-01
   outer loop
     vertex  3.305549e+00 -3.277196e+01 -3.600000e+00
     vertex  3.426410e+00 -3.392239e+01 -2.097831e+00
     vertex -1.531662e-17 -3.346526e+01 -2.790196e+00
   endloop
 endfacet
 facet normal  4.417695e-02 -8.408128e-01 -5.395204e-01
   outer loop
     vertex  3.305549e+00 -3.277196e+01 -3.600000e+00
     vertex -1.531662e-17 -3.346526e+01 -2.790196e+00
     vertex  0.000000e+00 -3.270526e+01 -3.974610e+00
   endloop
 endfacet
 facet normal  1.103191e-01 -7.847704e-01 -6.098894e-01
   outer loop
     vertex  3.305549e+00 -3.277196e+01 -3.600000e+00
     vertex  6.521108e+00 -3.231993e+01 -3.600000e+00
     vertex  3.426410e+00 -3.392239e+01 -2.097831e+00
   endloop
 endfacet
 facet normal  2.862113e-01 -2.576664e-01 -9.228711e-01
   outer loop
     vertex  1.497267e+01 -1.497267e+01 -1.975072e+01
     vertex  1.633556e+01 -1.345879e+01 -1.975072e+01
     vertex  1.764209e+01 -1.457006e+01 -1.903526e+01
   endloop
 endfacet
 facet normal  8.977563e-02 -9.260992e-02 -9.916470e-01
   outer loop
     vertex  1.497267e+01 -1.497267e+01 -1.975072e+01
     vertex  1.250487e+01 -1.469573e+01 -2.000000e+01
     vertex  1.430029e+01 -1.295526e+01 -2.000000e+01
   endloop
 endfacet
 facet normal  9.927079e-02 -8.937017e-02 -9.910390e-01
   outer loop
     vertex  1.497267e+01 -1.497267e+01 -1.975072e+01
     vertex  1.430029e+01 -1.295526e+01 -2.000000e+01
     vertex  1.633556e+01 -1.345879e+01 -1.975072e+01
   endloop
 endfacet
 facet normal  2.861299e-01 -2.565087e-01 -9.232188e-01
   outer loop
     vertex  1.497267e+01 -1.497267e+01 -1.975072e+01
     vertex  1.764209e+01 -1.457006e+01 -1.903526e+01
     vertex  1.618992e+01 -1.618992e+01 -1.903526e+01
   endloop
 endfacet
 facet normal  4.063882e-01 -4.533172e-01 -7.933172e-01
   outer loop
     vertex  1.457006e+01 -1.764209e+01 -1.903526e+01
     vertex  1.618992e+01 -1.618992e+01 -1.903526e+01
     vertex  1.551815e+01 -1.877508e+01 -1.790217e+01
   endloop
 endfacet
 facet normal  2.565087e-01 -2.861299e-01 -9.232188e-01
   outer loop
     vertex  1.457006e+01 -1.764209e+01 -1.903526e+01
     vertex  1.497267e+01 -1.497267e+01 -1.975072e+01
     vertex  1.618992e+01 -1.618992e+01 -1.903526e+01
   endloop
 endfacet
 facet normal  4.654341e-01 -6.405798e-01 -6.107607e-01
   outer loop
     vertex  1.359518e+01 -2.016794e+01 -1.790217e+01
     vertex  1.624617e+01 -1.967402e+01 -1.640000e+01
     vertex  1.423230e+01 -2.113727e+01 -1.640000e+01
   endloop
 endfacet
 facet normal  4.650250e-01 -6.420114e-01 -6.095680e-01
   outer loop
     vertex  1.359518e+01 -2.016794e+01 -1.790217e+01
     vertex  1.551815e+01 -1.877508e+01 -1.790217e+01
     vertex  1.624617e+01 -1.967402e+01 -1.640000e+01
   endloop
 endfacet
 facet normal  8.901782e-02 -9.887941e-02 -9.911098e-01
   outer loop
     vertex  1.345879e+01 -1.633556e+01 -1.975072e+01
     vertex  1.250487e+01 -1.469573e+01 -2.000000e+01
     vertex  1.497267e+01 -1.497267e+01 -1.975072e+01
   endloop
 endfacet
 facet normal  2.576664e-01 -2.862113e-01 -9.228711e-01
   outer loop
     vertex  1.345879e+01 -1.633556e+01 -1.975072e+01
     vertex  1.497267e+01 -1.497267e+01 -1.975072e+01
     vertex  1.457006e+01 -1.764209e+01 -1.903526e+01
   endloop
 endfacet
 facet normal  4.014443e-01 -6.825543e-01 -6.107063e-01
   outer loop
     vertex  1.204936e+01 -2.242116e+01 -1.640000e+01
     vertex  1.359518e+01 -2.016794e+01 -1.790217e+01
     vertex  1.423230e+01 -2.113727e+01 -1.640000e+01
   endloop
 endfacet
 facet normal  3.581643e-01 -4.931484e-01 -7.927944e-01
   outer loop
     vertex  1.276404e+01 -1.895376e+01 -1.903526e+01
     vertex  1.457006e+01 -1.764209e+01 -1.903526e+01
     vertex  1.551815e+01 -1.877508e+01 -1.790217e+01
   endloop
 endfacet
 facet normal  3.579885e-01 -4.942374e-01 -7.921954e-01
   outer loop
     vertex  1.276404e+01 -1.895376e+01 -1.903526e+01
     vertex  1.551815e+01 -1.877508e+01 -1.790217e+01
     vertex  1.359518e+01 -2.016794e+01 -1.790217e+01
   endloop
 endfacet
 facet normal  4.002259e-01 -6.823805e-01 -6.116994e-01
   outer loop
     vertex  1.150620e+01 -2.139316e+01 -1.790217e+01
     vertex  1.359518e+01 -2.016794e+01 -1.790217e+01
     vertex  1.204936e+01 -2.242116e+01 -1.640000e+01
   endloop
 endfacet
 facet normal  7.738066e-02 -1.056906e-01 -9.913837e-01
   outer loop
     vertex  1.178903e+01 -1.755806e+01 -1.975072e+01
     vertex  1.250487e+01 -1.469573e+01 -2.000000e+01
     vertex  1.345879e+01 -1.633556e+01 -1.975072e+01
   endloop
 endfacet
 facet normal  2.279369e-01 -3.113282e-01 -9.225614e-01
   outer loop
     vertex  1.178903e+01 -1.755806e+01 -1.975072e+01
     vertex  1.345879e+01 -1.633556e+01 -1.975072e+01
     vertex  1.457006e+01 -1.764209e+01 -1.903526e+01
   endloop
 endfacet
 facet normal  2.276961e-01 -3.135097e-01 -9.218819e-01
   outer loop
     vertex  1.178903e+01 -1.755806e+01 -1.975072e+01
     vertex  1.457006e+01 -1.764209e+01 -1.903526e+01
     vertex  1.276404e+01 -1.895376e+01 -1.903526e+01
   endloop
 endfacet
 facet normal  7.760423e-02 -1.057445e-01 -9.913605e-01
   outer loop
     vertex  1.178903e+01 -1.755806e+01 -1.975072e+01
     vertex  1.026821e+01 -1.633718e+01 -2.000000e+01
     vertex  1.250487e+01 -1.469573e+01 -2.000000e+01
   endloop
 endfacet
 facet normal  3.360285e-01 -7.162222e-01 -6.116458e-01
   outer loop
     vertex  9.736600e+00 -2.350623e+01 -1.640000e+01
     vertex  1.150620e+01 -2.139316e+01 -1.790217e+01
     vertex  1.204936e+01 -2.242116e+01 -1.640000e+01
   endloop
 endfacet
 facet normal  3.096899e-01 -5.267447e-01 -7.916010e-01
   outer loop
     vertex  1.080583e+01 -2.010506e+01 -1.903526e+01
     vertex  1.276404e+01 -1.895376e+01 -1.903526e+01
     vertex  1.359518e+01 -2.016794e+01 -1.790217e+01
   endloop
 endfacet
 facet normal  1.968642e-01 -3.348420e-01 -9.214800e-01
   outer loop
     vertex  1.080583e+01 -2.010506e+01 -1.903526e+01
     vertex  1.178903e+01 -1.755806e+01 -1.975072e+01
     vertex  1.276404e+01 -1.895376e+01 -1.903526e+01
   endloop
 endfacet
 facet normal  3.094650e-01 -5.276341e-01 -7.910965e-01
   outer loop
     vertex  1.080583e+01 -2.010506e+01 -1.903526e+01
     vertex  1.359518e+01 -2.016794e+01 -1.790217e+01
     vertex  1.150620e+01 -2.139316e+01 -1.790217e+01
   endloop
 endfacet
 facet normal  3.355767e-01 -7.161119e-01 -6.120229e-01
   outer loop
     vertex  9.291264e+00 -2.243110e+01 -1.790217e+01
     vertex  1.150620e+01 -2.139316e+01 -1.790217e+01
     vertex  9.736600e+00 -2.350623e+01 -1.640000e+01
   endloop
 endfacet
 facet normal  1.986013e-01 -3.353554e-01 -9.209204e-01
   outer loop
     vertex  9.988912e+00 -1.862411e+01 -1.975072e+01
     vertex  1.178903e+01 -1.755806e+01 -1.975072e+01
     vertex  1.080583e+01 -2.010506e+01 -1.903526e+01
   endloop
 endfacet
 facet normal  6.894434e-02 -1.164184e-01 -9.908044e-01
   outer loop
     vertex  9.988912e+00 -1.862411e+01 -1.975072e+01
     vertex  1.026821e+01 -1.633718e+01 -2.000000e+01
     vertex  1.178903e+01 -1.755806e+01 -1.975072e+01
   endloop
 endfacet
 facet normal  6.152336e-02 -1.155761e-01 -9.913915e-01
   outer loop
     vertex  9.988912e+00 -1.862411e+01 -1.975072e+01
     vertex  7.819136e+00 -1.764087e+01 -2.000000e+01
     vertex  1.026821e+01 -1.633718e+01 -2.000000e+01
   endloop
 endfacet
 facet normal  2.598646e-01 -5.545443e-01 -7.905384e-01
   outer loop
     vertex  8.730947e+00 -2.107837e+01 -1.903526e+01
     vertex  1.150620e+01 -2.139316e+01 -1.790217e+01
     vertex  9.291264e+00 -2.243110e+01 -1.790217e+01
   endloop
 endfacet
 facet normal  2.599798e-01 -5.542174e-01 -7.907297e-01
   outer loop
     vertex  8.730947e+00 -2.107837e+01 -1.903526e+01
     vertex  1.080583e+01 -2.010506e+01 -1.903526e+01
     vertex  1.150620e+01 -2.139316e+01 -1.790217e+01
   endloop
 endfacet
 facet normal  2.688375e-01 -7.440536e-01 -6.116458e-01
   outer loop
     vertex  6.991139e+00 -2.326336e+01 -1.790217e+01
     vertex  9.736600e+00 -2.350623e+01 -1.640000e+01
     vertex  7.333969e+00 -2.437434e+01 -1.640000e+01
   endloop
 endfacet
 facet normal  2.690790e-01 -7.436562e-01 -6.120229e-01
   outer loop
     vertex  6.991139e+00 -2.326336e+01 -1.790217e+01
     vertex  9.291264e+00 -2.243110e+01 -1.790217e+01
     vertex  9.736600e+00 -2.350623e+01 -1.640000e+01
   endloop
 endfacet
 facet normal  2.083700e-01 -5.758741e-01 -7.905384e-01
   outer loop
     vertex  6.991139e+00 -2.326336e+01 -1.790217e+01
     vertex  8.730947e+00 -2.107837e+01 -1.903526e+01
     vertex  9.291264e+00 -2.243110e+01 -1.790217e+01
   endloop
 endfacet
 facet normal  1.661715e-01 -3.531361e-01 -9.206964e-01
   outer loop
     vertex  8.085381e+00 -1.951984e+01 -1.975072e+01
     vertex  9.988912e+00 -1.862411e+01 -1.975072e+01
     vertex  1.080583e+01 -2.010506e+01 -1.903526e+01
   endloop
 endfacet
 facet normal  1.659688e-01 -3.538076e-01 -9.204752e-01
   outer loop
     vertex  8.085381e+00 -1.951984e+01 -1.975072e+01
     vertex  1.080583e+01 -2.010506e+01 -1.903526e+01
     vertex  8.730947e+00 -2.107837e+01 -1.903526e+01
   endloop
 endfacet
 facet normal  5.798028e-02 -1.232157e-01 -9.906847e-01
   outer loop
     vertex  8.085381e+00 -1.951984e+01 -1.975072e+01
     vertex  7.819136e+00 -1.764087e+01 -2.000000e+01
     vertex  9.988912e+00 -1.862411e+01 -1.975072e+01
   endloop
 endfacet
 facet normal  4.595339e-02 -1.249743e-01 -9.910952e-01
   outer loop
     vertex  8.085381e+00 -1.951984e+01 -1.975072e+01
     vertex  5.472202e+00 -1.850384e+01 -2.000000e+01
     vertex  7.819136e+00 -1.764087e+01 -2.000000e+01
   endloop
 endfacet
 facet normal  1.985863e-01 -7.657761e-01 -6.116784e-01
   outer loop
     vertex  4.882551e+00 -2.501006e+01 -1.640000e+01
     vertex  6.991139e+00 -2.326336e+01 -1.790217e+01
     vertex  7.333969e+00 -2.437434e+01 -1.640000e+01
   endloop
 endfacet
 facet normal  2.080574e-01 -5.757244e-01 -7.907297e-01
   outer loop
     vertex  6.575547e+00 -2.185730e+01 -1.903526e+01
     vertex  8.730947e+00 -2.107837e+01 -1.903526e+01
     vertex  6.991139e+00 -2.326336e+01 -1.790217e+01
   endloop
 endfacet
 facet normal  1.997113e-01 -7.662779e-01 -6.106828e-01
   outer loop
     vertex  4.647641e+00 -2.387413e+01 -1.790217e+01
     vertex  6.991139e+00 -2.326336e+01 -1.790217e+01
     vertex  4.882551e+00 -2.501006e+01 -1.640000e+01
   endloop
 endfacet
 facet normal  1.323869e-01 -3.677141e-01 -9.204673e-01
   outer loop
     vertex  6.106009e+00 -2.023246e+01 -1.975072e+01
     vertex  8.085381e+00 -1.951984e+01 -1.975072e+01
     vertex  8.730947e+00 -2.107837e+01 -1.903526e+01
   endloop
 endfacet
 facet normal  4.544903e-02 -1.262380e-01 -9.909583e-01
   outer loop
     vertex  6.106009e+00 -2.023246e+01 -1.975072e+01
     vertex  5.472202e+00 -1.850384e+01 -2.000000e+01
     vertex  8.085381e+00 -1.951984e+01 -1.975072e+01
   endloop
 endfacet
 facet normal  1.326535e-01 -3.670712e-01 -9.206855e-01
   outer loop
     vertex  6.106009e+00 -2.023246e+01 -1.975072e+01
     vertex  8.730947e+00 -2.107837e+01 -1.903526e+01
     vertex  6.575547e+00 -2.185730e+01 -1.903526e+01
   endloop
 endfacet
 facet normal  1.541112e-01 -5.913136e-01 -7.915794e-01
   outer loop
     vertex  4.376798e+00 -2.242787e+01 -1.903526e+01
     vertex  6.991139e+00 -2.326336e+01 -1.790217e+01
     vertex  4.647641e+00 -2.387413e+01 -1.790217e+01
   endloop
 endfacet
 facet normal  1.536483e-01 -5.920935e-01 -7.910863e-01
   outer loop
     vertex  4.376798e+00 -2.242787e+01 -1.903526e+01
     vertex  6.575547e+00 -2.185730e+01 -1.903526e+01
     vertex  6.991139e+00 -2.326336e+01 -1.790217e+01
   endloop
 endfacet
 facet normal  9.789017e-02 -3.772260e-01 -9.209332e-01
   outer loop
     vertex  4.376798e+00 -2.242787e+01 -1.903526e+01
     vertex  6.106009e+00 -2.023246e+01 -1.975072e+01
     vertex  6.575547e+00 -2.185730e+01 -1.903526e+01
   endloop
 endfacet
 facet normal  5.220305e-02 -7.725377e-01 -6.328193e-01
   outer loop
     vertex  2.302998e+00 -2.424898e+01 -1.790217e+01
     vertex -2.633201e-18 -2.514868e+01 -1.699381e+01
     vertex -3.338599e-17 -2.455975e+01 -1.771277e+01
   endloop
 endfacet
 facet normal  3.267621e-02 -6.854592e-01 -7.273775e-01
   outer loop
     vertex  2.302998e+00 -2.424898e+01 -1.790217e+01
     vertex -3.338599e-17 -2.455975e+01 -1.771277e+01
     vertex -1.294840e-16 -2.388953e+01 -1.834436e+01
   endloop
 endfacet
 facet normal  1.239868e-01 -7.829542e-01 -6.095982e-01
   outer loop
     vertex  2.302998e+00 -2.424898e+01 -1.790217e+01
     vertex  4.882551e+00 -2.501006e+01 -1.640000e+01
     vertex  2.423859e+00 -2.539941e+01 -1.640000e+01
   endloop
 endfacet
 facet normal  1.250001e-01 -7.818659e-01 -6.107869e-01
   outer loop
     vertex  2.302998e+00 -2.424898e+01 -1.790217e+01
     vertex  4.647641e+00 -2.387413e+01 -1.790217e+01
     vertex  4.882551e+00 -2.501006e+01 -1.640000e+01
   endloop
 endfacet
 facet normal  6.779069e-02 -7.894541e-01 -6.100546e-01
   outer loop
     vertex  2.302998e+00 -2.424898e+01 -1.790217e+01
     vertex  2.423859e+00 -2.539941e+01 -1.640000e+01
     vertex -2.633201e-18 -2.514868e+01 -1.699381e+01
   endloop
 endfacet
 facet normal  2.787232e-02 -1.272316e-01 -9.914813e-01
   outer loop
     vertex  4.079316e+00 -2.075153e+01 -1.975072e+01
     vertex  2.764637e+00 -1.909698e+01 -2.000000e+01
     vertex  5.472202e+00 -1.850384e+01 -2.000000e+01
   endloop
 endfacet
 facet normal  3.345438e-02 -1.306228e-01 -9.908675e-01
   outer loop
     vertex  4.079316e+00 -2.075153e+01 -1.975072e+01
     vertex  5.472202e+00 -1.850384e+01 -2.000000e+01
     vertex  6.106009e+00 -2.023246e+01 -1.975072e+01
   endloop
 endfacet
 facet normal  9.635103e-02 -3.762030e-01 -9.215139e-01
   outer loop
     vertex  4.079316e+00 -2.075153e+01 -1.975072e+01
     vertex  6.106009e+00 -2.023246e+01 -1.975072e+01
     vertex  4.376798e+00 -2.242787e+01 -1.903526e+01
   endloop
 endfacet
 facet normal  1.104917e-02 -5.431600e-01 -8.395565e-01
   outer loop
     vertex  2.172255e+00 -2.277742e+01 -1.903526e+01
     vertex -1.294840e-16 -2.388953e+01 -1.834436e+01
     vertex -6.047453e-16 -2.247126e+01 -1.926193e+01
   endloop
 endfacet
 facet normal  9.557213e-02 -6.027509e-01 -7.921851e-01
   outer loop
     vertex  2.172255e+00 -2.277742e+01 -1.903526e+01
     vertex  4.376798e+00 -2.242787e+01 -1.903526e+01
     vertex  4.647641e+00 -2.387413e+01 -1.790217e+01
   endloop
 endfacet
 facet normal  5.779497e-02 -6.058436e-01 -7.934818e-01
   outer loop
     vertex  2.172255e+00 -2.277742e+01 -1.903526e+01
     vertex  2.302998e+00 -2.424898e+01 -1.790217e+01
     vertex -1.294840e-16 -2.388953e+01 -1.834436e+01
   endloop
 endfacet
 facet normal  9.622498e-02 -6.018798e-01 -7.927682e-01
   outer loop
     vertex  2.172255e+00 -2.277742e+01 -1.903526e+01
     vertex  4.647641e+00 -2.387413e+01 -1.790217e+01
     vertex  2.302998e+00 -2.424898e+01 -1.790217e+01
   endloop
 endfacet
 facet normal  4.234594e-02 -3.827875e-01 -9.228654e-01
   outer loop
     vertex  2.034186e+00 -2.106779e+01 -1.975072e+01
     vertex  2.172255e+00 -2.277742e+01 -1.903526e+01
     vertex -6.047453e-16 -2.247126e+01 -1.926193e+01
   endloop
 endfacet
 facet normal  6.044026e-02 -3.811825e-01 -9.225220e-01
   outer loop
     vertex  2.034186e+00 -2.106779e+01 -1.975072e+01
     vertex  4.376798e+00 -2.242787e+01 -1.903526e+01
     vertex  2.172255e+00 -2.277742e+01 -1.903526e+01
   endloop
 endfacet
 facet normal  1.113057e-02 -3.432281e-01 -9.391861e-01
   outer loop
     vertex  2.034186e+00 -2.106779e+01 -1.975072e+01
     vertex -6.047453e-16 -2.247126e+01 -1.926193e+01
     vertex -1.530471e-15 -2.103376e+01 -1.978726e+01
   endloop
 endfacet
 facet normal  1.461488e-02 -1.821381e-01 -9.831643e-01
   outer loop
     vertex  2.034186e+00 -2.106779e+01 -1.975072e+01
     vertex -1.530471e-15 -2.103376e+01 -1.978726e+01
     vertex -2.327100e-15 -2.017681e+01 -1.994602e+01
   endloop
 endfacet
 facet normal  6.887046e-02 -6.102804e-02 -9.957572e-01
   outer loop
     vertex  2.034186e+00 -2.106779e+01 -1.975072e+01
     vertex -2.327100e-15 -2.017681e+01 -1.994602e+01
     vertex -3.361027e-15 -1.929607e+01 -2.000000e+01
   endloop
 endfacet
 facet normal  9.279867e-03 -1.288645e-01 -9.916188e-01
   outer loop
     vertex  2.034186e+00 -2.106779e+01 -1.975072e+01
     vertex -3.361027e-15 -1.929607e+01 -2.000000e+01
     vertex  2.764637e+00 -1.909698e+01 -2.000000e+01
   endloop
 endfacet
 facet normal  2.056010e-02 -1.329556e-01 -9.909087e-01
   outer loop
     vertex  2.034186e+00 -2.106779e+01 -1.975072e+01
     vertex  2.764637e+00 -1.909698e+01 -2.000000e+01
     vertex  4.079316e+00 -2.075153e+01 -1.975072e+01
   endloop
 endfacet
 facet normal  5.921818e-02 -3.829450e-01 -9.218711e-01
   outer loop
     vertex  2.034186e+00 -2.106779e+01 -1.975072e+01
     vertex  4.079316e+00 -2.075153e+01 -1.975072e+01
     vertex  4.376798e+00 -2.242787e+01 -1.903526e+01
   endloop
 endfacet
 facet normal  2.098557e-02  8.658347e-01 -4.998899e-01
   outer loop
     vertex  1.466651e+00  2.971623e+01 -9.090191e+00
     vertex -5.791095e-17  2.658201e+01 -1.458038e+01
     vertex -1.305925e-16  3.270526e+01 -3.974610e+00
   endloop
 endfacet
 facet normal  3.868523e-02  8.675610e-01 -4.958240e-01
   outer loop
     vertex  1.466651e+00  2.971623e+01 -9.090191e+00
     vertex -1.305925e-16  3.270526e+01 -3.974610e+00
     vertex  3.305549e+00  3.277196e+01 -3.600000e+00
   endloop
 endfacet
 facet normal  1.204198e-01  8.566232e-01 -5.016928e-01
   outer loop
     vertex  2.927373e+00  2.960971e+01 -9.090191e+00
     vertex  3.305549e+00  3.277196e+01 -3.600000e+00
     vertex  6.521108e+00  3.231993e+01 -3.600000e+00
   endloop
 endfacet
 facet normal  6.292423e-02  8.629411e-01 -5.013714e-01
   outer loop
     vertex  2.927373e+00  2.960971e+01 -9.090191e+00
     vertex  1.466651e+00  2.971623e+01 -9.090191e+00
     vertex  3.305549e+00  3.277196e+01 -3.600000e+00
   endloop
 endfacet
 facet normal  2.046405e-01  8.400447e-01 -5.024413e-01
   outer loop
     vertex  7.101458e+00  2.835063e+01 -1.000000e+01
     vertex  6.521108e+00  3.231993e+01 -3.600000e+00
     vertex  9.634010e+00  3.156160e+01 -3.600000e+00
   endloop
 endfacet
 facet normal  1.437972e-01  8.467812e-01 -5.121366e-01
   outer loop
     vertex  7.101458e+00  2.835063e+01 -1.000000e+01
     vertex  2.927373e+00  2.960971e+01 -9.090191e+00
     vertex  6.521108e+00  3.231993e+01 -3.600000e+00
   endloop
 endfacet
 facet normal  4.084980e-02  8.590805e-01 -5.102078e-01
   outer loop
     vertex  2.486528e+00  2.592344e+01 -1.549019e+01
     vertex -3.096581e-18  2.514868e+01 -1.699381e+01
     vertex -5.791095e-17  2.658201e+01 -1.458038e+01
   endloop
 endfacet
 facet normal  1.353180e-01  8.545089e-01 -5.015012e-01
   outer loop
     vertex  2.486528e+00  2.592344e+01 -1.549019e+01
     vertex  4.882551e+00  2.501006e+01 -1.640000e+01
     vertex  2.423859e+00  2.539941e+01 -1.640000e+01
   endloop
 endfacet
 facet normal  3.314118e-02  8.650740e-01 -5.005483e-01
   outer loop
     vertex  2.486528e+00  2.592344e+01 -1.549019e+01
     vertex  2.423859e+00  2.539941e+01 -1.640000e+01
     vertex -3.096581e-18  2.514868e+01 -1.699381e+01
   endloop
 endfacet
 facet normal  2.494738e-01  8.223828e-01 -5.113211e-01
   outer loop
     vertex  9.846113e+00  2.751803e+01 -1.000000e+01
     vertex  7.101458e+00  2.835063e+01 -1.000000e+01
     vertex  9.634010e+00  3.156160e+01 -3.600000e+00
   endloop
 endfacet
 facet normal  2.887932e-01  8.136727e-01 -5.045149e-01
   outer loop
     vertex  9.846113e+00  2.751803e+01 -1.000000e+01
     vertex  9.634010e+00  3.156160e+01 -3.600000e+00
     vertex  1.263243e+01  3.049739e+01 -3.600000e+00
   endloop
 endfacet
 facet normal  3.286265e-01  7.933745e-01 -5.124075e-01
   outer loop
     vertex  1.249593e+01  2.642044e+01 -1.000000e+01
     vertex  9.846113e+00  2.751803e+01 -1.000000e+01
     vertex  1.263243e+01  3.049739e+01 -3.600000e+00
   endloop
 endfacet
 facet normal  3.711458e-01  7.795611e-01 -5.045149e-01
   outer loop
     vertex  1.249593e+01  2.642044e+01 -1.000000e+01
     vertex  1.263243e+01  3.049739e+01 -3.600000e+00
     vertex  1.550515e+01  2.912970e+01 -3.600000e+00
   endloop
 endfacet
 facet normal  4.051079e-01  7.579171e-01 -5.113211e-01
   outer loop
     vertex  1.502543e+01  2.506841e+01 -1.000000e+01
     vertex  1.249593e+01  2.642044e+01 -1.000000e+01
     vertex  1.550515e+01  2.912970e+01 -3.600000e+00
   endloop
 endfacet
 facet normal  4.361974e-01  7.416431e-01 -5.096052e-01
   outer loop
     vertex  1.502543e+01  2.506841e+01 -1.000000e+01
     vertex  1.423230e+01  2.113727e+01 -1.640000e+01
     vertex  1.204936e+01  2.242116e+01 -1.640000e+01
   endloop
 endfacet
 facet normal  4.492986e-01  7.387039e-01 -5.024413e-01
   outer loop
     vertex  1.502543e+01  2.506841e+01 -1.000000e+01
     vertex  1.550515e+01  2.912970e+01 -3.600000e+00
     vertex  1.824252e+01  2.746476e+01 -3.600000e+00
   endloop
 endfacet
 facet normal  4.070595e-01  7.615685e-01 -5.042975e-01
   outer loop
     vertex  1.502543e+01  2.506841e+01 -1.000000e+01
     vertex  1.204936e+01  2.242116e+01 -1.640000e+01
     vertex  1.249593e+01  2.642044e+01 -1.000000e+01
   endloop
 endfacet
 facet normal  5.068418e-01  6.975694e-01 -5.064665e-01
   outer loop
     vertex  1.741019e+01  2.347495e+01 -1.000000e+01
     vertex  1.624617e+01  1.967402e+01 -1.640000e+01
     vertex  1.423230e+01  2.113727e+01 -1.640000e+01
   endloop
 endfacet
 facet normal  4.806792e-01  7.193776e-01 -5.014413e-01
   outer loop
     vertex  1.741019e+01  2.347495e+01 -1.000000e+01
     vertex  1.423230e+01  2.113727e+01 -1.640000e+01
     vertex  1.502543e+01  2.506841e+01 -1.000000e+01
   endloop
 endfacet
 facet normal  4.783751e-01  7.159293e-01 -5.085297e-01
   outer loop
     vertex  1.741019e+01  2.347495e+01 -1.000000e+01
     vertex  1.502543e+01  2.506841e+01 -1.000000e+01
     vertex  1.824252e+01  2.746476e+01 -3.600000e+00
   endloop
 endfacet
 facet normal  5.214343e-01  6.920148e-01 -4.992212e-01
   outer loop
     vertex  1.741019e+01  2.347495e+01 -1.000000e+01
     vertex  1.824252e+01  2.746476e+01 -3.600000e+00
     vertex  2.083590e+01  2.551065e+01 -3.600000e+00
   endloop
 endfacet
 facet normal  5.500979e-01  6.702731e-01 -4.981227e-01
   outer loop
     vertex  1.962728e+01  2.165537e+01 -1.000000e+01
     vertex  1.624617e+01  1.967402e+01 -1.640000e+01
     vertex  1.741019e+01  2.347495e+01 -1.000000e+01
   endloop
 endfacet
 facet normal  5.474815e-01  6.670852e-01 -5.052339e-01
   outer loop
     vertex  1.962728e+01  2.165537e+01 -1.000000e+01
     vertex  1.741019e+01  2.347495e+01 -1.000000e+01
     vertex  2.083590e+01  2.551065e+01 -3.600000e+00
   endloop
 endfacet
 facet normal  5.766923e-01  6.431464e-01 -5.037744e-01
   outer loop
     vertex  1.962728e+01  2.165537e+01 -1.000000e+01
     vertex  1.805347e+01  1.805347e+01 -1.640000e+01
     vertex  1.624617e+01  1.967402e+01 -1.640000e+01
   endloop
 endfacet
 facet normal  5.853813e-01  6.408718e-01 -4.966005e-01
   outer loop
     vertex  1.962728e+01  2.165537e+01 -1.000000e+01
     vertex  2.083590e+01  2.551065e+01 -3.600000e+00
     vertex  2.327904e+01  2.327904e+01 -3.600000e+00
   endloop
 endfacet
 facet normal  6.138315e-01  6.138315e-01 -4.964089e-01
   outer loop
     vertex  2.165537e+01  1.962728e+01 -1.000000e+01
     vertex  1.805347e+01  1.805347e+01 -1.640000e+01
     vertex  1.962728e+01  2.165537e+01 -1.000000e+01
   endloop
 endfacet
 facet normal  6.109099e-01  6.109099e-01 -5.035655e-01
   outer loop
     vertex  2.165537e+01  1.962728e+01 -1.000000e+01
     vertex  1.962728e+01  2.165537e+01 -1.000000e+01
     vertex  2.327904e+01  2.327904e+01 -3.600000e+00
   endloop
 endfacet
 facet normal  6.431464e-01  5.766923e-01 -5.037744e-01
   outer loop
     vertex  2.165537e+01  1.962728e+01 -1.000000e+01
     vertex  1.967402e+01  1.624617e+01 -1.640000e+01
     vertex  1.805347e+01  1.805347e+01 -1.640000e+01
   endloop
 endfacet
 facet normal  6.408718e-01  5.853813e-01 -4.966005e-01
   outer loop
     vertex  2.165537e+01  1.962728e+01 -1.000000e+01
     vertex  2.327904e+01  2.327904e+01 -3.600000e+00
     vertex  2.551065e+01  2.083590e+01 -3.600000e+00
   endloop
 endfacet
 facet normal  6.920148e-01  5.214343e-01 -4.992212e-01
   outer loop
     vertex  2.347495e+01  1.741019e+01 -1.000000e+01
     vertex  2.551065e+01  2.083590e+01 -3.600000e+00
     vertex  2.746476e+01  1.824252e+01 -3.600000e+00
   endloop
 endfacet
 facet normal  6.670852e-01  5.474815e-01 -5.052339e-01
   outer loop
     vertex  2.347495e+01  1.741019e+01 -1.000000e+01
     vertex  2.165537e+01  1.962728e+01 -1.000000e+01
     vertex  2.551065e+01  2.083590e+01 -3.600000e+00
   endloop
 endfacet
 facet normal  6.702731e-01  5.500979e-01 -4.981227e-01
   outer loop
     vertex  2.347495e+01  1.741019e+01 -1.000000e+01
     vertex  1.967402e+01  1.624617e+01 -1.640000e+01
     vertex  2.165537e+01  1.962728e+01 -1.000000e+01
   endloop
 endfacet
 facet normal  6.975694e-01  5.068418e-01 -5.064665e-01
   outer loop
     vertex  2.347495e+01  1.741019e+01 -1.000000e+01
     vertex  2.113727e+01  1.423230e+01 -1.640000e+01
     vertex  1.967402e+01  1.624617e+01 -1.640000e+01
   endloop
 endfacet
 facet normal  7.387039e-01  4.492986e-01 -5.024413e-01
   outer loop
     vertex  2.506841e+01  1.502543e+01 -1.000000e+01
     vertex  2.746476e+01  1.824252e+01 -3.600000e+00
     vertex  2.912970e+01  1.550515e+01 -3.600000e+00
   endloop
 endfacet
 facet normal  7.159293e-01  4.783751e-01 -5.085297e-01
   outer loop
     vertex  2.506841e+01  1.502543e+01 -1.000000e+01
     vertex  2.347495e+01  1.741019e+01 -1.000000e+01
     vertex  2.746476e+01  1.824252e+01 -3.600000e+00
   endloop
 endfacet
 facet normal  7.193776e-01  4.806792e-01 -5.014413e-01
   outer loop
     vertex  2.506841e+01  1.502543e+01 -1.000000e+01
     vertex  2.113727e+01  1.423230e+01 -1.640000e+01
     vertex  2.347495e+01  1.741019e+01 -1.000000e+01
   endloop
 endfacet
 facet normal  7.416431e-01  4.361974e-01 -5.096052e-01
   outer loop
     vertex  2.506841e+01  1.502543e+01 -1.000000e+01
     vertex  2.242116e+01  1.204936e+01 -1.640000e+01
     vertex  2.113727e+01  1.423230e+01 -1.640000e+01
   endloop
 endfacet
 facet normal  7.795611e-01  3.711458e-01 -5.045149e-01
   outer loop
     vertex  2.642044e+01  1.249593e+01 -1.000000e+01
     vertex  2.912970e+01  1.550515e+01 -3.600000e+00
     vertex  3.049739e+01  1.263243e+01 -3.600000e+00
   endloop
 endfacet
 facet normal  7.579171e-01  4.051079e-01 -5.113211e-01
   outer loop
     vertex  2.642044e+01  1.249593e+01 -1.000000e+01
     vertex  2.506841e+01  1.502543e+01 -1.000000e+01
     vertex  2.912970e+01  1.550515e+01 -3.600000e+00
   endloop
 endfacet
 facet normal  7.615685e-01  4.070595e-01 -5.042975e-01
   outer loop
     vertex  2.642044e+01  1.249593e+01 -1.000000e+01
     vertex  2.242116e+01  1.204936e+01 -1.640000e+01
     vertex  2.506841e+01  1.502543e+01 -1.000000e+01
   endloop
 endfacet
 facet normal  7.778891e-01  3.649607e-01 -5.115586e-01
   outer loop
     vertex  2.642044e+01  1.249593e+01 -1.000000e+01
     vertex  2.350623e+01  9.736600e+00 -1.640000e+01
     vertex  2.242116e+01  1.204936e+01 -1.640000e+01
   endloop
 endfacet
 facet normal  7.972137e-01  3.302167e-01 -5.053783e-01
   outer loop
     vertex  2.751803e+01  9.846113e+00 -1.000000e+01
     vertex  2.350623e+01  9.736600e+00 -1.640000e+01
     vertex  2.642044e+01  1.249593e+01 -1.000000e+01
   endloop
 endfacet
 facet normal  8.081168e-01  2.919845e-01 -5.115586e-01
   outer loop
     vertex  2.751803e+01  9.846113e+00 -1.000000e+01
     vertex  2.437434e+01  7.333969e+00 -1.640000e+01
     vertex  2.350623e+01  9.736600e+00 -1.640000e+01
   endloop
 endfacet
 facet normal  7.933745e-01  3.286265e-01 -5.124075e-01
   outer loop
     vertex  2.751803e+01  9.846113e+00 -1.000000e+01
     vertex  2.642044e+01  1.249593e+01 -1.000000e+01
     vertex  3.049739e+01  1.263243e+01 -3.600000e+00
   endloop
 endfacet
 facet normal  8.136727e-01  2.887932e-01 -5.045149e-01
   outer loop
     vertex  2.751803e+01  9.846113e+00 -1.000000e+01
     vertex  3.049739e+01  1.263243e+01 -3.600000e+00
     vertex  3.156160e+01  9.634010e+00 -3.600000e+00
   endloop
 endfacet
 facet normal  8.263448e-01  2.506757e-01 -5.042975e-01
   outer loop
     vertex  2.835063e+01  7.101458e+00 -1.000000e+01
     vertex  2.437434e+01  7.333969e+00 -1.640000e+01
     vertex  2.751803e+01  9.846113e+00 -1.000000e+01
   endloop
 endfacet
 facet normal  8.223828e-01  2.494738e-01 -5.113211e-01
   outer loop
     vertex  2.835063e+01  7.101458e+00 -1.000000e+01
     vertex  2.751803e+01  9.846113e+00 -1.000000e+01
     vertex  3.156160e+01  9.634010e+00 -3.600000e+00
   endloop
 endfacet
 facet normal  8.400447e-01  2.046405e-01 -5.024413e-01
   outer loop
     vertex  2.835063e+01  7.101458e+00 -1.000000e+01
     vertex  3.156160e+01  9.634010e+00 -3.600000e+00
     vertex  3.231993e+01  6.521108e+00 -3.600000e+00
   endloop
 endfacet
 facet normal  8.328590e-01  2.159827e-01 -5.096052e-01
   outer loop
     vertex  2.835063e+01  7.101458e+00 -1.000000e+01
     vertex  2.501006e+01  4.882551e+00 -1.640000e+01
     vertex  2.437434e+01  7.333969e+00 -1.640000e+01
   endloop
 endfacet
 facet normal  8.445008e-01  1.679762e-01 -5.085297e-01
   outer loop
     vertex  2.891016e+01  4.288437e+00 -1.000000e+01
     vertex  2.835063e+01  7.101458e+00 -1.000000e+01
     vertex  3.231993e+01  6.521108e+00 -3.600000e+00
   endloop
 endfacet
 facet normal  8.485683e-01  1.687852e-01 -5.014413e-01
   outer loop
     vertex  2.891016e+01  4.288437e+00 -1.000000e+01
     vertex  2.501006e+01  4.882551e+00 -1.640000e+01
     vertex  2.835063e+01  7.101458e+00 -1.000000e+01
   endloop
 endfacet
 facet normal  8.580381e-01  1.206187e-01 -4.992212e-01
   outer loop
     vertex  2.891016e+01  4.288437e+00 -1.000000e+01
     vertex  3.231993e+01  6.521108e+00 -3.600000e+00
     vertex  3.277196e+01  3.305549e+00 -3.600000e+00
   endloop
 endfacet
 facet normal  8.516473e-01  1.348648e-01 -5.064665e-01
   outer loop
     vertex  2.891016e+01  4.288437e+00 -1.000000e+01
     vertex  2.539941e+01  2.423859e+00 -1.640000e+01
     vertex  2.501006e+01  4.882551e+00 -1.640000e+01
   endloop
 endfacet
 facet normal  8.588284e-01  8.457257e-02 -5.052339e-01
   outer loop
     vertex  2.919124e+01  1.434076e+00 -1.000000e+01
     vertex  2.891016e+01  4.288437e+00 -1.000000e+01
     vertex  3.277196e+01  3.305549e+00 -3.600000e+00
   endloop
 endfacet
 facet normal  8.629326e-01  8.497673e-02 -4.981227e-01
   outer loop
     vertex  2.919124e+01  1.434076e+00 -1.000000e+01
     vertex  2.539941e+01  2.423859e+00 -1.640000e+01
     vertex  2.891016e+01  4.288437e+00 -1.000000e+01
   endloop
 endfacet
 facet normal  8.670919e-01  3.923773e-02 -4.966005e-01
   outer loop
     vertex  2.919124e+01  1.434076e+00 -1.000000e+01
     vertex  3.277196e+01  3.305549e+00 -3.600000e+00
     vertex  3.292154e+01 -1.332268e-15 -3.600000e+00
   endloop
 endfacet
 facet normal  8.625562e-01  4.699017e-02 -5.037744e-01
   outer loop
     vertex  2.919124e+01  1.434076e+00 -1.000000e+01
     vertex  2.553146e+01  4.440892e-16 -1.640000e+01
     vertex  2.539941e+01  2.423859e+00 -1.640000e+01
   endloop
 endfacet
 facet normal  8.625562e-01 -4.699017e-02 -5.037744e-01
   outer loop
     vertex  2.919124e+01 -1.434076e+00 -1.000000e+01
     vertex  2.539941e+01 -2.423859e+00 -1.640000e+01
     vertex  2.553146e+01  4.440892e-16 -1.640000e+01
   endloop
 endfacet
 facet normal  8.680888e-01 -7.678363e-16 -4.964089e-01
   outer loop
     vertex  2.919124e+01 -1.434076e+00 -1.000000e+01
     vertex  2.553146e+01  4.440892e-16 -1.640000e+01
     vertex  2.919124e+01  1.434076e+00 -1.000000e+01
   endloop
 endfacet
 facet normal  8.639571e-01 -7.582860e-16 -5.035655e-01
   outer loop
     vertex  2.919124e+01 -1.434076e+00 -1.000000e+01
     vertex  2.919124e+01  1.434076e+00 -1.000000e+01
     vertex  3.292154e+01 -1.332268e-15 -3.600000e+00
   endloop
 endfacet
 facet normal  8.670919e-01 -3.923773e-02 -4.966005e-01
   outer loop
     vertex  2.919124e+01 -1.434076e+00 -1.000000e+01
     vertex  3.292154e+01 -1.332268e-15 -3.600000e+00
     vertex  3.277196e+01 -3.305549e+00 -3.600000e+00
   endloop
 endfacet
 facet normal  8.580381e-01 -1.206187e-01 -4.992212e-01
   outer loop
     vertex  2.891016e+01 -4.288437e+00 -1.000000e+01
     vertex  3.277196e+01 -3.305549e+00 -3.600000e+00
     vertex  3.231993e+01 -6.521108e+00 -3.600000e+00
   endloop
 endfacet
 facet normal  8.516473e-01 -1.348648e-01 -5.064665e-01
   outer loop
     vertex  2.891016e+01 -4.288437e+00 -1.000000e+01
     vertex  2.501006e+01 -4.882551e+00 -1.640000e+01
     vertex  2.539941e+01 -2.423859e+00 -1.640000e+01
   endloop
 endfacet
 facet normal  8.588284e-01 -8.457257e-02 -5.052339e-01
   outer loop
     vertex  2.891016e+01 -4.288437e+00 -1.000000e+01
     vertex  2.919124e+01 -1.434076e+00 -1.000000e+01
     vertex  3.277196e+01 -3.305549e+00 -3.600000e+00
   endloop
 endfacet
 facet normal  8.629326e-01 -8.497673e-02 -4.981227e-01
   outer loop
     vertex  2.891016e+01 -4.288437e+00 -1.000000e+01
     vertex  2.539941e+01 -2.423859e+00 -1.640000e+01
     vertex  2.919124e+01 -1.434076e+00 -1.000000e+01
   endloop
 endfacet
 facet normal  8.400447e-01 -2.046405e-01 -5.024413e-01
   outer loop
     vertex  2.835063e+01 -7.101458e+00 -1.000000e+01
     vertex  3.231993e+01 -6.521108e+00 -3.600000e+00
     vertex  3.156160e+01 -9.634010e+00 -3.600000e+00
   endloop
 endfacet
 facet normal  8.485683e-01 -1.687852e-01 -5.014413e-01
   outer loop
     vertex  2.835063e+01 -7.101458e+00 -1.000000e+01
     vertex  2.501006e+01 -4.882551e+00 -1.640000e+01
     vertex  2.891016e+01 -4.288437e+00 -1.000000e+01
   endloop
 endfacet
 facet normal  8.445008e-01 -1.679762e-01 -5.085297e-01
   outer loop
     vertex  2.835063e+01 -7.101458e+00 -1.000000e+01
     vertex  2.891016e+01 -4.288437e+00 -1.000000e+01
     vertex  3.231993e+01 -6.521108e+00 -3.600000e+00
   endloop
 endfacet
 facet normal  8.328590e-01 -2.159827e-01 -5.096052e-01
   outer loop
     vertex  2.835063e+01 -7.101458e+00 -1.000000e+01
     vertex  2.437434e+01 -7.333969e+00 -1.640000e+01
     vertex  2.501006e+01 -4.882551e+00 -1.640000e+01
   endloop
 endfacet
 facet normal  8.136727e-01 -2.887932e-01 -5.045149e-01
   outer loop
     vertex  2.751803e+01 -9.846113e+00 -1.000000e+01
     vertex  3.156160e+01 -9.634010e+00 -3.600000e+00
     vertex  3.049739e+01 -1.263243e+01 -3.600000e+00
   endloop
 endfacet
 facet normal  8.263448e-01 -2.506757e-01 -5.042975e-01
   outer loop
     vertex  2.751803e+01 -9.846113e+00 -1.000000e+01
     vertex  2.437434e+01 -7.333969e+00 -1.640000e+01
     vertex  2.835063e+01 -7.101458e+00 -1.000000e+01
   endloop
 endfacet
 facet normal  8.223828e-01 -2.494738e-01 -5.113211e-01
   outer loop
     vertex  2.751803e+01 -9.846113e+00 -1.000000e+01
     vertex  2.835063e+01 -7.101458e+00 -1.000000e+01
     vertex  3.156160e+01 -9.634010e+00 -3.600000e+00
   endloop
 endfacet
 facet normal  8.081168e-01 -2.919845e-01 -5.115586e-01
   outer loop
     vertex  2.751803e+01 -9.846113e+00 -1.000000e+01
     vertex  2.350623e+01 -9.736600e+00 -1.640000e+01
     vertex  2.437434e+01 -7.333969e+00 -1.640000e+01
   endloop
 endfacet
 facet normal  7.933745e-01 -3.286265e-01 -5.124075e-01
   outer loop
     vertex  2.642044e+01 -1.249593e+01 -1.000000e+01
     vertex  2.751803e+01 -9.846113e+00 -1.000000e+01
     vertex  3.049739e+01 -1.263243e+01 -3.600000e+00
   endloop
 endfacet
 facet normal  7.972137e-01 -3.302167e-01 -5.053783e-01
   outer loop
     vertex  2.642044e+01 -1.249593e+01 -1.000000e+01
     vertex  2.350623e+01 -9.736600e+00 -1.640000e+01
     vertex  2.751803e+01 -9.846113e+00 -1.000000e+01
   endloop
 endfacet
 facet normal  7.795611e-01 -3.711458e-01 -5.045149e-01
   outer loop
     vertex  2.642044e+01 -1.249593e+01 -1.000000e+01
     vertex  3.049739e+01 -1.263243e+01 -3.600000e+00
     vertex  2.912970e+01 -1.550515e+01 -3.600000e+00
   endloop
 endfacet
 facet normal  7.778891e-01 -3.649607e-01 -5.115586e-01
   outer loop
     vertex  2.642044e+01 -1.249593e+01 -1.000000e+01
     vertex  2.242116e+01 -1.204936e+01 -1.640000e+01
     vertex  2.350623e+01 -9.736600e+00 -1.640000e+01
   endloop
 endfacet
 facet normal  7.615685e-01 -4.070595e-01 -5.042975e-01
   outer loop
     vertex  2.506841e+01 -1.502543e+01 -1.000000e+01
     vertex  2.242116e+01 -1.204936e+01 -1.640000e+01
     vertex  2.642044e+01 -1.249593e+01 -1.000000e+01
   endloop
 endfacet
 facet normal  7.579171e-01 -4.051079e-01 -5.113211e-01
   outer loop
     vertex  2.506841e+01 -1.502543e+01 -1.000000e+01
     vertex  2.642044e+01 -1.249593e+01 -1.000000e+01
     vertex  2.912970e+01 -1.550515e+01 -3.600000e+00
   endloop
 endfacet
 facet normal  7.416431e-01 -4.361974e-01 -5.096052e-01
   outer loop
     vertex  2.506841e+01 -1.502543e+01 -1.000000e+01
     vertex  2.113727e+01 -1.423230e+01 -1.640000e+01
     vertex  2.242116e+01 -1.204936e+01 -1.640000e+01
   endloop
 endfacet
 facet normal  7.387039e-01 -4.492986e-01 -5.024413e-01
   outer loop
     vertex  2.506841e+01 -1.502543e+01 -1.000000e+01
     vertex  2.912970e+01 -1.550515e+01 -3.600000e+00
     vertex  2.746476e+01 -1.824252e+01 -3.600000e+00
   endloop
 endfacet
 facet normal  6.920148e-01 -5.214343e-01 -4.992212e-01
   outer loop
     vertex  2.347495e+01 -1.741019e+01 -1.000000e+01
     vertex  2.746476e+01 -1.824252e+01 -3.600000e+00
     vertex  2.551065e+01 -2.083590e+01 -3.600000e+00
   endloop
 endfacet
 facet normal  7.193776e-01 -4.806792e-01 -5.014413e-01
   outer loop
     vertex  2.347495e+01 -1.741019e+01 -1.000000e+01
     vertex  2.113727e+01 -1.423230e+01 -1.640000e+01
     vertex  2.506841e+01 -1.502543e+01 -1.000000e+01
   endloop
 endfacet
 facet normal  6.975694e-01 -5.068418e-01 -5.064665e-01
   outer loop
     vertex  2.347495e+01 -1.741019e+01 -1.000000e+01
     vertex  1.967402e+01 -1.624617e+01 -1.640000e+01
     vertex  2.113727e+01 -1.423230e+01 -1.640000e+01
   endloop
 endfacet
 facet normal  7.159293e-01 -4.783751e-01 -5.085297e-01
   outer loop
     vertex  2.347495e+01 -1.741019e+01 -1.000000e+01
     vertex  2.506841e+01 -1.502543e+01 -1.000000e+01
     vertex  2.746476e+01 -1.824252e+01 -3.600000e+00
   endloop
 endfacet
 facet normal  6.408718e-01 -5.853813e-01 -4.966005e-01
   outer loop
     vertex  2.165537e+01 -1.962728e+01 -1.000000e+01
     vertex  2.551065e+01 -2.083590e+01 -3.600000e+00
     vertex  2.327904e+01 -2.327904e+01 -3.600000e+00
   endloop
 endfacet
 facet normal  6.702731e-01 -5.500979e-01 -4.981227e-01
   outer loop
     vertex  2.165537e+01 -1.962728e+01 -1.000000e+01
     vertex  1.967402e+01 -1.624617e+01 -1.640000e+01
     vertex  2.347495e+01 -1.741019e+01 -1.000000e+01
   endloop
 endfacet
 facet normal  6.431464e-01 -5.766923e-01 -5.037744e-01
   outer loop
     vertex  2.165537e+01 -1.962728e+01 -1.000000e+01
     vertex  1.805347e+01 -1.805347e+01 -1.640000e+01
     vertex  1.967402e+01 -1.624617e+01 -1.640000e+01
   endloop
 endfacet
 facet normal  6.670852e-01 -5.474815e-01 -5.052339e-01
   outer loop
     vertex  2.165537e+01 -1.962728e+01 -1.000000e+01
     vertex  2.347495e+01 -1.741019e+01 -1.000000e+01
     vertex  2.551065e+01 -2.083590e+01 -3.600000e+00
   endloop
 endfacet
 facet normal  5.766923e-01 -6.431464e-01 -5.037744e-01
   outer loop
     vertex  1.962728e+01 -2.165537e+01 -1.000000e+01
     vertex  1.624617e+01 -1.967402e+01 -1.640000e+01
     vertex  1.805347e+01 -1.805347e+01 -1.640000e+01
   endloop
 endfacet
 facet normal  5.853813e-01 -6.408718e-01 -4.966005e-01
   outer loop
     vertex  1.962728e+01 -2.165537e+01 -1.000000e+01
     vertex  2.327904e+01 -2.327904e+01 -3.600000e+00
     vertex  2.083590e+01 -2.551065e+01 -3.600000e+00
   endloop
 endfacet
 facet normal  6.138315e-01 -6.138315e-01 -4.964089e-01
   outer loop
     vertex  1.962728e+01 -2.165537e+01 -1.000000e+01
     vertex  1.805347e+01 -1.805347e+01 -1.640000e+01
     vertex  2.165537e+01 -1.962728e+01 -1.000000e+01
   endloop
 endfacet
 facet normal  6.109099e-01 -6.109099e-01 -5.035655e-01
   outer loop
     vertex  1.962728e+01 -2.165537e+01 -1.000000e+01
     vertex  2.165537e+01 -1.962728e+01 -1.000000e+01
     vertex  2.327904e+01 -2.327904e+01 -3.600000e+00
   endloop
 endfacet
 facet normal  5.068418e-01 -6.975694e-01 -5.064665e-01
   outer loop
     vertex  1.741019e+01 -2.347495e+01 -1.000000e+01
     vertex  1.423230e+01 -2.113727e+01 -1.640000e+01
     vertex  1.624617e+01 -1.967402e+01 -1.640000e+01
   endloop
 endfacet
 facet normal  5.214343e-01 -6.920148e-01 -4.992212e-01
   outer loop
     vertex  1.741019e+01 -2.347495e+01 -1.000000e+01
     vertex  2.083590e+01 -2.551065e+01 -3.600000e+00
     vertex  1.824252e+01 -2.746476e+01 -3.600000e+00
   endloop
 endfacet
 facet normal  5.500979e-01 -6.702731e-01 -4.981227e-01
   outer loop
     vertex  1.741019e+01 -2.347495e+01 -1.000000e+01
     vertex  1.624617e+01 -1.967402e+01 -1.640000e+01
     vertex  1.962728e+01 -2.165537e+01 -1.000000e+01
   endloop
 endfacet
 facet normal  5.474815e-01 -6.670852e-01 -5.052339e-01
   outer loop
     vertex  1.741019e+01 -2.347495e+01 -1.000000e+01
     vertex  1.962728e+01 -2.165537e+01 -1.000000e+01
     vertex  2.083590e+01 -2.551065e+01 -3.600000e+00
   endloop
 endfacet
 facet normal  4.783751e-01 -7.159293e-01 -5.085297e-01
   outer loop
     vertex  1.502543e+01 -2.506841e+01 -1.000000e+01
     vertex  1.741019e+01 -2.347495e+01 -1.000000e+01
     vertex  1.824252e+01 -2.746476e+01 -3.600000e+00
   endloop
 endfacet
 facet normal  4.361974e-01 -7.416431e-01 -5.096052e-01
   outer loop
     vertex  1.502543e+01 -2.506841e+01 -1.000000e+01
     vertex  1.204936e+01 -2.242116e+01 -1.640000e+01
     vertex  1.423230e+01 -2.113727e+01 -1.640000e+01
   endloop
 endfacet
 facet normal  4.806792e-01 -7.193776e-01 -5.014413e-01
   outer loop
     vertex  1.502543e+01 -2.506841e+01 -1.000000e+01
     vertex  1.423230e+01 -2.113727e+01 -1.640000e+01
     vertex  1.741019e+01 -2.347495e+01 -1.000000e+01
   endloop
 endfacet
 facet normal  4.492986e-01 -7.387039e-01 -5.024413e-01
   outer loop
     vertex  1.502543e+01 -2.506841e+01 -1.000000e+01
     vertex  1.824252e+01 -2.746476e+01 -3.600000e+00
     vertex  1.550515e+01 -2.912970e+01 -3.600000e+00
   endloop
 endfacet
 facet normal  4.070595e-01 -7.615685e-01 -5.042975e-01
   outer loop
     vertex  1.249593e+01 -2.642044e+01 -1.000000e+01
     vertex  1.204936e+01 -2.242116e+01 -1.640000e+01
     vertex  1.502543e+01 -2.506841e+01 -1.000000e+01
   endloop
 endfacet
 facet normal  3.711458e-01 -7.795611e-01 -5.045149e-01
   outer loop
     vertex  1.249593e+01 -2.642044e+01 -1.000000e+01
     vertex  1.550515e+01 -2.912970e+01 -3.600000e+00
     vertex  1.263243e+01 -3.049739e+01 -3.600000e+00
   endloop
 endfacet
 facet normal  4.051079e-01 -7.579171e-01 -5.113211e-01
   outer loop
     vertex  1.249593e+01 -2.642044e+01 -1.000000e+01
     vertex  1.502543e+01 -2.506841e+01 -1.000000e+01
     vertex  1.550515e+01 -2.912970e+01 -3.600000e+00
   endloop
 endfacet
 facet normal  2.887932e-01 -8.136727e-01 -5.045149e-01
   outer loop
     vertex  9.846113e+00 -2.751803e+01 -1.000000e+01
     vertex  1.263243e+01 -3.049739e+01 -3.600000e+00
     vertex  9.634010e+00 -3.156160e+01 -3.600000e+00
   endloop
 endfacet
 facet normal  3.286265e-01 -7.933745e-01 -5.124075e-01
   outer loop
     vertex  9.846113e+00 -2.751803e+01 -1.000000e+01
     vertex  1.249593e+01 -2.642044e+01 -1.000000e+01
     vertex  1.263243e+01 -3.049739e+01 -3.600000e+00
   endloop
 endfacet
 facet normal  2.494738e-01 -8.223828e-01 -5.113211e-01
   outer loop
     vertex  7.101458e+00 -2.835063e+01 -1.000000e+01
     vertex  9.846113e+00 -2.751803e+01 -1.000000e+01
     vertex  9.634010e+00 -3.156160e+01 -3.600000e+00
   endloop
 endfacet
 facet normal  2.046405e-01 -8.400447e-01 -5.024413e-01
   outer loop
     vertex  7.101458e+00 -2.835063e+01 -1.000000e+01
     vertex  9.634010e+00 -3.156160e+01 -3.600000e+00
     vertex  6.521108e+00 -3.231993e+01 -3.600000e+00
   endloop
 endfacet
 facet normal  1.204198e-01 -8.566232e-01 -5.016928e-01
   outer loop
     vertex  2.927373e+00 -2.960971e+01 -9.090191e+00
     vertex  6.521108e+00 -3.231993e+01 -3.600000e+00
     vertex  3.305549e+00 -3.277196e+01 -3.600000e+00
   endloop
 endfacet
 facet normal  1.437972e-01 -8.467812e-01 -5.121366e-01
   outer loop
     vertex  2.927373e+00 -2.960971e+01 -9.090191e+00
     vertex  7.101458e+00 -2.835063e+01 -1.000000e+01
     vertex  6.521108e+00 -3.231993e+01 -3.600000e+00
   endloop
 endfacet
 facet normal  3.868523e-02 -8.675610e-01 -4.958240e-01
   outer loop
     vertex  1.466651e+00 -2.971623e+01 -9.090191e+00
     vertex  3.305549e+00 -3.277196e+01 -3.600000e+00
     vertex  0.000000e+00 -3.270526e+01 -3.974610e+00
   endloop
 endfacet
 facet normal  2.098557e-02 -8.658347e-01 -4.998899e-01
   outer loop
     vertex  1.466651e+00 -2.971623e+01 -9.090191e+00
     vertex  0.000000e+00 -3.270526e+01 -3.974610e+00
     vertex  0.000000e+00 -2.658201e+01 -1.458038e+01
   endloop
 endfacet
 facet normal  6.292423e-02 -8.629411e-01 -5.013714e-01
   outer loop
     vertex  1.466651e+00 -2.971623e+01 -9.090191e+00
     vertex  2.927373e+00 -2.960971e+01 -9.090191e+00
     vertex  3.305549e+00 -3.277196e+01 -3.600000e+00
   endloop
 endfacet
 facet normal  4.084980e-02 -8.590805e-01 -5.102078e-01
   outer loop
     vertex  2.486528e+00 -2.592344e+01 -1.549019e+01
     vertex  0.000000e+00 -2.658201e+01 -1.458038e+01
     vertex -2.633201e-18 -2.514868e+01 -1.699381e+01
   endloop
 endfacet
 facet normal  1.353180e-01 -8.545089e-01 -5.015012e-01
   outer loop
     vertex  2.486528e+00 -2.592344e+01 -1.549019e+01
     vertex  2.423859e+00 -2.539941e+01 -1.640000e+01
     vertex  4.882551e+00 -2.501006e+01 -1.640000e+01
   endloop
 endfacet
 facet normal  3.314118e-02 -8.650740e-01 -5.005483e-01
   outer loop
     vertex  2.486528e+00 -2.592344e+01 -1.549019e+01
     vertex -2.633201e-18 -2.514868e+01 -1.699381e+01
     vertex  2.423859e+00 -2.539941e+01 -1.640000e+01
   endloop
 endfacet
 facet normal  1.530253e-01  8.595923e-01 -4.875288e-01
   outer loop
     vertex  4.683650e+00  2.722414e+01 -1.274510e+01
     vertex  2.927373e+00  2.960971e+01 -9.090191e+00
     vertex  7.101458e+00  2.835063e+01 -1.000000e+01
   endloop
 endfacet
 facet normal  1.313779e-01  8.510419e-01 -5.083970e-01
   outer loop
     vertex  4.683650e+00  2.722414e+01 -1.274510e+01
     vertex  4.882551e+00  2.501006e+01 -1.640000e+01
     vertex  2.486528e+00  2.592344e+01 -1.549019e+01
   endloop
 endfacet
 facet normal  1.313779e-01 -8.510419e-01 -5.083970e-01
   outer loop
     vertex  4.683650e+00 -2.722414e+01 -1.274510e+01
     vertex  2.486528e+00 -2.592344e+01 -1.549019e+01
     vertex  4.882551e+00 -2.501006e+01 -1.640000e+01
   endloop
 endfacet
 facet normal  1.530253e-01 -8.595923e-01 -4.875288e-01
   outer loop
     vertex  4.683650e+00 -2.722414e+01 -1.274510e+01
     vertex  7.101458e+00 -2.835063e+01 -1.000000e+01
     vertex  2.927373e+00 -2.960971e+01 -9.090191e+00
   endloop
 endfacet
 facet normal  4.286514e-02  8.612913e-01 -5.063002e-01
   outer loop
     vertex  2.284673e+00  2.700773e+01 -1.366274e+01
     vertex  2.486528e+00  2.592344e+01 -1.549019e+01
     vertex -5.791095e-17  2.658201e+01 -1.458038e+01
   endloop
 endfacet
 facet normal  4.152047e-02  8.628851e-01 -5.036917e-01
   outer loop
     vertex  2.284673e+00  2.700773e+01 -1.366274e+01
     vertex -5.791095e-17  2.658201e+01 -1.458038e+01
     vertex  1.466651e+00  2.971623e+01 -9.090191e+00
   endloop
 endfacet
 facet normal  1.153443e-01  8.562778e-01 -5.034720e-01
   outer loop
     vertex  2.284673e+00  2.700773e+01 -1.366274e+01
     vertex  2.927373e+00  2.960971e+01 -9.090191e+00
     vertex  4.683650e+00  2.722414e+01 -1.274510e+01
   endloop
 endfacet
 facet normal  6.297076e-02  8.635793e-01 -5.002655e-01
   outer loop
     vertex  2.284673e+00  2.700773e+01 -1.366274e+01
     vertex  1.466651e+00  2.971623e+01 -9.090191e+00
     vertex  2.927373e+00  2.960971e+01 -9.090191e+00
   endloop
 endfacet
 facet normal  1.128326e-01  8.599387e-01 -4.977692e-01
   outer loop
     vertex  2.284673e+00  2.700773e+01 -1.366274e+01
     vertex  4.683650e+00  2.722414e+01 -1.274510e+01
     vertex  2.486528e+00  2.592344e+01 -1.549019e+01
   endloop
 endfacet
 facet normal  2.514496e-01  8.288960e-01 -4.997044e-01
   outer loop
     vertex  7.227792e+00  2.748486e+01 -1.137255e+01
     vertex  7.101458e+00  2.835063e+01 -1.000000e+01
     vertex  9.846113e+00  2.751803e+01 -1.000000e+01
   endloop
 endfacet
 facet normal  1.899095e-01  8.381963e-01 -5.112352e-01
   outer loop
     vertex  7.227792e+00  2.748486e+01 -1.137255e+01
     vertex  4.683650e+00  2.722414e+01 -1.274510e+01
     vertex  7.101458e+00  2.835063e+01 -1.000000e+01
   endloop
 endfacet
 facet normal  2.514496e-01 -8.288960e-01 -4.997044e-01
   outer loop
     vertex  7.227792e+00 -2.748486e+01 -1.137255e+01
     vertex  9.846113e+00 -2.751803e+01 -1.000000e+01
     vertex  7.101458e+00 -2.835063e+01 -1.000000e+01
   endloop
 endfacet
 facet normal  1.899095e-01 -8.381963e-01 -5.112352e-01
   outer loop
     vertex  7.227792e+00 -2.748486e+01 -1.137255e+01
     vertex  7.101458e+00 -2.835063e+01 -1.000000e+01
     vertex  4.683650e+00 -2.722414e+01 -1.274510e+01
   endloop
 endfacet
 facet normal  1.128326e-01 -8.599387e-01 -4.977692e-01
   outer loop
     vertex  2.284673e+00 -2.700773e+01 -1.366274e+01
     vertex  2.486528e+00 -2.592344e+01 -1.549019e+01
     vertex  4.683650e+00 -2.722414e+01 -1.274510e+01
   endloop
 endfacet
 facet normal  1.153443e-01 -8.562778e-01 -5.034720e-01
   outer loop
     vertex  2.284673e+00 -2.700773e+01 -1.366274e+01
     vertex  4.683650e+00 -2.722414e+01 -1.274510e+01
     vertex  2.927373e+00 -2.960971e+01 -9.090191e+00
   endloop
 endfacet
 facet normal  4.286514e-02 -8.612913e-01 -5.063002e-01
   outer loop
     vertex  2.284673e+00 -2.700773e+01 -1.366274e+01
     vertex  0.000000e+00 -2.658201e+01 -1.458038e+01
     vertex  2.486528e+00 -2.592344e+01 -1.549019e+01
   endloop
 endfacet
 facet normal  4.152047e-02 -8.628851e-01 -5.036917e-01
   outer loop
     vertex  2.284673e+00 -2.700773e+01 -1.366274e+01
     vertex  1.466651e+00 -2.971623e+01 -9.090191e+00
     vertex  0.000000e+00 -2.658201e+01 -1.458038e+01
   endloop
 endfacet
 facet normal  6.297076e-02 -8.635793e-01 -5.002655e-01
   outer loop
     vertex  2.284673e+00 -2.700773e+01 -1.366274e+01
     vertex  2.927373e+00 -2.960971e+01 -9.090191e+00
     vertex  1.466651e+00 -2.971623e+01 -9.090191e+00
   endloop
 endfacet
 facet normal  2.023369e-01  8.226546e-01 -5.313183e-01
   outer loop
     vertex  8.581345e+00  2.552843e+01 -1.388627e+01
     vertex  4.683650e+00  2.722414e+01 -1.274510e+01
     vertex  7.227792e+00  2.748486e+01 -1.137255e+01
   endloop
 endfacet
 facet normal  2.181791e-01  8.413283e-01 -4.945347e-01
   outer loop
     vertex  8.581345e+00  2.552843e+01 -1.388627e+01
     vertex  7.333969e+00  2.437434e+01 -1.640000e+01
     vertex  4.882551e+00  2.501006e+01 -1.640000e+01
   endloop
 endfacet
 facet normal  3.327743e-01  7.890991e-01 -5.163177e-01
   outer loop
     vertex  8.581345e+00  2.552843e+01 -1.388627e+01
     vertex  1.249593e+01  2.642044e+01 -1.000000e+01
     vertex  1.204936e+01  2.242116e+01 -1.640000e+01
   endloop
 endfacet
 facet normal  2.198671e-01  8.396303e-01 -4.966684e-01
   outer loop
     vertex  8.581345e+00  2.552843e+01 -1.388627e+01
     vertex  4.882551e+00  2.501006e+01 -1.640000e+01
     vertex  4.683650e+00  2.722414e+01 -1.274510e+01
   endloop
 endfacet
 facet normal  3.748123e-01  7.988872e-01 -4.704201e-01
   outer loop
     vertex  8.581345e+00  2.552843e+01 -1.388627e+01
     vertex  1.204936e+01  2.242116e+01 -1.640000e+01
     vertex  9.736600e+00  2.350623e+01 -1.640000e+01
   endloop
 endfacet
 facet normal  2.913339e-01  8.063160e-01 -5.147612e-01
   outer loop
     vertex  8.581345e+00  2.552843e+01 -1.388627e+01
     vertex  9.736600e+00  2.350623e+01 -1.640000e+01
     vertex  7.333969e+00  2.437434e+01 -1.640000e+01
   endloop
 endfacet
 facet normal  3.285063e-01  7.930844e-01 -5.129334e-01
   outer loop
     vertex  8.581345e+00  2.552843e+01 -1.388627e+01
     vertex  9.846113e+00  2.751803e+01 -1.000000e+01
     vertex  1.249593e+01  2.642044e+01 -1.000000e+01
   endloop
 endfacet
 facet normal  2.542860e-01  8.248013e-01 -5.050163e-01
   outer loop
     vertex  8.581345e+00  2.552843e+01 -1.388627e+01
     vertex  7.227792e+00  2.748486e+01 -1.137255e+01
     vertex  9.846113e+00  2.751803e+01 -1.000000e+01
   endloop
 endfacet
 facet normal  2.542860e-01 -8.248013e-01 -5.050163e-01
   outer loop
     vertex  8.581345e+00 -2.552843e+01 -1.388627e+01
     vertex  9.846113e+00 -2.751803e+01 -1.000000e+01
     vertex  7.227792e+00 -2.748486e+01 -1.137255e+01
   endloop
 endfacet
 facet normal  2.023369e-01 -8.226546e-01 -5.313183e-01
   outer loop
     vertex  8.581345e+00 -2.552843e+01 -1.388627e+01
     vertex  7.227792e+00 -2.748486e+01 -1.137255e+01
     vertex  4.683650e+00 -2.722414e+01 -1.274510e+01
   endloop
 endfacet
 facet normal  2.198671e-01 -8.396303e-01 -4.966684e-01
   outer loop
     vertex  8.581345e+00 -2.552843e+01 -1.388627e+01
     vertex  4.683650e+00 -2.722414e+01 -1.274510e+01
     vertex  4.882551e+00 -2.501006e+01 -1.640000e+01
   endloop
 endfacet
 facet normal  3.748123e-01 -7.988872e-01 -4.704201e-01
   outer loop
     vertex  8.581345e+00 -2.552843e+01 -1.388627e+01
     vertex  9.736600e+00 -2.350623e+01 -1.640000e+01
     vertex  1.204936e+01 -2.242116e+01 -1.640000e+01
   endloop
 endfacet
 facet normal  2.913339e-01 -8.063160e-01 -5.147612e-01
   outer loop
     vertex  8.581345e+00 -2.552843e+01 -1.388627e+01
     vertex  7.333969e+00 -2.437434e+01 -1.640000e+01
     vertex  9.736600e+00 -2.350623e+01 -1.640000e+01
   endloop
 endfacet
 facet normal  2.181791e-01 -8.413283e-01 -4.945347e-01
   outer loop
     vertex  8.581345e+00 -2.552843e+01 -1.388627e+01
     vertex  4.882551e+00 -2.501006e+01 -1.640000e+01
     vertex  7.333969e+00 -2.437434e+01 -1.640000e+01
   endloop
 endfacet
 facet normal  3.327743e-01 -7.890991e-01 -5.163177e-01
   outer loop
     vertex  8.581345e+00 -2.552843e+01 -1.388627e+01
     vertex  1.204936e+01 -2.242116e+01 -1.640000e+01
     vertex  1.249593e+01 -2.642044e+01 -1.000000e+01
   endloop
 endfacet
 facet normal  3.285063e-01 -7.930844e-01 -5.129334e-01
   outer loop
     vertex  8.581345e+00 -2.552843e+01 -1.388627e+01
     vertex  1.249593e+01 -2.642044e+01 -1.000000e+01
     vertex  9.846113e+00 -2.751803e+01 -1.000000e+01
   endloop
 endfacet
endsolid
